2026-10-08T07:57:21.0593181Z Current runner version: '2.337.0'
2026-10-08T07:57:21.0618416Z ##[group]Runner Image Provisioner
2026-10-08T07:57:21.0619281Z Hosted Compute Agent
2026-10-08T07:57:21.0619956Z Version: 20261002.596
2026-10-08T07:57:21.0620604Z Commit: c3d12f3313a95f25162a1503be624f3b0617f8c0
2026-10-08T07:57:21.0621315Z Build Date: 2026-10-02T22:28:27Z
2026-10-08T07:57:21.0622136Z Worker ID: {1e6f6c6b-8957-45a8-b494-8edc1b75b189}
2026-10-08T07:57:21.0623231Z Region: westus
2026-10-08T07:57:21.0624183Z Cloud: Azure
2026-10-08T07:57:21.0624776Z ##[endgroup]
2026-10-08T07:57:21.0626440Z ##[group]Operating System
2026-10-08T07:57:21.0627652Z Ubuntu
2026-10-08T07:57:21.0628184Z 24.04.5
2026-10-08T07:57:21.0628718Z LTS
2026-10-08T07:57:21.0629250Z ##[endgroup]
2026-10-08T07:57:21.0629836Z ##[group]Runner Image
2026-10-08T07:57:21.0630524Z Image: ubuntu-24.04
2026-10-08T07:57:21.0631087Z Version: 20261004.327.1
2026-10-08T07:57:21.0632397Z Included Software: https://github.com/actions/runner-images/blob/ubuntu24/20261004.327/images/ubuntu/Ubuntu2404-Readme.md
2026-10-08T07:57:21.0634187Z Image Release: https://github.com/actions/runner-images/releases/tag/ubuntu24%2F20261004.327
2026-10-08T07:57:21.0635229Z ##[endgroup]
2026-10-08T07:57:21.0636386Z ##[group]GITHUB_TOKEN Permissions
2026-10-08T07:57:21.0638376Z Contents: read
2026-10-08T07:57:21.0639032Z Metadata: read
2026-10-08T07:57:21.0639667Z ##[endgroup]
2026-10-08T07:57:21.0641803Z Secret source: Actions
2026-10-08T07:57:21.0643057Z Cache mode: write
2026-10-08T07:57:21.0643810Z Prepare workflow directory
2026-10-08T07:57:21.1115289Z Prepare all required actions
2026-10-08T07:57:21.1164682Z Getting action download info
2026-10-08T07:57:21.4978009Z Download action repository 'actions/checkout@9c091bb21b7c1c1d1991bb908d89e4e9dddfe3e0' (SHA:9c091bb21b7c1c1d1991bb908d89e4e9dddfe3e0)
2026-10-08T07:57:21.6228647Z Download action repository 'dtolnay/rust-toolchain@29eef336d9b2848a0b548edc03f92a220660cdb8' (SHA:29eef336d9b2848a0b548edc03f92a220660cdb8)
2026-10-08T07:57:21.8548542Z Download action repository 'actions/download-artifact@95815c38cf2ff2164869cbab79da8d1f422bc89e' (SHA:95815c38cf2ff2164869cbab79da8d1f422bc89e)
2026-10-08T07:57:22.3056013Z Download action repository 'actions/setup-node@48b55a011bda9f5d6aeb4c2d9c7362e8dae4041e' (SHA:48b55a011bda9f5d6aeb4c2d9c7362e8dae4041e)
2026-10-08T07:57:22.5556206Z Download action repository 'actions/upload-artifact@043fb46d1a93c77aae656e7c1c64a875d1fc6a0a' (SHA:043fb46d1a93c77aae656e7c1c64a875d1fc6a0a)
2026-10-08T07:57:22.8261023Z Complete job name: native-profile (after-integration-1)
2026-10-08T07:57:22.8999824Z ##[group]Run campaign="/opt/purrdf-native-profile/$GITHUB_RUN_ID-$GITHUB_RUN_ATTEMPT"
2026-10-08T07:57:22.9001097Z [36;1mcampaign="/opt/purrdf-native-profile/$GITHUB_RUN_ID-$GITHUB_RUN_ATTEMPT"[0m
2026-10-08T07:57:22.9001928Z [36;1msudo mkdir -p "$campaign"[0m
2026-10-08T07:57:22.9002545Z [36;1msudo chown -R "$(id -u):$(id -g)" "$campaign"[0m
2026-10-08T07:57:22.9003456Z [36;1mdate +%s%N > "$campaign/setup-start.txt"[0m
2026-10-08T07:57:22.9004140Z [36;1mmkdir -p "$campaign/after-integration-1"[0m
2026-10-08T07:57:22.9004989Z [36;1mcp "$campaign/setup-start.txt" "$campaign/after-integration-1/setup-start.txt"[0m
2026-10-08T07:57:22.9005968Z [36;1mdf -h /opt > "$campaign/after-integration-1/setup-disk-before.txt"[0m
2026-10-08T07:57:22.9267824Z shell: /usr/bin/bash -e {0}
2026-10-08T07:57:22.9269219Z env:
2026-10-08T07:57:22.9269794Z   CARGO_BUILD_JOBS: 8
2026-10-08T07:57:22.9271044Z   PURRDF_REQUIRE_SIMD_PATHS: distance:portable,distance:sse2,blake3:sse2,deflate:sse2,csv:sse2
2026-10-08T07:57:22.9272351Z ##[endgroup]
2026-10-08T07:57:22.9888598Z ##[group]Run sudo rm -rf /usr/share/dotnet /opt/ghc /usr/local/lib/android /usr/share/swift
2026-10-08T07:57:22.9889762Z [36;1msudo rm -rf /usr/share/dotnet /opt/ghc /usr/local/lib/android /usr/share/swift[0m
2026-10-08T07:57:22.9891026Z [36;1mdf -h /opt > "/opt/purrdf-native-profile/$GITHUB_RUN_ID-$GITHUB_RUN_ATTEMPT/after-integration-1/setup-disk-after.txt"[0m
2026-10-08T07:57:22.9953536Z shell: /usr/bin/bash -e {0}
2026-10-08T07:57:22.9954049Z env:
2026-10-08T07:57:22.9954453Z   CARGO_BUILD_JOBS: 8
2026-10-08T07:57:22.9955223Z   PURRDF_REQUIRE_SIMD_PATHS: distance:portable,distance:sse2,blake3:sse2,deflate:sse2,csv:sse2
2026-10-08T07:57:22.9956093Z ##[endgroup]
2026-10-08T07:59:17.2966818Z ##[group]Run actions/checkout@9c091bb21b7c1c1d1991bb908d89e4e9dddfe3e0
2026-10-08T07:59:17.2967266Z with:
2026-10-08T07:59:17.2967490Z   persist-credentials: false
2026-10-08T07:59:17.2967769Z   repository: Blackcat-Informatics/purrdf
2026-10-08T07:59:17.2970842Z   token: ***
2026-10-08T07:59:17.2971062Z   ssh-strict: true
2026-10-08T07:59:17.2971300Z   ssh-user: git
2026-10-08T07:59:17.2971497Z   clean: true
2026-10-08T07:59:17.2971718Z   sparse-checkout-cone-mode: true
2026-10-08T07:59:17.2971982Z   fetch-depth: 1
2026-10-08T07:59:17.2972181Z   fetch-tags: false
2026-10-08T07:59:17.2972396Z   show-progress: true
2026-10-08T07:59:17.2972925Z   lfs: false
2026-10-08T07:59:17.2973147Z   submodules: false
2026-10-08T07:59:17.2973385Z   set-safe-directory: true
2026-10-08T07:59:17.2973683Z   allow-unsafe-pr-checkout: false
2026-10-08T07:59:17.2973948Z env:
2026-10-08T07:59:17.2974134Z   CARGO_BUILD_JOBS: 8
2026-10-08T07:59:17.2974590Z   PURRDF_REQUIRE_SIMD_PATHS: distance:portable,distance:sse2,blake3:sse2,deflate:sse2,csv:sse2
2026-10-08T07:59:17.2975091Z ##[endgroup]
2026-10-08T07:59:17.3930103Z Syncing repository: Blackcat-Informatics/purrdf
2026-10-08T07:59:17.3931489Z ##[group]Getting Git version info
2026-10-08T07:59:17.3931882Z Working directory is '/home/runner/work/purrdf/purrdf'
2026-10-08T07:59:17.3932495Z [command]/usr/bin/git version
2026-10-08T07:59:17.3994057Z git version 2.55.0
2026-10-08T07:59:17.4015212Z ##[endgroup]
2026-10-08T07:59:17.4026307Z Temporarily overriding HOME='/home/runner/work/_temp/6a2257db-c80f-453b-8838-cb9fa9056633' before making global git config changes
2026-10-08T07:59:17.4027696Z Adding repository directory to the temporary git global config as a safe directory
2026-10-08T07:59:17.4032156Z [command]/usr/bin/git config --global --add safe.directory /home/runner/work/purrdf/purrdf
2026-10-08T07:59:17.4079649Z Deleting the contents of '/home/runner/work/purrdf/purrdf'
2026-10-08T07:59:17.4083273Z ##[group]Determining repository object format
2026-10-08T07:59:17.4085159Z ##[endgroup]
2026-10-08T07:59:17.4085772Z ##[group]Initializing the repository
2026-10-08T07:59:17.4089652Z [command]/usr/bin/git init /home/runner/work/purrdf/purrdf
2026-10-08T07:59:17.4210497Z hint: Using 'master' as the name for the initial branch. This default branch name
2026-10-08T07:59:17.4211609Z hint: will change to "main" in Git 3.0. To configure the initial branch name
2026-10-08T07:59:17.4213108Z hint: to use in all of your new repositories, which will suppress this warning,
2026-10-08T07:59:17.4213865Z hint: call:
2026-10-08T07:59:17.4214197Z hint:
2026-10-08T07:59:17.4214717Z hint: 	git config --global init.defaultBranch <name>
2026-10-08T07:59:17.4215268Z hint:
2026-10-08T07:59:17.4215858Z hint: Names commonly chosen instead of 'master' are 'main', 'trunk' and
2026-10-08T07:59:17.4216881Z hint: 'development'. The just-created branch can be renamed via this command:
2026-10-08T07:59:17.4217638Z hint:
2026-10-08T07:59:17.4218082Z hint: 	git branch -m <name>
2026-10-08T07:59:17.4218557Z hint:
2026-10-08T07:59:17.4219282Z hint: Disable this message with "git config set advice.defaultBranchName false"
2026-10-08T07:59:17.4220338Z Initialized empty Git repository in /home/runner/work/purrdf/purrdf/.git/
2026-10-08T07:59:17.4227031Z [command]/usr/bin/git remote add origin https://github.com/Blackcat-Informatics/purrdf
2026-10-08T07:59:17.4271457Z ##[endgroup]
2026-10-08T07:59:17.4271895Z ##[group]Disabling automatic garbage collection
2026-10-08T07:59:17.4275803Z [command]/usr/bin/git config --local gc.auto 0
2026-10-08T07:59:17.4305232Z ##[endgroup]
2026-10-08T07:59:17.4305863Z ##[group]Setting up auth
2026-10-08T07:59:17.4306364Z Removing SSH command configuration
2026-10-08T07:59:17.4311892Z [command]/usr/bin/git config --local --name-only --get-regexp core\.sshCommand
2026-10-08T07:59:17.4343002Z [command]/usr/bin/git submodule foreach --recursive sh -c "git config --local --name-only --get-regexp 'core\.sshCommand' && git config --local --unset-all 'core.sshCommand' || :"
2026-10-08T07:59:17.4682961Z Removing HTTP extra header
2026-10-08T07:59:17.4688486Z [command]/usr/bin/git config --local --name-only --get-regexp http\.https\:\/\/github\.com\/\.extraheader
2026-10-08T07:59:17.4718689Z [command]/usr/bin/git submodule foreach --recursive sh -c "git config --local --name-only --get-regexp 'http\.https\:\/\/github\.com\/\.extraheader' && git config --local --unset-all 'http.https://github.com/.extraheader' || :"
2026-10-08T07:59:17.4932531Z Removing includeIf entries pointing to credentials config files
2026-10-08T07:59:17.4938270Z [command]/usr/bin/git config --local --name-only --get-regexp ^includeIf\.gitdir:
2026-10-08T07:59:17.4998300Z [command]/usr/bin/git submodule foreach --recursive git config --local --show-origin --name-only --get-regexp remote.origin.url
2026-10-08T07:59:17.5220770Z [command]/usr/bin/git config --file /home/runner/work/_temp/git-credentials-373c14a4-9b67-47be-877f-c49ccdb50364.config http.https://github.com/.extraheader AUTHORIZATION: basic ***
2026-10-08T07:59:17.5256113Z [command]/usr/bin/git config --local includeIf.gitdir:/home/runner/work/purrdf/purrdf/.git.path /home/runner/work/_temp/git-credentials-373c14a4-9b67-47be-877f-c49ccdb50364.config
2026-10-08T07:59:17.5285574Z [command]/usr/bin/git config --local includeIf.gitdir:/home/runner/work/purrdf/purrdf/.git/worktrees/*.path /home/runner/work/_temp/git-credentials-373c14a4-9b67-47be-877f-c49ccdb50364.config
2026-10-08T07:59:17.5316572Z [command]/usr/bin/git config --local includeIf.gitdir:/github/workspace/.git.path /github/runner_temp/git-credentials-373c14a4-9b67-47be-877f-c49ccdb50364.config
2026-10-08T07:59:17.5346271Z [command]/usr/bin/git config --local includeIf.gitdir:/github/workspace/.git/worktrees/*.path /github/runner_temp/git-credentials-373c14a4-9b67-47be-877f-c49ccdb50364.config
2026-10-08T07:59:17.5371740Z ##[endgroup]
2026-10-08T07:59:17.5372376Z ##[group]Fetching the repository
2026-10-08T07:59:17.5379044Z [command]/usr/bin/git -c protocol.version=2 fetch --no-tags --prune --no-recurse-submodules --depth=1 origin +221b1ace8bd30e010dba6b9d732cfc9ff576a0ed:refs/remotes/origin/paudley/308-reduce-native-ci-test-compilation-and-c
2026-10-08T07:59:22.6454442Z From https://github.com/Blackcat-Informatics/purrdf
2026-10-08T07:59:22.6455851Z  * [new ref]           221b1ace8bd30e010dba6b9d732cfc9ff576a0ed -> origin/paudley/308-reduce-native-ci-test-compilation-and-c
2026-10-08T07:59:22.6463675Z [command]/usr/bin/git branch --list --remote origin/paudley/308-reduce-native-ci-test-compilation-and-c
2026-10-08T07:59:22.6493957Z   origin/paudley/308-reduce-native-ci-test-compilation-and-c
2026-10-08T07:59:22.6504214Z [command]/usr/bin/git rev-parse refs/remotes/origin/paudley/308-reduce-native-ci-test-compilation-and-c
2026-10-08T07:59:22.6530514Z 221b1ace8bd30e010dba6b9d732cfc9ff576a0ed
2026-10-08T07:59:22.6535778Z ##[endgroup]
2026-10-08T07:59:22.6536190Z ##[group]Determining the checkout info
2026-10-08T07:59:22.6537341Z ##[endgroup]
2026-10-08T07:59:22.6541686Z [command]/usr/bin/git sparse-checkout disable
2026-10-08T07:59:22.6591515Z [command]/usr/bin/git config --local --unset-all extensions.worktreeConfig
2026-10-08T07:59:22.6619954Z ##[group]Checking out the ref
2026-10-08T07:59:22.6624818Z [command]/usr/bin/git checkout --progress --force -B paudley/308-reduce-native-ci-test-compilation-and-c refs/remotes/origin/paudley/308-reduce-native-ci-test-compilation-and-c
2026-10-08T07:59:23.6931929Z Updating files:  62% (11235/18055)
2026-10-08T07:59:23.7167363Z Updating files:  63% (11375/18055)
2026-10-08T07:59:23.7265051Z Updating files:  64% (11556/18055)
2026-10-08T07:59:23.7331500Z Updating files:  65% (11736/18055)
2026-10-08T07:59:23.7403536Z Updating files:  66% (11917/18055)
2026-10-08T07:59:23.7477289Z Updating files:  67% (12097/18055)
2026-10-08T07:59:23.7555692Z Updating files:  68% (12278/18055)
2026-10-08T07:59:23.7617126Z Updating files:  69% (12458/18055)
2026-10-08T07:59:23.7675548Z Updating files:  70% (12639/18055)
2026-10-08T07:59:23.7741689Z Updating files:  71% (12820/18055)
2026-10-08T07:59:23.7805098Z Updating files:  72% (13000/18055)
2026-10-08T07:59:23.7872190Z Updating files:  73% (13181/18055)
2026-10-08T07:59:23.7936572Z Updating files:  74% (13361/18055)
2026-10-08T07:59:23.7998577Z Updating files:  75% (13542/18055)
2026-10-08T07:59:23.8063346Z Updating files:  76% (13722/18055)
2026-10-08T07:59:23.8168674Z Updating files:  77% (13903/18055)
2026-10-08T07:59:23.8270503Z Updating files:  78% (14083/18055)
2026-10-08T07:59:23.8357229Z Updating files:  79% (14264/18055)
2026-10-08T07:59:23.8419113Z Updating files:  80% (14444/18055)
2026-10-08T07:59:23.8481225Z Updating files:  81% (14625/18055)
2026-10-08T07:59:23.8540326Z Updating files:  82% (14806/18055)
2026-10-08T07:59:23.8640934Z Updating files:  83% (14986/18055)
2026-10-08T07:59:23.8704944Z Updating files:  84% (15167/18055)
2026-10-08T07:59:23.8766773Z Updating files:  85% (15347/18055)
2026-10-08T07:59:23.8836418Z Updating files:  86% (15528/18055)
2026-10-08T07:59:23.8898594Z Updating files:  87% (15708/18055)
2026-10-08T07:59:23.8959633Z Updating files:  88% (15889/18055)
2026-10-08T07:59:23.9028122Z Updating files:  89% (16069/18055)
2026-10-08T07:59:23.9091859Z Updating files:  90% (16250/18055)
2026-10-08T07:59:23.9155730Z Updating files:  91% (16431/18055)
2026-10-08T07:59:23.9221798Z Updating files:  92% (16611/18055)
2026-10-08T07:59:23.9288779Z Updating files:  93% (16792/18055)
2026-10-08T07:59:23.9354839Z Updating files:  94% (16972/18055)
2026-10-08T07:59:23.9424328Z Updating files:  95% (17153/18055)
2026-10-08T07:59:23.9495093Z Updating files:  96% (17333/18055)
2026-10-08T07:59:23.9566203Z Updating files:  97% (17514/18055)
2026-10-08T07:59:23.9640007Z Updating files:  98% (17694/18055)
2026-10-08T07:59:23.9710379Z Updating files:  99% (17875/18055)
2026-10-08T07:59:23.9710920Z Updating files: 100% (18055/18055)
2026-10-08T07:59:23.9711426Z Updating files: 100% (18055/18055), done.
2026-10-08T07:59:23.9895699Z Switched to a new branch 'paudley/308-reduce-native-ci-test-compilation-and-c'
2026-10-08T07:59:23.9902293Z branch 'paudley/308-reduce-native-ci-test-compilation-and-c' set up to track 'origin/paudley/308-reduce-native-ci-test-compilation-and-c'.
2026-10-08T07:59:23.9927921Z ##[endgroup]
2026-10-08T07:59:23.9972070Z [command]/usr/bin/git log -1 --format=%H
2026-10-08T07:59:23.9995855Z 221b1ace8bd30e010dba6b9d732cfc9ff576a0ed
2026-10-08T07:59:24.0005009Z ##[group]Removing auth
2026-10-08T07:59:24.0005440Z Removing SSH command configuration
2026-10-08T07:59:24.0008850Z [command]/usr/bin/git config --local --name-only --get-regexp core\.sshCommand
2026-10-08T07:59:24.0037600Z [command]/usr/bin/git submodule foreach --recursive sh -c "git config --local --name-only --get-regexp 'core\.sshCommand' && git config --local --unset-all 'core.sshCommand' || :"
2026-10-08T07:59:24.0270747Z Removing HTTP extra header
2026-10-08T07:59:24.0274783Z [command]/usr/bin/git config --local --name-only --get-regexp http\.https\:\/\/github\.com\/\.extraheader
2026-10-08T07:59:24.0303917Z [command]/usr/bin/git submodule foreach --recursive sh -c "git config --local --name-only --get-regexp 'http\.https\:\/\/github\.com\/\.extraheader' && git config --local --unset-all 'http.https://github.com/.extraheader' || :"
2026-10-08T07:59:24.0529854Z Removing includeIf entries pointing to credentials config files
2026-10-08T07:59:24.0534050Z [command]/usr/bin/git config --local --name-only --get-regexp ^includeIf\.gitdir:
2026-10-08T07:59:24.0561741Z includeif.gitdir:/home/runner/work/purrdf/purrdf/.git.path
2026-10-08T07:59:24.0562543Z includeif.gitdir:/home/runner/work/purrdf/purrdf/.git/worktrees/*.path
2026-10-08T07:59:24.0563812Z includeif.gitdir:/github/workspace/.git.path
2026-10-08T07:59:24.0564600Z includeif.gitdir:/github/workspace/.git/worktrees/*.path
2026-10-08T07:59:24.0574442Z [command]/usr/bin/git config --local --get-all includeif.gitdir:/home/runner/work/purrdf/purrdf/.git.path
2026-10-08T07:59:24.0599205Z /home/runner/work/_temp/git-credentials-373c14a4-9b67-47be-877f-c49ccdb50364.config
2026-10-08T07:59:24.0608655Z [command]/usr/bin/git config --local --unset includeif.gitdir:/home/runner/work/purrdf/purrdf/.git.path /home/runner/work/_temp/git-credentials-373c14a4-9b67-47be-877f-c49ccdb50364.config
2026-10-08T07:59:24.0644667Z [command]/usr/bin/git config --local --get-all includeif.gitdir:/home/runner/work/purrdf/purrdf/.git/worktrees/*.path
2026-10-08T07:59:24.0665700Z /home/runner/work/_temp/git-credentials-373c14a4-9b67-47be-877f-c49ccdb50364.config
2026-10-08T07:59:24.0678111Z [command]/usr/bin/git config --local --unset includeif.gitdir:/home/runner/work/purrdf/purrdf/.git/worktrees/*.path /home/runner/work/_temp/git-credentials-373c14a4-9b67-47be-877f-c49ccdb50364.config
2026-10-08T07:59:24.0707200Z [command]/usr/bin/git config --local --get-all includeif.gitdir:/github/workspace/.git.path
2026-10-08T07:59:24.0728505Z /github/runner_temp/git-credentials-373c14a4-9b67-47be-877f-c49ccdb50364.config
2026-10-08T07:59:24.0735818Z [command]/usr/bin/git config --local --unset includeif.gitdir:/github/workspace/.git.path /github/runner_temp/git-credentials-373c14a4-9b67-47be-877f-c49ccdb50364.config
2026-10-08T07:59:24.0767427Z [command]/usr/bin/git config --local --get-all includeif.gitdir:/github/workspace/.git/worktrees/*.path
2026-10-08T07:59:24.0787212Z /github/runner_temp/git-credentials-373c14a4-9b67-47be-877f-c49ccdb50364.config
2026-10-08T07:59:24.0795716Z [command]/usr/bin/git config --local --unset includeif.gitdir:/github/workspace/.git/worktrees/*.path /github/runner_temp/git-credentials-373c14a4-9b67-47be-877f-c49ccdb50364.config
2026-10-08T07:59:24.0826179Z [command]/usr/bin/git submodule foreach --recursive git config --local --show-origin --name-only --get-regexp remote.origin.url
2026-10-08T07:59:24.1051824Z Removing credentials config '/home/runner/work/_temp/git-credentials-373c14a4-9b67-47be-877f-c49ccdb50364.config'
2026-10-08T07:59:24.1062470Z ##[endgroup]
2026-10-08T07:59:24.1308334Z ##[group]Run dtolnay/rust-toolchain@29eef336d9b2848a0b548edc03f92a220660cdb8
2026-10-08T07:59:24.1308766Z with:
2026-10-08T07:59:24.1308967Z   toolchain: nightly
2026-10-08T07:59:24.1309177Z env:
2026-10-08T07:59:24.1309359Z   CARGO_BUILD_JOBS: 8
2026-10-08T07:59:24.1309759Z   PURRDF_REQUIRE_SIMD_PATHS: distance:portable,distance:sse2,blake3:sse2,deflate:sse2,csv:sse2
2026-10-08T07:59:24.1310220Z ##[endgroup]
2026-10-08T07:59:24.1380335Z ##[start-action display=Run : parse toolchain version;id=__dtolnay_rust-toolchain.parse]
2026-10-08T07:59:24.1405738Z ##[group]Run : parse toolchain version
2026-10-08T07:59:24.1406068Z [36;1m: parse toolchain version[0m
2026-10-08T07:59:24.1406349Z [36;1mif [[ -z $toolchain ]]; then[0m
2026-10-08T07:59:24.1406870Z [36;1m  # GitHub does not enforce `required: true` inputs itself. https://github.com/actions/runner/issues/1070[0m
2026-10-08T07:59:24.1407459Z [36;1m  echo "'toolchain' is a required input" >&2[0m
2026-10-08T07:59:24.1407803Z [36;1m  exit 1[0m
2026-10-08T07:59:24.1408148Z [36;1melif [[ $toolchain =~ ^stable' '[0-9]+' '(year|month|week|day)s?' 'ago$ ]]; then[0m
2026-10-08T07:59:24.1408572Z [36;1m  if [[ Linux == macOS ]]; then[0m
2026-10-08T07:59:24.1409112Z [36;1m    echo "toolchain=1.$((($(date -v-$(sed 's/stable \([0-9]*\) \(.\).*/\1\2/' <<< $toolchain) +%s)/60/60/24-16569)/7/6))" >> $GITHUB_OUTPUT[0m
2026-10-08T07:59:24.1409637Z [36;1m  else[0m
2026-10-08T07:59:24.1410048Z [36;1m    echo "toolchain=1.$((($(date --date "${toolchain#stable }" +%s)/60/60/24-16569)/7/6))" >> $GITHUB_OUTPUT[0m
2026-10-08T07:59:24.1410522Z [36;1m  fi[0m
2026-10-08T07:59:24.1410827Z [36;1melif [[ $toolchain =~ ^stable' 'minus' '[0-9]+' 'releases?$ ]]; then[0m
2026-10-08T07:59:24.1411372Z [36;1m  echo "toolchain=1.$((($(date +%s)/60/60/24-16569)/7/6-${toolchain//[^0-9]/}))" >> $GITHUB_OUTPUT[0m
2026-10-08T07:59:24.1412006Z [36;1melif [[ $toolchain =~ ^1\.[0-9]+$ ]]; then[0m
2026-10-08T07:59:24.1412551Z [36;1m  echo "toolchain=1.$((i=${toolchain#1.}, c=($(date +%s)/60/60/24-16569)/7/6, i+9*i*(10*i<=c)+90*i*(100*i<=c)))" >> $GITHUB_OUTPUT[0m
2026-10-08T07:59:24.1413229Z [36;1melse[0m
2026-10-08T07:59:24.1413489Z [36;1m  echo "toolchain=$toolchain" >> $GITHUB_OUTPUT[0m
2026-10-08T07:59:24.1413802Z [36;1mfi[0m
2026-10-08T07:59:24.1479002Z shell: /usr/bin/bash --noprofile --norc -e -o pipefail {0}
2026-10-08T07:59:24.1479361Z env:
2026-10-08T07:59:24.1479555Z   CARGO_BUILD_JOBS: 8
2026-10-08T07:59:24.1479964Z   PURRDF_REQUIRE_SIMD_PATHS: distance:portable,distance:sse2,blake3:sse2,deflate:sse2,csv:sse2
2026-10-08T07:59:24.1480422Z   toolchain: nightly
2026-10-08T07:59:24.1480639Z ##[endgroup]
2026-10-08T07:59:24.1624748Z ##[end-action id=__dtolnay_rust-toolchain.parse;outcome=success;conclusion=success;duration_ms=24]
2026-10-08T07:59:24.1646067Z ##[start-action display=Run : construct rustup command line;id=__dtolnay_rust-toolchain.flags]
2026-10-08T07:59:24.1664014Z ##[group]Run : construct rustup command line
2026-10-08T07:59:24.1664358Z [36;1m: construct rustup command line[0m
2026-10-08T07:59:24.1664829Z [36;1mecho "targets=$(for t in ${targets//,/ }; do echo -n ' --target' $t; done)" >> $GITHUB_OUTPUT[0m
2026-10-08T07:59:24.1665481Z [36;1mecho "components=$(for c in ${components//,/ }; do echo -n ' --component' $c; done)" >> $GITHUB_OUTPUT[0m
2026-10-08T07:59:24.1665984Z [36;1mecho "downgrade=" >> $GITHUB_OUTPUT[0m
2026-10-08T07:59:24.1725950Z shell: /usr/bin/bash --noprofile --norc -e -o pipefail {0}
2026-10-08T07:59:24.1726292Z env:
2026-10-08T07:59:24.1726478Z   CARGO_BUILD_JOBS: 8
2026-10-08T07:59:24.1726882Z   PURRDF_REQUIRE_SIMD_PATHS: distance:portable,distance:sse2,blake3:sse2,deflate:sse2,csv:sse2
2026-10-08T07:59:24.1727331Z   targets: 
2026-10-08T07:59:24.1727529Z   components: 
2026-10-08T07:59:24.1727725Z ##[endgroup]
2026-10-08T07:59:24.1820786Z ##[end-action id=__dtolnay_rust-toolchain.flags;outcome=success;conclusion=success;duration_ms=17]
2026-10-08T07:59:24.1824647Z ##[start-action display=Run : set $CARGO_HOME;id=__dtolnay_rust-toolchain.__run]
2026-10-08T07:59:24.1850055Z ##[group]Run : set $CARGO_HOME
2026-10-08T07:59:24.1850335Z [36;1m: set $CARGO_HOME[0m
2026-10-08T07:59:24.1850668Z [36;1mecho CARGO_HOME=${CARGO_HOME:-"$HOME/.cargo"} >> $GITHUB_ENV[0m
2026-10-08T07:59:24.1911708Z shell: /usr/bin/bash --noprofile --norc -e -o pipefail {0}
2026-10-08T07:59:24.1912060Z env:
2026-10-08T07:59:24.1912249Z   CARGO_BUILD_JOBS: 8
2026-10-08T07:59:24.1912932Z   PURRDF_REQUIRE_SIMD_PATHS: distance:portable,distance:sse2,blake3:sse2,deflate:sse2,csv:sse2
2026-10-08T07:59:24.1913415Z ##[endgroup]
2026-10-08T07:59:24.2000024Z ##[end-action id=__dtolnay_rust-toolchain.__run;outcome=success;conclusion=success;duration_ms=17]
2026-10-08T07:59:24.2002071Z ##[start-action display=Run : install rustup if needed;id=__dtolnay_rust-toolchain.__run_2]
2026-10-08T07:59:24.2025427Z ##[group]Run : install rustup if needed
2026-10-08T07:59:24.2025751Z [36;1m: install rustup if needed[0m
2026-10-08T07:59:24.2026066Z [36;1mif ! command -v rustup &>/dev/null; then[0m
2026-10-08T07:59:24.2026830Z [36;1m  curl --proto '=https' --tlsv1.2 --retry 10 --retry-connrefused --location --silent --show-error --fail https://sh.rustup.rs | sh -s -- --default-toolchain none -y[0m
2026-10-08T07:59:24.2027590Z [36;1m  echo "$CARGO_HOME/bin" >> $GITHUB_PATH[0m
2026-10-08T07:59:24.2027873Z [36;1mfi[0m
2026-10-08T07:59:24.2087564Z shell: /usr/bin/bash --noprofile --norc -e -o pipefail {0}
2026-10-08T07:59:24.2087907Z env:
2026-10-08T07:59:24.2088101Z   CARGO_BUILD_JOBS: 8
2026-10-08T07:59:24.2088507Z   PURRDF_REQUIRE_SIMD_PATHS: distance:portable,distance:sse2,blake3:sse2,deflate:sse2,csv:sse2
2026-10-08T07:59:24.2088978Z   CARGO_HOME: /home/runner/.cargo
2026-10-08T07:59:24.2089235Z ##[endgroup]
2026-10-08T07:59:24.2176274Z ##[end-action id=__dtolnay_rust-toolchain.__run_2;outcome=success;conclusion=success;duration_ms=17]
2026-10-08T07:59:24.2180018Z ##[start-action display=Run : install rustup if needed on windows;id=__dtolnay_rust-toolchain.__run_3]
2026-10-08T07:59:24.2186160Z ##[end-action id=__dtolnay_rust-toolchain.__run_3;outcome=skipped;conclusion=skipped;duration_ms=0]
2026-10-08T07:59:24.2189371Z ##[start-action display=rustup toolchain install nightly;id=__dtolnay_rust-toolchain.__run_4]
2026-10-08T07:59:24.2207078Z ##[group]Run rustup toolchain install nightly --profile minimal --no-self-update
2026-10-08T07:59:24.2207659Z [36;1mrustup toolchain install nightly --profile minimal --no-self-update[0m
2026-10-08T07:59:24.2268050Z shell: /usr/bin/bash --noprofile --norc -e -o pipefail {0}
2026-10-08T07:59:24.2268395Z env:
2026-10-08T07:59:24.2268586Z   CARGO_BUILD_JOBS: 8
2026-10-08T07:59:24.2268996Z   PURRDF_REQUIRE_SIMD_PATHS: distance:portable,distance:sse2,blake3:sse2,deflate:sse2,csv:sse2
2026-10-08T07:59:24.2269476Z   CARGO_HOME: /home/runner/.cargo
2026-10-08T07:59:24.2269747Z   RUSTUP_PERMIT_COPY_RENAME: 1
2026-10-08T07:59:24.2269995Z ##[endgroup]
2026-10-08T07:59:25.0781768Z info: syncing channel updates for nightly-x86_64-unknown-linux-gnu
2026-10-08T07:59:25.6517364Z info: latest update on 2026-10-08 for version 1.101.0-nightly (1d81eb4ad 2026-10-07)
2026-10-08T07:59:25.6518292Z info: downloading 3 components
2026-10-08T07:59:33.2830122Z 
2026-10-08T07:59:33.2898835Z   nightly-x86_64-unknown-linux-gnu installed - rustc 1.101.0-nightly (1d81eb4ad 2026-10-07)
2026-10-08T07:59:33.2899296Z 
2026-10-08T07:59:33.2958298Z ##[end-action id=__dtolnay_rust-toolchain.__run_4;outcome=success;conclusion=success;duration_ms=9076]
2026-10-08T07:59:33.2964133Z ##[start-action display=Run rustup default nightly;id=__dtolnay_rust-toolchain.__run_5]
2026-10-08T07:59:33.2983310Z ##[group]Run rustup default nightly
2026-10-08T07:59:33.2983629Z [36;1mrustup default nightly[0m
2026-10-08T07:59:33.3044249Z shell: /usr/bin/bash --noprofile --norc -e -o pipefail {0}
2026-10-08T07:59:33.3044600Z env:
2026-10-08T07:59:33.3044808Z   CARGO_BUILD_JOBS: 8
2026-10-08T07:59:33.3045444Z   PURRDF_REQUIRE_SIMD_PATHS: distance:portable,distance:sse2,blake3:sse2,deflate:sse2,csv:sse2
2026-10-08T07:59:33.3045928Z   CARGO_HOME: /home/runner/.cargo
2026-10-08T07:59:33.3046181Z ##[endgroup]
2026-10-08T07:59:33.3170767Z info: using existing install for nightly-x86_64-unknown-linux-gnu
2026-10-08T07:59:33.3178293Z info: default toolchain set to nightly-x86_64-unknown-linux-gnu
2026-10-08T07:59:33.3178637Z 
2026-10-08T07:59:33.3245439Z   nightly-x86_64-unknown-linux-gnu unchanged - rustc 1.101.0-nightly (1d81eb4ad 2026-10-07)
2026-10-08T07:59:33.3246077Z 
2026-10-08T07:59:33.3248621Z info: note that the toolchain 'nightly-x86_64-unknown-linux-gnu' is currently in use (overridden by '/home/runner/work/purrdf/purrdf/rust-toolchain.toml')
2026-10-08T07:59:33.3263284Z ##[end-action id=__dtolnay_rust-toolchain.__run_5;outcome=success;conclusion=success;duration_ms=29]
2026-10-08T07:59:33.3267978Z ##[start-action display=Run : create cachekey;id=__dtolnay_rust-toolchain.rustc-version]
2026-10-08T07:59:33.3287151Z ##[group]Run : create cachekey
2026-10-08T07:59:33.3287463Z [36;1m: create cachekey[0m
2026-10-08T07:59:33.3287994Z [36;1mDATE=$(rustc +nightly --version --verbose | sed -ne 's/^commit-date: \(20[0-9][0-9]\)-\([01][0-9]\)-\([0-3][0-9]\)$/\1\2\3/p')[0m
2026-10-08T07:59:33.3288692Z [36;1mHASH=$(rustc +nightly --version --verbose | sed -ne 's/^commit-hash: //p')[0m
2026-10-08T07:59:33.3289205Z [36;1mecho "cachekey=$(echo $DATE$HASH | head -c12)" >> $GITHUB_OUTPUT[0m
2026-10-08T07:59:33.3349870Z shell: /usr/bin/bash --noprofile --norc -e -o pipefail {0}
2026-10-08T07:59:33.3350222Z env:
2026-10-08T07:59:33.3350415Z   CARGO_BUILD_JOBS: 8
2026-10-08T07:59:33.3350823Z   PURRDF_REQUIRE_SIMD_PATHS: distance:portable,distance:sse2,blake3:sse2,deflate:sse2,csv:sse2
2026-10-08T07:59:33.3351307Z   CARGO_HOME: /home/runner/.cargo
2026-10-08T07:59:33.3351571Z ##[endgroup]
2026-10-08T07:59:33.3710699Z ##[end-action id=__dtolnay_rust-toolchain.rustc-version;outcome=success;conclusion=success;duration_ms=44]
2026-10-08T07:59:33.3713873Z ##[start-action display=Run : disable incremental compilation;id=__dtolnay_rust-toolchain.__run_6]
2026-10-08T07:59:33.3731811Z ##[group]Run : disable incremental compilation
2026-10-08T07:59:33.3732170Z [36;1m: disable incremental compilation[0m
2026-10-08T07:59:33.3732500Z [36;1mif [ -z "${CARGO_INCREMENTAL+set}" ]; then[0m
2026-10-08T07:59:33.3733179Z [36;1m  echo CARGO_INCREMENTAL=0 >> $GITHUB_ENV[0m
2026-10-08T07:59:33.3733468Z [36;1mfi[0m
2026-10-08T07:59:33.3794561Z shell: /usr/bin/bash --noprofile --norc -e -o pipefail {0}
2026-10-08T07:59:33.3794912Z env:
2026-10-08T07:59:33.3795111Z   CARGO_BUILD_JOBS: 8
2026-10-08T07:59:33.3795517Z   PURRDF_REQUIRE_SIMD_PATHS: distance:portable,distance:sse2,blake3:sse2,deflate:sse2,csv:sse2
2026-10-08T07:59:33.3795991Z   CARGO_HOME: /home/runner/.cargo
2026-10-08T07:59:33.3796252Z ##[endgroup]
2026-10-08T07:59:33.3886963Z ##[end-action id=__dtolnay_rust-toolchain.__run_6;outcome=success;conclusion=success;duration_ms=17]
2026-10-08T07:59:33.3889455Z ##[start-action display=Run : enable colors in Cargo output;id=__dtolnay_rust-toolchain.__run_7]
2026-10-08T07:59:33.3907264Z ##[group]Run : enable colors in Cargo output
2026-10-08T07:59:33.3907603Z [36;1m: enable colors in Cargo output[0m
2026-10-08T07:59:33.3907921Z [36;1mif [ -z "${CARGO_TERM_COLOR+set}" ]; then[0m
2026-10-08T07:59:33.3908267Z [36;1m  echo CARGO_TERM_COLOR=always >> $GITHUB_ENV[0m
2026-10-08T07:59:33.3908565Z [36;1mfi[0m
2026-10-08T07:59:33.3967154Z shell: /usr/bin/bash --noprofile --norc -e -o pipefail {0}
2026-10-08T07:59:33.3967495Z env:
2026-10-08T07:59:33.3967695Z   CARGO_BUILD_JOBS: 8
2026-10-08T07:59:33.3968109Z   PURRDF_REQUIRE_SIMD_PATHS: distance:portable,distance:sse2,blake3:sse2,deflate:sse2,csv:sse2
2026-10-08T07:59:33.3968576Z   CARGO_HOME: /home/runner/.cargo
2026-10-08T07:59:33.3968836Z   CARGO_INCREMENTAL: 0
2026-10-08T07:59:33.3969054Z ##[endgroup]
2026-10-08T07:59:33.4054341Z ##[end-action id=__dtolnay_rust-toolchain.__run_7;outcome=success;conclusion=success;duration_ms=16]
2026-10-08T07:59:33.4059442Z ##[start-action display=Run : enable Cargo sparse registry;id=__dtolnay_rust-toolchain.__run_8]
2026-10-08T07:59:33.4096959Z ##[group]Run : enable Cargo sparse registry
2026-10-08T07:59:33.4097304Z [36;1m: enable Cargo sparse registry[0m
2026-10-08T07:59:33.4097679Z [36;1m# implemented in 1.66, stabilized in 1.68, made default in 1.70[0m
2026-10-08T07:59:33.4098425Z [36;1mif [ -z "${CARGO_REGISTRIES_CRATES_IO_PROTOCOL+set}" -o -f "/home/runner/work/_temp"/.implicit_cargo_registries_crates_io_protocol ]; then[0m
2026-10-08T07:59:33.4099182Z [36;1m  if rustc +nightly --version --verbose | grep -q '^release: 1\.6[89]\.'; then[0m
2026-10-08T07:59:33.4099779Z [36;1m    touch "/home/runner/work/_temp"/.implicit_cargo_registries_crates_io_protocol || true[0m
2026-10-08T07:59:33.4100338Z [36;1m    echo CARGO_REGISTRIES_CRATES_IO_PROTOCOL=sparse >> $GITHUB_ENV[0m
2026-10-08T07:59:33.4100869Z [36;1m  elif rustc +nightly --version --verbose | grep -q '^release: 1\.6[67]\.'; then[0m
2026-10-08T07:59:33.4101463Z [36;1m    touch "/home/runner/work/_temp"/.implicit_cargo_registries_crates_io_protocol || true[0m
2026-10-08T07:59:33.4102008Z [36;1m    echo CARGO_REGISTRIES_CRATES_IO_PROTOCOL=git >> $GITHUB_ENV[0m
2026-10-08T07:59:33.4102365Z [36;1m  fi[0m
2026-10-08T07:59:33.4102816Z [36;1mfi[0m
2026-10-08T07:59:33.4161110Z shell: /usr/bin/bash --noprofile --norc -e -o pipefail {0}
2026-10-08T07:59:33.4161465Z env:
2026-10-08T07:59:33.4161663Z   CARGO_BUILD_JOBS: 8
2026-10-08T07:59:33.4162073Z   PURRDF_REQUIRE_SIMD_PATHS: distance:portable,distance:sse2,blake3:sse2,deflate:sse2,csv:sse2
2026-10-08T07:59:33.4162673Z   CARGO_HOME: /home/runner/.cargo
2026-10-08T07:59:33.4162939Z   CARGO_INCREMENTAL: 0
2026-10-08T07:59:33.4163160Z   CARGO_TERM_COLOR: always
2026-10-08T07:59:33.4163390Z ##[endgroup]
2026-10-08T07:59:33.4474545Z ##[end-action id=__dtolnay_rust-toolchain.__run_8;outcome=success;conclusion=success;duration_ms=41]
2026-10-08T07:59:33.4479192Z ##[start-action display=Run : work around spurious network errors in curl 8.0;id=__dtolnay_rust-toolchain.__run_9]
2026-10-08T07:59:33.4497757Z ##[group]Run : work around spurious network errors in curl 8.0
2026-10-08T07:59:33.4498207Z [36;1m: work around spurious network errors in curl 8.0[0m
2026-10-08T07:59:33.4498770Z [36;1m# https://rust-lang.zulipchat.com/#narrow/stream/246057-t-cargo/topic/timeout.20investigation[0m
2026-10-08T07:59:33.4499430Z [36;1mif rustc +nightly --version --verbose | grep -q '^release: 1\.7[01]\.'; then[0m
2026-10-08T07:59:33.4499917Z [36;1m  echo CARGO_HTTP_MULTIPLEXING=false >> $GITHUB_ENV[0m
2026-10-08T07:59:33.4500246Z [36;1mfi[0m
2026-10-08T07:59:33.4560314Z shell: /usr/bin/bash --noprofile --norc -e -o pipefail {0}
2026-10-08T07:59:33.4560666Z env:
2026-10-08T07:59:33.4560862Z   CARGO_BUILD_JOBS: 8
2026-10-08T07:59:33.4561280Z   PURRDF_REQUIRE_SIMD_PATHS: distance:portable,distance:sse2,blake3:sse2,deflate:sse2,csv:sse2
2026-10-08T07:59:33.4561785Z   CARGO_HOME: /home/runner/.cargo
2026-10-08T07:59:33.4562054Z   CARGO_INCREMENTAL: 0
2026-10-08T07:59:33.4562291Z   CARGO_TERM_COLOR: always
2026-10-08T07:59:33.4562520Z ##[endgroup]
2026-10-08T07:59:33.4759191Z ##[end-action id=__dtolnay_rust-toolchain.__run_9;outcome=success;conclusion=success;duration_ms=27]
2026-10-08T07:59:33.4763298Z ##[start-action display=Run rustc +nightly --version --verbose;id=__dtolnay_rust-toolchain.__run_10]
2026-10-08T07:59:33.4781179Z ##[group]Run rustc +nightly --version --verbose
2026-10-08T07:59:33.4781554Z [36;1mrustc +nightly --version --verbose[0m
2026-10-08T07:59:33.4843952Z shell: /usr/bin/bash --noprofile --norc -e -o pipefail {0}
2026-10-08T07:59:33.4844310Z env:
2026-10-08T07:59:33.4844505Z   CARGO_BUILD_JOBS: 8
2026-10-08T07:59:33.4844921Z   PURRDF_REQUIRE_SIMD_PATHS: distance:portable,distance:sse2,blake3:sse2,deflate:sse2,csv:sse2
2026-10-08T07:59:33.4845402Z   CARGO_HOME: /home/runner/.cargo
2026-10-08T07:59:33.4845684Z   CARGO_INCREMENTAL: 0
2026-10-08T07:59:33.4845909Z   CARGO_TERM_COLOR: always
2026-10-08T07:59:33.4846134Z ##[endgroup]
2026-10-08T07:59:33.5039410Z rustc 1.101.0-nightly (1d81eb4ad 2026-10-07)
2026-10-08T07:59:33.5040497Z binary: rustc
2026-10-08T07:59:33.5041128Z commit-hash: 1d81eb4ad9cd207e3e638bd32b17ec4fce8412a6
2026-10-08T07:59:33.5041946Z commit-date: 2026-10-07
2026-10-08T07:59:33.5042382Z host: x86_64-unknown-linux-gnu
2026-10-08T07:59:33.5043082Z release: 1.101.0-nightly
2026-10-08T07:59:33.5043464Z LLVM version: 23.1.3
2026-10-08T07:59:33.5056390Z ##[end-action id=__dtolnay_rust-toolchain.__run_10;outcome=success;conclusion=success;duration_ms=29]
2026-10-08T07:59:33.5134243Z ##[group]Run actions/download-artifact@95815c38cf2ff2164869cbab79da8d1f422bc89e
2026-10-08T07:59:33.5134704Z with:
2026-10-08T07:59:33.5134948Z   name: native-profile-37746157677-1-admission
2026-10-08T07:59:33.5135311Z   path: /opt/purrdf-native-profile/37746157677-1
2026-10-08T07:59:33.5135635Z   merge-multiple: false
2026-10-08T07:59:33.5135907Z   repository: Blackcat-Informatics/purrdf
2026-10-08T07:59:33.5136185Z   run-id: 37746157677
2026-10-08T07:59:33.5136389Z env:
2026-10-08T07:59:33.5136569Z   CARGO_BUILD_JOBS: 8
2026-10-08T07:59:33.5136966Z   PURRDF_REQUIRE_SIMD_PATHS: distance:portable,distance:sse2,blake3:sse2,deflate:sse2,csv:sse2
2026-10-08T07:59:33.5137449Z   CARGO_HOME: /home/runner/.cargo
2026-10-08T07:59:33.5137704Z   CARGO_INCREMENTAL: 0
2026-10-08T07:59:33.5137933Z   CARGO_TERM_COLOR: always
2026-10-08T07:59:33.5138157Z ##[endgroup]
2026-10-08T07:59:33.6717670Z Downloading single artifact
2026-10-08T07:59:33.6873392Z (node:2535) [DEP0040] DeprecationWarning: The `punycode` module is deprecated. Please use a userland alternative instead.
2026-10-08T07:59:33.6874312Z (Use `node --trace-deprecation ...` to show where the warning was created)
2026-10-08T07:59:33.9454021Z Preparing to download the following artifacts:
2026-10-08T07:59:33.9455830Z - native-profile-37746157677-1-admission (ID: 11535578001, Size: 676, Expected Digest: sha256:32ea2371a0bfc5a633886596eeafcf09ed6e20b20ec5e21018b05f0dd5a7f8c4)
2026-10-08T07:59:34.1962449Z Redirecting to blob download url: https://productionresultssa16.blob.core.windows.net/actions-results/e5e6c090-c831-4f8a-9c6a-b141d5b65909/workflow-job-run-71c4df2b-fdc6-585f-8a95-5f7f0ba0207c/artifacts/d913e130d99bdd63fce9ecc0af69ae6de0a124b01498d922572320e045d7e99e.zip
2026-10-08T07:59:34.1964569Z Starting download of artifact to: /opt/purrdf-native-profile/37746157677-1
2026-10-08T07:59:34.4514821Z (node:2535) [DEP0005] DeprecationWarning: Buffer() is deprecated due to security and usability issues. Please use the Buffer.alloc(), Buffer.allocUnsafe(), or Buffer.from() methods instead.
2026-10-08T07:59:34.4583587Z SHA256 digest of downloaded artifact is 32ea2371a0bfc5a633886596eeafcf09ed6e20b20ec5e21018b05f0dd5a7f8c4
2026-10-08T07:59:34.4584598Z Artifact download completed successfully.
2026-10-08T07:59:34.4585139Z Total of 1 artifact(s) downloaded
2026-10-08T07:59:34.4589845Z Download artifact has finished successfully
2026-10-08T07:59:34.4708287Z ##[group]Run campaign="/opt/purrdf-native-profile/$GITHUB_RUN_ID-$GITHUB_RUN_ATTEMPT"
2026-10-08T07:59:34.4708964Z [36;1mcampaign="/opt/purrdf-native-profile/$GITHUB_RUN_ID-$GITHUB_RUN_ATTEMPT"[0m
2026-10-08T07:59:34.4709510Z [36;1mrustc -vV > "$campaign/after-integration-1/actual-rustc.txt"[0m
2026-10-08T07:59:34.4709968Z [36;1mcargo -Vv > "$campaign/after-integration-1/actual-cargo.txt"[0m
2026-10-08T07:59:34.4710516Z [36;1mdiff -u "$campaign/admitted-rustc.txt" "$campaign/after-integration-1/actual-rustc.txt"[0m
2026-10-08T07:59:34.4711166Z [36;1mdiff -u "$campaign/admitted-cargo.txt" "$campaign/after-integration-1/actual-cargo.txt"[0m
2026-10-08T07:59:34.4771288Z shell: /usr/bin/bash -e {0}
2026-10-08T07:59:34.4771545Z env:
2026-10-08T07:59:34.4771744Z   CARGO_BUILD_JOBS: 8
2026-10-08T07:59:34.4772175Z   PURRDF_REQUIRE_SIMD_PATHS: distance:portable,distance:sse2,blake3:sse2,deflate:sse2,csv:sse2
2026-10-08T07:59:34.4772920Z   CARGO_HOME: /home/runner/.cargo
2026-10-08T07:59:34.4773225Z   CARGO_INCREMENTAL: 0
2026-10-08T07:59:34.4773460Z   CARGO_TERM_COLOR: always
2026-10-08T07:59:34.4773694Z ##[endgroup]
2026-10-08T07:59:34.5390601Z info: syncing channel updates for nightly-x86_64-unknown-linux-gnu
2026-10-08T07:59:34.6190749Z info: latest update on 2026-10-08 for version 1.101.0-nightly (1d81eb4ad 2026-10-07)
2026-10-08T07:59:34.6329649Z info: downloading 4 components
2026-10-08T07:59:38.8141477Z ##[group]Run actions/setup-node@48b55a011bda9f5d6aeb4c2d9c7362e8dae4041e
2026-10-08T07:59:38.8142157Z with:
2026-10-08T07:59:38.8142366Z   node-version: 24
2026-10-08T07:59:38.8142918Z   check-latest: false
2026-10-08T07:59:38.8145914Z   token: ***
2026-10-08T07:59:38.8146330Z   package-manager-cache: true
2026-10-08T07:59:38.8146701Z env:
2026-10-08T07:59:38.8146894Z   CARGO_BUILD_JOBS: 8
2026-10-08T07:59:38.8147310Z   PURRDF_REQUIRE_SIMD_PATHS: distance:portable,distance:sse2,blake3:sse2,deflate:sse2,csv:sse2
2026-10-08T07:59:38.8147810Z   CARGO_HOME: /home/runner/.cargo
2026-10-08T07:59:38.8148079Z   CARGO_INCREMENTAL: 0
2026-10-08T07:59:38.8148305Z   CARGO_TERM_COLOR: always
2026-10-08T07:59:38.8148534Z ##[endgroup]
2026-10-08T07:59:38.9747520Z Found in cache @ /opt/hostedtoolcache/node/24.21.0/x64
2026-10-08T07:59:38.9751611Z ##[group]Environment details
2026-10-08T07:59:39.3777112Z node: v24.21.0
2026-10-08T07:59:39.3777521Z npm: 11.19.0
2026-10-08T07:59:39.3777861Z yarn: 1.22.22
2026-10-08T07:59:39.3778419Z ##[endgroup]
2026-10-08T07:59:39.3904356Z Prepare all required actions
2026-10-08T07:59:39.3953764Z ##[group]Run ./.github/actions/binaryen-toolchain
2026-10-08T07:59:39.3954095Z env:
2026-10-08T07:59:39.3954299Z   CARGO_BUILD_JOBS: 8
2026-10-08T07:59:39.3954721Z   PURRDF_REQUIRE_SIMD_PATHS: distance:portable,distance:sse2,blake3:sse2,deflate:sse2,csv:sse2
2026-10-08T07:59:39.3955205Z   CARGO_HOME: /home/runner/.cargo
2026-10-08T07:59:39.3955465Z   CARGO_INCREMENTAL: 0
2026-10-08T07:59:39.3955691Z   CARGO_TERM_COLOR: always
2026-10-08T07:59:39.3956170Z ##[endgroup]
2026-10-08T07:59:39.3959657Z ##[start-action display=Install binaryen (prebuilt, matched to BINARYEN_VERSION) and verify SIMD;id=__self.__run]
2026-10-08T07:59:39.3975681Z ##[group]Run set -euo pipefail
2026-10-08T07:59:39.3976006Z [36;1mset -euo pipefail[0m
2026-10-08T07:59:39.3976334Z [36;1mver="$(grep -oP '^BINARYEN_VERSION := \K[0-9]+' Makefile)"[0m
2026-10-08T07:59:39.3976741Z [36;1mbase="binaryen-version_${ver}-x86_64-linux"[0m
2026-10-08T07:59:39.3977326Z [36;1murl="https://github.com/WebAssembly/binaryen/releases/download/version_${ver}/${base}.tar.gz"[0m
2026-10-08T07:59:39.3977858Z [36;1mcurl -fsSL "$url" -o /tmp/bn.tar.gz[0m
2026-10-08T07:59:39.3978196Z [36;1mcurl -fsSL "${url}.sha256" -o /tmp/bn.sha256[0m
2026-10-08T07:59:39.3978644Z [36;1mecho "$(awk '{print $1}' /tmp/bn.sha256)  /tmp/bn.tar.gz" | sha256sum -c -[0m
2026-10-08T07:59:39.3979233Z [36;1mmkdir -p /tmp/binaryen && tar -xzf /tmp/bn.tar.gz -C /tmp/binaryen --strip-components=1[0m
2026-10-08T07:59:39.3979736Z [36;1mecho "/tmp/binaryen/bin" >> "$GITHUB_PATH"[0m
2026-10-08T07:59:39.3980075Z [36;1mexport PATH="/tmp/binaryen/bin:$PATH"[0m
2026-10-08T07:59:39.3980462Z [36;1mfound="$(wasm-opt --version | grep -oE '[0-9]+' | head -1)"[0m
2026-10-08T07:59:39.3981010Z [36;1mtest "$found" = "$ver" || { echo "binaryen version mismatch: got $found, expected $ver"; exit 1; }[0m
2026-10-08T07:59:39.3981577Z [36;1mprintf '(module)\n' | wasm-opt --enable-simd -o /dev/null - \[0m
2026-10-08T07:59:39.3982088Z [36;1m  || { echo "FAIL: installed wasm-opt lacks --enable-simd support"; exit 1; }[0m
2026-10-08T07:59:39.3982845Z [36;1mecho "binaryen $found installed (wasm-opt --enable-simd verified)"[0m
2026-10-08T07:59:39.4053975Z shell: /usr/bin/bash --noprofile --norc -e -o pipefail {0}
2026-10-08T07:59:39.4054331Z env:
2026-10-08T07:59:39.4054531Z   CARGO_BUILD_JOBS: 8
2026-10-08T07:59:39.4054948Z   PURRDF_REQUIRE_SIMD_PATHS: distance:portable,distance:sse2,blake3:sse2,deflate:sse2,csv:sse2
2026-10-08T07:59:39.4055431Z   CARGO_HOME: /home/runner/.cargo
2026-10-08T07:59:39.4055699Z   CARGO_INCREMENTAL: 0
2026-10-08T07:59:39.4055928Z   CARGO_TERM_COLOR: always
2026-10-08T07:59:39.4056160Z ##[endgroup]
2026-10-08T07:59:40.3004044Z /tmp/bn.tar.gz: OK
2026-10-08T07:59:42.4088551Z warning: no passes specified, not doing any work
2026-10-08T07:59:42.4093735Z binaryen 130 installed (wasm-opt --enable-simd verified)
2026-10-08T07:59:42.4103868Z ##[end-action id=__self.__run;outcome=success;conclusion=success;duration_ms=3014]
2026-10-08T07:59:42.4131946Z ##[group]Run cargo install cargo-c --version 0.10.23 --locked
2026-10-08T07:59:42.4132423Z [36;1mcargo install cargo-c --version 0.10.23 --locked[0m
2026-10-08T07:59:42.4193752Z shell: /usr/bin/bash -e {0}
2026-10-08T07:59:42.4194014Z env:
2026-10-08T07:59:42.4194216Z   CARGO_BUILD_JOBS: 8
2026-10-08T07:59:42.4194641Z   PURRDF_REQUIRE_SIMD_PATHS: distance:portable,distance:sse2,blake3:sse2,deflate:sse2,csv:sse2
2026-10-08T07:59:42.4195126Z   CARGO_HOME: /home/runner/.cargo
2026-10-08T07:59:42.4195407Z   CARGO_INCREMENTAL: 0
2026-10-08T07:59:42.4195650Z   CARGO_TERM_COLOR: always
2026-10-08T07:59:42.4195888Z ##[endgroup]
2026-10-08T07:59:42.4665532Z [1m[92m    Updating[0m crates.io index
2026-10-08T07:59:42.4887899Z [1m[92m Downloading[0m crates ...
2026-10-08T07:59:42.5215430Z [1m[92m  Downloaded[0m cargo-c v0.10.23+cargo-0.97.1
2026-10-08T07:59:42.5469665Z [1m[92m  Installing[0m cargo-c v0.10.23+cargo-0.97.1
2026-10-08T07:59:42.5471673Z [1m[33mwarning[0m: default toolchain implicitly overridden with `nightly-x86_64-unknown-linux-gnu` by rustup toolchain file
2026-10-08T07:59:42.5473119Z   [1m[94m|[0m
2026-10-08T07:59:42.5474001Z   [1m[94m= [0m[1mhelp[0m: use `cargo +stable install` if you meant to use the stable toolchain
2026-10-08T07:59:42.5475653Z   [1m[94m= [0m[1mnote[0m: rustup selects the toolchain based on the parent environment and not the environment of the package being installed
2026-10-08T07:59:42.5531358Z [1m[92m    Updating[0m crates.io index
2026-10-08T07:59:43.0411712Z [1m[33mwarning[0m: package `chacha20 v0.10.0` in Cargo.lock is yanked in registry `crates-io`
2026-10-08T07:59:43.0714029Z [1m[92m    Updating[0m crates.io index
2026-10-08T07:59:43.1856563Z [1m[92m Downloading[0m crates ...
2026-10-08T07:59:43.2048750Z [1m[92m  Downloaded[0m anstyle-progress v0.1.0
2026-10-08T07:59:43.2062509Z [1m[92m  Downloaded[0m anstyle-query v1.1.5
2026-10-08T07:59:43.2127196Z [1m[92m  Downloaded[0m base16ct v0.2.0
2026-10-08T07:59:43.2141332Z [1m[92m  Downloaded[0m block-buffer v0.10.4
2026-10-08T07:59:43.2151640Z [1m[92m  Downloaded[0m clap_lex v1.1.0
2026-10-08T07:59:43.2162989Z [1m[92m  Downloaded[0m color-print v0.3.7
2026-10-08T07:59:43.2188185Z [1m[92m  Downloaded[0m git2-curl v0.21.0
2026-10-08T07:59:43.2199112Z [1m[92m  Downloaded[0m cpufeatures v0.2.17
2026-10-08T07:59:43.2213892Z [1m[92m  Downloaded[0m gix-bitmap v0.3.2
2026-10-08T07:59:43.2228078Z [1m[92m  Downloaded[0m equivalent v1.0.2
2026-10-08T07:59:43.2240784Z [1m[92m  Downloaded[0m faster-hex v0.10.0
2026-10-08T07:59:43.2251808Z [1m[92m  Downloaded[0m futures-io v0.3.32
2026-10-08T07:59:43.2260316Z [1m[92m  Downloaded[0m futures-sink v0.3.32
2026-10-08T07:59:43.2268623Z [1m[92m  Downloaded[0m gix-actor v0.40.0
2026-10-08T07:59:43.2309050Z [1m[92m  Downloaded[0m arrayref v0.3.9
2026-10-08T07:59:43.2323742Z [1m[92m  Downloaded[0m arrayvec v0.7.6
2026-10-08T07:59:43.2343993Z [1m[92m  Downloaded[0m cargo-platform v0.3.3
2026-10-08T07:59:43.2355855Z [1m[92m  Downloaded[0m gix-chunk v0.7.2
2026-10-08T07:59:43.2367468Z [1m[92m  Downloaded[0m gix-config-value v0.17.2
2026-10-08T07:59:43.2396217Z [1m[92m  Downloaded[0m gix-glob v0.24.0
2026-10-08T07:59:43.2410824Z [1m[92m  Downloaded[0m anstyle v1.0.14
2026-10-08T07:59:43.2425396Z [1m[92m  Downloaded[0m block-buffer v0.12.0
2026-10-08T07:59:43.2437700Z [1m[92m  Downloaded[0m cargo-util-terminal v0.1.0
2026-10-08T07:59:43.2449880Z [1m[92m  Downloaded[0m cfg-if v1.0.4
2026-10-08T07:59:43.2462513Z [1m[92m  Downloaded[0m deranged v0.5.8
2026-10-08T07:59:43.2477838Z [1m[92m  Downloaded[0m foldhash v0.2.0
2026-10-08T07:59:43.2492061Z [1m[92m  Downloaded[0m anstyle-hyperlink v1.0.2
2026-10-08T07:59:43.2503444Z [1m[92m  Downloaded[0m cpufeatures v0.3.0
2026-10-08T07:59:43.2520172Z [1m[92m  Downloaded[0m crypto-common v0.1.6
2026-10-08T07:59:43.2531453Z [1m[92m  Downloaded[0m ct-codecs v1.1.6
2026-10-08T07:59:43.2544284Z [1m[92m  Downloaded[0m time-core v0.1.8
2026-10-08T07:59:43.2557385Z [1m[92m  Downloaded[0m bitmaps v2.1.0
2026-10-08T07:59:43.2572647Z [1m[92m  Downloaded[0m camino v1.2.2
2026-10-08T07:59:43.2595491Z [1m[92m  Downloaded[0m crates-io v0.40.19
2026-10-08T07:59:43.2606943Z [1m[92m  Downloaded[0m gix-command v0.8.1
2026-10-08T07:59:43.2618569Z [1m[92m  Downloaded[0m gix-quote v0.7.2
2026-10-08T07:59:43.2630977Z [1m[92m  Downloaded[0m gix-utils v0.3.3
2026-10-08T07:59:43.2643518Z [1m[92m  Downloaded[0m is_executable v1.0.5
2026-10-08T07:59:43.2658841Z [1m[92m  Downloaded[0m fallible-streaming-iterator v0.1.9
2026-10-08T07:59:43.2669105Z [1m[92m  Downloaded[0m form_urlencoded v1.2.2
2026-10-08T07:59:43.2678859Z [1m[92m  Downloaded[0m futures-core v0.3.32
2026-10-08T07:59:43.2693795Z [1m[92m  Downloaded[0m cfg_aliases v0.2.1
2026-10-08T07:59:43.2703388Z [1m[92m  Downloaded[0m colorchoice v1.0.5
2026-10-08T07:59:43.2715427Z [1m[92m  Downloaded[0m fnv v1.0.7
2026-10-08T07:59:43.2724893Z [1m[92m  Downloaded[0m allocator-api2 v0.2.21
2026-10-08T07:59:43.2754499Z [1m[92m  Downloaded[0m annotate-snippets v0.12.16
2026-10-08T07:59:43.2792207Z [1m[92m  Downloaded[0m cargo-credential-libsecret v0.5.7
2026-10-08T07:59:43.2803171Z [1m[92m  Downloaded[0m const-oid v0.9.6
2026-10-08T07:59:43.2824099Z [1m[92m  Downloaded[0m errno v0.3.14
2026-10-08T07:59:43.2840849Z [1m[92m  Downloaded[0m typeid v1.0.3
2026-10-08T07:59:43.2855425Z [1m[92m  Downloaded[0m utf8_iter v1.0.4
2026-10-08T07:59:43.2865974Z [1m[92m  Downloaded[0m utf8parse v0.2.2
2026-10-08T07:59:43.2877732Z [1m[92m  Downloaded[0m crypto-common v0.2.2
2026-10-08T07:59:43.2890262Z [1m[92m  Downloaded[0m heck v0.5.0
2026-10-08T07:59:43.2906602Z [1m[92m  Downloaded[0m home v0.5.12
2026-10-08T07:59:43.2916875Z [1m[92m  Downloaded[0m async-trait v0.1.89
2026-10-08T07:59:43.2961618Z [1m[92m  Downloaded[0m clru v0.6.3
2026-10-08T07:59:43.2977551Z [1m[92m  Downloaded[0m futures-channel v0.3.32
2026-10-08T07:59:43.3001187Z [1m[92m  Downloaded[0m gix-hashtable v0.13.0
2026-10-08T07:59:43.3012325Z [1m[92m  Downloaded[0m hex v0.4.3
2026-10-08T07:59:43.3033202Z [1m[92m  Downloaded[0m gix-error v0.2.4
2026-10-08T07:59:43.3051531Z [1m[92m  Downloaded[0m gix-fs v0.19.2
2026-10-08T07:59:43.3070756Z [1m[92m  Downloaded[0m gix-hash v0.23.0
2026-10-08T07:59:43.3089662Z [1m[92m  Downloaded[0m io-close v0.3.7
2026-10-08T07:59:43.3099763Z [1m[92m  Downloaded[0m byteorder v1.5.0
2026-10-08T07:59:43.3118958Z [1m[92m  Downloaded[0m cargo-credential v0.4.10
2026-10-08T07:59:43.3140853Z [1m[92m  Downloaded[0m clap_complete v4.6.5
2026-10-08T07:59:43.3187222Z [1m[92m  Downloaded[0m dashmap v6.2.1
2026-10-08T07:59:43.3215427Z [1m[92m  Downloaded[0m displaydoc v0.2.6
2026-10-08T07:59:43.3244267Z [1m[92m  Downloaded[0m fallible-iterator v0.3.0
2026-10-08T07:59:43.3259668Z [1m[92m  Downloaded[0m gix-archive v0.30.0
2026-10-08T07:59:43.3274350Z [1m[92m  Downloaded[0m gix-commitgraph v0.35.0
2026-10-08T07:59:43.3291986Z [1m[92m  Downloaded[0m gix-credentials v0.37.2
2026-10-08T07:59:43.3311434Z [1m[92m  Downloaded[0m gix-date v0.15.4
2026-10-08T07:59:43.3336321Z [1m[92m  Downloaded[0m gix-ignore v0.19.1
2026-10-08T07:59:43.3347812Z [1m[92m  Downloaded[0m gix-prompt v0.14.2
2026-10-08T07:59:43.3360683Z [1m[92m  Downloaded[0m gix-shallow v0.10.0
2026-10-08T07:59:43.3374324Z [1m[92m  Downloaded[0m gix-trace v0.1.20
2026-10-08T07:59:43.3385865Z [1m[92m  Downloaded[0m hash32 v0.3.1
2026-10-08T07:59:43.3401507Z [1m[92m  Downloaded[0m gix-validate v0.11.2
2026-10-08T07:59:43.3416445Z [1m[92m  Downloaded[0m idna_adapter v1.2.2
2026-10-08T07:59:43.3426460Z [1m[92m  Downloaded[0m gix-lock v21.0.2
2026-10-08T07:59:43.3442514Z [1m[92m  Downloaded[0m anstyle-parse v1.0.0
2026-10-08T07:59:43.3466145Z [1m[92m  Downloaded[0m crc32fast v1.5.0
2026-10-08T07:59:43.3488356Z [1m[92m  Downloaded[0m crossbeam-deque v0.8.6
2026-10-08T07:59:43.3505902Z [1m[92m  Downloaded[0m gix-sec v0.13.3
2026-10-08T07:59:43.3520464Z [1m[92m  Downloaded[0m gix-discover v0.49.0
2026-10-08T07:59:43.3536695Z [1m[92m  Downloaded[0m gix-negotiate v0.29.0
2026-10-08T07:59:43.3549780Z [1m[92m  Downloaded[0m gix-revision v0.43.0
2026-10-08T07:59:43.3567367Z [1m[92m  Downloaded[0m implib v0.6.0
2026-10-08T07:59:43.3582887Z [1m[92m  Downloaded[0m gix-submodule v0.28.0
2026-10-08T07:59:43.3594561Z [1m[92m  Downloaded[0m gix-worktree-state v0.28.0
2026-10-08T07:59:43.3607638Z [1m[92m  Downloaded[0m gix-tempfile v21.0.2
2026-10-08T07:59:43.3620219Z [1m[92m  Downloaded[0m gix-traverse v0.55.0
2026-10-08T07:59:43.3637462Z [1m[92m  Downloaded[0m gix-url v0.35.3
2026-10-08T07:59:43.3650746Z [1m[92m  Downloaded[0m is_terminal_polyfill v1.70.2
2026-10-08T07:59:43.3659801Z [1m[92m  Downloaded[0m base64ct v1.8.3
2026-10-08T07:59:43.3684606Z [1m[92m  Downloaded[0m ecdsa v0.16.9
2026-10-08T07:59:43.3701082Z [1m[92m  Downloaded[0m either v1.16.0
2026-10-08T07:59:43.3715227Z [1m[92m  Downloaded[0m erased-serde v0.4.10
2026-10-08T07:59:43.3738377Z [1m[92m  Downloaded[0m filetime v0.2.29
2026-10-08T07:59:43.3754111Z [1m[92m  Downloaded[0m find-msvc-tools v0.1.9
2026-10-08T07:59:43.3769031Z [1m[92m  Downloaded[0m getrandom v0.2.17
2026-10-08T07:59:43.3797253Z [1m[92m  Downloaded[0m gix-worktree v0.50.0
2026-10-08T07:59:43.3812039Z [1m[92m  Downloaded[0m matchers v0.2.0
2026-10-08T07:59:43.3822046Z [1m[92m  Downloaded[0m memoffset v0.9.1
2026-10-08T07:59:43.3834033Z [1m[92m  Downloaded[0m generic-array v0.14.9
2026-10-08T07:59:43.3847414Z [1m[92m  Downloaded[0m gix-packetline v0.21.4
2026-10-08T07:59:43.3865295Z [1m[92m  Downloaded[0m gix-refspec v0.39.0
2026-10-08T07:59:43.3881217Z [1m[92m  Downloaded[0m gix-attributes v0.31.0
2026-10-08T07:59:43.3896527Z [1m[92m  Downloaded[0m gix-pathspec v0.16.1
2026-10-08T07:59:43.3910376Z [1m[92m  Downloaded[0m gix-worktree-stream v0.30.0
2026-10-08T07:59:43.3922948Z [1m[92m  Downloaded[0m glob v0.3.3
2026-10-08T07:59:43.3937275Z [1m[92m  Downloaded[0m num-conv v0.2.2
2026-10-08T07:59:43.3945197Z [1m[92m  Downloaded[0m anstream v1.0.0
2026-10-08T07:59:43.3964471Z [1m[92m  Downloaded[0m color-print-proc-macro v0.3.7
2026-10-08T07:59:43.3980435Z [1m[92m  Downloaded[0m ctutils v0.4.2
2026-10-08T07:59:43.3999447Z [1m[92m  Downloaded[0m futures-executor v0.3.32
2026-10-08T07:59:43.4012198Z [1m[92m  Downloaded[0m digest v0.11.3
2026-10-08T07:59:43.4035334Z [1m[92m  Downloaded[0m hashlink v0.11.0
2026-10-08T07:59:43.4051942Z [1m[92m  Downloaded[0m nonempty v0.12.0
2026-10-08T07:59:43.4062826Z [1m[92m  Downloaded[0m clap_derive v4.6.1
2026-10-08T07:59:43.4083969Z [1m[92m  Downloaded[0m powerfmt v0.2.0
2026-10-08T07:59:43.4094794Z [1m[92m  Downloaded[0m autocfg v1.5.1
2026-10-08T07:59:43.4112221Z [1m[92m  Downloaded[0m cargo-util v0.2.29
2026-10-08T07:59:43.4127470Z [1m[92m  Downloaded[0m cargo-util-schemas v0.14.0
2026-10-08T07:59:43.4148622Z [1m[92m  Downloaded[0m cmov v0.5.4
2026-10-08T07:59:43.4165815Z [1m[92m  Downloaded[0m gix-features v0.46.2
2026-10-08T07:59:43.4189910Z [1m[92m  Downloaded[0m gix-filter v0.28.0
2026-10-08T07:59:43.4214402Z [1m[92m  Downloaded[0m gix-revwalk v0.29.0
2026-10-08T07:59:43.4225951Z [1m[92m  Downloaded[0m pathdiff v0.2.3
2026-10-08T07:59:43.4234559Z [1m[92m  Downloaded[0m same-file v1.0.6
2026-10-08T07:59:43.4247284Z [1m[92m  Downloaded[0m scopeguard v1.2.0
2026-10-08T07:59:43.4258684Z [1m[92m  Downloaded[0m signature v2.2.0
2026-10-08T07:59:43.4272356Z [1m[92m  Downloaded[0m anyhow v1.0.102
2026-10-08T07:59:43.4311434Z [1m[92m  Downloaded[0m futures-task v0.3.32
2026-10-08T07:59:43.4322514Z [1m[92m  Downloaded[0m globset v0.4.18
2026-10-08T07:59:43.4337008Z [1m[92m  Downloaded[0m group v0.13.0
2026-10-08T07:59:43.4351314Z [1m[92m  Downloaded[0m hmac v0.12.1
2026-10-08T07:59:43.4370145Z [1m[92m  Downloaded[0m http-auth v0.1.10
2026-10-08T07:59:43.4389960Z [1m[92m  Downloaded[0m hybrid-array v0.4.12
2026-10-08T07:59:43.4411358Z [1m[92m  Downloaded[0m crossbeam-epoch v0.9.18
2026-10-08T07:59:43.4434880Z [1m[92m  Downloaded[0m crossbeam-utils v0.8.21
2026-10-08T07:59:43.4460203Z [1m[92m  Downloaded[0m fastrand v2.4.1
2026-10-08T07:59:43.4473131Z [1m[92m  Downloaded[0m ff v0.13.1
2026-10-08T07:59:43.4488866Z [1m[92m  Downloaded[0m foldhash v0.1.5
2026-10-08T07:59:43.4500379Z [1m[92m  Downloaded[0m gix-diff v0.61.0
2026-10-08T07:59:43.4528181Z [1m[92m  Downloaded[0m ordered-float v2.10.1
2026-10-08T07:59:43.4540637Z [1m[92m  Downloaded[0m digest v0.10.7
2026-10-08T07:59:43.4558101Z [1m[92m  Downloaded[0m ed25519-compact v2.3.0
2026-10-08T07:59:43.4576001Z [1m[92m  Downloaded[0m stable_deref_trait v1.2.1
2026-10-08T07:59:43.4584203Z [1m[92m  Downloaded[0m nu-ansi-term v0.50.3
2026-10-08T07:59:43.4607469Z [1m[92m  Downloaded[0m bitflags v2.11.1
2026-10-08T07:59:43.4649157Z [1m[92m  Downloaded[0m jobserver v0.1.34
2026-10-08T07:59:43.4668634Z [1m[92m  Downloaded[0m percent-encoding v2.3.2
2026-10-08T07:59:43.4676741Z [1m[92m  Downloaded[0m itoa v1.0.18
2026-10-08T07:59:43.4690686Z [1m[92m  Downloaded[0m sec1 v0.7.3
2026-10-08T07:59:43.4706202Z [1m[92m  Downloaded[0m unicode-bom v2.0.3
2026-10-08T07:59:43.4718338Z [1m[92m  Downloaded[0m quote v1.0.45
2026-10-08T07:59:43.4744383Z [1m[92m  Downloaded[0m rustfix v0.9.6
2026-10-08T07:59:43.4757071Z [1m[92m  Downloaded[0m rustversion v1.0.22
2026-10-08T07:59:43.4783900Z [1m[92m  Downloaded[0m shell-words v1.1.1
2026-10-08T07:59:43.4792529Z [1m[92m  Downloaded[0m slab v0.4.12
2026-10-08T07:59:43.4804935Z [1m[92m  Downloaded[0m thiserror-impl v2.0.18
2026-10-08T07:59:43.4818609Z [1m[92m  Downloaded[0m thread_local v1.1.9
2026-10-08T07:59:43.4832761Z [1m[92m  Downloaded[0m time-macros v0.2.27
2026-10-08T07:59:43.4855803Z [1m[92m  Downloaded[0m unicase v2.9.0
2026-10-08T07:59:43.4868889Z [1m[92m  Downloaded[0m zerofrom-derive v0.1.7
2026-10-08T07:59:43.4878947Z [1m[92m  Downloaded[0m zeroize v1.8.2
2026-10-08T07:59:43.4891222Z [1m[92m  Downloaded[0m zerovec-derive v0.11.3
2026-10-08T07:59:43.4905668Z [1m[92m  Downloaded[0m ar_archive_writer v0.5.1
2026-10-08T07:59:43.4936939Z [1m[92m  Downloaded[0m chacha20 v0.10.0
2026-10-08T07:59:43.4959665Z [1m[92m  Downloaded[0m constant_time_eq v0.4.2
2026-10-08T07:59:43.4979320Z [1m[92m  Downloaded[0m gix-index v0.49.0
2026-10-08T07:59:43.5014737Z [1m[92m  Downloaded[0m gix-status v0.28.0
2026-10-08T07:59:43.5032990Z [1m[92m  Downloaded[0m hmac v0.13.0
2026-10-08T07:59:43.5053625Z [1m[92m  Downloaded[0m base64 v0.22.1
2026-10-08T07:59:43.5090085Z [1m[92m  Downloaded[0m futures v0.3.32
2026-10-08T07:59:43.5138148Z [1m[92m  Downloaded[0m gix-config v0.54.0
2026-10-08T07:59:43.5181023Z [1m[92m  Downloaded[0m maybe-async v0.2.11
2026-10-08T07:59:43.5208285Z [1m[92m  Downloaded[0m openssl-probe v0.1.6
2026-10-08T07:59:43.5219065Z [1m[92m  Downloaded[0m sha1 v0.10.6
2026-10-08T07:59:43.5234212Z [1m[92m  Downloaded[0m tempfile v3.27.0
2026-10-08T07:59:43.5258735Z [1m[92m  Downloaded[0m toml v0.9.12+spec-1.1.0
2026-10-08T07:59:43.5299275Z [1m[92m  Downloaded[0m opener v0.8.4
2026-10-08T07:59:43.5314468Z [1m[92m  Downloaded[0m serde-value v0.7.0
2026-10-08T07:59:43.5323624Z [1m[92m  Downloaded[0m lazy_static v1.5.0
2026-10-08T07:59:43.5340956Z [1m[92m  Downloaded[0m flate2 v1.1.9
2026-10-08T07:59:43.5389658Z [1m[92m  Downloaded[0m toml v1.1.2+spec-1.1.0
2026-10-08T07:59:43.5429689Z [1m[92m  Downloaded[0m arc-swap v1.9.1
2026-10-08T07:59:43.5467905Z [1m[92m  Downloaded[0m shell-escape v0.1.5
2026-10-08T07:59:43.5476454Z [1m[92m  Downloaded[0m sized-chunks v0.6.5
2026-10-08T07:59:43.5501784Z [1m[92m  Downloaded[0m subtle v2.6.1
2026-10-08T07:59:43.5514789Z [1m[92m  Downloaded[0m cc v1.2.63
2026-10-08T07:59:43.5543246Z [1m[92m  Downloaded[0m const-oid v0.10.2
2026-10-08T07:59:43.5565932Z [1m[92m  Downloaded[0m elliptic-curve v0.13.8
2026-10-08T07:59:43.5603192Z [1m[92m  Downloaded[0m once_cell v1.21.4
2026-10-08T07:59:43.5628436Z [1m[92m  Downloaded[0m pin-project-lite v0.2.17
2026-10-08T07:59:43.5685501Z [1m[92m  Downloaded[0m primeorder v0.13.6
2026-10-08T07:59:43.5697873Z [1m[92m  Downloaded[0m rand_core v0.6.4
2026-10-08T07:59:43.5710464Z [1m[92m  Downloaded[0m shlex v1.3.0
2026-10-08T07:59:43.5722235Z [1m[92m  Downloaded[0m getrandom v0.4.2
2026-10-08T07:59:43.5759609Z [1m[92m  Downloaded[0m sha2 v0.10.9
2026-10-08T07:59:43.5784308Z [1m[92m  Downloaded[0m walkdir v2.5.0
2026-10-08T07:59:43.5809383Z [1m[92m  Downloaded[0m crypto-bigint v0.5.5
2026-10-08T07:59:43.5880169Z [1m[92m  Downloaded[0m gix-odb v0.78.0
2026-10-08T07:59:43.5914793Z [1m[92m  Downloaded[0m gix-path v0.11.3
2026-10-08T07:59:43.5932213Z [1m[92m  Downloaded[0m spki v0.7.3
2026-10-08T07:59:43.5949554Z [1m[92m  Downloaded[0m static_assertions v1.1.0
2026-10-08T07:59:43.5962997Z [1m[92m  Downloaded[0m tracing-core v0.1.36
2026-10-08T07:59:43.5989194Z [1m[92m  Downloaded[0m unicode-ident v1.0.24
2026-10-08T07:59:43.6015664Z [1m[92m  Downloaded[0m sha2 v0.11.0
2026-10-08T07:59:43.6051829Z [1m[92m  Downloaded[0m strsim v0.11.1
2026-10-08T07:59:43.6064495Z [1m[92m  Downloaded[0m supports-unicode v3.0.0
2026-10-08T07:59:43.6074600Z [1m[92m  Downloaded[0m toml_datetime v0.7.5+spec-1.1.0
2026-10-08T07:59:43.6086760Z [1m[92m  Downloaded[0m tracing-chrome v0.7.2
2026-10-08T07:59:43.6099512Z [1m[92m  Downloaded[0m clap v4.6.1
2026-10-08T07:59:43.6192309Z [1m[92m  Downloaded[0m futures-timer v3.0.4
2026-10-08T07:59:43.6211492Z [1m[92m  Downloaded[0m pkcs8 v0.10.2
2026-10-08T07:59:43.6239616Z [1m[92m  Downloaded[0m semver v1.0.28
2026-10-08T07:59:43.6262002Z [1m[92m  Downloaded[0m serde-untagged v0.1.9
2026-10-08T07:59:43.6277672Z [1m[92m  Downloaded[0m gix-object v0.58.0
2026-10-08T07:59:43.6308564Z [1m[92m  Downloaded[0m heapless v0.8.0
2026-10-08T07:59:43.6345460Z [1m[92m  Downloaded[0m icu_normalizer v2.2.0
2026-10-08T07:59:43.6381146Z [1m[92m  Downloaded[0m sha1 v0.11.0
2026-10-08T07:59:43.6398005Z [1m[92m  Downloaded[0m gix-dir v0.23.0
2026-10-08T07:59:43.6424378Z [1m[92m  Downloaded[0m terminal_size v0.4.4
2026-10-08T07:59:43.6436811Z [1m[92m  Downloaded[0m ignore v0.4.25
2026-10-08T07:59:43.6458122Z [1m[92m  Downloaded[0m os_info v3.15.0
2026-10-08T07:59:43.6489733Z [1m[92m  Downloaded[0m potential_utf v0.1.5
2026-10-08T07:59:43.6500495Z [1m[92m  Downloaded[0m rand_core v0.10.1
2026-10-08T07:59:43.6516016Z [1m[92m  Downloaded[0m rfc6979 v0.4.0
2026-10-08T07:59:43.6526031Z [1m[92m  Downloaded[0m tinystr v0.8.3
2026-10-08T07:59:43.6545773Z [1m[92m  Downloaded[0m smallvec v1.15.1
2026-10-08T07:59:43.6565971Z [1m[92m  Downloaded[0m icu_normalizer_data v2.2.0
2026-10-08T07:59:43.6586414Z [1m[92m  Downloaded[0m icu_provider v2.2.0
2026-10-08T07:59:43.6612046Z [1m[92m  Downloaded[0m shlex v2.0.1
2026-10-08T07:59:43.6624687Z [1m[92m  Downloaded[0m tracing-log v0.2.0
2026-10-08T07:59:43.6637469Z [1m[92m  Downloaded[0m writeable v0.6.3
2026-10-08T07:59:43.6656557Z [1m[92m  Downloaded[0m crossbeam-channel v0.5.15
2026-10-08T07:59:43.6695483Z [1m[92m  Downloaded[0m gix-protocol v0.59.0
2026-10-08T07:59:43.6725804Z [1m[92m  Downloaded[0m gix-ref v0.61.0
2026-10-08T07:59:43.6768886Z [1m[92m  Downloaded[0m gix-transport v0.55.1
2026-10-08T07:59:43.6804366Z [1m[92m  Downloaded[0m icu_locale_core v2.2.0
2026-10-08T07:59:43.6872824Z [1m[92m  Downloaded[0m icu_properties v2.2.0
2026-10-08T07:59:43.6896470Z [1m[92m  Downloaded[0m kstring v2.0.2
2026-10-08T07:59:43.6911682Z [1m[92m  Downloaded[0m serde_ignored v0.1.14
2026-10-08T07:59:43.6924064Z [1m[92m  Downloaded[0m tinyvec_macros v0.1.1
2026-10-08T07:59:43.6931823Z [1m[92m  Downloaded[0m bytes v1.11.1
2026-10-08T07:59:43.6973094Z [1m[92m  Downloaded[0m icu_collections v2.2.0
2026-10-08T07:59:43.7034539Z [1m[92m  Downloaded[0m libloading v0.9.0
2026-10-08T07:59:43.7058612Z [1m[92m  Downloaded[0m rustc-hash v2.1.2
2026-10-08T07:59:43.7071361Z [1m[92m  Downloaded[0m toml_datetime v1.1.1+spec-1.1.0
2026-10-08T07:59:43.7083491Z [1m[92m  Downloaded[0m yoke-derive v0.8.2
2026-10-08T07:59:43.7094906Z [1m[92m  Downloaded[0m zerofrom v0.1.8
2026-10-08T07:59:43.7104371Z [1m[92m  Downloaded[0m memmap2 v0.9.10
2026-10-08T07:59:43.7123079Z [1m[92m  Downloaded[0m pkg-config v0.3.33
2026-10-08T07:59:43.7142361Z [1m[92m  Downloaded[0m gix-blame v0.11.0
2026-10-08T07:59:43.7178736Z [1m[92m  Downloaded[0m proc-macro2 v1.0.106
2026-10-08T07:59:43.7211208Z [1m[92m  Downloaded[0m rustc-stable-hash v0.1.2
2026-10-08T07:59:43.7227800Z [1m[92m  Downloaded[0m serde_spanned v1.1.1
2026-10-08T07:59:43.7263722Z [1m[92m  Downloaded[0m supports-hyperlinks v3.2.0
2026-10-08T07:59:43.7281572Z [1m[92m  Downloaded[0m thiserror v2.0.18
2026-10-08T07:59:43.7331462Z [1m[92m  Downloaded[0m tracing-attributes v0.1.31
2026-10-08T07:59:43.7361665Z [1m[92m  Downloaded[0m curl v0.4.49
2026-10-08T07:59:43.7425046Z [1m[92m  Downloaded[0m lock_api v0.4.14
2026-10-08T07:59:43.7427877Z [1m[92m  Downloaded[0m log v0.4.30
2026-10-08T07:59:43.7455517Z [1m[92m  Downloaded[0m rand_xoshiro v0.6.0
2026-10-08T07:59:43.7514025Z [1m[92m  Downloaded[0m serde_derive v1.0.228
2026-10-08T07:59:43.7547916Z [1m[92m  Downloaded[0m sharded-slab v0.1.7
2026-10-08T07:59:43.7593289Z [1m[92m  Downloaded[0m socket2 v0.6.4
2026-10-08T07:59:43.7614078Z [1m[92m  Downloaded[0m toml_writer v1.1.1+spec-1.1.0
2026-10-08T07:59:43.7615258Z [1m[92m  Downloaded[0m version_check v0.9.5
2026-10-08T07:59:43.7629661Z [1m[92m  Downloaded[0m zerotrie v0.2.4
2026-10-08T07:59:43.7670021Z [1m[92m  Downloaded[0m zmij v1.0.21
2026-10-08T07:59:43.7688079Z [1m[92m  Downloaded[0m der v0.7.10
2026-10-08T07:59:43.7741596Z [1m[92m  Downloaded[0m gix-pack v0.68.0
2026-10-08T07:59:43.7809867Z [1m[92m  Downloaded[0m http v1.4.1
2026-10-08T07:59:43.7847141Z [1m[92m  Downloaded[0m indexmap v2.14.0
2026-10-08T07:59:43.7894144Z [1m[92m  Downloaded[0m num-traits v0.2.19
2026-10-08T07:59:43.7922021Z [1m[92m  Downloaded[0m openssl-sys v0.9.116
2026-10-08T07:59:43.7990642Z [1m[92m  Downloaded[0m parking_lot v0.12.5
2026-10-08T07:59:43.8015686Z [1m[92m  Downloaded[0m parking_lot_core v0.9.12
2026-10-08T07:59:43.8047014Z [1m[92m  Downloaded[0m pem-rfc7468 v0.7.0
2026-10-08T07:59:43.8061130Z [1m[92m  Downloaded[0m serde_core v1.0.228
2026-10-08T07:59:43.8092058Z [1m[92m  Downloaded[0m synstructure v0.13.2
2026-10-08T07:59:43.8107257Z [1m[92m  Downloaded[0m toml_parser v1.1.2+spec-1.1.0
2026-10-08T07:59:43.8127090Z [1m[92m  Downloaded[0m yoke v0.8.2
2026-10-08T07:59:43.8147886Z [1m[92m  Downloaded[0m jiff-static v0.2.28
2026-10-08T07:59:43.8173039Z [1m[92m  Downloaded[0m litemap v0.8.2
2026-10-08T07:59:43.8195387Z [1m[92m  Downloaded[0m prodash v31.0.0
2026-10-08T07:59:43.8233672Z [1m[92m  Downloaded[0m rand v0.10.1
2026-10-08T07:59:43.8270318Z [1m[92m  Downloaded[0m typenum v1.20.1
2026-10-08T07:59:43.8304130Z [1m[92m  Downloaded[0m serde v1.0.228
2026-10-08T07:59:43.8337236Z [1m[92m  Downloaded[0m tinyvec v1.11.0
2026-10-08T07:59:43.8362124Z [1m[92m  Downloaded[0m aho-corasick v1.1.4
2026-10-08T07:59:43.8412161Z [1m[92m  Downloaded[0m idna v1.1.0
2026-10-08T07:59:43.8446039Z [1m[92m  Downloaded[0m memchr v2.8.1
2026-10-08T07:59:43.8499098Z [1m[92m  Downloaded[0m minimal-lexical v0.2.1
2026-10-08T07:59:43.8544052Z [1m[92m  Downloaded[0m nom v7.1.3
2026-10-08T07:59:43.8594045Z [1m[92m  Downloaded[0m tar v0.4.46
2026-10-08T07:59:43.8621773Z [1m[92m  Downloaded[0m toml_edit v0.25.12+spec-1.1.0
2026-10-08T07:59:43.8660260Z [1m[92m  Downloaded[0m unicode-normalization v0.1.25
2026-10-08T07:59:43.8692844Z [1m[92m  Downloaded[0m zerovec v0.11.6
2026-10-08T07:59:43.8750979Z [1m[92m  Downloaded[0m hashbrown v0.14.5
2026-10-08T07:59:43.8797284Z [1m[92m  Downloaded[0m imara-diff v0.2.0
2026-10-08T07:59:43.8838335Z [1m[92m  Downloaded[0m itertools v0.14.0
2026-10-08T07:59:43.8906142Z [1m[92m  Downloaded[0m pasetors v0.7.8
2026-10-08T07:59:43.8956624Z [1m[92m  Downloaded[0m url v2.5.8
2026-10-08T07:59:43.8980723Z [1m[92m  Downloaded[0m futures-util v0.3.32
2026-10-08T07:59:43.9110579Z [1m[92m  Downloaded[0m hashbrown v0.15.5
2026-10-08T07:59:43.9157686Z [1m[92m  Downloaded[0m hashbrown v0.16.1
2026-10-08T07:59:43.9207939Z [1m[92m  Downloaded[0m hashbrown v0.17.1
2026-10-08T07:59:43.9259052Z [1m[92m  Downloaded[0m icu_properties_data v2.2.0
2026-10-08T07:59:43.9365275Z [1m[92m  Downloaded[0m im-rc v15.1.0
2026-10-08T07:59:43.9419171Z [1m[92m  Downloaded[0m imara-diff v0.1.8
2026-10-08T07:59:43.9458673Z [1m[92m  Downloaded[0m clap_builder v4.6.0
2026-10-08T07:59:43.9519968Z [1m[92m  Downloaded[0m hkdf v0.12.4
2026-10-08T07:59:43.9542809Z [1m[92m  Downloaded[0m blake3 v1.8.5
2026-10-08T07:59:43.9619806Z [1m[92m  Downloaded[0m serde_json v1.0.150
2026-10-08T07:59:43.9691270Z [1m[92m  Downloaded[0m vcpkg v0.2.15
2026-10-08T07:59:44.0220512Z [1m[92m  Downloaded[0m cbindgen v0.29.3
2026-10-08T07:59:44.1134307Z [1m[92m  Downloaded[0m git2 v0.20.4
2026-10-08T07:59:44.1213440Z [1m[92m  Downloaded[0m p384 v0.13.1
2026-10-08T07:59:44.1257843Z [1m[92m  Downloaded[0m rusqlite v0.39.0
2026-10-08T07:59:44.1322470Z [1m[92m  Downloaded[0m time v0.3.47
2026-10-08T07:59:44.1450302Z [1m[92m  Downloaded[0m tracing-subscriber v0.3.23
2026-10-08T07:59:44.1531791Z [1m[92m  Downloaded[0m winnow v0.7.15
2026-10-08T07:59:44.1625335Z [1m[92m  Downloaded[0m winnow v1.0.3
2026-10-08T07:59:44.1729640Z [1m[92m  Downloaded[0m gix v0.81.0
2026-10-08T07:59:44.1900393Z [1m[92m  Downloaded[0m regex v1.12.3
2026-10-08T07:59:44.1957279Z [1m[92m  Downloaded[0m zlib-rs v0.6.3
2026-10-08T07:59:44.2011978Z [1m[92m  Downloaded[0m syn v2.0.117
2026-10-08T07:59:44.2126145Z [1m[92m  Downloaded[0m orion v0.17.14
2026-10-08T07:59:44.2225861Z [1m[92m  Downloaded[0m unicode-width v0.2.2
2026-10-08T07:59:44.2284349Z [1m[92m  Downloaded[0m regex-syntax v0.8.10
2026-10-08T07:59:44.2350186Z [1m[92m  Downloaded[0m bstr v1.12.1
2026-10-08T07:59:44.2426179Z [1m[92m  Downloaded[0m libssh2-sys v0.3.1
2026-10-08T07:59:44.2756312Z [1m[92m  Downloaded[0m gix-merge v0.14.0
2026-10-08T07:59:44.2875944Z [1m[92m  Downloaded[0m regex-automata v0.4.14
2026-10-08T07:59:44.3011737Z [1m[92m  Downloaded[0m libz-sys v1.1.29
2026-10-08T07:59:44.3237746Z [1m[92m  Downloaded[0m object v0.39.1
2026-10-08T07:59:44.3347777Z [1m[92m  Downloaded[0m nix v0.31.3
2026-10-08T07:59:44.3461632Z [1m[92m  Downloaded[0m object v0.37.3
2026-10-08T07:59:44.3568138Z [1m[92m  Downloaded[0m rustix v1.1.4
2026-10-08T07:59:44.3837267Z [1m[92m  Downloaded[0m tracing v0.1.44
2026-10-08T07:59:44.3988186Z [1m[92m  Downloaded[0m fiat-crypto v0.3.0
2026-10-08T07:59:44.4093847Z [1m[92m  Downloaded[0m jiff v0.2.28
2026-10-08T07:59:44.4257370Z [1m[92m  Downloaded[0m sha1-checked v0.10.0
2026-10-08T07:59:44.4315365Z [1m[92m  Downloaded[0m libc v0.2.186
2026-10-08T07:59:44.4709433Z [1m[92m  Downloaded[0m encoding_rs v0.8.35
2026-10-08T07:59:44.4921734Z [1m[92m  Downloaded[0m curl-sys v0.4.88+curl-8.20.0
2026-10-08T07:59:44.5540391Z [1m[92m  Downloaded[0m libgit2-sys v0.18.5+1.9.4
2026-10-08T07:59:44.6158088Z [1m[92m  Downloaded[0m libnghttp2-sys v0.1.13+1.68.1
2026-10-08T07:59:44.7329411Z [1m[92m  Downloaded[0m cargo v0.97.1
2026-10-08T07:59:44.8836850Z [1m[92m  Downloaded[0m linux-raw-sys v0.12.1
2026-10-08T07:59:44.9445006Z [1m[92m  Downloaded[0m libsqlite3-sys v0.37.0
2026-10-08T07:59:45.1064198Z [1m[92m   Compiling[0m proc-macro2 v1.0.106
2026-10-08T07:59:45.1066374Z [1m[92m   Compiling[0m quote v1.0.45
2026-10-08T07:59:45.1067388Z [1m[92m   Compiling[0m unicode-ident v1.0.24
2026-10-08T07:59:45.1068391Z [1m[92m   Compiling[0m libc v0.2.186
2026-10-08T07:59:45.1069281Z [1m[92m   Compiling[0m memchr v2.8.1
2026-10-08T07:59:45.1070020Z [1m[92m   Compiling[0m cfg-if v1.0.4
2026-10-08T07:59:45.1070785Z [1m[92m   Compiling[0m regex-syntax v0.8.10
2026-10-08T07:59:45.1071577Z [1m[92m   Compiling[0m typenum v1.20.1
2026-10-08T07:59:45.2124752Z [1m[92m   Compiling[0m serde_core v1.0.228
2026-10-08T07:59:45.2394256Z [1m[92m   Compiling[0m smallvec v1.15.1
2026-10-08T07:59:45.5804277Z [1m[92m   Compiling[0m version_check v0.9.5
2026-10-08T07:59:45.8254412Z [1m[92m   Compiling[0m thiserror v2.0.18
2026-10-08T07:59:46.1764097Z [1m[92m   Compiling[0m aho-corasick v1.1.4
2026-10-08T07:59:46.3744452Z [1m[92m   Compiling[0m stable_deref_trait v1.2.1
2026-10-08T07:59:46.4534014Z [1m[92m   Compiling[0m zeroize v1.8.2
2026-10-08T07:59:46.7564764Z [1m[92m   Compiling[0m generic-array v0.14.9
2026-10-08T07:59:47.2614324Z [1m[92m   Compiling[0m once_cell v1.21.4
2026-10-08T07:59:47.4614118Z [1m[92m   Compiling[0m syn v2.0.117
2026-10-08T07:59:47.7024091Z [1m[92m   Compiling[0m subtle v2.6.1
2026-10-08T07:59:47.7467433Z [1m[92m   Compiling[0m bitflags v2.11.1
2026-10-08T07:59:47.9495623Z [1m[92m   Compiling[0m crossbeam-utils v0.8.21
2026-10-08T07:59:48.2644094Z [1m[92m   Compiling[0m const-oid v0.9.6
2026-10-08T07:59:48.6404370Z [1m[92m   Compiling[0m fastrand v2.4.1
2026-10-08T07:59:49.1294239Z [1m[92m   Compiling[0m regex-automata v0.4.14
2026-10-08T07:59:49.2855851Z [1m[92m   Compiling[0m parking_lot_core v0.9.12
2026-10-08T07:59:49.5254356Z [1m[92m   Compiling[0m gix-trace v0.1.20
2026-10-08T07:59:49.5354279Z [1m[92m   Compiling[0m tinyvec_macros v0.1.1
2026-10-08T07:59:49.5984320Z [1m[92m   Compiling[0m tinyvec v1.11.0
2026-10-08T07:59:50.8831521Z [1m[92m   Compiling[0m scopeguard v1.2.0
2026-10-08T07:59:50.9976181Z [1m[92m   Compiling[0m lock_api v0.4.14
2026-10-08T07:59:51.2598168Z [1m[92m   Compiling[0m unicode-normalization v0.1.25
2026-10-08T07:59:51.5134130Z [1m[92m   Compiling[0m crypto-common v0.1.6
2026-10-08T07:59:51.6404173Z [1m[92m   Compiling[0m block-buffer v0.10.4
2026-10-08T07:59:51.8454299Z [1m[92m   Compiling[0m crc32fast v1.5.0
2026-10-08T07:59:51.9584815Z [1m[92m   Compiling[0m parking_lot v0.12.5
2026-10-08T07:59:51.9874194Z [1m[92m   Compiling[0m digest v0.10.7
2026-10-08T07:59:52.1624434Z [1m[92m   Compiling[0m same-file v1.0.6
2026-10-08T07:59:52.3644191Z [1m[92m   Compiling[0m walkdir v2.5.0
2026-10-08T07:59:52.4274537Z [1m[92m   Compiling[0m jobserver v0.1.34
2026-10-08T07:59:52.8012509Z [1m[92m   Compiling[0m shlex v2.0.1
2026-10-08T07:59:52.9454312Z [1m[92m   Compiling[0m find-msvc-tools v0.1.9
2026-10-08T07:59:53.0084186Z [1m[92m   Compiling[0m itoa v1.0.18
2026-10-08T07:59:53.2673921Z [1m[92m   Compiling[0m cc v1.2.63
2026-10-08T07:59:53.4534096Z [1m[92m   Compiling[0m zlib-rs v0.6.3
2026-10-08T07:59:53.8824222Z [1m[92m   Compiling[0m bytes v1.11.1
2026-10-08T07:59:54.0144315Z [1m[92m   Compiling[0m prodash v31.0.0
2026-10-08T07:59:55.0394429Z [1m[92m   Compiling[0m crossbeam-channel v0.5.15
2026-10-08T07:59:56.1024141Z [1m[92m   Compiling[0m foldhash v0.2.0
2026-10-08T07:59:56.3524350Z [1m[92m   Compiling[0m bstr v1.12.1
2026-10-08T07:59:56.7944300Z [1m[92m   Compiling[0m equivalent v1.0.2
2026-10-08T07:59:56.9054204Z [1m[92m   Compiling[0m byteorder v1.5.0
2026-10-08T07:59:57.2864252Z [1m[92m   Compiling[0m heapless v0.8.0
2026-10-08T07:59:57.5974102Z [1m[92m   Compiling[0m cpufeatures v0.2.17
2026-10-08T07:59:57.7574302Z [1m[92m   Compiling[0m hash32 v0.3.1
2026-10-08T07:59:57.9694429Z [1m[92m   Compiling[0m gix-validate v0.11.2
2026-10-08T07:59:58.5754344Z [1m[92m   Compiling[0m gix-utils v0.3.3
2026-10-08T07:59:58.9224254Z [1m[92m   Compiling[0m thiserror-impl v2.0.18
2026-10-08T07:59:59.3114229Z [1m[92m   Compiling[0m gix-error v0.2.4
2026-10-08T07:59:59.6944193Z [1m[92m   Compiling[0m rustix v1.1.4
2026-10-08T08:00:00.0834571Z [1m[92m   Compiling[0m pkg-config v0.3.33
2026-10-08T08:00:00.2304435Z [1m[92m   Compiling[0m linux-raw-sys v0.12.1
2026-10-08T08:00:00.9134456Z [1m[92m   Compiling[0m sha1 v0.10.6
2026-10-08T08:00:01.0404295Z [1m[92m   Compiling[0m jiff v0.2.28
2026-10-08T08:00:01.1755730Z [1m[92m   Compiling[0m faster-hex v0.10.0
2026-10-08T08:00:01.3444601Z [1m[92m   Compiling[0m gix-path v0.11.3
2026-10-08T08:00:01.6294483Z [1m[92m   Compiling[0m vcpkg v0.2.15
2026-10-08T08:00:01.9274450Z [1m[92m   Compiling[0m gix-features v0.46.2
2026-10-08T08:00:02.1865012Z [1m[92m   Compiling[0m allocator-api2 v0.2.21
2026-10-08T08:00:02.4904190Z [1m[92m   Compiling[0m sha1-checked v0.10.0
2026-10-08T08:00:03.0694346Z [1m[92m   Compiling[0m hashbrown v0.16.1
2026-10-08T08:00:03.1007751Z [1m[92m   Compiling[0m rand_core v0.10.1
2026-10-08T08:00:03.3474302Z [1m[92m   Compiling[0m getrandom v0.4.2
2026-10-08T08:00:03.5914470Z [1m[92m   Compiling[0m gix-hash v0.23.0
2026-10-08T08:00:04.0204212Z [1m[92m   Compiling[0m winnow v0.7.15
2026-10-08T08:00:04.5014225Z [1m[92m   Compiling[0m synstructure v0.13.2
2026-10-08T08:00:04.7774603Z [1m[92m   Compiling[0m gix-hashtable v0.13.0
2026-10-08T08:00:04.7894036Z [1m[92m   Compiling[0m memmap2 v0.9.10
2026-10-08T08:00:04.9177385Z [1m[92m   Compiling[0m openssl-sys v0.9.116
2026-10-08T08:00:04.9264065Z [1m[92m   Compiling[0m libz-sys v1.1.29
2026-10-08T08:00:05.2114291Z [1m[92m   Compiling[0m hashbrown v0.14.5
2026-10-08T08:00:05.6835215Z [1m[92m   Compiling[0m zerofrom-derive v0.1.7
2026-10-08T08:00:06.1524554Z [1m[92m   Compiling[0m tempfile v3.27.0
2026-10-08T08:00:06.3864188Z [1m[92m   Compiling[0m yoke-derive v0.8.2
2026-10-08T08:00:07.8724228Z [1m[92m   Compiling[0m dashmap v6.2.1
2026-10-08T08:00:07.8926882Z [1m[92m   Compiling[0m zerofrom v0.1.8
2026-10-08T08:00:08.0494366Z [1m[92m   Compiling[0m gix-fs v0.19.2
2026-10-08T08:00:08.2514391Z [1m[92m   Compiling[0m yoke v0.8.2
2026-10-08T08:00:08.3330477Z [1m[92m   Compiling[0m gix-chunk v0.7.2
2026-10-08T08:00:08.6884347Z [1m[92m   Compiling[0m gix-tempfile v21.0.2
2026-10-08T08:00:08.8234172Z [1m[92m   Compiling[0m gix-quote v0.7.2
2026-10-08T08:00:08.8794323Z [1m[92m   Compiling[0m zerovec-derive v0.11.3
2026-10-08T08:00:08.9684774Z [1m[92m   Compiling[0m nonempty v0.12.0
2026-10-08T08:00:09.0084189Z [1m[92m   Compiling[0m displaydoc v0.2.6
2026-10-08T08:00:09.1884261Z [1m[92m   Compiling[0m percent-encoding v2.3.2
2026-10-08T08:00:09.4254197Z [1m[92m   Compiling[0m gix-commitgraph v0.35.0
2026-10-08T08:00:09.5984469Z [1m[92m   Compiling[0m gix-glob v0.24.0
2026-10-08T08:00:09.9046155Z [1m[92m   Compiling[0m gix-date v0.15.4
2026-10-08T08:00:09.9904162Z [1m[92m   Compiling[0m gix-lock v21.0.2
2026-10-08T08:00:10.6634557Z [1m[92m   Compiling[0m gix-actor v0.40.0
2026-10-08T08:00:10.8674343Z [1m[92m   Compiling[0m zerovec v0.11.6
2026-10-08T08:00:11.0114413Z [1m[92m   Compiling[0m gix-object v0.58.0
2026-10-08T08:00:11.1894456Z [1m[92m   Compiling[0m libnghttp2-sys v0.1.13+1.68.1
2026-10-08T08:00:11.2496000Z [1m[92m   Compiling[0m getrandom v0.2.17
2026-10-08T08:00:11.4405686Z [1m[92m   Compiling[0m gix-config-value v0.17.2
2026-10-08T08:00:11.6744216Z [1m[92m   Compiling[0m rand_core v0.6.4
2026-10-08T08:00:12.0744452Z [1m[92m   Compiling[0m serde v1.0.228
2026-10-08T08:00:12.3994317Z [1m[92m   Compiling[0m tinystr v0.8.3
2026-10-08T08:00:12.4416520Z [1m[92m   Compiling[0m unicode-bom v2.0.3
2026-10-08T08:00:12.6202270Z [1m[92m   Compiling[0m writeable v0.6.3
2026-10-08T08:00:12.7304226Z [1m[92m   Compiling[0m litemap v0.8.2
2026-10-08T08:00:12.9404304Z [1m[92m   Compiling[0m zmij v1.0.21
2026-10-08T08:00:13.1294622Z [1m[92m   Compiling[0m potential_utf v0.1.5
2026-10-08T08:00:13.2364507Z [1m[92m   Compiling[0m gix-revwalk v0.29.0
2026-10-08T08:00:13.2454158Z [1m[92m   Compiling[0m icu_locale_core v2.2.0
2026-10-08T08:00:13.3504255Z [1m[92m   Compiling[0m zerotrie v0.2.4
2026-10-08T08:00:14.2604385Z [1m[92m   Compiling[0m curl-sys v0.4.88+curl-8.20.0
2026-10-08T08:00:14.7354479Z [1m[92m   Compiling[0m serde_derive v1.0.228
2026-10-08T08:00:14.7954150Z [1m[92m   Compiling[0m base64ct v1.8.3
2026-10-08T08:00:15.0284248Z [1m[92m   Compiling[0m utf8_iter v1.0.4
2026-10-08T08:00:15.1433995Z [1m[92m   Compiling[0m icu_properties_data v2.2.0
2026-10-08T08:00:15.1904743Z [1m[92m   Compiling[0m log v0.4.30
2026-10-08T08:00:15.2854143Z [1m[92m   Compiling[0m autocfg v1.5.1
2026-10-08T08:00:15.5451618Z [1m[92m   Compiling[0m serde_json v1.0.150
2026-10-08T08:00:15.7344472Z [1m[92m   Compiling[0m static_assertions v1.1.0
2026-10-08T08:00:15.8364783Z [1m[92m   Compiling[0m icu_normalizer_data v2.2.0
2026-10-08T08:00:15.9554431Z [1m[92m   Compiling[0m kstring v2.0.2
2026-10-08T08:00:16.1004213Z [1m[92m   Compiling[0m icu_provider v2.2.0
2026-10-08T08:00:16.4774437Z [1m[92m   Compiling[0m icu_collections v2.2.0
2026-10-08T08:00:17.5874186Z [1m[92m   Compiling[0m pem-rfc7468 v0.7.0
2026-10-08T08:00:18.5534202Z [1m[92m   Compiling[0m gix-sec v0.13.3
2026-10-08T08:00:18.6074662Z [1m[92m   Compiling[0m shell-words v1.1.1
2026-10-08T08:00:18.7624931Z [1m[92m   Compiling[0m gix-command v0.8.1
2026-10-08T08:00:19.1054928Z [1m[92m   Compiling[0m der v0.7.10
2026-10-08T08:00:20.2404538Z [1m[92m   Compiling[0m gix-attributes v0.31.0
2026-10-08T08:00:20.5324077Z [1m[92m   Compiling[0m filetime v0.2.29
2026-10-08T08:00:20.8574148Z [1m[92m   Compiling[0m pin-project-lite v0.2.17
2026-10-08T08:00:20.9414065Z [1m[92m   Compiling[0m spki v0.7.3
2026-10-08T08:00:21.4354482Z [1m[92m   Compiling[0m icu_normalizer v2.2.0
2026-10-08T08:00:23.1104351Z [1m[92m   Compiling[0m icu_properties v2.2.0
2026-10-08T08:00:24.5694155Z [1m[92m   Compiling[0m gix-ref v0.61.0
2026-10-08T08:00:25.1644360Z [1m[92m   Compiling[0m libssh2-sys v0.3.1
2026-10-08T08:00:25.4284726Z [1m[92m   Compiling[0m hashbrown v0.17.1
2026-10-08T08:00:25.4441595Z [1m[92m   Compiling[0m hmac v0.12.1
2026-10-08T08:00:25.6234206Z [1m[92m   Compiling[0m hybrid-array v0.4.12
2026-10-08T08:00:26.1886711Z [1m[92m   Compiling[0m curl v0.4.49
2026-10-08T08:00:26.3114541Z [1m[92m   Compiling[0m openssl-probe v0.1.6
2026-10-08T08:00:26.5394201Z [1m[92m   Compiling[0m idna_adapter v1.2.2
2026-10-08T08:00:26.6054278Z [1m[92m   Compiling[0m pkcs8 v0.10.2
2026-10-08T08:00:26.6804464Z [1m[92m   Compiling[0m gix-traverse v0.55.0
2026-10-08T08:00:26.8179156Z [1m[92m   Compiling[0m indexmap v2.14.0
2026-10-08T08:00:26.8364449Z [1m[92m   Compiling[0m ff v0.13.1
2026-10-08T08:00:26.9713271Z [1m[92m   Compiling[0m gix-packetline v0.21.4
2026-10-08T08:00:27.7334756Z [1m[92m   Compiling[0m gix-bitmap v0.3.2
2026-10-08T08:00:27.8434505Z [1m[92m   Compiling[0m socket2 v0.6.4
2026-10-08T08:00:28.2354529Z [1m[92m   Compiling[0m tracing-core v0.1.36
2026-10-08T08:00:28.2634171Z [1m[92m   Compiling[0m base16ct v0.2.0
2026-10-08T08:00:28.6604612Z [1m[92m   Compiling[0m winnow v1.0.3
2026-10-08T08:00:28.7017702Z [1m[92m   Compiling[0m utf8parse v0.2.2
2026-10-08T08:00:28.7124200Z [1m[92m   Compiling[0m fnv v1.0.7
2026-10-08T08:00:28.7734128Z [1m[92m   Compiling[0m anstyle v1.0.14
2026-10-08T08:00:28.8069331Z [1m[92m   Compiling[0m cpufeatures v0.3.0
2026-10-08T08:00:28.8847644Z [1m[92m   Compiling[0m anyhow v1.0.102
2026-10-08T08:00:29.1114261Z [1m[92m   Compiling[0m cmov v0.5.4
2026-10-08T08:00:29.2864228Z [1m[92m   Compiling[0m anstyle-parse v1.0.0
2026-10-08T08:00:29.2984335Z [1m[92m   Compiling[0m gix-index v0.49.0
2026-10-08T08:00:29.5144193Z [1m[92m   Compiling[0m ctutils v0.4.2
2026-10-08T08:00:29.5564336Z [1m[92m   Compiling[0m sec1 v0.7.3
2026-10-08T08:00:29.8574798Z [1m[92m   Compiling[0m group v0.13.0
2026-10-08T08:00:29.9225335Z [1m[92m   Compiling[0m crypto-common v0.2.2
2026-10-08T08:00:30.0724373Z [1m[92m   Compiling[0m block-buffer v0.12.0
2026-10-08T08:00:30.2824500Z [1m[92m   Compiling[0m idna v1.1.0
2026-10-08T08:00:31.4354123Z [1m[92m   Compiling[0m hkdf v0.12.4
2026-10-08T08:00:31.5914316Z [1m[92m   Compiling[0m gix-pathspec v0.16.1
2026-10-08T08:00:31.9824617Z [1m[92m   Compiling[0m toml_parser v1.1.2+spec-1.1.0
2026-10-08T08:00:32.5564507Z [1m[92m   Compiling[0m num-traits v0.2.19
2026-10-08T08:00:32.7285055Z [1m[92m   Compiling[0m gix-ignore v0.19.1
2026-10-08T08:00:33.3194124Z [1m[92m   Compiling[0m crypto-bigint v0.5.5
2026-10-08T08:00:34.5278939Z [1m[92m   Compiling[0m gix-url v0.35.3
2026-10-08T08:00:34.5711525Z [1m[92m   Compiling[0m form_urlencoded v1.2.2
2026-10-08T08:00:34.9414726Z [1m[92m   Compiling[0m libgit2-sys v0.18.5+1.9.4
2026-10-08T08:00:35.2744647Z [1m[92m   Compiling[0m tracing-attributes v0.1.31
2026-10-08T08:00:35.4067462Z [1m[92m   Compiling[0m serde_spanned v1.1.1
2026-10-08T08:00:35.5864199Z [1m[92m   Compiling[0m colorchoice v1.0.5
2026-10-08T08:00:35.8184312Z [1m[92m   Compiling[0m typeid v1.0.3
2026-10-08T08:00:36.0451343Z [1m[92m   Compiling[0m foldhash v0.1.5
2026-10-08T08:00:36.2204508Z [1m[92m   Compiling[0m rustversion v1.0.22
2026-10-08T08:00:36.4674478Z [1m[92m   Compiling[0m is_terminal_polyfill v1.70.2
2026-10-08T08:00:36.5634171Z [1m[92m   Compiling[0m powerfmt v0.2.0
2026-10-08T08:00:36.8910289Z [1m[92m   Compiling[0m const-oid v0.10.2
2026-10-08T08:00:36.9064412Z [1m[92m   Compiling[0m anstyle-query v1.1.5
2026-10-08T08:00:36.9284172Z [1m[92m   Compiling[0m deranged v0.5.8
2026-10-08T08:00:36.9964236Z [1m[92m   Compiling[0m anstream v1.0.0
2026-10-08T08:00:37.2094149Z [1m[92m   Compiling[0m tracing v0.1.44
2026-10-08T08:00:37.2624356Z [1m[92m   Compiling[0m digest v0.11.3
2026-10-08T08:00:37.3674531Z [1m[92m   Compiling[0m hashbrown v0.15.5
2026-10-08T08:00:37.5343768Z [1m[92m   Compiling[0m elliptic-curve v0.13.8
2026-10-08T08:00:37.6384328Z [1m[92m   Compiling[0m url v2.5.8
2026-10-08T08:00:37.7534102Z [1m[92m   Compiling[0m gix-worktree v0.50.0
2026-10-08T08:00:38.6464461Z [1m[92m   Compiling[0m gix-prompt v0.14.2
2026-10-08T08:00:38.7764228Z [1m[92m   Compiling[0m gix-revision v0.43.0
2026-10-08T08:00:39.4364219Z [1m[92m   Compiling[0m encoding_rs v0.8.35
2026-10-08T08:00:39.5484256Z [1m[92m   Compiling[0m futures-sink v0.3.32
2026-10-08T08:00:39.5844326Z [1m[92m   Compiling[0m cfg_aliases v0.2.1
2026-10-08T08:00:39.5904065Z [1m[92m   Compiling[0m time-core v0.1.8
2026-10-08T08:00:39.6144500Z [1m[92m   Compiling[0m num-conv v0.2.2
2026-10-08T08:00:39.6265855Z [1m[92m   Compiling[0m futures-core v0.3.32
2026-10-08T08:00:39.7294653Z [1m[92m   Compiling[0m erased-serde v0.4.10
2026-10-08T08:00:39.7783235Z [1m[92m   Compiling[0m futures-channel v0.3.32
2026-10-08T08:00:39.8334701Z [1m[92m   Compiling[0m time v0.3.47
2026-10-08T08:00:40.0544110Z [1m[92m   Compiling[0m nix v0.31.3
2026-10-08T08:00:40.1714854Z [1m[92m   Compiling[0m gix-refspec v0.39.0
2026-10-08T08:00:40.1804164Z [1m[92m   Compiling[0m gix-credentials v0.37.2
2026-10-08T08:00:40.6674380Z [1m[92m   Compiling[0m imara-diff v0.1.8
2026-10-08T08:00:42.1484285Z [1m[92m   Compiling[0m gix-filter v0.28.0
2026-10-08T08:00:43.8054268Z [1m[92m   Compiling[0m gix-discover v0.49.0
2026-10-08T08:00:44.4324678Z [1m[92m   Compiling[0m rfc6979 v0.4.0
2026-10-08T08:00:44.5334168Z [1m[92m   Compiling[0m signature v2.2.0
2026-10-08T08:00:44.7244695Z [1m[92m   Compiling[0m terminal_size v0.4.4
2026-10-08T08:00:44.7334334Z [1m[92m   Compiling[0m clru v0.6.3
2026-10-08T08:00:44.8884394Z [1m[92m   Compiling[0m libsqlite3-sys v0.37.0
2026-10-08T08:00:45.2364358Z [1m[92m   Compiling[0m crossbeam-epoch v0.9.18
2026-10-08T08:00:45.2754341Z [1m[92m   Compiling[0m toml_datetime v1.1.1+spec-1.1.0
2026-10-08T08:00:46.0024190Z [1m[92m   Compiling[0m minimal-lexical v0.2.1
2026-10-08T08:00:46.2315457Z [1m[92m   Compiling[0m futures-io v0.3.32
2026-10-08T08:00:46.2694391Z [1m[92m   Compiling[0m toml_writer v1.1.1+spec-1.1.0
2026-10-08T08:00:46.4534207Z [1m[92m   Compiling[0m heck v0.5.0
2026-10-08T08:00:46.5808954Z [1m[92m   Compiling[0m lazy_static v1.5.0
2026-10-08T08:00:46.6444617Z [1m[92m   Compiling[0m clap_lex v1.1.0
2026-10-08T08:00:46.7105864Z [1m[92m   Compiling[0m strsim v0.11.1
2026-10-08T08:00:46.7274326Z [1m[92m   Compiling[0m object v0.37.3
2026-10-08T08:00:46.9295336Z [1m[92m   Compiling[0m futures-task v0.3.32
2026-10-08T08:00:47.2384194Z [1m[92m   Compiling[0m base64 v0.22.1
2026-10-08T08:00:47.4924661Z [1m[92m   Compiling[0m slab v0.4.12
2026-10-08T08:00:47.7014395Z [1m[92m   Compiling[0m futures-util v0.3.32
2026-10-08T08:00:48.4726585Z [1m[92m   Compiling[0m nom v7.1.3
2026-10-08T08:00:48.6231808Z [1m[92m   Compiling[0m clap_builder v4.6.0
2026-10-08T08:00:49.2724331Z [1m[92m   Compiling[0m clap_derive v4.6.1
2026-10-08T08:00:50.7204458Z [1m[92m   Compiling[0m sharded-slab v0.1.7
2026-10-08T08:00:52.2014707Z [1m[92m   Compiling[0m crossbeam-deque v0.8.6
2026-10-08T08:00:53.1244127Z [1m[92m   Compiling[0m flate2 v1.1.9
2026-10-08T08:00:53.2957919Z [1m[92m   Compiling[0m gix-pack v0.68.0
2026-10-08T08:00:54.1954360Z [1m[92m   Compiling[0m ecdsa v0.16.9
2026-10-08T08:00:54.2024078Z [1m[92m   Compiling[0m gix-dir v0.23.0
2026-10-08T08:00:55.5429375Z [1m[92m   Compiling[0m ordered-float v2.10.1
2026-10-08T08:00:55.7164499Z [1m[92m   Compiling[0m arc-swap v1.9.1
2026-10-08T08:00:56.1164351Z [1m[92m   Compiling[0m gix-diff v0.61.0
2026-10-08T08:00:57.4884693Z [1m[92m   Compiling[0m tar v0.4.46
2026-10-08T08:00:57.5874363Z [1m[92m   Compiling[0m primeorder v0.13.6
2026-10-08T08:00:57.9834307Z [1m[92m   Compiling[0m tracing-log v0.2.0
2026-10-08T08:00:58.5184360Z [1m[92m   Compiling[0m gix-config v0.54.0
2026-10-08T08:00:59.3754351Z [1m[92m   Compiling[0m memoffset v0.9.1
2026-10-08T08:00:59.5504137Z [1m[92m   Compiling[0m globset v0.4.18
2026-10-08T08:01:04.2024363Z [1m[92m   Compiling[0m gix-negotiate v0.29.0
2026-10-08T08:01:06.3764323Z [1m[92m   Compiling[0m gix-shallow v0.10.0
2026-10-08T08:01:07.0204246Z [1m[92m   Compiling[0m maybe-async v0.2.11
2026-10-08T08:01:07.8644304Z [1m[92m   Compiling[0m sha2 v0.10.9
2026-10-08T08:01:08.1494161Z [1m[92m   Compiling[0m matchers v0.2.0
2026-10-08T08:01:08.3404211Z [1m[92m   Compiling[0m blake3 v1.8.5
2026-10-08T08:01:08.6754121Z [1m[92m   Compiling[0m bitmaps v2.1.0
2026-10-08T08:01:10.4950005Z [1m[92m   Compiling[0m im-rc v15.1.0
2026-10-08T08:01:10.7532324Z [1m[92m   Compiling[0m thread_local v1.1.9
2026-10-08T08:01:11.1244199Z [1m[92m   Compiling[0m nu-ansi-term v0.50.3
2026-10-08T08:01:11.7624303Z [1m[92m   Compiling[0m unicode-width v0.2.2
2026-10-08T08:01:11.9894841Z [1m[92m   Compiling[0m object v0.39.1
2026-10-08T08:01:12.2364250Z [1m[92m   Compiling[0m fiat-crypto v0.3.0
2026-10-08T08:01:12.2884201Z [1m[92m   Compiling[0m annotate-snippets v0.12.16
2026-10-08T08:01:12.3154173Z [1m[92m   Compiling[0m tracing-subscriber v0.3.23
2026-10-08T08:01:13.9494633Z [1m[92m   Compiling[0m sized-chunks v0.6.5
2026-10-08T08:01:14.9954120Z [1m[92m   Compiling[0m p384 v0.13.1
2026-10-08T08:01:15.6674296Z [1m[92m   Compiling[0m gix-submodule v0.28.0
2026-10-08T08:01:20.0804391Z [1m[92m   Compiling[0m ignore v0.4.25
2026-10-08T08:01:20.9422433Z [1m[92m   Compiling[0m cargo v0.97.1
2026-10-08T08:01:21.4264137Z [1m[92m   Compiling[0m gix-status v0.28.0
2026-10-08T08:01:23.4914371Z [1m[92m   Compiling[0m serde-untagged v0.1.9
2026-10-08T08:01:24.2984258Z [1m[92m   Compiling[0m gix-odb v0.78.0
2026-10-08T08:01:24.6854369Z [1m[92m   Compiling[0m orion v0.17.14
2026-10-08T08:01:25.4054222Z [1m[92m   Compiling[0m serde-value v0.7.0
2026-10-08T08:01:26.2354413Z [1m[92m   Compiling[0m futures-executor v0.3.32
2026-10-08T08:01:26.8424651Z [1m[92m   Compiling[0m clap v4.6.1
2026-10-08T08:01:26.9374841Z [1m[92m   Compiling[0m color-print-proc-macro v0.3.7
2026-10-08T08:01:29.0314053Z [1m[92m   Compiling[0m toml v1.1.2+spec-1.1.0
2026-10-08T08:01:32.3874381Z [1m[92m   Compiling[0m cargo-credential v0.4.10
2026-10-08T08:01:35.6884054Z [1m[92m   Compiling[0m sha2 v0.11.0
2026-10-08T08:01:36.4828814Z [1m[92m   Compiling[0m chacha20 v0.10.0
2026-10-08T08:01:36.5437563Z [1m[92m   Compiling[0m rand_xoshiro v0.6.0
2026-10-08T08:01:36.8004511Z [1m[92m   Compiling[0m anstyle-hyperlink v1.0.2
2026-10-08T08:01:37.2404630Z [1m[92m   Compiling[0m hashlink v0.11.0
2026-10-08T08:01:37.6214436Z [1m[92m   Compiling[0m ed25519-compact v2.3.0
2026-10-08T08:01:37.7444544Z [1m[92m   Compiling[0m regex v1.12.3
2026-10-08T08:01:38.1054414Z [1m[92m   Compiling[0m semver v1.0.28
2026-10-08T08:01:39.1694754Z [1m[92m   Compiling[0m toml_datetime v0.7.5+spec-1.1.0
2026-10-08T08:01:39.7124354Z [1m[92m   Compiling[0m libloading v0.9.0
2026-10-08T08:01:39.8264529Z [1m[92m   Compiling[0m camino v1.2.2
2026-10-08T08:01:40.0385375Z [1m[92m   Compiling[0m anstyle-progress v0.1.0
2026-10-08T08:01:40.1314299Z [1m[92m   Compiling[0m either v1.16.0
2026-10-08T08:01:40.4234717Z [1m[92m   Compiling[0m ct-codecs v1.1.6
2026-10-08T08:01:40.5364069Z [1m[92m   Compiling[0m cbindgen v0.29.3
2026-10-08T08:01:40.8784864Z [1m[92m   Compiling[0m supports-hyperlinks v3.2.0
2026-10-08T08:01:40.9564389Z [1m[92m   Compiling[0m supports-unicode v3.0.0
2026-10-08T08:01:41.1114669Z [1m[92m   Compiling[0m fallible-iterator v0.3.0
2026-10-08T08:01:41.2004315Z [1m[92m   Compiling[0m fallible-streaming-iterator v0.1.9
2026-10-08T08:01:41.3854728Z [1m[92m   Compiling[0m hex v0.4.3
2026-10-08T08:01:41.3944572Z [1m[92m   Compiling[0m is_executable v1.0.5
2026-10-08T08:01:41.4794198Z [1m[92m   Compiling[0m constant_time_eq v0.4.2
2026-10-08T08:01:41.5284335Z [1m[92m   Compiling[0m arrayref v0.3.9
2026-10-08T08:01:41.5984141Z [1m[92m   Compiling[0m shlex v1.3.0
2026-10-08T08:01:41.7964343Z [1m[92m   Compiling[0m shell-escape v0.1.5
2026-10-08T08:01:41.8026696Z [1m[92m   Compiling[0m arrayvec v0.7.6
2026-10-08T08:01:41.9634419Z [1m[92m   Compiling[0m cargo-util v0.2.29
2026-10-08T08:01:42.1994712Z [1m[92m   Compiling[0m clap_complete v4.6.5
2026-10-08T08:01:42.2734339Z [1m[92m   Compiling[0m cargo-util-terminal v0.1.0
2026-10-08T08:01:42.6574536Z [1m[92m   Compiling[0m pasetors v0.7.8
2026-10-08T08:01:43.4314349Z [1m[92m   Compiling[0m itertools v0.14.0
2026-10-08T08:01:43.9674353Z [1m[92m   Compiling[0m cargo-credential-libsecret v0.5.7
2026-10-08T08:01:44.5744845Z [1m[92m   Compiling[0m toml v0.9.12+spec-1.1.0
2026-10-08T08:01:47.3824758Z [1m[92m   Compiling[0m cargo-util-schemas v0.14.0
2026-10-08T08:01:51.7004171Z [1m[92m   Compiling[0m rand v0.10.1
2026-10-08T08:01:52.4694227Z [1m[92m   Compiling[0m ar_archive_writer v0.5.1
2026-10-08T08:01:53.2174199Z [1m[92m   Compiling[0m color-print v0.3.7
2026-10-08T08:01:53.2864230Z [1m[92m   Compiling[0m futures v0.3.32
2026-10-08T08:01:53.3674267Z [1m[92m   Compiling[0m os_info v3.15.0
2026-10-08T08:01:53.7194448Z [1m[92m   Compiling[0m tracing-chrome v0.7.2
2026-10-08T08:01:55.8814428Z [1m[92m   Compiling[0m toml_edit v0.25.12+spec-1.1.0
2026-10-08T08:01:55.9024160Z [1m[92m   Compiling[0m rustfix v0.9.6
2026-10-08T08:01:57.3854122Z [1m[92m   Compiling[0m sha1 v0.11.0
2026-10-08T08:01:57.5784399Z [1m[92m   Compiling[0m hmac v0.13.0
2026-10-08T08:01:59.6144272Z [1m[92m   Compiling[0m async-trait v0.1.89
2026-10-08T08:02:01.0984276Z [1m[92m   Compiling[0m opener v0.8.4
2026-10-08T08:02:02.3184859Z [1m[92m   Compiling[0m http v1.4.1
2026-10-08T08:02:03.0454218Z [1m[92m   Compiling[0m cargo-platform v0.3.3
2026-10-08T08:02:04.1504752Z [1m[92m   Compiling[0m serde_ignored v0.1.14
2026-10-08T08:02:04.1764176Z [1m[92m   Compiling[0m http-auth v0.1.10
2026-10-08T08:02:04.3474384Z [1m[92m   Compiling[0m futures-timer v3.0.4
2026-10-08T08:02:04.8174414Z [1m[92m   Compiling[0m rustc-stable-hash v0.1.2
2026-10-08T08:02:05.1014326Z [1m[92m   Compiling[0m unicase v2.9.0
2026-10-08T08:02:05.5974404Z [1m[92m   Compiling[0m glob v0.3.3
2026-10-08T08:02:05.8084510Z [1m[92m   Compiling[0m rustc-hash v2.1.2
2026-10-08T08:02:05.9394078Z [1m[92m   Compiling[0m pathdiff v0.2.3
2026-10-08T08:02:06.0854280Z [1m[92m   Compiling[0m home v0.5.12
2026-10-08T08:02:07.1924573Z [1m[92m   Compiling[0m implib v0.6.0
2026-10-08T08:02:10.2934348Z [1m[92m   Compiling[0m gix-transport v0.55.1
2026-10-08T08:02:11.5356716Z [1m[92m   Compiling[0m crates-io v0.40.19
2026-10-08T08:02:12.5824359Z [1m[92m   Compiling[0m gix-protocol v0.59.0
2026-10-08T08:02:17.2744150Z [1m[92m   Compiling[0m gix v0.81.0
2026-10-08T08:02:57.2352301Z [1m[92m   Compiling[0m git2 v0.20.4
2026-10-08T08:02:57.8866396Z [1m[92m   Compiling[0m rusqlite v0.39.0
2026-10-08T08:02:59.5316110Z [1m[92m   Compiling[0m git2-curl v0.21.0
2026-10-08T08:03:19.4988355Z [1m[92m   Compiling[0m cargo-c v0.10.23+cargo-0.97.1
2026-10-08T08:04:39.6143720Z [1m[92m    Finished[0m `release` profile [optimized] target(s) in 4m 57s
2026-10-08T08:04:39.6432450Z [1m[92m  Installing[0m /home/runner/.cargo/bin/cargo-capi
2026-10-08T08:04:39.6433684Z [1m[92m  Installing[0m /home/runner/.cargo/bin/cargo-cbuild
2026-10-08T08:04:39.6434440Z [1m[92m  Installing[0m /home/runner/.cargo/bin/cargo-cinstall
2026-10-08T08:04:39.6435171Z [1m[92m  Installing[0m /home/runner/.cargo/bin/cargo-ctest
2026-10-08T08:04:39.6440272Z [1m[92m   Installed[0m package `cargo-c v0.10.23+cargo-0.97.1` (executables `cargo-capi`, `cargo-cbuild`, `cargo-cinstall`, `cargo-ctest`)
2026-10-08T08:04:40.0901710Z ##[group]Run campaign="/opt/purrdf-native-profile/$GITHUB_RUN_ID-$GITHUB_RUN_ATTEMPT"
2026-10-08T08:04:40.0902403Z [36;1mcampaign="/opt/purrdf-native-profile/$GITHUB_RUN_ID-$GITHUB_RUN_ATTEMPT"[0m
2026-10-08T08:04:40.0903405Z [36;1mCARGO_TARGET_DIR="$campaign/controller-target" CARGO_BUILD_BUILD_DIR="$campaign/controller-build" \[0m
2026-10-08T08:04:40.0904146Z [36;1m  cargo build --locked -p purrdf-capi --example native_ci_profile --profile test --jobs 8[0m
2026-10-08T08:04:40.0905145Z [36;1mecho "PURRDF_HOSTED_CONTROLLER=$campaign/controller-target/debug/examples/native_ci_profile" >> "$GITHUB_ENV"[0m
2026-10-08T08:04:40.0905842Z [36;1mecho "PURRDF_HOSTED_REAL_CARGO=$(command -v cargo)" >> "$GITHUB_ENV"[0m
2026-10-08T08:04:40.0965772Z shell: /usr/bin/bash -e {0}
2026-10-08T08:04:40.0966045Z env:
2026-10-08T08:04:40.0966245Z   CARGO_BUILD_JOBS: 8
2026-10-08T08:04:40.0966681Z   PURRDF_REQUIRE_SIMD_PATHS: distance:portable,distance:sse2,blake3:sse2,deflate:sse2,csv:sse2
2026-10-08T08:04:40.0967219Z   CARGO_HOME: /home/runner/.cargo
2026-10-08T08:04:40.0967501Z   CARGO_INCREMENTAL: 0
2026-10-08T08:04:40.0967729Z   CARGO_TERM_COLOR: always
2026-10-08T08:04:40.0967966Z ##[endgroup]
2026-10-08T08:04:40.1726399Z [1m[92m    Updating[0m crates.io index
2026-10-08T08:04:40.2174943Z [1m[92m Downloading[0m crates ...
2026-10-08T08:04:40.2551271Z [1m[92m  Downloaded[0m getrandom v0.3.4
2026-10-08T08:04:40.2607650Z [1m[92m  Downloaded[0m cpubits v0.1.1
2026-10-08T08:04:40.2621747Z [1m[92m  Downloaded[0m inout v0.2.2
2026-10-08T08:04:40.2637113Z [1m[92m  Downloaded[0m ghash v0.6.0
2026-10-08T08:04:40.2650852Z [1m[92m  Downloaded[0m universal-hash v0.6.1
2026-10-08T08:04:40.2662382Z [1m[92m  Downloaded[0m block-buffer v0.12.1
2026-10-08T08:04:40.2681490Z [1m[92m  Downloaded[0m aead v0.6.1
2026-10-08T08:04:40.2699423Z [1m[92m  Downloaded[0m hybrid-array v0.4.15
2026-10-08T08:04:40.2723980Z [1m[92m  Downloaded[0m twox-hash v2.1.2
2026-10-08T08:04:40.2746148Z [1m[92m  Downloaded[0m cipher v0.5.2
2026-10-08T08:04:40.2768906Z [1m[92m  Downloaded[0m aes v0.9.3
2026-10-08T08:04:40.2806752Z [1m[92m  Downloaded[0m ctr v0.10.1
2026-10-08T08:04:40.2827735Z [1m[92m  Downloaded[0m visual-hashing v1.0.0
2026-10-08T08:04:40.2849905Z [1m[92m  Downloaded[0m polyval v0.7.3
2026-10-08T08:04:40.2870028Z [1m[92m  Downloaded[0m rayon-core v1.13.0
2026-10-08T08:04:40.2906018Z [1m[92m  Downloaded[0m memchr v2.8.2
2026-10-08T08:04:40.2959625Z [1m[92m  Downloaded[0m aes-gcm v0.11.1
2026-10-08T08:04:40.2988694Z [1m[92m  Downloaded[0m regex v1.12.4
2026-10-08T08:04:40.3039572Z [1m[92m  Downloaded[0m rayon v1.12.0
2026-10-08T08:04:40.3133400Z [1m[92m  Downloaded[0m regex-syntax v0.8.11
2026-10-08T08:04:40.3199723Z [1m[92m  Downloaded[0m structured-zstd v0.0.49
2026-10-08T08:04:40.3905500Z [1m[92m   Compiling[0m typenum v1.20.1
2026-10-08T08:04:40.3907703Z [1m[92m   Compiling[0m purrdf-hash v3.0.1 (/home/runner/work/purrdf/purrdf/crates/hash)
2026-10-08T08:04:40.3908857Z [1m[92m   Compiling[0m cpufeatures v0.3.0
2026-10-08T08:04:40.3913904Z [1m[92m   Compiling[0m cfg-if v1.0.4
2026-10-08T08:04:40.3914909Z [1m[92m   Compiling[0m const-oid v0.10.2
2026-10-08T08:04:40.3916345Z [1m[92m   Compiling[0m purrdf-events v3.0.1 (/home/runner/work/purrdf/purrdf/crates/rdf-events)
2026-10-08T08:04:40.3922359Z [1m[92m   Compiling[0m regex-syntax v0.8.11
2026-10-08T08:04:40.3924086Z [1m[92m   Compiling[0m purrdf-core v3.0.1 (/home/runner/work/purrdf/purrdf/crates/rdf-core)
2026-10-08T08:04:40.4564741Z [1m[92m   Compiling[0m crossbeam-utils v0.8.21
2026-10-08T08:04:40.4865445Z [1m[92m   Compiling[0m hashbrown v0.17.1
2026-10-08T08:04:40.6044124Z [1m[92m   Compiling[0m rayon-core v1.13.0
2026-10-08T08:04:40.7834048Z [1m[92m   Compiling[0m either v1.16.0
2026-10-08T08:04:40.8284108Z [1m[92m   Compiling[0m libc v0.2.186
2026-10-08T08:04:41.1984072Z [1m[92m   Compiling[0m getrandom v0.3.4
2026-10-08T08:04:41.8504673Z [1m[92m   Compiling[0m cmov v0.5.4
2026-10-08T08:04:42.1725336Z [1m[92m   Compiling[0m ctutils v0.4.2
2026-10-08T08:04:42.3834366Z [1m[92m   Compiling[0m crossbeam-epoch v0.9.18
2026-10-08T08:04:42.7724006Z [1m[92m   Compiling[0m cpubits v0.1.1
2026-10-08T08:04:42.8384257Z [1m[92m   Compiling[0m fastrand v2.4.1
2026-10-08T08:04:42.8504084Z [1m[92m   Compiling[0m twox-hash v2.1.2
2026-10-08T08:04:43.0044377Z [1m[92m   Compiling[0m hybrid-array v0.4.15
2026-10-08T08:04:43.0554795Z [1m[92m   Compiling[0m crossbeam-deque v0.8.6
2026-10-08T08:04:43.1852551Z [1m[92m   Compiling[0m visual-hashing v1.0.0
2026-10-08T08:04:43.5006211Z [1m[92m   Compiling[0m structured-zstd v0.0.49
2026-10-08T08:04:44.1645414Z [1m[92m   Compiling[0m purrdf-stack v3.0.1 (/home/runner/work/purrdf/purrdf/crates/stack)
2026-10-08T08:04:44.5233027Z [1m[92m   Compiling[0m crypto-common v0.2.2
2026-10-08T08:04:44.5295242Z [1m[92m   Compiling[0m block-buffer v0.12.1
2026-10-08T08:04:44.5323818Z [1m[92m   Compiling[0m inout v0.2.2
2026-10-08T08:04:44.5594172Z [1m[92m   Compiling[0m rayon v1.12.0
2026-10-08T08:04:45.1124370Z [1m[92m   Compiling[0m regex-automata v0.4.14
2026-10-08T08:04:46.9895223Z [1m[92m   Compiling[0m purrdf-lex v3.0.1 (/home/runner/work/purrdf/purrdf/crates/lex)
2026-10-08T08:04:47.6661026Z [1m[92m   Compiling[0m digest v0.11.3
2026-10-08T08:04:47.9324285Z [1m[92m   Compiling[0m sha2 v0.11.0
2026-10-08T08:04:48.2084687Z [1m[92m   Compiling[0m purrdf-deflate v3.0.1 (/home/runner/work/purrdf/purrdf/crates/deflate)
2026-10-08T08:04:49.9264200Z [1m[92m   Compiling[0m universal-hash v0.6.1
2026-10-08T08:04:50.0954110Z [1m[92m   Compiling[0m cipher v0.5.2
2026-10-08T08:04:50.8164574Z [1m[92m   Compiling[0m polyval v0.7.3
2026-10-08T08:04:51.3984096Z [1m[92m   Compiling[0m regex v1.12.4
2026-10-08T08:04:52.7444845Z [1m[92m   Compiling[0m ghash v0.6.0
2026-10-08T08:04:52.8584212Z [1m[92m   Compiling[0m aes v0.9.3
2026-10-08T08:04:53.2764402Z [1m[92m   Compiling[0m ctr v0.10.1
2026-10-08T08:04:53.6845178Z [1m[92m   Compiling[0m purrdf-xsd v3.0.1 (/home/runner/work/purrdf/purrdf/crates/xsd)
2026-10-08T08:04:54.1364640Z [1m[92m   Compiling[0m purrdf-iri v3.0.1 (/home/runner/work/purrdf/purrdf/crates/iri)
2026-10-08T08:04:54.8912075Z [1m[92m   Compiling[0m aead v0.6.1
2026-10-08T08:04:55.1254364Z [1m[92m   Compiling[0m aes-gcm v0.11.1
2026-10-08T08:04:55.3624823Z [1m[92m   Compiling[0m purrdf-ed25519 v3.0.1 (/home/runner/work/purrdf/purrdf/crates/ed25519)
2026-10-08T08:04:57.1430919Z [1m[92m   Compiling[0m purrdf-testkit v3.0.1 (/home/runner/work/purrdf/purrdf/crates/testkit)
2026-10-08T08:04:59.0858014Z [1m[92m   Compiling[0m purrdf-cdt v3.0.1 (/home/runner/work/purrdf/purrdf/crates/cdt)
2026-10-08T08:05:04.1925103Z [1m[92m   Compiling[0m purrdf-sparql-algebra v3.0.1 (/home/runner/work/purrdf/purrdf/crates/sparql-algebra)
2026-10-08T08:05:09.7434063Z [1m[92m   Compiling[0m purrdf-gts v3.0.1 (/home/runner/work/purrdf/purrdf/crates/gts)
2026-10-08T08:05:35.8245184Z [1m[92m   Compiling[0m purrdf-sparql-results v3.0.1 (/home/runner/work/purrdf/purrdf/crates/sparql-results)
2026-10-08T08:05:36.7186428Z [1m[92m   Compiling[0m purrdf-datalog v3.0.1 (/home/runner/work/purrdf/purrdf/crates/datalog)
2026-10-08T08:05:38.1121820Z [1m[92m   Compiling[0m purrdf-sparql-eval v3.0.1 (/home/runner/work/purrdf/purrdf/crates/sparql-eval)
2026-10-08T08:05:43.1614481Z [1m[92m   Compiling[0m purrdf-entail v3.0.1 (/home/runner/work/purrdf/purrdf/crates/entail)
2026-10-08T08:05:49.3184533Z [1m[92m   Compiling[0m purrdf-markdown v3.0.1 (/home/runner/work/purrdf/purrdf/crates/markdown)
2026-10-08T08:05:56.7094566Z [1m[92m   Compiling[0m purrdf-shex v3.0.1 (/home/runner/work/purrdf/purrdf/crates/shex)
2026-10-08T08:06:00.0085843Z [1m[92m   Compiling[0m purrdf-json v3.0.1 (/home/runner/work/purrdf/purrdf/crates/json)
2026-10-08T08:06:04.4175069Z [1m[92m   Compiling[0m purrdf-columnar v3.0.1 (/home/runner/work/purrdf/purrdf/crates/columnar)
2026-10-08T08:06:17.9684931Z [1m[92m   Compiling[0m purrdf-rdf v3.0.1 (/home/runner/work/purrdf/purrdf/crates/rdf)
2026-10-08T08:06:28.6940818Z [1m[92m   Compiling[0m purrdf-text v3.0.1 (/home/runner/work/purrdf/purrdf/crates/text)
2026-10-08T08:06:34.6798928Z [1m[92m   Compiling[0m purrdf-retrieval v3.0.1 (/home/runner/work/purrdf/purrdf/crates/retrieval)
2026-10-08T08:06:36.6615339Z [1m[92m   Compiling[0m purrdf-geo v3.0.1 (/home/runner/work/purrdf/purrdf/crates/geo)
2026-10-08T08:06:43.0182449Z [1m[92m   Compiling[0m purrdf-hnsw v3.0.1 (/home/runner/work/purrdf/purrdf/crates/hnsw)
2026-10-08T08:06:57.2664446Z [1m[92m   Compiling[0m purrdf-slice v3.0.1 (/home/runner/work/purrdf/purrdf/crates/slice)
2026-10-08T08:07:03.8749687Z [1m[92m   Compiling[0m purrdf-shapes v3.0.1 (/home/runner/work/purrdf/purrdf/crates/shapes)
2026-10-08T08:08:05.6101344Z [1m[92m   Compiling[0m purrdf-validate v3.0.1 (/home/runner/work/purrdf/purrdf/crates/validate)
2026-10-08T08:08:09.1704691Z [1m[92m   Compiling[0m purrdf v3.0.1 (/home/runner/work/purrdf/purrdf/crates/purrdf)
2026-10-08T08:09:33.8293258Z [1m[92m   Compiling[0m purrdf-capi v3.0.1 (/home/runner/work/purrdf/purrdf/crates/rdf-capi)
2026-10-08T08:09:46.4943283Z [1m[92m    Finished[0m `test` profile [optimized] target(s) in 5m 06s
2026-10-08T08:09:46.5122205Z ##[group]Run set -o pipefail
2026-10-08T08:09:46.5122520Z [36;1mset -o pipefail[0m
2026-10-08T08:09:46.5123104Z [36;1m"$PURRDF_HOSTED_CONTROLLER" hosted-run "$PROFILE_CASE" 2>&1 | \[0m
2026-10-08T08:09:46.5123729Z [36;1m  tee "/opt/purrdf-native-profile/$GITHUB_RUN_ID-$GITHUB_RUN_ATTEMPT/$PROFILE_CASE/hosted-run.txt"[0m
2026-10-08T08:09:46.5184452Z shell: /usr/bin/bash -e {0}
2026-10-08T08:09:46.5184724Z env:
2026-10-08T08:09:46.5184920Z   CARGO_BUILD_JOBS: 8
2026-10-08T08:09:46.5185343Z   PURRDF_REQUIRE_SIMD_PATHS: distance:portable,distance:sse2,blake3:sse2,deflate:sse2,csv:sse2
2026-10-08T08:09:46.5185833Z   CARGO_HOME: /home/runner/.cargo
2026-10-08T08:09:46.5186106Z   CARGO_INCREMENTAL: 0
2026-10-08T08:09:46.5186340Z   CARGO_TERM_COLOR: always
2026-10-08T08:09:46.5186886Z   PURRDF_HOSTED_CONTROLLER: /opt/purrdf-native-profile/37746157677-1/controller-target/debug/examples/native_ci_profile
2026-10-08T08:09:46.5187559Z   PURRDF_HOSTED_REAL_CARGO: /home/runner/.cargo/bin/cargo
2026-10-08T08:09:46.5187905Z   PROFILE_CASE: after-integration-1
2026-10-08T08:09:46.5188171Z ##[endgroup]
2026-10-08T08:22:01.1063562Z Error: Custom { kind: Other, error: "JSON byte 0: expected a JSON value" }
2026-10-08T08:22:01.1099705Z ##[error]Process completed with exit code 1.
2026-10-08T08:22:01.1170463Z ##[group]Run actions/upload-artifact@043fb46d1a93c77aae656e7c1c64a875d1fc6a0a
2026-10-08T08:22:01.1170912Z with:
2026-10-08T08:22:01.1171201Z   name: native-profile-37746157677-1-arm-after-integration-1
2026-10-08T08:22:01.1172994Z   path: /opt/purrdf-native-profile/37746157677-1/after-integration-1/*.json
/opt/purrdf-native-profile/37746157677-1/after-integration-1/*.txt
/opt/purrdf-native-profile/37746157677-1/after-integration-1/*.diff
/opt/purrdf-native-profile/37746157677-1/after-integration-1/*-cargo/*.json
/opt/purrdf-native-profile/37746157677-1/after-integration-1/*-cargo/*.html

2026-10-08T08:22:01.1174437Z   if-no-files-found: error
2026-10-08T08:22:01.1174679Z   retention-days: 30
2026-10-08T08:22:01.1174903Z   compression-level: 6
2026-10-08T08:22:01.1175125Z   overwrite: false
2026-10-08T08:22:01.1175351Z   include-hidden-files: false
2026-10-08T08:22:01.1175612Z   archive: true
2026-10-08T08:22:01.1175812Z env:
2026-10-08T08:22:01.1176002Z   CARGO_BUILD_JOBS: 8
2026-10-08T08:22:01.1176432Z   PURRDF_REQUIRE_SIMD_PATHS: distance:portable,distance:sse2,blake3:sse2,deflate:sse2,csv:sse2
2026-10-08T08:22:01.1176911Z   CARGO_HOME: /home/runner/.cargo
2026-10-08T08:22:01.1177172Z   CARGO_INCREMENTAL: 0
2026-10-08T08:22:01.1177401Z   CARGO_TERM_COLOR: always
2026-10-08T08:22:01.1177922Z   PURRDF_HOSTED_CONTROLLER: /opt/purrdf-native-profile/37746157677-1/controller-target/debug/examples/native_ci_profile
2026-10-08T08:22:01.1178542Z   PURRDF_HOSTED_REAL_CARGO: /home/runner/.cargo/bin/cargo
2026-10-08T08:22:01.1178865Z ##[endgroup]
2026-10-08T08:22:01.2714548Z With the provided path, there will be 15 files uploaded
2026-10-08T08:22:01.2719743Z Artifact name is valid!
2026-10-08T08:22:01.2720288Z Root directory input is valid!
2026-10-08T08:22:01.6315405Z Uploading artifact: native-profile-37746157677-1-arm-after-integration-1.zip
2026-10-08T08:22:01.6359965Z Beginning upload of artifact content to blob storage
2026-10-08T08:22:02.4727563Z Uploaded bytes 1328607
2026-10-08T08:22:02.5439142Z Finished uploading artifact content to blob storage!
2026-10-08T08:22:02.5440475Z SHA256 digest of uploaded artifact is 85a536fc04f9f240bf441e19636c18ac22d21273b1307733e4c9a851f8211c81
2026-10-08T08:22:02.5441496Z Finalizing artifact upload
2026-10-08T08:22:02.9629521Z Artifact native-profile-37746157677-1-arm-after-integration-1 successfully finalized. Artifact ID 11537515440
2026-10-08T08:22:02.9630949Z Artifact native-profile-37746157677-1-arm-after-integration-1 has been successfully uploaded! Final size is 1328607 bytes. Artifact ID is 11537515440
2026-10-08T08:22:02.9635227Z Artifact download URL: https://github.com/Blackcat-Informatics/purrdf/actions/runs/37746157677/artifacts/11537515440
2026-10-08T08:22:02.9820442Z Post job cleanup.
2026-10-08T08:22:03.0648370Z [command]/usr/bin/git version
2026-10-08T08:22:03.0694839Z git version 2.55.0
2026-10-08T08:22:03.0730532Z Temporarily overriding HOME='/home/runner/work/_temp/969d694b-e50e-4c3e-b2dc-d990176fa342' before making global git config changes
2026-10-08T08:22:03.0731797Z Adding repository directory to the temporary git global config as a safe directory
2026-10-08T08:22:03.0737119Z [command]/usr/bin/git config --global --add safe.directory /home/runner/work/purrdf/purrdf
2026-10-08T08:22:03.0768213Z Removing SSH command configuration
2026-10-08T08:22:03.0774706Z [command]/usr/bin/git config --local --name-only --get-regexp core\.sshCommand
2026-10-08T08:22:03.0811055Z [command]/usr/bin/git submodule foreach --recursive sh -c "git config --local --name-only --get-regexp 'core\.sshCommand' && git config --local --unset-all 'core.sshCommand' || :"
2026-10-08T08:22:03.1053152Z Removing HTTP extra header
2026-10-08T08:22:03.1059067Z [command]/usr/bin/git config --local --name-only --get-regexp http\.https\:\/\/github\.com\/\.extraheader
2026-10-08T08:22:03.1093982Z [command]/usr/bin/git submodule foreach --recursive sh -c "git config --local --name-only --get-regexp 'http\.https\:\/\/github\.com\/\.extraheader' && git config --local --unset-all 'http.https://github.com/.extraheader' || :"
2026-10-08T08:22:03.1327217Z Removing includeIf entries pointing to credentials config files
2026-10-08T08:22:03.1333435Z [command]/usr/bin/git config --local --name-only --get-regexp ^includeIf\.gitdir:
2026-10-08T08:22:03.1366383Z [command]/usr/bin/git submodule foreach --recursive git config --local --show-origin --name-only --get-regexp remote.origin.url
2026-10-08T08:22:03.1740401Z Cleaning up orphan processes
2026-10-08T08:22:03.2053439Z ##[warning]Node.js 20 is deprecated. The following actions target Node.js 20 but are being forced to run on Node.js 24: actions/download-artifact@95815c38cf2ff2164869cbab79da8d1f422bc89e. For more information see: https://github.blog/changelog/2025-09-19-deprecation-of-node-20-on-github-actions-runners/
