2026-10-08T07:56:52.3156300Z Current runner version: '2.337.0'
2026-10-08T07:56:52.3180960Z ##[group]Runner Image Provisioner
2026-10-08T07:56:52.3181864Z Hosted Compute Agent
2026-10-08T07:56:52.3182698Z Version: 20260901.588
2026-10-08T07:56:52.3183460Z Commit: f88ec8081b781fac6c440065ac7ff9e710ce3d0b
2026-10-08T07:56:52.3184240Z Build Date: 2026-09-01T19:56:44Z
2026-10-08T07:56:52.3185264Z Worker ID: {b5b7178b-0841-4302-ac91-3d1e1de6c30a}
2026-10-08T07:56:52.3186132Z Azure Region: eastus
2026-10-08T07:56:52.3186710Z ##[endgroup]
2026-10-08T07:56:52.3188292Z ##[group]Operating System
2026-10-08T07:56:52.3188990Z Ubuntu
2026-10-08T07:56:52.3189586Z 24.04.5
2026-10-08T07:56:52.3190179Z LTS
2026-10-08T07:56:52.3190692Z ##[endgroup]
2026-10-08T07:56:52.3191300Z ##[group]Runner Image
2026-10-08T07:56:52.3191945Z Image: ubuntu-24.04
2026-10-08T07:56:52.3192748Z Version: 20260927.320.1
2026-10-08T07:56:52.3194114Z Included Software: https://github.com/actions/runner-images/blob/ubuntu24/20260927.320/images/ubuntu/Ubuntu2404-Readme.md
2026-10-08T07:56:52.3195728Z Image Release: https://github.com/actions/runner-images/releases/tag/ubuntu24%2F20260927.320
2026-10-08T07:56:52.3196748Z ##[endgroup]
2026-10-08T07:56:52.3197942Z ##[group]GITHUB_TOKEN Permissions
2026-10-08T07:56:52.3200090Z Contents: read
2026-10-08T07:56:52.3200850Z Metadata: read
2026-10-08T07:56:52.3201469Z ##[endgroup]
2026-10-08T07:56:52.3203815Z Secret source: Actions
2026-10-08T07:56:52.3204886Z Cache mode: write
2026-10-08T07:56:52.3205867Z Prepare workflow directory
2026-10-08T07:56:52.3597043Z Prepare all required actions
2026-10-08T07:56:52.3645803Z Getting action download info
2026-10-08T07:56:52.5821087Z Download action repository 'actions/checkout@9c091bb21b7c1c1d1991bb908d89e4e9dddfe3e0' (SHA:9c091bb21b7c1c1d1991bb908d89e4e9dddfe3e0)
2026-10-08T07:56:52.6947252Z Download action repository 'dtolnay/rust-toolchain@29eef336d9b2848a0b548edc03f92a220660cdb8' (SHA:29eef336d9b2848a0b548edc03f92a220660cdb8)
2026-10-08T07:56:52.8033525Z Download action repository 'actions/download-artifact@95815c38cf2ff2164869cbab79da8d1f422bc89e' (SHA:95815c38cf2ff2164869cbab79da8d1f422bc89e)
2026-10-08T07:56:52.9852283Z Download action repository 'actions/setup-node@48b55a011bda9f5d6aeb4c2d9c7362e8dae4041e' (SHA:48b55a011bda9f5d6aeb4c2d9c7362e8dae4041e)
2026-10-08T07:56:53.0799762Z Download action repository 'actions/upload-artifact@043fb46d1a93c77aae656e7c1c64a875d1fc6a0a' (SHA:043fb46d1a93c77aae656e7c1c64a875d1fc6a0a)
2026-10-08T07:56:53.2863565Z Complete job name: native-profile (after-integration-2)
2026-10-08T07:56:53.3602282Z ##[group]Run campaign="/opt/purrdf-native-profile/$GITHUB_RUN_ID-$GITHUB_RUN_ATTEMPT"
2026-10-08T07:56:53.3603690Z [36;1mcampaign="/opt/purrdf-native-profile/$GITHUB_RUN_ID-$GITHUB_RUN_ATTEMPT"[0m
2026-10-08T07:56:53.3604516Z [36;1msudo mkdir -p "$campaign"[0m
2026-10-08T07:56:53.3605123Z [36;1msudo chown -R "$(id -u):$(id -g)" "$campaign"[0m
2026-10-08T07:56:53.3605796Z [36;1mdate +%s%N > "$campaign/setup-start.txt"[0m
2026-10-08T07:56:53.3606474Z [36;1mmkdir -p "$campaign/after-integration-2"[0m
2026-10-08T07:56:53.3607360Z [36;1mcp "$campaign/setup-start.txt" "$campaign/after-integration-2/setup-start.txt"[0m
2026-10-08T07:56:53.3608360Z [36;1mdf -h /opt > "$campaign/after-integration-2/setup-disk-before.txt"[0m
2026-10-08T07:56:53.3854232Z shell: /usr/bin/bash -e {0}
2026-10-08T07:56:53.3855124Z env:
2026-10-08T07:56:53.3855605Z   CARGO_BUILD_JOBS: 8
2026-10-08T07:56:53.3856569Z   PURRDF_REQUIRE_SIMD_PATHS: distance:portable,distance:sse2,blake3:sse2,deflate:sse2,csv:sse2
2026-10-08T07:56:53.3857578Z ##[endgroup]
2026-10-08T07:56:53.4527070Z ##[group]Run sudo rm -rf /usr/share/dotnet /opt/ghc /usr/local/lib/android /usr/share/swift
2026-10-08T07:56:53.4528222Z [36;1msudo rm -rf /usr/share/dotnet /opt/ghc /usr/local/lib/android /usr/share/swift[0m
2026-10-08T07:56:53.4529502Z [36;1mdf -h /opt > "/opt/purrdf-native-profile/$GITHUB_RUN_ID-$GITHUB_RUN_ATTEMPT/after-integration-2/setup-disk-after.txt"[0m
2026-10-08T07:56:53.4591843Z shell: /usr/bin/bash -e {0}
2026-10-08T07:56:53.4592880Z env:
2026-10-08T07:56:53.4593286Z   CARGO_BUILD_JOBS: 8
2026-10-08T07:56:53.4594060Z   PURRDF_REQUIRE_SIMD_PATHS: distance:portable,distance:sse2,blake3:sse2,deflate:sse2,csv:sse2
2026-10-08T07:56:53.4594906Z ##[endgroup]
2026-10-08T07:58:20.0831945Z ##[group]Run actions/checkout@9c091bb21b7c1c1d1991bb908d89e4e9dddfe3e0
2026-10-08T07:58:20.0832759Z with:
2026-10-08T07:58:20.0833036Z   persist-credentials: false
2026-10-08T07:58:20.0833373Z   repository: Blackcat-Informatics/purrdf
2026-10-08T07:58:20.0836973Z   token: ***
2026-10-08T07:58:20.0837235Z   ssh-strict: true
2026-10-08T07:58:20.0837490Z   ssh-user: git
2026-10-08T07:58:20.0837728Z   clean: true
2026-10-08T07:58:20.0837991Z   sparse-checkout-cone-mode: true
2026-10-08T07:58:20.0838298Z   fetch-depth: 1
2026-10-08T07:58:20.0838540Z   fetch-tags: false
2026-10-08T07:58:20.0838795Z   show-progress: true
2026-10-08T07:58:20.0839057Z   lfs: false
2026-10-08T07:58:20.0839296Z   submodules: false
2026-10-08T07:58:20.0839570Z   set-safe-directory: true
2026-10-08T07:58:20.0839886Z   allow-unsafe-pr-checkout: false
2026-10-08T07:58:20.0840176Z env:
2026-10-08T07:58:20.0840398Z   CARGO_BUILD_JOBS: 8
2026-10-08T07:58:20.0840873Z   PURRDF_REQUIRE_SIMD_PATHS: distance:portable,distance:sse2,blake3:sse2,deflate:sse2,csv:sse2
2026-10-08T07:58:20.0841378Z ##[endgroup]
2026-10-08T07:58:20.1765167Z Syncing repository: Blackcat-Informatics/purrdf
2026-10-08T07:58:20.1766767Z ##[group]Getting Git version info
2026-10-08T07:58:20.1767221Z Working directory is '/home/runner/work/purrdf/purrdf'
2026-10-08T07:58:20.1768060Z [command]/usr/bin/git version
2026-10-08T07:58:20.1816610Z git version 2.55.0
2026-10-08T07:58:20.1838301Z ##[endgroup]
2026-10-08T07:58:20.1848704Z Temporarily overriding HOME='/home/runner/work/_temp/4c18b534-94b8-47d8-94dc-edd81237c65c' before making global git config changes
2026-10-08T07:58:20.1850185Z Adding repository directory to the temporary git global config as a safe directory
2026-10-08T07:58:20.1855086Z [command]/usr/bin/git config --global --add safe.directory /home/runner/work/purrdf/purrdf
2026-10-08T07:58:20.1901068Z Deleting the contents of '/home/runner/work/purrdf/purrdf'
2026-10-08T07:58:20.1905140Z ##[group]Determining repository object format
2026-10-08T07:58:20.1906613Z ##[endgroup]
2026-10-08T07:58:20.1907421Z ##[group]Initializing the repository
2026-10-08T07:58:20.1911145Z [command]/usr/bin/git init /home/runner/work/purrdf/purrdf
2026-10-08T07:58:20.1998629Z hint: Using 'master' as the name for the initial branch. This default branch name
2026-10-08T07:58:20.1999940Z hint: will change to "main" in Git 3.0. To configure the initial branch name
2026-10-08T07:58:20.2000840Z hint: to use in all of your new repositories, which will suppress this warning,
2026-10-08T07:58:20.2001349Z hint: call:
2026-10-08T07:58:20.2001607Z hint:
2026-10-08T07:58:20.2002086Z hint: 	git config --global init.defaultBranch <name>
2026-10-08T07:58:20.2002935Z hint:
2026-10-08T07:58:20.2003500Z hint: Names commonly chosen instead of 'master' are 'main', 'trunk' and
2026-10-08T07:58:20.2004539Z hint: 'development'. The just-created branch can be renamed via this command:
2026-10-08T07:58:20.2005458Z hint:
2026-10-08T07:58:20.2005993Z hint: 	git branch -m <name>
2026-10-08T07:58:20.2006579Z hint:
2026-10-08T07:58:20.2007360Z hint: Disable this message with "git config set advice.defaultBranchName false"
2026-10-08T07:58:20.2008592Z Initialized empty Git repository in /home/runner/work/purrdf/purrdf/.git/
2026-10-08T07:58:20.2014950Z [command]/usr/bin/git remote add origin https://github.com/Blackcat-Informatics/purrdf
2026-10-08T07:58:20.2060293Z ##[endgroup]
2026-10-08T07:58:20.2061148Z ##[group]Disabling automatic garbage collection
2026-10-08T07:58:20.2064816Z [command]/usr/bin/git config --local gc.auto 0
2026-10-08T07:58:20.2094274Z ##[endgroup]
2026-10-08T07:58:20.2095049Z ##[group]Setting up auth
2026-10-08T07:58:20.2095591Z Removing SSH command configuration
2026-10-08T07:58:20.2099962Z [command]/usr/bin/git config --local --name-only --get-regexp core\.sshCommand
2026-10-08T07:58:20.2130202Z [command]/usr/bin/git submodule foreach --recursive sh -c "git config --local --name-only --get-regexp 'core\.sshCommand' && git config --local --unset-all 'core.sshCommand' || :"
2026-10-08T07:58:20.2457275Z Removing HTTP extra header
2026-10-08T07:58:20.2462156Z [command]/usr/bin/git config --local --name-only --get-regexp http\.https\:\/\/github\.com\/\.extraheader
2026-10-08T07:58:20.2491955Z [command]/usr/bin/git submodule foreach --recursive sh -c "git config --local --name-only --get-regexp 'http\.https\:\/\/github\.com\/\.extraheader' && git config --local --unset-all 'http.https://github.com/.extraheader' || :"
2026-10-08T07:58:20.2705794Z Removing includeIf entries pointing to credentials config files
2026-10-08T07:58:20.2710155Z [command]/usr/bin/git config --local --name-only --get-regexp ^includeIf\.gitdir:
2026-10-08T07:58:20.2744114Z [command]/usr/bin/git submodule foreach --recursive git config --local --show-origin --name-only --get-regexp remote.origin.url
2026-10-08T07:58:20.2968608Z [command]/usr/bin/git config --file /home/runner/work/_temp/git-credentials-072fd18a-dbab-4e47-819d-9969ea316c2c.config http.https://github.com/.extraheader AUTHORIZATION: basic ***
2026-10-08T07:58:20.3003947Z [command]/usr/bin/git config --local includeIf.gitdir:/home/runner/work/purrdf/purrdf/.git.path /home/runner/work/_temp/git-credentials-072fd18a-dbab-4e47-819d-9969ea316c2c.config
2026-10-08T07:58:20.3034939Z [command]/usr/bin/git config --local includeIf.gitdir:/home/runner/work/purrdf/purrdf/.git/worktrees/*.path /home/runner/work/_temp/git-credentials-072fd18a-dbab-4e47-819d-9969ea316c2c.config
2026-10-08T07:58:20.3069338Z [command]/usr/bin/git config --local includeIf.gitdir:/github/workspace/.git.path /github/runner_temp/git-credentials-072fd18a-dbab-4e47-819d-9969ea316c2c.config
2026-10-08T07:58:20.3103224Z [command]/usr/bin/git config --local includeIf.gitdir:/github/workspace/.git/worktrees/*.path /github/runner_temp/git-credentials-072fd18a-dbab-4e47-819d-9969ea316c2c.config
2026-10-08T07:58:20.3131792Z ##[endgroup]
2026-10-08T07:58:20.3133013Z ##[group]Fetching the repository
2026-10-08T07:58:20.3139347Z [command]/usr/bin/git -c protocol.version=2 fetch --no-tags --prune --no-recurse-submodules --depth=1 origin +221b1ace8bd30e010dba6b9d732cfc9ff576a0ed:refs/remotes/origin/paudley/308-reduce-native-ci-test-compilation-and-c
2026-10-08T07:58:24.9924036Z From https://github.com/Blackcat-Informatics/purrdf
2026-10-08T07:58:24.9925904Z  * [new ref]           221b1ace8bd30e010dba6b9d732cfc9ff576a0ed -> origin/paudley/308-reduce-native-ci-test-compilation-and-c
2026-10-08T07:58:24.9935898Z [command]/usr/bin/git branch --list --remote origin/paudley/308-reduce-native-ci-test-compilation-and-c
2026-10-08T07:58:24.9967559Z   origin/paudley/308-reduce-native-ci-test-compilation-and-c
2026-10-08T07:58:24.9977937Z [command]/usr/bin/git rev-parse refs/remotes/origin/paudley/308-reduce-native-ci-test-compilation-and-c
2026-10-08T07:58:25.0002937Z 221b1ace8bd30e010dba6b9d732cfc9ff576a0ed
2026-10-08T07:58:25.0008160Z ##[endgroup]
2026-10-08T07:58:25.0009085Z ##[group]Determining the checkout info
2026-10-08T07:58:25.0010111Z ##[endgroup]
2026-10-08T07:58:25.0014707Z [command]/usr/bin/git sparse-checkout disable
2026-10-08T07:58:25.0072308Z [command]/usr/bin/git config --local --unset-all extensions.worktreeConfig
2026-10-08T07:58:25.0111667Z ##[group]Checking out the ref
2026-10-08T07:58:25.0118744Z [command]/usr/bin/git checkout --progress --force -B paudley/308-reduce-native-ci-test-compilation-and-c refs/remotes/origin/paudley/308-reduce-native-ci-test-compilation-and-c
2026-10-08T07:58:26.0371388Z Updating files:  62% (11286/18055)
2026-10-08T07:58:26.0590535Z Updating files:  63% (11375/18055)
2026-10-08T07:58:26.0667148Z Updating files:  64% (11556/18055)
2026-10-08T07:58:26.0735407Z Updating files:  65% (11736/18055)
2026-10-08T07:58:26.0810023Z Updating files:  66% (11917/18055)
2026-10-08T07:58:26.0883035Z Updating files:  67% (12097/18055)
2026-10-08T07:58:26.0949534Z Updating files:  68% (12278/18055)
2026-10-08T07:58:26.1013135Z Updating files:  69% (12458/18055)
2026-10-08T07:58:26.1073050Z Updating files:  70% (12639/18055)
2026-10-08T07:58:26.1140733Z Updating files:  71% (12820/18055)
2026-10-08T07:58:26.1203867Z Updating files:  72% (13000/18055)
2026-10-08T07:58:26.1272218Z Updating files:  73% (13181/18055)
2026-10-08T07:58:26.1336289Z Updating files:  74% (13361/18055)
2026-10-08T07:58:26.1401749Z Updating files:  75% (13542/18055)
2026-10-08T07:58:26.1466771Z Updating files:  76% (13722/18055)
2026-10-08T07:58:26.1531532Z Updating files:  77% (13903/18055)
2026-10-08T07:58:26.1609574Z Updating files:  78% (14083/18055)
2026-10-08T07:58:26.1672709Z Updating files:  79% (14264/18055)
2026-10-08T07:58:26.1735827Z Updating files:  80% (14444/18055)
2026-10-08T07:58:26.1799730Z Updating files:  81% (14625/18055)
2026-10-08T07:58:26.1859691Z Updating files:  82% (14806/18055)
2026-10-08T07:58:26.1960614Z Updating files:  83% (14986/18055)
2026-10-08T07:58:26.2024929Z Updating files:  84% (15167/18055)
2026-10-08T07:58:26.2086914Z Updating files:  85% (15347/18055)
2026-10-08T07:58:26.2152329Z Updating files:  86% (15528/18055)
2026-10-08T07:58:26.2215252Z Updating files:  87% (15708/18055)
2026-10-08T07:58:26.2276996Z Updating files:  88% (15889/18055)
2026-10-08T07:58:26.2346469Z Updating files:  89% (16069/18055)
2026-10-08T07:58:26.2411422Z Updating files:  90% (16250/18055)
2026-10-08T07:58:26.2476989Z Updating files:  91% (16431/18055)
2026-10-08T07:58:26.2543421Z Updating files:  92% (16611/18055)
2026-10-08T07:58:26.2610725Z Updating files:  93% (16792/18055)
2026-10-08T07:58:26.2676815Z Updating files:  94% (16972/18055)
2026-10-08T07:58:26.2747141Z Updating files:  95% (17153/18055)
2026-10-08T07:58:26.2826433Z Updating files:  96% (17333/18055)
2026-10-08T07:58:26.2897424Z Updating files:  97% (17514/18055)
2026-10-08T07:58:26.2971322Z Updating files:  98% (17694/18055)
2026-10-08T07:58:26.3042774Z Updating files:  99% (17875/18055)
2026-10-08T07:58:26.3043233Z Updating files: 100% (18055/18055)
2026-10-08T07:58:26.3043531Z Updating files: 100% (18055/18055), done.
2026-10-08T07:58:26.3228969Z Switched to a new branch 'paudley/308-reduce-native-ci-test-compilation-and-c'
2026-10-08T07:58:26.3235123Z branch 'paudley/308-reduce-native-ci-test-compilation-and-c' set up to track 'origin/paudley/308-reduce-native-ci-test-compilation-and-c'.
2026-10-08T07:58:26.3261774Z ##[endgroup]
2026-10-08T07:58:26.3305219Z [command]/usr/bin/git log -1 --format=%H
2026-10-08T07:58:26.3328840Z 221b1ace8bd30e010dba6b9d732cfc9ff576a0ed
2026-10-08T07:58:26.3337912Z ##[group]Removing auth
2026-10-08T07:58:26.3338350Z Removing SSH command configuration
2026-10-08T07:58:26.3341745Z [command]/usr/bin/git config --local --name-only --get-regexp core\.sshCommand
2026-10-08T07:58:26.3371116Z [command]/usr/bin/git submodule foreach --recursive sh -c "git config --local --name-only --get-regexp 'core\.sshCommand' && git config --local --unset-all 'core.sshCommand' || :"
2026-10-08T07:58:26.3614518Z Removing HTTP extra header
2026-10-08T07:58:26.3623645Z [command]/usr/bin/git config --local --name-only --get-regexp http\.https\:\/\/github\.com\/\.extraheader
2026-10-08T07:58:26.3654388Z [command]/usr/bin/git submodule foreach --recursive sh -c "git config --local --name-only --get-regexp 'http\.https\:\/\/github\.com\/\.extraheader' && git config --local --unset-all 'http.https://github.com/.extraheader' || :"
2026-10-08T07:58:26.3887364Z Removing includeIf entries pointing to credentials config files
2026-10-08T07:58:26.3891036Z [command]/usr/bin/git config --local --name-only --get-regexp ^includeIf\.gitdir:
2026-10-08T07:58:26.3921628Z includeif.gitdir:/home/runner/work/purrdf/purrdf/.git.path
2026-10-08T07:58:26.3922796Z includeif.gitdir:/home/runner/work/purrdf/purrdf/.git/worktrees/*.path
2026-10-08T07:58:26.3923673Z includeif.gitdir:/github/workspace/.git.path
2026-10-08T07:58:26.3924324Z includeif.gitdir:/github/workspace/.git/worktrees/*.path
2026-10-08T07:58:26.3934553Z [command]/usr/bin/git config --local --get-all includeif.gitdir:/home/runner/work/purrdf/purrdf/.git.path
2026-10-08T07:58:26.3959583Z /home/runner/work/_temp/git-credentials-072fd18a-dbab-4e47-819d-9969ea316c2c.config
2026-10-08T07:58:26.3980168Z [command]/usr/bin/git config --local --unset includeif.gitdir:/home/runner/work/purrdf/purrdf/.git.path /home/runner/work/_temp/git-credentials-072fd18a-dbab-4e47-819d-9969ea316c2c.config
2026-10-08T07:58:26.4019293Z [command]/usr/bin/git config --local --get-all includeif.gitdir:/home/runner/work/purrdf/purrdf/.git/worktrees/*.path
2026-10-08T07:58:26.4040755Z /home/runner/work/_temp/git-credentials-072fd18a-dbab-4e47-819d-9969ea316c2c.config
2026-10-08T07:58:26.4054161Z [command]/usr/bin/git config --local --unset includeif.gitdir:/home/runner/work/purrdf/purrdf/.git/worktrees/*.path /home/runner/work/_temp/git-credentials-072fd18a-dbab-4e47-819d-9969ea316c2c.config
2026-10-08T07:58:26.4081575Z [command]/usr/bin/git config --local --get-all includeif.gitdir:/github/workspace/.git.path
2026-10-08T07:58:26.4107504Z /github/runner_temp/git-credentials-072fd18a-dbab-4e47-819d-9969ea316c2c.config
2026-10-08T07:58:26.4116319Z [command]/usr/bin/git config --local --unset includeif.gitdir:/github/workspace/.git.path /github/runner_temp/git-credentials-072fd18a-dbab-4e47-819d-9969ea316c2c.config
2026-10-08T07:58:26.4149387Z [command]/usr/bin/git config --local --get-all includeif.gitdir:/github/workspace/.git/worktrees/*.path
2026-10-08T07:58:26.4170303Z /github/runner_temp/git-credentials-072fd18a-dbab-4e47-819d-9969ea316c2c.config
2026-10-08T07:58:26.4179012Z [command]/usr/bin/git config --local --unset includeif.gitdir:/github/workspace/.git/worktrees/*.path /github/runner_temp/git-credentials-072fd18a-dbab-4e47-819d-9969ea316c2c.config
2026-10-08T07:58:26.4211029Z [command]/usr/bin/git submodule foreach --recursive git config --local --show-origin --name-only --get-regexp remote.origin.url
2026-10-08T07:58:26.4439479Z Removing credentials config '/home/runner/work/_temp/git-credentials-072fd18a-dbab-4e47-819d-9969ea316c2c.config'
2026-10-08T07:58:26.4449013Z ##[endgroup]
2026-10-08T07:58:26.4708232Z ##[group]Run dtolnay/rust-toolchain@29eef336d9b2848a0b548edc03f92a220660cdb8
2026-10-08T07:58:26.4708674Z with:
2026-10-08T07:58:26.4708873Z   toolchain: nightly
2026-10-08T07:58:26.4709088Z env:
2026-10-08T07:58:26.4709267Z   CARGO_BUILD_JOBS: 8
2026-10-08T07:58:26.4709678Z   PURRDF_REQUIRE_SIMD_PATHS: distance:portable,distance:sse2,blake3:sse2,deflate:sse2,csv:sse2
2026-10-08T07:58:26.4710134Z ##[endgroup]
2026-10-08T07:58:26.4781763Z ##[start-action display=Run : parse toolchain version;id=__dtolnay_rust-toolchain.parse]
2026-10-08T07:58:26.4808921Z ##[group]Run : parse toolchain version
2026-10-08T07:58:26.4809249Z [36;1m: parse toolchain version[0m
2026-10-08T07:58:26.4809525Z [36;1mif [[ -z $toolchain ]]; then[0m
2026-10-08T07:58:26.4810066Z [36;1m  # GitHub does not enforce `required: true` inputs itself. https://github.com/actions/runner/issues/1070[0m
2026-10-08T07:58:26.4810661Z [36;1m  echo "'toolchain' is a required input" >&2[0m
2026-10-08T07:58:26.4811007Z [36;1m  exit 1[0m
2026-10-08T07:58:26.4811622Z [36;1melif [[ $toolchain =~ ^stable' '[0-9]+' '(year|month|week|day)s?' 'ago$ ]]; then[0m
2026-10-08T07:58:26.4812295Z [36;1m  if [[ Linux == macOS ]]; then[0m
2026-10-08T07:58:26.4813498Z [36;1m    echo "toolchain=1.$((($(date -v-$(sed 's/stable \([0-9]*\) \(.\).*/\1\2/' <<< $toolchain) +%s)/60/60/24-16569)/7/6))" >> $GITHUB_OUTPUT[0m
2026-10-08T07:58:26.4814135Z [36;1m  else[0m
2026-10-08T07:58:26.4814559Z [36;1m    echo "toolchain=1.$((($(date --date "${toolchain#stable }" +%s)/60/60/24-16569)/7/6))" >> $GITHUB_OUTPUT[0m
2026-10-08T07:58:26.4815055Z [36;1m  fi[0m
2026-10-08T07:58:26.4815389Z [36;1melif [[ $toolchain =~ ^stable' 'minus' '[0-9]+' 'releases?$ ]]; then[0m
2026-10-08T07:58:26.4815954Z [36;1m  echo "toolchain=1.$((($(date +%s)/60/60/24-16569)/7/6-${toolchain//[^0-9]/}))" >> $GITHUB_OUTPUT[0m
2026-10-08T07:58:26.4816438Z [36;1melif [[ $toolchain =~ ^1\.[0-9]+$ ]]; then[0m
2026-10-08T07:58:26.4817179Z [36;1m  echo "toolchain=1.$((i=${toolchain#1.}, c=($(date +%s)/60/60/24-16569)/7/6, i+9*i*(10*i<=c)+90*i*(100*i<=c)))" >> $GITHUB_OUTPUT[0m
2026-10-08T07:58:26.4817686Z [36;1melse[0m
2026-10-08T07:58:26.4817935Z [36;1m  echo "toolchain=$toolchain" >> $GITHUB_OUTPUT[0m
2026-10-08T07:58:26.4818234Z [36;1mfi[0m
2026-10-08T07:58:26.4881770Z shell: /usr/bin/bash --noprofile --norc -e -o pipefail {0}
2026-10-08T07:58:26.4882116Z env:
2026-10-08T07:58:26.4882475Z   CARGO_BUILD_JOBS: 8
2026-10-08T07:58:26.4882898Z   PURRDF_REQUIRE_SIMD_PATHS: distance:portable,distance:sse2,blake3:sse2,deflate:sse2,csv:sse2
2026-10-08T07:58:26.4883379Z   toolchain: nightly
2026-10-08T07:58:26.4883595Z ##[endgroup]
2026-10-08T07:58:26.5019300Z ##[end-action id=__dtolnay_rust-toolchain.parse;outcome=success;conclusion=success;duration_ms=23]
2026-10-08T07:58:26.5042784Z ##[start-action display=Run : construct rustup command line;id=__dtolnay_rust-toolchain.flags]
2026-10-08T07:58:26.5062885Z ##[group]Run : construct rustup command line
2026-10-08T07:58:26.5063249Z [36;1m: construct rustup command line[0m
2026-10-08T07:58:26.5063725Z [36;1mecho "targets=$(for t in ${targets//,/ }; do echo -n ' --target' $t; done)" >> $GITHUB_OUTPUT[0m
2026-10-08T07:58:26.5064384Z [36;1mecho "components=$(for c in ${components//,/ }; do echo -n ' --component' $c; done)" >> $GITHUB_OUTPUT[0m
2026-10-08T07:58:26.5064887Z [36;1mecho "downgrade=" >> $GITHUB_OUTPUT[0m
2026-10-08T07:58:26.5121639Z shell: /usr/bin/bash --noprofile --norc -e -o pipefail {0}
2026-10-08T07:58:26.5122010Z env:
2026-10-08T07:58:26.5122236Z   CARGO_BUILD_JOBS: 8
2026-10-08T07:58:26.5122866Z   PURRDF_REQUIRE_SIMD_PATHS: distance:portable,distance:sse2,blake3:sse2,deflate:sse2,csv:sse2
2026-10-08T07:58:26.5123333Z   targets: 
2026-10-08T07:58:26.5123514Z   components: 
2026-10-08T07:58:26.5123709Z ##[endgroup]
2026-10-08T07:58:26.5214349Z ##[end-action id=__dtolnay_rust-toolchain.flags;outcome=success;conclusion=success;duration_ms=17]
2026-10-08T07:58:26.5218162Z ##[start-action display=Run : set $CARGO_HOME;id=__dtolnay_rust-toolchain.__run]
2026-10-08T07:58:26.5238045Z ##[group]Run : set $CARGO_HOME
2026-10-08T07:58:26.5238316Z [36;1m: set $CARGO_HOME[0m
2026-10-08T07:58:26.5238652Z [36;1mecho CARGO_HOME=${CARGO_HOME:-"$HOME/.cargo"} >> $GITHUB_ENV[0m
2026-10-08T07:58:26.5295488Z shell: /usr/bin/bash --noprofile --norc -e -o pipefail {0}
2026-10-08T07:58:26.5295836Z env:
2026-10-08T07:58:26.5296028Z   CARGO_BUILD_JOBS: 8
2026-10-08T07:58:26.5296445Z   PURRDF_REQUIRE_SIMD_PATHS: distance:portable,distance:sse2,blake3:sse2,deflate:sse2,csv:sse2
2026-10-08T07:58:26.5296935Z ##[endgroup]
2026-10-08T07:58:26.5382193Z ##[end-action id=__dtolnay_rust-toolchain.__run;outcome=success;conclusion=success;duration_ms=16]
2026-10-08T07:58:26.5384824Z ##[start-action display=Run : install rustup if needed;id=__dtolnay_rust-toolchain.__run_2]
2026-10-08T07:58:26.5410123Z ##[group]Run : install rustup if needed
2026-10-08T07:58:26.5410453Z [36;1m: install rustup if needed[0m
2026-10-08T07:58:26.5410772Z [36;1mif ! command -v rustup &>/dev/null; then[0m
2026-10-08T07:58:26.5411564Z [36;1m  curl --proto '=https' --tlsv1.2 --retry 10 --retry-connrefused --location --silent --show-error --fail https://sh.rustup.rs | sh -s -- --default-toolchain none -y[0m
2026-10-08T07:58:26.5412637Z [36;1m  echo "$CARGO_HOME/bin" >> $GITHUB_PATH[0m
2026-10-08T07:58:26.5413032Z [36;1mfi[0m
2026-10-08T07:58:26.5473153Z shell: /usr/bin/bash --noprofile --norc -e -o pipefail {0}
2026-10-08T07:58:26.5473510Z env:
2026-10-08T07:58:26.5473707Z   CARGO_BUILD_JOBS: 8
2026-10-08T07:58:26.5474127Z   PURRDF_REQUIRE_SIMD_PATHS: distance:portable,distance:sse2,blake3:sse2,deflate:sse2,csv:sse2
2026-10-08T07:58:26.5474604Z   CARGO_HOME: /home/runner/.cargo
2026-10-08T07:58:26.5474854Z ##[endgroup]
2026-10-08T07:58:26.5561279Z ##[end-action id=__dtolnay_rust-toolchain.__run_2;outcome=success;conclusion=success;duration_ms=17]
2026-10-08T07:58:26.5566230Z ##[start-action display=Run : install rustup if needed on windows;id=__dtolnay_rust-toolchain.__run_3]
2026-10-08T07:58:26.5573489Z ##[end-action id=__dtolnay_rust-toolchain.__run_3;outcome=skipped;conclusion=skipped;duration_ms=0]
2026-10-08T07:58:26.5577041Z ##[start-action display=rustup toolchain install nightly;id=__dtolnay_rust-toolchain.__run_4]
2026-10-08T07:58:26.5597173Z ##[group]Run rustup toolchain install nightly --profile minimal --no-self-update
2026-10-08T07:58:26.5597751Z [36;1mrustup toolchain install nightly --profile minimal --no-self-update[0m
2026-10-08T07:58:26.5655128Z shell: /usr/bin/bash --noprofile --norc -e -o pipefail {0}
2026-10-08T07:58:26.5655475Z env:
2026-10-08T07:58:26.5655668Z   CARGO_BUILD_JOBS: 8
2026-10-08T07:58:26.5656086Z   PURRDF_REQUIRE_SIMD_PATHS: distance:portable,distance:sse2,blake3:sse2,deflate:sse2,csv:sse2
2026-10-08T07:58:26.5656570Z   CARGO_HOME: /home/runner/.cargo
2026-10-08T07:58:26.5656838Z   RUSTUP_PERMIT_COPY_RENAME: 1
2026-10-08T07:58:26.5657091Z ##[endgroup]
2026-10-08T07:58:26.6110140Z info: syncing channel updates for nightly-x86_64-unknown-linux-gnu
2026-10-08T07:58:26.9790145Z info: latest update on 2026-10-08 for version 1.101.0-nightly (1d81eb4ad 2026-10-07)
2026-10-08T07:58:26.9790665Z info: downloading 3 components
2026-10-08T07:58:34.5788440Z 
2026-10-08T07:58:34.5856494Z   nightly-x86_64-unknown-linux-gnu installed - rustc 1.101.0-nightly (1d81eb4ad 2026-10-07)
2026-10-08T07:58:34.5857327Z 
2026-10-08T07:58:34.5922020Z ##[end-action id=__dtolnay_rust-toolchain.__run_4;outcome=success;conclusion=success;duration_ms=8034]
2026-10-08T07:58:34.5928651Z ##[start-action display=Run rustup default nightly;id=__dtolnay_rust-toolchain.__run_5]
2026-10-08T07:58:34.5948620Z ##[group]Run rustup default nightly
2026-10-08T07:58:34.5948925Z [36;1mrustup default nightly[0m
2026-10-08T07:58:34.6012058Z shell: /usr/bin/bash --noprofile --norc -e -o pipefail {0}
2026-10-08T07:58:34.6012698Z env:
2026-10-08T07:58:34.6012897Z   CARGO_BUILD_JOBS: 8
2026-10-08T07:58:34.6013536Z   PURRDF_REQUIRE_SIMD_PATHS: distance:portable,distance:sse2,blake3:sse2,deflate:sse2,csv:sse2
2026-10-08T07:58:34.6014044Z   CARGO_HOME: /home/runner/.cargo
2026-10-08T07:58:34.6014309Z ##[endgroup]
2026-10-08T07:58:34.6135933Z info: using existing install for nightly-x86_64-unknown-linux-gnu
2026-10-08T07:58:34.6141911Z info: default toolchain set to nightly-x86_64-unknown-linux-gnu
2026-10-08T07:58:34.6142584Z 
2026-10-08T07:58:34.6206161Z   nightly-x86_64-unknown-linux-gnu unchanged - rustc 1.101.0-nightly (1d81eb4ad 2026-10-07)
2026-10-08T07:58:34.6206653Z 
2026-10-08T07:58:34.6209453Z info: note that the toolchain 'nightly-x86_64-unknown-linux-gnu' is currently in use (overridden by '/home/runner/work/purrdf/purrdf/rust-toolchain.toml')
2026-10-08T07:58:34.6223208Z ##[end-action id=__dtolnay_rust-toolchain.__run_5;outcome=success;conclusion=success;duration_ms=29]
2026-10-08T07:58:34.6227838Z ##[start-action display=Run : create cachekey;id=__dtolnay_rust-toolchain.rustc-version]
2026-10-08T07:58:34.6246843Z ##[group]Run : create cachekey
2026-10-08T07:58:34.6247145Z [36;1m: create cachekey[0m
2026-10-08T07:58:34.6247675Z [36;1mDATE=$(rustc +nightly --version --verbose | sed -ne 's/^commit-date: \(20[0-9][0-9]\)-\([01][0-9]\)-\([0-3][0-9]\)$/\1\2\3/p')[0m
2026-10-08T07:58:34.6248355Z [36;1mHASH=$(rustc +nightly --version --verbose | sed -ne 's/^commit-hash: //p')[0m
2026-10-08T07:58:34.6248876Z [36;1mecho "cachekey=$(echo $DATE$HASH | head -c12)" >> $GITHUB_OUTPUT[0m
2026-10-08T07:58:34.6310932Z shell: /usr/bin/bash --noprofile --norc -e -o pipefail {0}
2026-10-08T07:58:34.6311290Z env:
2026-10-08T07:58:34.6311485Z   CARGO_BUILD_JOBS: 8
2026-10-08T07:58:34.6311917Z   PURRDF_REQUIRE_SIMD_PATHS: distance:portable,distance:sse2,blake3:sse2,deflate:sse2,csv:sse2
2026-10-08T07:58:34.6312696Z   CARGO_HOME: /home/runner/.cargo
2026-10-08T07:58:34.6312965Z ##[endgroup]
2026-10-08T07:58:34.6642722Z ##[end-action id=__dtolnay_rust-toolchain.rustc-version;outcome=success;conclusion=success;duration_ms=41]
2026-10-08T07:58:34.6645733Z ##[start-action display=Run : disable incremental compilation;id=__dtolnay_rust-toolchain.__run_6]
2026-10-08T07:58:34.6663795Z ##[group]Run : disable incremental compilation
2026-10-08T07:58:34.6664143Z [36;1m: disable incremental compilation[0m
2026-10-08T07:58:34.6664471Z [36;1mif [ -z "${CARGO_INCREMENTAL+set}" ]; then[0m
2026-10-08T07:58:34.6664833Z [36;1m  echo CARGO_INCREMENTAL=0 >> $GITHUB_ENV[0m
2026-10-08T07:58:34.6665123Z [36;1mfi[0m
2026-10-08T07:58:34.6729139Z shell: /usr/bin/bash --noprofile --norc -e -o pipefail {0}
2026-10-08T07:58:34.6729479Z env:
2026-10-08T07:58:34.6729670Z   CARGO_BUILD_JOBS: 8
2026-10-08T07:58:34.6730088Z   PURRDF_REQUIRE_SIMD_PATHS: distance:portable,distance:sse2,blake3:sse2,deflate:sse2,csv:sse2
2026-10-08T07:58:34.6730571Z   CARGO_HOME: /home/runner/.cargo
2026-10-08T07:58:34.6730823Z ##[endgroup]
2026-10-08T07:58:34.6816584Z ##[end-action id=__dtolnay_rust-toolchain.__run_6;outcome=success;conclusion=success;duration_ms=16]
2026-10-08T07:58:34.6818949Z ##[start-action display=Run : enable colors in Cargo output;id=__dtolnay_rust-toolchain.__run_7]
2026-10-08T07:58:34.6835987Z ##[group]Run : enable colors in Cargo output
2026-10-08T07:58:34.6836308Z [36;1m: enable colors in Cargo output[0m
2026-10-08T07:58:34.6836621Z [36;1mif [ -z "${CARGO_TERM_COLOR+set}" ]; then[0m
2026-10-08T07:58:34.6836977Z [36;1m  echo CARGO_TERM_COLOR=always >> $GITHUB_ENV[0m
2026-10-08T07:58:34.6837275Z [36;1mfi[0m
2026-10-08T07:58:34.6894950Z shell: /usr/bin/bash --noprofile --norc -e -o pipefail {0}
2026-10-08T07:58:34.6895292Z env:
2026-10-08T07:58:34.6895478Z   CARGO_BUILD_JOBS: 8
2026-10-08T07:58:34.6895888Z   PURRDF_REQUIRE_SIMD_PATHS: distance:portable,distance:sse2,blake3:sse2,deflate:sse2,csv:sse2
2026-10-08T07:58:34.6896352Z   CARGO_HOME: /home/runner/.cargo
2026-10-08T07:58:34.6896612Z   CARGO_INCREMENTAL: 0
2026-10-08T07:58:34.6896824Z ##[endgroup]
2026-10-08T07:58:34.6979148Z ##[end-action id=__dtolnay_rust-toolchain.__run_7;outcome=success;conclusion=success;duration_ms=15]
2026-10-08T07:58:34.6983988Z ##[start-action display=Run : enable Cargo sparse registry;id=__dtolnay_rust-toolchain.__run_8]
2026-10-08T07:58:34.7013183Z ##[group]Run : enable Cargo sparse registry
2026-10-08T07:58:34.7013513Z [36;1m: enable Cargo sparse registry[0m
2026-10-08T07:58:34.7013894Z [36;1m# implemented in 1.66, stabilized in 1.68, made default in 1.70[0m
2026-10-08T07:58:34.7014638Z [36;1mif [ -z "${CARGO_REGISTRIES_CRATES_IO_PROTOCOL+set}" -o -f "/home/runner/work/_temp"/.implicit_cargo_registries_crates_io_protocol ]; then[0m
2026-10-08T07:58:34.7015398Z [36;1m  if rustc +nightly --version --verbose | grep -q '^release: 1\.6[89]\.'; then[0m
2026-10-08T07:58:34.7015988Z [36;1m    touch "/home/runner/work/_temp"/.implicit_cargo_registries_crates_io_protocol || true[0m
2026-10-08T07:58:34.7016539Z [36;1m    echo CARGO_REGISTRIES_CRATES_IO_PROTOCOL=sparse >> $GITHUB_ENV[0m
2026-10-08T07:58:34.7017055Z [36;1m  elif rustc +nightly --version --verbose | grep -q '^release: 1\.6[67]\.'; then[0m
2026-10-08T07:58:34.7017670Z [36;1m    touch "/home/runner/work/_temp"/.implicit_cargo_registries_crates_io_protocol || true[0m
2026-10-08T07:58:34.7018212Z [36;1m    echo CARGO_REGISTRIES_CRATES_IO_PROTOCOL=git >> $GITHUB_ENV[0m
2026-10-08T07:58:34.7018566Z [36;1m  fi[0m
2026-10-08T07:58:34.7018758Z [36;1mfi[0m
2026-10-08T07:58:34.7076804Z shell: /usr/bin/bash --noprofile --norc -e -o pipefail {0}
2026-10-08T07:58:34.7077153Z env:
2026-10-08T07:58:34.7077345Z   CARGO_BUILD_JOBS: 8
2026-10-08T07:58:34.7077758Z   PURRDF_REQUIRE_SIMD_PATHS: distance:portable,distance:sse2,blake3:sse2,deflate:sse2,csv:sse2
2026-10-08T07:58:34.7078240Z   CARGO_HOME: /home/runner/.cargo
2026-10-08T07:58:34.7078499Z   CARGO_INCREMENTAL: 0
2026-10-08T07:58:34.7078715Z   CARGO_TERM_COLOR: always
2026-10-08T07:58:34.7078931Z ##[endgroup]
2026-10-08T07:58:34.7382585Z ##[end-action id=__dtolnay_rust-toolchain.__run_8;outcome=success;conclusion=success;duration_ms=39]
2026-10-08T07:58:34.7387541Z ##[start-action display=Run : work around spurious network errors in curl 8.0;id=__dtolnay_rust-toolchain.__run_9]
2026-10-08T07:58:34.7406662Z ##[group]Run : work around spurious network errors in curl 8.0
2026-10-08T07:58:34.7407110Z [36;1m: work around spurious network errors in curl 8.0[0m
2026-10-08T07:58:34.7407684Z [36;1m# https://rust-lang.zulipchat.com/#narrow/stream/246057-t-cargo/topic/timeout.20investigation[0m
2026-10-08T07:58:34.7408330Z [36;1mif rustc +nightly --version --verbose | grep -q '^release: 1\.7[01]\.'; then[0m
2026-10-08T07:58:34.7408809Z [36;1m  echo CARGO_HTTP_MULTIPLEXING=false >> $GITHUB_ENV[0m
2026-10-08T07:58:34.7409131Z [36;1mfi[0m
2026-10-08T07:58:34.7474176Z shell: /usr/bin/bash --noprofile --norc -e -o pipefail {0}
2026-10-08T07:58:34.7474520Z env:
2026-10-08T07:58:34.7474709Z   CARGO_BUILD_JOBS: 8
2026-10-08T07:58:34.7475128Z   PURRDF_REQUIRE_SIMD_PATHS: distance:portable,distance:sse2,blake3:sse2,deflate:sse2,csv:sse2
2026-10-08T07:58:34.7475631Z   CARGO_HOME: /home/runner/.cargo
2026-10-08T07:58:34.7475889Z   CARGO_INCREMENTAL: 0
2026-10-08T07:58:34.7476113Z   CARGO_TERM_COLOR: always
2026-10-08T07:58:34.7476337Z ##[endgroup]
2026-10-08T07:58:34.7668000Z ##[end-action id=__dtolnay_rust-toolchain.__run_9;outcome=success;conclusion=success;duration_ms=27]
2026-10-08T07:58:34.7671893Z ##[start-action display=Run rustc +nightly --version --verbose;id=__dtolnay_rust-toolchain.__run_10]
2026-10-08T07:58:34.7691158Z ##[group]Run rustc +nightly --version --verbose
2026-10-08T07:58:34.7691526Z [36;1mrustc +nightly --version --verbose[0m
2026-10-08T07:58:34.7753919Z shell: /usr/bin/bash --noprofile --norc -e -o pipefail {0}
2026-10-08T07:58:34.7754260Z env:
2026-10-08T07:58:34.7754447Z   CARGO_BUILD_JOBS: 8
2026-10-08T07:58:34.7754858Z   PURRDF_REQUIRE_SIMD_PATHS: distance:portable,distance:sse2,blake3:sse2,deflate:sse2,csv:sse2
2026-10-08T07:58:34.7755338Z   CARGO_HOME: /home/runner/.cargo
2026-10-08T07:58:34.7755600Z   CARGO_INCREMENTAL: 0
2026-10-08T07:58:34.7755834Z   CARGO_TERM_COLOR: always
2026-10-08T07:58:34.7756055Z ##[endgroup]
2026-10-08T07:58:34.7940916Z rustc 1.101.0-nightly (1d81eb4ad 2026-10-07)
2026-10-08T07:58:34.7941768Z binary: rustc
2026-10-08T07:58:34.7942819Z commit-hash: 1d81eb4ad9cd207e3e638bd32b17ec4fce8412a6
2026-10-08T07:58:34.7943828Z commit-date: 2026-10-07
2026-10-08T07:58:34.7944508Z host: x86_64-unknown-linux-gnu
2026-10-08T07:58:34.7945207Z release: 1.101.0-nightly
2026-10-08T07:58:34.7945851Z LLVM version: 23.1.3
2026-10-08T07:58:34.7960575Z ##[end-action id=__dtolnay_rust-toolchain.__run_10;outcome=success;conclusion=success;duration_ms=28]
2026-10-08T07:58:34.8039798Z ##[group]Run actions/download-artifact@95815c38cf2ff2164869cbab79da8d1f422bc89e
2026-10-08T07:58:34.8040248Z with:
2026-10-08T07:58:34.8040490Z   name: native-profile-37746157677-1-admission
2026-10-08T07:58:34.8040835Z   path: /opt/purrdf-native-profile/37746157677-1
2026-10-08T07:58:34.8041152Z   merge-multiple: false
2026-10-08T07:58:34.8041420Z   repository: Blackcat-Informatics/purrdf
2026-10-08T07:58:34.8041720Z   run-id: 37746157677
2026-10-08T07:58:34.8041930Z env:
2026-10-08T07:58:34.8042102Z   CARGO_BUILD_JOBS: 8
2026-10-08T07:58:34.8042834Z   PURRDF_REQUIRE_SIMD_PATHS: distance:portable,distance:sse2,blake3:sse2,deflate:sse2,csv:sse2
2026-10-08T07:58:34.8043323Z   CARGO_HOME: /home/runner/.cargo
2026-10-08T07:58:34.8043578Z   CARGO_INCREMENTAL: 0
2026-10-08T07:58:34.8043792Z   CARGO_TERM_COLOR: always
2026-10-08T07:58:34.8044007Z ##[endgroup]
2026-10-08T07:58:34.9546816Z Downloading single artifact
2026-10-08T07:58:34.9727082Z (node:2535) [DEP0040] DeprecationWarning: The `punycode` module is deprecated. Please use a userland alternative instead.
2026-10-08T07:58:34.9728394Z (Use `node --trace-deprecation ...` to show where the warning was created)
2026-10-08T07:58:35.0568534Z Preparing to download the following artifacts:
2026-10-08T07:58:35.0570592Z - native-profile-37746157677-1-admission (ID: 11535578001, Size: 676, Expected Digest: sha256:32ea2371a0bfc5a633886596eeafcf09ed6e20b20ec5e21018b05f0dd5a7f8c4)
2026-10-08T07:58:35.1770276Z Redirecting to blob download url: https://productionresultssa16.blob.core.windows.net/actions-results/e5e6c090-c831-4f8a-9c6a-b141d5b65909/workflow-job-run-71c4df2b-fdc6-585f-8a95-5f7f0ba0207c/artifacts/d913e130d99bdd63fce9ecc0af69ae6de0a124b01498d922572320e045d7e99e.zip
2026-10-08T07:58:35.1773520Z Starting download of artifact to: /opt/purrdf-native-profile/37746157677-1
2026-10-08T07:58:35.2180004Z (node:2535) [DEP0005] DeprecationWarning: Buffer() is deprecated due to security and usability issues. Please use the Buffer.alloc(), Buffer.allocUnsafe(), or Buffer.from() methods instead.
2026-10-08T07:58:35.2245406Z SHA256 digest of downloaded artifact is 32ea2371a0bfc5a633886596eeafcf09ed6e20b20ec5e21018b05f0dd5a7f8c4
2026-10-08T07:58:35.2246401Z Artifact download completed successfully.
2026-10-08T07:58:35.2246753Z Total of 1 artifact(s) downloaded
2026-10-08T07:58:35.2250984Z Download artifact has finished successfully
2026-10-08T07:58:35.2375825Z ##[group]Run campaign="/opt/purrdf-native-profile/$GITHUB_RUN_ID-$GITHUB_RUN_ATTEMPT"
2026-10-08T07:58:35.2376512Z [36;1mcampaign="/opt/purrdf-native-profile/$GITHUB_RUN_ID-$GITHUB_RUN_ATTEMPT"[0m
2026-10-08T07:58:35.2377063Z [36;1mrustc -vV > "$campaign/after-integration-2/actual-rustc.txt"[0m
2026-10-08T07:58:35.2377531Z [36;1mcargo -Vv > "$campaign/after-integration-2/actual-cargo.txt"[0m
2026-10-08T07:58:35.2378089Z [36;1mdiff -u "$campaign/admitted-rustc.txt" "$campaign/after-integration-2/actual-rustc.txt"[0m
2026-10-08T07:58:35.2378758Z [36;1mdiff -u "$campaign/admitted-cargo.txt" "$campaign/after-integration-2/actual-cargo.txt"[0m
2026-10-08T07:58:35.2439456Z shell: /usr/bin/bash -e {0}
2026-10-08T07:58:35.2439730Z env:
2026-10-08T07:58:35.2439930Z   CARGO_BUILD_JOBS: 8
2026-10-08T07:58:35.2440385Z   PURRDF_REQUIRE_SIMD_PATHS: distance:portable,distance:sse2,blake3:sse2,deflate:sse2,csv:sse2
2026-10-08T07:58:35.2440896Z   CARGO_HOME: /home/runner/.cargo
2026-10-08T07:58:35.2441224Z   CARGO_INCREMENTAL: 0
2026-10-08T07:58:35.2441466Z   CARGO_TERM_COLOR: always
2026-10-08T07:58:35.2441711Z ##[endgroup]
2026-10-08T07:58:35.3045525Z info: syncing channel updates for nightly-x86_64-unknown-linux-gnu
2026-10-08T07:58:35.3978052Z info: latest update on 2026-10-08 for version 1.101.0-nightly (1d81eb4ad 2026-10-07)
2026-10-08T07:58:35.4102850Z info: downloading 4 components
2026-10-08T07:58:39.5705818Z ##[group]Run actions/setup-node@48b55a011bda9f5d6aeb4c2d9c7362e8dae4041e
2026-10-08T07:58:39.5706244Z with:
2026-10-08T07:58:39.5706442Z   node-version: 24
2026-10-08T07:58:39.5706660Z   check-latest: false
2026-10-08T07:58:39.5710220Z   token: ***
2026-10-08T07:58:39.5710457Z   package-manager-cache: true
2026-10-08T07:58:39.5710723Z env:
2026-10-08T07:58:39.5710908Z   CARGO_BUILD_JOBS: 8
2026-10-08T07:58:39.5711323Z   PURRDF_REQUIRE_SIMD_PATHS: distance:portable,distance:sse2,blake3:sse2,deflate:sse2,csv:sse2
2026-10-08T07:58:39.5711831Z   CARGO_HOME: /home/runner/.cargo
2026-10-08T07:58:39.5712146Z   CARGO_INCREMENTAL: 0
2026-10-08T07:58:39.5712642Z   CARGO_TERM_COLOR: always
2026-10-08T07:58:39.5713074Z ##[endgroup]
2026-10-08T07:58:39.7256628Z Found in cache @ /opt/hostedtoolcache/node/24.21.0/x64
2026-10-08T07:58:39.7261054Z ##[group]Environment details
2026-10-08T07:58:40.0863667Z node: v24.21.0
2026-10-08T07:58:40.0864084Z npm: 11.19.0
2026-10-08T07:58:40.0864540Z yarn: 1.22.22
2026-10-08T07:58:40.0865244Z ##[endgroup]
2026-10-08T07:58:40.0981628Z Prepare all required actions
2026-10-08T07:58:40.1073367Z ##[group]Run ./.github/actions/binaryen-toolchain
2026-10-08T07:58:40.1073691Z env:
2026-10-08T07:58:40.1073885Z   CARGO_BUILD_JOBS: 8
2026-10-08T07:58:40.1074303Z   PURRDF_REQUIRE_SIMD_PATHS: distance:portable,distance:sse2,blake3:sse2,deflate:sse2,csv:sse2
2026-10-08T07:58:40.1074779Z   CARGO_HOME: /home/runner/.cargo
2026-10-08T07:58:40.1075036Z   CARGO_INCREMENTAL: 0
2026-10-08T07:58:40.1075259Z   CARGO_TERM_COLOR: always
2026-10-08T07:58:40.1075484Z ##[endgroup]
2026-10-08T07:58:40.1079138Z ##[start-action display=Install binaryen (prebuilt, matched to BINARYEN_VERSION) and verify SIMD;id=__self.__run]
2026-10-08T07:58:40.1095222Z ##[group]Run set -euo pipefail
2026-10-08T07:58:40.1095554Z [36;1mset -euo pipefail[0m
2026-10-08T07:58:40.1095881Z [36;1mver="$(grep -oP '^BINARYEN_VERSION := \K[0-9]+' Makefile)"[0m
2026-10-08T07:58:40.1096294Z [36;1mbase="binaryen-version_${ver}-x86_64-linux"[0m
2026-10-08T07:58:40.1096879Z [36;1murl="https://github.com/WebAssembly/binaryen/releases/download/version_${ver}/${base}.tar.gz"[0m
2026-10-08T07:58:40.1097408Z [36;1mcurl -fsSL "$url" -o /tmp/bn.tar.gz[0m
2026-10-08T07:58:40.1097748Z [36;1mcurl -fsSL "${url}.sha256" -o /tmp/bn.sha256[0m
2026-10-08T07:58:40.1098201Z [36;1mecho "$(awk '{print $1}' /tmp/bn.sha256)  /tmp/bn.tar.gz" | sha256sum -c -[0m
2026-10-08T07:58:40.1098787Z [36;1mmkdir -p /tmp/binaryen && tar -xzf /tmp/bn.tar.gz -C /tmp/binaryen --strip-components=1[0m
2026-10-08T07:58:40.1099285Z [36;1mecho "/tmp/binaryen/bin" >> "$GITHUB_PATH"[0m
2026-10-08T07:58:40.1099624Z [36;1mexport PATH="/tmp/binaryen/bin:$PATH"[0m
2026-10-08T07:58:40.1100010Z [36;1mfound="$(wasm-opt --version | grep -oE '[0-9]+' | head -1)"[0m
2026-10-08T07:58:40.1100571Z [36;1mtest "$found" = "$ver" || { echo "binaryen version mismatch: got $found, expected $ver"; exit 1; }[0m
2026-10-08T07:58:40.1101150Z [36;1mprintf '(module)\n' | wasm-opt --enable-simd -o /dev/null - \[0m
2026-10-08T07:58:40.1101666Z [36;1m  || { echo "FAIL: installed wasm-opt lacks --enable-simd support"; exit 1; }[0m
2026-10-08T07:58:40.1102195Z [36;1mecho "binaryen $found installed (wasm-opt --enable-simd verified)"[0m
2026-10-08T07:58:40.1169962Z shell: /usr/bin/bash --noprofile --norc -e -o pipefail {0}
2026-10-08T07:58:40.1170315Z env:
2026-10-08T07:58:40.1170508Z   CARGO_BUILD_JOBS: 8
2026-10-08T07:58:40.1170926Z   PURRDF_REQUIRE_SIMD_PATHS: distance:portable,distance:sse2,blake3:sse2,deflate:sse2,csv:sse2
2026-10-08T07:58:40.1171399Z   CARGO_HOME: /home/runner/.cargo
2026-10-08T07:58:40.1171665Z   CARGO_INCREMENTAL: 0
2026-10-08T07:58:40.1171888Z   CARGO_TERM_COLOR: always
2026-10-08T07:58:40.1172112Z ##[endgroup]
2026-10-08T07:58:40.7148495Z /tmp/bn.tar.gz: OK
2026-10-08T07:58:42.7719771Z warning: no passes specified, not doing any work
2026-10-08T07:58:42.7726489Z binaryen 130 installed (wasm-opt --enable-simd verified)
2026-10-08T07:58:42.7734247Z ##[end-action id=__self.__run;outcome=success;conclusion=success;duration_ms=2665]
2026-10-08T07:58:42.7793362Z ##[group]Run cargo install cargo-c --version 0.10.23 --locked
2026-10-08T07:58:42.7793859Z [36;1mcargo install cargo-c --version 0.10.23 --locked[0m
2026-10-08T07:58:42.7854916Z shell: /usr/bin/bash -e {0}
2026-10-08T07:58:42.7855178Z env:
2026-10-08T07:58:42.7855371Z   CARGO_BUILD_JOBS: 8
2026-10-08T07:58:42.7855797Z   PURRDF_REQUIRE_SIMD_PATHS: distance:portable,distance:sse2,blake3:sse2,deflate:sse2,csv:sse2
2026-10-08T07:58:42.7856294Z   CARGO_HOME: /home/runner/.cargo
2026-10-08T07:58:42.7856569Z   CARGO_INCREMENTAL: 0
2026-10-08T07:58:42.7856795Z   CARGO_TERM_COLOR: always
2026-10-08T07:58:42.7857022Z ##[endgroup]
2026-10-08T07:58:42.8322958Z [1m[92m    Updating[0m crates.io index
2026-10-08T07:58:42.8596189Z [1m[92m Downloading[0m crates ...
2026-10-08T07:58:42.8888512Z [1m[92m  Downloaded[0m cargo-c v0.10.23+cargo-0.97.1
2026-10-08T07:58:42.9172987Z [1m[92m  Installing[0m cargo-c v0.10.23+cargo-0.97.1
2026-10-08T07:58:42.9174086Z [1m[33mwarning[0m: default toolchain implicitly overridden with `nightly-x86_64-unknown-linux-gnu` by rustup toolchain file
2026-10-08T07:58:42.9174773Z   [1m[94m|[0m
2026-10-08T07:58:42.9175301Z   [1m[94m= [0m[1mhelp[0m: use `cargo +stable install` if you meant to use the stable toolchain
2026-10-08T07:58:42.9176716Z   [1m[94m= [0m[1mnote[0m: rustup selects the toolchain based on the parent environment and not the environment of the package being installed
2026-10-08T07:58:42.9230980Z [1m[92m    Updating[0m crates.io index
2026-10-08T07:58:43.4220445Z [1m[33mwarning[0m: package `chacha20 v0.10.0` in Cargo.lock is yanked in registry `crates-io`
2026-10-08T07:58:43.4479008Z [1m[92m    Updating[0m crates.io index
2026-10-08T07:58:43.5786866Z [1m[92m Downloading[0m crates ...
2026-10-08T07:58:43.5943678Z [1m[92m  Downloaded[0m anstyle-hyperlink v1.0.2
2026-10-08T07:58:43.6009943Z [1m[92m  Downloaded[0m anstream v1.0.0
2026-10-08T07:58:43.6031373Z [1m[92m  Downloaded[0m anstyle v1.0.14
2026-10-08T07:58:43.6046181Z [1m[92m  Downloaded[0m anstyle-parse v1.0.0
2026-10-08T07:58:43.6062018Z [1m[92m  Downloaded[0m async-trait v0.1.89
2026-10-08T07:58:43.6099114Z [1m[92m  Downloaded[0m allocator-api2 v0.2.21
2026-10-08T07:58:43.6130955Z [1m[92m  Downloaded[0m cmov v0.5.4
2026-10-08T07:58:43.6149421Z [1m[92m  Downloaded[0m foldhash v0.1.5
2026-10-08T07:58:43.6162470Z [1m[92m  Downloaded[0m annotate-snippets v0.12.16
2026-10-08T07:58:43.6197653Z [1m[92m  Downloaded[0m bytes v1.11.1
2026-10-08T07:58:43.6240094Z [1m[92m  Downloaded[0m aho-corasick v1.1.4
2026-10-08T07:58:43.6293188Z [1m[92m  Downloaded[0m bitflags v2.11.1
2026-10-08T07:58:43.6334910Z [1m[92m  Downloaded[0m futures-sink v0.3.32
2026-10-08T07:58:43.6343193Z [1m[92m  Downloaded[0m arrayvec v0.7.6
2026-10-08T07:58:43.6363024Z [1m[92m  Downloaded[0m blake3 v1.8.5
2026-10-08T07:58:43.6441168Z [1m[92m  Downloaded[0m colorchoice v1.0.5
2026-10-08T07:58:43.6464748Z [1m[92m  Downloaded[0m ecdsa v0.16.9
2026-10-08T07:58:43.6471933Z [1m[92m  Downloaded[0m chacha20 v0.10.0
2026-10-08T07:58:43.6497343Z [1m[92m  Downloaded[0m crossbeam-deque v0.8.6
2026-10-08T07:58:43.6511795Z [1m[92m  Downloaded[0m bitmaps v2.1.0
2026-10-08T07:58:43.6526901Z [1m[92m  Downloaded[0m cargo-util-schemas v0.14.0
2026-10-08T07:58:43.6593795Z [1m[92m  Downloaded[0m crossbeam-channel v0.5.15
2026-10-08T07:58:43.6595101Z [1m[92m  Downloaded[0m displaydoc v0.2.6
2026-10-08T07:58:43.6612439Z [1m[92m  Downloaded[0m git2-curl v0.21.0
2026-10-08T07:58:43.6623400Z [1m[92m  Downloaded[0m gix-chunk v0.7.2
2026-10-08T07:58:43.6636628Z [1m[92m  Downloaded[0m gix-glob v0.24.0
2026-10-08T07:58:43.6651186Z [1m[92m  Downloaded[0m heck v0.5.0
2026-10-08T07:58:43.6665514Z [1m[92m  Downloaded[0m crates-io v0.40.19
2026-10-08T07:58:43.6674711Z [1m[92m  Downloaded[0m crossbeam-utils v0.8.21
2026-10-08T07:58:43.6701908Z [1m[92m  Downloaded[0m dashmap v6.2.1
2026-10-08T07:58:43.6728385Z [1m[92m  Downloaded[0m ed25519-compact v2.3.0
2026-10-08T07:58:43.6748756Z [1m[92m  Downloaded[0m erased-serde v0.4.10
2026-10-08T07:58:43.6776653Z [1m[92m  Downloaded[0m generic-array v0.14.9
2026-10-08T07:58:43.6794942Z [1m[92m  Downloaded[0m gix-commitgraph v0.35.0
2026-10-08T07:58:43.6812550Z [1m[92m  Downloaded[0m gix-config-value v0.17.2
2026-10-08T07:58:43.6826588Z [1m[92m  Downloaded[0m gix-hashtable v0.13.0
2026-10-08T07:58:43.6836930Z [1m[92m  Downloaded[0m walkdir v2.5.0
2026-10-08T07:58:43.6857310Z [1m[92m  Downloaded[0m bstr v1.12.1
2026-10-08T07:58:43.6933798Z [1m[92m  Downloaded[0m color-print-proc-macro v0.3.7
2026-10-08T07:58:43.6951038Z [1m[92m  Downloaded[0m digest v0.11.3
2026-10-08T07:58:43.6975497Z [1m[92m  Downloaded[0m either v1.16.0
2026-10-08T07:58:43.7001172Z [1m[92m  Downloaded[0m gix-archive v0.30.0
2026-10-08T07:58:43.7014146Z [1m[92m  Downloaded[0m gix-credentials v0.37.2
2026-10-08T07:58:43.7020548Z [1m[92m  Downloaded[0m gix-error v0.2.4
2026-10-08T07:58:43.7036616Z [1m[92m  Downloaded[0m gix-ignore v0.19.1
2026-10-08T07:58:43.7048828Z [1m[92m  Downloaded[0m block-buffer v0.10.4
2026-10-08T07:58:43.7067673Z [1m[92m  Downloaded[0m fallible-streaming-iterator v0.1.9
2026-10-08T07:58:43.7069072Z [1m[92m  Downloaded[0m getrandom v0.2.17
2026-10-08T07:58:43.7099583Z [1m[92m  Downloaded[0m getrandom v0.4.2
2026-10-08T07:58:43.7138296Z [1m[92m  Downloaded[0m gix-attributes v0.31.0
2026-10-08T07:58:43.7154943Z [1m[92m  Downloaded[0m gix-hash v0.23.0
2026-10-08T07:58:43.7177671Z [1m[92m  Downloaded[0m cargo-util v0.2.29
2026-10-08T07:58:43.7194403Z [1m[92m  Downloaded[0m constant_time_eq v0.4.2
2026-10-08T07:58:43.7215237Z [1m[92m  Downloaded[0m gix-config v0.54.0
2026-10-08T07:58:43.7259821Z [1m[92m  Downloaded[0m gix-diff v0.61.0
2026-10-08T07:58:43.7288592Z [1m[92m  Downloaded[0m gix-dir v0.23.0
2026-10-08T07:58:43.7315506Z [1m[92m  Downloaded[0m clru v0.6.3
2026-10-08T07:58:43.7327543Z [1m[92m  Downloaded[0m const-oid v0.9.6
2026-10-08T07:58:43.7345488Z [1m[92m  Downloaded[0m deranged v0.5.8
2026-10-08T07:58:43.7358996Z [1m[92m  Downloaded[0m block-buffer v0.12.0
2026-10-08T07:58:43.7370757Z [1m[92m  Downloaded[0m futures-core v0.3.32
2026-10-08T07:58:43.7383711Z [1m[92m  Downloaded[0m gix-date v0.15.4
2026-10-08T07:58:43.7399914Z [1m[92m  Downloaded[0m gix-features v0.46.2
2026-10-08T07:58:43.7423816Z [1m[92m  Downloaded[0m gix-filter v0.28.0
2026-10-08T07:58:43.7448394Z [1m[92m  Downloaded[0m gix-fs v0.19.2
2026-10-08T07:58:43.7462862Z [1m[92m  Downloaded[0m autocfg v1.5.1
2026-10-08T07:58:43.7480472Z [1m[92m  Downloaded[0m camino v1.2.2
2026-10-08T07:58:43.7499318Z [1m[92m  Downloaded[0m cargo-credential v0.4.10
2026-10-08T07:58:43.7512765Z [1m[92m  Downloaded[0m cfg_aliases v0.2.1
2026-10-08T07:58:43.7521824Z [1m[92m  Downloaded[0m color-print v0.3.7
2026-10-08T07:58:43.7531633Z [1m[92m  Downloaded[0m crypto-common v0.1.6
2026-10-08T07:58:43.7540085Z [1m[92m  Downloaded[0m ct-codecs v1.1.6
2026-10-08T07:58:43.7550524Z [1m[92m  Downloaded[0m find-msvc-tools v0.1.9
2026-10-08T07:58:43.7566052Z [1m[92m  Downloaded[0m futures-executor v0.3.32
2026-10-08T07:58:43.7579087Z [1m[92m  Downloaded[0m futures-util v0.3.32
2026-10-08T07:58:43.7707204Z [1m[92m  Downloaded[0m git2 v0.20.4
2026-10-08T07:58:43.7786208Z [1m[92m  Downloaded[0m gix-discover v0.49.0
2026-10-08T07:58:43.7800978Z [1m[92m  Downloaded[0m gix-index v0.49.0
2026-10-08T07:58:43.7836111Z [1m[92m  Downloaded[0m gix-negotiate v0.29.0
2026-10-08T07:58:43.7847105Z [1m[92m  Downloaded[0m gix-object v0.58.0
2026-10-08T07:58:43.7877755Z [1m[92m  Downloaded[0m gix-packetline v0.21.4
2026-10-08T07:58:43.7895778Z [1m[92m  Downloaded[0m gix-path v0.11.3
2026-10-08T07:58:43.7912674Z [1m[92m  Downloaded[0m gix-ref v0.61.0
2026-10-08T07:58:43.7955394Z [1m[92m  Downloaded[0m gix-revwalk v0.29.0
2026-10-08T07:58:43.7967252Z [1m[92m  Downloaded[0m gix-sec v0.13.3
2026-10-08T07:58:43.7978375Z [1m[92m  Downloaded[0m gix-tempfile v21.0.2
2026-10-08T07:58:43.7991222Z [1m[92m  Downloaded[0m gix-utils v0.3.3
2026-10-08T07:58:43.8001928Z [1m[92m  Downloaded[0m glob v0.3.3
2026-10-08T07:58:43.8016197Z [1m[92m  Downloaded[0m hashlink v0.11.0
2026-10-08T07:58:43.8033083Z [1m[92m  Downloaded[0m hmac v0.13.0
2026-10-08T07:58:43.8053704Z [1m[92m  Downloaded[0m icu_normalizer v2.2.0
2026-10-08T07:58:43.8089577Z [1m[92m  Downloaded[0m io-close v0.3.7
2026-10-08T07:58:43.8099404Z [1m[92m  Downloaded[0m num-traits v0.2.19
2026-10-08T07:58:43.8124484Z [1m[92m  Downloaded[0m anstyle-progress v0.1.0
2026-10-08T07:58:43.8134987Z [1m[92m  Downloaded[0m cargo-credential-libsecret v0.5.7
2026-10-08T07:58:43.8143356Z [1m[92m  Downloaded[0m crypto-common v0.2.2
2026-10-08T07:58:43.8154051Z [1m[92m  Downloaded[0m gix-odb v0.78.0
2026-10-08T07:58:43.8185270Z [1m[92m  Downloaded[0m gix-prompt v0.14.2
2026-10-08T07:58:43.8196086Z [1m[92m  Downloaded[0m gix-quote v0.7.2
2026-10-08T07:58:43.8205767Z [1m[92m  Downloaded[0m gix-revision v0.43.0
2026-10-08T07:58:43.8222735Z [1m[92m  Downloaded[0m gix-validate v0.11.2
2026-10-08T07:58:43.8233956Z [1m[92m  Downloaded[0m gix-worktree-stream v0.30.0
2026-10-08T07:58:43.8246382Z [1m[92m  Downloaded[0m group v0.13.0
2026-10-08T07:58:43.8260880Z [1m[92m  Downloaded[0m hashbrown v0.15.5
2026-10-08T07:58:43.8307716Z [1m[92m  Downloaded[0m hashbrown v0.16.1
2026-10-08T07:58:43.8356537Z [1m[92m  Downloaded[0m icu_provider v2.2.0
2026-10-08T07:58:43.8381439Z [1m[92m  Downloaded[0m ignore v0.4.25
2026-10-08T07:58:43.8402497Z [1m[92m  Downloaded[0m implib v0.6.0
2026-10-08T07:58:43.8418073Z [1m[92m  Downloaded[0m gix-lock v21.0.2
2026-10-08T07:58:43.8429368Z [1m[92m  Downloaded[0m hex v0.4.3
2026-10-08T07:58:43.8444623Z [1m[92m  Downloaded[0m arc-swap v1.9.1
2026-10-08T07:58:43.8482377Z [1m[92m  Downloaded[0m equivalent v1.0.2
2026-10-08T07:58:43.8492001Z [1m[92m  Downloaded[0m errno v0.3.14
2026-10-08T07:58:43.8506552Z [1m[92m  Downloaded[0m idna_adapter v1.2.2
2026-10-08T07:58:43.8515257Z [1m[92m  Downloaded[0m is_terminal_polyfill v1.70.2
2026-10-08T07:58:43.8524505Z [1m[92m  Downloaded[0m anstyle-query v1.1.5
2026-10-08T07:58:43.8535537Z [1m[92m  Downloaded[0m cargo-platform v0.3.3
2026-10-08T07:58:43.8547281Z [1m[92m  Downloaded[0m cpufeatures v0.2.17
2026-10-08T07:58:43.8560354Z [1m[92m  Downloaded[0m gix-actor v0.40.0
2026-10-08T07:58:43.8571727Z [1m[92m  Downloaded[0m terminal_size v0.4.4
2026-10-08T07:58:43.8584369Z [1m[92m  Downloaded[0m cfg-if v1.0.4
2026-10-08T07:58:43.8596442Z [1m[92m  Downloaded[0m gix-shallow v0.10.0
2026-10-08T07:58:43.8606166Z [1m[92m  Downloaded[0m gix-url v0.35.3
2026-10-08T07:58:43.8619281Z [1m[92m  Downloaded[0m globset v0.4.18
2026-10-08T07:58:43.8633600Z [1m[92m  Downloaded[0m gix-trace v0.1.20
2026-10-08T07:58:43.8643665Z [1m[92m  Downloaded[0m hash32 v0.3.1
2026-10-08T07:58:43.8657225Z [1m[92m  Downloaded[0m typeid v1.0.3
2026-10-08T07:58:43.8669055Z [1m[92m  Downloaded[0m cargo-util-terminal v0.1.0
2026-10-08T07:58:43.8679367Z [1m[92m  Downloaded[0m faster-hex v0.10.0
2026-10-08T07:58:43.8693707Z [1m[92m  Downloaded[0m gix-command v0.8.1
2026-10-08T07:58:43.8702889Z [1m[92m  Downloaded[0m home v0.5.12
2026-10-08T07:58:43.8712048Z [1m[92m  Downloaded[0m hashbrown v0.17.1
2026-10-08T07:58:43.8762197Z [1m[92m  Downloaded[0m hmac v0.12.1
2026-10-08T07:58:43.8781176Z [1m[92m  Downloaded[0m is_executable v1.0.5
2026-10-08T07:58:43.8794111Z [1m[92m  Downloaded[0m opener v0.8.4
2026-10-08T07:58:43.8808522Z [1m[92m  Downloaded[0m clap_lex v1.1.0
2026-10-08T07:58:43.8819186Z [1m[92m  Downloaded[0m cpufeatures v0.3.0
2026-10-08T07:58:43.8833032Z [1m[92m  Downloaded[0m lazy_static v1.5.0
2026-10-08T07:58:43.8850209Z [1m[92m  Downloaded[0m rfc6979 v0.4.0
2026-10-08T07:58:43.8860035Z [1m[92m  Downloaded[0m shell-escape v0.1.5
2026-10-08T07:58:43.8868469Z [1m[92m  Downloaded[0m shell-words v1.1.1
2026-10-08T07:58:43.8877683Z [1m[92m  Downloaded[0m base16ct v0.2.0
2026-10-08T07:58:43.8890242Z [1m[92m  Downloaded[0m fnv v1.0.7
2026-10-08T07:58:43.8898819Z [1m[92m  Downloaded[0m gix-refspec v0.39.0
2026-10-08T07:58:43.8914912Z [1m[92m  Downloaded[0m gix-submodule v0.28.0
2026-10-08T07:58:43.8926769Z [1m[92m  Downloaded[0m gix-traverse v0.55.0
2026-10-08T07:58:43.8943613Z [1m[92m  Downloaded[0m gix-worktree-state v0.28.0
2026-10-08T07:58:43.8956785Z [1m[92m  Downloaded[0m http-auth v0.1.10
2026-10-08T07:58:43.8976418Z [1m[92m  Downloaded[0m itoa v1.0.18
2026-10-08T07:58:43.8990140Z [1m[92m  Downloaded[0m kstring v2.0.2
2026-10-08T07:58:43.9005434Z [1m[92m  Downloaded[0m ordered-float v2.10.1
2026-10-08T07:58:43.9018099Z [1m[92m  Downloaded[0m potential_utf v0.1.5
2026-10-08T07:58:43.9028571Z [1m[92m  Downloaded[0m quote v1.0.45
2026-10-08T07:58:43.9055389Z [1m[92m  Downloaded[0m rand_core v0.6.4
2026-10-08T07:58:43.9067949Z [1m[92m  Downloaded[0m sha1 v0.10.6
2026-10-08T07:58:43.9082880Z [1m[92m  Downloaded[0m shlex v1.3.0
2026-10-08T07:58:43.9095034Z [1m[92m  Downloaded[0m static_assertions v1.1.0
2026-10-08T07:58:43.9108495Z [1m[92m  Downloaded[0m strsim v0.11.1
2026-10-08T07:58:43.9120634Z [1m[92m  Downloaded[0m subtle v2.6.1
2026-10-08T07:58:43.9131806Z [1m[92m  Downloaded[0m supports-hyperlinks v3.2.0
2026-10-08T07:58:43.9142342Z [1m[92m  Downloaded[0m thread_local v1.1.9
2026-10-08T07:58:43.9156721Z [1m[92m  Downloaded[0m time-core v0.1.8
2026-10-08T07:58:43.9168576Z [1m[92m  Downloaded[0m time-macros v0.2.27
2026-10-08T07:58:43.9189932Z [1m[92m  Downloaded[0m tinystr v0.8.3
2026-10-08T07:58:43.9209346Z [1m[92m  Downloaded[0m tracing-chrome v0.7.2
2026-10-08T07:58:43.9222269Z [1m[92m  Downloaded[0m tracing-log v0.2.0
2026-10-08T07:58:43.9234968Z [1m[92m  Downloaded[0m utf8_iter v1.0.4
2026-10-08T07:58:43.9244838Z [1m[92m  Downloaded[0m version_check v0.9.5
2026-10-08T07:58:43.9256781Z [1m[92m  Downloaded[0m byteorder v1.5.0
2026-10-08T07:58:43.9271559Z [1m[92m  Downloaded[0m ctutils v0.4.2
2026-10-08T07:58:43.9290450Z [1m[92m  Downloaded[0m digest v0.10.7
2026-10-08T07:58:43.9307956Z [1m[92m  Downloaded[0m fallible-iterator v0.3.0
2026-10-08T07:58:43.9319931Z [1m[92m  Downloaded[0m fastrand v2.4.1
2026-10-08T07:58:43.9332899Z [1m[92m  Downloaded[0m ff v0.13.1
2026-10-08T07:58:43.9347545Z [1m[92m  Downloaded[0m filetime v0.2.29
2026-10-08T07:58:43.9363463Z [1m[92m  Downloaded[0m flate2 v1.1.9
2026-10-08T07:58:43.9410834Z [1m[92m  Downloaded[0m foldhash v0.2.0
2026-10-08T07:58:43.9422476Z [1m[92m  Downloaded[0m form_urlencoded v1.2.2
2026-10-08T07:58:43.9430108Z [1m[92m  Downloaded[0m futures-io v0.3.32
2026-10-08T07:58:43.9438586Z [1m[92m  Downloaded[0m futures-task v0.3.32
2026-10-08T07:58:43.9449790Z [1m[92m  Downloaded[0m gix-bitmap v0.3.2
2026-10-08T07:58:43.9458931Z [1m[92m  Downloaded[0m gix-blame v0.11.0
2026-10-08T07:58:43.9486054Z [1m[92m  Downloaded[0m gix-pathspec v0.16.1
2026-10-08T07:58:43.9500078Z [1m[92m  Downloaded[0m gix-protocol v0.59.0
2026-10-08T07:58:43.9529547Z [1m[92m  Downloaded[0m gix-status v0.28.0
2026-10-08T07:58:43.9548430Z [1m[92m  Downloaded[0m gix-transport v0.55.1
2026-10-08T07:58:43.9585968Z [1m[92m  Downloaded[0m gix-worktree v0.50.0
2026-10-08T07:58:43.9600859Z [1m[92m  Downloaded[0m hybrid-array v0.4.12
2026-10-08T07:58:43.9622135Z [1m[92m  Downloaded[0m icu_normalizer_data v2.2.0
2026-10-08T07:58:43.9642110Z [1m[92m  Downloaded[0m memoffset v0.9.1
2026-10-08T07:58:43.9653894Z [1m[92m  Downloaded[0m num-conv v0.2.2
2026-10-08T07:58:43.9661791Z [1m[92m  Downloaded[0m once_cell v1.21.4
2026-10-08T07:58:43.9685756Z [1m[92m  Downloaded[0m powerfmt v0.2.0
2026-10-08T07:58:43.9696567Z [1m[92m  Downloaded[0m primeorder v0.13.6
2026-10-08T07:58:43.9708789Z [1m[92m  Downloaded[0m serde_spanned v1.1.1
2026-10-08T07:58:43.9719742Z [1m[92m  Downloaded[0m sha1 v0.11.0
2026-10-08T07:58:43.9736724Z [1m[92m  Downloaded[0m sharded-slab v0.1.7
2026-10-08T07:58:43.9768746Z [1m[92m  Downloaded[0m signature v2.2.0
2026-10-08T07:58:43.9782024Z [1m[92m  Downloaded[0m stable_deref_trait v1.2.1
2026-10-08T07:58:43.9790358Z [1m[92m  Downloaded[0m supports-unicode v3.0.0
2026-10-08T07:58:43.9800572Z [1m[92m  Downloaded[0m tempfile v3.27.0
2026-10-08T07:58:43.9825367Z [1m[92m  Downloaded[0m thiserror v2.0.18
2026-10-08T07:58:43.9888102Z [1m[92m  Downloaded[0m thiserror-impl v2.0.18
2026-10-08T07:58:43.9901868Z [1m[92m  Downloaded[0m tinyvec v1.11.0
2026-10-08T07:58:43.9926571Z [1m[92m  Downloaded[0m tinyvec_macros v0.1.1
2026-10-08T07:58:43.9934578Z [1m[92m  Downloaded[0m toml_writer v1.1.1+spec-1.1.0
2026-10-08T07:58:43.9947651Z [1m[92m  Downloaded[0m zerofrom-derive v0.1.7
2026-10-08T07:58:43.9957628Z [1m[92m  Downloaded[0m ar_archive_writer v0.5.1
2026-10-08T07:58:43.9988918Z [1m[92m  Downloaded[0m arrayref v0.3.9
2026-10-08T07:58:44.0001019Z [1m[92m  Downloaded[0m base64ct v1.8.3
2026-10-08T07:58:44.0025463Z [1m[92m  Downloaded[0m clap v4.6.1
2026-10-08T07:58:44.0117729Z [1m[92m  Downloaded[0m clap_derive v4.6.1
2026-10-08T07:58:44.0138575Z [1m[92m  Downloaded[0m futures-channel v0.3.32
2026-10-08T07:58:44.0156454Z [1m[92m  Downloaded[0m futures-timer v3.0.4
2026-10-08T07:58:44.0175218Z [1m[92m  Downloaded[0m hashbrown v0.14.5
2026-10-08T07:58:44.0220555Z [1m[92m  Downloaded[0m heapless v0.8.0
2026-10-08T07:58:44.0257411Z [1m[92m  Downloaded[0m http v1.4.1
2026-10-08T07:58:44.0292141Z [1m[92m  Downloaded[0m icu_collections v2.2.0
2026-10-08T07:58:44.0352226Z [1m[92m  Downloaded[0m icu_locale_core v2.2.0
2026-10-08T07:58:44.0420326Z [1m[92m  Downloaded[0m icu_properties v2.2.0
2026-10-08T07:58:44.0442533Z [1m[92m  Downloaded[0m jobserver v0.1.34
2026-10-08T07:58:44.0461810Z [1m[92m  Downloaded[0m litemap v0.8.2
2026-10-08T07:58:44.0484234Z [1m[92m  Downloaded[0m matchers v0.2.0
2026-10-08T07:58:44.0495158Z [1m[92m  Downloaded[0m maybe-async v0.2.11
2026-10-08T07:58:44.0522323Z [1m[92m  Downloaded[0m nonempty v0.12.0
2026-10-08T07:58:44.0533532Z [1m[92m  Downloaded[0m percent-encoding v2.3.2
2026-10-08T07:58:44.0541538Z [1m[92m  Downloaded[0m pin-project-lite v0.2.17
2026-10-08T07:58:44.0598472Z [1m[92m  Downloaded[0m pkg-config v0.3.33
2026-10-08T07:58:44.0613498Z [1m[92m  Downloaded[0m prodash v31.0.0
2026-10-08T07:58:44.0651902Z [1m[92m  Downloaded[0m rand v0.10.1
2026-10-08T07:58:44.0688608Z [1m[92m  Downloaded[0m rand_xoshiro v0.6.0
2026-10-08T07:58:44.0707402Z [1m[92m  Downloaded[0m rustc-hash v2.1.2
2026-10-08T07:58:44.0719889Z [1m[92m  Downloaded[0m rustc-stable-hash v0.1.2
2026-10-08T07:58:44.0735163Z [1m[92m  Downloaded[0m rustfix v0.9.6
2026-10-08T07:58:44.0748193Z [1m[92m  Downloaded[0m scopeguard v1.2.0
2026-10-08T07:58:44.0759779Z [1m[92m  Downloaded[0m sec1 v0.7.3
2026-10-08T07:58:44.0775715Z [1m[92m  Downloaded[0m sha2 v0.10.9
2026-10-08T07:58:44.0800149Z [1m[92m  Downloaded[0m shlex v2.0.1
2026-10-08T07:58:44.0812607Z [1m[92m  Downloaded[0m slab v0.4.12
2026-10-08T07:58:44.0824851Z [1m[92m  Downloaded[0m spki v0.7.3
2026-10-08T07:58:44.0841804Z [1m[92m  Downloaded[0m synstructure v0.13.2
2026-10-08T07:58:44.0851626Z [1m[92m  Downloaded[0m toml v0.9.12+spec-1.1.0
2026-10-08T07:58:44.0891251Z [1m[92m  Downloaded[0m toml v1.1.2+spec-1.1.0
2026-10-08T07:58:44.0930664Z [1m[92m  Downloaded[0m toml_datetime v0.7.5+spec-1.1.0
2026-10-08T07:58:44.0943017Z [1m[92m  Downloaded[0m toml_datetime v1.1.1+spec-1.1.0
2026-10-08T07:58:44.0954904Z [1m[92m  Downloaded[0m toml_parser v1.1.2+spec-1.1.0
2026-10-08T07:58:44.0976773Z [1m[92m  Downloaded[0m typenum v1.20.1
2026-10-08T07:58:44.1010174Z [1m[92m  Downloaded[0m utf8parse v0.2.2
2026-10-08T07:58:44.1019556Z [1m[92m  Downloaded[0m zeroize v1.8.2
2026-10-08T07:58:44.1032040Z [1m[92m  Downloaded[0m zmij v1.0.21
2026-10-08T07:58:44.1049392Z [1m[92m  Downloaded[0m anyhow v1.0.102
2026-10-08T07:58:44.1088676Z [1m[92m  Downloaded[0m const-oid v0.10.2
2026-10-08T07:58:44.1111360Z [1m[92m  Downloaded[0m crc32fast v1.5.0
2026-10-08T07:58:44.1128924Z [1m[92m  Downloaded[0m crossbeam-epoch v0.9.18
2026-10-08T07:58:44.1152541Z [1m[92m  Downloaded[0m crypto-bigint v0.5.5
2026-10-08T07:58:44.1222140Z [1m[92m  Downloaded[0m futures v0.3.32
2026-10-08T07:58:44.1270671Z [1m[92m  Downloaded[0m gix-pack v0.68.0
2026-10-08T07:58:44.1333722Z [1m[92m  Downloaded[0m idna v1.1.0
2026-10-08T07:58:44.1367081Z [1m[92m  Downloaded[0m indexmap v2.14.0
2026-10-08T07:58:44.1408773Z [1m[92m  Downloaded[0m libloading v0.9.0
2026-10-08T07:58:44.1432297Z [1m[92m  Downloaded[0m lock_api v0.4.14
2026-10-08T07:58:44.1444451Z [1m[92m  Downloaded[0m memmap2 v0.9.10
2026-10-08T07:58:44.1460652Z [1m[92m  Downloaded[0m openssl-probe v0.1.6
2026-10-08T07:58:44.1471303Z [1m[92m  Downloaded[0m parking_lot_core v0.9.12
2026-10-08T07:58:44.1491521Z [1m[92m  Downloaded[0m proc-macro2 v1.0.106
2026-10-08T07:58:44.1519851Z [1m[92m  Downloaded[0m rand_core v0.10.1
2026-10-08T07:58:44.1536931Z [1m[92m  Downloaded[0m semver v1.0.28
2026-10-08T07:58:44.1559038Z [1m[92m  Downloaded[0m serde_ignored v0.1.14
2026-10-08T07:58:44.1571994Z [1m[92m  Downloaded[0m sha2 v0.11.0
2026-10-08T07:58:44.1607944Z [1m[92m  Downloaded[0m smallvec v1.15.1
2026-10-08T07:58:44.1627828Z [1m[92m  Downloaded[0m tar v0.4.46
2026-10-08T07:58:44.1655275Z [1m[92m  Downloaded[0m tracing-core v0.1.36
2026-10-08T07:58:44.1680800Z [1m[92m  Downloaded[0m yoke-derive v0.8.2
2026-10-08T07:58:44.1691866Z [1m[92m  Downloaded[0m base64 v0.22.1
2026-10-08T07:58:44.1728386Z [1m[92m  Downloaded[0m clap_complete v4.6.5
2026-10-08T07:58:44.1756892Z [1m[92m  Downloaded[0m elliptic-curve v0.13.8
2026-10-08T07:58:44.1793704Z [1m[92m  Downloaded[0m imara-diff v0.1.8
2026-10-08T07:58:44.1832240Z [1m[92m  Downloaded[0m itertools v0.14.0
2026-10-08T07:58:44.1899449Z [1m[92m  Downloaded[0m log v0.4.30
2026-10-08T07:58:44.1922956Z [1m[92m  Downloaded[0m jiff-static v0.2.28
2026-10-08T07:58:44.1947764Z [1m[92m  Downloaded[0m openssl-sys v0.9.116
2026-10-08T07:58:44.2001315Z [1m[92m  Downloaded[0m pathdiff v0.2.3
2026-10-08T07:58:44.2010255Z [1m[92m  Downloaded[0m same-file v1.0.6
2026-10-08T07:58:44.2023625Z [1m[92m  Downloaded[0m sized-chunks v0.6.5
2026-10-08T07:58:44.2048739Z [1m[92m  Downloaded[0m socket2 v0.6.4
2026-10-08T07:58:44.2066022Z [1m[92m  Downloaded[0m unicase v2.9.0
2026-10-08T07:58:44.2079141Z [1m[92m  Downloaded[0m zerofrom v0.1.8
2026-10-08T07:58:44.2088428Z [1m[92m  Downloaded[0m cc v1.2.63
2026-10-08T07:58:44.2116821Z [1m[92m  Downloaded[0m curl v0.4.49
2026-10-08T07:58:44.2156928Z [1m[92m  Downloaded[0m der v0.7.10
2026-10-08T07:58:44.2207733Z [1m[92m  Downloaded[0m icu_properties_data v2.2.0
2026-10-08T07:58:44.2313150Z [1m[92m  Downloaded[0m imara-diff v0.2.0
2026-10-08T07:58:44.2354449Z [1m[92m  Downloaded[0m nu-ansi-term v0.50.3
2026-10-08T07:58:44.2377604Z [1m[92m  Downloaded[0m os_info v3.15.0
2026-10-08T07:58:44.2408803Z [1m[92m  Downloaded[0m parking_lot v0.12.5
2026-10-08T07:58:44.2432761Z [1m[92m  Downloaded[0m pem-rfc7468 v0.7.0
2026-10-08T07:58:44.2451556Z [1m[92m  Downloaded[0m pkcs8 v0.10.2
2026-10-08T07:58:44.2479290Z [1m[92m  Downloaded[0m rustversion v1.0.22
2026-10-08T07:58:44.2506334Z [1m[92m  Downloaded[0m serde v1.0.228
2026-10-08T07:58:44.2539527Z [1m[92m  Downloaded[0m serde-untagged v0.1.9
2026-10-08T07:58:44.2555412Z [1m[92m  Downloaded[0m serde-value v0.7.0
2026-10-08T07:58:44.2565122Z [1m[92m  Downloaded[0m tracing-attributes v0.1.31
2026-10-08T07:58:44.2590720Z [1m[92m  Downloaded[0m unicode-bom v2.0.3
2026-10-08T07:58:44.2602895Z [1m[92m  Downloaded[0m winnow v0.7.15
2026-10-08T07:58:44.2696451Z [1m[92m  Downloaded[0m writeable v0.6.3
2026-10-08T07:58:44.2715626Z [1m[92m  Downloaded[0m zerotrie v0.2.4
2026-10-08T07:58:44.2753869Z [1m[92m  Downloaded[0m zerovec-derive v0.11.3
2026-10-08T07:58:44.2768230Z [1m[92m  Downloaded[0m memchr v2.8.1
2026-10-08T07:58:44.2821781Z [1m[92m  Downloaded[0m minimal-lexical v0.2.1
2026-10-08T07:58:44.2865481Z [1m[92m  Downloaded[0m rusqlite v0.39.0
2026-10-08T07:58:44.2929398Z [1m[92m  Downloaded[0m serde_core v1.0.228
2026-10-08T07:58:44.2955925Z [1m[92m  Downloaded[0m toml_edit v0.25.12+spec-1.1.0
2026-10-08T07:58:44.2993800Z [1m[92m  Downloaded[0m hkdf v0.12.4
2026-10-08T07:58:44.3016378Z [1m[92m  Downloaded[0m serde_derive v1.0.228
2026-10-08T07:58:44.3045892Z [1m[92m  Downloaded[0m unicode-normalization v0.1.25
2026-10-08T07:58:44.3078554Z [1m[92m  Downloaded[0m yoke v0.8.2
2026-10-08T07:58:44.3096291Z [1m[92m  Downloaded[0m regex v1.12.3
2026-10-08T07:58:44.3146944Z [1m[92m  Downloaded[0m serde_json v1.0.150
2026-10-08T07:58:44.3218219Z [1m[92m  Downloaded[0m unicode-ident v1.0.24
2026-10-08T07:58:44.3245158Z [1m[92m  Downloaded[0m url v2.5.8
2026-10-08T07:58:44.3269793Z [1m[92m  Downloaded[0m clap_builder v4.6.0
2026-10-08T07:58:44.3364814Z [1m[92m  Downloaded[0m tracing-subscriber v0.3.23
2026-10-08T07:58:44.3462642Z [1m[92m  Downloaded[0m im-rc v15.1.0
2026-10-08T07:58:44.3517011Z [1m[92m  Downloaded[0m nom v7.1.3
2026-10-08T07:58:44.3567716Z [1m[92m  Downloaded[0m p384 v0.13.1
2026-10-08T07:58:44.3616490Z [1m[92m  Downloaded[0m winnow v1.0.3
2026-10-08T07:58:44.3712136Z [1m[92m  Downloaded[0m zerovec v0.11.6
2026-10-08T07:58:44.3765967Z [1m[92m  Downloaded[0m pasetors v0.7.8
2026-10-08T07:58:44.3818454Z [1m[92m  Downloaded[0m time v0.3.47
2026-10-08T07:58:44.3961669Z [1m[92m  Downloaded[0m gix v0.81.0
2026-10-08T07:58:44.4109221Z [1m[92m  Downloaded[0m orion v0.17.14
2026-10-08T07:58:44.4201979Z [1m[92m  Downloaded[0m cbindgen v0.29.3
2026-10-08T07:58:44.5125398Z [1m[92m  Downloaded[0m unicode-width v0.2.2
2026-10-08T07:58:44.5180309Z [1m[92m  Downloaded[0m object v0.39.1
2026-10-08T07:58:44.5290156Z [1m[92m  Downloaded[0m vcpkg v0.2.15
2026-10-08T07:58:44.5817830Z [1m[92m  Downloaded[0m zlib-rs v0.6.3
2026-10-08T07:58:44.5868412Z [1m[92m  Downloaded[0m regex-syntax v0.8.10
2026-10-08T07:58:44.5933612Z [1m[92m  Downloaded[0m syn v2.0.117
2026-10-08T07:58:44.6036011Z [1m[92m  Downloaded[0m object v0.37.3
2026-10-08T07:58:44.6140862Z [1m[92m  Downloaded[0m nix v0.31.3
2026-10-08T07:58:44.6253794Z [1m[92m  Downloaded[0m tracing v0.1.44
2026-10-08T07:58:44.6403921Z [1m[92m  Downloaded[0m gix-merge v0.14.0
2026-10-08T07:58:44.6522765Z [1m[92m  Downloaded[0m rustix v1.1.4
2026-10-08T07:58:44.6785661Z [1m[92m  Downloaded[0m fiat-crypto v0.3.0
2026-10-08T07:58:44.6889499Z [1m[92m  Downloaded[0m regex-automata v0.4.14
2026-10-08T07:58:44.7022429Z [1m[92m  Downloaded[0m libssh2-sys v0.3.1
2026-10-08T07:58:44.7352652Z [1m[92m  Downloaded[0m jiff v0.2.28
2026-10-08T07:58:44.7516236Z [1m[92m  Downloaded[0m sha1-checked v0.10.0
2026-10-08T07:58:44.7574097Z [1m[92m  Downloaded[0m libz-sys v1.1.29
2026-10-08T07:58:44.7797967Z [1m[92m  Downloaded[0m libc v0.2.186
2026-10-08T07:58:44.8182278Z [1m[92m  Downloaded[0m encoding_rs v0.8.35
2026-10-08T07:58:44.8380812Z [1m[92m  Downloaded[0m curl-sys v0.4.88+curl-8.20.0
2026-10-08T07:58:44.8998738Z [1m[92m  Downloaded[0m libgit2-sys v0.18.5+1.9.4
2026-10-08T07:58:44.9593628Z [1m[92m  Downloaded[0m libnghttp2-sys v0.1.13+1.68.1
2026-10-08T07:58:45.0747604Z [1m[92m  Downloaded[0m linux-raw-sys v0.12.1
2026-10-08T07:58:45.1356013Z [1m[92m  Downloaded[0m cargo v0.97.1
2026-10-08T07:58:45.3357571Z [1m[92m  Downloaded[0m libsqlite3-sys v0.37.0
2026-10-08T07:58:45.9305572Z [1m[92m   Compiling[0m proc-macro2 v1.0.106
2026-10-08T07:58:45.9343145Z [1m[92m   Compiling[0m quote v1.0.45
2026-10-08T07:58:45.9344067Z [1m[92m   Compiling[0m unicode-ident v1.0.24
2026-10-08T07:58:45.9344981Z [1m[92m   Compiling[0m libc v0.2.186
2026-10-08T07:58:45.9345770Z [1m[92m   Compiling[0m memchr v2.8.1
2026-10-08T07:58:45.9346522Z [1m[92m   Compiling[0m cfg-if v1.0.4
2026-10-08T07:58:45.9347311Z [1m[92m   Compiling[0m regex-syntax v0.8.10
2026-10-08T07:58:45.9348116Z [1m[92m   Compiling[0m typenum v1.20.1
2026-10-08T07:58:46.0274738Z [1m[92m   Compiling[0m serde_core v1.0.228
2026-10-08T07:58:46.0604038Z [1m[92m   Compiling[0m smallvec v1.15.1
2026-10-08T07:58:46.1734348Z [1m[92m   Compiling[0m version_check v0.9.5
2026-10-08T07:58:46.4334385Z [1m[92m   Compiling[0m thiserror v2.0.18
2026-10-08T07:58:46.7164163Z [1m[92m   Compiling[0m aho-corasick v1.1.4
2026-10-08T07:58:46.9014183Z [1m[92m   Compiling[0m stable_deref_trait v1.2.1
2026-10-08T07:58:47.0008078Z [1m[92m   Compiling[0m zeroize v1.8.2
2026-10-08T07:58:47.3424097Z [1m[92m   Compiling[0m generic-array v0.14.9
2026-10-08T07:58:47.8694128Z [1m[92m   Compiling[0m once_cell v1.21.4
2026-10-08T07:58:48.0453839Z [1m[92m   Compiling[0m syn v2.0.117
2026-10-08T07:58:48.2944916Z [1m[92m   Compiling[0m bitflags v2.11.1
2026-10-08T07:58:48.3173995Z [1m[92m   Compiling[0m subtle v2.6.1
2026-10-08T07:58:48.5834069Z [1m[92m   Compiling[0m crossbeam-utils v0.8.21
2026-10-08T07:58:48.8521554Z [1m[92m   Compiling[0m const-oid v0.9.6
2026-10-08T07:58:49.2110701Z [1m[92m   Compiling[0m regex-automata v0.4.14
2026-10-08T07:58:49.4214457Z [1m[92m   Compiling[0m fastrand v2.4.1
2026-10-08T07:58:49.6273887Z [1m[92m   Compiling[0m parking_lot_core v0.9.12
2026-10-08T07:58:49.8435348Z [1m[92m   Compiling[0m tinyvec_macros v0.1.1
2026-10-08T07:58:49.9084008Z [1m[92m   Compiling[0m gix-trace v0.1.20
2026-10-08T07:58:50.0174013Z [1m[92m   Compiling[0m tinyvec v1.11.0
2026-10-08T07:58:50.9543938Z [1m[92m   Compiling[0m scopeguard v1.2.0
2026-10-08T07:58:51.0723860Z [1m[92m   Compiling[0m lock_api v0.4.14
2026-10-08T07:58:51.6734007Z [1m[92m   Compiling[0m unicode-normalization v0.1.25
2026-10-08T07:58:52.2704333Z [1m[92m   Compiling[0m block-buffer v0.10.4
2026-10-08T07:58:52.4430931Z [1m[92m   Compiling[0m crypto-common v0.1.6
2026-10-08T07:58:52.5164172Z [1m[92m   Compiling[0m crc32fast v1.5.0
2026-10-08T07:58:52.6024140Z [1m[92m   Compiling[0m digest v0.10.7
2026-10-08T07:58:52.6637483Z [1m[92m   Compiling[0m parking_lot v0.12.5
2026-10-08T07:58:52.7844034Z [1m[92m   Compiling[0m same-file v1.0.6
2026-10-08T07:58:52.9434147Z [1m[92m   Compiling[0m walkdir v2.5.0
2026-10-08T07:58:52.9954052Z [1m[92m   Compiling[0m jobserver v0.1.34
2026-10-08T07:58:53.0813036Z [1m[92m   Compiling[0m itoa v1.0.18
2026-10-08T07:58:53.5693968Z [1m[92m   Compiling[0m shlex v2.0.1
2026-10-08T07:58:53.6810762Z [1m[92m   Compiling[0m find-msvc-tools v0.1.9
2026-10-08T07:58:53.8883829Z [1m[92m   Compiling[0m bytes v1.11.1
2026-10-08T07:58:54.0493849Z [1m[92m   Compiling[0m cc v1.2.63
2026-10-08T07:58:54.5233913Z [1m[92m   Compiling[0m zlib-rs v0.6.3
2026-10-08T07:58:54.7423975Z [1m[92m   Compiling[0m prodash v31.0.0
2026-10-08T07:58:55.9106856Z [1m[92m   Compiling[0m bstr v1.12.1
2026-10-08T07:58:57.1764052Z [1m[92m   Compiling[0m gix-validate v0.11.2
2026-10-08T07:58:57.8020011Z [1m[92m   Compiling[0m gix-utils v0.3.3
2026-10-08T07:58:58.0604061Z [1m[92m   Compiling[0m crossbeam-channel v0.5.15
2026-10-08T07:58:58.9434271Z [1m[92m   Compiling[0m thiserror-impl v2.0.18
2026-10-08T07:58:59.1764219Z [1m[92m   Compiling[0m foldhash v0.2.0
2026-10-08T07:58:59.2594169Z [1m[92m   Compiling[0m gix-error v0.2.4
2026-10-08T07:58:59.5873886Z [1m[92m   Compiling[0m equivalent v1.0.2
2026-10-08T07:58:59.6755627Z [1m[92m   Compiling[0m byteorder v1.5.0
2026-10-08T07:58:59.7325335Z [1m[92m   Compiling[0m heapless v0.8.0
2026-10-08T07:58:59.8944431Z [1m[92m   Compiling[0m cpufeatures v0.2.17
2026-10-08T07:58:59.9544310Z [1m[92m   Compiling[0m pkg-config v0.3.33
2026-10-08T07:59:00.0754205Z [1m[92m   Compiling[0m hash32 v0.3.1
2026-10-08T07:59:00.1222318Z [1m[92m   Compiling[0m rustix v1.1.4
2026-10-08T07:59:00.1293805Z [1m[92m   Compiling[0m linux-raw-sys v0.12.1
2026-10-08T07:59:00.5583767Z [1m[92m   Compiling[0m sha1 v0.10.6
2026-10-08T07:59:01.1273806Z [1m[92m   Compiling[0m jiff v0.2.28
2026-10-08T07:59:01.3574149Z [1m[92m   Compiling[0m gix-path v0.11.3
2026-10-08T07:59:01.3633849Z [1m[92m   Compiling[0m vcpkg v0.2.15
2026-10-08T07:59:01.5714053Z [1m[92m   Compiling[0m faster-hex v0.10.0
2026-10-08T07:59:01.9575780Z [1m[92m   Compiling[0m gix-features v0.46.2
2026-10-08T07:59:02.4834263Z [1m[92m   Compiling[0m allocator-api2 v0.2.21
2026-10-08T07:59:02.5003835Z [1m[92m   Compiling[0m sha1-checked v0.10.0
2026-10-08T07:59:02.6513946Z [1m[92m   Compiling[0m rand_core v0.10.1
2026-10-08T07:59:02.8804141Z [1m[92m   Compiling[0m getrandom v0.4.2
2026-10-08T07:59:03.1507318Z [1m[92m   Compiling[0m gix-hash v0.23.0
2026-10-08T07:59:03.3863945Z [1m[92m   Compiling[0m hashbrown v0.16.1
2026-10-08T07:59:04.2764054Z [1m[92m   Compiling[0m winnow v0.7.15
2026-10-08T07:59:04.4964139Z [1m[92m   Compiling[0m synstructure v0.13.2
2026-10-08T07:59:04.6728518Z [1m[92m   Compiling[0m memmap2 v0.9.10
2026-10-08T07:59:05.2863956Z [1m[92m   Compiling[0m tempfile v3.27.0
2026-10-08T07:59:05.4504012Z [1m[92m   Compiling[0m gix-hashtable v0.13.0
2026-10-08T07:59:05.6524052Z [1m[92m   Compiling[0m libz-sys v1.1.29
2026-10-08T07:59:05.8733999Z [1m[92m   Compiling[0m zerofrom-derive v0.1.7
2026-10-08T07:59:06.0503951Z [1m[92m   Compiling[0m yoke-derive v0.8.2
2026-10-08T07:59:06.1823889Z [1m[92m   Compiling[0m openssl-sys v0.9.116
2026-10-08T07:59:07.0074405Z [1m[92m   Compiling[0m hashbrown v0.14.5
2026-10-08T07:59:07.7764182Z [1m[92m   Compiling[0m gix-fs v0.19.2
2026-10-08T07:59:07.7939568Z [1m[92m   Compiling[0m gix-chunk v0.7.2
2026-10-08T07:59:07.9003860Z [1m[92m   Compiling[0m gix-quote v0.7.2
2026-10-08T07:59:08.2244279Z [1m[92m   Compiling[0m zerovec-derive v0.11.3
2026-10-08T07:59:08.3693854Z [1m[92m   Compiling[0m zerofrom v0.1.8
2026-10-08T07:59:08.4023891Z [1m[92m   Compiling[0m dashmap v6.2.1
2026-10-08T07:59:08.5474396Z [1m[92m   Compiling[0m yoke v0.8.2
2026-10-08T07:59:08.5517264Z [1m[92m   Compiling[0m nonempty v0.12.0
2026-10-08T07:59:08.8003969Z [1m[92m   Compiling[0m displaydoc v0.2.6
2026-10-08T07:59:08.8723986Z [1m[92m   Compiling[0m percent-encoding v2.3.2
2026-10-08T07:59:08.9484086Z [1m[92m   Compiling[0m gix-commitgraph v0.35.0
2026-10-08T07:59:09.3594071Z [1m[92m   Compiling[0m gix-date v0.15.4
2026-10-08T07:59:09.6984482Z [1m[92m   Compiling[0m gix-tempfile v21.0.2
2026-10-08T07:59:09.7834397Z [1m[92m   Compiling[0m gix-glob v0.24.0
2026-10-08T07:59:10.1453978Z [1m[92m   Compiling[0m gix-actor v0.40.0
2026-10-08T07:59:10.3093938Z [1m[92m   Compiling[0m zerovec v0.11.6
2026-10-08T07:59:10.9635566Z [1m[92m   Compiling[0m gix-object v0.58.0
2026-10-08T07:59:11.1624339Z [1m[92m   Compiling[0m gix-lock v21.0.2
2026-10-08T07:59:11.6794035Z [1m[92m   Compiling[0m libnghttp2-sys v0.1.13+1.68.1
2026-10-08T07:59:11.7042320Z [1m[92m   Compiling[0m getrandom v0.2.17
2026-10-08T07:59:11.9944249Z [1m[92m   Compiling[0m tinystr v0.8.3
2026-10-08T07:59:12.0691449Z [1m[92m   Compiling[0m rand_core v0.6.4
2026-10-08T07:59:12.2694148Z [1m[92m   Compiling[0m gix-config-value v0.17.2
2026-10-08T07:59:12.2824109Z [1m[92m   Compiling[0m writeable v0.6.3
2026-10-08T07:59:12.3614368Z [1m[92m   Compiling[0m litemap v0.8.2
2026-10-08T07:59:12.6914120Z [1m[92m   Compiling[0m serde v1.0.228
2026-10-08T07:59:12.7484006Z [1m[92m   Compiling[0m unicode-bom v2.0.3
2026-10-08T07:59:12.8630613Z [1m[92m   Compiling[0m zmij v1.0.21
2026-10-08T07:59:13.0054325Z [1m[92m   Compiling[0m icu_locale_core v2.2.0
2026-10-08T07:59:13.0593958Z [1m[92m   Compiling[0m potential_utf v0.1.5
2026-10-08T07:59:13.1993585Z [1m[92m   Compiling[0m zerotrie v0.2.4
2026-10-08T07:59:13.9534680Z [1m[92m   Compiling[0m gix-revwalk v0.29.0
2026-10-08T07:59:14.2664082Z [1m[92m   Compiling[0m curl-sys v0.4.88+curl-8.20.0
2026-10-08T07:59:14.4304449Z [1m[92m   Compiling[0m serde_derive v1.0.228
2026-10-08T07:59:14.7125064Z [1m[92m   Compiling[0m serde_json v1.0.150
2026-10-08T07:59:14.8734079Z [1m[92m   Compiling[0m base64ct v1.8.3
2026-10-08T07:59:14.9854472Z [1m[92m   Compiling[0m static_assertions v1.1.0
2026-10-08T07:59:15.0634101Z [1m[92m   Compiling[0m icu_normalizer_data v2.2.0
2026-10-08T07:59:15.2674115Z [1m[92m   Compiling[0m icu_properties_data v2.2.0
2026-10-08T07:59:15.3163212Z [1m[92m   Compiling[0m autocfg v1.5.1
2026-10-08T07:59:15.4364466Z [1m[92m   Compiling[0m utf8_iter v1.0.4
2026-10-08T07:59:15.6393890Z [1m[92m   Compiling[0m log v0.4.30
2026-10-08T07:59:15.8616311Z [1m[92m   Compiling[0m icu_collections v2.2.0
2026-10-08T07:59:16.1214196Z [1m[92m   Compiling[0m pem-rfc7468 v0.7.0
2026-10-08T07:59:17.2264088Z [1m[92m   Compiling[0m kstring v2.0.2
2026-10-08T07:59:17.7154114Z [1m[92m   Compiling[0m icu_provider v2.2.0
2026-10-08T07:59:18.5483821Z [1m[92m   Compiling[0m gix-sec v0.13.3
2026-10-08T07:59:18.8203852Z [1m[92m   Compiling[0m shell-words v1.1.1
2026-10-08T07:59:19.0894238Z [1m[92m   Compiling[0m gix-command v0.8.1
2026-10-08T07:59:19.1527620Z [1m[92m   Compiling[0m gix-attributes v0.31.0
2026-10-08T07:59:19.5504090Z [1m[92m   Compiling[0m der v0.7.10
2026-10-08T07:59:20.1834282Z [1m[92m   Compiling[0m filetime v0.2.29
2026-10-08T07:59:20.5672551Z [1m[92m   Compiling[0m pin-project-lite v0.2.17
2026-10-08T07:59:20.6594185Z [1m[92m   Compiling[0m icu_properties v2.2.0
2026-10-08T07:59:21.4434120Z [1m[92m   Compiling[0m icu_normalizer v2.2.0
2026-10-08T07:59:22.9596147Z [1m[92m   Compiling[0m spki v0.7.3
2026-10-08T07:59:23.4971851Z [1m[92m   Compiling[0m gix-ref v0.61.0
2026-10-08T07:59:24.4664093Z [1m[92m   Compiling[0m libssh2-sys v0.3.1
2026-10-08T07:59:24.5824036Z [1m[92m   Compiling[0m hashbrown v0.17.1
2026-10-08T07:59:24.8013946Z [1m[92m   Compiling[0m hmac v0.12.1
2026-10-08T07:59:24.9654210Z [1m[92m   Compiling[0m hybrid-array v0.4.12
2026-10-08T07:59:24.9794085Z [1m[92m   Compiling[0m openssl-probe v0.1.6
2026-10-08T07:59:25.1155800Z [1m[92m   Compiling[0m curl v0.4.49
2026-10-08T07:59:25.3004047Z [1m[92m   Compiling[0m pkcs8 v0.10.2
2026-10-08T07:59:25.5474252Z [1m[92m   Compiling[0m idna_adapter v1.2.2
2026-10-08T07:59:25.6867379Z [1m[92m   Compiling[0m gix-traverse v0.55.0
2026-10-08T07:59:26.1674049Z [1m[92m   Compiling[0m indexmap v2.14.0
2026-10-08T07:59:26.2524367Z [1m[92m   Compiling[0m ff v0.13.1
2026-10-08T07:59:26.3932304Z [1m[92m   Compiling[0m gix-packetline v0.21.4
2026-10-08T07:59:26.7521588Z [1m[92m   Compiling[0m gix-bitmap v0.3.2
2026-10-08T07:59:26.8708221Z [1m[92m   Compiling[0m socket2 v0.6.4
2026-10-08T07:59:26.9291616Z [1m[92m   Compiling[0m tracing-core v0.1.36
2026-10-08T07:59:27.2064384Z [1m[92m   Compiling[0m cpufeatures v0.3.0
2026-10-08T07:59:27.2784083Z [1m[92m   Compiling[0m utf8parse v0.2.2
2026-10-08T07:59:27.3703779Z [1m[92m   Compiling[0m fnv v1.0.7
2026-10-08T07:59:27.4904593Z [1m[92m   Compiling[0m base16ct v0.2.0
2026-10-08T07:59:27.6334405Z [1m[92m   Compiling[0m anyhow v1.0.102
2026-10-08T07:59:27.6543982Z [1m[92m   Compiling[0m anstyle v1.0.14
2026-10-08T07:59:27.8604455Z [1m[92m   Compiling[0m cmov v0.5.4
2026-10-08T07:59:27.9701646Z [1m[92m   Compiling[0m winnow v1.0.3
2026-10-08T07:59:28.1693955Z [1m[92m   Compiling[0m sec1 v0.7.3
2026-10-08T07:59:28.3884137Z [1m[92m   Compiling[0m gix-index v0.49.0
2026-10-08T07:59:28.4801598Z [1m[92m   Compiling[0m ctutils v0.4.2
2026-10-08T07:59:28.6524144Z [1m[92m   Compiling[0m anstyle-parse v1.0.0
2026-10-08T07:59:28.8544012Z [1m[92m   Compiling[0m group v0.13.0
2026-10-08T07:59:28.9244126Z [1m[92m   Compiling[0m crypto-common v0.2.2
2026-10-08T07:59:29.0895872Z [1m[92m   Compiling[0m block-buffer v0.12.0
2026-10-08T07:59:29.2104040Z [1m[92m   Compiling[0m idna v1.1.0
2026-10-08T07:59:30.0324559Z [1m[92m   Compiling[0m hkdf v0.12.4
2026-10-08T07:59:30.2693899Z [1m[92m   Compiling[0m gix-pathspec v0.16.1
2026-10-08T07:59:31.4340677Z [1m[92m   Compiling[0m toml_parser v1.1.2+spec-1.1.0
2026-10-08T07:59:32.3557504Z [1m[92m   Compiling[0m num-traits v0.2.19
2026-10-08T07:59:32.5130078Z [1m[92m   Compiling[0m gix-ignore v0.19.1
2026-10-08T07:59:33.1663526Z [1m[92m   Compiling[0m crypto-bigint v0.5.5
2026-10-08T07:59:33.9929956Z [1m[92m   Compiling[0m form_urlencoded v1.2.2
2026-10-08T07:59:34.3234027Z [1m[92m   Compiling[0m gix-url v0.35.3
2026-10-08T07:59:34.3504200Z [1m[92m   Compiling[0m libgit2-sys v0.18.5+1.9.4
2026-10-08T07:59:34.5114622Z [1m[92m   Compiling[0m tracing-attributes v0.1.31
2026-10-08T07:59:34.6094187Z [1m[92m   Compiling[0m serde_spanned v1.1.1
2026-10-08T07:59:34.7685134Z [1m[92m   Compiling[0m typeid v1.0.3
2026-10-08T07:59:34.8344057Z [1m[92m   Compiling[0m colorchoice v1.0.5
2026-10-08T07:59:34.9253954Z [1m[92m   Compiling[0m powerfmt v0.2.0
2026-10-08T07:59:35.0554056Z [1m[92m   Compiling[0m anstyle-query v1.1.5
2026-10-08T07:59:35.1800507Z [1m[92m   Compiling[0m const-oid v0.10.2
2026-10-08T07:59:35.3834520Z [1m[92m   Compiling[0m foldhash v0.1.5
2026-10-08T07:59:35.6094065Z [1m[92m   Compiling[0m is_terminal_polyfill v1.70.2
2026-10-08T07:59:35.6863973Z [1m[92m   Compiling[0m rustversion v1.0.22
2026-10-08T07:59:35.7134005Z [1m[92m   Compiling[0m anstream v1.0.0
2026-10-08T07:59:36.1006559Z [1m[92m   Compiling[0m tracing v0.1.44
2026-10-08T07:59:36.1503945Z [1m[92m   Compiling[0m elliptic-curve v0.13.8
2026-10-08T07:59:36.5424301Z [1m[92m   Compiling[0m hashbrown v0.15.5
2026-10-08T07:59:36.8544011Z [1m[92m   Compiling[0m digest v0.11.3
2026-10-08T07:59:37.0016454Z [1m[92m   Compiling[0m deranged v0.5.8
2026-10-08T07:59:37.2244095Z [1m[92m   Compiling[0m url v2.5.8
2026-10-08T07:59:37.2824158Z [1m[92m   Compiling[0m gix-worktree v0.50.0
2026-10-08T07:59:37.7554301Z [1m[92m   Compiling[0m gix-prompt v0.14.2
2026-10-08T07:59:38.5855455Z [1m[92m   Compiling[0m gix-revision v0.43.0
2026-10-08T07:59:38.6233936Z [1m[92m   Compiling[0m encoding_rs v0.8.35
2026-10-08T07:59:39.0384741Z [1m[92m   Compiling[0m futures-core v0.3.32
2026-10-08T07:59:39.2203825Z [1m[92m   Compiling[0m erased-serde v0.4.10
2026-10-08T07:59:39.2684303Z [1m[92m   Compiling[0m time-core v0.1.8
2026-10-08T07:59:39.5004654Z [1m[92m   Compiling[0m cfg_aliases v0.2.1
2026-10-08T07:59:39.5107591Z [1m[92m   Compiling[0m num-conv v0.2.2
2026-10-08T07:59:39.5229148Z [1m[92m   Compiling[0m futures-sink v0.3.32
2026-10-08T07:59:39.5814064Z [1m[92m   Compiling[0m nix v0.31.3
2026-10-08T07:59:39.6464137Z [1m[92m   Compiling[0m futures-channel v0.3.32
2026-10-08T07:59:39.7023248Z [1m[92m   Compiling[0m time v0.3.47
2026-10-08T07:59:39.9494211Z [1m[92m   Compiling[0m gix-refspec v0.39.0
2026-10-08T07:59:39.9994224Z [1m[92m   Compiling[0m gix-credentials v0.37.2
2026-10-08T07:59:41.8874081Z [1m[92m   Compiling[0m gix-filter v0.28.0
2026-10-08T07:59:42.7303990Z [1m[92m   Compiling[0m imara-diff v0.1.8
2026-10-08T07:59:43.6084188Z [1m[92m   Compiling[0m gix-discover v0.49.0
2026-10-08T07:59:43.9693880Z [1m[92m   Compiling[0m rfc6979 v0.4.0
2026-10-08T07:59:44.1843912Z [1m[92m   Compiling[0m signature v2.2.0
2026-10-08T07:59:44.2813907Z [1m[92m   Compiling[0m clru v0.6.3
2026-10-08T07:59:44.3524020Z [1m[92m   Compiling[0m terminal_size v0.4.4
2026-10-08T07:59:44.5123886Z [1m[92m   Compiling[0m libsqlite3-sys v0.37.0
2026-10-08T07:59:44.8064660Z [1m[92m   Compiling[0m toml_datetime v1.1.1+spec-1.1.0
2026-10-08T07:59:44.8432696Z [1m[92m   Compiling[0m crossbeam-epoch v0.9.18
2026-10-08T07:59:45.4494024Z [1m[92m   Compiling[0m heck v0.5.0
2026-10-08T07:59:45.7404008Z [1m[92m   Compiling[0m slab v0.4.12
2026-10-08T07:59:45.7701681Z [1m[92m   Compiling[0m minimal-lexical v0.2.1
2026-10-08T07:59:46.0194164Z [1m[92m   Compiling[0m futures-task v0.3.32
2026-10-08T07:59:46.2184676Z [1m[92m   Compiling[0m futures-io v0.3.32
2026-10-08T07:59:46.2344030Z [1m[92m   Compiling[0m object v0.37.3
2026-10-08T07:59:46.2604012Z [1m[92m   Compiling[0m lazy_static v1.5.0
2026-10-08T07:59:46.3484842Z [1m[92m   Compiling[0m toml_writer v1.1.1+spec-1.1.0
2026-10-08T07:59:46.4210704Z [1m[92m   Compiling[0m clap_lex v1.1.0
2026-10-08T07:59:46.4331564Z [1m[92m   Compiling[0m strsim v0.11.1
2026-10-08T07:59:46.4363866Z [1m[92m   Compiling[0m base64 v0.22.1
2026-10-08T07:59:47.0620233Z [1m[92m   Compiling[0m clap_builder v4.6.0
2026-10-08T07:59:47.5884403Z [1m[92m   Compiling[0m futures-util v0.3.32
2026-10-08T07:59:48.2453914Z [1m[92m   Compiling[0m sharded-slab v0.1.7
2026-10-08T07:59:48.6679148Z [1m[92m   Compiling[0m nom v7.1.3
2026-10-08T07:59:48.7773993Z [1m[92m   Compiling[0m clap_derive v4.6.1
2026-10-08T07:59:51.7993883Z [1m[92m   Compiling[0m flate2 v1.1.9
2026-10-08T07:59:51.8474090Z [1m[92m   Compiling[0m crossbeam-deque v0.8.6
2026-10-08T07:59:52.4943866Z [1m[92m   Compiling[0m gix-pack v0.68.0
2026-10-08T07:59:52.7873890Z [1m[92m   Compiling[0m ecdsa v0.16.9
2026-10-08T07:59:54.2523931Z [1m[92m   Compiling[0m gix-dir v0.23.0
2026-10-08T07:59:54.3973873Z [1m[92m   Compiling[0m arc-swap v1.9.1
2026-10-08T07:59:54.4094202Z [1m[92m   Compiling[0m gix-diff v0.61.0
2026-10-08T07:59:56.4123964Z [1m[92m   Compiling[0m ordered-float v2.10.1
2026-10-08T07:59:56.8923913Z [1m[92m   Compiling[0m tar v0.4.46
2026-10-08T07:59:57.2994175Z [1m[92m   Compiling[0m primeorder v0.13.6
2026-10-08T07:59:57.9174295Z [1m[92m   Compiling[0m tracing-log v0.2.0
2026-10-08T07:59:58.4014025Z [1m[92m   Compiling[0m gix-config v0.54.0
2026-10-08T07:59:58.4113737Z [1m[92m   Compiling[0m memoffset v0.9.1
2026-10-08T07:59:58.5693886Z [1m[92m   Compiling[0m globset v0.4.18
2026-10-08T08:00:02.2274221Z [1m[92m   Compiling[0m gix-negotiate v0.29.0
2026-10-08T08:00:04.3267312Z [1m[92m   Compiling[0m gix-shallow v0.10.0
2026-10-08T08:00:05.5494190Z [1m[92m   Compiling[0m sha2 v0.10.9
2026-10-08T08:00:05.5974152Z [1m[92m   Compiling[0m maybe-async v0.2.11
2026-10-08T08:00:06.6203849Z [1m[92m   Compiling[0m blake3 v1.8.5
2026-10-08T08:00:06.9834099Z [1m[92m   Compiling[0m matchers v0.2.0
2026-10-08T08:00:07.1293983Z [1m[92m   Compiling[0m bitmaps v2.1.0
2026-10-08T08:00:08.4564067Z [1m[92m   Compiling[0m im-rc v15.1.0
2026-10-08T08:00:08.6384092Z [1m[92m   Compiling[0m thread_local v1.1.9
2026-10-08T08:00:08.6754114Z [1m[92m   Compiling[0m fiat-crypto v0.3.0
2026-10-08T08:00:09.2604162Z [1m[92m   Compiling[0m nu-ansi-term v0.50.3
2026-10-08T08:00:09.3804568Z [1m[92m   Compiling[0m unicode-width v0.2.2
2026-10-08T08:00:09.8044073Z [1m[92m   Compiling[0m object v0.39.1
2026-10-08T08:00:10.0874130Z [1m[92m   Compiling[0m annotate-snippets v0.12.16
2026-10-08T08:00:10.2784145Z [1m[92m   Compiling[0m tracing-subscriber v0.3.23
2026-10-08T08:00:11.7073927Z [1m[92m   Compiling[0m sized-chunks v0.6.5
2026-10-08T08:00:12.3204133Z [1m[92m   Compiling[0m p384 v0.13.1
2026-10-08T08:00:13.2724086Z [1m[92m   Compiling[0m gix-submodule v0.28.0
2026-10-08T08:00:17.3964241Z [1m[92m   Compiling[0m ignore v0.4.25
2026-10-08T08:00:18.1973972Z [1m[92m   Compiling[0m cargo v0.97.1
2026-10-08T08:00:19.5054254Z [1m[92m   Compiling[0m serde-value v0.7.0
2026-10-08T08:00:20.1393953Z [1m[92m   Compiling[0m serde-untagged v0.1.9
2026-10-08T08:00:20.9584411Z [1m[92m   Compiling[0m gix-status v0.28.0
2026-10-08T08:00:21.0094492Z [1m[92m   Compiling[0m gix-odb v0.78.0
2026-10-08T08:00:21.5944065Z [1m[92m   Compiling[0m orion v0.17.14
2026-10-08T08:00:23.6083940Z [1m[92m   Compiling[0m futures-executor v0.3.32
2026-10-08T08:00:24.4283945Z [1m[92m   Compiling[0m clap v4.6.1
2026-10-08T08:00:24.5104015Z [1m[92m   Compiling[0m color-print-proc-macro v0.3.7
2026-10-08T08:00:26.3754077Z [1m[92m   Compiling[0m toml v1.1.2+spec-1.1.0
2026-10-08T08:00:30.1914647Z [1m[92m   Compiling[0m cargo-credential v0.4.10
2026-10-08T08:00:31.9813999Z [1m[92m   Compiling[0m sha2 v0.11.0
2026-10-08T08:00:32.6884305Z [1m[92m   Compiling[0m chacha20 v0.10.0
2026-10-08T08:00:32.8123983Z [1m[92m   Compiling[0m rand_xoshiro v0.6.0
2026-10-08T08:00:33.1284036Z [1m[92m   Compiling[0m anstyle-hyperlink v1.0.2
2026-10-08T08:00:33.5154216Z [1m[92m   Compiling[0m hashlink v0.11.0
2026-10-08T08:00:34.0384255Z [1m[92m   Compiling[0m ed25519-compact v2.3.0
2026-10-08T08:00:34.1010245Z [1m[92m   Compiling[0m regex v1.12.3
2026-10-08T08:00:34.2303963Z [1m[92m   Compiling[0m toml_datetime v0.7.5+spec-1.1.0
2026-10-08T08:00:35.0543995Z [1m[92m   Compiling[0m semver v1.0.28
2026-10-08T08:00:36.2793974Z [1m[92m   Compiling[0m libloading v0.9.0
2026-10-08T08:00:36.4074533Z [1m[92m   Compiling[0m fallible-iterator v0.3.0
2026-10-08T08:00:36.7424059Z [1m[92m   Compiling[0m fallible-streaming-iterator v0.1.9
2026-10-08T08:00:36.9204052Z [1m[92m   Compiling[0m hex v0.4.3
2026-10-08T08:00:37.1844201Z [1m[92m   Compiling[0m anstyle-progress v0.1.0
2026-10-08T08:00:37.2484322Z [1m[92m   Compiling[0m shell-escape v0.1.5
2026-10-08T08:00:37.2673692Z [1m[92m   Compiling[0m cbindgen v0.29.3
2026-10-08T08:00:37.4773940Z [1m[92m   Compiling[0m ct-codecs v1.1.6
2026-10-08T08:00:37.5123980Z [1m[92m   Compiling[0m constant_time_eq v0.4.2
2026-10-08T08:00:37.6684200Z [1m[92m   Compiling[0m camino v1.2.2
2026-10-08T08:00:37.8034137Z [1m[92m   Compiling[0m arrayref v0.3.9
2026-10-08T08:00:37.8911323Z [1m[92m   Compiling[0m arrayvec v0.7.6
2026-10-08T08:00:37.8944052Z [1m[92m   Compiling[0m is_executable v1.0.5
2026-10-08T08:00:37.9743388Z [1m[92m   Compiling[0m supports-hyperlinks v3.2.0
2026-10-08T08:00:37.9827265Z [1m[92m   Compiling[0m shlex v1.3.0
2026-10-08T08:00:37.9915004Z [1m[92m   Compiling[0m supports-unicode v3.0.0
2026-10-08T08:00:38.1583665Z [1m[92m   Compiling[0m either v1.16.0
2026-10-08T08:00:38.2713873Z [1m[92m   Compiling[0m clap_complete v4.6.5
2026-10-08T08:00:38.4923970Z [1m[92m   Compiling[0m itertools v0.14.0
2026-10-08T08:00:38.5080122Z [1m[92m   Compiling[0m cargo-util-terminal v0.1.0
2026-10-08T08:00:39.3094033Z [1m[92m   Compiling[0m pasetors v0.7.8
2026-10-08T08:00:39.6734469Z [1m[92m   Compiling[0m cargo-util v0.2.29
2026-10-08T08:00:39.7504341Z [1m[92m   Compiling[0m cargo-credential-libsecret v0.5.7
2026-10-08T08:00:40.3929027Z [1m[92m   Compiling[0m cargo-util-schemas v0.14.0
2026-10-08T08:00:41.8203992Z [1m[92m   Compiling[0m toml v0.9.12+spec-1.1.0
2026-10-08T08:00:47.2144113Z [1m[92m   Compiling[0m rand v0.10.1
2026-10-08T08:00:47.5514131Z [1m[92m   Compiling[0m ar_archive_writer v0.5.1
2026-10-08T08:00:48.6173963Z [1m[92m   Compiling[0m color-print v0.3.7
2026-10-08T08:00:48.6533967Z [1m[92m   Compiling[0m futures v0.3.32
2026-10-08T08:00:48.6934033Z [1m[92m   Compiling[0m os_info v3.15.0
2026-10-08T08:00:49.3804198Z [1m[92m   Compiling[0m tracing-chrome v0.7.2
2026-10-08T08:00:51.4034004Z [1m[92m   Compiling[0m toml_edit v0.25.12+spec-1.1.0
2026-10-08T08:00:51.6074524Z [1m[92m   Compiling[0m sha1 v0.11.0
2026-10-08T08:00:52.5603993Z [1m[92m   Compiling[0m hmac v0.13.0
2026-10-08T08:00:52.7614203Z [1m[92m   Compiling[0m rustfix v0.9.6
2026-10-08T08:00:54.4434360Z [1m[92m   Compiling[0m gix-transport v0.55.1
2026-10-08T08:00:57.1684249Z [1m[92m   Compiling[0m gix-protocol v0.59.0
2026-10-08T08:00:58.7404001Z [1m[92m   Compiling[0m crates-io v0.40.19
2026-10-08T08:00:58.7592160Z [1m[92m   Compiling[0m async-trait v0.1.89
2026-10-08T08:01:00.3014319Z [1m[92m   Compiling[0m gix v0.81.0
2026-10-08T08:01:03.6754115Z [1m[92m   Compiling[0m opener v0.8.4
2026-10-08T08:01:03.8383642Z [1m[92m   Compiling[0m http v1.4.1
2026-10-08T08:01:04.9554050Z [1m[92m   Compiling[0m cargo-platform v0.3.3
2026-10-08T08:01:06.1164328Z [1m[92m   Compiling[0m serde_ignored v0.1.14
2026-10-08T08:01:06.2803974Z [1m[92m   Compiling[0m http-auth v0.1.10
2026-10-08T08:01:06.4194344Z [1m[92m   Compiling[0m rustc-hash v2.1.2
2026-10-08T08:01:06.4974011Z [1m[92m   Compiling[0m rustc-stable-hash v0.1.2
2026-10-08T08:01:06.5043662Z [1m[92m   Compiling[0m pathdiff v0.2.3
2026-10-08T08:01:06.6633927Z [1m[92m   Compiling[0m glob v0.3.3
2026-10-08T08:01:06.8663883Z [1m[92m   Compiling[0m futures-timer v3.0.4
2026-10-08T08:01:08.0265464Z [1m[92m   Compiling[0m unicase v2.9.0
2026-10-08T08:01:08.0273490Z [1m[92m   Compiling[0m home v0.5.12
2026-10-08T08:01:08.6014211Z [1m[92m   Compiling[0m implib v0.6.0
2026-10-08T08:01:48.6710044Z [1m[92m   Compiling[0m git2 v0.20.4
2026-10-08T08:01:50.6203510Z [1m[92m   Compiling[0m git2-curl v0.21.0
2026-10-08T08:01:53.1455892Z [1m[92m   Compiling[0m rusqlite v0.39.0
2026-10-08T08:02:12.6860693Z [1m[92m   Compiling[0m cargo-c v0.10.23+cargo-0.97.1
2026-10-08T08:03:33.1494799Z [1m[92m    Finished[0m `release` profile [optimized] target(s) in 4m 50s
2026-10-08T08:03:33.1764101Z [1m[92m  Installing[0m /home/runner/.cargo/bin/cargo-capi
2026-10-08T08:03:33.1765009Z [1m[92m  Installing[0m /home/runner/.cargo/bin/cargo-cbuild
2026-10-08T08:03:33.1765864Z [1m[92m  Installing[0m /home/runner/.cargo/bin/cargo-cinstall
2026-10-08T08:03:33.1766692Z [1m[92m  Installing[0m /home/runner/.cargo/bin/cargo-ctest
2026-10-08T08:03:33.1773421Z [1m[92m   Installed[0m package `cargo-c v0.10.23+cargo-0.97.1` (executables `cargo-capi`, `cargo-cbuild`, `cargo-cinstall`, `cargo-ctest`)
2026-10-08T08:03:33.6210134Z ##[group]Run campaign="/opt/purrdf-native-profile/$GITHUB_RUN_ID-$GITHUB_RUN_ATTEMPT"
2026-10-08T08:03:33.6210815Z [36;1mcampaign="/opt/purrdf-native-profile/$GITHUB_RUN_ID-$GITHUB_RUN_ATTEMPT"[0m
2026-10-08T08:03:33.6211495Z [36;1mCARGO_TARGET_DIR="$campaign/controller-target" CARGO_BUILD_BUILD_DIR="$campaign/controller-build" \[0m
2026-10-08T08:03:33.6212235Z [36;1m  cargo build --locked -p purrdf-capi --example native_ci_profile --profile test --jobs 8[0m
2026-10-08T08:03:33.6213518Z [36;1mecho "PURRDF_HOSTED_CONTROLLER=$campaign/controller-target/debug/examples/native_ci_profile" >> "$GITHUB_ENV"[0m
2026-10-08T08:03:33.6214195Z [36;1mecho "PURRDF_HOSTED_REAL_CARGO=$(command -v cargo)" >> "$GITHUB_ENV"[0m
2026-10-08T08:03:33.6275877Z shell: /usr/bin/bash -e {0}
2026-10-08T08:03:33.6283663Z env:
2026-10-08T08:03:33.6283911Z   CARGO_BUILD_JOBS: 8
2026-10-08T08:03:33.6284361Z   PURRDF_REQUIRE_SIMD_PATHS: distance:portable,distance:sse2,blake3:sse2,deflate:sse2,csv:sse2
2026-10-08T08:03:33.6284898Z   CARGO_HOME: /home/runner/.cargo
2026-10-08T08:03:33.6285172Z   CARGO_INCREMENTAL: 0
2026-10-08T08:03:33.6285399Z   CARGO_TERM_COLOR: always
2026-10-08T08:03:33.6285630Z ##[endgroup]
2026-10-08T08:03:33.7002970Z [1m[92m    Updating[0m crates.io index
2026-10-08T08:03:34.0800103Z [1m[92m Downloading[0m crates ...
2026-10-08T08:03:34.1833591Z [1m[92m  Downloaded[0m inout v0.2.2
2026-10-08T08:03:34.1847116Z [1m[92m  Downloaded[0m ghash v0.6.0
2026-10-08T08:03:34.1863510Z [1m[92m  Downloaded[0m universal-hash v0.6.1
2026-10-08T08:03:34.1872613Z [1m[92m  Downloaded[0m aead v0.6.1
2026-10-08T08:03:34.1887415Z [1m[92m  Downloaded[0m aes v0.9.3
2026-10-08T08:03:34.1925931Z [1m[92m  Downloaded[0m cipher v0.5.2
2026-10-08T08:03:34.1950580Z [1m[92m  Downloaded[0m block-buffer v0.12.1
2026-10-08T08:03:34.1963775Z [1m[92m  Downloaded[0m cpubits v0.1.1
2026-10-08T08:03:34.1972751Z [1m[92m  Downloaded[0m ctr v0.10.1
2026-10-08T08:03:34.2003407Z [1m[92m  Downloaded[0m polyval v0.7.3
2026-10-08T08:03:34.2018059Z [1m[92m  Downloaded[0m visual-hashing v1.0.0
2026-10-08T08:03:34.2043525Z [1m[92m  Downloaded[0m twox-hash v2.1.2
2026-10-08T08:03:34.2065239Z [1m[92m  Downloaded[0m hybrid-array v0.4.15
2026-10-08T08:03:34.2093519Z [1m[92m  Downloaded[0m rayon-core v1.13.0
2026-10-08T08:03:34.2125046Z [1m[92m  Downloaded[0m aes-gcm v0.11.1
2026-10-08T08:03:34.2155958Z [1m[92m  Downloaded[0m getrandom v0.3.4
2026-10-08T08:03:34.2190179Z [1m[92m  Downloaded[0m memchr v2.8.2
2026-10-08T08:03:34.2244840Z [1m[92m  Downloaded[0m regex v1.12.4
2026-10-08T08:03:34.2296414Z [1m[92m  Downloaded[0m rayon v1.12.0
2026-10-08T08:03:34.2391472Z [1m[92m  Downloaded[0m regex-syntax v0.8.11
2026-10-08T08:03:34.2456949Z [1m[92m  Downloaded[0m structured-zstd v0.0.49
2026-10-08T08:03:34.3139935Z [1m[92m   Compiling[0m typenum v1.20.1
2026-10-08T08:03:34.3140906Z [1m[92m   Compiling[0m purrdf-hash v3.0.1 (/home/runner/work/purrdf/purrdf/crates/hash)
2026-10-08T08:03:34.3149694Z [1m[92m   Compiling[0m cpufeatures v0.3.0
2026-10-08T08:03:34.3156652Z [1m[92m   Compiling[0m const-oid v0.10.2
2026-10-08T08:03:34.3159305Z [1m[92m   Compiling[0m cfg-if v1.0.4
2026-10-08T08:03:34.3160736Z [1m[92m   Compiling[0m purrdf-events v3.0.1 (/home/runner/work/purrdf/purrdf/crates/rdf-events)
2026-10-08T08:03:34.3224117Z [1m[92m   Compiling[0m regex-syntax v0.8.11
2026-10-08T08:03:34.3275044Z [1m[92m   Compiling[0m purrdf-core v3.0.1 (/home/runner/work/purrdf/purrdf/crates/rdf-core)
2026-10-08T08:03:34.3654358Z [1m[92m   Compiling[0m crossbeam-utils v0.8.21
2026-10-08T08:03:34.3723089Z [1m[92m   Compiling[0m hashbrown v0.17.1
2026-10-08T08:03:34.5424016Z [1m[92m   Compiling[0m rayon-core v1.13.0
2026-10-08T08:03:34.7704112Z [1m[92m   Compiling[0m libc v0.2.186
2026-10-08T08:03:34.8263946Z [1m[92m   Compiling[0m either v1.16.0
2026-10-08T08:03:35.2463939Z [1m[92m   Compiling[0m getrandom v0.3.4
2026-10-08T08:03:36.1944415Z [1m[92m   Compiling[0m cmov v0.5.4
2026-10-08T08:03:36.2063971Z [1m[92m   Compiling[0m cpubits v0.1.1
2026-10-08T08:03:36.2813958Z [1m[92m   Compiling[0m crossbeam-epoch v0.9.18
2026-10-08T08:03:36.5564200Z [1m[92m   Compiling[0m ctutils v0.4.2
2026-10-08T08:03:36.7003695Z [1m[92m   Compiling[0m crossbeam-deque v0.8.6
2026-10-08T08:03:37.0424182Z [1m[92m   Compiling[0m fastrand v2.4.1
2026-10-08T08:03:37.0573906Z [1m[92m   Compiling[0m twox-hash v2.1.2
2026-10-08T08:03:37.3127457Z [1m[92m   Compiling[0m structured-zstd v0.0.49
2026-10-08T08:03:37.4914064Z [1m[92m   Compiling[0m visual-hashing v1.0.0
2026-10-08T08:03:37.5284019Z [1m[92m   Compiling[0m hybrid-array v0.4.15
2026-10-08T08:03:38.2034976Z [1m[92m   Compiling[0m purrdf-stack v3.0.1 (/home/runner/work/purrdf/purrdf/crates/stack)
2026-10-08T08:03:38.3594206Z [1m[92m   Compiling[0m regex-automata v0.4.14
2026-10-08T08:03:38.5868049Z [1m[92m   Compiling[0m rayon v1.12.0
2026-10-08T08:03:39.2344057Z [1m[92m   Compiling[0m crypto-common v0.2.2
2026-10-08T08:03:40.3583186Z [1m[92m   Compiling[0m block-buffer v0.12.1
2026-10-08T08:03:40.4915356Z [1m[92m   Compiling[0m purrdf-lex v3.0.1 (/home/runner/work/purrdf/purrdf/crates/lex)
2026-10-08T08:03:41.2680807Z [1m[92m   Compiling[0m digest v0.11.3
2026-10-08T08:03:41.5227676Z [1m[92m   Compiling[0m sha2 v0.11.0
2026-10-08T08:03:42.7975207Z [1m[92m   Compiling[0m purrdf-deflate v3.0.1 (/home/runner/work/purrdf/purrdf/crates/deflate)
2026-10-08T08:03:44.6034037Z [1m[92m   Compiling[0m regex v1.12.4
2026-10-08T08:03:45.4693849Z [1m[92m   Compiling[0m inout v0.2.2
2026-10-08T08:03:45.7143883Z [1m[92m   Compiling[0m cipher v0.5.2
2026-10-08T08:03:46.2414202Z [1m[92m   Compiling[0m universal-hash v0.6.1
2026-10-08T08:03:46.3284267Z [1m[92m   Compiling[0m polyval v0.7.3
2026-10-08T08:03:46.7734081Z [1m[92m   Compiling[0m ghash v0.6.0
2026-10-08T08:03:46.8974103Z [1m[92m   Compiling[0m aes v0.9.3
2026-10-08T08:03:47.2914559Z [1m[92m   Compiling[0m purrdf-xsd v3.0.1 (/home/runner/work/purrdf/purrdf/crates/xsd)
2026-10-08T08:03:48.0644414Z [1m[92m   Compiling[0m purrdf-iri v3.0.1 (/home/runner/work/purrdf/purrdf/crates/iri)
2026-10-08T08:03:48.2754134Z [1m[92m   Compiling[0m ctr v0.10.1
2026-10-08T08:03:48.5783885Z [1m[92m   Compiling[0m aead v0.6.1
2026-10-08T08:03:48.7754042Z [1m[92m   Compiling[0m aes-gcm v0.11.1
2026-10-08T08:03:48.9634515Z [1m[92m   Compiling[0m purrdf-ed25519 v3.0.1 (/home/runner/work/purrdf/purrdf/crates/ed25519)
2026-10-08T08:03:50.7444533Z [1m[92m   Compiling[0m purrdf-testkit v3.0.1 (/home/runner/work/purrdf/purrdf/crates/testkit)
2026-10-08T08:03:50.8314490Z [1m[92m   Compiling[0m purrdf-cdt v3.0.1 (/home/runner/work/purrdf/purrdf/crates/cdt)
2026-10-08T08:03:57.2814943Z [1m[92m   Compiling[0m purrdf-sparql-algebra v3.0.1 (/home/runner/work/purrdf/purrdf/crates/sparql-algebra)
2026-10-08T08:04:01.5354748Z [1m[92m   Compiling[0m purrdf-gts v3.0.1 (/home/runner/work/purrdf/purrdf/crates/gts)
2026-10-08T08:04:29.6984655Z [1m[92m   Compiling[0m purrdf-sparql-results v3.0.1 (/home/runner/work/purrdf/purrdf/crates/sparql-results)
2026-10-08T08:04:30.0584495Z [1m[92m   Compiling[0m purrdf-datalog v3.0.1 (/home/runner/work/purrdf/purrdf/crates/datalog)
2026-10-08T08:04:31.6506936Z [1m[92m   Compiling[0m purrdf-sparql-eval v3.0.1 (/home/runner/work/purrdf/purrdf/crates/sparql-eval)
2026-10-08T08:04:32.1054470Z [1m[92m   Compiling[0m purrdf-markdown v3.0.1 (/home/runner/work/purrdf/purrdf/crates/markdown)
2026-10-08T08:04:32.1844435Z [1m[92m   Compiling[0m purrdf-shex v3.0.1 (/home/runner/work/purrdf/purrdf/crates/shex)
2026-10-08T08:04:42.7144507Z [1m[92m   Compiling[0m purrdf-entail v3.0.1 (/home/runner/work/purrdf/purrdf/crates/entail)
2026-10-08T08:04:42.9584893Z [1m[92m   Compiling[0m purrdf-json v3.0.1 (/home/runner/work/purrdf/purrdf/crates/json)
2026-10-08T08:04:45.6643020Z [1m[92m   Compiling[0m purrdf-columnar v3.0.1 (/home/runner/work/purrdf/purrdf/crates/columnar)
2026-10-08T08:05:00.3204829Z [1m[92m   Compiling[0m purrdf-rdf v3.0.1 (/home/runner/work/purrdf/purrdf/crates/rdf)
2026-10-08T08:05:00.8254830Z [1m[92m   Compiling[0m purrdf-text v3.0.1 (/home/runner/work/purrdf/purrdf/crates/text)
2026-10-08T08:05:22.9854656Z [1m[92m   Compiling[0m purrdf-retrieval v3.0.1 (/home/runner/work/purrdf/purrdf/crates/retrieval)
2026-10-08T08:05:26.8344506Z [1m[92m   Compiling[0m purrdf-geo v3.0.1 (/home/runner/work/purrdf/purrdf/crates/geo)
2026-10-08T08:05:49.0984478Z [1m[92m   Compiling[0m purrdf-slice v3.0.1 (/home/runner/work/purrdf/purrdf/crates/slice)
2026-10-08T08:05:51.5715994Z [1m[92m   Compiling[0m purrdf-hnsw v3.0.1 (/home/runner/work/purrdf/purrdf/crates/hnsw)
2026-10-08T08:05:53.9664487Z [1m[92m   Compiling[0m purrdf-shapes v3.0.1 (/home/runner/work/purrdf/purrdf/crates/shapes)
2026-10-08T08:06:41.9882984Z [1m[92m   Compiling[0m purrdf-validate v3.0.1 (/home/runner/work/purrdf/purrdf/crates/validate)
2026-10-08T08:06:50.9964950Z [1m[92m   Compiling[0m purrdf v3.0.1 (/home/runner/work/purrdf/purrdf/crates/purrdf)
2026-10-08T08:08:24.0117912Z [1m[92m   Compiling[0m purrdf-capi v3.0.1 (/home/runner/work/purrdf/purrdf/crates/rdf-capi)
2026-10-08T08:08:36.6361724Z [1m[92m    Finished[0m `test` profile [optimized] target(s) in 5m 02s
2026-10-08T08:08:36.6545831Z ##[group]Run set -o pipefail
2026-10-08T08:08:36.6546436Z [36;1mset -o pipefail[0m
2026-10-08T08:08:36.6547162Z [36;1m"$PURRDF_HOSTED_CONTROLLER" hosted-run "$PROFILE_CASE" 2>&1 | \[0m
2026-10-08T08:08:36.6548482Z [36;1m  tee "/opt/purrdf-native-profile/$GITHUB_RUN_ID-$GITHUB_RUN_ATTEMPT/$PROFILE_CASE/hosted-run.txt"[0m
2026-10-08T08:08:36.6611800Z shell: /usr/bin/bash -e {0}
2026-10-08T08:08:36.6612124Z env:
2026-10-08T08:08:36.6612631Z   CARGO_BUILD_JOBS: 8
2026-10-08T08:08:36.6613267Z   PURRDF_REQUIRE_SIMD_PATHS: distance:portable,distance:sse2,blake3:sse2,deflate:sse2,csv:sse2
2026-10-08T08:08:36.6613961Z   CARGO_HOME: /home/runner/.cargo
2026-10-08T08:08:36.6614321Z   CARGO_INCREMENTAL: 0
2026-10-08T08:08:36.6614642Z   CARGO_TERM_COLOR: always
2026-10-08T08:08:36.6615424Z   PURRDF_HOSTED_CONTROLLER: /opt/purrdf-native-profile/37746157677-1/controller-target/debug/examples/native_ci_profile
2026-10-08T08:08:36.6616387Z   PURRDF_HOSTED_REAL_CARGO: /home/runner/.cargo/bin/cargo
2026-10-08T08:08:36.6616889Z   PROFILE_CASE: after-integration-2
2026-10-08T08:08:36.6617253Z ##[endgroup]
2026-10-08T08:27:43.9239493Z Error: Custom { kind: Other, error: "JSON byte 0: expected a JSON value" }
2026-10-08T08:27:43.9275267Z ##[error]Process completed with exit code 1.
2026-10-08T08:27:43.9347033Z ##[group]Run actions/upload-artifact@043fb46d1a93c77aae656e7c1c64a875d1fc6a0a
2026-10-08T08:27:43.9347481Z with:
2026-10-08T08:27:43.9347790Z   name: native-profile-37746157677-1-arm-after-integration-2
2026-10-08T08:27:43.9349327Z   path: /opt/purrdf-native-profile/37746157677-1/after-integration-2/*.json
/opt/purrdf-native-profile/37746157677-1/after-integration-2/*.txt
/opt/purrdf-native-profile/37746157677-1/after-integration-2/*.diff
/opt/purrdf-native-profile/37746157677-1/after-integration-2/*-cargo/*.json
/opt/purrdf-native-profile/37746157677-1/after-integration-2/*-cargo/*.html

2026-10-08T08:27:43.9350784Z   if-no-files-found: error
2026-10-08T08:27:43.9351024Z   retention-days: 30
2026-10-08T08:27:43.9351251Z   compression-level: 6
2026-10-08T08:27:43.9351471Z   overwrite: false
2026-10-08T08:27:43.9351689Z   include-hidden-files: false
2026-10-08T08:27:43.9351948Z   archive: true
2026-10-08T08:27:43.9352148Z env:
2026-10-08T08:27:43.9352620Z   CARGO_BUILD_JOBS: 8
2026-10-08T08:27:43.9353127Z   PURRDF_REQUIRE_SIMD_PATHS: distance:portable,distance:sse2,blake3:sse2,deflate:sse2,csv:sse2
2026-10-08T08:27:43.9353611Z   CARGO_HOME: /home/runner/.cargo
2026-10-08T08:27:43.9353868Z   CARGO_INCREMENTAL: 0
2026-10-08T08:27:43.9354099Z   CARGO_TERM_COLOR: always
2026-10-08T08:27:43.9354626Z   PURRDF_HOSTED_CONTROLLER: /opt/purrdf-native-profile/37746157677-1/controller-target/debug/examples/native_ci_profile
2026-10-08T08:27:43.9355254Z   PURRDF_HOSTED_REAL_CARGO: /home/runner/.cargo/bin/cargo
2026-10-08T08:27:43.9355574Z ##[endgroup]
2026-10-08T08:27:44.0871916Z With the provided path, there will be 15 files uploaded
2026-10-08T08:27:44.0878403Z Artifact name is valid!
2026-10-08T08:27:44.0879041Z Root directory input is valid!
2026-10-08T08:27:44.2676882Z Uploading artifact: native-profile-37746157677-1-arm-after-integration-2.zip
2026-10-08T08:27:44.2719463Z Beginning upload of artifact content to blob storage
2026-10-08T08:27:44.5473112Z Uploaded bytes 1378552
2026-10-08T08:27:44.5656590Z Finished uploading artifact content to blob storage!
2026-10-08T08:27:44.5658346Z SHA256 digest of uploaded artifact is 1293a8c01ab28ddf5b9db96b10ff38f7cedffe7f626895cd16cb6887ba3cd5b6
2026-10-08T08:27:44.5659841Z Finalizing artifact upload
2026-10-08T08:27:44.8379789Z Artifact native-profile-37746157677-1-arm-after-integration-2 successfully finalized. Artifact ID 11537511377
2026-10-08T08:27:44.8382063Z Artifact native-profile-37746157677-1-arm-after-integration-2 has been successfully uploaded! Final size is 1378552 bytes. Artifact ID is 11537511377
2026-10-08T08:27:44.8384697Z Artifact download URL: https://github.com/Blackcat-Informatics/purrdf/actions/runs/37746157677/artifacts/11537511377
2026-10-08T08:27:44.8560266Z Post job cleanup.
2026-10-08T08:27:44.9389051Z [command]/usr/bin/git version
2026-10-08T08:27:44.9435116Z git version 2.55.0
2026-10-08T08:27:44.9470730Z Temporarily overriding HOME='/home/runner/work/_temp/66693508-9110-48e2-b521-19bfcbe408f9' before making global git config changes
2026-10-08T08:27:44.9471736Z Adding repository directory to the temporary git global config as a safe directory
2026-10-08T08:27:44.9476698Z [command]/usr/bin/git config --global --add safe.directory /home/runner/work/purrdf/purrdf
2026-10-08T08:27:44.9506271Z Removing SSH command configuration
2026-10-08T08:27:44.9513385Z [command]/usr/bin/git config --local --name-only --get-regexp core\.sshCommand
2026-10-08T08:27:44.9547222Z [command]/usr/bin/git submodule foreach --recursive sh -c "git config --local --name-only --get-regexp 'core\.sshCommand' && git config --local --unset-all 'core.sshCommand' || :"
2026-10-08T08:27:44.9785988Z Removing HTTP extra header
2026-10-08T08:27:44.9791264Z [command]/usr/bin/git config --local --name-only --get-regexp http\.https\:\/\/github\.com\/\.extraheader
2026-10-08T08:27:44.9826706Z [command]/usr/bin/git submodule foreach --recursive sh -c "git config --local --name-only --get-regexp 'http\.https\:\/\/github\.com\/\.extraheader' && git config --local --unset-all 'http.https://github.com/.extraheader' || :"
2026-10-08T08:27:45.0060852Z Removing includeIf entries pointing to credentials config files
2026-10-08T08:27:45.0068089Z [command]/usr/bin/git config --local --name-only --get-regexp ^includeIf\.gitdir:
2026-10-08T08:27:45.0100802Z [command]/usr/bin/git submodule foreach --recursive git config --local --show-origin --name-only --get-regexp remote.origin.url
2026-10-08T08:27:45.0474660Z Cleaning up orphan processes
2026-10-08T08:27:45.0705308Z ##[warning]Node.js 20 is deprecated. The following actions target Node.js 20 but are being forced to run on Node.js 24: actions/download-artifact@95815c38cf2ff2164869cbab79da8d1f422bc89e. For more information see: https://github.blog/changelog/2025-09-19-deprecation-of-node-20-on-github-actions-runners/
