2026-10-08T07:57:50.3767627Z Current runner version: '2.337.0'
2026-10-08T07:57:50.3787972Z ##[group]Runner Image Provisioner
2026-10-08T07:57:50.3788658Z Hosted Compute Agent
2026-10-08T07:57:50.3789017Z Version: 20261002.596
2026-10-08T07:57:50.3789587Z Commit: c3d12f3313a95f25162a1503be624f3b0617f8c0
2026-10-08T07:57:50.3790042Z Build Date: 2026-10-02T22:28:27Z
2026-10-08T07:57:50.3790450Z Worker ID: {44d9f287-9979-4941-99d8-6e4787cba35a}
2026-10-08T07:57:50.3790934Z Region: centralus
2026-10-08T07:57:50.3791283Z Cloud: Azure
2026-10-08T07:57:50.3791976Z ##[endgroup]
2026-10-08T07:57:50.3792913Z ##[group]Operating System
2026-10-08T07:57:50.3793282Z Ubuntu
2026-10-08T07:57:50.3793673Z 24.04.5
2026-10-08T07:57:50.3793985Z LTS
2026-10-08T07:57:50.3794295Z ##[endgroup]
2026-10-08T07:57:50.3794673Z ##[group]Runner Image
2026-10-08T07:57:50.3795041Z Image: ubuntu-24.04
2026-10-08T07:57:50.3795434Z Version: 20261004.327.1
2026-10-08T07:57:50.3796229Z Included Software: https://github.com/actions/runner-images/blob/ubuntu24/20261004.327/images/ubuntu/Ubuntu2404-Readme.md
2026-10-08T07:57:50.3797125Z Image Release: https://github.com/actions/runner-images/releases/tag/ubuntu24%2F20261004.327
2026-10-08T07:57:50.3797677Z ##[endgroup]
2026-10-08T07:57:50.3798420Z ##[group]GITHUB_TOKEN Permissions
2026-10-08T07:57:50.3799807Z Contents: read
2026-10-08T07:57:50.3800244Z Metadata: read
2026-10-08T07:57:50.3800587Z ##[endgroup]
2026-10-08T07:57:50.3802035Z Secret source: Actions
2026-10-08T07:57:50.3802632Z Cache mode: write
2026-10-08T07:57:50.3803064Z Prepare workflow directory
2026-10-08T07:57:50.4075002Z Prepare all required actions
2026-10-08T07:57:50.4108275Z Getting action download info
2026-10-08T07:57:50.7475484Z Download action repository 'actions/checkout@9c091bb21b7c1c1d1991bb908d89e4e9dddfe3e0' (SHA:9c091bb21b7c1c1d1991bb908d89e4e9dddfe3e0)
2026-10-08T07:57:50.8241283Z Download action repository 'dtolnay/rust-toolchain@29eef336d9b2848a0b548edc03f92a220660cdb8' (SHA:29eef336d9b2848a0b548edc03f92a220660cdb8)
2026-10-08T07:57:50.9965816Z Download action repository 'actions/download-artifact@95815c38cf2ff2164869cbab79da8d1f422bc89e' (SHA:95815c38cf2ff2164869cbab79da8d1f422bc89e)
2026-10-08T07:57:51.4892500Z Download action repository 'actions/setup-node@48b55a011bda9f5d6aeb4c2d9c7362e8dae4041e' (SHA:48b55a011bda9f5d6aeb4c2d9c7362e8dae4041e)
2026-10-08T07:57:51.6046925Z Download action repository 'actions/upload-artifact@043fb46d1a93c77aae656e7c1c64a875d1fc6a0a' (SHA:043fb46d1a93c77aae656e7c1c64a875d1fc6a0a)
2026-10-08T07:57:51.7955514Z Complete job name: native-profile (before-monolithic)
2026-10-08T07:57:51.8439190Z ##[group]Run campaign="/opt/purrdf-native-profile/$GITHUB_RUN_ID-$GITHUB_RUN_ATTEMPT"
2026-10-08T07:57:51.8439978Z [36;1mcampaign="/opt/purrdf-native-profile/$GITHUB_RUN_ID-$GITHUB_RUN_ATTEMPT"[0m
2026-10-08T07:57:51.8440486Z [36;1msudo mkdir -p "$campaign"[0m
2026-10-08T07:57:51.8440859Z [36;1msudo chown -R "$(id -u):$(id -g)" "$campaign"[0m
2026-10-08T07:57:51.8441270Z [36;1mdate +%s%N > "$campaign/setup-start.txt"[0m
2026-10-08T07:57:51.8441701Z [36;1mmkdir -p "$campaign/before-monolithic"[0m
2026-10-08T07:57:51.8442212Z [36;1mcp "$campaign/setup-start.txt" "$campaign/before-monolithic/setup-start.txt"[0m
2026-10-08T07:57:51.8442811Z [36;1mdf -h /opt > "$campaign/before-monolithic/setup-disk-before.txt"[0m
2026-10-08T07:57:51.8672485Z shell: /usr/bin/bash -e {0}
2026-10-08T07:57:51.8673105Z env:
2026-10-08T07:57:51.8673383Z   CARGO_BUILD_JOBS: 8
2026-10-08T07:57:51.8673959Z   PURRDF_REQUIRE_SIMD_PATHS: distance:portable,distance:sse2,blake3:sse2,deflate:sse2,csv:sse2
2026-10-08T07:57:51.8674514Z ##[endgroup]
2026-10-08T07:57:51.9088135Z ##[group]Run sudo rm -rf /usr/share/dotnet /opt/ghc /usr/local/lib/android /usr/share/swift
2026-10-08T07:57:51.9088865Z [36;1msudo rm -rf /usr/share/dotnet /opt/ghc /usr/local/lib/android /usr/share/swift[0m
2026-10-08T07:57:51.9090629Z [36;1mdf -h /opt > "/opt/purrdf-native-profile/$GITHUB_RUN_ID-$GITHUB_RUN_ATTEMPT/before-monolithic/setup-disk-after.txt"[0m
2026-10-08T07:57:51.9145385Z shell: /usr/bin/bash -e {0}
2026-10-08T07:57:51.9145705Z env:
2026-10-08T07:57:51.9145964Z   CARGO_BUILD_JOBS: 8
2026-10-08T07:57:51.9146434Z   PURRDF_REQUIRE_SIMD_PATHS: distance:portable,distance:sse2,blake3:sse2,deflate:sse2,csv:sse2
2026-10-08T07:57:51.9146955Z ##[endgroup]
2026-10-08T07:58:54.8549484Z ##[group]Run actions/checkout@9c091bb21b7c1c1d1991bb908d89e4e9dddfe3e0
2026-10-08T07:58:54.8549743Z with:
2026-10-08T07:58:54.8549874Z   persist-credentials: false
2026-10-08T07:58:54.8550038Z   repository: Blackcat-Informatics/purrdf
2026-10-08T07:58:54.8551740Z   token: ***
2026-10-08T07:58:54.8551856Z   ssh-strict: true
2026-10-08T07:58:54.8551993Z   ssh-user: git
2026-10-08T07:58:54.8552132Z   clean: true
2026-10-08T07:58:54.8552259Z   sparse-checkout-cone-mode: true
2026-10-08T07:58:54.8552411Z   fetch-depth: 1
2026-10-08T07:58:54.8552526Z   fetch-tags: false
2026-10-08T07:58:54.8552648Z   show-progress: true
2026-10-08T07:58:54.8552770Z   lfs: false
2026-10-08T07:58:54.8552881Z   submodules: false
2026-10-08T07:58:54.8553028Z   set-safe-directory: true
2026-10-08T07:58:54.8553198Z   allow-unsafe-pr-checkout: false
2026-10-08T07:58:54.8553342Z env:
2026-10-08T07:58:54.8553450Z   CARGO_BUILD_JOBS: 8
2026-10-08T07:58:54.8553715Z   PURRDF_REQUIRE_SIMD_PATHS: distance:portable,distance:sse2,blake3:sse2,deflate:sse2,csv:sse2
2026-10-08T07:58:54.8553981Z ##[endgroup]
2026-10-08T07:58:54.9204789Z Syncing repository: Blackcat-Informatics/purrdf
2026-10-08T07:58:54.9205748Z ##[group]Getting Git version info
2026-10-08T07:58:54.9205961Z Working directory is '/home/runner/work/purrdf/purrdf'
2026-10-08T07:58:54.9206255Z [command]/usr/bin/git version
2026-10-08T07:58:54.9262729Z git version 2.55.0
2026-10-08T07:58:54.9276969Z ##[endgroup]
2026-10-08T07:58:54.9284851Z Temporarily overriding HOME='/home/runner/work/_temp/e36a397e-2db9-4dba-9e06-da15dab3cb04' before making global git config changes
2026-10-08T07:58:54.9285467Z Adding repository directory to the temporary git global config as a safe directory
2026-10-08T07:58:54.9290054Z [command]/usr/bin/git config --global --add safe.directory /home/runner/work/purrdf/purrdf
2026-10-08T07:58:54.9332489Z Deleting the contents of '/home/runner/work/purrdf/purrdf'
2026-10-08T07:58:54.9335295Z ##[group]Determining repository object format
2026-10-08T07:58:54.9336235Z ##[endgroup]
2026-10-08T07:58:54.9336587Z ##[group]Initializing the repository
2026-10-08T07:58:54.9339769Z [command]/usr/bin/git init /home/runner/work/purrdf/purrdf
2026-10-08T07:58:54.9447250Z hint: Using 'master' as the name for the initial branch. This default branch name
2026-10-08T07:58:54.9447650Z hint: will change to "main" in Git 3.0. To configure the initial branch name
2026-10-08T07:58:54.9447934Z hint: to use in all of your new repositories, which will suppress this warning,
2026-10-08T07:58:54.9448142Z hint: call:
2026-10-08T07:58:54.9448257Z hint:
2026-10-08T07:58:54.9448554Z hint: 	git config --global init.defaultBranch <name>
2026-10-08T07:58:54.9448825Z hint:
2026-10-08T07:58:54.9449231Z hint: Names commonly chosen instead of 'master' are 'main', 'trunk' and
2026-10-08T07:58:54.9449674Z hint: 'development'. The just-created branch can be renamed via this command:
2026-10-08T07:58:54.9449991Z hint:
2026-10-08T07:58:54.9450114Z hint: 	git branch -m <name>
2026-10-08T07:58:54.9450252Z hint:
2026-10-08T07:58:54.9450439Z hint: Disable this message with "git config set advice.defaultBranchName false"
2026-10-08T07:58:54.9450814Z Initialized empty Git repository in /home/runner/work/purrdf/purrdf/.git/
2026-10-08T07:58:54.9459604Z [command]/usr/bin/git remote add origin https://github.com/Blackcat-Informatics/purrdf
2026-10-08T07:58:54.9505628Z ##[endgroup]
2026-10-08T07:58:54.9505902Z ##[group]Disabling automatic garbage collection
2026-10-08T07:58:54.9508594Z [command]/usr/bin/git config --local gc.auto 0
2026-10-08T07:58:54.9535320Z ##[endgroup]
2026-10-08T07:58:54.9535813Z ##[group]Setting up auth
2026-10-08T07:58:54.9536126Z Removing SSH command configuration
2026-10-08T07:58:54.9540239Z [command]/usr/bin/git config --local --name-only --get-regexp core\.sshCommand
2026-10-08T07:58:54.9565437Z [command]/usr/bin/git submodule foreach --recursive sh -c "git config --local --name-only --get-regexp 'core\.sshCommand' && git config --local --unset-all 'core.sshCommand' || :"
2026-10-08T07:58:54.9858499Z Removing HTTP extra header
2026-10-08T07:58:54.9862551Z [command]/usr/bin/git config --local --name-only --get-regexp http\.https\:\/\/github\.com\/\.extraheader
2026-10-08T07:58:54.9890082Z [command]/usr/bin/git submodule foreach --recursive sh -c "git config --local --name-only --get-regexp 'http\.https\:\/\/github\.com\/\.extraheader' && git config --local --unset-all 'http.https://github.com/.extraheader' || :"
2026-10-08T07:58:55.0060960Z Removing includeIf entries pointing to credentials config files
2026-10-08T07:58:55.0064132Z [command]/usr/bin/git config --local --name-only --get-regexp ^includeIf\.gitdir:
2026-10-08T07:58:55.0089197Z [command]/usr/bin/git submodule foreach --recursive git config --local --show-origin --name-only --get-regexp remote.origin.url
2026-10-08T07:58:55.0262410Z [command]/usr/bin/git config --file /home/runner/work/_temp/git-credentials-8778f825-103d-47df-a70b-3df4b92da516.config http.https://github.com/.extraheader AUTHORIZATION: basic ***
2026-10-08T07:58:55.0290227Z [command]/usr/bin/git config --local includeIf.gitdir:/home/runner/work/purrdf/purrdf/.git.path /home/runner/work/_temp/git-credentials-8778f825-103d-47df-a70b-3df4b92da516.config
2026-10-08T07:58:55.0314028Z [command]/usr/bin/git config --local includeIf.gitdir:/home/runner/work/purrdf/purrdf/.git/worktrees/*.path /home/runner/work/_temp/git-credentials-8778f825-103d-47df-a70b-3df4b92da516.config
2026-10-08T07:58:55.0343964Z [command]/usr/bin/git config --local includeIf.gitdir:/github/workspace/.git.path /github/runner_temp/git-credentials-8778f825-103d-47df-a70b-3df4b92da516.config
2026-10-08T07:58:55.0369369Z [command]/usr/bin/git config --local includeIf.gitdir:/github/workspace/.git/worktrees/*.path /github/runner_temp/git-credentials-8778f825-103d-47df-a70b-3df4b92da516.config
2026-10-08T07:58:55.0393297Z ##[endgroup]
2026-10-08T07:58:55.0393562Z ##[group]Fetching the repository
2026-10-08T07:58:55.0399431Z [command]/usr/bin/git -c protocol.version=2 fetch --no-tags --prune --no-recurse-submodules --depth=1 origin +221b1ace8bd30e010dba6b9d732cfc9ff576a0ed:refs/remotes/origin/paudley/308-reduce-native-ci-test-compilation-and-c
2026-10-08T07:58:59.2900901Z From https://github.com/Blackcat-Informatics/purrdf
2026-10-08T07:58:59.2901410Z  * [new ref]           221b1ace8bd30e010dba6b9d732cfc9ff576a0ed -> origin/paudley/308-reduce-native-ci-test-compilation-and-c
2026-10-08T07:58:59.2907923Z [command]/usr/bin/git branch --list --remote origin/paudley/308-reduce-native-ci-test-compilation-and-c
2026-10-08T07:58:59.2931087Z   origin/paudley/308-reduce-native-ci-test-compilation-and-c
2026-10-08T07:58:59.2938612Z [command]/usr/bin/git rev-parse refs/remotes/origin/paudley/308-reduce-native-ci-test-compilation-and-c
2026-10-08T07:58:59.2960986Z 221b1ace8bd30e010dba6b9d732cfc9ff576a0ed
2026-10-08T07:58:59.2963697Z ##[endgroup]
2026-10-08T07:58:59.2964095Z ##[group]Determining the checkout info
2026-10-08T07:58:59.2965299Z ##[endgroup]
2026-10-08T07:58:59.2969222Z [command]/usr/bin/git sparse-checkout disable
2026-10-08T07:58:59.3015816Z [command]/usr/bin/git config --local --unset-all extensions.worktreeConfig
2026-10-08T07:58:59.3041476Z ##[group]Checking out the ref
2026-10-08T07:58:59.3045006Z [command]/usr/bin/git checkout --progress --force -B paudley/308-reduce-native-ci-test-compilation-and-c refs/remotes/origin/paudley/308-reduce-native-ci-test-compilation-and-c
2026-10-08T07:59:00.2845614Z Switched to a new branch 'paudley/308-reduce-native-ci-test-compilation-and-c'
2026-10-08T07:59:00.2848809Z branch 'paudley/308-reduce-native-ci-test-compilation-and-c' set up to track 'origin/paudley/308-reduce-native-ci-test-compilation-and-c'.
2026-10-08T07:59:00.2872583Z ##[endgroup]
2026-10-08T07:59:00.2910847Z [command]/usr/bin/git log -1 --format=%H
2026-10-08T07:59:00.2934564Z 221b1ace8bd30e010dba6b9d732cfc9ff576a0ed
2026-10-08T07:59:00.2943249Z ##[group]Removing auth
2026-10-08T07:59:00.2943482Z Removing SSH command configuration
2026-10-08T07:59:00.2947079Z [command]/usr/bin/git config --local --name-only --get-regexp core\.sshCommand
2026-10-08T07:59:00.2975515Z [command]/usr/bin/git submodule foreach --recursive sh -c "git config --local --name-only --get-regexp 'core\.sshCommand' && git config --local --unset-all 'core.sshCommand' || :"
2026-10-08T07:59:00.3179758Z Removing HTTP extra header
2026-10-08T07:59:00.3182510Z [command]/usr/bin/git config --local --name-only --get-regexp http\.https\:\/\/github\.com\/\.extraheader
2026-10-08T07:59:00.3209492Z [command]/usr/bin/git submodule foreach --recursive sh -c "git config --local --name-only --get-regexp 'http\.https\:\/\/github\.com\/\.extraheader' && git config --local --unset-all 'http.https://github.com/.extraheader' || :"
2026-10-08T07:59:00.3390184Z Removing includeIf entries pointing to credentials config files
2026-10-08T07:59:00.3393370Z [command]/usr/bin/git config --local --name-only --get-regexp ^includeIf\.gitdir:
2026-10-08T07:59:00.3418731Z includeif.gitdir:/home/runner/work/purrdf/purrdf/.git.path
2026-10-08T07:59:00.3419488Z includeif.gitdir:/home/runner/work/purrdf/purrdf/.git/worktrees/*.path
2026-10-08T07:59:00.3419900Z includeif.gitdir:/github/workspace/.git.path
2026-10-08T07:59:00.3420299Z includeif.gitdir:/github/workspace/.git/worktrees/*.path
2026-10-08T07:59:00.3428882Z [command]/usr/bin/git config --local --get-all includeif.gitdir:/home/runner/work/purrdf/purrdf/.git.path
2026-10-08T07:59:00.3449887Z /home/runner/work/_temp/git-credentials-8778f825-103d-47df-a70b-3df4b92da516.config
2026-10-08T07:59:00.3466219Z [command]/usr/bin/git config --local --unset includeif.gitdir:/home/runner/work/purrdf/purrdf/.git.path /home/runner/work/_temp/git-credentials-8778f825-103d-47df-a70b-3df4b92da516.config
2026-10-08T07:59:00.3495859Z [command]/usr/bin/git config --local --get-all includeif.gitdir:/home/runner/work/purrdf/purrdf/.git/worktrees/*.path
2026-10-08T07:59:00.3516298Z /home/runner/work/_temp/git-credentials-8778f825-103d-47df-a70b-3df4b92da516.config
2026-10-08T07:59:00.3522980Z [command]/usr/bin/git config --local --unset includeif.gitdir:/home/runner/work/purrdf/purrdf/.git/worktrees/*.path /home/runner/work/_temp/git-credentials-8778f825-103d-47df-a70b-3df4b92da516.config
2026-10-08T07:59:00.3552713Z [command]/usr/bin/git config --local --get-all includeif.gitdir:/github/workspace/.git.path
2026-10-08T07:59:00.3573760Z /github/runner_temp/git-credentials-8778f825-103d-47df-a70b-3df4b92da516.config
2026-10-08T07:59:00.3580393Z [command]/usr/bin/git config --local --unset includeif.gitdir:/github/workspace/.git.path /github/runner_temp/git-credentials-8778f825-103d-47df-a70b-3df4b92da516.config
2026-10-08T07:59:00.3606561Z [command]/usr/bin/git config --local --get-all includeif.gitdir:/github/workspace/.git/worktrees/*.path
2026-10-08T07:59:00.3623988Z /github/runner_temp/git-credentials-8778f825-103d-47df-a70b-3df4b92da516.config
2026-10-08T07:59:00.3629679Z [command]/usr/bin/git config --local --unset includeif.gitdir:/github/workspace/.git/worktrees/*.path /github/runner_temp/git-credentials-8778f825-103d-47df-a70b-3df4b92da516.config
2026-10-08T07:59:00.3657777Z [command]/usr/bin/git submodule foreach --recursive git config --local --show-origin --name-only --get-regexp remote.origin.url
2026-10-08T07:59:00.3845666Z Removing credentials config '/home/runner/work/_temp/git-credentials-8778f825-103d-47df-a70b-3df4b92da516.config'
2026-10-08T07:59:00.3854549Z ##[endgroup]
2026-10-08T07:59:00.4037937Z ##[group]Run dtolnay/rust-toolchain@29eef336d9b2848a0b548edc03f92a220660cdb8
2026-10-08T07:59:00.4038163Z with:
2026-10-08T07:59:00.4038276Z   toolchain: nightly
2026-10-08T07:59:00.4038397Z env:
2026-10-08T07:59:00.4038503Z   CARGO_BUILD_JOBS: 8
2026-10-08T07:59:00.4038727Z   PURRDF_REQUIRE_SIMD_PATHS: distance:portable,distance:sse2,blake3:sse2,deflate:sse2,csv:sse2
2026-10-08T07:59:00.4039261Z ##[endgroup]
2026-10-08T07:59:00.4089886Z ##[start-action display=Run : parse toolchain version;id=__dtolnay_rust-toolchain.parse]
2026-10-08T07:59:00.4108783Z ##[group]Run : parse toolchain version
2026-10-08T07:59:00.4109007Z [36;1m: parse toolchain version[0m
2026-10-08T07:59:00.4109390Z [36;1mif [[ -z $toolchain ]]; then[0m
2026-10-08T07:59:00.4109698Z [36;1m  # GitHub does not enforce `required: true` inputs itself. https://github.com/actions/runner/issues/1070[0m
2026-10-08T07:59:00.4110004Z [36;1m  echo "'toolchain' is a required input" >&2[0m
2026-10-08T07:59:00.4110220Z [36;1m  exit 1[0m
2026-10-08T07:59:00.4110410Z [36;1melif [[ $toolchain =~ ^stable' '[0-9]+' '(year|month|week|day)s?' 'ago$ ]]; then[0m
2026-10-08T07:59:00.4110645Z [36;1m  if [[ Linux == macOS ]]; then[0m
2026-10-08T07:59:00.4110946Z [36;1m    echo "toolchain=1.$((($(date -v-$(sed 's/stable \([0-9]*\) \(.\).*/\1\2/' <<< $toolchain) +%s)/60/60/24-16569)/7/6))" >> $GITHUB_OUTPUT[0m
2026-10-08T07:59:00.4111239Z [36;1m  else[0m
2026-10-08T07:59:00.4111465Z [36;1m    echo "toolchain=1.$((($(date --date "${toolchain#stable }" +%s)/60/60/24-16569)/7/6))" >> $GITHUB_OUTPUT[0m
2026-10-08T07:59:00.4111721Z [36;1m  fi[0m
2026-10-08T07:59:00.4111888Z [36;1melif [[ $toolchain =~ ^stable' 'minus' '[0-9]+' 'releases?$ ]]; then[0m
2026-10-08T07:59:00.4112183Z [36;1m  echo "toolchain=1.$((($(date +%s)/60/60/24-16569)/7/6-${toolchain//[^0-9]/}))" >> $GITHUB_OUTPUT[0m
2026-10-08T07:59:00.4112440Z [36;1melif [[ $toolchain =~ ^1\.[0-9]+$ ]]; then[0m
2026-10-08T07:59:00.4112734Z [36;1m  echo "toolchain=1.$((i=${toolchain#1.}, c=($(date +%s)/60/60/24-16569)/7/6, i+9*i*(10*i<=c)+90*i*(100*i<=c)))" >> $GITHUB_OUTPUT[0m
2026-10-08T07:59:00.4113007Z [36;1melse[0m
2026-10-08T07:59:00.4113146Z [36;1m  echo "toolchain=$toolchain" >> $GITHUB_OUTPUT[0m
2026-10-08T07:59:00.4113316Z [36;1mfi[0m
2026-10-08T07:59:00.4166959Z shell: /usr/bin/bash --noprofile --norc -e -o pipefail {0}
2026-10-08T07:59:00.4167161Z env:
2026-10-08T07:59:00.4167274Z   CARGO_BUILD_JOBS: 8
2026-10-08T07:59:00.4167502Z   PURRDF_REQUIRE_SIMD_PATHS: distance:portable,distance:sse2,blake3:sse2,deflate:sse2,csv:sse2
2026-10-08T07:59:00.4167756Z   toolchain: nightly
2026-10-08T07:59:00.4167877Z ##[endgroup]
2026-10-08T07:59:00.4261776Z ##[end-action id=__dtolnay_rust-toolchain.parse;outcome=success;conclusion=success;duration_ms=17]
2026-10-08T07:59:00.4276980Z ##[start-action display=Run : construct rustup command line;id=__dtolnay_rust-toolchain.flags]
2026-10-08T07:59:00.4321406Z ##[group]Run : construct rustup command line
2026-10-08T07:59:00.4321629Z [36;1m: construct rustup command line[0m
2026-10-08T07:59:00.4321886Z [36;1mecho "targets=$(for t in ${targets//,/ }; do echo -n ' --target' $t; done)" >> $GITHUB_OUTPUT[0m
2026-10-08T07:59:00.4322231Z [36;1mecho "components=$(for c in ${components//,/ }; do echo -n ' --component' $c; done)" >> $GITHUB_OUTPUT[0m
2026-10-08T07:59:00.4322497Z [36;1mecho "downgrade=" >> $GITHUB_OUTPUT[0m
2026-10-08T07:59:00.4374803Z shell: /usr/bin/bash --noprofile --norc -e -o pipefail {0}
2026-10-08T07:59:00.4374994Z env:
2026-10-08T07:59:00.4375109Z   CARGO_BUILD_JOBS: 8
2026-10-08T07:59:00.4396080Z   PURRDF_REQUIRE_SIMD_PATHS: distance:portable,distance:sse2,blake3:sse2,deflate:sse2,csv:sse2
2026-10-08T07:59:00.4396338Z   targets: 
2026-10-08T07:59:00.4396468Z   components: 
2026-10-08T07:59:00.4396589Z ##[endgroup]
2026-10-08T07:59:00.4484456Z ##[end-action id=__dtolnay_rust-toolchain.flags;outcome=success;conclusion=success;duration_ms=20]
2026-10-08T07:59:00.4488317Z ##[start-action display=Run : set $CARGO_HOME;id=__dtolnay_rust-toolchain.__run]
2026-10-08T07:59:00.4501899Z ##[group]Run : set $CARGO_HOME
2026-10-08T07:59:00.4502064Z [36;1m: set $CARGO_HOME[0m
2026-10-08T07:59:00.4502249Z [36;1mecho CARGO_HOME=${CARGO_HOME:-"$HOME/.cargo"} >> $GITHUB_ENV[0m
2026-10-08T07:59:00.4556278Z shell: /usr/bin/bash --noprofile --norc -e -o pipefail {0}
2026-10-08T07:59:00.4556468Z env:
2026-10-08T07:59:00.4556708Z   CARGO_BUILD_JOBS: 8
2026-10-08T07:59:00.4556939Z   PURRDF_REQUIRE_SIMD_PATHS: distance:portable,distance:sse2,blake3:sse2,deflate:sse2,csv:sse2
2026-10-08T07:59:00.4557192Z ##[endgroup]
2026-10-08T07:59:00.4632349Z ##[end-action id=__dtolnay_rust-toolchain.__run;outcome=success;conclusion=success;duration_ms=14]
2026-10-08T07:59:00.4634132Z ##[start-action display=Run : install rustup if needed;id=__dtolnay_rust-toolchain.__run_2]
2026-10-08T07:59:00.4652821Z ##[group]Run : install rustup if needed
2026-10-08T07:59:00.4653014Z [36;1m: install rustup if needed[0m
2026-10-08T07:59:00.4653194Z [36;1mif ! command -v rustup &>/dev/null; then[0m
2026-10-08T07:59:00.4653630Z [36;1m  curl --proto '=https' --tlsv1.2 --retry 10 --retry-connrefused --location --silent --show-error --fail https://sh.rustup.rs | sh -s -- --default-toolchain none -y[0m
2026-10-08T07:59:00.4654032Z [36;1m  echo "$CARGO_HOME/bin" >> $GITHUB_PATH[0m
2026-10-08T07:59:00.4654193Z [36;1mfi[0m
2026-10-08T07:59:00.4704094Z shell: /usr/bin/bash --noprofile --norc -e -o pipefail {0}
2026-10-08T07:59:00.4704359Z env:
2026-10-08T07:59:00.4704472Z   CARGO_BUILD_JOBS: 8
2026-10-08T07:59:00.4704699Z   PURRDF_REQUIRE_SIMD_PATHS: distance:portable,distance:sse2,blake3:sse2,deflate:sse2,csv:sse2
2026-10-08T07:59:00.4704953Z   CARGO_HOME: /home/runner/.cargo
2026-10-08T07:59:00.4705093Z ##[endgroup]
2026-10-08T07:59:00.4775831Z ##[end-action id=__dtolnay_rust-toolchain.__run_2;outcome=success;conclusion=success;duration_ms=14]
2026-10-08T07:59:00.4779388Z ##[start-action display=Run : install rustup if needed on windows;id=__dtolnay_rust-toolchain.__run_3]
2026-10-08T07:59:00.4784181Z ##[end-action id=__dtolnay_rust-toolchain.__run_3;outcome=skipped;conclusion=skipped;duration_ms=0]
2026-10-08T07:59:00.4786036Z ##[start-action display=rustup toolchain install nightly;id=__dtolnay_rust-toolchain.__run_4]
2026-10-08T07:59:00.4798942Z ##[group]Run rustup toolchain install nightly --profile minimal --no-self-update
2026-10-08T07:59:00.4799472Z [36;1mrustup toolchain install nightly --profile minimal --no-self-update[0m
2026-10-08T07:59:00.4849297Z shell: /usr/bin/bash --noprofile --norc -e -o pipefail {0}
2026-10-08T07:59:00.4849578Z env:
2026-10-08T07:59:00.4849689Z   CARGO_BUILD_JOBS: 8
2026-10-08T07:59:00.4849935Z   PURRDF_REQUIRE_SIMD_PATHS: distance:portable,distance:sse2,blake3:sse2,deflate:sse2,csv:sse2
2026-10-08T07:59:00.4850196Z   CARGO_HOME: /home/runner/.cargo
2026-10-08T07:59:00.4850346Z   RUSTUP_PERMIT_COPY_RENAME: 1
2026-10-08T07:59:00.4850483Z ##[endgroup]
2026-10-08T07:59:00.5344006Z info: syncing channel updates for nightly-x86_64-unknown-linux-gnu
2026-10-08T07:59:00.7716399Z info: latest update on 2026-10-08 for version 1.101.0-nightly (1d81eb4ad 2026-10-07)
2026-10-08T07:59:00.7716705Z info: downloading 3 components
2026-10-08T07:59:07.2351254Z 
2026-10-08T07:59:07.2408151Z   nightly-x86_64-unknown-linux-gnu installed - rustc 1.101.0-nightly (1d81eb4ad 2026-10-07)
2026-10-08T07:59:07.2408429Z 
2026-10-08T07:59:07.2464144Z ##[end-action id=__dtolnay_rust-toolchain.__run_4;outcome=success;conclusion=success;duration_ms=6767]
2026-10-08T07:59:07.2471338Z ##[start-action display=Run rustup default nightly;id=__dtolnay_rust-toolchain.__run_5]
2026-10-08T07:59:07.2489915Z ##[group]Run rustup default nightly
2026-10-08T07:59:07.2490108Z [36;1mrustup default nightly[0m
2026-10-08T07:59:07.2541376Z shell: /usr/bin/bash --noprofile --norc -e -o pipefail {0}
2026-10-08T07:59:07.2541568Z env:
2026-10-08T07:59:07.2541681Z   CARGO_BUILD_JOBS: 8
2026-10-08T07:59:07.2542107Z   PURRDF_REQUIRE_SIMD_PATHS: distance:portable,distance:sse2,blake3:sse2,deflate:sse2,csv:sse2
2026-10-08T07:59:07.2542369Z   CARGO_HOME: /home/runner/.cargo
2026-10-08T07:59:07.2542511Z ##[endgroup]
2026-10-08T07:59:07.2645548Z info: using existing install for nightly-x86_64-unknown-linux-gnu
2026-10-08T07:59:07.2651824Z info: default toolchain set to nightly-x86_64-unknown-linux-gnu
2026-10-08T07:59:07.2652052Z 
2026-10-08T07:59:07.2707055Z   nightly-x86_64-unknown-linux-gnu unchanged - rustc 1.101.0-nightly (1d81eb4ad 2026-10-07)
2026-10-08T07:59:07.2707687Z 
2026-10-08T07:59:07.2707961Z info: note that the toolchain 'nightly-x86_64-unknown-linux-gnu' is currently in use (overridden by '/home/runner/work/purrdf/purrdf/rust-toolchain.toml')
2026-10-08T07:59:07.2723521Z ##[end-action id=__dtolnay_rust-toolchain.__run_5;outcome=success;conclusion=success;duration_ms=25]
2026-10-08T07:59:07.2727727Z ##[start-action display=Run : create cachekey;id=__dtolnay_rust-toolchain.rustc-version]
2026-10-08T07:59:07.2743758Z ##[group]Run : create cachekey
2026-10-08T07:59:07.2743963Z [36;1m: create cachekey[0m
2026-10-08T07:59:07.2744249Z [36;1mDATE=$(rustc +nightly --version --verbose | sed -ne 's/^commit-date: \(20[0-9][0-9]\)-\([01][0-9]\)-\([0-3][0-9]\)$/\1\2\3/p')[0m
2026-10-08T07:59:07.2744616Z [36;1mHASH=$(rustc +nightly --version --verbose | sed -ne 's/^commit-hash: //p')[0m
2026-10-08T07:59:07.2744894Z [36;1mecho "cachekey=$(echo $DATE$HASH | head -c12)" >> $GITHUB_OUTPUT[0m
2026-10-08T07:59:07.2796261Z shell: /usr/bin/bash --noprofile --norc -e -o pipefail {0}
2026-10-08T07:59:07.2796450Z env:
2026-10-08T07:59:07.2796570Z   CARGO_BUILD_JOBS: 8
2026-10-08T07:59:07.2796796Z   PURRDF_REQUIRE_SIMD_PATHS: distance:portable,distance:sse2,blake3:sse2,deflate:sse2,csv:sse2
2026-10-08T07:59:07.2797050Z   CARGO_HOME: /home/runner/.cargo
2026-10-08T07:59:07.2797194Z ##[endgroup]
2026-10-08T07:59:07.3082070Z ##[end-action id=__dtolnay_rust-toolchain.rustc-version;outcome=success;conclusion=success;duration_ms=35]
2026-10-08T07:59:07.3084088Z ##[start-action display=Run : disable incremental compilation;id=__dtolnay_rust-toolchain.__run_6]
2026-10-08T07:59:07.3097668Z ##[group]Run : disable incremental compilation
2026-10-08T07:59:07.3097882Z [36;1m: disable incremental compilation[0m
2026-10-08T07:59:07.3098064Z [36;1mif [ -z "${CARGO_INCREMENTAL+set}" ]; then[0m
2026-10-08T07:59:07.3098251Z [36;1m  echo CARGO_INCREMENTAL=0 >> $GITHUB_ENV[0m
2026-10-08T07:59:07.3098420Z [36;1mfi[0m
2026-10-08T07:59:07.3148288Z shell: /usr/bin/bash --noprofile --norc -e -o pipefail {0}
2026-10-08T07:59:07.3148476Z env:
2026-10-08T07:59:07.3148590Z   CARGO_BUILD_JOBS: 8
2026-10-08T07:59:07.3148817Z   PURRDF_REQUIRE_SIMD_PATHS: distance:portable,distance:sse2,blake3:sse2,deflate:sse2,csv:sse2
2026-10-08T07:59:07.3149228Z   CARGO_HOME: /home/runner/.cargo
2026-10-08T07:59:07.3149400Z ##[endgroup]
2026-10-08T07:59:07.3222671Z ##[end-action id=__dtolnay_rust-toolchain.__run_6;outcome=success;conclusion=success;duration_ms=13]
2026-10-08T07:59:07.3224527Z ##[start-action display=Run : enable colors in Cargo output;id=__dtolnay_rust-toolchain.__run_7]
2026-10-08T07:59:07.3237134Z ##[group]Run : enable colors in Cargo output
2026-10-08T07:59:07.3237329Z [36;1m: enable colors in Cargo output[0m
2026-10-08T07:59:07.3237503Z [36;1mif [ -z "${CARGO_TERM_COLOR+set}" ]; then[0m
2026-10-08T07:59:07.3237694Z [36;1m  echo CARGO_TERM_COLOR=always >> $GITHUB_ENV[0m
2026-10-08T07:59:07.3237857Z [36;1mfi[0m
2026-10-08T07:59:07.3287604Z shell: /usr/bin/bash --noprofile --norc -e -o pipefail {0}
2026-10-08T07:59:07.3287793Z env:
2026-10-08T07:59:07.3287905Z   CARGO_BUILD_JOBS: 8
2026-10-08T07:59:07.3288133Z   PURRDF_REQUIRE_SIMD_PATHS: distance:portable,distance:sse2,blake3:sse2,deflate:sse2,csv:sse2
2026-10-08T07:59:07.3288389Z   CARGO_HOME: /home/runner/.cargo
2026-10-08T07:59:07.3288527Z   CARGO_INCREMENTAL: 0
2026-10-08T07:59:07.3288654Z ##[endgroup]
2026-10-08T07:59:07.3361651Z ##[end-action id=__dtolnay_rust-toolchain.__run_7;outcome=success;conclusion=success;duration_ms=13]
2026-10-08T07:59:07.3365755Z ##[start-action display=Run : enable Cargo sparse registry;id=__dtolnay_rust-toolchain.__run_8]
2026-10-08T07:59:07.3379341Z ##[group]Run : enable Cargo sparse registry
2026-10-08T07:59:07.3379545Z [36;1m: enable Cargo sparse registry[0m
2026-10-08T07:59:07.3379748Z [36;1m# implemented in 1.66, stabilized in 1.68, made default in 1.70[0m
2026-10-08T07:59:07.3380135Z [36;1mif [ -z "${CARGO_REGISTRIES_CRATES_IO_PROTOCOL+set}" -o -f "/home/runner/work/_temp"/.implicit_cargo_registries_crates_io_protocol ]; then[0m
2026-10-08T07:59:07.3380681Z [36;1m  if rustc +nightly --version --verbose | grep -q '^release: 1\.6[89]\.'; then[0m
2026-10-08T07:59:07.3381003Z [36;1m    touch "/home/runner/work/_temp"/.implicit_cargo_registries_crates_io_protocol || true[0m
2026-10-08T07:59:07.3381302Z [36;1m    echo CARGO_REGISTRIES_CRATES_IO_PROTOCOL=sparse >> $GITHUB_ENV[0m
2026-10-08T07:59:07.3381584Z [36;1m  elif rustc +nightly --version --verbose | grep -q '^release: 1\.6[67]\.'; then[0m
2026-10-08T07:59:07.3381900Z [36;1m    touch "/home/runner/work/_temp"/.implicit_cargo_registries_crates_io_protocol || true[0m
2026-10-08T07:59:07.3382180Z [36;1m    echo CARGO_REGISTRIES_CRATES_IO_PROTOCOL=git >> $GITHUB_ENV[0m
2026-10-08T07:59:07.3382372Z [36;1m  fi[0m
2026-10-08T07:59:07.3382479Z [36;1mfi[0m
2026-10-08T07:59:07.3431485Z shell: /usr/bin/bash --noprofile --norc -e -o pipefail {0}
2026-10-08T07:59:07.3431679Z env:
2026-10-08T07:59:07.3431793Z   CARGO_BUILD_JOBS: 8
2026-10-08T07:59:07.3432020Z   PURRDF_REQUIRE_SIMD_PATHS: distance:portable,distance:sse2,blake3:sse2,deflate:sse2,csv:sse2
2026-10-08T07:59:07.3432275Z   CARGO_HOME: /home/runner/.cargo
2026-10-08T07:59:07.3432421Z   CARGO_INCREMENTAL: 0
2026-10-08T07:59:07.3432550Z   CARGO_TERM_COLOR: always
2026-10-08T07:59:07.3432679Z ##[endgroup]
2026-10-08T07:59:07.3700634Z ##[end-action id=__dtolnay_rust-toolchain.__run_8;outcome=success;conclusion=success;duration_ms=33]
2026-10-08T07:59:07.3718257Z ##[start-action display=Run : work around spurious network errors in curl 8.0;id=__dtolnay_rust-toolchain.__run_9]
2026-10-08T07:59:07.3732920Z ##[group]Run : work around spurious network errors in curl 8.0
2026-10-08T07:59:07.3733182Z [36;1m: work around spurious network errors in curl 8.0[0m
2026-10-08T07:59:07.3733496Z [36;1m# https://rust-lang.zulipchat.com/#narrow/stream/246057-t-cargo/topic/timeout.20investigation[0m
2026-10-08T07:59:07.3733854Z [36;1mif rustc +nightly --version --verbose | grep -q '^release: 1\.7[01]\.'; then[0m
2026-10-08T07:59:07.3734113Z [36;1m  echo CARGO_HTTP_MULTIPLEXING=false >> $GITHUB_ENV[0m
2026-10-08T07:59:07.3734290Z [36;1mfi[0m
2026-10-08T07:59:07.3784250Z shell: /usr/bin/bash --noprofile --norc -e -o pipefail {0}
2026-10-08T07:59:07.3784439Z env:
2026-10-08T07:59:07.3784559Z   CARGO_BUILD_JOBS: 8
2026-10-08T07:59:07.3784784Z   PURRDF_REQUIRE_SIMD_PATHS: distance:portable,distance:sse2,blake3:sse2,deflate:sse2,csv:sse2
2026-10-08T07:59:07.3785040Z   CARGO_HOME: /home/runner/.cargo
2026-10-08T07:59:07.3785180Z   CARGO_INCREMENTAL: 0
2026-10-08T07:59:07.3785318Z   CARGO_TERM_COLOR: always
2026-10-08T07:59:07.3785447Z ##[endgroup]
2026-10-08T07:59:07.3950824Z ##[end-action id=__dtolnay_rust-toolchain.__run_9;outcome=success;conclusion=success;duration_ms=23]
2026-10-08T07:59:07.3954163Z ##[start-action display=Run rustc +nightly --version --verbose;id=__dtolnay_rust-toolchain.__run_10]
2026-10-08T07:59:07.3967149Z ##[group]Run rustc +nightly --version --verbose
2026-10-08T07:59:07.3967387Z [36;1mrustc +nightly --version --verbose[0m
2026-10-08T07:59:07.4017542Z shell: /usr/bin/bash --noprofile --norc -e -o pipefail {0}
2026-10-08T07:59:07.4017735Z env:
2026-10-08T07:59:07.4017851Z   CARGO_BUILD_JOBS: 8
2026-10-08T07:59:07.4018082Z   PURRDF_REQUIRE_SIMD_PATHS: distance:portable,distance:sse2,blake3:sse2,deflate:sse2,csv:sse2
2026-10-08T07:59:07.4018342Z   CARGO_HOME: /home/runner/.cargo
2026-10-08T07:59:07.4018485Z   CARGO_INCREMENTAL: 0
2026-10-08T07:59:07.4018612Z   CARGO_TERM_COLOR: always
2026-10-08T07:59:07.4018747Z ##[endgroup]
2026-10-08T07:59:07.4164989Z rustc 1.101.0-nightly (1d81eb4ad 2026-10-07)
2026-10-08T07:59:07.4165301Z binary: rustc
2026-10-08T07:59:07.4165457Z commit-hash: 1d81eb4ad9cd207e3e638bd32b17ec4fce8412a6
2026-10-08T07:59:07.4165672Z commit-date: 2026-10-07
2026-10-08T07:59:07.4165811Z host: x86_64-unknown-linux-gnu
2026-10-08T07:59:07.4165951Z release: 1.101.0-nightly
2026-10-08T07:59:07.4166202Z LLVM version: 23.1.3
2026-10-08T07:59:07.4178316Z ##[end-action id=__dtolnay_rust-toolchain.__run_10;outcome=success;conclusion=success;duration_ms=22]
2026-10-08T07:59:07.4235552Z ##[group]Run actions/download-artifact@95815c38cf2ff2164869cbab79da8d1f422bc89e
2026-10-08T07:59:07.4235792Z with:
2026-10-08T07:59:07.4235928Z   name: native-profile-37746157677-1-admission
2026-10-08T07:59:07.4236115Z   path: /opt/purrdf-native-profile/37746157677-1
2026-10-08T07:59:07.4236283Z   merge-multiple: false
2026-10-08T07:59:07.4236423Z   repository: Blackcat-Informatics/purrdf
2026-10-08T07:59:07.4236577Z   run-id: 37746157677
2026-10-08T07:59:07.4236700Z env:
2026-10-08T07:59:07.4236808Z   CARGO_BUILD_JOBS: 8
2026-10-08T07:59:07.4237026Z   PURRDF_REQUIRE_SIMD_PATHS: distance:portable,distance:sse2,blake3:sse2,deflate:sse2,csv:sse2
2026-10-08T07:59:07.4237278Z   CARGO_HOME: /home/runner/.cargo
2026-10-08T07:59:07.4237421Z   CARGO_INCREMENTAL: 0
2026-10-08T07:59:07.4237546Z   CARGO_TERM_COLOR: always
2026-10-08T07:59:07.4237687Z ##[endgroup]
2026-10-08T07:59:07.5287389Z Downloading single artifact
2026-10-08T07:59:07.5392098Z (node:2313) [DEP0040] DeprecationWarning: The `punycode` module is deprecated. Please use a userland alternative instead.
2026-10-08T07:59:07.5392579Z (Use `node --trace-deprecation ...` to show where the warning was created)
2026-10-08T07:59:07.6994882Z Preparing to download the following artifacts:
2026-10-08T07:59:07.6995589Z - native-profile-37746157677-1-admission (ID: 11535578001, Size: 676, Expected Digest: sha256:32ea2371a0bfc5a633886596eeafcf09ed6e20b20ec5e21018b05f0dd5a7f8c4)
2026-10-08T07:59:07.8603824Z Redirecting to blob download url: https://productionresultssa16.blob.core.windows.net/actions-results/e5e6c090-c831-4f8a-9c6a-b141d5b65909/workflow-job-run-71c4df2b-fdc6-585f-8a95-5f7f0ba0207c/artifacts/d913e130d99bdd63fce9ecc0af69ae6de0a124b01498d922572320e045d7e99e.zip
2026-10-08T07:59:07.8604970Z Starting download of artifact to: /opt/purrdf-native-profile/37746157677-1
2026-10-08T07:59:08.0002693Z (node:2313) [DEP0005] DeprecationWarning: Buffer() is deprecated due to security and usability issues. Please use the Buffer.alloc(), Buffer.allocUnsafe(), or Buffer.from() methods instead.
2026-10-08T07:59:08.0043843Z SHA256 digest of downloaded artifact is 32ea2371a0bfc5a633886596eeafcf09ed6e20b20ec5e21018b05f0dd5a7f8c4
2026-10-08T07:59:08.0044323Z Artifact download completed successfully.
2026-10-08T07:59:08.0044583Z Total of 1 artifact(s) downloaded
2026-10-08T07:59:08.0047960Z Download artifact has finished successfully
2026-10-08T07:59:08.0153550Z ##[group]Run campaign="/opt/purrdf-native-profile/$GITHUB_RUN_ID-$GITHUB_RUN_ATTEMPT"
2026-10-08T07:59:08.0153925Z [36;1mcampaign="/opt/purrdf-native-profile/$GITHUB_RUN_ID-$GITHUB_RUN_ATTEMPT"[0m
2026-10-08T07:59:08.0154221Z [36;1mrustc -vV > "$campaign/before-monolithic/actual-rustc.txt"[0m
2026-10-08T07:59:08.0154468Z [36;1mcargo -Vv > "$campaign/before-monolithic/actual-cargo.txt"[0m
2026-10-08T07:59:08.0154766Z [36;1mdiff -u "$campaign/admitted-rustc.txt" "$campaign/before-monolithic/actual-rustc.txt"[0m
2026-10-08T07:59:08.0155136Z [36;1mdiff -u "$campaign/admitted-cargo.txt" "$campaign/before-monolithic/actual-cargo.txt"[0m
2026-10-08T07:59:08.0206329Z shell: /usr/bin/bash -e {0}
2026-10-08T07:59:08.0206475Z env:
2026-10-08T07:59:08.0206592Z   CARGO_BUILD_JOBS: 8
2026-10-08T07:59:08.0206833Z   PURRDF_REQUIRE_SIMD_PATHS: distance:portable,distance:sse2,blake3:sse2,deflate:sse2,csv:sse2
2026-10-08T07:59:08.0207096Z   CARGO_HOME: /home/runner/.cargo
2026-10-08T07:59:08.0207292Z   CARGO_INCREMENTAL: 0
2026-10-08T07:59:08.0207425Z   CARGO_TERM_COLOR: always
2026-10-08T07:59:08.0207563Z ##[endgroup]
2026-10-08T07:59:08.0638361Z info: syncing channel updates for nightly-x86_64-unknown-linux-gnu
2026-10-08T07:59:08.2293737Z info: latest update on 2026-10-08 for version 1.101.0-nightly (1d81eb4ad 2026-10-07)
2026-10-08T07:59:08.2383227Z info: downloading 4 components
2026-10-08T07:59:11.7566450Z ##[group]Run actions/setup-node@48b55a011bda9f5d6aeb4c2d9c7362e8dae4041e
2026-10-08T07:59:11.7566973Z with:
2026-10-08T07:59:11.7567100Z   node-version: 24
2026-10-08T07:59:11.7567229Z   check-latest: false
2026-10-08T07:59:11.7568767Z   token: ***
2026-10-08T07:59:11.7568977Z   package-manager-cache: true
2026-10-08T07:59:11.7569359Z env:
2026-10-08T07:59:11.7569513Z   CARGO_BUILD_JOBS: 8
2026-10-08T07:59:11.7569751Z   PURRDF_REQUIRE_SIMD_PATHS: distance:portable,distance:sse2,blake3:sse2,deflate:sse2,csv:sse2
2026-10-08T07:59:11.7570020Z   CARGO_HOME: /home/runner/.cargo
2026-10-08T07:59:11.7570169Z   CARGO_INCREMENTAL: 0
2026-10-08T07:59:11.7570300Z   CARGO_TERM_COLOR: always
2026-10-08T07:59:11.7570441Z ##[endgroup]
2026-10-08T07:59:11.8710252Z Found in cache @ /opt/hostedtoolcache/node/24.21.0/x64
2026-10-08T07:59:11.8713081Z ##[group]Environment details
2026-10-08T07:59:12.1814223Z node: v24.21.0
2026-10-08T07:59:12.1814523Z npm: 11.19.0
2026-10-08T07:59:12.1814824Z yarn: 1.22.22
2026-10-08T07:59:12.1815330Z ##[endgroup]
2026-10-08T07:59:12.1920334Z Prepare all required actions
2026-10-08T07:59:12.1942078Z ##[group]Run ./.github/actions/binaryen-toolchain
2026-10-08T07:59:12.1942269Z env:
2026-10-08T07:59:12.1942390Z   CARGO_BUILD_JOBS: 8
2026-10-08T07:59:12.1942626Z   PURRDF_REQUIRE_SIMD_PATHS: distance:portable,distance:sse2,blake3:sse2,deflate:sse2,csv:sse2
2026-10-08T07:59:12.1942906Z   CARGO_HOME: /home/runner/.cargo
2026-10-08T07:59:12.1943057Z   CARGO_INCREMENTAL: 0
2026-10-08T07:59:12.1943188Z   CARGO_TERM_COLOR: always
2026-10-08T07:59:12.1943323Z ##[endgroup]
2026-10-08T07:59:12.1946037Z ##[start-action display=Install binaryen (prebuilt, matched to BINARYEN_VERSION) and verify SIMD;id=__self.__run]
2026-10-08T07:59:12.1973025Z ##[group]Run set -euo pipefail
2026-10-08T07:59:12.1973245Z [36;1mset -euo pipefail[0m
2026-10-08T07:59:12.1973443Z [36;1mver="$(grep -oP '^BINARYEN_VERSION := \K[0-9]+' Makefile)"[0m
2026-10-08T07:59:12.1973674Z [36;1mbase="binaryen-version_${ver}-x86_64-linux"[0m
2026-10-08T07:59:12.1974016Z [36;1murl="https://github.com/WebAssembly/binaryen/releases/download/version_${ver}/${base}.tar.gz"[0m
2026-10-08T07:59:12.1974321Z [36;1mcurl -fsSL "$url" -o /tmp/bn.tar.gz[0m
2026-10-08T07:59:12.1974519Z [36;1mcurl -fsSL "${url}.sha256" -o /tmp/bn.sha256[0m
2026-10-08T07:59:12.1974783Z [36;1mecho "$(awk '{print $1}' /tmp/bn.sha256)  /tmp/bn.tar.gz" | sha256sum -c -[0m
2026-10-08T07:59:12.1975116Z [36;1mmkdir -p /tmp/binaryen && tar -xzf /tmp/bn.tar.gz -C /tmp/binaryen --strip-components=1[0m
2026-10-08T07:59:12.1975398Z [36;1mecho "/tmp/binaryen/bin" >> "$GITHUB_PATH"[0m
2026-10-08T07:59:12.1975592Z [36;1mexport PATH="/tmp/binaryen/bin:$PATH"[0m
2026-10-08T07:59:12.1975819Z [36;1mfound="$(wasm-opt --version | grep -oE '[0-9]+' | head -1)"[0m
2026-10-08T07:59:12.1976133Z [36;1mtest "$found" = "$ver" || { echo "binaryen version mismatch: got $found, expected $ver"; exit 1; }[0m
2026-10-08T07:59:12.1976452Z [36;1mprintf '(module)\n' | wasm-opt --enable-simd -o /dev/null - \[0m
2026-10-08T07:59:12.1976745Z [36;1m  || { echo "FAIL: installed wasm-opt lacks --enable-simd support"; exit 1; }[0m
2026-10-08T07:59:12.1977046Z [36;1mecho "binaryen $found installed (wasm-opt --enable-simd verified)"[0m
2026-10-08T07:59:12.2038595Z shell: /usr/bin/bash --noprofile --norc -e -o pipefail {0}
2026-10-08T07:59:12.2038792Z env:
2026-10-08T07:59:12.2038915Z   CARGO_BUILD_JOBS: 8
2026-10-08T07:59:12.2039262Z   PURRDF_REQUIRE_SIMD_PATHS: distance:portable,distance:sse2,blake3:sse2,deflate:sse2,csv:sse2
2026-10-08T07:59:12.2039531Z   CARGO_HOME: /home/runner/.cargo
2026-10-08T07:59:12.2039683Z   CARGO_INCREMENTAL: 0
2026-10-08T07:59:12.2039820Z   CARGO_TERM_COLOR: always
2026-10-08T07:59:12.2039957Z ##[endgroup]
2026-10-08T07:59:13.1493443Z /tmp/bn.tar.gz: OK
2026-10-08T07:59:14.7547401Z warning: no passes specified, not doing any work
2026-10-08T07:59:14.7551418Z binaryen 130 installed (wasm-opt --enable-simd verified)
2026-10-08T07:59:14.7559740Z ##[end-action id=__self.__run;outcome=success;conclusion=success;duration_ms=2561]
2026-10-08T07:59:14.7930930Z ##[group]Run cargo install cargo-c --version 0.10.23 --locked
2026-10-08T07:59:14.7931387Z [36;1mcargo install cargo-c --version 0.10.23 --locked[0m
2026-10-08T07:59:14.7989883Z shell: /usr/bin/bash -e {0}
2026-10-08T07:59:14.7990057Z env:
2026-10-08T07:59:14.7990185Z   CARGO_BUILD_JOBS: 8
2026-10-08T07:59:14.7990433Z   PURRDF_REQUIRE_SIMD_PATHS: distance:portable,distance:sse2,blake3:sse2,deflate:sse2,csv:sse2
2026-10-08T07:59:14.7990697Z   CARGO_HOME: /home/runner/.cargo
2026-10-08T07:59:14.7990846Z   CARGO_INCREMENTAL: 0
2026-10-08T07:59:14.7990980Z   CARGO_TERM_COLOR: always
2026-10-08T07:59:14.7991122Z ##[endgroup]
2026-10-08T07:59:14.8452132Z [1m[92m    Updating[0m crates.io index
2026-10-08T07:59:14.9815718Z [1m[92m Downloading[0m crates ...
2026-10-08T07:59:15.1017061Z [1m[92m  Downloaded[0m cargo-c v0.10.23+cargo-0.97.1
2026-10-08T07:59:15.1510923Z [1m[92m  Installing[0m cargo-c v0.10.23+cargo-0.97.1
2026-10-08T07:59:15.1511949Z [1m[33mwarning[0m: default toolchain implicitly overridden with `nightly-x86_64-unknown-linux-gnu` by rustup toolchain file
2026-10-08T07:59:15.1512524Z   [1m[94m|[0m
2026-10-08T07:59:15.1512996Z   [1m[94m= [0m[1mhelp[0m: use `cargo +stable install` if you meant to use the stable toolchain
2026-10-08T07:59:15.1513871Z   [1m[94m= [0m[1mnote[0m: rustup selects the toolchain based on the parent environment and not the environment of the package being installed
2026-10-08T07:59:15.1551242Z [1m[92m    Updating[0m crates.io index
2026-10-08T07:59:15.8042907Z [1m[33mwarning[0m: package `chacha20 v0.10.0` in Cargo.lock is yanked in registry `crates-io`
2026-10-08T07:59:15.8313050Z [1m[92m    Updating[0m crates.io index
2026-10-08T07:59:16.1115785Z [1m[92m Downloading[0m crates ...
2026-10-08T07:59:16.1404532Z [1m[92m  Downloaded[0m aho-corasick v1.1.4
2026-10-08T07:59:16.1446586Z [1m[92m  Downloaded[0m anstyle v1.0.14
2026-10-08T07:59:16.1459911Z [1m[92m  Downloaded[0m anstyle-hyperlink v1.0.2
2026-10-08T07:59:16.1469591Z [1m[92m  Downloaded[0m anstream v1.0.0
2026-10-08T07:59:16.1485634Z [1m[92m  Downloaded[0m cargo-credential-libsecret v0.5.7
2026-10-08T07:59:16.1498329Z [1m[92m  Downloaded[0m crypto-common v0.2.2
2026-10-08T07:59:16.1507622Z [1m[92m  Downloaded[0m erased-serde v0.4.10
2026-10-08T07:59:16.1527936Z [1m[92m  Downloaded[0m allocator-api2 v0.2.21
2026-10-08T07:59:16.1548685Z [1m[92m  Downloaded[0m annotate-snippets v0.12.16
2026-10-08T07:59:16.1577105Z [1m[92m  Downloaded[0m getrandom v0.2.17
2026-10-08T07:59:16.1604821Z [1m[92m  Downloaded[0m cargo-platform v0.3.3
2026-10-08T07:59:16.1614198Z [1m[92m  Downloaded[0m anstyle-parse v1.0.0
2026-10-08T07:59:16.1629173Z [1m[92m  Downloaded[0m cfg_aliases v0.2.1
2026-10-08T07:59:16.1636938Z [1m[92m  Downloaded[0m clap_builder v4.6.0
2026-10-08T07:59:16.1692028Z [1m[92m  Downloaded[0m futures-sink v0.3.32
2026-10-08T07:59:16.1703944Z [1m[92m  Downloaded[0m base16ct v0.2.0
2026-10-08T07:59:16.1710013Z [1m[92m  Downloaded[0m cpufeatures v0.3.0
2026-10-08T07:59:16.1722173Z [1m[92m  Downloaded[0m arrayref v0.3.9
2026-10-08T07:59:16.1732633Z [1m[92m  Downloaded[0m block-buffer v0.12.0
2026-10-08T07:59:16.1743905Z [1m[92m  Downloaded[0m cargo-util-terminal v0.1.0
2026-10-08T07:59:16.1753623Z [1m[92m  Downloaded[0m cfg-if v1.0.4
2026-10-08T07:59:16.1765308Z [1m[92m  Downloaded[0m cpufeatures v0.2.17
2026-10-08T07:59:16.1776923Z [1m[92m  Downloaded[0m block-buffer v0.10.4
2026-10-08T07:59:16.1785614Z [1m[92m  Downloaded[0m anstyle-progress v0.1.0
2026-10-08T07:59:16.1794456Z [1m[92m  Downloaded[0m clap_lex v1.1.0
2026-10-08T07:59:16.1803628Z [1m[92m  Downloaded[0m crypto-common v0.1.6
2026-10-08T07:59:16.1810196Z [1m[92m  Downloaded[0m colorchoice v1.0.5
2026-10-08T07:59:16.1818119Z [1m[92m  Downloaded[0m equivalent v1.0.2
2026-10-08T07:59:16.1826436Z [1m[92m  Downloaded[0m errno v0.3.14
2026-10-08T07:59:16.1838576Z [1m[92m  Downloaded[0m fnv v1.0.7
2026-10-08T07:59:16.1846201Z [1m[92m  Downloaded[0m form_urlencoded v1.2.2
2026-10-08T07:59:16.1851966Z [1m[92m  Downloaded[0m futures-io v0.3.32
2026-10-08T07:59:16.1858043Z [1m[92m  Downloaded[0m arc-swap v1.9.1
2026-10-08T07:59:16.1887784Z [1m[92m  Downloaded[0m bitmaps v2.1.0
2026-10-08T07:59:16.1897013Z [1m[92m  Downloaded[0m color-print v0.3.7
2026-10-08T07:59:16.1904795Z [1m[92m  Downloaded[0m ct-codecs v1.1.6
2026-10-08T07:59:16.1913108Z [1m[92m  Downloaded[0m crates-io v0.40.19
2026-10-08T07:59:16.1920077Z [1m[92m  Downloaded[0m fallible-streaming-iterator v0.1.9
2026-10-08T07:59:16.1926470Z [1m[92m  Downloaded[0m generic-array v0.14.9
2026-10-08T07:59:16.1938195Z [1m[92m  Downloaded[0m faster-hex v0.10.0
2026-10-08T07:59:16.1949479Z [1m[92m  Downloaded[0m terminal_size v0.4.4
2026-10-08T07:59:16.1958936Z [1m[92m  Downloaded[0m tinyvec_macros v0.1.1
2026-10-08T07:59:16.1964512Z [1m[92m  Downloaded[0m arrayvec v0.7.6
2026-10-08T07:59:16.1979987Z [1m[92m  Downloaded[0m async-trait v0.1.89
2026-10-08T07:59:16.2010954Z [1m[92m  Downloaded[0m base64ct v1.8.3
2026-10-08T07:59:16.2035369Z [1m[92m  Downloaded[0m cargo-credential v0.4.10
2026-10-08T07:59:16.2043071Z [1m[92m  Downloaded[0m anstyle-query v1.1.5
2026-10-08T07:59:16.2052329Z [1m[92m  Downloaded[0m byteorder v1.5.0
2026-10-08T07:59:16.2065604Z [1m[92m  Downloaded[0m clru v0.6.3
2026-10-08T07:59:16.2093754Z [1m[92m  Downloaded[0m cmov v0.5.4
2026-10-08T07:59:16.2094157Z [1m[92m  Downloaded[0m color-print-proc-macro v0.3.7
2026-10-08T07:59:16.2104273Z [1m[92m  Downloaded[0m constant_time_eq v0.4.2
2026-10-08T07:59:16.2123183Z [1m[92m  Downloaded[0m dashmap v6.2.1
2026-10-08T07:59:16.2143118Z [1m[92m  Downloaded[0m digest v0.11.3
2026-10-08T07:59:16.2165359Z [1m[92m  Downloaded[0m fallible-iterator v0.3.0
2026-10-08T07:59:16.2178695Z [1m[92m  Downloaded[0m fastrand v2.4.1
2026-10-08T07:59:16.2185167Z [1m[92m  Downloaded[0m find-msvc-tools v0.1.9
2026-10-08T07:59:16.2197331Z [1m[92m  Downloaded[0m crossbeam-deque v0.8.6
2026-10-08T07:59:16.2207859Z [1m[92m  Downloaded[0m deranged v0.5.8
2026-10-08T07:59:16.2219515Z [1m[92m  Downloaded[0m digest v0.10.7
2026-10-08T07:59:16.2233670Z [1m[92m  Downloaded[0m ecdsa v0.16.9
2026-10-08T07:59:16.2248844Z [1m[92m  Downloaded[0m filetime v0.2.29
2026-10-08T07:59:16.2263576Z [1m[92m  Downloaded[0m foldhash v0.1.5
2026-10-08T07:59:16.2273598Z [1m[92m  Downloaded[0m futures-core v0.3.32
2026-10-08T07:59:16.2284722Z [1m[92m  Downloaded[0m futures-executor v0.3.32
2026-10-08T07:59:16.2295951Z [1m[92m  Downloaded[0m getrandom v0.4.2
2026-10-08T07:59:16.2328565Z [1m[92m  Downloaded[0m gix-command v0.8.1
2026-10-08T07:59:16.2339810Z [1m[92m  Downloaded[0m camino v1.2.2
2026-10-08T07:59:16.2356708Z [1m[92m  Downloaded[0m either v1.16.0
2026-10-08T07:59:16.2375772Z [1m[92m  Downloaded[0m futures-util v0.3.32
2026-10-08T07:59:16.2481438Z [1m[92m  Downloaded[0m gix-bitmap v0.3.2
2026-10-08T07:59:16.2491197Z [1m[92m  Downloaded[0m gix-date v0.15.4
2026-10-08T07:59:16.2505190Z [1m[92m  Downloaded[0m gix-lock v21.0.2
2026-10-08T07:59:16.2516143Z [1m[92m  Downloaded[0m autocfg v1.5.1
2026-10-08T07:59:16.2529847Z [1m[92m  Downloaded[0m ff v0.13.1
2026-10-08T07:59:16.2542011Z [1m[92m  Downloaded[0m foldhash v0.2.0
2026-10-08T07:59:16.2552611Z [1m[92m  Downloaded[0m thiserror v2.0.18
2026-10-08T07:59:16.2605912Z [1m[92m  Downloaded[0m toml_writer v1.1.1+spec-1.1.0
2026-10-08T07:59:16.2617998Z [1m[92m  Downloaded[0m typeid v1.0.3
2026-10-08T07:59:16.2627786Z [1m[92m  Downloaded[0m yoke-derive v0.8.2
2026-10-08T07:59:16.2639550Z [1m[92m  Downloaded[0m zerofrom v0.1.8
2026-10-08T07:59:16.2648007Z [1m[92m  Downloaded[0m anyhow v1.0.102
2026-10-08T07:59:16.2681523Z [1m[92m  Downloaded[0m bitflags v2.11.1
2026-10-08T07:59:16.2715757Z [1m[92m  Downloaded[0m cargo-util v0.2.29
2026-10-08T07:59:16.2726611Z [1m[92m  Downloaded[0m cargo-util-schemas v0.14.0
2026-10-08T07:59:16.2744672Z [1m[92m  Downloaded[0m chacha20 v0.10.0
2026-10-08T07:59:16.2763437Z [1m[92m  Downloaded[0m clap_complete v4.6.5
2026-10-08T07:59:16.2787983Z [1m[92m  Downloaded[0m clap_derive v4.6.1
2026-10-08T07:59:16.2811384Z [1m[92m  Downloaded[0m const-oid v0.9.6
2026-10-08T07:59:16.2828922Z [1m[92m  Downloaded[0m crc32fast v1.5.0
2026-10-08T07:59:16.2842710Z [1m[92m  Downloaded[0m crossbeam-epoch v0.9.18
2026-10-08T07:59:16.2861012Z [1m[92m  Downloaded[0m crossbeam-utils v0.8.21
2026-10-08T07:59:16.2880284Z [1m[92m  Downloaded[0m ctutils v0.4.2
2026-10-08T07:59:16.2894300Z [1m[92m  Downloaded[0m displaydoc v0.2.6
2026-10-08T07:59:16.2910231Z [1m[92m  Downloaded[0m ed25519-compact v2.3.0
2026-10-08T07:59:16.2927666Z [1m[92m  Downloaded[0m elliptic-curve v0.13.8
2026-10-08T07:59:16.2954316Z [1m[92m  Downloaded[0m futures-channel v0.3.32
2026-10-08T07:59:16.2967802Z [1m[92m  Downloaded[0m tinyvec v1.11.0
2026-10-08T07:59:16.2988101Z [1m[92m  Downloaded[0m const-oid v0.10.2
2026-10-08T07:59:16.3005592Z [1m[92m  Downloaded[0m futures-task v0.3.32
2026-10-08T07:59:16.3014790Z [1m[92m  Downloaded[0m futures-timer v3.0.4
2026-10-08T07:59:16.3029914Z [1m[92m  Downloaded[0m base64 v0.22.1
2026-10-08T07:59:16.3057683Z [1m[92m  Downloaded[0m git2-curl v0.21.0
2026-10-08T07:59:16.3064180Z [1m[92m  Downloaded[0m matchers v0.2.0
2026-10-08T07:59:16.3071880Z [1m[92m  Downloaded[0m yoke v0.8.2
2026-10-08T07:59:16.3086302Z [1m[92m  Downloaded[0m bytes v1.11.1
2026-10-08T07:59:16.3118769Z [1m[92m  Downloaded[0m maybe-async v0.2.11
2026-10-08T07:59:16.3139508Z [1m[92m  Downloaded[0m os_info v3.15.0
2026-10-08T07:59:16.3163412Z [1m[92m  Downloaded[0m ar_archive_writer v0.5.1
2026-10-08T07:59:16.3188755Z [1m[92m  Downloaded[0m cc v1.2.63
2026-10-08T07:59:16.3211856Z [1m[92m  Downloaded[0m clap v4.6.1
2026-10-08T07:59:16.3287421Z [1m[92m  Downloaded[0m crossbeam-channel v0.5.15
2026-10-08T07:59:16.3319512Z [1m[92m  Downloaded[0m curl v0.4.49
2026-10-08T07:59:16.3351518Z [1m[92m  Downloaded[0m der v0.7.10
2026-10-08T07:59:16.3391863Z [1m[92m  Downloaded[0m flate2 v1.1.9
2026-10-08T07:59:16.3431376Z [1m[92m  Downloaded[0m futures v0.3.32
2026-10-08T07:59:16.3468361Z [1m[92m  Downloaded[0m once_cell v1.21.4
2026-10-08T07:59:16.3486759Z [1m[92m  Downloaded[0m powerfmt v0.2.0
2026-10-08T07:59:16.3494742Z [1m[92m  Downloaded[0m crypto-bigint v0.5.5
2026-10-08T07:59:16.3548615Z [1m[92m  Downloaded[0m gix-actor v0.40.0
2026-10-08T07:59:16.3558090Z [1m[92m  Downloaded[0m hash32 v0.3.1
2026-10-08T07:59:16.3568438Z [1m[92m  Downloaded[0m gix-validate v0.11.2
2026-10-08T07:59:16.3577441Z [1m[92m  Downloaded[0m quote v1.0.45
2026-10-08T07:59:16.3597261Z [1m[92m  Downloaded[0m rfc6979 v0.4.0
2026-10-08T07:59:16.3604665Z [1m[92m  Downloaded[0m serde-value v0.7.0
2026-10-08T07:59:16.3611907Z [1m[92m  Downloaded[0m shell-escape v0.1.5
2026-10-08T07:59:16.3617843Z [1m[92m  Downloaded[0m nom v7.1.3
2026-10-08T07:59:16.3656122Z [1m[92m  Downloaded[0m rand v0.10.1
2026-10-08T07:59:16.3683990Z [1m[92m  Downloaded[0m rustversion v1.0.22
2026-10-08T07:59:16.3704260Z [1m[92m  Downloaded[0m serde-untagged v0.1.9
2026-10-08T07:59:16.3716421Z [1m[92m  Downloaded[0m serde_core v1.0.228
2026-10-08T07:59:16.3735988Z [1m[92m  Downloaded[0m serde_derive v1.0.228
2026-10-08T07:59:16.3758229Z [1m[92m  Downloaded[0m sharded-slab v0.1.7
2026-10-08T07:59:16.3782353Z [1m[92m  Downloaded[0m supports-unicode v3.0.0
2026-10-08T07:59:16.3789966Z [1m[92m  Downloaded[0m thiserror-impl v2.0.18
2026-10-08T07:59:16.3800087Z [1m[92m  Downloaded[0m time-core v0.1.8
2026-10-08T07:59:16.3809797Z [1m[92m  Downloaded[0m tinystr v0.8.3
2026-10-08T07:59:16.3825521Z [1m[92m  Downloaded[0m tracing-subscriber v0.3.23
2026-10-08T07:59:16.3887447Z [1m[92m  Downloaded[0m winnow v0.7.15
2026-10-08T07:59:16.3959429Z [1m[92m  Downloaded[0m blake3 v1.8.5
2026-10-08T07:59:16.4017888Z [1m[92m  Downloaded[0m cbindgen v0.29.3
2026-10-08T07:59:16.4725312Z [1m[92m  Downloaded[0m gix-chunk v0.7.2
2026-10-08T07:59:16.4734727Z [1m[92m  Downloaded[0m gix-glob v0.24.0
2026-10-08T07:59:16.4744966Z [1m[92m  Downloaded[0m gix-quote v0.7.2
2026-10-08T07:59:16.4752685Z [1m[92m  Downloaded[0m is_terminal_polyfill v1.70.2
2026-10-08T07:59:16.4760169Z [1m[92m  Downloaded[0m p384 v0.13.1
2026-10-08T07:59:16.4793770Z [1m[92m  Downloaded[0m gix-negotiate v0.29.0
2026-10-08T07:59:16.4802683Z [1m[92m  Downloaded[0m gix-sec v0.13.3
2026-10-08T07:59:16.4811906Z [1m[92m  Downloaded[0m orion v0.17.14
2026-10-08T07:59:16.4883502Z [1m[92m  Downloaded[0m toml v0.9.12+spec-1.1.0
2026-10-08T07:59:16.4914459Z [1m[92m  Downloaded[0m gix-config-value v0.17.2
2026-10-08T07:59:16.4924328Z [1m[92m  Downloaded[0m gix-shallow v0.10.0
2026-10-08T07:59:16.4932209Z [1m[92m  Downloaded[0m rusqlite v0.39.0
2026-10-08T07:59:16.4982885Z [1m[92m  Downloaded[0m time-macros v0.2.27
2026-10-08T07:59:16.5000049Z [1m[92m  Downloaded[0m utf8_iter v1.0.4
2026-10-08T07:59:16.5007178Z [1m[92m  Downloaded[0m syn v2.0.117
2026-10-08T07:59:16.5086814Z [1m[92m  Downloaded[0m toml v1.1.2+spec-1.1.0
2026-10-08T07:59:16.5118287Z [1m[92m  Downloaded[0m writeable v0.6.3
2026-10-08T07:59:16.5133208Z [1m[92m  Downloaded[0m bstr v1.12.1
2026-10-08T07:59:16.5192025Z [1m[92m  Downloaded[0m lazy_static v1.5.0
2026-10-08T07:59:16.5205497Z [1m[92m  Downloaded[0m version_check v0.9.5
2026-10-08T07:59:16.5214439Z [1m[92m  Downloaded[0m nix v0.31.3
2026-10-08T07:59:16.5303089Z [1m[92m  Downloaded[0m walkdir v2.5.0
2026-10-08T07:59:16.5316387Z [1m[92m  Downloaded[0m zeroize v1.8.2
2026-10-08T07:59:16.5325994Z [1m[92m  Downloaded[0m itoa v1.0.18
2026-10-08T07:59:16.5336367Z [1m[92m  Downloaded[0m jobserver v0.1.34
2026-10-08T07:59:16.5351293Z [1m[92m  Downloaded[0m kstring v2.0.2
2026-10-08T07:59:16.5363299Z [1m[92m  Downloaded[0m socket2 v0.6.4
2026-10-08T07:59:16.5376467Z [1m[92m  Downloaded[0m spki v0.7.3
2026-10-08T07:59:16.5389746Z [1m[92m  Downloaded[0m zerovec-derive v0.11.3
2026-10-08T07:59:16.5401232Z [1m[92m  Downloaded[0m zmij v1.0.21
2026-10-08T07:59:16.5414329Z [1m[92m  Downloaded[0m gix-ignore v0.19.1
2026-10-08T07:59:16.5422599Z [1m[92m  Downloaded[0m home v0.5.12
2026-10-08T07:59:16.5429589Z [1m[92m  Downloaded[0m io-close v0.3.7
2026-10-08T07:59:16.5436861Z [1m[92m  Downloaded[0m pathdiff v0.2.3
2026-10-08T07:59:16.5443410Z [1m[92m  Downloaded[0m toml_datetime v0.7.5+spec-1.1.0
2026-10-08T07:59:16.5452816Z [1m[92m  Downloaded[0m tracing v0.1.44
2026-10-08T07:59:16.5569638Z [1m[92m  Downloaded[0m unicode-normalization v0.1.25
2026-10-08T07:59:16.5595143Z [1m[92m  Downloaded[0m url v2.5.8
2026-10-08T07:59:16.5614566Z [1m[92m  Downloaded[0m utf8parse v0.2.2
2026-10-08T07:59:16.5621548Z [1m[92m  Downloaded[0m zerotrie v0.2.4
2026-10-08T07:59:16.5650525Z [1m[92m  Downloaded[0m gix-prompt v0.14.2
2026-10-08T07:59:16.5659788Z [1m[92m  Downloaded[0m hex v0.4.3
2026-10-08T07:59:16.5671599Z [1m[92m  Downloaded[0m jiff-static v0.2.28
2026-10-08T07:59:16.5690478Z [1m[92m  Downloaded[0m nonempty v0.12.0
2026-10-08T07:59:16.5698656Z [1m[92m  Downloaded[0m nu-ansi-term v0.50.3
2026-10-08T07:59:16.5716324Z [1m[92m  Downloaded[0m num-conv v0.2.2
2026-10-08T07:59:16.5722412Z [1m[92m  Downloaded[0m opener v0.8.4
2026-10-08T07:59:16.5733420Z [1m[92m  Downloaded[0m openssl-probe v0.1.6
2026-10-08T07:59:16.5741195Z [1m[92m  Downloaded[0m ordered-float v2.10.1
2026-10-08T07:59:16.5750690Z [1m[92m  Downloaded[0m parking_lot v0.12.5
2026-10-08T07:59:16.5768942Z [1m[92m  Downloaded[0m parking_lot_core v0.9.12
2026-10-08T07:59:16.5784384Z [1m[92m  Downloaded[0m pem-rfc7468 v0.7.0
2026-10-08T07:59:16.5799255Z [1m[92m  Downloaded[0m percent-encoding v2.3.2
2026-10-08T07:59:16.5805200Z [1m[92m  Downloaded[0m pin-project-lite v0.2.17
2026-10-08T07:59:16.5849888Z [1m[92m  Downloaded[0m pkcs8 v0.10.2
2026-10-08T07:59:16.5871482Z [1m[92m  Downloaded[0m pkg-config v0.3.33
2026-10-08T07:59:16.5883098Z [1m[92m  Downloaded[0m potential_utf v0.1.5
2026-10-08T07:59:16.5891021Z [1m[92m  Downloaded[0m semver v1.0.28
2026-10-08T07:59:16.5908346Z [1m[92m  Downloaded[0m shlex v1.3.0
2026-10-08T07:59:16.5917644Z [1m[92m  Downloaded[0m minimal-lexical v0.2.1
2026-10-08T07:59:16.5951476Z [1m[92m  Downloaded[0m num-traits v0.2.19
2026-10-08T07:59:16.5970620Z [1m[92m  Downloaded[0m openssl-sys v0.9.116
2026-10-08T07:59:16.6012694Z [1m[92m  Downloaded[0m smallvec v1.15.1
2026-10-08T07:59:16.6028145Z [1m[92m  Downloaded[0m subtle v2.6.1
2026-10-08T07:59:16.6036731Z [1m[92m  Downloaded[0m supports-hyperlinks v3.2.0
2026-10-08T07:59:16.6044596Z [1m[92m  Downloaded[0m unicode-width v0.2.2
2026-10-08T07:59:16.6086003Z [1m[92m  Downloaded[0m vcpkg v0.2.15
2026-10-08T07:59:16.6514514Z [1m[92m  Downloaded[0m winnow v1.0.3
2026-10-08T07:59:16.6587495Z [1m[92m  Downloaded[0m zlib-rs v0.6.3
2026-10-08T07:59:16.6626545Z [1m[92m  Downloaded[0m fiat-crypto v0.3.0
2026-10-08T07:59:16.6707183Z [1m[92m  Downloaded[0m memmap2 v0.9.10
2026-10-08T07:59:16.6719567Z [1m[92m  Downloaded[0m primeorder v0.13.6
2026-10-08T07:59:16.6728853Z [1m[92m  Downloaded[0m sha1 v0.11.0
2026-10-08T07:59:16.6742042Z [1m[92m  Downloaded[0m gix-archive v0.30.0
2026-10-08T07:59:16.6750915Z [1m[92m  Downloaded[0m gix-discover v0.49.0
2026-10-08T07:59:16.6762689Z [1m[92m  Downloaded[0m gix-trace v0.1.20
2026-10-08T07:59:16.6770538Z [1m[92m  Downloaded[0m gix-utils v0.3.3
2026-10-08T07:59:16.6778763Z [1m[92m  Downloaded[0m heck v0.5.0
2026-10-08T07:59:16.6788181Z [1m[92m  Downloaded[0m is_executable v1.0.5
2026-10-08T07:59:16.6798099Z [1m[92m  Downloaded[0m litemap v0.8.2
2026-10-08T07:59:16.6815022Z [1m[92m  Downloaded[0m lock_api v0.4.14
2026-10-08T07:59:16.6824184Z [1m[92m  Downloaded[0m memoffset v0.9.1
2026-10-08T07:59:16.6833097Z [1m[92m  Downloaded[0m pasetors v0.7.8
2026-10-08T07:59:16.6872876Z [1m[92m  Downloaded[0m proc-macro2 v1.0.106
2026-10-08T07:59:16.6894938Z [1m[92m  Downloaded[0m prodash v31.0.0
2026-10-08T07:59:16.6924480Z [1m[92m  Downloaded[0m rand_core v0.6.4
2026-10-08T07:59:16.6934369Z [1m[92m  Downloaded[0m slab v0.4.12
2026-10-08T07:59:16.6943683Z [1m[92m  Downloaded[0m gix-revwalk v0.29.0
2026-10-08T07:59:16.6953152Z [1m[92m  Downloaded[0m log v0.4.30
2026-10-08T07:59:16.6971423Z [1m[92m  Downloaded[0m memchr v2.8.1
2026-10-08T07:59:16.7013195Z [1m[92m  Downloaded[0m idna_adapter v1.2.2
2026-10-08T07:59:16.7020449Z [1m[92m  Downloaded[0m rustc-hash v2.1.2
2026-10-08T07:59:16.7029982Z [1m[92m  Downloaded[0m object v0.37.3
2026-10-08T07:59:16.7181403Z [1m[92m  Downloaded[0m object v0.39.1
2026-10-08T07:59:16.7266892Z [1m[92m  Downloaded[0m rand_core v0.10.1
2026-10-08T07:59:16.7278575Z [1m[92m  Downloaded[0m stable_deref_trait v1.2.1
2026-10-08T07:59:16.7285367Z [1m[92m  Downloaded[0m strsim v0.11.1
2026-10-08T07:59:16.7294876Z [1m[92m  Downloaded[0m tracing-chrome v0.7.2
2026-10-08T07:59:16.7304920Z [1m[92m  Downloaded[0m gix-commitgraph v0.35.0
2026-10-08T07:59:16.7317284Z [1m[92m  Downloaded[0m gix-fs v0.19.2
2026-10-08T07:59:16.7329387Z [1m[92m  Downloaded[0m gix-hashtable v0.13.0
2026-10-08T07:59:16.7336265Z [1m[92m  Downloaded[0m gix-worktree-stream v0.30.0
2026-10-08T07:59:16.7345804Z [1m[92m  Downloaded[0m glob v0.3.3
2026-10-08T07:59:16.7356561Z [1m[92m  Downloaded[0m group v0.13.0
2026-10-08T07:59:16.7367763Z [1m[92m  Downloaded[0m libssh2-sys v0.3.1
2026-10-08T07:59:16.7624625Z [1m[92m  Downloaded[0m same-file v1.0.6
2026-10-08T07:59:16.7635833Z [1m[92m  Downloaded[0m serde_spanned v1.1.1
2026-10-08T07:59:16.7644781Z [1m[92m  Downloaded[0m sha1 v0.10.6
2026-10-08T07:59:16.7656818Z [1m[92m  Downloaded[0m shell-words v1.1.1
2026-10-08T07:59:16.7663637Z [1m[92m  Downloaded[0m zerofrom-derive v0.1.7
2026-10-08T07:59:16.7671475Z [1m[92m  Downloaded[0m gix-hash v0.23.0
2026-10-08T07:59:16.7682071Z [1m[92m  Downloaded[0m hashlink v0.11.0
2026-10-08T07:59:16.7695854Z [1m[92m  Downloaded[0m scopeguard v1.2.0
2026-10-08T07:59:16.7704717Z [1m[92m  Downloaded[0m sec1 v0.7.3
2026-10-08T07:59:16.7716602Z [1m[92m  Downloaded[0m serde_ignored v0.1.14
2026-10-08T07:59:16.7725737Z [1m[92m  Downloaded[0m synstructure v0.13.2
2026-10-08T07:59:16.7732833Z [1m[92m  Downloaded[0m thread_local v1.1.9
2026-10-08T07:59:16.7743788Z [1m[92m  Downloaded[0m toml_datetime v1.1.1+spec-1.1.0
2026-10-08T07:59:16.7753006Z [1m[92m  Downloaded[0m unicase v2.9.0
2026-10-08T07:59:16.7762956Z [1m[92m  Downloaded[0m jiff v0.2.28
2026-10-08T07:59:16.7886866Z [1m[92m  Downloaded[0m tracing-attributes v0.1.31
2026-10-08T07:59:16.7906725Z [1m[92m  Downloaded[0m tracing-log v0.2.0
2026-10-08T07:59:16.7916871Z [1m[92m  Downloaded[0m gix-tempfile v21.0.2
2026-10-08T07:59:16.7927074Z [1m[92m  Downloaded[0m implib v0.6.0
2026-10-08T07:59:16.7938723Z [1m[92m  Downloaded[0m libc v0.2.186
2026-10-08T07:59:16.8240093Z [1m[92m  Downloaded[0m typenum v1.20.1
2026-10-08T07:59:16.8265596Z [1m[92m  Downloaded[0m serde v1.0.228
2026-10-08T07:59:16.8292295Z [1m[92m  Downloaded[0m zerovec v0.11.6
2026-10-08T07:59:16.8337138Z [1m[92m  Downloaded[0m gix-attributes v0.31.0
2026-10-08T07:59:16.8349656Z [1m[92m  Downloaded[0m gix-revision v0.43.0
2026-10-08T07:59:16.8363411Z [1m[92m  Downloaded[0m gix-worktree-state v0.28.0
2026-10-08T07:59:16.8374329Z [1m[92m  Downloaded[0m serde_json v1.0.150
2026-10-08T07:59:16.8429420Z [1m[92m  Downloaded[0m sized-chunks v0.6.5
2026-10-08T07:59:16.8448662Z [1m[92m  Downloaded[0m regex v1.12.3
2026-10-08T07:59:16.8487915Z [1m[92m  Downloaded[0m sha2 v0.11.0
2026-10-08T07:59:16.8516235Z [1m[92m  Downloaded[0m tempfile v3.27.0
2026-10-08T07:59:16.8535249Z [1m[92m  Downloaded[0m tar v0.4.46
2026-10-08T07:59:16.8556538Z [1m[92m  Downloaded[0m encoding_rs v0.8.35
2026-10-08T07:59:16.8704625Z [1m[92m  Downloaded[0m libz-sys v1.1.29
2026-10-08T07:59:16.8880016Z [1m[92m  Downloaded[0m time v0.3.47
2026-10-08T07:59:16.8977088Z [1m[92m  Downloaded[0m regex-syntax v0.8.10
2026-10-08T07:59:16.9031768Z [1m[92m  Downloaded[0m gix-error v0.2.4
2026-10-08T07:59:16.9044991Z [1m[92m  Downloaded[0m gix-filter v0.28.0
2026-10-08T07:59:16.9064017Z [1m[92m  Downloaded[0m gix-packetline v0.21.4
2026-10-08T07:59:16.9077655Z [1m[92m  Downloaded[0m gix-pathspec v0.16.1
2026-10-08T07:59:16.9093000Z [1m[92m  Downloaded[0m gix-submodule v0.28.0
2026-10-08T07:59:16.9101972Z [1m[92m  Downloaded[0m gix-traverse v0.55.0
2026-10-08T07:59:16.9116249Z [1m[92m  Downloaded[0m gix-url v0.35.3
2026-10-08T07:59:16.9125925Z [1m[92m  Downloaded[0m gix-worktree v0.50.0
2026-10-08T07:59:16.9138503Z [1m[92m  Downloaded[0m globset v0.4.18
2026-10-08T07:59:16.9149406Z [1m[92m  Downloaded[0m static_assertions v1.1.0
2026-10-08T07:59:16.9159978Z [1m[92m  Downloaded[0m hmac v0.12.1
2026-10-08T07:59:16.9174405Z [1m[92m  Downloaded[0m gix-credentials v0.37.2
2026-10-08T07:59:16.9187508Z [1m[92m  Downloaded[0m gix-features v0.46.2
2026-10-08T07:59:16.9207044Z [1m[92m  Downloaded[0m hybrid-array v0.4.12
2026-10-08T07:59:16.9225642Z [1m[92m  Downloaded[0m gix-path v0.11.3
2026-10-08T07:59:16.9239461Z [1m[92m  Downloaded[0m signature v2.2.0
2026-10-08T07:59:16.9250506Z [1m[92m  Downloaded[0m regex-automata v0.4.14
2026-10-08T07:59:16.9356800Z [1m[92m  Downloaded[0m http-auth v0.1.10
2026-10-08T07:59:16.9372202Z [1m[92m  Downloaded[0m gix-refspec v0.39.0
2026-10-08T07:59:16.9385776Z [1m[92m  Downloaded[0m curl-sys v0.4.88+curl-8.20.0
2026-10-08T07:59:16.9871874Z [1m[92m  Downloaded[0m gix-status v0.28.0
2026-10-08T07:59:16.9887461Z [1m[92m  Downloaded[0m libgit2-sys v0.18.5+1.9.4
2026-10-08T07:59:17.0357109Z [1m[92m  Downloaded[0m ignore v0.4.25
2026-10-08T07:59:17.0374657Z [1m[92m  Downloaded[0m hmac v0.13.0
2026-10-08T07:59:17.0390792Z [1m[92m  Downloaded[0m libloading v0.9.0
2026-10-08T07:59:17.0409862Z [1m[92m  Downloaded[0m rand_xoshiro v0.6.0
2026-10-08T07:59:17.0424737Z [1m[92m  Downloaded[0m unicode-bom v2.0.3
2026-10-08T07:59:17.0434505Z [1m[92m  Downloaded[0m gix-diff v0.61.0
2026-10-08T07:59:17.0455837Z [1m[92m  Downloaded[0m gix-object v0.58.0
2026-10-08T07:59:17.0480242Z [1m[92m  Downloaded[0m icu_properties v2.2.0
2026-10-08T07:59:17.0497685Z [1m[92m  Downloaded[0m gix-index v0.49.0
2026-10-08T07:59:17.0526226Z [1m[92m  Downloaded[0m icu_provider v2.2.0
2026-10-08T07:59:17.0545966Z [1m[92m  Downloaded[0m sha2 v0.10.9
2026-10-08T07:59:17.0565169Z [1m[92m  Downloaded[0m rustc-stable-hash v0.1.2
2026-10-08T07:59:17.0577678Z [1m[92m  Downloaded[0m rustfix v0.9.6
2026-10-08T07:59:17.0588076Z [1m[92m  Downloaded[0m gix-odb v0.78.0
2026-10-08T07:59:17.0612882Z [1m[92m  Downloaded[0m toml_parser v1.1.2+spec-1.1.0
2026-10-08T07:59:17.0629927Z [1m[92m  Downloaded[0m tracing-core v0.1.36
2026-10-08T07:59:17.0649824Z [1m[92m  Downloaded[0m gix-dir v0.23.0
2026-10-08T07:59:17.0670404Z [1m[92m  Downloaded[0m heapless v0.8.0
2026-10-08T07:59:17.0700243Z [1m[92m  Downloaded[0m cargo v0.97.1
2026-10-08T07:59:17.1866825Z [1m[92m  Downloaded[0m icu_normalizer_data v2.2.0
2026-10-08T07:59:17.1882135Z [1m[92m  Downloaded[0m gix-protocol v0.59.0
2026-10-08T07:59:17.1905810Z [1m[92m  Downloaded[0m linux-raw-sys v0.12.1
2026-10-08T07:59:17.2377322Z [1m[92m  Downloaded[0m shlex v2.0.1
2026-10-08T07:59:17.2386450Z [1m[92m  Downloaded[0m icu_normalizer v2.2.0
2026-10-08T07:59:17.2415311Z [1m[92m  Downloaded[0m icu_locale_core v2.2.0
2026-10-08T07:59:17.2468792Z [1m[92m  Downloaded[0m gix-ref v0.61.0
2026-10-08T07:59:17.2503410Z [1m[92m  Downloaded[0m icu_collections v2.2.0
2026-10-08T07:59:17.3593793Z [1m[92m  Downloaded[0m gix-blame v0.11.0
2026-10-08T07:59:17.3616961Z [1m[92m  Downloaded[0m toml_edit v0.25.12+spec-1.1.0
2026-10-08T07:59:17.3646663Z [1m[92m  Downloaded[0m gix-config v0.54.0
2026-10-08T07:59:17.3679979Z [1m[92m  Downloaded[0m unicode-ident v1.0.24
2026-10-08T07:59:17.3700549Z [1m[92m  Downloaded[0m http v1.4.1
2026-10-08T07:59:17.3727434Z [1m[92m  Downloaded[0m gix-transport v0.55.1
2026-10-08T07:59:17.3755066Z [1m[92m  Downloaded[0m gix-pack v0.68.0
2026-10-08T07:59:17.3804331Z [1m[92m  Downloaded[0m indexmap v2.14.0
2026-10-08T07:59:17.3836381Z [1m[92m  Downloaded[0m git2 v0.20.4
2026-10-08T07:59:17.3898060Z [1m[92m  Downloaded[0m hashbrown v0.16.1
2026-10-08T07:59:17.3936370Z [1m[92m  Downloaded[0m hashbrown v0.14.5
2026-10-08T07:59:17.3972221Z [1m[92m  Downloaded[0m hashbrown v0.15.5
2026-10-08T07:59:17.4008975Z [1m[92m  Downloaded[0m hashbrown v0.17.1
2026-10-08T07:59:17.4048795Z [1m[92m  Downloaded[0m imara-diff v0.1.8
2026-10-08T07:59:17.4079167Z [1m[92m  Downloaded[0m imara-diff v0.2.0
2026-10-08T07:59:17.4110833Z [1m[92m  Downloaded[0m itertools v0.14.0
2026-10-08T07:59:17.4164698Z [1m[92m  Downloaded[0m icu_properties_data v2.2.0
2026-10-08T07:59:17.4246593Z [1m[92m  Downloaded[0m idna v1.1.0
2026-10-08T07:59:17.4273031Z [1m[92m  Downloaded[0m hkdf v0.12.4
2026-10-08T07:59:17.4290135Z [1m[92m  Downloaded[0m libsqlite3-sys v0.37.0
2026-10-08T07:59:17.4760761Z [1m[92m  Downloaded[0m im-rc v15.1.0
2026-10-08T07:59:17.4803648Z [1m[92m  Downloaded[0m gix v0.81.0
2026-10-08T07:59:17.4928698Z [1m[92m  Downloaded[0m rustix v1.1.4
2026-10-08T07:59:17.5136506Z [1m[92m  Downloaded[0m gix-merge v0.14.0
2026-10-08T07:59:17.5230494Z [1m[92m  Downloaded[0m sha1-checked v0.10.0
2026-10-08T07:59:17.5277863Z [1m[92m  Downloaded[0m libnghttp2-sys v0.1.13+1.68.1
2026-10-08T07:59:18.0281912Z [1m[92m   Compiling[0m proc-macro2 v1.0.106
2026-10-08T07:59:18.0289697Z [1m[92m   Compiling[0m quote v1.0.45
2026-10-08T07:59:18.0290208Z [1m[92m   Compiling[0m unicode-ident v1.0.24
2026-10-08T07:59:18.0290667Z [1m[92m   Compiling[0m libc v0.2.186
2026-10-08T07:59:18.0291162Z [1m[92m   Compiling[0m cfg-if v1.0.4
2026-10-08T07:59:18.0291587Z [1m[92m   Compiling[0m memchr v2.8.1
2026-10-08T07:59:18.0292027Z [1m[92m   Compiling[0m regex-syntax v0.8.10
2026-10-08T07:59:18.0292469Z [1m[92m   Compiling[0m typenum v1.20.1
2026-10-08T07:59:18.0751283Z [1m[92m   Compiling[0m serde_core v1.0.228
2026-10-08T07:59:18.1050688Z [1m[92m   Compiling[0m smallvec v1.15.1
2026-10-08T07:59:18.3530731Z [1m[92m   Compiling[0m thiserror v2.0.18
2026-10-08T07:59:18.4157034Z [1m[92m   Compiling[0m version_check v0.9.5
2026-10-08T07:59:18.8031248Z [1m[92m   Compiling[0m zeroize v1.8.2
2026-10-08T07:59:18.8110662Z [1m[92m   Compiling[0m stable_deref_trait v1.2.1
2026-10-08T07:59:18.8850853Z [1m[92m   Compiling[0m aho-corasick v1.1.4
2026-10-08T07:59:19.0230835Z [1m[92m   Compiling[0m generic-array v0.14.9
2026-10-08T07:59:19.5105125Z [1m[92m   Compiling[0m syn v2.0.117
2026-10-08T07:59:19.5210754Z [1m[92m   Compiling[0m once_cell v1.21.4
2026-10-08T07:59:20.0070728Z [1m[92m   Compiling[0m bitflags v2.11.1
2026-10-08T07:59:20.0680761Z [1m[92m   Compiling[0m subtle v2.6.1
2026-10-08T07:59:20.3440872Z [1m[92m   Compiling[0m crossbeam-utils v0.8.21
2026-10-08T07:59:20.6090934Z [1m[92m   Compiling[0m const-oid v0.9.6
2026-10-08T07:59:20.7745701Z [1m[92m   Compiling[0m fastrand v2.4.1
2026-10-08T07:59:21.0961172Z [1m[92m   Compiling[0m gix-trace v0.1.20
2026-10-08T07:59:21.1660930Z [1m[92m   Compiling[0m tinyvec_macros v0.1.1
2026-10-08T07:59:21.2241254Z [1m[92m   Compiling[0m parking_lot_core v0.9.12
2026-10-08T07:59:21.2310971Z [1m[92m   Compiling[0m tinyvec v1.11.0
2026-10-08T07:59:21.4130986Z [1m[92m   Compiling[0m regex-automata v0.4.14
2026-10-08T07:59:22.1640732Z [1m[92m   Compiling[0m scopeguard v1.2.0
2026-10-08T07:59:22.2707468Z [1m[92m   Compiling[0m lock_api v0.4.14
2026-10-08T07:59:22.3210822Z [1m[92m   Compiling[0m unicode-normalization v0.1.25
2026-10-08T07:59:22.6941006Z [1m[92m   Compiling[0m crypto-common v0.1.6
2026-10-08T07:59:22.8231145Z [1m[92m   Compiling[0m block-buffer v0.10.4
2026-10-08T07:59:22.9970711Z [1m[92m   Compiling[0m crc32fast v1.5.0
2026-10-08T07:59:23.0030800Z [1m[92m   Compiling[0m digest v0.10.7
2026-10-08T07:59:23.1010873Z [1m[92m   Compiling[0m parking_lot v0.12.5
2026-10-08T07:59:23.2720738Z [1m[92m   Compiling[0m same-file v1.0.6
2026-10-08T07:59:23.3706969Z [1m[92m   Compiling[0m walkdir v2.5.0
2026-10-08T07:59:23.4401023Z [1m[92m   Compiling[0m jobserver v0.1.34
2026-10-08T07:59:23.7840677Z [1m[92m   Compiling[0m find-msvc-tools v0.1.9
2026-10-08T07:59:23.9720712Z [1m[92m   Compiling[0m itoa v1.0.18
2026-10-08T07:59:24.0380994Z [1m[92m   Compiling[0m shlex v2.0.1
2026-10-08T07:59:24.2382004Z [1m[92m   Compiling[0m cc v1.2.63
2026-10-08T07:59:24.3610730Z [1m[92m   Compiling[0m bytes v1.11.1
2026-10-08T07:59:24.5690889Z [1m[92m   Compiling[0m zlib-rs v0.6.3
2026-10-08T07:59:24.7480651Z [1m[92m   Compiling[0m prodash v31.0.0
2026-10-08T07:59:25.7770817Z [1m[92m   Compiling[0m bstr v1.12.1
2026-10-08T07:59:26.6660970Z [1m[92m   Compiling[0m gix-validate v0.11.2
2026-10-08T07:59:27.3960915Z [1m[92m   Compiling[0m gix-utils v0.3.3
2026-10-08T07:59:28.1821157Z [1m[92m   Compiling[0m crossbeam-channel v0.5.15
2026-10-08T07:59:28.2741193Z [1m[92m   Compiling[0m foldhash v0.2.0
2026-10-08T07:59:28.4350996Z [1m[92m   Compiling[0m gix-error v0.2.4
2026-10-08T07:59:28.4630727Z [1m[92m   Compiling[0m equivalent v1.0.2
2026-10-08T07:59:28.5170698Z [1m[92m   Compiling[0m thiserror-impl v2.0.18
2026-10-08T07:59:28.5440764Z [1m[92m   Compiling[0m cpufeatures v0.2.17
2026-10-08T07:59:28.6240749Z [1m[92m   Compiling[0m byteorder v1.5.0
2026-10-08T07:59:28.7301059Z [1m[92m   Compiling[0m heapless v0.8.0
2026-10-08T07:59:28.8870693Z [1m[92m   Compiling[0m hash32 v0.3.1
2026-10-08T07:59:28.9951350Z [1m[92m   Compiling[0m pkg-config v0.3.33
2026-10-08T07:59:29.0260778Z [1m[92m   Compiling[0m rustix v1.1.4
2026-10-08T07:59:29.4411050Z [1m[92m   Compiling[0m linux-raw-sys v0.12.1
2026-10-08T07:59:29.4770625Z [1m[92m   Compiling[0m sha1 v0.10.6
2026-10-08T07:59:29.7471156Z [1m[92m   Compiling[0m jiff v0.2.28
2026-10-08T07:59:29.9290930Z [1m[92m   Compiling[0m faster-hex v0.10.0
2026-10-08T07:59:30.2021421Z [1m[92m   Compiling[0m allocator-api2 v0.2.21
2026-10-08T07:59:30.2760913Z [1m[92m   Compiling[0m vcpkg v0.2.15
2026-10-08T07:59:30.6061635Z [1m[92m   Compiling[0m sha1-checked v0.10.0
2026-10-08T07:59:30.6490754Z [1m[92m   Compiling[0m gix-path v0.11.3
2026-10-08T07:59:30.8751261Z [1m[92m   Compiling[0m hashbrown v0.16.1
2026-10-08T07:59:31.1650972Z [1m[92m   Compiling[0m gix-features v0.46.2
2026-10-08T07:59:31.4350914Z [1m[92m   Compiling[0m rand_core v0.10.1
2026-10-08T07:59:31.6360807Z [1m[92m   Compiling[0m getrandom v0.4.2
2026-10-08T07:59:31.6651146Z [1m[92m   Compiling[0m winnow v0.7.15
2026-10-08T07:59:31.8790714Z [1m[92m   Compiling[0m gix-hash v0.23.0
2026-10-08T07:59:32.0670771Z [1m[92m   Compiling[0m synstructure v0.13.2
2026-10-08T07:59:32.2802796Z [1m[92m   Compiling[0m memmap2 v0.9.10
2026-10-08T07:59:32.8081327Z [1m[92m   Compiling[0m gix-hashtable v0.13.0
2026-10-08T07:59:32.9563976Z [1m[92m   Compiling[0m zerofrom-derive v0.1.7
2026-10-08T07:59:32.9589940Z [1m[92m   Compiling[0m yoke-derive v0.8.2
2026-10-08T07:59:32.9970718Z [1m[92m   Compiling[0m openssl-sys v0.9.116
2026-10-08T07:59:33.0970677Z [1m[92m   Compiling[0m libz-sys v1.1.29
2026-10-08T07:59:33.4270688Z [1m[92m   Compiling[0m tempfile v3.27.0
2026-10-08T07:59:33.7110764Z [1m[92m   Compiling[0m hashbrown v0.14.5
2026-10-08T07:59:34.5750629Z [1m[92m   Compiling[0m gix-fs v0.19.2
2026-10-08T07:59:34.7030756Z [1m[92m   Compiling[0m dashmap v6.2.1
2026-10-08T07:59:34.8100664Z [1m[92m   Compiling[0m zerofrom v0.1.8
2026-10-08T07:59:34.8361117Z [1m[92m   Compiling[0m gix-chunk v0.7.2
2026-10-08T07:59:34.9466509Z [1m[92m   Compiling[0m yoke v0.8.2
2026-10-08T07:59:34.9610371Z [1m[92m   Compiling[0m gix-quote v0.7.2
2026-10-08T07:59:35.2221058Z [1m[92m   Compiling[0m gix-tempfile v21.0.2
2026-10-08T07:59:35.2310646Z [1m[92m   Compiling[0m zerovec-derive v0.11.3
2026-10-08T07:59:35.2580690Z [1m[92m   Compiling[0m nonempty v0.12.0
2026-10-08T07:59:35.3670910Z [1m[92m   Compiling[0m displaydoc v0.2.6
2026-10-08T07:59:35.3950698Z [1m[92m   Compiling[0m percent-encoding v2.3.2
2026-10-08T07:59:35.4630609Z [1m[92m   Compiling[0m gix-commitgraph v0.35.0
2026-10-08T07:59:35.7070864Z [1m[92m   Compiling[0m gix-glob v0.24.0
2026-10-08T07:59:35.7650783Z [1m[92m   Compiling[0m gix-lock v21.0.2
2026-10-08T07:59:36.3551847Z [1m[92m   Compiling[0m gix-date v0.15.4
2026-10-08T07:59:36.5571161Z [1m[92m   Compiling[0m zerovec v0.11.6
2026-10-08T07:59:36.5703697Z [1m[92m   Compiling[0m libnghttp2-sys v0.1.13+1.68.1
2026-10-08T07:59:36.6580815Z [1m[92m   Compiling[0m getrandom v0.2.17
2026-10-08T07:59:36.7581140Z [1m[92m   Compiling[0m gix-actor v0.40.0
2026-10-08T07:59:36.9260893Z [1m[92m   Compiling[0m gix-object v0.58.0
2026-10-08T07:59:37.0310745Z [1m[92m   Compiling[0m rand_core v0.6.4
2026-10-08T07:59:37.1050805Z [1m[92m   Compiling[0m gix-config-value v0.17.2
2026-10-08T07:59:37.2987792Z [1m[92m   Compiling[0m writeable v0.6.3
2026-10-08T07:59:37.5117029Z [1m[92m   Compiling[0m unicode-bom v2.0.3
2026-10-08T07:59:37.6311059Z [1m[92m   Compiling[0m zmij v1.0.21
2026-10-08T07:59:37.8231550Z [1m[92m   Compiling[0m tinystr v0.8.3
2026-10-08T07:59:37.8320938Z [1m[92m   Compiling[0m litemap v0.8.2
2026-10-08T07:59:38.0651357Z [1m[92m   Compiling[0m serde v1.0.228
2026-10-08T07:59:38.1090751Z [1m[92m   Compiling[0m potential_utf v0.1.5
2026-10-08T07:59:38.1960993Z [1m[92m   Compiling[0m icu_locale_core v2.2.0
2026-10-08T07:59:38.2275603Z [1m[92m   Compiling[0m zerotrie v0.2.4
2026-10-08T07:59:38.9001086Z [1m[92m   Compiling[0m gix-revwalk v0.29.0
2026-10-08T07:59:39.2761169Z [1m[92m   Compiling[0m curl-sys v0.4.88+curl-8.20.0
2026-10-08T07:59:39.3531320Z [1m[92m   Compiling[0m serde_derive v1.0.228
2026-10-08T07:59:39.5692719Z [1m[92m   Compiling[0m icu_properties_data v2.2.0
2026-10-08T07:59:39.7150714Z [1m[92m   Compiling[0m icu_normalizer_data v2.2.0
2026-10-08T07:59:39.8681273Z [1m[92m   Compiling[0m utf8_iter v1.0.4
2026-10-08T07:59:40.0411335Z [1m[92m   Compiling[0m log v0.4.30
2026-10-08T07:59:40.3021456Z [1m[92m   Compiling[0m serde_json v1.0.150
2026-10-08T07:59:40.4480627Z [1m[92m   Compiling[0m autocfg v1.5.1
2026-10-08T07:59:40.4805698Z [1m[92m   Compiling[0m static_assertions v1.1.0
2026-10-08T07:59:40.5560762Z [1m[92m   Compiling[0m base64ct v1.8.3
2026-10-08T07:59:40.9880758Z [1m[92m   Compiling[0m kstring v2.0.2
2026-10-08T07:59:41.1098908Z [1m[92m   Compiling[0m pem-rfc7468 v0.7.0
2026-10-08T07:59:41.3860894Z [1m[92m   Compiling[0m icu_collections v2.2.0
2026-10-08T07:59:41.9670913Z [1m[92m   Compiling[0m icu_provider v2.2.0
2026-10-08T07:59:42.2940867Z [1m[92m   Compiling[0m gix-sec v0.13.3
2026-10-08T07:59:42.5860683Z [1m[92m   Compiling[0m shell-words v1.1.1
2026-10-08T07:59:42.7440674Z [1m[92m   Compiling[0m gix-command v0.8.1
2026-10-08T07:59:42.7620721Z [1m[92m   Compiling[0m gix-attributes v0.31.0
2026-10-08T07:59:42.8880802Z [1m[92m   Compiling[0m der v0.7.10
2026-10-08T07:59:43.4710954Z [1m[92m   Compiling[0m filetime v0.2.29
2026-10-08T07:59:43.7387897Z [1m[92m   Compiling[0m pin-project-lite v0.2.17
2026-10-08T07:59:43.8169584Z [1m[92m   Compiling[0m icu_normalizer v2.2.0
2026-10-08T07:59:44.9140941Z [1m[92m   Compiling[0m icu_properties v2.2.0
2026-10-08T07:59:46.1053172Z [1m[92m   Compiling[0m spki v0.7.3
2026-10-08T07:59:46.3120868Z [1m[92m   Compiling[0m gix-ref v0.61.0
2026-10-08T07:59:46.6611530Z [1m[92m   Compiling[0m libssh2-sys v0.3.1
2026-10-08T07:59:46.8980963Z [1m[92m   Compiling[0m hashbrown v0.17.1
2026-10-08T07:59:46.9096250Z [1m[92m   Compiling[0m hmac v0.12.1
2026-10-08T07:59:47.1250813Z [1m[92m   Compiling[0m hybrid-array v0.4.12
2026-10-08T07:59:47.5262145Z [1m[92m   Compiling[0m curl v0.4.49
2026-10-08T07:59:47.7027896Z [1m[92m   Compiling[0m openssl-probe v0.1.6
2026-10-08T07:59:47.9150747Z [1m[92m   Compiling[0m indexmap v2.14.0
2026-10-08T07:59:47.9391758Z [1m[92m   Compiling[0m idna_adapter v1.2.2
2026-10-08T07:59:48.0088140Z [1m[92m   Compiling[0m pkcs8 v0.10.2
2026-10-08T07:59:48.0260613Z [1m[92m   Compiling[0m gix-traverse v0.55.0
2026-10-08T07:59:48.8391389Z [1m[92m   Compiling[0m ff v0.13.1
2026-10-08T07:59:49.0057318Z [1m[92m   Compiling[0m gix-packetline v0.21.4
2026-10-08T07:59:49.0770943Z [1m[92m   Compiling[0m gix-bitmap v0.3.2
2026-10-08T07:59:49.0880638Z [1m[92m   Compiling[0m socket2 v0.6.4
2026-10-08T07:59:49.3660881Z [1m[92m   Compiling[0m tracing-core v0.1.36
2026-10-08T07:59:49.4860597Z [1m[92m   Compiling[0m fnv v1.0.7
2026-10-08T07:59:49.5330747Z [1m[92m   Compiling[0m utf8parse v0.2.2
2026-10-08T07:59:49.6071283Z [1m[92m   Compiling[0m anstyle v1.0.14
2026-10-08T07:59:49.6118114Z [1m[92m   Compiling[0m cpufeatures v0.3.0
2026-10-08T07:59:49.6208650Z [1m[92m   Compiling[0m anyhow v1.0.102
2026-10-08T07:59:49.6586459Z [1m[92m   Compiling[0m base16ct v0.2.0
2026-10-08T07:59:49.7916931Z [1m[92m   Compiling[0m cmov v0.5.4
2026-10-08T07:59:49.8700700Z [1m[92m   Compiling[0m winnow v1.0.3
2026-10-08T07:59:50.0314073Z [1m[92m   Compiling[0m sec1 v0.7.3
2026-10-08T07:59:50.1850802Z [1m[92m   Compiling[0m anstyle-parse v1.0.0
2026-10-08T07:59:50.2290679Z [1m[92m   Compiling[0m ctutils v0.4.2
2026-10-08T07:59:50.4596613Z [1m[92m   Compiling[0m gix-index v0.49.0
2026-10-08T07:59:50.4980824Z [1m[92m   Compiling[0m group v0.13.0
2026-10-08T07:59:50.7680970Z [1m[92m   Compiling[0m crypto-common v0.2.2
2026-10-08T07:59:51.1951323Z [1m[92m   Compiling[0m block-buffer v0.12.0
2026-10-08T07:59:51.3930867Z [1m[92m   Compiling[0m idna v1.1.0
2026-10-08T07:59:51.3980774Z [1m[92m   Compiling[0m hkdf v0.12.4
2026-10-08T07:59:51.5161503Z [1m[92m   Compiling[0m gix-pathspec v0.16.1
2026-10-08T07:59:52.1800856Z [1m[92m   Compiling[0m toml_parser v1.1.2+spec-1.1.0
2026-10-08T07:59:52.7500613Z [1m[92m   Compiling[0m num-traits v0.2.19
2026-10-08T07:59:52.9011179Z [1m[92m   Compiling[0m gix-ignore v0.19.1
2026-10-08T07:59:53.4540436Z [1m[92m   Compiling[0m crypto-bigint v0.5.5
2026-10-08T07:59:54.1320718Z [1m[92m   Compiling[0m form_urlencoded v1.2.2
2026-10-08T07:59:54.3990922Z [1m[92m   Compiling[0m gix-url v0.35.3
2026-10-08T07:59:54.4180713Z [1m[92m   Compiling[0m libgit2-sys v0.18.5+1.9.4
2026-10-08T07:59:54.5220814Z [1m[92m   Compiling[0m tracing-attributes v0.1.31
2026-10-08T07:59:54.7936617Z [1m[92m   Compiling[0m serde_spanned v1.1.1
2026-10-08T07:59:54.9380621Z [1m[92m   Compiling[0m typeid v1.0.3
2026-10-08T07:59:55.0120712Z [1m[92m   Compiling[0m powerfmt v0.2.0
2026-10-08T07:59:55.2190769Z [1m[92m   Compiling[0m is_terminal_polyfill v1.70.2
2026-10-08T07:59:55.3101015Z [1m[92m   Compiling[0m colorchoice v1.0.5
2026-10-08T07:59:55.3140531Z [1m[92m   Compiling[0m anstyle-query v1.1.5
2026-10-08T07:59:55.4010975Z [1m[92m   Compiling[0m const-oid v0.10.2
2026-10-08T07:59:55.4700936Z [1m[92m   Compiling[0m foldhash v0.1.5
2026-10-08T07:59:55.6636324Z [1m[92m   Compiling[0m rustversion v1.0.22
2026-10-08T07:59:55.8250608Z [1m[92m   Compiling[0m digest v0.11.3
2026-10-08T07:59:56.0035363Z [1m[92m   Compiling[0m hashbrown v0.15.5
2026-10-08T07:59:56.0421137Z [1m[92m   Compiling[0m elliptic-curve v0.13.8
2026-10-08T07:59:56.2201055Z [1m[92m   Compiling[0m anstream v1.0.0
2026-10-08T07:59:56.2861431Z [1m[92m   Compiling[0m tracing v0.1.44
2026-10-08T07:59:56.4500773Z [1m[92m   Compiling[0m deranged v0.5.8
2026-10-08T07:59:56.8150865Z [1m[92m   Compiling[0m url v2.5.8
2026-10-08T07:59:56.8840982Z [1m[92m   Compiling[0m gix-worktree v0.50.0
2026-10-08T07:59:57.0770723Z [1m[92m   Compiling[0m gix-prompt v0.14.2
2026-10-08T07:59:57.6840767Z [1m[92m   Compiling[0m gix-revision v0.43.0
2026-10-08T07:59:57.7670783Z [1m[92m   Compiling[0m encoding_rs v0.8.35
2026-10-08T07:59:58.2620682Z [1m[92m   Compiling[0m num-conv v0.2.2
2026-10-08T07:59:58.3727314Z [1m[92m   Compiling[0m futures-core v0.3.32
2026-10-08T07:59:58.4371435Z [1m[92m   Compiling[0m cfg_aliases v0.2.1
2026-10-08T07:59:58.4750731Z [1m[92m   Compiling[0m futures-sink v0.3.32
2026-10-08T07:59:58.5330618Z [1m[92m   Compiling[0m erased-serde v0.4.10
2026-10-08T07:59:58.6114727Z [1m[92m   Compiling[0m time-core v0.1.8
2026-10-08T07:59:58.6640759Z [1m[92m   Compiling[0m futures-channel v0.3.32
2026-10-08T07:59:58.7083884Z [1m[92m   Compiling[0m nix v0.31.3
2026-10-08T07:59:58.7270448Z [1m[92m   Compiling[0m time v0.3.47
2026-10-08T07:59:58.7630908Z [1m[92m   Compiling[0m gix-refspec v0.39.0
2026-10-08T07:59:58.9678144Z [1m[92m   Compiling[0m gix-credentials v0.37.2
2026-10-08T08:00:00.1620757Z [1m[92m   Compiling[0m gix-filter v0.28.0
2026-10-08T08:00:00.8660976Z [1m[92m   Compiling[0m imara-diff v0.1.8
2026-10-08T08:00:01.5070708Z [1m[92m   Compiling[0m gix-discover v0.49.0
2026-10-08T08:00:02.0970866Z [1m[92m   Compiling[0m rfc6979 v0.4.0
2026-10-08T08:00:02.1780782Z [1m[92m   Compiling[0m signature v2.2.0
2026-10-08T08:00:02.2360868Z [1m[92m   Compiling[0m terminal_size v0.4.4
2026-10-08T08:00:02.2990556Z [1m[92m   Compiling[0m clru v0.6.3
2026-10-08T08:00:02.3391278Z [1m[92m   Compiling[0m libsqlite3-sys v0.37.0
2026-10-08T08:00:02.5681539Z [1m[92m   Compiling[0m crossbeam-epoch v0.9.18
2026-10-08T08:00:02.6011394Z [1m[92m   Compiling[0m toml_datetime v1.1.1+spec-1.1.0
2026-10-08T08:00:03.1810537Z [1m[92m   Compiling[0m minimal-lexical v0.2.1
2026-10-08T08:00:03.2460660Z [1m[92m   Compiling[0m lazy_static v1.5.0
2026-10-08T08:00:03.3160515Z [1m[92m   Compiling[0m heck v0.5.0
2026-10-08T08:00:03.4140697Z [1m[92m   Compiling[0m futures-io v0.3.32
2026-10-08T08:00:03.4510718Z [1m[92m   Compiling[0m base64 v0.22.1
2026-10-08T08:00:03.5480911Z [1m[92m   Compiling[0m toml_writer v1.1.1+spec-1.1.0
2026-10-08T08:00:03.5660675Z [1m[92m   Compiling[0m slab v0.4.12
2026-10-08T08:00:03.8571179Z [1m[92m   Compiling[0m clap_lex v1.1.0
2026-10-08T08:00:03.9070667Z [1m[92m   Compiling[0m object v0.37.3
2026-10-08T08:00:04.0441685Z [1m[92m   Compiling[0m strsim v0.11.1
2026-10-08T08:00:04.1420645Z [1m[92m   Compiling[0m futures-task v0.3.32
2026-10-08T08:00:04.3417572Z [1m[92m   Compiling[0m futures-util v0.3.32
2026-10-08T08:00:04.4057422Z [1m[92m   Compiling[0m clap_builder v4.6.0
2026-10-08T08:00:04.5913615Z [1m[92m   Compiling[0m nom v7.1.3
2026-10-08T08:00:05.3840872Z [1m[92m   Compiling[0m clap_derive v4.6.1
2026-10-08T08:00:06.0291051Z [1m[92m   Compiling[0m sharded-slab v0.1.7
2026-10-08T08:00:06.6710897Z [1m[92m   Compiling[0m flate2 v1.1.9
2026-10-08T08:00:07.2740809Z [1m[92m   Compiling[0m crossbeam-deque v0.8.6
2026-10-08T08:00:07.5250776Z [1m[92m   Compiling[0m gix-pack v0.68.0
2026-10-08T08:00:08.1250844Z [1m[92m   Compiling[0m ecdsa v0.16.9
2026-10-08T08:00:08.3780768Z [1m[92m   Compiling[0m gix-dir v0.23.0
2026-10-08T08:00:09.3200663Z [1m[92m   Compiling[0m arc-swap v1.9.1
2026-10-08T08:00:09.7600946Z [1m[92m   Compiling[0m gix-diff v0.61.0
2026-10-08T08:00:10.4860662Z [1m[92m   Compiling[0m ordered-float v2.10.1
2026-10-08T08:00:10.6930621Z [1m[92m   Compiling[0m tar v0.4.46
2026-10-08T08:00:11.0270963Z [1m[92m   Compiling[0m primeorder v0.13.6
2026-10-08T08:00:11.4560641Z [1m[92m   Compiling[0m tracing-log v0.2.0
2026-10-08T08:00:11.7475805Z [1m[92m   Compiling[0m gix-config v0.54.0
2026-10-08T08:00:11.9300911Z [1m[92m   Compiling[0m memoffset v0.9.1
2026-10-08T08:00:12.0553286Z [1m[92m   Compiling[0m globset v0.4.18
2026-10-08T08:00:15.9530577Z [1m[92m   Compiling[0m gix-negotiate v0.29.0
2026-10-08T08:00:17.4490651Z [1m[92m   Compiling[0m gix-shallow v0.10.0
2026-10-08T08:00:17.6190693Z [1m[92m   Compiling[0m sha2 v0.10.9
2026-10-08T08:00:18.2620885Z [1m[92m   Compiling[0m maybe-async v0.2.11
2026-10-08T08:00:18.9308483Z [1m[92m   Compiling[0m blake3 v1.8.5
2026-10-08T08:00:19.2448140Z [1m[92m   Compiling[0m matchers v0.2.0
2026-10-08T08:00:19.3830549Z [1m[92m   Compiling[0m bitmaps v2.1.0
2026-10-08T08:00:19.9380872Z [1m[92m   Compiling[0m im-rc v15.1.0
2026-10-08T08:00:20.1610924Z [1m[92m   Compiling[0m thread_local v1.1.9
2026-10-08T08:00:20.3410708Z [1m[92m   Compiling[0m fiat-crypto v0.3.0
2026-10-08T08:00:20.5292437Z [1m[92m   Compiling[0m unicode-width v0.2.2
2026-10-08T08:00:20.7970969Z [1m[92m   Compiling[0m nu-ansi-term v0.50.3
2026-10-08T08:00:21.2150570Z [1m[92m   Compiling[0m object v0.39.1
2026-10-08T08:00:21.4431161Z [1m[92m   Compiling[0m tracing-subscriber v0.3.23
2026-10-08T08:00:21.6960699Z [1m[92m   Compiling[0m annotate-snippets v0.12.16
2026-10-08T08:00:21.9280971Z [1m[92m   Compiling[0m sized-chunks v0.6.5
2026-10-08T08:00:22.5260676Z [1m[92m   Compiling[0m p384 v0.13.1
2026-10-08T08:00:23.4200855Z [1m[92m   Compiling[0m gix-submodule v0.28.0
2026-10-08T08:00:25.8420707Z [1m[92m   Compiling[0m ignore v0.4.25
2026-10-08T08:00:26.8790101Z [1m[92m   Compiling[0m cargo v0.97.1
2026-10-08T08:00:27.2160898Z [1m[92m   Compiling[0m gix-status v0.28.0
2026-10-08T08:00:28.4251375Z [1m[92m   Compiling[0m serde-untagged v0.1.9
2026-10-08T08:00:29.2000750Z [1m[92m   Compiling[0m serde-value v0.7.0
2026-10-08T08:00:29.5200867Z [1m[92m   Compiling[0m gix-odb v0.78.0
2026-10-08T08:00:30.1930832Z [1m[92m   Compiling[0m futures-executor v0.3.32
2026-10-08T08:00:30.2165627Z [1m[92m   Compiling[0m clap v4.6.1
2026-10-08T08:00:30.2800796Z [1m[92m   Compiling[0m color-print-proc-macro v0.3.7
2026-10-08T08:00:30.7057046Z [1m[92m   Compiling[0m orion v0.17.14
2026-10-08T08:00:31.7020685Z [1m[92m   Compiling[0m toml v1.1.2+spec-1.1.0
2026-10-08T08:00:33.7290724Z [1m[92m   Compiling[0m cargo-credential v0.4.10
2026-10-08T08:00:36.5530628Z [1m[92m   Compiling[0m sha2 v0.11.0
2026-10-08T08:00:37.4670772Z [1m[92m   Compiling[0m chacha20 v0.10.0
2026-10-08T08:00:37.9111005Z [1m[92m   Compiling[0m rand_xoshiro v0.6.0
2026-10-08T08:00:38.0002245Z [1m[92m   Compiling[0m anstyle-hyperlink v1.0.2
2026-10-08T08:00:38.3071097Z [1m[92m   Compiling[0m ed25519-compact v2.3.0
2026-10-08T08:00:38.7816295Z [1m[92m   Compiling[0m hashlink v0.11.0
2026-10-08T08:00:38.7920563Z [1m[92m   Compiling[0m regex v1.12.3
2026-10-08T08:00:38.9970817Z [1m[92m   Compiling[0m toml_datetime v0.7.5+spec-1.1.0
2026-10-08T08:00:39.1620405Z [1m[92m   Compiling[0m semver v1.0.28
2026-10-08T08:00:39.7600622Z [1m[92m   Compiling[0m libloading v0.9.0
2026-10-08T08:00:40.0060807Z [1m[92m   Compiling[0m anstyle-progress v0.1.0
2026-10-08T08:00:40.0991146Z [1m[92m   Compiling[0m fallible-iterator v0.3.0
2026-10-08T08:00:40.5752144Z [1m[92m   Compiling[0m fallible-streaming-iterator v0.1.9
2026-10-08T08:00:40.5981253Z [1m[92m   Compiling[0m camino v1.2.2
2026-10-08T08:00:40.7560866Z [1m[92m   Compiling[0m constant_time_eq v0.4.2
2026-10-08T08:00:40.8190910Z [1m[92m   Compiling[0m hex v0.4.3
2026-10-08T08:00:40.8540739Z [1m[92m   Compiling[0m arrayref v0.3.9
2026-10-08T08:00:40.8984587Z [1m[92m   Compiling[0m arrayvec v0.7.6
2026-10-08T08:00:40.9790697Z [1m[92m   Compiling[0m is_executable v1.0.5
2026-10-08T08:00:41.0630680Z [1m[92m   Compiling[0m supports-hyperlinks v3.2.0
2026-10-08T08:00:41.1724210Z [1m[92m   Compiling[0m shlex v1.3.0
2026-10-08T08:00:41.1799390Z [1m[92m   Compiling[0m supports-unicode v3.0.0
2026-10-08T08:00:41.1890848Z [1m[92m   Compiling[0m either v1.16.0
2026-10-08T08:00:41.2130996Z [1m[92m   Compiling[0m cbindgen v0.29.3
2026-10-08T08:00:41.2650908Z [1m[92m   Compiling[0m shell-escape v0.1.5
2026-10-08T08:00:41.3580876Z [1m[92m   Compiling[0m ct-codecs v1.1.6
2026-10-08T08:00:41.4641035Z [1m[92m   Compiling[0m clap_complete v4.6.5
2026-10-08T08:00:41.4810952Z [1m[92m   Compiling[0m itertools v0.14.0
2026-10-08T08:00:41.5200686Z [1m[92m   Compiling[0m pasetors v0.7.8
2026-10-08T08:00:41.5440787Z [1m[92m   Compiling[0m cargo-util v0.2.29
2026-10-08T08:00:41.6870748Z [1m[92m   Compiling[0m cargo-util-terminal v0.1.0
2026-10-08T08:00:43.9541079Z [1m[92m   Compiling[0m cargo-credential-libsecret v0.5.7
2026-10-08T08:00:44.4381259Z [1m[92m   Compiling[0m toml v0.9.12+spec-1.1.0
2026-10-08T08:00:44.6923757Z [1m[92m   Compiling[0m cargo-util-schemas v0.14.0
2026-10-08T08:00:48.5731339Z [1m[92m   Compiling[0m rand v0.10.1
2026-10-08T08:00:49.2920953Z [1m[92m   Compiling[0m ar_archive_writer v0.5.1
2026-10-08T08:00:49.3020721Z [1m[92m   Compiling[0m color-print v0.3.7
2026-10-08T08:00:49.4031080Z [1m[92m   Compiling[0m futures v0.3.32
2026-10-08T08:00:49.4867220Z [1m[92m   Compiling[0m os_info v3.15.0
2026-10-08T08:00:50.0581138Z [1m[92m   Compiling[0m tracing-chrome v0.7.2
2026-10-08T08:00:51.0949439Z [1m[92m   Compiling[0m gix-transport v0.55.1
2026-10-08T08:00:51.6771002Z [1m[92m   Compiling[0m crates-io v0.40.19
2026-10-08T08:00:52.4629395Z [1m[92m   Compiling[0m toml_edit v0.25.12+spec-1.1.0
2026-10-08T08:00:53.2180852Z [1m[92m   Compiling[0m gix-protocol v0.59.0
2026-10-08T08:00:54.9450913Z [1m[92m   Compiling[0m rustfix v0.9.6
2026-10-08T08:00:55.6051087Z [1m[92m   Compiling[0m gix v0.81.0
2026-10-08T08:00:57.4270646Z [1m[92m   Compiling[0m sha1 v0.11.0
2026-10-08T08:00:58.1264558Z [1m[92m   Compiling[0m hmac v0.13.0
2026-10-08T08:00:59.3420921Z [1m[92m   Compiling[0m async-trait v0.1.89
2026-10-08T08:01:01.4090866Z [1m[92m   Compiling[0m opener v0.8.4
2026-10-08T08:01:01.5570712Z [1m[92m   Compiling[0m http v1.4.1
2026-10-08T08:01:02.3750810Z [1m[92m   Compiling[0m serde_ignored v0.1.14
2026-10-08T08:01:02.6791223Z [1m[92m   Compiling[0m cargo-platform v0.3.3
2026-10-08T08:01:02.7840537Z [1m[92m   Compiling[0m http-auth v0.1.10
2026-10-08T08:01:03.2750690Z [1m[92m   Compiling[0m rustc-hash v2.1.2
2026-10-08T08:01:03.3310540Z [1m[92m   Compiling[0m glob v0.3.3
2026-10-08T08:01:03.3920694Z [1m[92m   Compiling[0m rustc-stable-hash v0.1.2
2026-10-08T08:01:03.5741150Z [1m[92m   Compiling[0m unicase v2.9.0
2026-10-08T08:01:04.4436898Z [1m[92m   Compiling[0m futures-timer v3.0.4
2026-10-08T08:01:04.5071380Z [1m[92m   Compiling[0m home v0.5.12
2026-10-08T08:01:04.6780678Z [1m[92m   Compiling[0m pathdiff v0.2.3
2026-10-08T08:01:04.7730927Z [1m[92m   Compiling[0m implib v0.6.0
2026-10-08T08:01:35.0024227Z [1m[92m   Compiling[0m git2 v0.20.4
2026-10-08T08:01:36.5077536Z [1m[92m   Compiling[0m git2-curl v0.21.0
2026-10-08T08:01:38.0360530Z [1m[92m   Compiling[0m rusqlite v0.39.0
2026-10-08T08:01:53.3330935Z [1m[92m   Compiling[0m cargo-c v0.10.23+cargo-0.97.1
2026-10-08T08:02:51.3316907Z [1m[92m    Finished[0m `release` profile [optimized] target(s) in 3m 36s
2026-10-08T08:02:51.3586656Z [1m[92m  Installing[0m /home/runner/.cargo/bin/cargo-capi
2026-10-08T08:02:51.3587196Z [1m[92m  Installing[0m /home/runner/.cargo/bin/cargo-cbuild
2026-10-08T08:02:51.3587632Z [1m[92m  Installing[0m /home/runner/.cargo/bin/cargo-cinstall
2026-10-08T08:02:51.3588059Z [1m[92m  Installing[0m /home/runner/.cargo/bin/cargo-ctest
2026-10-08T08:02:51.3594718Z [1m[92m   Installed[0m package `cargo-c v0.10.23+cargo-0.97.1` (executables `cargo-capi`, `cargo-cbuild`, `cargo-cinstall`, `cargo-ctest`)
2026-10-08T08:02:52.0026796Z ##[group]Run campaign="/opt/purrdf-native-profile/$GITHUB_RUN_ID-$GITHUB_RUN_ATTEMPT"
2026-10-08T08:02:52.0027173Z [36;1mcampaign="/opt/purrdf-native-profile/$GITHUB_RUN_ID-$GITHUB_RUN_ATTEMPT"[0m
2026-10-08T08:02:52.0027539Z [36;1mCARGO_TARGET_DIR="$campaign/controller-target" CARGO_BUILD_BUILD_DIR="$campaign/controller-build" \[0m
2026-10-08T08:02:52.0027940Z [36;1m  cargo build --locked -p purrdf-capi --example native_ci_profile --profile test --jobs 8[0m
2026-10-08T08:02:52.0028349Z [36;1mecho "PURRDF_HOSTED_CONTROLLER=$campaign/controller-target/debug/examples/native_ci_profile" >> "$GITHUB_ENV"[0m
2026-10-08T08:02:52.0028712Z [36;1mecho "PURRDF_HOSTED_REAL_CARGO=$(command -v cargo)" >> "$GITHUB_ENV"[0m
2026-10-08T08:02:52.0083735Z shell: /usr/bin/bash -e {0}
2026-10-08T08:02:52.0083894Z env:
2026-10-08T08:02:52.0084014Z   CARGO_BUILD_JOBS: 8
2026-10-08T08:02:52.0084255Z   PURRDF_REQUIRE_SIMD_PATHS: distance:portable,distance:sse2,blake3:sse2,deflate:sse2,csv:sse2
2026-10-08T08:02:52.0084592Z   CARGO_HOME: /home/runner/.cargo
2026-10-08T08:02:52.0084741Z   CARGO_INCREMENTAL: 0
2026-10-08T08:02:52.0084874Z   CARGO_TERM_COLOR: always
2026-10-08T08:02:52.0085007Z ##[endgroup]
2026-10-08T08:02:52.0630825Z [1m[92m    Updating[0m crates.io index
2026-10-08T08:02:52.3776302Z [1m[92m Downloading[0m crates ...
2026-10-08T08:02:52.4454186Z [1m[92m  Downloaded[0m block-buffer v0.12.1
2026-10-08T08:02:52.4684735Z [1m[92m  Downloaded[0m cpubits v0.1.1
2026-10-08T08:02:52.4693352Z [1m[92m  Downloaded[0m ghash v0.6.0
2026-10-08T08:02:52.4718297Z [1m[92m  Downloaded[0m universal-hash v0.6.1
2026-10-08T08:02:52.4817263Z [1m[92m  Downloaded[0m inout v0.2.2
2026-10-08T08:02:52.4826614Z [1m[92m  Downloaded[0m aead v0.6.1
2026-10-08T08:02:52.4939381Z [1m[92m  Downloaded[0m cipher v0.5.2
2026-10-08T08:02:52.4969354Z [1m[92m  Downloaded[0m ctr v0.10.1
2026-10-08T08:02:52.5080250Z [1m[92m  Downloaded[0m visual-hashing v1.0.0
2026-10-08T08:02:52.5096295Z [1m[92m  Downloaded[0m hybrid-array v0.4.15
2026-10-08T08:02:52.5111284Z [1m[92m  Downloaded[0m polyval v0.7.3
2026-10-08T08:02:52.5125801Z [1m[92m  Downloaded[0m getrandom v0.3.4
2026-10-08T08:02:52.5150269Z [1m[92m  Downloaded[0m twox-hash v2.1.2
2026-10-08T08:02:52.5198077Z [1m[92m  Downloaded[0m aes-gcm v0.11.1
2026-10-08T08:02:52.5219633Z [1m[92m  Downloaded[0m rayon-core v1.13.0
2026-10-08T08:02:52.5245935Z [1m[92m  Downloaded[0m aes v0.9.3
2026-10-08T08:02:52.5272587Z [1m[92m  Downloaded[0m memchr v2.8.2
2026-10-08T08:02:52.5316258Z [1m[92m  Downloaded[0m regex v1.12.4
2026-10-08T08:02:52.5353992Z [1m[92m  Downloaded[0m rayon v1.12.0
2026-10-08T08:02:52.5422044Z [1m[92m  Downloaded[0m regex-syntax v0.8.11
2026-10-08T08:02:52.5492442Z [1m[92m  Downloaded[0m structured-zstd v0.0.49
2026-10-08T08:02:52.6083512Z [1m[92m   Compiling[0m typenum v1.20.1
2026-10-08T08:02:52.6084094Z [1m[92m   Compiling[0m purrdf-hash v3.0.1 (/home/runner/work/purrdf/purrdf/crates/hash)
2026-10-08T08:02:52.6084873Z [1m[92m   Compiling[0m cpufeatures v0.3.0
2026-10-08T08:02:52.6085204Z [1m[92m   Compiling[0m const-oid v0.10.2
2026-10-08T08:02:52.6096315Z [1m[92m   Compiling[0m cfg-if v1.0.4
2026-10-08T08:02:52.6096983Z [1m[92m   Compiling[0m purrdf-events v3.0.1 (/home/runner/work/purrdf/purrdf/crates/rdf-events)
2026-10-08T08:02:52.6097751Z [1m[92m   Compiling[0m regex-syntax v0.8.11
2026-10-08T08:02:52.6098655Z [1m[92m   Compiling[0m purrdf-core v3.0.1 (/home/runner/work/purrdf/purrdf/crates/rdf-core)
2026-10-08T08:02:52.6659500Z [1m[92m   Compiling[0m crossbeam-utils v0.8.21
2026-10-08T08:02:52.6707991Z [1m[92m   Compiling[0m hashbrown v0.17.1
2026-10-08T08:02:52.8510990Z [1m[92m   Compiling[0m rayon-core v1.13.0
2026-10-08T08:02:52.8625700Z [1m[92m   Compiling[0m either v1.16.0
2026-10-08T08:02:53.0420597Z [1m[92m   Compiling[0m libc v0.2.186
2026-10-08T08:02:53.1260540Z [1m[92m   Compiling[0m getrandom v0.3.4
2026-10-08T08:02:53.8040914Z [1m[92m   Compiling[0m cmov v0.5.4
2026-10-08T08:02:53.9410624Z [1m[92m   Compiling[0m cpubits v0.1.1
2026-10-08T08:02:53.9970739Z [1m[92m   Compiling[0m fastrand v2.4.1
2026-10-08T08:02:54.0771254Z [1m[92m   Compiling[0m crossbeam-epoch v0.9.18
2026-10-08T08:02:54.2347024Z [1m[92m   Compiling[0m ctutils v0.4.2
2026-10-08T08:02:54.3725447Z [1m[92m   Compiling[0m twox-hash v2.1.2
2026-10-08T08:02:54.4258019Z [1m[92m   Compiling[0m hybrid-array v0.4.15
2026-10-08T08:02:54.4391095Z [1m[92m   Compiling[0m crossbeam-deque v0.8.6
2026-10-08T08:02:54.4790631Z [1m[92m   Compiling[0m structured-zstd v0.0.49
2026-10-08T08:02:54.5551019Z [1m[92m   Compiling[0m visual-hashing v1.0.0
2026-10-08T08:02:55.1051101Z [1m[92m   Compiling[0m regex-automata v0.4.14
2026-10-08T08:02:55.3580703Z [1m[92m   Compiling[0m crypto-common v0.2.2
2026-10-08T08:02:55.5891004Z [1m[92m   Compiling[0m block-buffer v0.12.1
2026-10-08T08:02:55.7531280Z [1m[92m   Compiling[0m rayon v1.12.0
2026-10-08T08:02:56.3780790Z [1m[92m   Compiling[0m inout v0.2.2
2026-10-08T08:02:56.8730825Z [1m[92m   Compiling[0m digest v0.11.3
2026-10-08T08:02:57.1370753Z [1m[92m   Compiling[0m sha2 v0.11.0
2026-10-08T08:02:57.7270817Z [1m[92m   Compiling[0m purrdf-lex v3.0.1 (/home/runner/work/purrdf/purrdf/crates/lex)
2026-10-08T08:02:58.3070825Z [1m[92m   Compiling[0m purrdf-deflate v3.0.1 (/home/runner/work/purrdf/purrdf/crates/deflate)
2026-10-08T08:03:00.2260557Z [1m[92m   Compiling[0m regex v1.12.4
2026-10-08T08:03:00.5901402Z [1m[92m   Compiling[0m purrdf-stack v3.0.1 (/home/runner/work/purrdf/purrdf/crates/stack)
2026-10-08T08:03:00.8780848Z [1m[92m   Compiling[0m universal-hash v0.6.1
2026-10-08T08:03:00.9990780Z [1m[92m   Compiling[0m cipher v0.5.2
2026-10-08T08:03:01.4030509Z [1m[92m   Compiling[0m polyval v0.7.3
2026-10-08T08:03:01.7130869Z [1m[92m   Compiling[0m ghash v0.6.0
2026-10-08T08:03:01.8176454Z [1m[92m   Compiling[0m aes v0.9.3
2026-10-08T08:03:01.8310733Z [1m[92m   Compiling[0m ctr v0.10.1
2026-10-08T08:03:01.9790738Z [1m[92m   Compiling[0m aead v0.6.1
2026-10-08T08:03:02.1530906Z [1m[92m   Compiling[0m purrdf-ed25519 v3.0.1 (/home/runner/work/purrdf/purrdf/crates/ed25519)
2026-10-08T08:03:02.3948601Z [1m[92m   Compiling[0m aes-gcm v0.11.1
2026-10-08T08:03:02.5361024Z [1m[92m   Compiling[0m purrdf-xsd v3.0.1 (/home/runner/work/purrdf/purrdf/crates/xsd)
2026-10-08T08:03:02.6280843Z [1m[92m   Compiling[0m purrdf-iri v3.0.1 (/home/runner/work/purrdf/purrdf/crates/iri)
2026-10-08T08:03:03.4330902Z [1m[92m   Compiling[0m purrdf-testkit v3.0.1 (/home/runner/work/purrdf/purrdf/crates/testkit)
2026-10-08T08:03:05.3710934Z [1m[92m   Compiling[0m purrdf-cdt v3.0.1 (/home/runner/work/purrdf/purrdf/crates/cdt)
2026-10-08T08:03:10.3820858Z [1m[92m   Compiling[0m purrdf-sparql-algebra v3.0.1 (/home/runner/work/purrdf/purrdf/crates/sparql-algebra)
2026-10-08T08:03:11.4100780Z [1m[92m   Compiling[0m purrdf-gts v3.0.1 (/home/runner/work/purrdf/purrdf/crates/gts)
2026-10-08T08:03:31.2291026Z [1m[92m   Compiling[0m purrdf-sparql-results v3.0.1 (/home/runner/work/purrdf/purrdf/crates/sparql-results)
2026-10-08T08:03:32.3271118Z [1m[92m   Compiling[0m purrdf-sparql-eval v3.0.1 (/home/runner/work/purrdf/purrdf/crates/sparql-eval)
2026-10-08T08:03:34.5107183Z [1m[92m   Compiling[0m purrdf-datalog v3.0.1 (/home/runner/work/purrdf/purrdf/crates/datalog)
2026-10-08T08:03:34.6121014Z [1m[92m   Compiling[0m purrdf-columnar v3.0.1 (/home/runner/work/purrdf/purrdf/crates/columnar)
2026-10-08T08:03:41.0674654Z [1m[92m   Compiling[0m purrdf-entail v3.0.1 (/home/runner/work/purrdf/purrdf/crates/entail)
2026-10-08T08:03:45.2343900Z [1m[92m   Compiling[0m purrdf-markdown v3.0.1 (/home/runner/work/purrdf/purrdf/crates/markdown)
2026-10-08T08:03:52.5391114Z [1m[92m   Compiling[0m purrdf-rdf v3.0.1 (/home/runner/work/purrdf/purrdf/crates/rdf)
2026-10-08T08:03:56.9960897Z [1m[92m   Compiling[0m purrdf-text v3.0.1 (/home/runner/work/purrdf/purrdf/crates/text)
2026-10-08T08:03:59.8591204Z [1m[92m   Compiling[0m purrdf-geo v3.0.1 (/home/runner/work/purrdf/purrdf/crates/geo)
2026-10-08T08:04:18.1981155Z [1m[92m   Compiling[0m purrdf-retrieval v3.0.1 (/home/runner/work/purrdf/purrdf/crates/retrieval)
2026-10-08T08:04:18.7251440Z [1m[92m   Compiling[0m purrdf-slice v3.0.1 (/home/runner/work/purrdf/purrdf/crates/slice)
2026-10-08T08:04:19.2871136Z [1m[92m   Compiling[0m purrdf-hnsw v3.0.1 (/home/runner/work/purrdf/purrdf/crates/hnsw)
2026-10-08T08:04:31.5620865Z [1m[92m   Compiling[0m purrdf-shapes v3.0.1 (/home/runner/work/purrdf/purrdf/crates/shapes)
2026-10-08T08:04:32.0790889Z [1m[92m   Compiling[0m purrdf-shex v3.0.1 (/home/runner/work/purrdf/purrdf/crates/shex)
2026-10-08T08:04:46.0932172Z [1m[92m   Compiling[0m purrdf-json v3.0.1 (/home/runner/work/purrdf/purrdf/crates/json)
2026-10-08T08:05:11.5809712Z [1m[92m   Compiling[0m purrdf-validate v3.0.1 (/home/runner/work/purrdf/purrdf/crates/validate)
2026-10-08T08:05:26.4000767Z [1m[92m   Compiling[0m purrdf v3.0.1 (/home/runner/work/purrdf/purrdf/crates/purrdf)
2026-10-08T08:06:24.5969959Z [1m[92m   Compiling[0m purrdf-capi v3.0.1 (/home/runner/work/purrdf/purrdf/crates/rdf-capi)
2026-10-08T08:06:33.2257766Z [1m[92m    Finished[0m `test` profile [optimized] target(s) in 3m 41s
2026-10-08T08:06:33.2405982Z ##[group]Run set -o pipefail
2026-10-08T08:06:33.2406165Z [36;1mset -o pipefail[0m
2026-10-08T08:06:33.2406355Z [36;1m"$PURRDF_HOSTED_CONTROLLER" hosted-run "$PROFILE_CASE" 2>&1 | \[0m
2026-10-08T08:06:33.2406722Z [36;1m  tee "/opt/purrdf-native-profile/$GITHUB_RUN_ID-$GITHUB_RUN_ATTEMPT/$PROFILE_CASE/hosted-run.txt"[0m
2026-10-08T08:06:33.2457977Z shell: /usr/bin/bash -e {0}
2026-10-08T08:06:33.2458126Z env:
2026-10-08T08:06:33.2458238Z   CARGO_BUILD_JOBS: 8
2026-10-08T08:06:33.2458469Z   PURRDF_REQUIRE_SIMD_PATHS: distance:portable,distance:sse2,blake3:sse2,deflate:sse2,csv:sse2
2026-10-08T08:06:33.2458726Z   CARGO_HOME: /home/runner/.cargo
2026-10-08T08:06:33.2458883Z   CARGO_INCREMENTAL: 0
2026-10-08T08:06:33.2459011Z   CARGO_TERM_COLOR: always
2026-10-08T08:06:33.2459446Z   PURRDF_HOSTED_CONTROLLER: /opt/purrdf-native-profile/37746157677-1/controller-target/debug/examples/native_ci_profile
2026-10-08T08:06:33.2459811Z   PURRDF_HOSTED_REAL_CARGO: /home/runner/.cargo/bin/cargo
2026-10-08T08:06:33.2460001Z   PROFILE_CASE: before-monolithic
2026-10-08T08:06:33.2460145Z ##[endgroup]
2026-10-08T08:39:26.8587943Z Error: Custom { kind: Other, error: "JSON byte 0: expected a JSON value" }
2026-10-08T08:39:26.8730274Z ##[error]Process completed with exit code 1.
2026-10-08T08:39:26.8837728Z ##[group]Run actions/upload-artifact@043fb46d1a93c77aae656e7c1c64a875d1fc6a0a
2026-10-08T08:39:26.8837965Z with:
2026-10-08T08:39:26.8838127Z   name: native-profile-37746157677-1-arm-before-monolithic
2026-10-08T08:39:26.8838929Z   path: /opt/purrdf-native-profile/37746157677-1/before-monolithic/*.json
/opt/purrdf-native-profile/37746157677-1/before-monolithic/*.txt
/opt/purrdf-native-profile/37746157677-1/before-monolithic/*.diff
/opt/purrdf-native-profile/37746157677-1/before-monolithic/*-cargo/*.json
/opt/purrdf-native-profile/37746157677-1/before-monolithic/*-cargo/*.html

2026-10-08T08:39:26.8840038Z   if-no-files-found: error
2026-10-08T08:39:26.8840176Z   retention-days: 30
2026-10-08T08:39:26.8840305Z   compression-level: 6
2026-10-08T08:39:26.8840432Z   overwrite: false
2026-10-08T08:39:26.8840559Z   include-hidden-files: false
2026-10-08T08:39:26.8840700Z   archive: true
2026-10-08T08:39:26.8840824Z env:
2026-10-08T08:39:26.8840935Z   CARGO_BUILD_JOBS: 8
2026-10-08T08:39:26.8841190Z   PURRDF_REQUIRE_SIMD_PATHS: distance:portable,distance:sse2,blake3:sse2,deflate:sse2,csv:sse2
2026-10-08T08:39:26.8841456Z   CARGO_HOME: /home/runner/.cargo
2026-10-08T08:39:26.8841604Z   CARGO_INCREMENTAL: 0
2026-10-08T08:39:26.8841737Z   CARGO_TERM_COLOR: always
2026-10-08T08:39:26.8842032Z   PURRDF_HOSTED_CONTROLLER: /opt/purrdf-native-profile/37746157677-1/controller-target/debug/examples/native_ci_profile
2026-10-08T08:39:26.8842384Z   PURRDF_HOSTED_REAL_CARGO: /home/runner/.cargo/bin/cargo
2026-10-08T08:39:26.8842568Z ##[endgroup]
2026-10-08T08:39:27.1449481Z With the provided path, there will be 21 files uploaded
2026-10-08T08:39:27.1452485Z Artifact name is valid!
2026-10-08T08:39:27.1452779Z Root directory input is valid!
2026-10-08T08:39:27.4461570Z Uploading artifact: native-profile-37746157677-1-arm-before-monolithic.zip
2026-10-08T08:39:27.4487866Z Beginning upload of artifact content to blob storage
2026-10-08T08:39:27.9939690Z Uploaded bytes 2517173
2026-10-08T08:39:28.0338955Z Finished uploading artifact content to blob storage!
2026-10-08T08:39:28.0339758Z SHA256 digest of uploaded artifact is 67e1cf971539cdfc8601d35b0b7d8788591b334a420559854c28d9194c37f891
2026-10-08T08:39:28.0340121Z Finalizing artifact upload
2026-10-08T08:39:28.3689362Z Artifact native-profile-37746157677-1-arm-before-monolithic successfully finalized. Artifact ID 11537698497
2026-10-08T08:39:28.3690087Z Artifact native-profile-37746157677-1-arm-before-monolithic has been successfully uploaded! Final size is 2517173 bytes. Artifact ID is 11537698497
2026-10-08T08:39:28.3692524Z Artifact download URL: https://github.com/Blackcat-Informatics/purrdf/actions/runs/37746157677/artifacts/11537698497
2026-10-08T08:39:28.3873982Z Post job cleanup.
2026-10-08T08:39:28.4463725Z [command]/usr/bin/git version
2026-10-08T08:39:28.4501860Z git version 2.55.0
2026-10-08T08:39:28.4522815Z Temporarily overriding HOME='/home/runner/work/_temp/15eb30ed-978d-499d-ad58-c0fc76401c36' before making global git config changes
2026-10-08T08:39:28.4523373Z Adding repository directory to the temporary git global config as a safe directory
2026-10-08T08:39:28.4526109Z [command]/usr/bin/git config --global --add safe.directory /home/runner/work/purrdf/purrdf
2026-10-08T08:39:28.4551478Z Removing SSH command configuration
2026-10-08T08:39:28.4555651Z [command]/usr/bin/git config --local --name-only --get-regexp core\.sshCommand
2026-10-08T08:39:28.4581475Z [command]/usr/bin/git submodule foreach --recursive sh -c "git config --local --name-only --get-regexp 'core\.sshCommand' && git config --local --unset-all 'core.sshCommand' || :"
2026-10-08T08:39:28.4774749Z Removing HTTP extra header
2026-10-08T08:39:28.4778287Z [command]/usr/bin/git config --local --name-only --get-regexp http\.https\:\/\/github\.com\/\.extraheader
2026-10-08T08:39:28.4805122Z [command]/usr/bin/git submodule foreach --recursive sh -c "git config --local --name-only --get-regexp 'http\.https\:\/\/github\.com\/\.extraheader' && git config --local --unset-all 'http.https://github.com/.extraheader' || :"
2026-10-08T08:39:28.4987377Z Removing includeIf entries pointing to credentials config files
2026-10-08T08:39:28.4992651Z [command]/usr/bin/git config --local --name-only --get-regexp ^includeIf\.gitdir:
2026-10-08T08:39:28.5019898Z [command]/usr/bin/git submodule foreach --recursive git config --local --show-origin --name-only --get-regexp remote.origin.url
2026-10-08T08:39:28.5336917Z Cleaning up orphan processes
2026-10-08T08:39:28.5714755Z ##[warning]Node.js 20 is deprecated. The following actions target Node.js 20 but are being forced to run on Node.js 24: actions/download-artifact@95815c38cf2ff2164869cbab79da8d1f422bc89e. For more information see: https://github.blog/changelog/2025-09-19-deprecation-of-node-20-on-github-actions-runners/
