2026-10-09T01:24:31.9603308Z Current runner version: '2.337.0'
2026-10-09T01:24:31.9628667Z ##[group]Runner Image Provisioner
2026-10-09T01:24:31.9629551Z Hosted Compute Agent
2026-10-09T01:24:31.9630531Z Version: 20261002.596
2026-10-09T01:24:31.9631188Z Commit: c3d12f3313a95f25162a1503be624f3b0617f8c0
2026-10-09T01:24:31.9631970Z Build Date: 2026-10-02T22:28:27Z
2026-10-09T01:24:31.9632684Z Worker ID: {3b1b3849-efe8-49d1-9057-0ea4b57c86c2}
2026-10-09T01:24:31.9633396Z Region: westus
2026-10-09T01:24:31.9633978Z Cloud: Azure
2026-10-09T01:24:31.9634540Z ##[endgroup]
2026-10-09T01:24:31.9635990Z ##[group]Operating System
2026-10-09T01:24:31.9636741Z Ubuntu
2026-10-09T01:24:31.9637280Z 24.04.5
2026-10-09T01:24:31.9637961Z LTS
2026-10-09T01:24:31.9638477Z ##[endgroup]
2026-10-09T01:24:31.9639020Z ##[group]Runner Image
2026-10-09T01:24:31.9639929Z Image: ubuntu-24.04
2026-10-09T01:24:31.9640535Z Version: 20261004.327.1
2026-10-09T01:24:31.9641908Z Included Software: https://github.com/actions/runner-images/blob/ubuntu24/20261004.327/images/ubuntu/Ubuntu2404-Readme.md
2026-10-09T01:24:31.9643522Z Image Release: https://github.com/actions/runner-images/releases/tag/ubuntu24%2F20261004.327
2026-10-09T01:24:31.9644618Z ##[endgroup]
2026-10-09T01:24:31.9645738Z ##[group]GITHUB_TOKEN Permissions
2026-10-09T01:24:31.9647680Z Contents: read
2026-10-09T01:24:31.9648294Z Metadata: read
2026-10-09T01:24:31.9648927Z ##[endgroup]
2026-10-09T01:24:31.9651277Z Secret source: Actions
2026-10-09T01:24:31.9652368Z Cache mode: write
2026-10-09T01:24:31.9653104Z Prepare workflow directory
2026-10-09T01:24:32.0014087Z Prepare all required actions
2026-10-09T01:24:32.0087000Z Getting action download info
2026-10-09T01:24:32.3728352Z Download action repository 'actions/checkout@9c091bb21b7c1c1d1991bb908d89e4e9dddfe3e0' (SHA:9c091bb21b7c1c1d1991bb908d89e4e9dddfe3e0)
2026-10-09T01:24:32.5069539Z Download action repository 'dtolnay/rust-toolchain@29eef336d9b2848a0b548edc03f92a220660cdb8' (SHA:29eef336d9b2848a0b548edc03f92a220660cdb8)
2026-10-09T01:24:32.7043180Z Download action repository 'Swatinem/rust-cache@c19371144df3bb44fab255c43d04cbc2ab54d1c4' (SHA:c19371144df3bb44fab255c43d04cbc2ab54d1c4)
2026-10-09T01:24:33.2292187Z Download action repository 'actions/setup-node@48b55a011bda9f5d6aeb4c2d9c7362e8dae4041e' (SHA:48b55a011bda9f5d6aeb4c2d9c7362e8dae4041e)
2026-10-09T01:24:33.4891025Z Complete job name: test (integration-3)
2026-10-09T01:24:33.5670764Z ##[group]Run echo "before:"
2026-10-09T01:24:33.5671441Z [36;1mecho "before:"[0m
2026-10-09T01:24:33.5671932Z [36;1mdf -h /[0m
2026-10-09T01:24:33.5672654Z [36;1msudo rm -rf /usr/share/dotnet /opt/ghc /usr/local/lib/android /usr/share/swift[0m
2026-10-09T01:24:33.5673467Z [36;1mecho "after:"[0m
2026-10-09T01:24:33.5673928Z [36;1mdf -h /[0m
2026-10-09T01:24:33.5954223Z shell: /usr/bin/bash -e {0}
2026-10-09T01:24:33.5955306Z ##[endgroup]
2026-10-09T01:24:33.6121343Z before:
2026-10-09T01:24:33.6213664Z Filesystem      Size  Used Avail Use% Mounted on
2026-10-09T01:24:33.6214521Z /dev/root       145G   59G   86G  41% /
2026-10-09T01:26:05.4461053Z after:
2026-10-09T01:26:05.4461649Z Filesystem      Size  Used Avail Use% Mounted on
2026-10-09T01:26:05.4462240Z /dev/root       145G   39G  107G  27% /
2026-10-09T01:26:05.4793558Z ##[group]Run actions/checkout@9c091bb21b7c1c1d1991bb908d89e4e9dddfe3e0
2026-10-09T01:26:05.4793996Z with:
2026-10-09T01:26:05.4794214Z   persist-credentials: false
2026-10-09T01:26:05.4794502Z   repository: Blackcat-Informatics/purrdf
2026-10-09T01:26:05.4797031Z   token: ***
2026-10-09T01:26:05.4797244Z   ssh-strict: true
2026-10-09T01:26:05.4797457Z   ssh-user: git
2026-10-09T01:26:05.4797654Z   clean: true
2026-10-09T01:26:05.4797872Z   sparse-checkout-cone-mode: true
2026-10-09T01:26:05.4798139Z   fetch-depth: 1
2026-10-09T01:26:05.4798347Z   fetch-tags: false
2026-10-09T01:26:05.4798570Z   show-progress: true
2026-10-09T01:26:05.4798795Z   lfs: false
2026-10-09T01:26:05.4799015Z   submodules: false
2026-10-09T01:26:05.4799259Z   set-safe-directory: true
2026-10-09T01:26:05.4799517Z   allow-unsafe-pr-checkout: false
2026-10-09T01:26:05.4800638Z ##[endgroup]
2026-10-09T01:26:05.5763911Z Syncing repository: Blackcat-Informatics/purrdf
2026-10-09T01:26:05.5765424Z ##[group]Getting Git version info
2026-10-09T01:26:05.5765834Z Working directory is '/home/runner/work/purrdf/purrdf'
2026-10-09T01:26:05.5766405Z [command]/usr/bin/git version
2026-10-09T01:26:05.5845012Z git version 2.55.0
2026-10-09T01:26:05.5866696Z ##[endgroup]
2026-10-09T01:26:05.5880011Z Temporarily overriding HOME='/home/runner/work/_temp/de1ca155-7429-476b-9f65-242fd2efaaac' before making global git config changes
2026-10-09T01:26:05.5881631Z Adding repository directory to the temporary git global config as a safe directory
2026-10-09T01:26:05.5886887Z [command]/usr/bin/git config --global --add safe.directory /home/runner/work/purrdf/purrdf
2026-10-09T01:26:05.5941432Z Deleting the contents of '/home/runner/work/purrdf/purrdf'
2026-10-09T01:26:05.5945000Z ##[group]Determining repository object format
2026-10-09T01:26:05.5946843Z ##[endgroup]
2026-10-09T01:26:05.5947627Z ##[group]Initializing the repository
2026-10-09T01:26:05.5952231Z [command]/usr/bin/git init /home/runner/work/purrdf/purrdf
2026-10-09T01:26:05.6081779Z hint: Using 'master' as the name for the initial branch. This default branch name
2026-10-09T01:26:05.6082809Z hint: will change to "main" in Git 3.0. To configure the initial branch name
2026-10-09T01:26:05.6083545Z hint: to use in all of your new repositories, which will suppress this warning,
2026-10-09T01:26:05.6084075Z hint: call:
2026-10-09T01:26:05.6084318Z hint:
2026-10-09T01:26:05.6084780Z hint: 	git config --global init.defaultBranch <name>
2026-10-09T01:26:05.6085501Z hint:
2026-10-09T01:26:05.6086168Z hint: Names commonly chosen instead of 'master' are 'main', 'trunk' and
2026-10-09T01:26:05.6087001Z hint: 'development'. The just-created branch can be renamed via this command:
2026-10-09T01:26:05.6087830Z hint:
2026-10-09T01:26:05.6088315Z hint: 	git branch -m <name>
2026-10-09T01:26:05.6088871Z hint:
2026-10-09T01:26:05.6089964Z hint: Disable this message with "git config set advice.defaultBranchName false"
2026-10-09T01:26:05.6091274Z Initialized empty Git repository in /home/runner/work/purrdf/purrdf/.git/
2026-10-09T01:26:05.6099294Z [command]/usr/bin/git remote add origin https://github.com/Blackcat-Informatics/purrdf
2026-10-09T01:26:05.6146623Z ##[endgroup]
2026-10-09T01:26:05.6147357Z ##[group]Disabling automatic garbage collection
2026-10-09T01:26:05.6151531Z [command]/usr/bin/git config --local gc.auto 0
2026-10-09T01:26:05.6180331Z ##[endgroup]
2026-10-09T01:26:05.6181019Z ##[group]Setting up auth
2026-10-09T01:26:05.6181506Z Removing SSH command configuration
2026-10-09T01:26:05.6186627Z [command]/usr/bin/git config --local --name-only --get-regexp core\.sshCommand
2026-10-09T01:26:05.6216765Z [command]/usr/bin/git submodule foreach --recursive sh -c "git config --local --name-only --get-regexp 'core\.sshCommand' && git config --local --unset-all 'core.sshCommand' || :"
2026-10-09T01:26:05.6586600Z Removing HTTP extra header
2026-10-09T01:26:05.6592619Z [command]/usr/bin/git config --local --name-only --get-regexp http\.https\:\/\/github\.com\/\.extraheader
2026-10-09T01:26:05.6626543Z [command]/usr/bin/git submodule foreach --recursive sh -c "git config --local --name-only --get-regexp 'http\.https\:\/\/github\.com\/\.extraheader' && git config --local --unset-all 'http.https://github.com/.extraheader' || :"
2026-10-09T01:26:05.6841169Z Removing includeIf entries pointing to credentials config files
2026-10-09T01:26:05.6847856Z [command]/usr/bin/git config --local --name-only --get-regexp ^includeIf\.gitdir:
2026-10-09T01:26:05.6880079Z [command]/usr/bin/git submodule foreach --recursive git config --local --show-origin --name-only --get-regexp remote.origin.url
2026-10-09T01:26:05.7101243Z [command]/usr/bin/git config --file /home/runner/work/_temp/git-credentials-6128d557-c8ea-4ae1-8b76-ad1f3654ad46.config http.https://github.com/.extraheader AUTHORIZATION: basic ***
2026-10-09T01:26:05.7139191Z [command]/usr/bin/git config --local includeIf.gitdir:/home/runner/work/purrdf/purrdf/.git.path /home/runner/work/_temp/git-credentials-6128d557-c8ea-4ae1-8b76-ad1f3654ad46.config
2026-10-09T01:26:05.7173110Z [command]/usr/bin/git config --local includeIf.gitdir:/home/runner/work/purrdf/purrdf/.git/worktrees/*.path /home/runner/work/_temp/git-credentials-6128d557-c8ea-4ae1-8b76-ad1f3654ad46.config
2026-10-09T01:26:05.7212739Z [command]/usr/bin/git config --local includeIf.gitdir:/github/workspace/.git.path /github/runner_temp/git-credentials-6128d557-c8ea-4ae1-8b76-ad1f3654ad46.config
2026-10-09T01:26:05.7246483Z [command]/usr/bin/git config --local includeIf.gitdir:/github/workspace/.git/worktrees/*.path /github/runner_temp/git-credentials-6128d557-c8ea-4ae1-8b76-ad1f3654ad46.config
2026-10-09T01:26:05.7274469Z ##[endgroup]
2026-10-09T01:26:05.7275201Z ##[group]Fetching the repository
2026-10-09T01:26:05.7283290Z [command]/usr/bin/git -c protocol.version=2 fetch --no-tags --prune --no-recurse-submodules --depth=1 origin +dddc3bd465c8c5eebdeba74dff873eba6806a443:refs/remotes/pull/506/merge
2026-10-09T01:26:07.7193785Z From https://github.com/Blackcat-Informatics/purrdf
2026-10-09T01:26:07.7194701Z  * [new ref]           dddc3bd465c8c5eebdeba74dff873eba6806a443 -> pull/506/merge
2026-10-09T01:26:07.7198260Z ##[endgroup]
2026-10-09T01:26:07.7198875Z ##[group]Determining the checkout info
2026-10-09T01:26:07.7199626Z ##[endgroup]
2026-10-09T01:26:07.7204293Z [command]/usr/bin/git sparse-checkout disable
2026-10-09T01:26:07.7258108Z [command]/usr/bin/git config --local --unset-all extensions.worktreeConfig
2026-10-09T01:26:07.7285980Z ##[group]Checking out the ref
2026-10-09T01:26:07.7290452Z [command]/usr/bin/git checkout --progress --force refs/remotes/pull/506/merge
2026-10-09T01:26:08.7473557Z Updating files:  62% (11507/18292)
2026-10-09T01:26:08.7608581Z Updating files:  63% (11524/18292)
2026-10-09T01:26:08.7782973Z Updating files:  64% (11707/18292)
2026-10-09T01:26:08.7841624Z Updating files:  65% (11890/18292)
2026-10-09T01:26:08.7915161Z Updating files:  66% (12073/18292)
2026-10-09T01:26:08.7990110Z Updating files:  67% (12256/18292)
2026-10-09T01:26:08.8055644Z Updating files:  68% (12439/18292)
2026-10-09T01:26:08.8116818Z Updating files:  69% (12622/18292)
2026-10-09T01:26:08.8176077Z Updating files:  70% (12805/18292)
2026-10-09T01:26:08.8241538Z Updating files:  71% (12988/18292)
2026-10-09T01:26:08.8300217Z Updating files:  72% (13171/18292)
2026-10-09T01:26:08.8366536Z Updating files:  73% (13354/18292)
2026-10-09T01:26:08.8429363Z Updating files:  74% (13537/18292)
2026-10-09T01:26:08.8491542Z Updating files:  75% (13719/18292)
2026-10-09T01:26:08.8554257Z Updating files:  76% (13902/18292)
2026-10-09T01:26:08.8650982Z Updating files:  77% (14085/18292)
2026-10-09T01:26:08.8733901Z Updating files:  78% (14268/18292)
2026-10-09T01:26:08.8829803Z Updating files:  79% (14451/18292)
2026-10-09T01:26:08.8891050Z Updating files:  80% (14634/18292)
2026-10-09T01:26:08.8955952Z Updating files:  81% (14817/18292)
2026-10-09T01:26:08.9018683Z Updating files:  82% (15000/18292)
2026-10-09T01:26:08.9106248Z Updating files:  83% (15183/18292)
2026-10-09T01:26:08.9171551Z Updating files:  84% (15366/18292)
2026-10-09T01:26:08.9236072Z Updating files:  85% (15549/18292)
2026-10-09T01:26:08.9302981Z Updating files:  86% (15732/18292)
2026-10-09T01:26:08.9368833Z Updating files:  87% (15915/18292)
2026-10-09T01:26:08.9429453Z Updating files:  88% (16097/18292)
2026-10-09T01:26:08.9523383Z Updating files:  89% (16280/18292)
2026-10-09T01:26:08.9590263Z Updating files:  90% (16463/18292)
2026-10-09T01:26:08.9658445Z Updating files:  91% (16646/18292)
2026-10-09T01:26:08.9728881Z Updating files:  92% (16829/18292)
2026-10-09T01:26:08.9798934Z Updating files:  93% (17012/18292)
2026-10-09T01:26:08.9869000Z Updating files:  94% (17195/18292)
2026-10-09T01:26:08.9942420Z Updating files:  95% (17378/18292)
2026-10-09T01:26:09.0016318Z Updating files:  96% (17561/18292)
2026-10-09T01:26:09.0090090Z Updating files:  97% (17744/18292)
2026-10-09T01:26:09.0168025Z Updating files:  98% (17927/18292)
2026-10-09T01:26:09.0240502Z Updating files:  99% (18110/18292)
2026-10-09T01:26:09.0241283Z Updating files: 100% (18292/18292)
2026-10-09T01:26:09.0242074Z Updating files: 100% (18292/18292), done.
2026-10-09T01:26:09.0419206Z Note: switching to 'refs/remotes/pull/506/merge'.
2026-10-09T01:26:09.0419496Z 
2026-10-09T01:26:09.0420128Z You are in 'detached HEAD' state. You can look around, make experimental
2026-10-09T01:26:09.0420729Z changes and commit them, and you can discard any commits you make in this
2026-10-09T01:26:09.0421424Z state without impacting any branches by switching back to a branch.
2026-10-09T01:26:09.0421937Z 
2026-10-09T01:26:09.0422274Z If you want to create a new branch to retain commits you create, you may
2026-10-09T01:26:09.0423057Z do so (now or later) by using -c with the switch command. Example:
2026-10-09T01:26:09.0423509Z 
2026-10-09T01:26:09.0423699Z   git switch -c <new-branch-name>
2026-10-09T01:26:09.0424037Z 
2026-10-09T01:26:09.0424224Z Or undo this operation with:
2026-10-09T01:26:09.0424508Z 
2026-10-09T01:26:09.0424654Z   git switch -
2026-10-09T01:26:09.0425021Z 
2026-10-09T01:26:09.0425387Z Turn off this advice by setting config variable advice.detachedHead to false
2026-10-09T01:26:09.0425891Z 
2026-10-09T01:26:09.0426463Z HEAD is now at dddc3bd4 Merge f80c22d58d081c7eb0ddba488aa7e588c3a1f87b into fb827822265d431c9d7e8a48c8c272d79dc084ac
2026-10-09T01:26:09.0455122Z ##[endgroup]
2026-10-09T01:26:09.0502338Z [command]/usr/bin/git log -1 --format=%H
2026-10-09T01:26:09.0535152Z dddc3bd465c8c5eebdeba74dff873eba6806a443
2026-10-09T01:26:09.0545210Z ##[group]Removing auth
2026-10-09T01:26:09.0545646Z Removing SSH command configuration
2026-10-09T01:26:09.0549207Z [command]/usr/bin/git config --local --name-only --get-regexp core\.sshCommand
2026-10-09T01:26:09.0581138Z [command]/usr/bin/git submodule foreach --recursive sh -c "git config --local --name-only --get-regexp 'core\.sshCommand' && git config --local --unset-all 'core.sshCommand' || :"
2026-10-09T01:26:09.0817653Z Removing HTTP extra header
2026-10-09T01:26:09.0823214Z [command]/usr/bin/git config --local --name-only --get-regexp http\.https\:\/\/github\.com\/\.extraheader
2026-10-09T01:26:09.0855249Z [command]/usr/bin/git submodule foreach --recursive sh -c "git config --local --name-only --get-regexp 'http\.https\:\/\/github\.com\/\.extraheader' && git config --local --unset-all 'http.https://github.com/.extraheader' || :"
2026-10-09T01:26:09.1103837Z Removing includeIf entries pointing to credentials config files
2026-10-09T01:26:09.1107575Z [command]/usr/bin/git config --local --name-only --get-regexp ^includeIf\.gitdir:
2026-10-09T01:26:09.1135077Z includeif.gitdir:/home/runner/work/purrdf/purrdf/.git.path
2026-10-09T01:26:09.1135924Z includeif.gitdir:/home/runner/work/purrdf/purrdf/.git/worktrees/*.path
2026-10-09T01:26:09.1136499Z includeif.gitdir:/github/workspace/.git.path
2026-10-09T01:26:09.1137217Z includeif.gitdir:/github/workspace/.git/worktrees/*.path
2026-10-09T01:26:09.1144984Z [command]/usr/bin/git config --local --get-all includeif.gitdir:/home/runner/work/purrdf/purrdf/.git.path
2026-10-09T01:26:09.1166859Z /home/runner/work/_temp/git-credentials-6128d557-c8ea-4ae1-8b76-ad1f3654ad46.config
2026-10-09T01:26:09.1180974Z [command]/usr/bin/git config --local --unset includeif.gitdir:/home/runner/work/purrdf/purrdf/.git.path /home/runner/work/_temp/git-credentials-6128d557-c8ea-4ae1-8b76-ad1f3654ad46.config
2026-10-09T01:26:09.1223149Z [command]/usr/bin/git config --local --get-all includeif.gitdir:/home/runner/work/purrdf/purrdf/.git/worktrees/*.path
2026-10-09T01:26:09.1245309Z /home/runner/work/_temp/git-credentials-6128d557-c8ea-4ae1-8b76-ad1f3654ad46.config
2026-10-09T01:26:09.1254020Z [command]/usr/bin/git config --local --unset includeif.gitdir:/home/runner/work/purrdf/purrdf/.git/worktrees/*.path /home/runner/work/_temp/git-credentials-6128d557-c8ea-4ae1-8b76-ad1f3654ad46.config
2026-10-09T01:26:09.1289523Z [command]/usr/bin/git config --local --get-all includeif.gitdir:/github/workspace/.git.path
2026-10-09T01:26:09.1313223Z /github/runner_temp/git-credentials-6128d557-c8ea-4ae1-8b76-ad1f3654ad46.config
2026-10-09T01:26:09.1329275Z [command]/usr/bin/git config --local --unset includeif.gitdir:/github/workspace/.git.path /github/runner_temp/git-credentials-6128d557-c8ea-4ae1-8b76-ad1f3654ad46.config
2026-10-09T01:26:09.1355570Z [command]/usr/bin/git config --local --get-all includeif.gitdir:/github/workspace/.git/worktrees/*.path
2026-10-09T01:26:09.1377326Z /github/runner_temp/git-credentials-6128d557-c8ea-4ae1-8b76-ad1f3654ad46.config
2026-10-09T01:26:09.1385143Z [command]/usr/bin/git config --local --unset includeif.gitdir:/github/workspace/.git/worktrees/*.path /github/runner_temp/git-credentials-6128d557-c8ea-4ae1-8b76-ad1f3654ad46.config
2026-10-09T01:26:09.1417821Z [command]/usr/bin/git submodule foreach --recursive git config --local --show-origin --name-only --get-regexp remote.origin.url
2026-10-09T01:26:09.1656547Z Removing credentials config '/home/runner/work/_temp/git-credentials-6128d557-c8ea-4ae1-8b76-ad1f3654ad46.config'
2026-10-09T01:26:09.1667017Z ##[endgroup]
2026-10-09T01:26:09.1931744Z ##[group]Run dtolnay/rust-toolchain@29eef336d9b2848a0b548edc03f92a220660cdb8
2026-10-09T01:26:09.1932173Z with:
2026-10-09T01:26:09.1932376Z   toolchain: nightly
2026-10-09T01:26:09.1932593Z ##[endgroup]
2026-10-09T01:26:09.2024153Z ##[start-action display=Run : parse toolchain version;id=__dtolnay_rust-toolchain.parse]
2026-10-09T01:26:09.2054564Z ##[group]Run : parse toolchain version
2026-10-09T01:26:09.2054904Z [36;1m: parse toolchain version[0m
2026-10-09T01:26:09.2055183Z [36;1mif [[ -z $toolchain ]]; then[0m
2026-10-09T01:26:09.2055717Z [36;1m  # GitHub does not enforce `required: true` inputs itself. https://github.com/actions/runner/issues/1070[0m
2026-10-09T01:26:09.2056293Z [36;1m  echo "'toolchain' is a required input" >&2[0m
2026-10-09T01:26:09.2056597Z [36;1m  exit 1[0m
2026-10-09T01:26:09.2056949Z [36;1melif [[ $toolchain =~ ^stable' '[0-9]+' '(year|month|week|day)s?' 'ago$ ]]; then[0m
2026-10-09T01:26:09.2057441Z [36;1m  if [[ Linux == macOS ]]; then[0m
2026-10-09T01:26:09.2057999Z [36;1m    echo "toolchain=1.$((($(date -v-$(sed 's/stable \([0-9]*\) \(.\).*/\1\2/' <<< $toolchain) +%s)/60/60/24-16569)/7/6))" >> $GITHUB_OUTPUT[0m
2026-10-09T01:26:09.2058523Z [36;1m  else[0m
2026-10-09T01:26:09.2058931Z [36;1m    echo "toolchain=1.$((($(date --date "${toolchain#stable }" +%s)/60/60/24-16569)/7/6))" >> $GITHUB_OUTPUT[0m
2026-10-09T01:26:09.2059399Z [36;1m  fi[0m
2026-10-09T01:26:09.2059869Z [36;1melif [[ $toolchain =~ ^stable' 'minus' '[0-9]+' 'releases?$ ]]; then[0m
2026-10-09T01:26:09.2060422Z [36;1m  echo "toolchain=1.$((($(date +%s)/60/60/24-16569)/7/6-${toolchain//[^0-9]/}))" >> $GITHUB_OUTPUT[0m
2026-10-09T01:26:09.2060899Z [36;1melif [[ $toolchain =~ ^1\.[0-9]+$ ]]; then[0m
2026-10-09T01:26:09.2061439Z [36;1m  echo "toolchain=1.$((i=${toolchain#1.}, c=($(date +%s)/60/60/24-16569)/7/6, i+9*i*(10*i<=c)+90*i*(100*i<=c)))" >> $GITHUB_OUTPUT[0m
2026-10-09T01:26:09.2061952Z [36;1melse[0m
2026-10-09T01:26:09.2062204Z [36;1m  echo "toolchain=$toolchain" >> $GITHUB_OUTPUT[0m
2026-10-09T01:26:09.2062506Z [36;1mfi[0m
2026-10-09T01:26:09.2127928Z shell: /usr/bin/bash --noprofile --norc -e -o pipefail {0}
2026-10-09T01:26:09.2128287Z env:
2026-10-09T01:26:09.2128482Z   toolchain: nightly
2026-10-09T01:26:09.2128707Z ##[endgroup]
2026-10-09T01:26:09.2243078Z ##[end-action id=__dtolnay_rust-toolchain.parse;outcome=success;conclusion=success;duration_ms=21]
2026-10-09T01:26:09.2266525Z ##[start-action display=Run : construct rustup command line;id=__dtolnay_rust-toolchain.flags]
2026-10-09T01:26:09.2314330Z ##[group]Run : construct rustup command line
2026-10-09T01:26:09.2314670Z [36;1m: construct rustup command line[0m
2026-10-09T01:26:09.2315130Z [36;1mecho "targets=$(for t in ${targets//,/ }; do echo -n ' --target' $t; done)" >> $GITHUB_OUTPUT[0m
2026-10-09T01:26:09.2315787Z [36;1mecho "components=$(for c in ${components//,/ }; do echo -n ' --component' $c; done)" >> $GITHUB_OUTPUT[0m
2026-10-09T01:26:09.2316478Z [36;1mecho "downgrade=" >> $GITHUB_OUTPUT[0m
2026-10-09T01:26:09.2379395Z shell: /usr/bin/bash --noprofile --norc -e -o pipefail {0}
2026-10-09T01:26:09.2380005Z env:
2026-10-09T01:26:09.2380197Z   targets: 
2026-10-09T01:26:09.2380389Z   components: 
2026-10-09T01:26:09.2380586Z ##[endgroup]
2026-10-09T01:26:09.2485256Z ##[end-action id=__dtolnay_rust-toolchain.flags;outcome=success;conclusion=success;duration_ms=21]
2026-10-09T01:26:09.2489983Z ##[start-action display=Run : set $CARGO_HOME;id=__dtolnay_rust-toolchain.__run]
2026-10-09T01:26:09.2511984Z ##[group]Run : set $CARGO_HOME
2026-10-09T01:26:09.2512289Z [36;1m: set $CARGO_HOME[0m
2026-10-09T01:26:09.2512686Z [36;1mecho CARGO_HOME=${CARGO_HOME:-"$HOME/.cargo"} >> $GITHUB_ENV[0m
2026-10-09T01:26:09.2578405Z shell: /usr/bin/bash --noprofile --norc -e -o pipefail {0}
2026-10-09T01:26:09.2578856Z ##[endgroup]
2026-10-09T01:26:09.2678349Z ##[end-action id=__dtolnay_rust-toolchain.__run;outcome=success;conclusion=success;duration_ms=18]
2026-10-09T01:26:09.2681823Z ##[start-action display=Run : install rustup if needed;id=__dtolnay_rust-toolchain.__run_2]
2026-10-09T01:26:09.2710538Z ##[group]Run : install rustup if needed
2026-10-09T01:26:09.2710878Z [36;1m: install rustup if needed[0m
2026-10-09T01:26:09.2711211Z [36;1mif ! command -v rustup &>/dev/null; then[0m
2026-10-09T01:26:09.2712064Z [36;1m  curl --proto '=https' --tlsv1.2 --retry 10 --retry-connrefused --location --silent --show-error --fail https://sh.rustup.rs | sh -s -- --default-toolchain none -y[0m
2026-10-09T01:26:09.2712907Z [36;1m  echo "$CARGO_HOME/bin" >> $GITHUB_PATH[0m
2026-10-09T01:26:09.2713222Z [36;1mfi[0m
2026-10-09T01:26:09.2777253Z shell: /usr/bin/bash --noprofile --norc -e -o pipefail {0}
2026-10-09T01:26:09.2777687Z env:
2026-10-09T01:26:09.2777944Z   CARGO_HOME: /home/runner/.cargo
2026-10-09T01:26:09.2778260Z ##[endgroup]
2026-10-09T01:26:09.2870497Z ##[end-action id=__dtolnay_rust-toolchain.__run_2;outcome=success;conclusion=success;duration_ms=18]
2026-10-09T01:26:09.2874865Z ##[start-action display=Run : install rustup if needed on windows;id=__dtolnay_rust-toolchain.__run_3]
2026-10-09T01:26:09.2882042Z ##[end-action id=__dtolnay_rust-toolchain.__run_3;outcome=skipped;conclusion=skipped;duration_ms=0]
2026-10-09T01:26:09.2885416Z ##[start-action display=rustup toolchain install nightly;id=__dtolnay_rust-toolchain.__run_4]
2026-10-09T01:26:09.2906094Z ##[group]Run rustup toolchain install nightly --profile minimal --no-self-update
2026-10-09T01:26:09.2906667Z [36;1mrustup toolchain install nightly --profile minimal --no-self-update[0m
2026-10-09T01:26:09.2969942Z shell: /usr/bin/bash --noprofile --norc -e -o pipefail {0}
2026-10-09T01:26:09.2970326Z env:
2026-10-09T01:26:09.2970546Z   CARGO_HOME: /home/runner/.cargo
2026-10-09T01:26:09.2970834Z   RUSTUP_PERMIT_COPY_RENAME: 1
2026-10-09T01:26:09.2971096Z ##[endgroup]
2026-10-09T01:26:09.4010356Z info: syncing channel updates for nightly-x86_64-unknown-linux-gnu
2026-10-09T01:26:09.8625760Z info: latest update on 2026-10-09 for version 1.101.0-nightly (a30aa9064 2026-10-08)
2026-10-09T01:26:09.8626505Z info: downloading 3 components
2026-10-09T01:26:17.5070437Z 
2026-10-09T01:26:17.5135044Z   nightly-x86_64-unknown-linux-gnu installed - rustc 1.101.0-nightly (a30aa9064 2026-10-08)
2026-10-09T01:26:17.5135672Z 
2026-10-09T01:26:17.5216879Z ##[end-action id=__dtolnay_rust-toolchain.__run_4;outcome=success;conclusion=success;duration_ms=8233]
2026-10-09T01:26:17.5222661Z ##[start-action display=Run rustup default nightly;id=__dtolnay_rust-toolchain.__run_5]
2026-10-09T01:26:17.5242506Z ##[group]Run rustup default nightly
2026-10-09T01:26:17.5242810Z [36;1mrustup default nightly[0m
2026-10-09T01:26:17.5303017Z shell: /usr/bin/bash --noprofile --norc -e -o pipefail {0}
2026-10-09T01:26:17.5303398Z env:
2026-10-09T01:26:17.5303620Z   CARGO_HOME: /home/runner/.cargo
2026-10-09T01:26:17.5303907Z ##[endgroup]
2026-10-09T01:26:17.5423142Z info: using existing install for nightly-x86_64-unknown-linux-gnu
2026-10-09T01:26:17.5428168Z info: default toolchain set to nightly-x86_64-unknown-linux-gnu
2026-10-09T01:26:17.5428624Z 
2026-10-09T01:26:17.5492310Z   nightly-x86_64-unknown-linux-gnu unchanged - rustc 1.101.0-nightly (a30aa9064 2026-10-08)
2026-10-09T01:26:17.5492923Z 
2026-10-09T01:26:17.5495359Z info: note that the toolchain 'nightly-x86_64-unknown-linux-gnu' is currently in use (overridden by '/home/runner/work/purrdf/purrdf/rust-toolchain.toml')
2026-10-09T01:26:17.5510153Z ##[end-action id=__dtolnay_rust-toolchain.__run_5;outcome=success;conclusion=success;duration_ms=28]
2026-10-09T01:26:17.5515086Z ##[start-action display=Run : create cachekey;id=__dtolnay_rust-toolchain.rustc-version]
2026-10-09T01:26:17.5536126Z ##[group]Run : create cachekey
2026-10-09T01:26:17.5536457Z [36;1m: create cachekey[0m
2026-10-09T01:26:17.5537070Z [36;1mDATE=$(rustc +nightly --version --verbose | sed -ne 's/^commit-date: \(20[0-9][0-9]\)-\([01][0-9]\)-\([0-3][0-9]\)$/\1\2\3/p')[0m
2026-10-09T01:26:17.5538081Z [36;1mHASH=$(rustc +nightly --version --verbose | sed -ne 's/^commit-hash: //p')[0m
2026-10-09T01:26:17.5538700Z [36;1mecho "cachekey=$(echo $DATE$HASH | head -c12)" >> $GITHUB_OUTPUT[0m
2026-10-09T01:26:17.5598975Z shell: /usr/bin/bash --noprofile --norc -e -o pipefail {0}
2026-10-09T01:26:17.5599406Z env:
2026-10-09T01:26:17.5599903Z   CARGO_HOME: /home/runner/.cargo
2026-10-09T01:26:17.5600244Z ##[endgroup]
2026-10-09T01:26:17.5937178Z ##[end-action id=__dtolnay_rust-toolchain.rustc-version;outcome=success;conclusion=success;duration_ms=42]
2026-10-09T01:26:17.5940314Z ##[start-action display=Run : disable incremental compilation;id=__dtolnay_rust-toolchain.__run_6]
2026-10-09T01:26:17.5960794Z ##[group]Run : disable incremental compilation
2026-10-09T01:26:17.5961158Z [36;1m: disable incremental compilation[0m
2026-10-09T01:26:17.5961502Z [36;1mif [ -z "${CARGO_INCREMENTAL+set}" ]; then[0m
2026-10-09T01:26:17.5961873Z [36;1m  echo CARGO_INCREMENTAL=0 >> $GITHUB_ENV[0m
2026-10-09T01:26:17.5962163Z [36;1mfi[0m
2026-10-09T01:26:17.6022192Z shell: /usr/bin/bash --noprofile --norc -e -o pipefail {0}
2026-10-09T01:26:17.6022574Z env:
2026-10-09T01:26:17.6022789Z   CARGO_HOME: /home/runner/.cargo
2026-10-09T01:26:17.6023067Z ##[endgroup]
2026-10-09T01:26:17.6110853Z ##[end-action id=__dtolnay_rust-toolchain.__run_6;outcome=success;conclusion=success;duration_ms=16]
2026-10-09T01:26:17.6113495Z ##[start-action display=Run : enable colors in Cargo output;id=__dtolnay_rust-toolchain.__run_7]
2026-10-09T01:26:17.6134144Z ##[group]Run : enable colors in Cargo output
2026-10-09T01:26:17.6134695Z [36;1m: enable colors in Cargo output[0m
2026-10-09T01:26:17.6135231Z [36;1mif [ -z "${CARGO_TERM_COLOR+set}" ]; then[0m
2026-10-09T01:26:17.6135830Z [36;1m  echo CARGO_TERM_COLOR=always >> $GITHUB_ENV[0m
2026-10-09T01:26:17.6136349Z [36;1mfi[0m
2026-10-09T01:26:17.6211017Z shell: /usr/bin/bash --noprofile --norc -e -o pipefail {0}
2026-10-09T01:26:17.6211391Z env:
2026-10-09T01:26:17.6211595Z   CARGO_HOME: /home/runner/.cargo
2026-10-09T01:26:17.6211872Z   CARGO_INCREMENTAL: 0
2026-10-09T01:26:17.6212093Z ##[endgroup]
2026-10-09T01:26:17.6296608Z ##[end-action id=__dtolnay_rust-toolchain.__run_7;outcome=success;conclusion=success;duration_ms=18]
2026-10-09T01:26:17.6303227Z ##[start-action display=Run : enable Cargo sparse registry;id=__dtolnay_rust-toolchain.__run_8]
2026-10-09T01:26:17.6345989Z ##[group]Run : enable Cargo sparse registry
2026-10-09T01:26:17.6346357Z [36;1m: enable Cargo sparse registry[0m
2026-10-09T01:26:17.6346763Z [36;1m# implemented in 1.66, stabilized in 1.68, made default in 1.70[0m
2026-10-09T01:26:17.6347570Z [36;1mif [ -z "${CARGO_REGISTRIES_CRATES_IO_PROTOCOL+set}" -o -f "/home/runner/work/_temp"/.implicit_cargo_registries_crates_io_protocol ]; then[0m
2026-10-09T01:26:17.6348377Z [36;1m  if rustc +nightly --version --verbose | grep -q '^release: 1\.6[89]\.'; then[0m
2026-10-09T01:26:17.6349170Z [36;1m    touch "/home/runner/work/_temp"/.implicit_cargo_registries_crates_io_protocol || true[0m
2026-10-09T01:26:17.6350072Z [36;1m    echo CARGO_REGISTRIES_CRATES_IO_PROTOCOL=sparse >> $GITHUB_ENV[0m
2026-10-09T01:26:17.6350632Z [36;1m  elif rustc +nightly --version --verbose | grep -q '^release: 1\.6[67]\.'; then[0m
2026-10-09T01:26:17.6351265Z [36;1m    touch "/home/runner/work/_temp"/.implicit_cargo_registries_crates_io_protocol || true[0m
2026-10-09T01:26:17.6351841Z [36;1m    echo CARGO_REGISTRIES_CRATES_IO_PROTOCOL=git >> $GITHUB_ENV[0m
2026-10-09T01:26:17.6352210Z [36;1m  fi[0m
2026-10-09T01:26:17.6352404Z [36;1mfi[0m
2026-10-09T01:26:17.6410096Z shell: /usr/bin/bash --noprofile --norc -e -o pipefail {0}
2026-10-09T01:26:17.6410457Z env:
2026-10-09T01:26:17.6410663Z   CARGO_HOME: /home/runner/.cargo
2026-10-09T01:26:17.6410937Z   CARGO_INCREMENTAL: 0
2026-10-09T01:26:17.6411171Z   CARGO_TERM_COLOR: always
2026-10-09T01:26:17.6411403Z ##[endgroup]
2026-10-09T01:26:17.6727990Z ##[end-action id=__dtolnay_rust-toolchain.__run_8;outcome=success;conclusion=success;duration_ms=42]
2026-10-09T01:26:17.6733024Z ##[start-action display=Run : work around spurious network errors in curl 8.0;id=__dtolnay_rust-toolchain.__run_9]
2026-10-09T01:26:17.6754037Z ##[group]Run : work around spurious network errors in curl 8.0
2026-10-09T01:26:17.6754492Z [36;1m: work around spurious network errors in curl 8.0[0m
2026-10-09T01:26:17.6755085Z [36;1m# https://rust-lang.zulipchat.com/#narrow/stream/246057-t-cargo/topic/timeout.20investigation[0m
2026-10-09T01:26:17.6755774Z [36;1mif rustc +nightly --version --verbose | grep -q '^release: 1\.7[01]\.'; then[0m
2026-10-09T01:26:17.6756287Z [36;1m  echo CARGO_HTTP_MULTIPLEXING=false >> $GITHUB_ENV[0m
2026-10-09T01:26:17.6756637Z [36;1mfi[0m
2026-10-09T01:26:17.6816638Z shell: /usr/bin/bash --noprofile --norc -e -o pipefail {0}
2026-10-09T01:26:17.6817046Z env:
2026-10-09T01:26:17.6817278Z   CARGO_HOME: /home/runner/.cargo
2026-10-09T01:26:17.6817591Z   CARGO_INCREMENTAL: 0
2026-10-09T01:26:17.6817869Z   CARGO_TERM_COLOR: always
2026-10-09T01:26:17.6818133Z ##[endgroup]
2026-10-09T01:26:17.7017510Z ##[end-action id=__dtolnay_rust-toolchain.__run_9;outcome=success;conclusion=success;duration_ms=28]
2026-10-09T01:26:17.7022205Z ##[start-action display=Run rustc +nightly --version --verbose;id=__dtolnay_rust-toolchain.__run_10]
2026-10-09T01:26:17.7042793Z ##[group]Run rustc +nightly --version --verbose
2026-10-09T01:26:17.7043157Z [36;1mrustc +nightly --version --verbose[0m
2026-10-09T01:26:17.7102730Z shell: /usr/bin/bash --noprofile --norc -e -o pipefail {0}
2026-10-09T01:26:17.7103110Z env:
2026-10-09T01:26:17.7103333Z   CARGO_HOME: /home/runner/.cargo
2026-10-09T01:26:17.7103621Z   CARGO_INCREMENTAL: 0
2026-10-09T01:26:17.7103866Z   CARGO_TERM_COLOR: always
2026-10-09T01:26:17.7104112Z ##[endgroup]
2026-10-09T01:26:17.7298866Z rustc 1.101.0-nightly (a30aa9064 2026-10-08)
2026-10-09T01:26:17.7300030Z binary: rustc
2026-10-09T01:26:17.7300821Z commit-hash: a30aa9064df6a504b6a323c6884a2f4cfbfff666
2026-10-09T01:26:17.7301648Z commit-date: 2026-10-08
2026-10-09T01:26:17.7302281Z host: x86_64-unknown-linux-gnu
2026-10-09T01:26:17.7302968Z release: 1.101.0-nightly
2026-10-09T01:26:17.7303643Z LLVM version: 23.1.3
2026-10-09T01:26:17.7318042Z ##[end-action id=__dtolnay_rust-toolchain.__run_10;outcome=success;conclusion=success;duration_ms=29]
2026-10-09T01:26:17.7421116Z ##[group]Run Swatinem/rust-cache@c19371144df3bb44fab255c43d04cbc2ab54d1c4
2026-10-09T01:26:17.7421533Z with:
2026-10-09T01:26:17.7421738Z   shared-key: workspace-test
2026-10-09T01:26:17.7421976Z   save-if: false
2026-10-09T01:26:17.7422182Z   prefix-key: v0-rust
2026-10-09T01:26:17.7422403Z   add-job-id-key: true
2026-10-09T01:26:17.7422639Z   add-rust-environment-hash-key: true
2026-10-09T01:26:17.7422911Z   cache-targets: true
2026-10-09T01:26:17.7423132Z   cache-all-crates: false
2026-10-09T01:26:17.7423375Z   cache-workspace-crates: false
2026-10-09T01:26:17.7423629Z   cache-provider: github
2026-10-09T01:26:17.7424034Z   cache-bin: true
2026-10-09T01:26:17.7424232Z   lookup-only: false
2026-10-09T01:26:17.7424435Z   cmd-format: {0}
2026-10-09T01:26:17.7424626Z env:
2026-10-09T01:26:17.7424816Z   CARGO_HOME: /home/runner/.cargo
2026-10-09T01:26:17.7425062Z   CARGO_INCREMENTAL: 0
2026-10-09T01:26:17.7425275Z   CARGO_TERM_COLOR: always
2026-10-09T01:26:17.7425493Z ##[endgroup]
2026-10-09T01:26:18.0255433Z (node:2574) [DEP0040] DeprecationWarning: The `punycode` module is deprecated. Please use a userland alternative instead.
2026-10-09T01:26:18.0257026Z (Use `node --trace-deprecation ...` to show where the warning was created)
2026-10-09T01:26:24.1407388Z ##[group]Cache Configuration
2026-10-09T01:26:24.1408052Z Cache Provider:
2026-10-09T01:26:24.1408715Z     github
2026-10-09T01:26:24.1409317Z Workspaces:
2026-10-09T01:26:24.1409957Z     /home/runner/work/purrdf/purrdf
2026-10-09T01:26:24.1410696Z Cache Paths:
2026-10-09T01:26:24.1411090Z     /home/runner/.cargo/bin
2026-10-09T01:26:24.1411559Z     /home/runner/.cargo/.crates.toml
2026-10-09T01:26:24.1412087Z     /home/runner/.cargo/.crates2.json
2026-10-09T01:26:24.1412591Z     /home/runner/.cargo/registry
2026-10-09T01:26:24.1413106Z     /home/runner/.cargo/git
2026-10-09T01:26:24.1413597Z     /home/runner/work/purrdf/purrdf/target
2026-10-09T01:26:24.1414079Z Restore Key:
2026-10-09T01:26:24.1414536Z     v0-rust-workspace-test-Linux-x64-c4405470
2026-10-09T01:26:24.1415093Z Cache Key:
2026-10-09T01:26:24.1415560Z     v0-rust-workspace-test-Linux-x64-c4405470-34a76a15
2026-10-09T01:26:24.1416163Z .. Prefix:
2026-10-09T01:26:24.1416584Z   - v0-rust-workspace-test-Linux-x64
2026-10-09T01:26:24.1417108Z .. Environment considered:
2026-10-09T01:26:24.1417538Z   - Rust Versions:
2026-10-09T01:26:24.1418196Z     - 1.101.0-nightly x86_64-unknown-linux-gnu a30aa9064df6a504b6a323c6884a2f4cfbfff666
2026-10-09T01:26:24.1419192Z     - 1.99.0 x86_64-unknown-linux-gnu b940084d7eb6a299eb4bfeb8e34901bc051e7ac4
2026-10-09T01:26:24.1420490Z     - 1.101.0-nightly x86_64-unknown-linux-gnu a30aa9064df6a504b6a323c6884a2f4cfbfff666
2026-10-09T01:26:24.1421207Z   - CARGO_HOME
2026-10-09T01:26:24.1421543Z   - CARGO_INCREMENTAL
2026-10-09T01:26:24.1421903Z   - CARGO_TERM_COLOR
2026-10-09T01:26:24.1422250Z .. Lockfiles considered:
2026-10-09T01:26:24.1422789Z   - /home/runner/work/purrdf/purrdf/bindings/python/Cargo.toml
2026-10-09T01:26:24.1423632Z   - /home/runner/work/purrdf/purrdf/bindings/python/rust-toolchain.toml
2026-10-09T01:26:24.1424410Z   - /home/runner/work/purrdf/purrdf/Cargo.lock
2026-10-09T01:26:24.1425108Z   - /home/runner/work/purrdf/purrdf/crates/alloc-probe/Cargo.toml
2026-10-09T01:26:24.1425874Z   - /home/runner/work/purrdf/purrdf/crates/bench/Cargo.toml
2026-10-09T01:26:24.1426583Z   - /home/runner/work/purrdf/purrdf/crates/cdt/Cargo.toml
2026-10-09T01:26:24.1427281Z   - /home/runner/work/purrdf/purrdf/crates/cli/Cargo.toml
2026-10-09T01:26:24.1428009Z   - /home/runner/work/purrdf/purrdf/crates/columnar/Cargo.toml
2026-10-09T01:26:24.1428835Z   - /home/runner/work/purrdf/purrdf/crates/conformance-kit/Cargo.toml
2026-10-09T01:26:24.1429922Z   - /home/runner/work/purrdf/purrdf/crates/datalog/Cargo.toml
2026-10-09T01:26:24.1430760Z   - /home/runner/work/purrdf/purrdf/crates/deflate/Cargo.toml
2026-10-09T01:26:24.1431516Z   - /home/runner/work/purrdf/purrdf/crates/ed25519/Cargo.toml
2026-10-09T01:26:24.1432723Z   - /home/runner/work/purrdf/purrdf/crates/entail/Cargo.toml
2026-10-09T01:26:24.1433601Z   - /home/runner/work/purrdf/purrdf/crates/envelope-probe/Cargo.toml
2026-10-09T01:26:24.1434413Z   - /home/runner/work/purrdf/purrdf/crates/geo/Cargo.toml
2026-10-09T01:26:24.1435154Z   - /home/runner/work/purrdf/purrdf/crates/gts/Cargo.toml
2026-10-09T01:26:24.1435957Z   - /home/runner/work/purrdf/purrdf/crates/hash-conformance/Cargo.toml
2026-10-09T01:26:24.1436772Z   - /home/runner/work/purrdf/purrdf/crates/hash/Cargo.toml
2026-10-09T01:26:24.1437562Z   - /home/runner/work/purrdf/purrdf/crates/helper-census/Cargo.toml
2026-10-09T01:26:24.1438361Z   - /home/runner/work/purrdf/purrdf/crates/hnsw/Cargo.toml
2026-10-09T01:26:24.1439548Z   - /home/runner/work/purrdf/purrdf/crates/iri/Cargo.toml
2026-10-09T01:26:24.1440485Z   - /home/runner/work/purrdf/purrdf/crates/json/Cargo.toml
2026-10-09T01:26:24.1441225Z   - /home/runner/work/purrdf/purrdf/crates/jsonschema/Cargo.toml
2026-10-09T01:26:24.1441943Z   - /home/runner/work/purrdf/purrdf/crates/lex/Cargo.toml
2026-10-09T01:26:24.1442616Z   - /home/runner/work/purrdf/purrdf/crates/markdown/Cargo.toml
2026-10-09T01:26:24.1443299Z   - /home/runner/work/purrdf/purrdf/crates/purrdf/Cargo.toml
2026-10-09T01:26:24.1443985Z   - /home/runner/work/purrdf/purrdf/crates/rdf-capi/Cargo.toml
2026-10-09T01:26:24.1444681Z   - /home/runner/work/purrdf/purrdf/crates/rdf-core/Cargo.toml
2026-10-09T01:26:24.1445408Z   - /home/runner/work/purrdf/purrdf/crates/rdf-events/Cargo.toml
2026-10-09T01:26:24.1446159Z   - /home/runner/work/purrdf/purrdf/crates/rdf-wasm/Cargo.toml
2026-10-09T01:26:24.1446804Z   - /home/runner/work/purrdf/purrdf/crates/rdf/Cargo.toml
2026-10-09T01:26:24.1447425Z   - /home/runner/work/purrdf/purrdf/crates/retrieval/Cargo.toml
2026-10-09T01:26:24.1448024Z   - /home/runner/work/purrdf/purrdf/crates/shapes/Cargo.toml
2026-10-09T01:26:24.1448624Z   - /home/runner/work/purrdf/purrdf/crates/shex/Cargo.toml
2026-10-09T01:26:24.1449251Z   - /home/runner/work/purrdf/purrdf/crates/slice/Cargo.toml
2026-10-09T01:26:24.1450184Z   - /home/runner/work/purrdf/purrdf/crates/sparql-algebra/Cargo.toml
2026-10-09T01:26:24.1450979Z   - /home/runner/work/purrdf/purrdf/crates/sparql-conformance/Cargo.toml
2026-10-09T01:26:24.1451746Z   - /home/runner/work/purrdf/purrdf/crates/sparql-eval/Cargo.toml
2026-10-09T01:26:24.1452482Z   - /home/runner/work/purrdf/purrdf/crates/sparql-results/Cargo.toml
2026-10-09T01:26:24.1453171Z   - /home/runner/work/purrdf/purrdf/crates/stack/Cargo.toml
2026-10-09T01:26:24.1453820Z   - /home/runner/work/purrdf/purrdf/crates/testkit/Cargo.toml
2026-10-09T01:26:24.1454458Z   - /home/runner/work/purrdf/purrdf/crates/text/Cargo.toml
2026-10-09T01:26:24.1455106Z   - /home/runner/work/purrdf/purrdf/crates/validate/Cargo.toml
2026-10-09T01:26:24.1455735Z   - /home/runner/work/purrdf/purrdf/crates/wasm-link/Cargo.toml
2026-10-09T01:26:24.1456326Z   - /home/runner/work/purrdf/purrdf/crates/xsd/Cargo.toml
2026-10-09T01:26:24.1456898Z   - /home/runner/work/purrdf/purrdf/rust-toolchain.toml
2026-10-09T01:26:24.1457683Z ##[endgroup]
2026-10-09T01:26:24.1457873Z 
2026-10-09T01:26:24.1458015Z ... Restoring cache ...
2026-10-09T01:26:24.3900783Z No cache found.
2026-10-09T01:26:24.4077618Z ##[group]Run actions/setup-node@48b55a011bda9f5d6aeb4c2d9c7362e8dae4041e
2026-10-09T01:26:24.4078039Z with:
2026-10-09T01:26:24.4078235Z   node-version: 24
2026-10-09T01:26:24.4078444Z   check-latest: false
2026-10-09T01:26:24.4081115Z   token: ***
2026-10-09T01:26:24.4081341Z   package-manager-cache: true
2026-10-09T01:26:24.4081586Z env:
2026-10-09T01:26:24.4081779Z   CARGO_HOME: /home/runner/.cargo
2026-10-09T01:26:24.4082029Z   CARGO_INCREMENTAL: 0
2026-10-09T01:26:24.4082265Z   CARGO_TERM_COLOR: always
2026-10-09T01:26:24.4082494Z   CACHE_ON_FAILURE: false
2026-10-09T01:26:24.4082711Z ##[endgroup]
2026-10-09T01:26:24.5673693Z Found in cache @ /opt/hostedtoolcache/node/24.21.0/x64
2026-10-09T01:26:24.5677030Z ##[group]Environment details
2026-10-09T01:26:28.4364521Z node: v24.21.0
2026-10-09T01:26:28.4364835Z npm: 11.19.0
2026-10-09T01:26:28.4365074Z yarn: 1.22.22
2026-10-09T01:26:28.4365598Z ##[endgroup]
2026-10-09T01:26:28.4502327Z ##[group]Run make test-shard SHARD=integration-3
2026-10-09T01:26:28.4502745Z [36;1mmake test-shard SHARD=integration-3[0m
2026-10-09T01:26:28.4617765Z shell: /usr/bin/bash -e {0}
2026-10-09T01:26:28.4618119Z env:
2026-10-09T01:26:28.4618398Z   CARGO_HOME: /home/runner/.cargo
2026-10-09T01:26:28.4618772Z   CARGO_INCREMENTAL: 0
2026-10-09T01:26:28.4619089Z   CARGO_TERM_COLOR: always
2026-10-09T01:26:28.4619416Z   CACHE_ON_FAILURE: false
2026-10-09T01:26:28.4620203Z   PURRDF_REQUIRE_SIMD_PATHS: distance:portable,distance:sse2,blake3:sse2,deflate:sse2,csv:sse2
2026-10-09T01:26:28.4621109Z ##[endgroup]
2026-10-09T01:26:28.5511418Z + cargo test --workspace --locked --test [p-r]*
2026-10-09T01:26:28.6140403Z [1m[92m    Updating[0m crates.io index
2026-10-09T01:26:28.7594579Z [1m[92m Downloading[0m crates ...
2026-10-09T01:26:28.8142177Z [1m[92m  Downloaded[0m is_terminal_polyfill v1.70.2
2026-10-09T01:26:28.8157457Z [1m[92m  Downloaded[0m block-buffer v0.12.1
2026-10-09T01:26:28.8211626Z [1m[92m  Downloaded[0m cfg-if v1.0.4
2026-10-09T01:26:28.8225222Z [1m[92m  Downloaded[0m ghash v0.6.0
2026-10-09T01:26:28.8241328Z [1m[92m  Downloaded[0m anstyle v1.0.14
2026-10-09T01:26:28.8251877Z [1m[92m  Downloaded[0m utf8parse v0.2.2
2026-10-09T01:26:28.8263593Z [1m[92m  Downloaded[0m aead v0.6.1
2026-10-09T01:26:28.8290581Z [1m[92m  Downloaded[0m cpubits v0.1.1
2026-10-09T01:26:28.8291256Z [1m[92m  Downloaded[0m cmov v0.5.4
2026-10-09T01:26:28.8321795Z [1m[92m  Downloaded[0m digest v0.11.3
2026-10-09T01:26:28.8341948Z [1m[92m  Downloaded[0m fastrand v2.4.1
2026-10-09T01:26:28.8365918Z [1m[92m  Downloaded[0m wasm-bindgen-shared v0.2.125
2026-10-09T01:26:28.8381885Z [1m[92m  Downloaded[0m ctr v0.10.1
2026-10-09T01:26:28.8440979Z [1m[92m  Downloaded[0m crossbeam-epoch v0.9.18
2026-10-09T01:26:28.8470861Z [1m[92m  Downloaded[0m proc-macro2 v1.0.106
2026-10-09T01:26:28.8506611Z [1m[92m  Downloaded[0m unicode-ident v1.0.24
2026-10-09T01:26:28.8552619Z [1m[92m  Downloaded[0m aes v0.9.3
2026-10-09T01:26:28.8612124Z [1m[92m  Downloaded[0m wasm-bindgen v0.2.125
2026-10-09T01:26:28.8639485Z [1m[92m  Downloaded[0m polyval v0.7.3
2026-10-09T01:26:28.8660909Z [1m[92m  Downloaded[0m pyo3-macros-backend v0.29.0
2026-10-09T01:26:28.8689123Z [1m[92m  Downloaded[0m hybrid-array v0.4.15
2026-10-09T01:26:28.8716516Z [1m[92m  Downloaded[0m memchr v2.8.2
2026-10-09T01:26:28.8773720Z [1m[92m  Downloaded[0m rayon-core v1.13.0
2026-10-09T01:26:28.8810299Z [1m[92m  Downloaded[0m colorchoice v1.0.5
2026-10-09T01:26:28.8820007Z [1m[92m  Downloaded[0m pyo3-ffi v0.29.0
2026-10-09T01:26:28.8896903Z [1m[92m  Downloaded[0m aes-gcm v0.11.1
2026-10-09T01:26:28.8926645Z [1m[92m  Downloaded[0m wasm-bindgen-macro v0.2.125
2026-10-09T01:26:28.8935859Z [1m[92m  Downloaded[0m clap_builder v4.6.0
2026-10-09T01:26:28.8998225Z [1m[92m  Downloaded[0m crossbeam-deque v0.8.6
2026-10-09T01:26:28.9012053Z [1m[92m  Downloaded[0m heck v0.5.0
2026-10-09T01:26:28.9024309Z [1m[92m  Downloaded[0m inout v0.2.2
2026-10-09T01:26:28.9036062Z [1m[92m  Downloaded[0m sha2 v0.11.0
2026-10-09T01:26:28.9072248Z [1m[92m  Downloaded[0m strsim v0.11.1
2026-10-09T01:26:28.9084937Z [1m[92m  Downloaded[0m twox-hash v2.1.2
2026-10-09T01:26:28.9106888Z [1m[92m  Downloaded[0m crossbeam-utils v0.8.21
2026-10-09T01:26:28.9132479Z [1m[92m  Downloaded[0m ctutils v0.4.2
2026-10-09T01:26:28.9151687Z [1m[92m  Downloaded[0m cpufeatures v0.3.0
2026-10-09T01:26:28.9165898Z [1m[92m  Downloaded[0m regex-syntax v0.8.11
2026-10-09T01:26:28.9231784Z [1m[92m  Downloaded[0m leb128fmt v0.1.0
2026-10-09T01:26:28.9241255Z [1m[92m  Downloaded[0m pyo3-macros v0.29.0
2026-10-09T01:26:28.9249295Z [1m[92m  Downloaded[0m target-lexicon v0.13.5
2026-10-09T01:26:28.9264137Z [1m[92m  Downloaded[0m anstyle-query v1.1.5
2026-10-09T01:26:28.9275868Z [1m[92m  Downloaded[0m pyo3-build-config v0.29.0
2026-10-09T01:26:28.9288401Z [1m[92m  Downloaded[0m wasm-encoder v0.259.0
2026-10-09T01:26:28.9328802Z [1m[92m  Downloaded[0m cipher v0.5.2
2026-10-09T01:26:28.9351479Z [1m[92m  Downloaded[0m const-oid v0.10.2
2026-10-09T01:26:28.9374975Z [1m[92m  Downloaded[0m clap_derive v4.6.1
2026-10-09T01:26:28.9395999Z [1m[92m  Downloaded[0m either v1.16.0
2026-10-09T01:26:28.9411330Z [1m[92m  Downloaded[0m visual-hashing v1.0.0
2026-10-09T01:26:28.9433173Z [1m[92m  Downloaded[0m anstream v1.0.0
2026-10-09T01:26:28.9452872Z [1m[92m  Downloaded[0m once_cell v1.21.4
2026-10-09T01:26:28.9477639Z [1m[92m  Downloaded[0m quote v1.0.46
2026-10-09T01:26:28.9504897Z [1m[92m  Downloaded[0m universal-hash v0.6.1
2026-10-09T01:26:28.9514168Z [1m[92m  Downloaded[0m getrandom v0.3.4
2026-10-09T01:26:28.9548735Z [1m[92m  Downloaded[0m clap_lex v1.1.0
2026-10-09T01:26:28.9559627Z [1m[92m  Downloaded[0m crypto-common v0.2.2
2026-10-09T01:26:28.9570931Z [1m[92m  Downloaded[0m anstyle-parse v1.0.0
2026-10-09T01:26:28.9587185Z [1m[92m  Downloaded[0m rustversion v1.0.22
2026-10-09T01:26:28.9615229Z [1m[92m  Downloaded[0m clap v4.6.1
2026-10-09T01:26:28.9710340Z [1m[92m  Downloaded[0m wasm-bindgen-macro-support v0.2.125
2026-10-09T01:26:28.9730181Z [1m[92m  Downloaded[0m aho-corasick v1.1.4
2026-10-09T01:26:28.9781172Z [1m[92m  Downloaded[0m bumpalo v3.20.3
2026-10-09T01:26:28.9806483Z [1m[92m  Downloaded[0m regex v1.12.4
2026-10-09T01:26:28.9858832Z [1m[92m  Downloaded[0m rayon v1.12.0
2026-10-09T01:26:28.9952539Z [1m[92m  Downloaded[0m hashbrown v0.17.1
2026-10-09T01:26:29.0004313Z [1m[92m  Downloaded[0m typenum v1.20.1
2026-10-09T01:26:29.0038825Z [1m[92m  Downloaded[0m regex-automata v0.4.14
2026-10-09T01:26:29.0177476Z [1m[92m  Downloaded[0m syn v2.0.118
2026-10-09T01:26:29.0282199Z [1m[92m  Downloaded[0m structured-zstd v0.0.49
2026-10-09T01:26:29.0568625Z [1m[92m  Downloaded[0m pyo3 v0.29.0
2026-10-09T01:26:29.0863746Z [1m[92m  Downloaded[0m libc v0.2.186
2026-10-09T01:26:29.2035161Z [1m[92m   Compiling[0m typenum v1.20.1
2026-10-09T01:26:29.2037833Z [1m[92m   Compiling[0m purrdf-hash v3.0.1 (/home/runner/work/purrdf/purrdf/crates/hash)
2026-10-09T01:26:29.2040244Z [1m[92m   Compiling[0m cpufeatures v0.3.0
2026-10-09T01:26:29.2041355Z [1m[92m   Compiling[0m const-oid v0.10.2
2026-10-09T01:26:29.2431708Z [1m[92m   Compiling[0m cfg-if v1.0.4
2026-10-09T01:26:29.2841700Z [1m[92m   Compiling[0m regex-syntax v0.8.11
2026-10-09T01:26:29.5379610Z [1m[92m   Compiling[0m purrdf-events v3.0.1 (/home/runner/work/purrdf/purrdf/crates/rdf-events)
2026-10-09T01:26:29.6452059Z [1m[92m   Compiling[0m purrdf-core v3.0.1 (/home/runner/work/purrdf/purrdf/crates/rdf-core)
2026-10-09T01:26:30.7301716Z [1m[92m   Compiling[0m hybrid-array v0.4.15
2026-10-09T01:26:31.2701534Z [1m[92m   Compiling[0m regex-automata v0.4.14
2026-10-09T01:26:31.3395170Z [1m[92m   Compiling[0m crypto-common v0.2.2
2026-10-09T01:26:32.8891479Z [1m[92m   Compiling[0m block-buffer v0.12.1
2026-10-09T01:26:32.9961464Z [1m[92m   Compiling[0m digest v0.11.3
2026-10-09T01:26:33.1076217Z [1m[92m   Compiling[0m sha2 v0.11.0
2026-10-09T01:26:35.1911865Z [1m[92m   Compiling[0m purrdf-lex v3.0.1 (/home/runner/work/purrdf/purrdf/crates/lex)
2026-10-09T01:26:38.2921915Z [1m[92m   Compiling[0m regex v1.12.4
2026-10-09T01:26:39.9072376Z [1m[92m   Compiling[0m purrdf-iri v3.0.1 (/home/runner/work/purrdf/purrdf/crates/iri)
2026-10-09T01:26:40.1481864Z [1m[92m   Compiling[0m purrdf-xsd v3.0.1 (/home/runner/work/purrdf/purrdf/crates/xsd)
2026-10-09T01:26:43.9072544Z [1m[92m   Compiling[0m purrdf-deflate v3.0.1 (/home/runner/work/purrdf/purrdf/crates/deflate)
2026-10-09T01:26:44.3142069Z [1m[92m   Compiling[0m purrdf-cdt v3.0.1 (/home/runner/work/purrdf/purrdf/crates/cdt)
2026-10-09T01:26:46.2401431Z [1m[92m   Compiling[0m hashbrown v0.17.1
2026-10-09T01:26:49.1691785Z [1m[92m   Compiling[0m libc v0.2.186
2026-10-09T01:26:50.9492204Z [1m[92m   Compiling[0m purrdf-stack v3.0.1 (/home/runner/work/purrdf/purrdf/crates/stack)
2026-10-09T01:26:51.1154201Z [1m[92m   Compiling[0m purrdf-testkit v3.0.1 (/home/runner/work/purrdf/purrdf/crates/testkit)
2026-10-09T01:26:51.4212662Z [1m[92m   Compiling[0m crossbeam-utils v0.8.21
2026-10-09T01:26:52.4651706Z [1m[92m   Compiling[0m crossbeam-epoch v0.9.18
2026-10-09T01:26:52.8441626Z [1m[92m   Compiling[0m rayon-core v1.13.0
2026-10-09T01:26:52.9251599Z [1m[92m   Compiling[0m crossbeam-deque v0.8.6
2026-10-09T01:26:54.1261555Z [1m[92m   Compiling[0m either v1.16.0
2026-10-09T01:26:54.2961438Z [1m[92m   Compiling[0m rayon v1.12.0
2026-10-09T01:26:54.9322059Z [1m[92m   Compiling[0m purrdf-alloc-probe v3.0.1 (/home/runner/work/purrdf/purrdf/crates/alloc-probe)
2026-10-09T01:26:55.1561859Z [1m[92m   Compiling[0m getrandom v0.3.4
2026-10-09T01:26:55.7274866Z [1m[92m   Compiling[0m purrdf-sparql-algebra v3.0.1 (/home/runner/work/purrdf/purrdf/crates/sparql-algebra)
2026-10-09T01:26:57.3851984Z [1m[92m   Compiling[0m inout v0.2.2
2026-10-09T01:26:57.4711471Z [1m[92m   Compiling[0m cmov v0.5.4
2026-10-09T01:26:57.6606686Z [1m[92m   Compiling[0m ctutils v0.4.2
2026-10-09T01:26:57.8602081Z [1m[92m   Compiling[0m cpubits v0.1.1
2026-10-09T01:26:57.8881562Z [1m[92m   Compiling[0m universal-hash v0.6.1
2026-10-09T01:26:57.9431993Z [1m[92m   Compiling[0m cipher v0.5.2
2026-10-09T01:26:58.1993369Z [1m[92m   Compiling[0m polyval v0.7.3
2026-10-09T01:26:58.4392176Z [1m[92m   Compiling[0m purrdf-ed25519 v3.0.1 (/home/runner/work/purrdf/purrdf/crates/ed25519)
2026-10-09T01:26:59.5021958Z [1m[92m   Compiling[0m twox-hash v2.1.2
2026-10-09T01:26:59.5811709Z [1m[92m   Compiling[0m fastrand v2.4.1
2026-10-09T01:26:59.8240806Z [1m[92m   Compiling[0m structured-zstd v0.0.49
2026-10-09T01:27:02.3567408Z [1m[92m   Compiling[0m ghash v0.6.0
2026-10-09T01:27:02.4129924Z [1m[92m   Compiling[0m aes v0.9.3
2026-10-09T01:27:03.0221262Z [1m[92m   Compiling[0m purrdf-sparql-results v3.0.1 (/home/runner/work/purrdf/purrdf/crates/sparql-results)
2026-10-09T01:27:09.2592065Z [1m[92m   Compiling[0m purrdf-sparql-eval v3.0.1 (/home/runner/work/purrdf/purrdf/crates/sparql-eval)
2026-10-09T01:27:22.9151702Z [1m[92m   Compiling[0m ctr v0.10.1
2026-10-09T01:27:23.0391872Z [1m[92m   Compiling[0m aead v0.6.1
2026-10-09T01:27:23.1271749Z [1m[92m   Compiling[0m aes-gcm v0.11.1
2026-10-09T01:27:23.2171888Z [1m[92m   Compiling[0m visual-hashing v1.0.0
2026-10-09T01:27:23.6992407Z [1m[92m   Compiling[0m purrdf-gts v3.0.1 (/home/runner/work/purrdf/purrdf/crates/gts)
2026-10-09T01:27:46.6381768Z [1m[92m   Compiling[0m purrdf-rdf v3.0.1 (/home/runner/work/purrdf/purrdf/crates/rdf)
2026-10-09T01:28:25.9282589Z [1m[92m   Compiling[0m unicode-ident v1.0.24
2026-10-09T01:28:25.9932025Z [1m[92m   Compiling[0m purrdf-datalog v3.0.1 (/home/runner/work/purrdf/purrdf/crates/datalog)
2026-10-09T01:28:32.1988042Z [1m[92m   Compiling[0m purrdf-slice v3.0.1 (/home/runner/work/purrdf/purrdf/crates/slice)
2026-10-09T01:28:50.7930856Z [1m[92m   Compiling[0m purrdf-shapes v3.0.1 (/home/runner/work/purrdf/purrdf/crates/shapes)
2026-10-09T01:29:00.4431848Z [1m[92m   Compiling[0m proc-macro2 v1.0.106
2026-10-09T01:29:00.8981155Z [1m[92m   Compiling[0m quote v1.0.46
2026-10-09T01:29:04.7761992Z [1m[92m   Compiling[0m purrdf-jsonschema v3.0.1 (/home/runner/work/purrdf/purrdf/crates/jsonschema)
2026-10-09T01:29:16.0689430Z [1m[92m   Compiling[0m syn v2.0.118
2026-10-09T01:29:46.2059036Z [1m[92m   Compiling[0m purrdf-text v3.0.1 (/home/runner/work/purrdf/purrdf/crates/text)
2026-10-09T01:29:46.4291600Z [1m[92m   Compiling[0m purrdf-entail v3.0.1 (/home/runner/work/purrdf/purrdf/crates/entail)
2026-10-09T01:30:09.3874576Z [1m[92m   Compiling[0m purrdf-retrieval v3.0.1 (/home/runner/work/purrdf/purrdf/crates/retrieval)
2026-10-09T01:30:28.1671992Z [1m[92m   Compiling[0m purrdf-validate v3.0.1 (/home/runner/work/purrdf/purrdf/crates/validate)
2026-10-09T01:30:42.7911686Z [1m[92m   Compiling[0m purrdf-hnsw v3.0.1 (/home/runner/work/purrdf/purrdf/crates/hnsw)
2026-10-09T01:30:43.1315369Z [1m[92m   Compiling[0m purrdf-shex v3.0.1 (/home/runner/work/purrdf/purrdf/crates/shex)
2026-10-09T01:30:49.4519577Z [1m[92m   Compiling[0m purrdf-geo v3.0.1 (/home/runner/work/purrdf/purrdf/crates/geo)
2026-10-09T01:30:50.1382799Z [1m[92m   Compiling[0m purrdf-json v3.0.1 (/home/runner/work/purrdf/purrdf/crates/json)
2026-10-09T01:30:52.1641949Z [1m[92m   Compiling[0m purrdf-markdown v3.0.1 (/home/runner/work/purrdf/purrdf/crates/markdown)
2026-10-09T01:30:56.8300965Z [1m[92m   Compiling[0m purrdf-columnar v3.0.1 (/home/runner/work/purrdf/purrdf/crates/columnar)
2026-10-09T01:30:57.6940286Z [1m[92m   Compiling[0m purrdf v3.0.1 (/home/runner/work/purrdf/purrdf/crates/purrdf)
2026-10-09T01:31:02.2361479Z [1m[92m   Compiling[0m utf8parse v0.2.2
2026-10-09T01:31:02.2781875Z [1m[92m   Compiling[0m anstyle-parse v1.0.0
2026-10-09T01:31:02.4281718Z [1m[92m   Compiling[0m anstyle-query v1.1.5
2026-10-09T01:31:02.4641413Z [1m[92m   Compiling[0m colorchoice v1.0.5
2026-10-09T01:31:02.5071450Z [1m[92m   Compiling[0m is_terminal_polyfill v1.70.2
2026-10-09T01:31:02.5441833Z [1m[92m   Compiling[0m anstyle v1.0.14
2026-10-09T01:31:02.7541390Z [1m[92m   Compiling[0m anstream v1.0.0
2026-10-09T01:31:03.4301290Z [1m[92m   Compiling[0m clap_lex v1.1.0
2026-10-09T01:31:03.7001691Z [1m[92m   Compiling[0m strsim v0.11.1
2026-10-09T01:31:04.3801820Z [1m[92m   Compiling[0m heck v0.5.0
2026-10-09T01:31:04.5481600Z [1m[92m   Compiling[0m clap_builder v4.6.0
2026-10-09T01:31:05.2762662Z [1m[92m   Compiling[0m purrdf-conformance-kit v3.0.1 (/home/runner/work/purrdf/purrdf/crates/conformance-kit)
2026-10-09T01:31:18.7852080Z [1m[92m   Compiling[0m purrdf-sparql-conformance v3.0.1 (/home/runner/work/purrdf/purrdf/crates/sparql-conformance)
2026-10-09T01:31:35.6631948Z [1m[92m   Compiling[0m clap_derive v4.6.1
2026-10-09T01:31:51.5161559Z [1m[92m   Compiling[0m clap v4.6.1
2026-10-09T01:31:51.5451785Z [1m[92m   Compiling[0m purrdf-cli v3.0.1 (/home/runner/work/purrdf/purrdf/crates/cli)
2026-10-09T01:37:04.4032376Z [1m[92m   Compiling[0m helper-census v3.0.1 (/home/runner/work/purrdf/purrdf/crates/helper-census)
2026-10-09T01:38:00.5115134Z [1m[92m    Finished[0m `test` profile [optimized] target(s) in 11m 31s
2026-10-09T01:38:00.6315154Z [1m[92m     Running[0m tests/policy_guards.rs (target/debug/build/helper-census/d9b2e39563977c70/out/policy_guards-d9b2e39563977c70)
2026-10-09T01:38:00.6326047Z 
2026-10-09T01:38:00.6326266Z running 2 tests
2026-10-09T01:38:00.6622684Z test python_test_policy_accepts_the_repository ... ok
2026-10-09T01:38:02.9457261Z test feature_policy_accepts_the_repository ... ok
2026-10-09T01:38:02.9457758Z 
2026-10-09T01:38:02.9458412Z test result: ok. 2 passed; 0 failed; 0 ignored; 0 measured; 0 filtered out; finished in 2.31s
2026-10-09T01:38:02.9459013Z 
2026-10-09T01:38:02.9461509Z [1m[92m     Running[0m tests/projection_facade.rs (target/debug/build/purrdf/78c5e14608a534ad/out/projection_facade-78c5e14608a534ad)
2026-10-09T01:38:02.9475774Z 
2026-10-09T01:38:02.9475968Z running 1 test
2026-10-09T01:38:02.9486023Z test umbrella_facade_projects_and_lifts_without_subcrate_imports ... ok
2026-10-09T01:38:02.9486408Z 
2026-10-09T01:38:02.9487041Z test result: ok. 1 passed; 0 failed; 0 ignored; 0 measured; 0 filtered out; finished in 0.00s
2026-10-09T01:38:02.9487700Z 
2026-10-09T01:38:02.9490518Z [1m[92m     Running[0m tests/readme_quickstart.rs (target/debug/build/purrdf/dbbb3d03e8901f77/out/readme_quickstart-dbbb3d03e8901f77)
2026-10-09T01:38:02.9499668Z 
2026-10-09T01:38:02.9500439Z running 2 tests
2026-10-09T01:38:02.9503540Z test readme_quickstart_round_trips ... ok
2026-10-09T01:38:02.9504060Z test readme_document_base_round_trips ... ok
2026-10-09T01:38:02.9504283Z 
2026-10-09T01:38:02.9504651Z test result: ok. 2 passed; 0 failed; 0 ignored; 0 measured; 0 filtered out; finished in 0.00s
2026-10-09T01:38:02.9505008Z 
2026-10-09T01:38:02.9506856Z [1m[92m     Running[0m tests/reasoning_facade.rs (target/debug/build/purrdf/c7bd22f71b2d5ae1/out/reasoning_facade-c7bd22f71b2d5ae1)
2026-10-09T01:38:02.9515375Z 
2026-10-09T01:38:02.9515537Z running 2 tests
2026-10-09T01:38:02.9518940Z test the_umbrella_reaches_the_datalog_engine_itself ... ok
2026-10-09T01:38:02.9637486Z test the_umbrella_names_every_type_the_reasoning_surface_carries ... ok
2026-10-09T01:38:02.9638029Z 
2026-10-09T01:38:02.9638418Z test result: ok. 2 passed; 0 failed; 0 ignored; 0 measured; 0 filtered out; finished in 0.01s
2026-10-09T01:38:02.9638799Z 
2026-10-09T01:38:02.9642219Z [1m[92m     Running[0m tests/pack_execution.rs (target/debug/build/purrdf-cli/ad418b9c9dc651c2/out/pack_execution-ad418b9c9dc651c2)
2026-10-09T01:38:02.9650823Z 
2026-10-09T01:38:02.9650971Z running 5 tests
2026-10-09T01:38:03.0007258Z test pack_on_stdin_reasons_like_the_same_pack_on_disk ... ok
2026-10-09T01:38:03.0021699Z test reason_rdfs_over_pack_matches_text_byte_for_byte ... ok
2026-10-09T01:38:03.0022491Z test reason_over_pack_is_deterministic ... ok
2026-10-09T01:38:03.0088603Z test tampered_pack_is_rejected_by_verify_and_fails_closed_on_read ... ok
2026-10-09T01:38:03.2361379Z test large_pack_reasons_end_to_end ... ok
2026-10-09T01:38:03.2361923Z 
2026-10-09T01:38:03.2362748Z test result: ok. 5 passed; 0 failed; 0 ignored; 0 measured; 0 filtered out; finished in 0.27s
2026-10-09T01:38:03.2363278Z 
2026-10-09T01:38:03.2365050Z [1m[92m     Running[0m tests/prebound_grouping_cli.rs (target/debug/build/purrdf-cli/8e413f7360b6009a/out/prebound_grouping_cli-8e413f7360b6009a)
2026-10-09T01:38:03.2375589Z 
2026-10-09T01:38:03.2375810Z running 10 tests
2026-10-09T01:38:03.2456549Z test a_function_body_reads_its_own_arguments_and_no_others ... ok
2026-10-09T01:38:03.2457778Z test a_free_evaluation_s_scope_names_are_bound ... ok
2026-10-09T01:38:03.2563600Z test an_expression_reading_the_pre_bound_focus_above_an_aggregate_conforms ... ok
2026-10-09T01:38:03.2702005Z test an_unreached_expression_reading_a_non_key_variable_is_refused_at_load_and_pack ... ok
2026-10-09T01:38:03.2703467Z test a_reached_expression_reading_the_shape_context_is_refused_at_load_and_pack ... ok
2026-10-09T01:38:03.2718300Z test a_named_function_body_reads_its_required_parameters_whatever_their_iri_order ... ok
2026-10-09T01:38:03.2738224Z test node_expr_outputs_the_pre_bound_focus_for_every_group ... ok
2026-10-09T01:38:03.2747050Z test a_custom_call_argument_binds_only_what_its_empty_scope_binds ... ok
2026-10-09T01:38:03.2870826Z test assigning_the_shape_context_is_refused_at_load_and_a_fresh_variable_is_not ... ok
2026-10-09T01:38:03.2959439Z test the_shape_context_is_a_group_constant_with_and_without_a_shapes_graph_iri ... ok
2026-10-09T01:38:03.2960372Z 
2026-10-09T01:38:03.2961009Z test result: ok. 10 passed; 0 failed; 0 ignored; 0 measured; 0 filtered out; finished in 0.06s
2026-10-09T01:38:03.2961434Z 
2026-10-09T01:38:03.2963116Z [1m[92m     Running[0m tests/projection_cli.rs (target/debug/build/purrdf-cli/604e25caeea39238/out/projection_cli-604e25caeea39238)
2026-10-09T01:38:03.2972250Z 
2026-10-09T01:38:03.2972471Z running 13 tests
2026-10-09T01:38:03.3056720Z test base_with_pack_from_is_refused_by_name ... ok
2026-10-09T01:38:03.3070604Z test a_base_neither_leg_can_spend_is_refused_by_name ... ok
2026-10-09T01:38:03.3109466Z test attached_ro_crate_carries_payload_and_preview_through_the_cli ... ok
2026-10-09T01:38:03.3140305Z test configured_jsonld_options_reach_lift_and_are_rejected_by_project ... ok
2026-10-09T01:38:03.3180394Z test curated_csvw_terms_projects_deterministically_and_is_absent_from_lift ... ok
2026-10-09T01:38:03.3210976Z test curated_okf_terms_projects_the_shared_exact_bundle_and_is_absent_from_lift ... ok
2026-10-09T01:38:03.3231333Z test dcat_rdf_projects_deterministically_and_remains_write_only_through_the_cli ... ok
2026-10-09T01:38:03.3275148Z test lift_base_is_written_as_the_output_documents_base_and_relativizes ... ok
2026-10-09T01:38:03.3300931Z test malformed_config_archive_and_double_stdin_fail_closed ... ok
2026-10-09T01:38:03.3343244Z test project_is_byte_deterministic_and_lift_round_trips_with_ledgers ... ok
2026-10-09T01:38:03.3361013Z test stdin_stdout_paths_keep_binary_and_rdf_streams_clean ... ok
2026-10-09T01:38:03.3377931Z test void_projects_deterministically_and_remains_write_only_through_the_cli ... ok
2026-10-09T01:38:03.3533501Z test all_research_object_profiles_project_lift_and_repeat_through_the_cli ... ok
2026-10-09T01:38:03.3534077Z 
2026-10-09T01:38:03.3534700Z test result: ok. 13 passed; 0 failed; 0 ignored; 0 measured; 0 filtered out; finished in 0.06s
2026-10-09T01:38:03.3535306Z 
2026-10-09T01:38:03.3537735Z [1m[92m     Running[0m tests/python_empty_graphs.rs (target/debug/build/purrdf-cli/f34ab4d920f0e144/out/python_empty_graphs-f34ab4d920f0e144)
2026-10-09T01:38:03.3544905Z 
2026-10-09T01:38:03.3545061Z running 1 test
2026-10-09T01:38:03.3545965Z test installed_empty_graph_modes ... ignored
2026-10-09T01:38:03.3546229Z 
2026-10-09T01:38:03.3546665Z test result: ok. 0 passed; 0 failed; 1 ignored; 0 measured; 0 filtered out; finished in 0.00s
2026-10-09T01:38:03.3547106Z 
2026-10-09T01:38:03.3548730Z [1m[92m     Running[0m tests/query_cli.rs (target/debug/build/purrdf-cli/10410f92bd7dcdc5/out/query_cli-10410f92bd7dcdc5)
2026-10-09T01:38:03.3557726Z 
2026-10-09T01:38:03.3557912Z running 63 tests
2026-10-09T01:38:03.3645096Z test a_governed_query_over_a_path_relation_trips_on_an_answer_cap ... ok
2026-10-09T01:38:03.3711837Z test a_mixed_default_and_named_template_is_still_refused ... ok
2026-10-09T01:38:03.3723860Z test a_multi_graph_template_refusal_names_every_graph_in_order ... ok
2026-10-09T01:38:03.3740607Z test a_malformed_path_relation_spec_is_refused_by_name ... ok
2026-10-09T01:38:03.3773967Z test a_path_relation_over_an_edgeless_predicate_answers_nothing ... ok
2026-10-09T01:38:03.3800680Z test a_bracketed_variable_group_condition_projects_like_the_bare_key ... ok
2026-10-09T01:38:03.3847500Z test a_path_relation_is_refused_only_where_the_chase_minted_a_witness ... ok
2026-10-09T01:38:03.3871012Z test a_path_relation_with_an_unbuildable_envelope_names_the_relation ... ok
2026-10-09T01:38:03.3886236Z test a_plain_construct_still_serializes_to_every_single_graph_syntax ... ok
2026-10-09T01:38:03.3896281Z test a_refusal_over_many_graphs_samples_deterministically_and_counts_the_tail ... ok
2026-10-09T01:38:03.3920781Z test a_predicate_containing_the_field_separator_is_expressible_when_escaped ... ok
2026-10-09T01:38:03.3940918Z test a_sub_property_axiom_falls_back_and_still_answers ... ok
2026-10-09T01:38:03.3946993Z test aggregate_namespace_computes_median_through_a_cli_update ... ok
2026-10-09T01:38:03.4010801Z test aggregate_namespace_computes_median_through_the_cli ... ok
2026-10-09T01:38:03.4140893Z test a_path_relation_under_entailment_walks_the_closure ... ok
2026-10-09T01:38:03.4142507Z test an_aggregate_projection_reading_a_non_key_variable_is_refused ... ok
2026-10-09T01:38:03.4156500Z test aggregate_namespace_computes_median_under_entailment_through_the_cli ... ok
2026-10-09T01:38:03.4159533Z test ask_json_returns_a_boolean_shape ... ok
2026-10-09T01:38:03.4189323Z test an_inverse_step_walks_backwards_and_a_forward_one_from_the_same_seed_does_not ... ok
2026-10-09T01:38:03.4209639Z test base_resolves_relative_iris_in_the_data ... ok
2026-10-09T01:38:03.4229220Z test configured_jsonld_options_reach_graph_results_and_reject_select_results ... ok
2026-10-09T01:38:03.4252017Z test construct_and_describe_to_turtle_surface_their_triples ... ok
2026-10-09T01:38:03.4289346Z test construct_reifier_to_rdfxml_records_the_loss_ledger_drop ... ok
2026-10-09T01:38:03.4324985Z test corrupt_pack_fails_closed ... ok
2026-10-09T01:38:03.4336318Z test construct_graph_into_single_graph_formats_is_refused_by_name ... ok
2026-10-09T01:38:03.4421377Z test a_results_format_is_named_by_token_media_type_or_alias ... ok
2026-10-09T01:38:03.4431365Z test construct_graph_into_quad_capable_formats_emits_the_graph ... ok
2026-10-09T01:38:03.4432665Z test entailment_owl_direct_answers_through_the_combined_approach ... ok
2026-10-09T01:38:03.4433847Z test describe_over_default_graph_data_is_never_refused ... ok
2026-10-09T01:38:03.4504176Z test entailment_owl_direct_reports_the_non_horn_tbox_boundary_on_the_fallback ... ok
2026-10-09T01:38:03.4561228Z test explain_lists_the_registered_path_relation ... ok
2026-10-09T01:38:03.4590843Z test entailment_owl_direct_keeps_the_optional_row_and_constructs_no_witness ... ok
2026-10-09T01:38:03.4592083Z test explain_with_aggregate_namespace_renders_the_aggregate_in_the_receipt ... ok
2026-10-09T01:38:03.4601294Z test jsonld_options_with_explain_is_refused ... ok
2026-10-09T01:38:03.4625458Z test entailment_rdfs_reveals_a_binding_absent_without_it ... ok
2026-10-09T01:38:03.4640572Z test loss_ledger_with_explain_is_refused ... ok
2026-10-09T01:38:03.4644757Z test malformed_provenance_namespace_is_a_usage_error ... ok
2026-10-09T01:38:03.4657046Z test omitted_aggregate_namespace_leaves_the_statistical_set_unregistered ... ok
2026-10-09T01:38:03.4695360Z test one_relation_iri_declared_twice_is_refused ... ok
2026-10-09T01:38:03.4698032Z test omitting_provenance_namespace_emits_pure_w3c_output ... ok
2026-10-09T01:38:03.4699124Z test only_the_registered_iri_becomes_a_call ... ok
2026-10-09T01:38:03.4724705Z test path_relation_binds_every_hop_of_a_multi_hop_chain ... ok
2026-10-09T01:38:03.4732236Z test path_relation_binds_each_hop_to_an_rdf_12_statement_term ... ok
2026-10-09T01:38:03.4771120Z test path_relation_path_id_groups_the_hops_of_one_walk ... ok
2026-10-09T01:38:03.4803446Z test provenance_namespace_populates_and_round_trips_through_json ... ok
2026-10-09T01:38:03.4807031Z test path_relation_shortest_mode_yields_one_witness_per_pair_on_a_diamond ... ok
2026-10-09T01:38:03.4848443Z test provenance_namespace_populates_and_round_trips_through_xml ... ok
2026-10-09T01:38:03.4849545Z test provenance_namespace_with_a_construct_result_is_refused ... ok
2026-10-09T01:38:03.4878804Z test provenance_namespace_with_explain_is_refused ... ok
2026-10-09T01:38:03.4894670Z test provenance_namespace_with_csv_or_tsv_is_refused ... ok
2026-10-09T01:38:03.4921969Z test rules_without_entailment_is_refused_by_name ... ok
2026-10-09T01:38:03.4949592Z test every_entailment_regime_answers ... ok
2026-10-09T01:38:03.5000586Z test results_format_with_explain_is_refused ... ok
2026-10-09T01:38:03.5040838Z test select_writes_results_to_a_captured_stdout_pipe ... ok
2026-10-09T01:38:03.5060647Z test select_file_and_pack_are_byte_identical_and_non_vacuous ... ok
2026-10-09T01:38:03.5081037Z test sha3_builtins_reach_their_published_digests_through_the_cli ... ok
2026-10-09T01:38:03.5095214Z test sha3_underscored_sep_spelling_reaches_the_same_digests_through_the_cli ... ok
2026-10-09T01:38:03.5141391Z test parse_refusals_render_each_condition_in_its_exact_words ... ok
2026-10-09T01:38:03.5161063Z test the_cli_reads_the_sha3_hyphen_as_part_of_the_name ... ok
2026-10-09T01:38:03.5162045Z test shape_format_mismatches_are_hard_errors ... ok
2026-10-09T01:38:03.5169108Z test update_registers_a_path_relation_for_its_where_clause ... ok
2026-10-09T01:38:03.5178475Z test select_all_four_result_formats_are_non_vacuous_and_deterministic ... ok
2026-10-09T01:38:03.5179577Z test without_the_flag_the_same_query_text_is_an_ordinary_triple_pattern ... ok
2026-10-09T01:38:03.5180886Z 
2026-10-09T01:38:03.5181524Z test result: ok. 63 passed; 0 failed; 0 ignored; 0 measured; 0 filtered out; finished in 0.16s
2026-10-09T01:38:03.5181925Z 
2026-10-09T01:38:03.5183327Z [1m[92m     Running[0m tests/reason_cli.rs (target/debug/build/purrdf-cli/7ae9015231139734/out/reason_cli-7ae9015231139734)
2026-10-09T01:38:03.5192804Z 
2026-10-09T01:38:03.5192995Z running 23 tests
2026-10-09T01:38:03.5269415Z test base_resolves_relative_iris_before_reasoning ... ok
2026-10-09T01:38:03.5291490Z test an_inconsistent_run_writes_the_report_and_still_fails ... ok
2026-10-09T01:38:03.5305294Z test configured_jsonld_options_reach_reason_output ... ok
2026-10-09T01:38:03.5360541Z test d_materializes_the_datatype_map ... ok
2026-10-09T01:38:03.5368452Z test a_rule_document_is_required_by_rif_and_refused_by_everything_else ... ok
2026-10-09T01:38:03.5403942Z test owl_direct_materializes_the_tableau_augmentation ... ok
2026-10-09T01:38:03.5430696Z test base_with_pack_from_or_to_is_refused_by_name ... ok
2026-10-09T01:38:03.5530746Z test owl_rl_infers_symmetric_and_transitive ... ok
2026-10-09T01:38:03.5560359Z test file_to_stdout_with_to ... ok
2026-10-09T01:38:03.5580799Z test rdf_infers_predicate_is_property ... ok
2026-10-09T01:38:03.5620448Z test convert_and_query_surface_the_report_too ... ok
2026-10-09T01:38:03.5640624Z test pack_input_is_reconstructed_and_reasoned ... ok
2026-10-09T01:38:03.5710679Z test pack_output_is_a_valid_pack_carrying_the_inference ... ok
2026-10-09T01:38:03.5724756Z test rdfs_infers_subclass_domain_range_and_subproperty ... ok
2026-10-09T01:38:03.5883703Z test report_bare_writes_the_certificate_to_stderr ... ok
2026-10-09T01:38:03.5947609Z test report_without_entailment_is_a_usage_error ... ok
2026-10-09T01:38:03.5963188Z test reason_output_is_deterministic ... ok
2026-10-09T01:38:03.5971474Z test rif_materializes_under_the_supplied_rule_document ... ok
2026-10-09T01:38:03.5994223Z test simple_is_identity_closure ... ok
2026-10-09T01:38:03.6028788Z test report_to_a_path_is_byte_identical_across_runs ... ok
2026-10-09T01:38:03.6143095Z test stdin_to_stdout_with_from_and_to ... ok
2026-10-09T01:38:03.6215752Z test the_report_names_the_named_graph_boundary ... ok
2026-10-09T01:38:03.6392373Z test reason_honours_the_callers_evaluation_limits ... ok
2026-10-09T01:38:03.6392819Z 
2026-10-09T01:38:03.6393378Z test result: ok. 23 passed; 0 failed; 0 ignored; 0 measured; 0 filtered out; finished in 0.12s
2026-10-09T01:38:03.6393781Z 
2026-10-09T01:38:03.6395934Z [1m[92m     Running[0m tests/pack_certify.rs (target/debug/build/purrdf-core/abed7651628ee64e/out/pack_certify-abed7651628ee64e)
2026-10-09T01:38:03.6404591Z 
2026-10-09T01:38:03.6404782Z running 6 tests
2026-10-09T01:38:03.6414138Z test verify_pack_defers_to_section_integrity_for_body_corruption ... ok
2026-10-09T01:38:03.6418260Z test pack_digest_to_hex_is_64_lowercase_hex_chars ... ok
2026-10-09T01:38:03.6419289Z test verify_pack_certifies_a_round_tripped_pack_against_the_source_digest ... ok
2026-10-09T01:38:03.6420556Z test verify_pack_rejects_a_tampered_digest_header_field ... ok
2026-10-09T01:38:03.6421542Z test verify_pack_returns_err_when_reconstruction_fails_structural_validation ... ok
2026-10-09T01:38:03.6422327Z test verify_pack_is_deterministic_across_two_builds ... ok
2026-10-09T01:38:03.6422720Z 
2026-10-09T01:38:03.6423081Z test result: ok. 6 passed; 0 failed; 0 ignored; 0 measured; 0 filtered out; finished in 0.00s
2026-10-09T01:38:03.6423457Z 
2026-10-09T01:38:03.6424213Z [1m[92m     Running[0m tests/pack_container.rs (target/debug/build/purrdf-core/7854d29340972e99/out/pack_container-7854d29340972e99)
2026-10-09T01:38:03.6429612Z 
2026-10-09T01:38:03.6430038Z running 13 tests
2026-10-09T01:38:03.6437274Z test a_view_that_faults_mid_read_never_yields_pack_bytes ... ok
2026-10-09T01:38:03.6438734Z test build_bytes_is_deterministic_for_a_rich_dataset ... ok
2026-10-09T01:38:03.6440567Z test build_view_bytes_over_a_composite_equals_build_bytes_over_the_flat_dataset ... ok
2026-10-09T01:38:03.6442135Z test build_view_bytes_over_a_graph_selection_equals_the_equivalent_flat_dataset ... ok
2026-10-09T01:38:03.6443429Z test from_bytes_rejects_a_corrupted_section_body ... ok
2026-10-09T01:38:03.6444331Z test from_bytes_rejects_a_flipped_magic_byte ... ok
2026-10-09T01:38:03.6445183Z test build_view_bytes_over_a_delta_equals_the_flat_dataset_it_snapshots ... ok
2026-10-09T01:38:03.6446045Z test from_bytes_rejects_literal_datatype_not_referencing_an_iri ... ok
2026-10-09T01:38:03.6446542Z test from_bytes_rejects_unsupported_version ... ok
2026-10-09T01:38:03.6447315Z test regenerate_pack_small_golden ... ignored, regenerates the committed golden fixture; run explicitly with -- --ignored
2026-10-09T01:38:03.6447973Z test from_bytes_rejects_truncated_input ... ok
2026-10-09T01:38:03.6448570Z test golden_bytes_match_committed_fixture ... ok
2026-10-09T01:38:03.6449198Z test round_trip_exposes_capabilities_and_digest ... ok
2026-10-09T01:38:03.6449451Z 
2026-10-09T01:38:03.6450082Z test result: ok. 12 passed; 0 failed; 1 ignored; 0 measured; 0 filtered out; finished in 0.00s
2026-10-09T01:38:03.6450462Z 
2026-10-09T01:38:03.6451266Z [1m[92m     Running[0m tests/pack_dataset_view.rs (target/debug/build/purrdf-core/f8ec77162fea0f87/out/pack_dataset_view-f8ec77162fea0f87)
2026-10-09T01:38:03.6458118Z 
2026-10-09T01:38:03.6458250Z running 7 tests
2026-10-09T01:38:03.6465020Z test pack_view_is_dataset_view_send_sync ... ok
2026-10-09T01:38:03.6465962Z test collection_members_match_source ... ok
2026-10-09T01:38:03.6475640Z test side_table_views_set_equal_source ... ok
2026-10-09T01:38:03.6476343Z test resolve_and_quad_refs_match_source ... ok
2026-10-09T01:38:03.6476911Z test quads_set_equal_source ... ok
2026-10-09T01:38:03.6477457Z test pattern_shapes_set_equal_source_including_predicate_that_is_also_subject ... ok
2026-10-09T01:38:03.6478505Z test term_id_by_value_absent_capabilities_and_term_count ... ok
2026-10-09T01:38:03.6478794Z 
2026-10-09T01:38:03.6479180Z test result: ok. 7 passed; 0 failed; 0 ignored; 0 measured; 0 filtered out; finished in 0.00s
2026-10-09T01:38:03.6479577Z 
2026-10-09T01:38:03.6482209Z [1m[92m     Running[0m tests/pack_graph_declarations.rs (target/debug/build/purrdf-core/0546c117abbc4766/out/pack_graph_declarations-0546c117abbc4766)
2026-10-09T01:38:03.6490202Z 
2026-10-09T01:38:03.6490349Z running 8 tests
2026-10-09T01:38:03.6494733Z test a_declaration_pack_keeps_the_v1_frame ... ok
2026-10-09T01:38:03.6495688Z test a_pack_view_enumerates_iri_and_blank_named_declared_empty_graphs ... ok
2026-10-09T01:38:03.6496791Z test a_pack_view_enumerates_graphs_that_own_only_statement_layer_rows ... ok
2026-10-09T01:38:03.6498357Z test a_pack_view_merges_every_graph_source_once_in_ascending_order ... ok
2026-10-09T01:38:03.6499266Z test declarations_change_the_pack_bytes_but_not_its_canonical_digest ... ok
2026-10-09T01:38:03.6500728Z test every_reconstruction_of_a_pack_keeps_its_declared_graphs ... ok
2026-10-09T01:38:03.6501939Z test packs_without_declaration_only_graphs_are_byte_identical_to_the_previous_writer ... ok
2026-10-09T01:38:03.6502795Z test the_committed_golden_pack_reads_and_rewrites_unchanged ... ok
2026-10-09T01:38:03.6503294Z 
2026-10-09T01:38:03.6503973Z test result: ok. 8 passed; 0 failed; 0 ignored; 0 measured; 0 filtered out; finished in 0.00s
2026-10-09T01:38:03.6504576Z 
2026-10-09T01:38:03.6505425Z [1m[92m     Running[0m tests/pack_id_unification.rs (target/debug/build/purrdf-core/5b0a139f840fa090/out/pack_id_unification-5b0a139f840fa090)
2026-10-09T01:38:03.6513666Z 
2026-10-09T01:38:03.6513935Z running 3 tests
2026-10-09T01:38:03.6516794Z test dual_role_term_gets_one_id_agreeing_across_both_lookup_methods ... ok
2026-10-09T01:38:03.6518057Z test pure_predicate_resolves_via_id_by_value_and_agrees_with_predicate_id_by_value ... ok
2026-10-09T01:38:03.6518800Z test single_id_matches_both_subject_and_predicate_position_occurrences ... ok
2026-10-09T01:38:03.6519296Z 
2026-10-09T01:38:03.6520463Z test result: ok. 3 passed; 0 failed; 0 ignored; 0 measured; 0 filtered out; finished in 0.00s
2026-10-09T01:38:03.6521116Z 
2026-10-09T01:38:03.6521932Z [1m[92m     Running[0m tests/pack_index_compare.rs (target/debug/build/purrdf-core/84f332f0477d01d6/out/pack_index_compare-84f332f0477d01d6)
2026-10-09T01:38:03.6528968Z 
2026-10-09T01:38:03.6529144Z running 4 tests
2026-10-09T01:38:03.6545704Z test wavelet_access_rank_and_select_match_plain_sequences ... ok
2026-10-09T01:38:03.6560881Z test experiment_builds_are_byte_deterministic ... ok
2026-10-09T01:38:03.6648714Z test wavelet_and_foq_queries_match_reference_triples ... ok
2026-10-09T01:38:03.6878328Z test reference_space_model_matches_materialized_encodings ... ok
2026-10-09T01:38:03.6878790Z 
2026-10-09T01:38:03.6879184Z test result: ok. 4 passed; 0 failed; 0 ignored; 0 measured; 0 filtered out; finished in 0.03s
2026-10-09T01:38:03.6879563Z 
2026-10-09T01:38:03.6886308Z [1m[92m     Running[0m tests/pack_mmap.rs (target/debug/build/purrdf-core/a5cd8df7eecc1b8b/out/pack_mmap-a5cd8df7eecc1b8b)
2026-10-09T01:38:03.6896664Z 
2026-10-09T01:38:03.6896853Z running 1 test
2026-10-09T01:38:03.6904476Z test file_backed_pack_view_matches_heap_and_source_by_value ... ok
2026-10-09T01:38:03.6904785Z 
2026-10-09T01:38:03.6905155Z test result: ok. 1 passed; 0 failed; 0 ignored; 0 measured; 0 filtered out; finished in 0.00s
2026-10-09T01:38:03.6905518Z 
2026-10-09T01:38:03.6906759Z [1m[92m     Running[0m tests/pack_side.rs (target/debug/build/purrdf-core/82adb326cd2af638/out/pack_side-82adb326cd2af638)
2026-10-09T01:38:03.6915747Z 
2026-10-09T01:38:03.6915914Z running 6 tests
2026-10-09T01:38:03.6920752Z test annotation_quads_set_equals_source ... ok
2026-10-09T01:38:03.6921653Z test annotations_of_with_graph_set_equals_source_for_every_reifier ... ok
2026-10-09T01:38:03.6922446Z test capability_flags_match_source ... ok
2026-10-09T01:38:03.6923242Z test capability_named_graphs_true_from_side_table_alone ... ok
2026-10-09T01:38:03.6923842Z test reifier_quads_set_equals_source ... ok
2026-10-09T01:38:03.6925838Z test to_bytes_from_bytes_round_trip_preserves_every_view ... ok
2026-10-09T01:38:03.6927376Z [1m[92m     Running[0m tests/pack_triples.rs (target/debug/build/purrdf-core/771a83b48e3d80a0/out/pack_triples-771a83b48e3d80a0)
2026-10-09T01:38:03.6927901Z 
2026-10-09T01:38:03.6928509Z test result: ok. 6 passed; 0 failed; 0 ignored; 0 measured; 0 filtered out; finished in 0.00s
2026-10-09T01:38:03.6928877Z 
2026-10-09T01:38:03.6935484Z 
2026-10-09T01:38:03.6935688Z running 5 tests
2026-10-09T01:38:03.6940975Z test from_bytes_rejects_a_triples_index_whose_counts_overflow ... ok
2026-10-09T01:38:03.6950615Z test full_scan_matches_dataset_quads ... ok
2026-10-09T01:38:03.6951339Z test named_graph_ids_match_dataset_named_graphs ... ok
2026-10-09T01:38:03.6952254Z test all_pattern_shapes_match_brute_force_before_round_trip ... ok
2026-10-09T01:38:03.6953243Z test serialization_round_trip_preserves_every_pattern_result ... ok
2026-10-09T01:38:03.6953714Z 
2026-10-09T01:38:03.6954086Z test result: ok. 5 passed; 0 failed; 0 ignored; 0 measured; 0 filtered out; finished in 0.00s
2026-10-09T01:38:03.6954460Z 
2026-10-09T01:38:03.6956055Z [1m[92m     Running[0m tests/paged_admission_law.rs (target/debug/build/purrdf-core/badd7e41f4f9d542/out/paged_admission_law-badd7e41f4f9d542)
2026-10-09T01:38:03.6964393Z 
2026-10-09T01:38:03.6964577Z running 11 tests
2026-10-09T01:38:03.6971405Z test a_genuinely_empty_graph_selective_answer_is_a_complete_ready_result_not_an_error ... ok
2026-10-09T01:38:03.6972901Z test compaction_preserves_the_named_graphs_value_set_in_canonical_order ... ok
2026-10-09T01:38:03.6983875Z test identical_query_on_two_fresh_views_produces_identical_requested_pages ... ok
2026-10-09T01:38:03.6985279Z test pinned_cross_page_join_admits_exactly_the_literal_page_sequence ... ok
2026-10-09T01:38:03.6990403Z test fuzz::paged_law_regressions_decode_to_their_inputs_and_hold_both_laws ... ok
2026-10-09T01:38:03.6991651Z test pinned_cross_page_join_never_admits_a_page_that_only_mentions_the_subject_as_an_object ... ok
2026-10-09T01:38:03.6992359Z test pinned_full_scan_admits_exactly_the_literal_page_set_in_order ... ok
2026-10-09T01:38:03.6993056Z test pinned_graph_enumeration_admits_no_page_where_the_pre_change_rule_scanned_them_all ... ok
2026-10-09T01:38:03.6993755Z test warm_restart_preserves_dictionary_rows_and_requested_pages_evidence ... ok
2026-10-09T01:38:03.7181853Z test fuzz::property_paged_cardinality_estimate_upper_bounds_count ... ok
2026-10-09T01:38:03.8723351Z test fuzz::property_paged_quads_for_pattern_matches_linear_scan_over_quads ... ok
2026-10-09T01:38:03.8723998Z 
2026-10-09T01:38:03.8724624Z test result: ok. 11 passed; 0 failed; 0 ignored; 0 measured; 0 filtered out; finished in 0.18s
2026-10-09T01:38:03.8725096Z 
2026-10-09T01:38:03.8726978Z [1m[92m     Running[0m tests/paged_backend.rs (target/debug/build/purrdf-core/54414fb8228fcd29/out/paged_backend-54414fb8228fcd29)
2026-10-09T01:38:03.8738923Z 
2026-10-09T01:38:03.8739128Z running 34 tests
2026-10-09T01:38:03.8744344Z test a_query_over_a_drifted_warm_restart_refuses_with_typed_sticky_invalid_data ... ok
2026-10-09T01:38:03.8746452Z test annotation_quads_in_graph_skips_a_reifier_only_page_and_still_yields_a_page_whose_only_row_in_g_is_an_annotation_row ... ok
2026-10-09T01:38:03.8748318Z test annotations_of_with_graph_skips_a_page_that_only_mentions_the_term_in_the_reifier_table_and_admits_the_owning_page ... ok
2026-10-09T01:38:03.8749375Z test cardinality_estimate_is_residency_independent ... ok
2026-10-09T01:38:03.8750360Z test compact_reclaims_dead_ids_deterministically ... ok
2026-10-09T01:38:03.8750829Z test cardinality_estimate_materializes_no_page ... ok
2026-10-09T01:38:03.8751463Z test compacted_paged_serializes_byte_identical_to_single ... ok
2026-10-09T01:38:03.8752317Z test cross_page_cost_model_is_per_page_sum ... ok
2026-10-09T01:38:03.8753060Z test freeze_refuses_non_disjoint_side_tables ... ok
2026-10-09T01:38:03.8753779Z test freeze_refuses_non_quad_disjoint_pages ... ok
2026-10-09T01:38:03.8754476Z test cross_page_parity_via_trait_surface ... ok
2026-10-09T01:38:03.8755415Z test from_parts_reconstitutes_without_materializing_pages ... ok
2026-10-09T01:38:03.8756468Z test graph_drift_fixture_with_an_honest_provider_still_returns_the_right_rows ... ok
2026-10-09T01:38:03.8757837Z test named_graph_side_table_only_content_is_skipped_by_quads_for_pattern_but_still_yielded_by_reifier_quads ... ok
2026-10-09T01:38:03.8758809Z test named_graph_query_skips_the_page_that_declares_it_empty_and_admits_the_page_that_owns_rows_elsewhere ... ok
2026-10-09T01:38:03.8759548Z test lazy_hook_fires_on_demand ... ok
2026-10-09T01:38:03.8760339Z test named_graphs_costs_no_pages ... ok
2026-10-09T01:38:03.8760984Z test paged_dataset_is_send_sync ... ok
2026-10-09T01:38:03.8761589Z test paged_named_graphs_match_a_single_merged_dataset ... ok
2026-10-09T01:38:03.8762059Z test provider_fault_categories_remain_distinct ... ok
2026-10-09T01:38:03.8762786Z test pages_for_graph_equals_the_graph_only_pattern_for_every_known_graph ... ok
2026-10-09T01:38:03.8763770Z test pages_for_pattern_predicts_actual_consumption ... ok
2026-10-09T01:38:03.8764405Z test reifier_and_annotation_quads_in_graph_match_the_filtered_whole_table_on_every_backend ... ok
2026-10-09T01:38:03.8765257Z test reifier_quads_in_graph_skips_a_base_only_page_and_still_yields_a_page_whose_only_row_in_g_is_a_reifier_row ... ok
2026-10-09T01:38:03.8765933Z test reifier_and_annotation_views_compose_across_pages ... ok
2026-10-09T01:38:03.8766819Z test retain_graph_keeps_a_declared_empty_graph_that_owns_no_row_anywhere ... ok
2026-10-09T01:38:03.8768051Z test reifier_quads_of_skips_a_page_that_only_mentions_the_term_and_admits_the_owning_page ... ok
2026-10-09T01:38:03.8769020Z test seal_rejects_a_typed_generation_mismatch ... ok
2026-10-09T01:38:03.8769574Z test verify_parts_accepts_an_honest_warm_restart ... ok
2026-10-09T01:38:03.8770788Z test retain_graph_keeps_every_page_carrying_the_graph_in_any_stream_and_materializes_none ... ok
2026-10-09T01:38:03.8771927Z test snapshot_and_byte_metadata_survive_selection_and_compaction ... ok
2026-10-09T01:38:03.8772703Z test the_same_query_over_an_honest_warm_restart_still_completes ... ok
2026-10-09T01:38:03.8773259Z test warm_restart_rejects_generation_and_page_count_mismatches ... ok
2026-10-09T01:38:03.8774074Z test verify_parts_rejects_a_summary_that_disagrees_with_page_content ... ok
2026-10-09T01:38:03.8774392Z 
2026-10-09T01:38:03.8774751Z test result: ok. 34 passed; 0 failed; 0 ignored; 0 measured; 0 filtered out; finished in 0.00s
2026-10-09T01:38:03.8775127Z 
2026-10-09T01:38:03.8775905Z [1m[92m     Running[0m tests/paged_fallible.rs (target/debug/build/purrdf-core/4ea32ca3a65efd7b/out/paged_fallible-4ea32ca3a65efd7b)
2026-10-09T01:38:03.8781444Z 
2026-10-09T01:38:03.8781631Z running 12 tests
2026-10-09T01:38:03.8785876Z test annotation_quads_in_graph_named_consumes_only_the_owning_page ... ok
2026-10-09T01:38:03.8787090Z test changed_materialization_metadata_is_invalid_data ... ok
2026-10-09T01:38:03.8788153Z test byte_budget_below_the_owning_page_charge_refuses_and_exact_equality_admits ... ok
2026-10-09T01:38:03.8789093Z test flat_view_canon_over_a_paged_view_already_failed_before_the_drain_does_no_work ... ok
2026-10-09T01:38:03.8790280Z test flat_view_canon_over_a_paged_view_ready_at_start_then_faulting_mid_drain_is_not_ready_after ... ok
2026-10-09T01:38:03.8791506Z test every_read_path_shares_one_operation_cache_and_evidence ... ok
2026-10-09T01:38:03.8792673Z test page_budget_zero_refuses_the_one_graph_query_and_budget_one_completes_it ... ok
2026-10-09T01:38:03.8793907Z test generation_drift_is_refused_before_materialization ... ok
2026-10-09T01:38:03.8794574Z test inclusive_limits_and_cache_accounting_are_exact ... ok
2026-10-09T01:38:03.8795029Z test named_graphs_is_empty_after_a_sticky_failure ... ok
2026-10-09T01:38:03.8795504Z test status_checkpoint_detects_drift_without_a_page_read ... ok
2026-10-09T01:38:03.8796902Z test provider_failure_after_seal_is_sticky_and_never_panics ... ok
2026-10-09T01:38:03.8797193Z 
2026-10-09T01:38:03.8797553Z test result: ok. 12 passed; 0 failed; 0 ignored; 0 measured; 0 filtered out; finished in 0.00s
2026-10-09T01:38:03.8797953Z 
2026-10-09T01:38:03.8800593Z [1m[92m     Running[0m tests/paged_stack.rs (target/debug/build/purrdf-core/f8eeb15c1a7764b5/out/paged_stack-f8eeb15c1a7764b5)
2026-10-09T01:38:03.8809382Z 
2026-10-09T01:38:03.8809544Z running 22 tests
2026-10-09T01:38:03.8818684Z test cached_id_rows_require_a_final_checkpoint_and_a_latched_fault_suppresses_open_iterators ... ok
2026-10-09T01:38:03.8820900Z test annotation_only_pages_demote_only_after_last_original_reifier_in_the_graph ... ok
2026-10-09T01:38:03.8822066Z test construction_append_and_snapshot_do_not_read_lower_pages ... ok
2026-10-09T01:38:03.8831275Z test declaration_probe_fault_suppresses_the_candidate_that_triggered_it ... ok
2026-10-09T01:38:03.8832790Z test chronological_removal_reinsertion_same_head_and_snapshot_isolation ... ok
2026-10-09T01:38:03.8837630Z test drift_of_skipped_or_zero_page_sources_gates_the_entire_head_and_metadata ... ok
2026-10-09T01:38:03.8839238Z test explicit_head_graph_lifetime_survives_sealing_while_populated_then_last_row_removal ... ok
2026-10-09T01:38:03.8841495Z test graph_pruning_partial_removals_empty_declarations_and_scoped_head_values_survive ... ok
2026-10-09T01:38:03.8861316Z test invalid_rows_never_mutate_the_head_and_pending_head_never_reorders ... ok
2026-10-09T01:38:03.8864980Z test head_charges_once_under_global_limits_and_folds_have_no_partial_success ... ok
2026-10-09T01:38:03.8866544Z test metadata_point_reads_detect_source_drift_without_an_earlier_status_checkpoint ... ok
2026-10-09T01:38:03.8868469Z test canonical_fold_matches_independent_eager_typed_surface_and_dictionary_for_two_histories_and_bounds ... ok
2026-10-09T01:38:03.8870418Z test new_reifiers_promote_older_primary_rows_only_in_the_matching_graph ... ok
2026-10-09T01:38:03.8871884Z test logical_id_filters_do_not_recheck_descriptors_per_row_or_cached_reread ... ok
2026-10-09T01:38:03.8873376Z test native_equal_primary_and_virtual_reifier_rows_retain_both_streams ... ok
2026-10-09T01:38:03.8874825Z test page_count_drift_is_checked_without_materialization_and_is_sticky ... ok
2026-10-09T01:38:03.8876270Z test sealed_implicit_graph_disappears_when_its_last_effective_row_is_removed ... ok
2026-10-09T01:38:03.8877771Z test summary_drift_is_refused_even_with_equal_local_values_counts_and_charges ... ok
2026-10-09T01:38:03.8881123Z test newer_typed_occurrence_wins_before_partition_and_native_primary_typing_is_retained ... ok
2026-10-09T01:38:03.8882765Z test typed_faults_changed_charges_and_layouts_refuse_reads_mutation_and_fold ... ok
2026-10-09T01:38:03.8887708Z test orphan_annotation_association_uses_its_visible_introduction_prefix ... ok
2026-10-09T01:38:03.8935610Z test deterministic_value_set_mutations_match_an_independent_oracle_at_each_snapshot ... ok
2026-10-09T01:38:03.8936010Z 
2026-10-09T01:38:03.8936606Z test result: ok. 22 passed; 0 failed; 0 ignored; 0 measured; 0 filtered out; finished in 0.01s
2026-10-09T01:38:03.8936988Z 
2026-10-09T01:38:03.8939268Z [1m[92m     Running[0m tests/purremb_adversarial.rs (target/debug/build/purrdf-core/e77e54f3088cac49/out/purremb_adversarial-e77e54f3088cac49)
2026-10-09T01:38:03.8947511Z 
2026-10-09T01:38:03.8947666Z running 7 tests
2026-10-09T01:38:03.8952748Z test embedded_stage_digest_rejects_an_independently_resealed_payload ... ok
2026-10-09T01:38:03.8953668Z test framing_corruptions_fail_closed ... ok
2026-10-09T01:38:03.8955657Z test hostile_counts_are_rejected_without_count_controlled_allocation ... ok
2026-10-09T01:38:03.8956732Z test nonfinite_and_zero_norm_vectors_fail_after_outer_resealing ... ok
2026-10-09T01:38:03.8957710Z test deep_catalog_and_projection_corruptions_are_rejected ... ok
2026-10-09T01:38:03.8958687Z test outer_and_internal_integrity_are_independently_verified ... ok
2026-10-09T01:38:03.8960418Z test arbitrary_bytes_never_panic ... ok
2026-10-09T01:38:03.8960797Z 
2026-10-09T01:38:03.8961527Z test result: ok. 7 passed; 0 failed; 0 ignored; 0 measured; 0 filtered out; finished in 0.00s
2026-10-09T01:38:03.8962014Z 
2026-10-09T01:38:03.8964084Z [1m[92m     Running[0m tests/purremb_corpus.rs (target/debug/build/purrdf-core/660f7c490969166c/out/purremb_corpus-660f7c490969166c)
2026-10-09T01:38:03.8972507Z 
2026-10-09T01:38:03.8972697Z running 2 tests
2026-10-09T01:38:03.8977581Z test unknown_critical_extension_is_rejected_by_a_reader_without_its_contract ... ok
2026-10-09T01:38:03.8978833Z test sharded_corpus_with_overlapping_multi_contract_chunks_round_trips ... ok
2026-10-09T01:38:03.8979419Z 
2026-10-09T01:38:03.8980319Z test result: ok. 2 passed; 0 failed; 0 ignored; 0 measured; 0 filtered out; finished in 0.00s
2026-10-09T01:38:03.8980763Z 
2026-10-09T01:38:03.8982093Z [1m[92m     Running[0m tests/purremb_f64.rs (target/debug/build/purrdf-core/bdc255ba4c4fb5c1/out/purremb_f64-bdc255ba4c4fb5c1)
2026-10-09T01:38:03.8990397Z 
2026-10-09T01:38:03.8990554Z running 1 test
2026-10-09T01:38:03.8994501Z test binary64_bits_and_signed_zero_round_trip ... ok
2026-10-09T01:38:03.8994761Z 
2026-10-09T01:38:03.8995158Z test result: ok. 1 passed; 0 failed; 0 ignored; 0 measured; 0 filtered out; finished in 0.00s
2026-10-09T01:38:03.8995512Z 
2026-10-09T01:38:03.8997287Z [1m[92m     Running[0m tests/purremb_float_environment.rs (target/debug/build/purrdf-core/4b7090551e76a1b6/out/purremb_float_environment-4b7090551e76a1b6)
2026-10-09T01:38:03.9005646Z 
2026-10-09T01:38:03.9005793Z running 1 test
2026-10-09T01:38:03.9012420Z test a_normalized_projection_needs_the_ieee_environment_and_a_raw_one_does_not ... ok
2026-10-09T01:38:03.9012795Z 
2026-10-09T01:38:03.9013191Z test result: ok. 1 passed; 0 failed; 0 ignored; 0 measured; 0 filtered out; finished in 0.00s
2026-10-09T01:38:03.9013553Z 
2026-10-09T01:38:03.9015187Z [1m[92m     Running[0m tests/purremb_indexes.rs (target/debug/build/purrdf-core/8ce0031573e323d1/out/purremb_indexes-8ce0031573e323d1)
2026-10-09T01:38:03.9023325Z 
2026-10-09T01:38:03.9023467Z running 5 tests
2026-10-09T01:38:03.9029037Z test inline_coarse_and_full_indexes_bind_exact_prefixes ... ok
2026-10-09T01:38:03.9030240Z test detached_index_requires_and_verifies_exact_external_payload ... ok
2026-10-09T01:38:03.9031292Z test embedded_metric_and_extension_target_digests_survive_outer_resealing ... ok
2026-10-09T01:38:03.9032024Z test stale_prefix_and_nondeterministic_inline_guards_are_rejected ... ok
2026-10-09T01:38:03.9032865Z test every_stale_index_coordinate_and_contract_guard_is_rejected ... ok
2026-10-09T01:38:03.9033197Z 
2026-10-09T01:38:03.9033606Z test result: ok. 5 passed; 0 failed; 0 ignored; 0 measured; 0 filtered out; finished in 0.00s
2026-10-09T01:38:03.9033980Z 
2026-10-09T01:38:03.9035832Z [1m[92m     Running[0m tests/purremb_metric.rs (target/debug/build/purrdf-core/aa7ad68e9788ab3c/out/purremb_metric-aa7ad68e9788ab3c)
2026-10-09T01:38:03.9043921Z 
2026-10-09T01:38:03.9044073Z running 2 tests
2026-10-09T01:38:03.9047436Z test two_metrics_are_two_families ... ok
2026-10-09T01:38:03.9050682Z test every_declared_metric_reads_back_verbatim ... ok
2026-10-09T01:38:03.9051105Z 
2026-10-09T01:38:03.9051785Z test result: ok. 2 passed; 0 failed; 0 ignored; 0 measured; 0 filtered out; finished in 0.00s
2026-10-09T01:38:03.9052423Z 
2026-10-09T01:38:03.9053471Z [1m[92m     Running[0m tests/purremb_mmap.rs (target/debug/build/purrdf-core/9826d1b083c74500/out/purremb_mmap-9826d1b083c74500)
2026-10-09T01:38:03.9062325Z 
2026-10-09T01:38:03.9062505Z running 2 tests
2026-10-09T01:38:03.9067519Z test resident_certificate_reopens_only_the_certified_byte_range ... ok
2026-10-09T01:38:03.9068199Z test heap_aligned_and_misaligned_borrows_are_logically_identical ... ok
2026-10-09T01:38:03.9068528Z 
2026-10-09T01:38:03.9069030Z test result: ok. 2 passed; 0 failed; 0 ignored; 0 measured; 0 filtered out; finished in 0.00s
2026-10-09T01:38:03.9069493Z 
2026-10-09T01:38:03.9070696Z [1m[92m     Running[0m tests/purremb_rdf12.rs (target/debug/build/purrdf-core/1f644fdbc2f48741/out/purremb_rdf12-1f644fdbc2f48741)
2026-10-09T01:38:03.9079089Z 
2026-10-09T01:38:03.9079236Z running 6 tests
2026-10-09T01:38:03.9089040Z test missing_composite_relation_is_rejected_before_writing ... ok
2026-10-09T01:38:03.9090319Z test rdf12_composites_round_trip_through_one_identity_model ... ok
2026-10-09T01:38:03.9090987Z test annotation_ordinal_refuses_a_statement_not_bound_in_its_graph ... ok
2026-10-09T01:38:03.9094404Z test annotation_source_ordinals_reject_changed_predicate_or_object ... ok
2026-10-09T01:38:03.9095613Z test source_ordinals_accept_each_statement_bound_by_one_reifier ... ok
2026-10-09T01:38:03.9103935Z test source_ordinals_reject_another_annotation_or_reifier_row ... ok
2026-10-09T01:38:03.9104444Z 
2026-10-09T01:38:03.9104825Z test result: ok. 6 passed; 0 failed; 0 ignored; 0 measured; 0 filtered out; finished in 0.00s
2026-10-09T01:38:03.9105445Z 
2026-10-09T01:38:03.9106888Z [1m[92m     Running[0m tests/purremb_roundtrip.rs (target/debug/build/purrdf-core/bc38996311463342/out/purremb_roundtrip-bc38996311463342)
2026-10-09T01:38:03.9115310Z 
2026-10-09T01:38:03.9115506Z running 3 tests
2026-10-09T01:38:03.9120708Z test canonical_artifact_matches_checked_in_golden ... ok
2026-10-09T01:38:03.9124021Z test unordered_typed_inputs_produce_identical_bytes ... ok
2026-10-09T01:38:03.9124575Z test typed_round_trip_verifies_source_and_matryoshka_views ... ok
2026-10-09T01:38:03.9124866Z 
2026-10-09T01:38:03.9125225Z test result: ok. 3 passed; 0 failed; 0 ignored; 0 measured; 0 filtered out; finished in 0.00s
2026-10-09T01:38:03.9125600Z 
2026-10-09T01:38:03.9126371Z [1m[92m     Running[0m tests/purremb_source.rs (target/debug/build/purrdf-core/f8b09b76ad60de54/out/purremb_source-f8b09b76ad60de54)
2026-10-09T01:38:03.9133304Z 
2026-10-09T01:38:03.9133454Z running 3 tests
2026-10-09T01:38:03.9138451Z test certified_mode_detects_a_wrong_rdf_claim_after_exact_mode_passes ... ok
2026-10-09T01:38:03.9139616Z test exact_and_certified_source_mismatches_are_distinct ... ok
2026-10-09T01:38:03.9140802Z test certified_mode_rejects_a_stale_source_ordinal ... ok
2026-10-09T01:38:03.9141293Z 
2026-10-09T01:38:03.9141879Z test result: ok. 3 passed; 0 failed; 0 ignored; 0 measured; 0 filtered out; finished in 0.00s
2026-10-09T01:38:03.9142440Z 
2026-10-09T01:38:03.9143231Z [1m[92m     Running[0m tests/reifier_quads_of.rs (target/debug/build/purrdf-core/db0bae2d3225cf55/out/reifier_quads_of-db0bae2d3225cf55)
2026-10-09T01:38:03.9152351Z 
2026-10-09T01:38:03.9152540Z running 5 tests
2026-10-09T01:38:03.9157037Z test paged_dataset_composes_one_reifiers_rows_across_pages ... ok
2026-10-09T01:38:03.9157949Z test paged_dataset_narrowed_lookup_equals_the_scan ... ok
2026-10-09T01:38:03.9158706Z test pack_view_narrowed_lookup_equals_the_scan ... ok
2026-10-09T01:38:03.9159448Z test paged_query_view_narrowed_lookup_equals_the_scan ... ok
2026-10-09T01:38:03.9160232Z test rdf_dataset_narrowed_lookup_equals_the_scan ... ok
2026-10-09T01:38:03.9160489Z 
2026-10-09T01:38:03.9161331Z test result: ok. 5 passed; 0 failed; 0 ignored; 0 measured; 0 filtered out; finished in 0.00s
2026-10-09T01:38:03.9161965Z 
2026-10-09T01:38:03.9162878Z [1m[92m     Running[0m tests/rules_runtime.rs (target/debug/build/purrdf-datalog/e2286f94f8400955/out/rules_runtime-e2286f94f8400955)
2026-10-09T01:38:03.9169297Z 
2026-10-09T01:38:03.9169465Z running 5 tests
2026-10-09T01:38:03.9190984Z test later_partial_delta_keeps_both_productive_anchors ... ok
2026-10-09T01:38:03.9191874Z test connected_rule_restores_all_authored_premises ... ok
2026-10-09T01:38:03.9192968Z test independent_head_projects_without_cartesian_work ... ok
2026-10-09T01:38:03.9202848Z test original_guarded_pair_has_exact_connected_work_and_authored_proofs ... ok
2026-10-09T01:38:03.9215156Z test recursive_factor_preserves_authored_proofs_and_typed_limits ... ok
2026-10-09T01:38:03.9215700Z 
2026-10-09T01:38:03.9216327Z test result: ok. 5 passed; 0 failed; 0 ignored; 0 measured; 0 filtered out; finished in 0.00s
2026-10-09T01:38:03.9216993Z 
2026-10-09T01:38:03.9220425Z [1m[92m     Running[0m tests/reference_vectors.rs (target/debug/build/purrdf-ed25519/4827b15b698adfcb/out/reference_vectors-4827b15b698adfcb)
2026-10-09T01:38:03.9228632Z 
2026-10-09T01:38:03.9228816Z running 4 tests
2026-10-09T01:38:03.9241145Z test s_plus_l_is_refused_as_non_canonical_while_s_verifies ... ok
2026-10-09T01:38:03.9283789Z test verification_edge_cases_match_the_frozen_reference ... ok
2026-10-09T01:38:03.9706375Z test key_decoding_matches_the_frozen_reference_except_where_rfc_8032_refuses ... ok
2026-10-09T01:38:04.4535498Z test two_thousand_seeded_keys_and_messages_match_the_frozen_reference_exactly ... ok
2026-10-09T01:38:04.4536496Z 
2026-10-09T01:38:04.4537464Z test result: ok. 4 passed; 0 failed; 0 ignored; 0 measured; 0 filtered out; finished in 0.53s
2026-10-09T01:38:04.4538160Z 
2026-10-09T01:38:04.4544999Z [1m[92m     Running[0m tests/rfc8032.rs (target/debug/build/purrdf-ed25519/ef23bc3f5b87511e/out/rfc8032-ef23bc3f5b87511e)
2026-10-09T01:38:04.4550640Z 
2026-10-09T01:38:04.4550826Z running 3 tests
2026-10-09T01:38:04.4561228Z test shared_clearing_preserves_live_array_and_ed25519_api ... ok
2026-10-09T01:38:04.4562740Z test every_section_7_1_signature_is_refused_over_a_changed_message ... ok
2026-10-09T01:38:04.4573131Z test every_section_7_1_vector_reproduces_and_verifies ... ok
2026-10-09T01:38:04.4573672Z 
2026-10-09T01:38:04.4574334Z test result: ok. 3 passed; 0 failed; 0 ignored; 0 measured; 0 filtered out; finished in 0.00s
2026-10-09T01:38:04.4574764Z 
2026-10-09T01:38:04.4576204Z [1m[92m     Running[0m tests/pack_view_parity.rs (target/debug/build/purrdf-entail/ed11841b8ae26a29/out/pack_view_parity-ed11841b8ae26a29)
2026-10-09T01:38:04.4585207Z 
2026-10-09T01:38:04.4585405Z running 3 tests
2026-10-09T01:38:04.4592831Z test simple_copy_is_identical_over_pack_view_and_dataset ... ok
2026-10-09T01:38:04.4707738Z test owl_rl_closure_is_identical_over_pack_view_and_dataset ... ok
2026-10-09T01:38:04.4900825Z test rdfs_closure_is_identical_over_pack_view_and_dataset ... ok
2026-10-09T01:38:04.4901328Z 
2026-10-09T01:38:04.4901961Z test result: ok. 3 passed; 0 failed; 0 ignored; 0 measured; 0 filtered out; finished in 0.03s
2026-10-09T01:38:04.4902350Z 
2026-10-09T01:38:04.4906286Z [1m[92m     Running[0m tests/reasoner.rs (target/debug/build/purrdf-entail/6777b6742b632b34/out/reasoner-6777b6742b632b34)
2026-10-09T01:38:04.4916322Z 
2026-10-09T01:38:04.4916497Z running 47 tests
2026-10-09T01:38:04.4920825Z test a_bare_hierarchy_certifies_every_profile ... ok
2026-10-09T01:38:04.4924309Z test a_consistent_ontology_is_reported_consistent_and_decided ... ok
2026-10-09T01:38:04.4926772Z test a_class_forced_into_an_empty_datatype_range_is_unsatisfiable ... ok
2026-10-09T01:38:04.4927584Z test a_construct_locality_does_not_decide_is_kept_conservatively_and_reported ... ok
2026-10-09T01:38:04.4928847Z test a_class_expression_scaffold_blank_node_is_not_a_non_distinguished_variable ... ok
2026-10-09T01:38:04.4930835Z test a_contradictory_ontology_is_reported_inconsistent_rather_than_thrown ... ok
2026-10-09T01:38:04.4932099Z test a_module_carries_the_whole_class_expression_under_a_kept_axiom ... ok
2026-10-09T01:38:04.4933126Z test a_malformed_operand_collection_blocks_dl ... ok
2026-10-09T01:38:04.4934001Z test a_narrowed_budget_reports_unknown_rather_than_a_false_negative ... ok
2026-10-09T01:38:04.4935203Z test a_narrowed_work_budget_reports_unknown_through_the_same_channel ... ok
2026-10-09T01:38:04.4940782Z test a_property_chain_blocks_dl_because_regularity_is_not_decided ... ok
2026-10-09T01:38:04.4943413Z test a_query_blank_node_outside_a_class_expression_raises_the_residue_boundary ... ok
2026-10-09T01:38:04.4945410Z test a_refutation_symbol_avoids_a_colliding_blank_label_in_the_data ... ok
2026-10-09T01:38:04.4947583Z test a_reserved_term_the_mapping_does_not_know_blocks_dl ... ok
2026-10-09T01:38:04.4949955Z test a_satisfiable_datatype_range_is_reported_consistent_and_decided ... ok
2026-10-09T01:38:04.4951367Z test a_union_is_in_rl_beneath_an_inclusion_and_in_neither_el_nor_ql ... ok
2026-10-09T01:38:04.4953058Z test an_axiom_whose_only_signature_contact_is_inside_its_complex_left_side_is_kept ... ok
2026-10-09T01:38:04.4955470Z test an_empty_datatype_range_is_reported_inconsistent_and_decided ... ok
2026-10-09T01:38:04.4957049Z test an_empty_seed_extracts_an_empty_module ... ok
2026-10-09T01:38:04.4959068Z test an_existential_is_in_el_and_in_rl_only_beneath_an_inclusion ... ok
2026-10-09T01:38:04.4961359Z test an_ontology_carrying_a_bounded_construct_is_never_reported_decided ... ok
2026-10-09T01:38:04.4966128Z test a_nominal_class_is_subsumed_through_an_assertion ... ok
2026-10-09T01:38:04.4967377Z test an_undecidable_facet_is_reported_within_boundaries_rather_than_guessed ... ok
2026-10-09T01:38:04.4968804Z test an_unplaceable_class_expression_is_checked_against_both_positions ... ok
2026-10-09T01:38:04.4970253Z test bot_follows_the_chain_upward_and_top_follows_it_downward ... ok
2026-10-09T01:38:04.4971543Z test classification_computes_the_transitive_relation_and_its_reduction ... ok
2026-10-09T01:38:04.4972900Z test class_satisfiability_decides_thing_nothing_and_a_forced_empty_class ... ok
2026-10-09T01:38:04.4974219Z test classification_finds_an_equivalence_and_an_unsatisfiable_class ... ok
2026-10-09T01:38:04.4975453Z test el_admits_a_singleton_enumeration_and_refuses_a_larger_one ... ok
2026-10-09T01:38:04.4978124Z test counting_a_transitive_role_blocks_dl ... ok
2026-10-09T01:38:04.5000383Z test every_service_is_reproducible_answer_and_certificate_alike ... ok
2026-10-09T01:38:04.5001547Z test every_axiom_form_is_decided_by_refutation ... ok
2026-10-09T01:38:04.5002669Z test instance_retrieval_reaches_a_class_nothing_asserts ... ok
2026-10-09T01:38:04.5003917Z test one_iri_declared_both_an_object_and_a_data_property_blocks_dl ... ok
2026-10-09T01:38:04.5005030Z test owl_full_is_certified_unconditionally ... ok
2026-10-09T01:38:04.5006011Z test module_extraction_is_reproducible ... ok
2026-10-09T01:38:04.5007148Z test ql_excludes_equality_functionality_transitivity_and_keys ... ok
2026-10-09T01:38:04.5008290Z test profile_certification_is_reproducible ... ok
2026-10-09T01:38:04.5009453Z test rl_admits_a_max_cardinality_of_one_and_refuses_a_max_of_two ... ok
2026-10-09T01:38:04.5011130Z test realization_reports_every_entailed_type_and_the_most_specific_ones ... ok
2026-10-09T01:38:04.5016780Z test the_augmentation_states_a_role_assertion_transitivity_entails ... ok
2026-10-09T01:38:04.5026616Z test the_augmentation_states_a_role_assertion_the_property_hierarchy_entails ... ok
2026-10-09T01:38:04.5030898Z test the_augmentation_states_a_subsumption_only_an_assertion_entails ... ok
2026-10-09T01:38:04.5031724Z test the_step_cap_can_be_narrowed_and_never_widened ... ok
2026-10-09T01:38:04.5032234Z test the_work_cap_can_be_narrowed_and_never_widened ... ok
2026-10-09T01:38:04.5178388Z test a_narrow_work_cap_exhausts_promptly_over_a_large_role_scan_and_is_deterministic ... ok
2026-10-09T01:38:04.5495590Z test a_module_entails_everything_the_full_ontology_entails_over_its_signature ... ok
2026-10-09T01:38:04.5496341Z 
2026-10-09T01:38:04.5497088Z test result: ok. 47 passed; 0 failed; 0 ignored; 0 measured; 0 filtered out; finished in 0.06s
2026-10-09T01:38:04.5497806Z 
2026-10-09T01:38:04.5501105Z [1m[92m     Running[0m tests/report_order.rs (target/debug/build/purrdf-entail/09bbdb06f9f0ae15/out/report_order-09bbdb06f9f0ae15)
2026-10-09T01:38:04.5512494Z 
2026-10-09T01:38:04.5512681Z running 2 tests
2026-10-09T01:38:04.5516651Z test profile_violations_list_nodes_in_term_value_order ... ok
2026-10-09T01:38:04.5518800Z test instance_retrieval_lists_individuals_in_term_value_order ... ok
2026-10-09T01:38:04.5519401Z 
2026-10-09T01:38:04.5520229Z test result: ok. 2 passed; 0 failed; 0 ignored; 0 measured; 0 filtered out; finished in 0.00s
2026-10-09T01:38:04.5521078Z 
2026-10-09T01:38:04.5522417Z [1m[92m     Running[0m tests/query_rewrite_e2e.rs (target/debug/build/purrdf-geo/4035b46df9c821ea/out/query_rewrite_e2e-4035b46df9c821ea)
2026-10-09T01:38:04.5533420Z 
2026-10-09T01:38:04.5533626Z running 9 tests
2026-10-09T01:38:04.5578879Z test all_four_rewrite_branches_are_reachable_from_query_text ... ok
2026-10-09T01:38:04.5580509Z test an_asserted_within_triple_matches_alongside_the_computed_rows_and_is_not_duplicated ... ok
2026-10-09T01:38:04.5600896Z test a_declared_but_unregistered_relation_iri_is_refused_while_its_registered_neighbour_answers ... ok
2026-10-09T01:38:04.5619469Z test an_undeclared_unregistered_geo_iri_is_an_ordinary_triple_pattern_matching_the_asserted_data ... ok
2026-10-09T01:38:04.5621147Z test the_rewritten_predicate_joins_back_through_the_subject_into_a_basic_graph_pattern ... ok
2026-10-09T01:38:04.5631380Z test the_rewritten_within_predicate_answers_exactly_the_entailed_rows_from_query_text ... ok
2026-10-09T01:38:04.5648300Z test contains_is_the_converse_of_within_over_the_same_data ... ok
2026-10-09T01:38:04.5727237Z test the_serialized_answer_is_byte_identical_across_runs_and_across_ingestion_orders ... ok
2026-10-09T01:38:04.6195799Z test limit_k_returns_exactly_the_prefix_of_the_unlimited_answer ... ok
2026-10-09T01:38:04.6196293Z 
2026-10-09T01:38:04.6196676Z test result: ok. 9 passed; 0 failed; 0 ignored; 0 measured; 0 filtered out; finished in 0.07s
2026-10-09T01:38:04.6197042Z 
2026-10-09T01:38:04.6200966Z [1m[92m     Running[0m tests/pinned_dict_compaction.rs (target/debug/build/purrdf-gts/f950f3c3ef08d96e/out/pinned_dict_compaction-f950f3c3ef08d96e)
2026-10-09T01:38:04.6212791Z 
2026-10-09T01:38:04.6213075Z running 10 tests
2026-10-09T01:38:04.6235622Z test a_mixed_plan_over_a_blobless_log_refuses_for_its_derived_entry ... ok
2026-10-09T01:38:04.6250902Z test a_blobless_log_still_refuses_a_derived_plan_with_the_named_refusal ... ok
2026-10-09T01:38:04.6351217Z test a_blobless_log_compacts_under_a_wholly_pinned_plan ... ok
2026-10-09T01:38:04.7931629Z test a_pinned_pack_folds_to_the_same_content_as_its_source ... ok
2026-10-09T01:38:04.7939170Z test every_primed_frame_names_the_pinned_catalog_entry_and_declares_its_dictionary_id ... ok
2026-10-09T01:38:04.7948493Z test pinned_bytes_that_are_not_a_finalized_dictionary_are_refused ... ok
2026-10-09T01:38:04.8232843Z test a_mixed_plan_pins_the_callers_bytes_and_derives_the_rest ... ok
2026-10-09T01:38:04.8362002Z test a_pinned_plan_carries_the_callers_exact_dictionary_bytes_in_the_header ... ok
2026-10-09T01:38:04.9935962Z test the_order_dictionaries_appear_in_a_plan_does_not_change_the_bytes ... ok
2026-10-09T01:38:05.0025727Z test the_same_input_and_pinned_plan_compact_to_byte_identical_packs ... ok
2026-10-09T01:38:05.0026197Z 
2026-10-09T01:38:05.0026730Z test result: ok. 10 passed; 0 failed; 0 ignored; 0 measured; 0 filtered out; finished in 0.38s
2026-10-09T01:38:05.0027196Z 
2026-10-09T01:38:05.0032818Z [1m[92m     Running[0m tests/replication_diff.rs (target/debug/build/purrdf-gts/76c8a66481df53cb/out/replication_diff-76c8a66481df53cb)
2026-10-09T01:38:05.0043827Z 
2026-10-09T01:38:05.0043984Z running 12 tests
2026-10-09T01:38:05.0053143Z test diff_identical_is_current ... ok
2026-10-09T01:38:05.0056321Z test diff_appends_new_segment_is_fetch ... ok
2026-10-09T01:38:05.0057258Z test diff_fork_is_diverged ... ok
2026-10-09T01:38:05.0058434Z test diff_empty_local_fetches_all ... ok
2026-10-09T01:38:05.0059963Z test diff_midsegment_forged_prev_is_diverged ... ok
2026-10-09T01:38:05.0060774Z test diff_json_schema_and_shape ... ok
2026-10-09T01:38:05.0061854Z test diff_reencoded_common_segment_is_diverged ... ok
2026-10-09T01:38:05.0062935Z test diff_problem_inventory_is_error ... ok
2026-10-09T01:38:05.0063981Z test diff_midsegment_append_is_fetch ... ok
2026-10-09T01:38:05.0065317Z test diff_reconstructs_remote_via_splice ... ok
2026-10-09T01:38:05.0066027Z test diff_remote_behind_is_current ... ok
2026-10-09T01:38:05.0066727Z test diff_result_debug_and_clone_are_available ... ok
2026-10-09T01:38:05.0067133Z 
2026-10-09T01:38:05.0067795Z test result: ok. 12 passed; 0 failed; 0 ignored; 0 measured; 0 filtered out; finished in 0.00s
2026-10-09T01:38:05.0068417Z 
2026-10-09T01:38:05.0070683Z [1m[92m     Running[0m tests/purremb_roundtrip.rs (target/debug/build/purrdf-hnsw/1bf03bd08bc7f633/out/purremb_roundtrip-1bf03bd08bc7f633)
2026-10-09T01:38:05.0079615Z 
2026-10-09T01:38:05.0080033Z running 15 tests
2026-10-09T01:38:05.0100291Z test a_foreign_evidence_revision_is_refused_at_bind_time ... ok
2026-10-09T01:38:05.0105506Z test a_guard_claiming_transformed_vectors_is_refused_at_bind_time ... ok
2026-10-09T01:38:05.0106495Z test a_foreign_build_identity_is_refused_at_the_guard ... ok
2026-10-09T01:38:05.0121322Z test a_foreign_build_shape_is_refused_at_the_guard ... ok
2026-10-09T01:38:05.0122276Z test a_substituted_payload_is_refused_before_any_search ... ok
2026-10-09T01:38:05.0123187Z test a_reloaded_space_searches_over_the_target_row_order ... ok
2026-10-09T01:38:05.0131148Z test a_search_over_a_coarse_prefix_still_answers ... ok
2026-10-09T01:38:05.0132019Z test multiple_matching_guards_is_a_construction_failure ... ok
2026-10-09T01:38:05.0169309Z test the_payload_round_trips_through_the_real_sections ... ok
2026-10-09T01:38:05.0171073Z test a_tampered_reassociated_payload_verifies_false_at_the_guard ... ok
2026-10-09T01:38:05.0172212Z test the_declared_use_role_is_read_off_the_projection ... ok
2026-10-09T01:38:05.0178698Z test zero_matching_guards_is_a_construction_failure ... ok
2026-10-09T01:38:05.0180422Z test guard_refuses_cross_paired_profile ... ok
2026-10-09T01:38:05.0185618Z test the_profiles_own_evidence_and_loss_contract_still_bind_and_are_what_fidelity_reports ... ok
2026-10-09T01:38:05.0187610Z test verify_rebuild_is_true_for_fresh_and_false_for_tampered ... ok
2026-10-09T01:38:05.0187943Z 
2026-10-09T01:38:05.0188309Z test result: ok. 15 passed; 0 failed; 0 ignored; 0 measured; 0 filtered out; finished in 0.01s
2026-10-09T01:38:05.0188687Z 
2026-10-09T01:38:05.0192043Z [1m[92m     Running[0m tests/ranked_declaration.rs (target/debug/build/purrdf-hnsw/ea0077caf20dea3d/out/ranked_declaration-ea0077caf20dea3d)
2026-10-09T01:38:05.0201930Z 
2026-10-09T01:38:05.0202101Z running 17 tests
2026-10-09T01:38:05.0213040Z test a_host_that_transformed_nothing_gets_the_declaration_it_always_had ... ok
2026-10-09T01:38:05.0214730Z test a_host_that_approximated_its_vectors_declares_a_perturbed_order ... ok
2026-10-09T01:38:05.0216132Z test the_composition_takes_the_worse_of_the_two_and_keeps_the_hosts_words ... ok
2026-10-09T01:38:05.0217480Z test the_declaration_carries_the_profile_evidence_byte_for_byte ... ok
2026-10-09T01:38:05.0218802Z test reassociated_hnsw_declares_its_evidence_perturbed_order_and_law ... ok
2026-10-09T01:38:05.0220235Z test a_search_within_the_beam_is_still_served ... ok
2026-10-09T01:38:05.0221701Z test the_declaration_names_the_positions_the_relation_really_renders ... ok
2026-10-09T01:38:05.0222703Z test the_declaration_registers_through_the_ranked_path ... ok
2026-10-09T01:38:05.0223617Z test the_generation_is_declared_on_both_construction_paths ... ok
2026-10-09T01:38:05.0224458Z test the_declaration_promises_distinct_rows ... ok
2026-10-09T01:38:05.0225464Z test the_generation_moves_when_a_bound_term_moves ... ok
2026-10-09T01:38:05.0226447Z test the_order_axis_is_a_function_of_the_loss_contract_and_not_a_literal ... ok
2026-10-09T01:38:05.0227432Z test the_generation_is_stable_across_identical_builds ... ok
2026-10-09T01:38:05.0228224Z test the_generation_moves_when_the_beam_moves ... ok
2026-10-09T01:38:05.0229001Z test the_shipped_relation_is_pinned_to_that_function ... ok
2026-10-09T01:38:05.0230120Z test the_unranked_path_declares_nothing_and_so_forms_no_stratum ... ok
2026-10-09T01:38:05.0235865Z test the_declared_row_bound_never_exceeds_the_beam ... ok
2026-10-09T01:38:05.0236562Z 
2026-10-09T01:38:05.0237253Z test result: ok. 17 passed; 0 failed; 0 ignored; 0 measured; 0 filtered out; finished in 0.00s
2026-10-09T01:38:05.0237871Z 
2026-10-09T01:38:05.0239240Z [1m[92m     Running[0m tests/property.rs (target/debug/build/purrdf-iri/8b7ee0f5bc5b9f28/out/property-8b7ee0f5bc5b9f28)
2026-10-09T01:38:05.0249665Z 
2026-10-09T01:38:05.0250062Z running 10 tests
2026-10-09T01:38:05.0319557Z test langtag_canonical_case_preserves_acceptance ... ok
2026-10-09T01:38:05.0321012Z test langtag_canonical_case_is_idempotent ... ok
2026-10-09T01:38:05.0331437Z test langtag_regressions_decode_to_their_tags_and_hold_every_property ... ok
2026-10-09T01:38:05.0338360Z test langtag_parsing_is_total_over_arbitrary_input ... ok
2026-10-09T01:38:05.0342183Z test normalize_idempotent ... ok
2026-10-09T01:38:05.0344172Z test langtag_owning_and_borrowing_forms_agree ... ok
2026-10-09T01:38:05.0351589Z test parse_is_verbatim ... ok
2026-10-09T01:38:05.0354208Z test resolution_preserves_absoluteness ... ok
2026-10-09T01:38:05.0385832Z test langtag_profiles_are_ordered_by_acceptance ... ok
2026-10-09T01:38:05.0464904Z test the_structured_generator_produces_well_formed_tags ... ok
2026-10-09T01:38:05.0465389Z 
2026-10-09T01:38:05.0465955Z test result: ok. 10 passed; 0 failed; 0 ignored; 0 measured; 0 filtered out; finished in 0.02s
2026-10-09T01:38:05.0466546Z 
2026-10-09T01:38:05.0468032Z [1m[92m     Running[0m tests/resolution.rs (target/debug/build/purrdf-iri/30df14bc339671d1/out/resolution-30df14bc339671d1)
2026-10-09T01:38:05.0476552Z 
2026-10-09T01:38:05.0476755Z running 3 tests
2026-10-09T01:38:05.0479204Z test resolve_requires_absolute_base ... ok
2026-10-09T01:38:05.0481435Z test rfc3986_5_4_2_abnormal_examples ... ok
2026-10-09T01:38:05.0482091Z test rfc3986_5_4_1_normal_examples ... ok
2026-10-09T01:38:05.0482430Z 
2026-10-09T01:38:05.0483591Z [1m[92m     Running[0m tests/roundtrip.rs (target/debug/build/purrdf-json/6e0201b0ec67f582/out/roundtrip-6e0201b0ec67f582)
2026-10-09T01:38:05.0485065Z test result: ok. 3 passed; 0 failed; 0 ignored; 0 measured; 0 filtered out; finished in 0.00s
2026-10-09T01:38:05.0485666Z 
2026-10-09T01:38:05.0493948Z 
2026-10-09T01:38:05.0494152Z running 23 tests
2026-10-09T01:38:05.0520616Z test conflicting_metadata_never_uses_first_or_last_value ... ok
2026-10-09T01:38:05.0540680Z test digest_and_profile_are_mandatory_typed_identity_metadata ... ok
2026-10-09T01:38:05.0551260Z test duplicate_member_occurrences_have_distinct_identity_and_parentage ... ok
2026-10-09T01:38:05.0552563Z test document_profile_and_length_refuse_before_owned_subgraph_collection ... ok
2026-10-09T01:38:05.0553796Z test equivalent_rdf12_metadata_and_unrelated_statement_layers_coexist ... ok
2026-10-09T01:38:05.0554902Z test every_resource_bound_is_enforced_and_changes_identity ... ok
2026-10-09T01:38:05.0555983Z test cover_success_cannot_launder_fabricated_structural_metadata ... ok
2026-10-09T01:38:05.0557109Z test explicit_selection_isolates_source_revisions_in_a_merged_dataset ... ok
2026-10-09T01:38:05.0558192Z test fabricated_container_size_and_extra_scalar_size_are_refused ... ok
2026-10-09T01:38:05.0559148Z test impossible_profile_bounds_refuse_at_construction ... ok
2026-10-09T01:38:05.0560590Z test lexical_strings_and_number_spellings_are_authoritative ... ok
2026-10-09T01:38:05.0561556Z test pointers_decode_keys_and_escape_each_reference_token ... ok
2026-10-09T01:38:05.0562888Z test profile_and_document_identities_match_independent_framed_sha256_vectors ... ok
2026-10-09T01:38:05.0563952Z test profile_mismatch_fails_before_projection_or_decode ... ok
2026-10-09T01:38:05.0564954Z test rdf12_side_tables_cannot_hide_conflicting_metadata_or_ownership ... ok
2026-10-09T01:38:05.0566054Z test rejects_changed_ownership_named_graphs_and_unexpected_predicates ... ok
2026-10-09T01:38:05.0567139Z test rejects_json_grammar_extensions_and_unrepresentable_member_names ... ok
2026-10-09T01:38:05.0568178Z test rejects_malformed_offsets_wrong_datatypes_and_language_tags ... ok
2026-10-09T01:38:05.0569327Z test source_and_vocabulary_require_real_absolute_iris ... ok
2026-10-09T01:38:05.0570627Z test sparql_traverses_parent_paths_sizes_and_distinct_raw_values ... ok
2026-10-09T01:38:05.0571729Z test document_bases_factor_full_identities_for_every_namespace_shape ... ok
2026-10-09T01:38:05.0572665Z test every_required_metadata_fact_is_required ... ok
2026-10-09T01:38:05.0907344Z test frozen_corpus_round_trips_through_real_rdf_serialization_and_reparse ... ok
2026-10-09T01:38:05.0907735Z 
2026-10-09T01:38:05.0908114Z test result: ok. 23 passed; 0 failed; 0 ignored; 0 measured; 0 filtered out; finished in 0.04s
2026-10-09T01:38:05.0908483Z 
2026-10-09T01:38:05.0913477Z [1m[92m     Running[0m tests/pattern_differential.rs (target/debug/build/purrdf-jsonschema/9195df189760ebc8/out/pattern_differential-9195df189760ebc8)
2026-10-09T01:38:05.0924284Z 
2026-10-09T01:38:05.0924459Z running 1 test
2026-10-09T01:38:06.1282040Z test every_node_verdict_is_reproduced ... ok
2026-10-09T01:38:06.1282702Z 
2026-10-09T01:38:06.1283294Z test result: ok. 1 passed; 0 failed; 0 ignored; 0 measured; 0 filtered out; finished in 1.04s
2026-10-09T01:38:06.1283673Z 
2026-10-09T01:38:06.1288206Z [1m[92m     Running[0m tests/roundtrip.rs (target/debug/build/purrdf-markdown/6f8cf25d290b566d/out/roundtrip-6f8cf25d290b566d)
2026-10-09T01:38:06.1302420Z 
2026-10-09T01:38:06.1302588Z running 9 tests
2026-10-09T01:38:06.1328219Z test a_cover_the_graph_half_extracts_and_the_span_half_refuses_names_the_missing_bytes ... ok
2026-10-09T01:38:06.1330111Z test a_continues_edge_naming_a_spanless_piece_is_refused_by_the_piece_it_names ... ok
2026-10-09T01:38:06.1350377Z test a_real_split_chain_with_a_shared_cut_declares_its_overlaps_and_roundtrips ... ok
2026-10-09T01:38:06.1367170Z test a_graph_that_cannot_anchor_a_decode_names_what_it_lacks ... ok
2026-10-09T01:38:06.1430896Z test the_only_plain_literals_are_unit_texts_and_heading_words ... ok
2026-10-09T01:38:06.1432312Z test two_documents_in_one_dataset_each_decode_by_their_own_membership ... ok
2026-10-09T01:38:06.1506990Z test every_shape_of_document_roundtrips_byte_for_byte ... ok
2026-10-09T01:38:06.1580174Z test no_two_structure_nodes_are_adjacent_and_none_is_empty ... ok
2026-10-09T01:38:06.5836997Z test the_field_guide_roundtrips_under_the_declared_law_and_under_splitting_bounds ... ok
2026-10-09T01:38:06.5837767Z 
2026-10-09T01:38:06.5838537Z test result: ok. 9 passed; 0 failed; 0 ignored; 0 measured; 0 filtered out; finished in 0.45s
2026-10-09T01:38:06.5839269Z 
2026-10-09T01:38:06.5867313Z [1m[92m     Running[0m tests/pack_reconstruct_roundtrip.rs (target/debug/build/purrdf-rdf/bf97066d4dd8235e/out/pack_reconstruct_roundtrip-bf97066d4dd8235e)
2026-10-09T01:38:06.5878875Z 
2026-10-09T01:38:06.5879068Z running 2 tests
2026-10-09T01:38:06.5885539Z test restore_pack_roundtrips_the_full_fixture ... ok
2026-10-09T01:38:06.5889333Z test dataset_from_view_roundtrips_the_full_fixture ... ok
2026-10-09T01:38:06.5890376Z 
2026-10-09T01:38:06.5891369Z test result: ok. 2 passed; 0 failed; 0 ignored; 0 measured; 0 filtered out; finished in 0.00s
2026-10-09T01:38:06.5892074Z 
2026-10-09T01:38:06.5893645Z [1m[92m     Running[0m tests/pinned_dict_compaction.rs (target/debug/build/purrdf-rdf/79cb36ba1b529f24/out/pinned_dict_compaction-79cb36ba1b529f24)
2026-10-09T01:38:06.5902491Z 
2026-10-09T01:38:06.5902649Z running 3 tests
2026-10-09T01:38:06.6065246Z test a_blobless_pinned_pack_round_trips_and_verifies ... ok
2026-10-09T01:38:06.6698176Z test a_pinned_pack_round_trips_at_canonical_graph_identity_and_verifies ... ok
2026-10-09T01:38:06.6875509Z test pinning_a_dictionary_does_not_perturb_a_derived_compaction_of_the_same_source ... ok
2026-10-09T01:38:06.6876698Z 
2026-10-09T01:38:06.6877421Z test result: ok. 3 passed; 0 failed; 0 ignored; 0 measured; 0 filtered out; finished in 0.10s
2026-10-09T01:38:06.6878071Z 
2026-10-09T01:38:06.6882371Z [1m[92m     Running[0m tests/projection_config_iris.rs (target/debug/build/purrdf-rdf/9e0e77d7dc1e248f/out/projection_config_iris-9e0e77d7dc1e248f)
2026-10-09T01:38:06.6892124Z 
2026-10-09T01:38:06.6892291Z running 3 tests
2026-10-09T01:38:06.6902179Z test a_frictionless_package_profile_accepts_a_registry_identifier_and_a_url ... ok
2026-10-09T01:38:06.6903026Z test a_document_base_iri_is_gated_when_the_configuration_document_sets_it ... ok
2026-10-09T01:38:06.7589365Z test every_iri_valued_configuration_field_is_gated_by_the_shared_layer ... ok
2026-10-09T01:38:06.7590745Z 
2026-10-09T01:38:06.7591533Z test result: ok. 3 passed; 0 failed; 0 ignored; 0 measured; 0 filtered out; finished in 0.07s
2026-10-09T01:38:06.7592370Z 
2026-10-09T01:38:06.7593630Z [1m[92m     Running[0m tests/projection_csv.rs (target/debug/build/purrdf-rdf/c894064d8bdf484c/out/projection_csv-c894064d8bdf484c)
2026-10-09T01:38:06.7603483Z 
2026-10-09T01:38:06.7603714Z running 1 test
2026-10-09T01:38:06.7617732Z test public_csv_surfaces_round_trip_without_hidden_vocabulary ... ok
2026-10-09T01:38:06.7618521Z 
2026-10-09T01:38:06.7619479Z test result: ok. 1 passed; 0 failed; 0 ignored; 0 measured; 0 filtered out; finished in 0.00s
2026-10-09T01:38:06.7620604Z 
2026-10-09T01:38:06.7622781Z [1m[92m     Running[0m tests/projection_graph_carriers.rs (target/debug/build/purrdf-rdf/4f07a6a8a07e4e7f/out/projection_graph_carriers-4f07a6a8a07e4e7f)
2026-10-09T01:38:06.7629406Z 
2026-10-09T01:38:06.7629612Z running 1 test
2026-10-09T01:38:06.7646193Z test public_graph_carriers_round_trip_without_hidden_vocabulary ... ok
2026-10-09T01:38:06.7646635Z 
2026-10-09T01:38:06.7647141Z test result: ok. 1 passed; 0 failed; 0 ignored; 0 measured; 0 filtered out; finished in 0.00s
2026-10-09T01:38:06.7647854Z 
2026-10-09T01:38:06.7650138Z [1m[92m     Running[0m tests/projection_streaming.rs (target/debug/build/purrdf-rdf/c0622c9b5c8ca1e7/out/projection_streaming-c0622c9b5c8ca1e7)
2026-10-09T01:38:06.7662059Z 
2026-10-09T01:38:06.7662241Z running 3 tests
2026-10-09T01:38:06.7697064Z test sink_and_observer_failures_abort_without_a_success_event ... ok
2026-10-09T01:38:06.7875351Z test every_lpg_sink_is_chunked_transactional_and_byte_identical ... ok
2026-10-09T01:38:06.7883975Z test unified_profile_dispatcher_uses_the_same_sink_engine ... ok
2026-10-09T01:38:06.7884456Z 
2026-10-09T01:38:06.7885062Z test result: ok. 3 passed; 0 failed; 0 ignored; 0 measured; 0 filtered out; finished in 0.02s
2026-10-09T01:38:06.7885646Z 
2026-10-09T01:38:06.7893476Z [1m[92m     Running[0m tests/property_roundtrip.rs (target/debug/build/purrdf-rdf/41be2eff1cc9f423/out/property_roundtrip-41be2eff1cc9f423)
2026-10-09T01:38:06.7905653Z 
2026-10-09T01:38:06.7905799Z running 17 tests
2026-10-09T01:38:06.7909960Z test a_scope_suffix_shaped_label_is_a_literal_label ... ok
2026-10-09T01:38:06.7925058Z test bnode_label_generator_is_in_contract ... ok
2026-10-09T01:38:06.7925880Z test legal_blank_labels_pass_through_unescaped ... ok
2026-10-09T01:38:06.7940905Z test legal_ncname_labels_pass_through_unescaped ... ok
2026-10-09T01:38:06.7952375Z test ncname_label_generator_is_in_contract ... ok
2026-10-09T01:38:06.7955408Z test nquads_dotted_label_is_verbatim_on_wire_and_stays_one_node ... ok
2026-10-09T01:38:06.7968341Z test flat_canon_of_a_sentinel_spelled_reifier_matches_its_real_predicate_spelling ... ok
2026-10-09T01:38:06.7969651Z test rdfxml_escapes_an_ncname_illegal_blank_label ... ok
2026-10-09T01:38:06.8020827Z test flat_view_canon_matches_the_pre_delegation_flatten_route ... ok
2026-10-09T01:38:06.8033165Z test trig_dotted_label_followed_by_close_brace ... ok
2026-10-09T01:38:06.8088087Z test rdfxml_roundtrip ... ok
2026-10-09T01:38:06.8098640Z test turtle_dotted_label_followed_by_close_bracket ... ok
2026-10-09T01:38:06.8107059Z test nquads_roundtrip ... ok
2026-10-09T01:38:06.8108953Z test turtle_dotted_label_followed_by_semicolon ... ok
2026-10-09T01:38:06.8111886Z test turtle_dotted_label_followed_by_comma ... ok
2026-10-09T01:38:06.8170199Z test gts_roundtrip ... ok
2026-10-09T01:38:06.8182016Z test trig_roundtrip ... ok
2026-10-09T01:38:06.8182436Z 
2026-10-09T01:38:06.8183360Z test result: ok. 17 passed; 0 failed; 0 ignored; 0 measured; 0 filtered out; finished in 0.03s
2026-10-09T01:38:06.8183998Z 
2026-10-09T01:38:06.8187631Z [1m[92m     Running[0m tests/rdf12_canon_profile.rs (target/debug/build/purrdf-rdf/dfa266037dab5289/out/rdf12_canon_profile-dfa266037dab5289)
2026-10-09T01:38:06.8197779Z 
2026-10-09T01:38:06.8197971Z running 12 tests
2026-10-09T01:38:06.8201698Z test a_named_graph_annotation_lowers_to_a_flat_row_in_its_own_graph ... ok
2026-10-09T01:38:06.8202986Z test a_doubly_spelled_reifier_row_is_emitted_once_under_the_flat_presentation ... ok
2026-10-09T01:38:06.8204357Z test a_named_graph_reifier_lowers_to_flat_rdf_reifies_in_its_declaring_graph ... ok
2026-10-09T01:38:06.8216607Z test a_spelled_annotation_co_canonicalizes_with_the_flat_row_it_spells ... ok
2026-10-09T01:38:06.8217715Z test a_spelled_reifier_co_canonicalizes_with_the_flat_row_it_spells ... ok
2026-10-09T01:38:06.8218607Z test flat_view_leaves_an_ordinary_quad_unchanged ... ok
2026-10-09T01:38:06.8219478Z test a_spelled_reifier_co_canonicalizes_with_the_row_it_spells ... ok
2026-10-09T01:38:06.8220633Z test the_corpus_digest_matches_the_constant_a_consumer_pins ... ok
2026-10-09T01:38:06.8221296Z test the_profile_identity_is_readable_from_the_api ... ok
2026-10-09T01:38:06.8221773Z test the_corpus_pairs_hold_their_declared_relations ... ok
2026-10-09T01:38:06.8222360Z test no_corpus_golden_leaks_the_reserved_namespace_under_the_flat_presentation ... ok
2026-10-09T01:38:07.7832251Z test the_corpus_matches_its_pinned_expectations ... ok
2026-10-09T01:38:07.7832608Z 
2026-10-09T01:38:07.7833017Z test result: ok. 12 passed; 0 failed; 0 ignored; 0 measured; 0 filtered out; finished in 0.96s
2026-10-09T01:38:07.7833460Z 
2026-10-09T01:38:07.7837673Z [1m[92m     Running[0m tests/rdfc_w3c.rs (target/debug/build/purrdf-rdf/62271b4a24f5f4b6/out/rdfc_w3c-62271b4a24f5f4b6)
2026-10-09T01:38:07.7850041Z 
2026-10-09T01:38:07.7850246Z running 6 tests
2026-10-09T01:38:07.7859252Z test w3c_inventory ... ok
2026-10-09T01:38:07.7900335Z test w3c_rdfc10_shard_2 ... ok
2026-10-09T01:38:07.7930436Z test w3c_rdfc10_shard_0 ... ok
2026-10-09T01:38:07.7937348Z test w3c_rdfc10_shard_1 ... ok
2026-10-09T01:38:07.7948644Z test w3c_rdfc10_shard_3 ... ok
2026-10-09T01:38:08.7488376Z test w3c_rdfc10_heavy_offgate ... ok
2026-10-09T01:38:08.7489115Z 
2026-10-09T01:38:08.7490864Z test result: ok. 6 passed; 0 failed; 0 ignored; 0 measured; 0 filtered out; finished in 0.96s
2026-10-09T01:38:08.7492280Z 
2026-10-09T01:38:08.7495477Z [1m[92m     Running[0m tests/rdfxml_predicate_names.rs (target/debug/build/purrdf-rdf/67578d21f04bc1c6/out/rdfxml_predicate_names-67578d21f04bc1c6)
2026-10-09T01:38:08.7504396Z 
2026-10-09T01:38:08.7504976Z running 8 tests
2026-10-09T01:38:08.7512010Z test a_colon_in_the_tail_belongs_to_the_namespace_not_the_local_part ... ok
2026-10-09T01:38:08.7513855Z test a_feminine_ordinal_indicator_does_not_open_an_element_name ... ok
2026-10-09T01:38:08.7515687Z test a_quoted_triples_inner_predicate_is_declared_too ... ok
2026-10-09T01:38:08.7516749Z test an_iri_with_no_ncname_suffix_is_refused_rather_than_rewritten ... ok
2026-10-09T01:38:08.7517894Z test a_tail_that_cannot_open_a_name_moves_the_split_rather_than_the_predicate ... ok
2026-10-09T01:38:08.7518858Z test an_nfd_decomposed_local_name_round_trips ... ok
2026-10-09T01:38:08.7523038Z test middle_dot_and_undertie_continue_a_local_name ... ok
2026-10-09T01:38:08.7524327Z test an_ordinary_ascii_local_name_still_round_trips ... ok
2026-10-09T01:38:08.7525094Z 
2026-10-09T01:38:08.7525881Z test result: ok. 8 passed; 0 failed; 0 ignored; 0 measured; 0 filtered out; finished in 0.00s
2026-10-09T01:38:08.7526310Z 
2026-10-09T01:38:08.7527233Z [1m[92m     Running[0m tests/relative_iri_base.rs (target/debug/build/purrdf-rdf/ddaca0edad7a430f/out/relative_iri_base-ddaca0edad7a430f)
2026-10-09T01:38:08.7533476Z 
2026-10-09T01:38:08.7533657Z running 67 tests
2026-10-09T01:38:08.7551065Z test a_caller_base_is_reported_as_the_callers ... ok
2026-10-09T01:38:08.7552550Z test a_base_less_grammar_still_reports_the_caller_base ... ok
2026-10-09T01:38:08.7553739Z test a_document_declared_base_survives_a_transcode_with_no_caller_base ... ok
2026-10-09T01:38:08.7554954Z test a_caller_jsonld_context_and_the_egress_base_compose ... ok
2026-10-09T01:38:08.7556160Z test a_context_that_declares_its_own_base_keeps_it_over_the_egress_base ... ok
2026-10-09T01:38:08.7557422Z test a_base_and_the_statement_layer_survive_together_under_a_non_dataset_selection ... ok
2026-10-09T01:38:08.7558468Z test a_jsonld_context_base_overrides_the_caller_base ... ok
2026-10-09T01:38:08.7559487Z test a_jsonld_document_without_a_context_base_keeps_the_callers_provenance ... ok
2026-10-09T01:38:08.7560786Z test a_jsonld_null_base_clears_the_caller_base_in_the_report ... ok
2026-10-09T01:38:08.7561598Z test a_named_selection_reports_the_statement_rows_it_drops ... ok
2026-10-09T01:38:08.7562125Z test a_jsonld_vocab_still_beats_the_base_in_vocab_position ... ok
2026-10-09T01:38:08.7563085Z test a_non_absolute_egress_base_is_refused_by_every_format ... ok
2026-10-09T01:38:08.7564162Z test a_prefix_namespace_is_fixed_when_the_directive_is_read ... ok
2026-10-09T01:38:08.7565113Z test a_relative_base_directive_is_reported_already_composed ... ok
2026-10-09T01:38:08.7566261Z test a_jsonld_value_object_datatype_resolves_against_the_document_base ... ok
2026-10-09T01:38:08.7567234Z test a_transcode_with_no_base_anywhere_invents_none ... ok
2026-10-09T01:38:08.7568166Z test a_vocab_only_position_is_not_reported_as_a_missing_base ... ok
2026-10-09T01:38:08.7569248Z test a_ucschar_that_renders_as_whitespace_survives_serialize_then_parse ... ok
2026-10-09T01:38:08.7570740Z test absolute_only_grammars_refuse_relative_references_with_and_without_a_base ... ok
2026-10-09T01:38:08.7571997Z test an_absolute_only_refusal_names_the_base_in_scope_instead_of_denying_it ... ok
2026-10-09T01:38:08.7572992Z test a_yamlld_context_base_overrides_the_caller_base ... ok
2026-10-09T01:38:08.7580418Z test an_absolute_only_refusal_still_reports_an_absent_base_as_absent ... ok
2026-10-09T01:38:08.7581513Z test an_rdfxml_qualified_name_refusal_names_the_base_in_scope ... ok
2026-10-09T01:38:08.7582364Z test base_directives_chain_three_deep ... ok
2026-10-09T01:38:08.7583423Z test an_unresolved_relative_iri_never_reaches_the_serializer ... ok
2026-10-09T01:38:08.7584537Z test every_base_emitting_format_round_trips_through_its_own_declaration ... ok
2026-10-09T01:38:08.7585654Z test every_format_applies_the_policy_its_capability_column_declares ... ok
2026-10-09T01:38:08.7586667Z test caller_supplied_base_matches_the_in_document_directive ... ok
2026-10-09T01:38:08.7587713Z test every_format_emits_a_base_exactly_when_its_capability_column_says_so ... ok
2026-10-09T01:38:08.7588755Z test jsonld_base_is_read_rather_than_accepted_and_dropped ... ok
2026-10-09T01:38:08.7591449Z test jsonld_and_yamlld_agree_on_context_base_precedence ... ok
2026-10-09T01:38:08.7592476Z test jsonld_id_and_type_agree_about_whether_a_base_is_in_scope ... ok
2026-10-09T01:38:08.7593481Z test jsonld_relative_type_resolves_against_the_caller_base ... ok
2026-10-09T01:38:08.7594460Z test jsonld_resolves_a_relative_id_against_the_caller_base ... ok
2026-10-09T01:38:08.7595501Z test jsonld_without_a_base_refuses_a_relative_type_with_the_shared_code ... ok
2026-10-09T01:38:08.7596468Z test jsonld_without_a_base_still_refuses_a_relative_id ... ok
2026-10-09T01:38:08.7597355Z test jsonld_relative_type_resolves_against_the_document_base ... ok
2026-10-09T01:38:08.7597894Z test network_path_reference_takes_the_bases_scheme ... ok
2026-10-09T01:38:08.7598387Z test no_base_anywhere_is_reported_as_none ... ok
2026-10-09T01:38:08.7598764Z test jsonld_reports_its_context_base ... ok
2026-10-09T01:38:08.7599359Z test path_noscheme_is_a_parse_error_not_a_missing_base ... ok
2026-10-09T01:38:08.7600725Z test rdfxml_empty_about_denotes_the_document ... ok
2026-10-09T01:38:08.7601580Z test rdfxml_does_not_report_a_subtree_xml_base_as_the_documents ... ok
2026-10-09T01:38:08.7602202Z test rdfxml_rdf_id_is_a_resolved_same_document_reference ... ok
2026-10-09T01:38:08.7602931Z test rdfxml_relative_about_without_a_base_is_the_same_error ... ok
2026-10-09T01:38:08.7603612Z test rdfxml_reports_the_root_xml_base ... ok
2026-10-09T01:38:08.7604040Z test rdfxml_xml_base_is_scoped_to_its_subtree ... ok
2026-10-09T01:38:08.7604556Z test rdfxml_urn_shaped_relative_reference_is_not_mistaken_for_absolute ... ok
2026-10-09T01:38:08.7605077Z test rdfxml_xml_base_nests_and_may_be_relative ... ok
2026-10-09T01:38:08.7605559Z test relative_reference_without_a_base_is_a_located_hard_error ... ok
2026-10-09T01:38:08.7606126Z test same_document_reference_keeps_the_query_and_drops_the_fragment ... ok
2026-10-09T01:38:08.7606699Z test the_document_base_beats_the_caller_base_through_the_transcode ... ok
2026-10-09T01:38:08.7607251Z test rdfxml_resolves_the_full_rfc3986_5_4_table_through_xml_base ... ok
2026-10-09T01:38:08.7607702Z test the_document_base_crosses_syntaxes ... ok
2026-10-09T01:38:08.7608195Z test the_reported_base_is_the_one_in_force_at_the_end_of_the_document ... ok
2026-10-09T01:38:08.7608790Z test the_same_transcode_without_the_document_base_emits_absolute_iris ... ok
2026-10-09T01:38:08.7609355Z test the_streaming_lane_reports_the_same_base_as_the_buffered_lane ... ok
2026-10-09T01:38:08.7610214Z test the_statement_layer_axis_is_honoured_and_counted_by_every_format ... ok
2026-10-09T01:38:08.7610773Z test turtle_reports_its_own_base_directive_with_provenance ... ok
2026-10-09T01:38:08.7611241Z test trig_resolves_the_full_rfc3986_5_4_table ... ok
2026-10-09T01:38:08.7611721Z test yamlld_reports_its_context_base_identically_to_jsonld ... ok
2026-10-09T01:38:08.7612237Z test uchar_escapes_are_validated_against_the_decoded_iri ... ok
2026-10-09T01:38:08.7612738Z test yamlld_resolves_a_relative_id_against_the_caller_base ... ok
2026-10-09T01:38:08.7613244Z test yamlld_relative_type_resolves_identically_to_jsonld ... ok
2026-10-09T01:38:08.7613737Z test yamlld_resolves_a_relative_id_identically_to_jsonld ... ok
2026-10-09T01:38:08.7614322Z test yamlld_without_a_base_still_refuses_a_relative_id ... ok
2026-10-09T01:38:08.7615104Z test turtle_resolves_the_full_rfc3986_5_4_table ... ok
2026-10-09T01:38:08.7615444Z 
2026-10-09T01:38:08.7616036Z test result: ok. 67 passed; 0 failed; 0 ignored; 0 measured; 0 filtered out; finished in 0.01s
2026-10-09T01:38:08.7616721Z 
2026-10-09T01:38:08.7618145Z [1m[92m     Running[0m tests/per_mode_row_bound.rs (target/debug/build/purrdf-retrieval/c79d18668899b5c3/out/per_mode_row_bound-c79d18668899b5c3)
2026-10-09T01:38:08.7619118Z 
2026-10-09T01:38:08.7619223Z running 7 tests
2026-10-09T01:38:08.7628426Z test a_depth_is_planned_and_admitted_at_the_invoked_modes_declaration ... ok
2026-10-09T01:38:08.7629989Z test a_tie_between_two_modes_resolves_the_same_way_in_either_declaration_order ... ok
2026-10-09T01:38:08.7633791Z test a_self_bounding_producer_is_asked_for_its_invoked_modes_number ... ok
2026-10-09T01:38:08.7635275Z test a_breach_of_the_invoked_modes_bound_is_refused_with_or_without_a_second_mode ... ok
2026-10-09T01:38:08.7636594Z test the_emitted_request_is_the_invoked_modes_number_and_not_the_other_modes ... ok
2026-10-09T01:38:08.7637639Z test the_fixture_declares_a_different_bound_under_each_mode ... ok
2026-10-09T01:38:08.7639005Z [1m[92m     Running[0m tests/plan.rs (target/debug/build/purrdf-retrieval/2c7873bcf9fe7d23/out/plan-2c7873bcf9fe7d23)
2026-10-09T01:38:08.7640934Z test a_coarser_mode_declaring_less_is_the_bound_and_the_refusal_names_that_mode ... ok
2026-10-09T01:38:08.7641627Z 
2026-10-09T01:38:08.7642350Z test result: ok. 7 passed; 0 failed; 0 ignored; 0 measured; 0 filtered out; finished in 0.00s
2026-10-09T01:38:08.7643041Z 
2026-10-09T01:38:08.7651654Z 
2026-10-09T01:38:08.7651861Z running 49 tests
2026-10-09T01:38:08.7654549Z test a_canonical_document_listing_subjects_out_of_order_is_refused ... ok
2026-10-09T01:38:08.7658063Z test a_canonical_document_naming_one_subject_twice_is_refused ... ok
2026-10-09T01:38:08.7659283Z test a_canonical_document_repeating_or_reordering_a_derivation_is_refused ... ok
2026-10-09T01:38:08.7660970Z test a_canonical_document_repeating_or_reordering_a_depth_is_refused ... ok
2026-10-09T01:38:08.7662139Z test a_canonical_document_whose_selectivity_terms_do_not_ascend_is_refused ... ok
2026-10-09T01:38:08.7663350Z test a_measured_zero_and_a_silent_subject_differ_in_a_byte_and_in_identity ... ok
2026-10-09T01:38:08.7664466Z test a_declared_candidate_domain_moves_the_plan_identity ... ok
2026-10-09T01:38:08.7665330Z test a_plan_round_trips_an_absent_cardinality ... ok
2026-10-09T01:38:08.7666265Z test a_rejection_reason_byte_no_variant_is_written_as_is_refused ... ok
2026-10-09T01:38:08.7667408Z test a_repeated_subject_is_refused_at_construction_and_a_distinct_one_is_not ... ok
2026-10-09T01:38:08.7668380Z test a_version_three_document_is_refused_by_name ... ok
2026-10-09T01:38:08.7669323Z test an_absent_cardinality_and_a_measured_zero_are_different_plans ... ok
2026-10-09T01:38:08.7670446Z test canonical_bytes_and_decode_round_trip ... ok
2026-10-09T01:38:08.7671231Z test canonical_bytes_are_stable_across_map_order ... ok
2026-10-09T01:38:08.7672064Z test certify_refuses_a_depth_its_inputs_do_not_derive ... ok
2026-10-09T01:38:08.7673636Z test certify_refuses_a_snapshot_row_for_a_subject_nothing_consulted ... ok
2026-10-09T01:38:08.7675985Z test certify_refuses_a_snapshot_row_that_contradicts_its_derivation ... ok
2026-10-09T01:38:08.7677361Z test certify_refuses_a_stratum_the_snapshot_does_not_name ... ok
2026-10-09T01:38:08.7678416Z test certify_refuses_a_selectivity_term_that_addresses_no_request_term ... ok
2026-10-09T01:38:08.7679356Z test crate_sources_contain_no_function_pointers ... ok
2026-10-09T01:38:08.7680753Z test equal_lexical_plans_have_equal_canonical_bytes ... ok
2026-10-09T01:38:08.7682852Z test equal_selectivity_sums_over_different_terms_are_different_plans ... ok
2026-10-09T01:38:08.7684892Z test digest_is_sensitive_to_every_field ... ok
2026-10-09T01:38:08.7687407Z test every_decode_path_records_a_deserialized_origin ... ok
2026-10-09T01:38:08.7688490Z test every_plan_refusal_has_its_own_pinned_name ... ok
2026-10-09T01:38:08.7693085Z test every_rejection_reason_round_trips_under_its_own_tag ... ok
2026-10-09T01:38:08.7693945Z test identical_embeddings_are_equal ... ok
2026-10-09T01:38:08.7694816Z test interval_terms_round_trip_through_the_canonical_encoding ... ok
2026-10-09T01:38:08.7695720Z test interval_terms_round_trip_through_json ... ok
2026-10-09T01:38:08.7696437Z test nan_embeddings_are_reflexive ... ok
2026-10-09T01:38:08.7697260Z test json_holds_a_hand_written_snapshot_to_the_entries_law ... ok
2026-10-09T01:38:08.7698208Z test origin_is_provenance_and_moves_neither_bytes_nor_identity ... ok
2026-10-09T01:38:08.7699038Z test json_round_trip_preserves_the_plan ... ok
2026-10-09T01:38:08.7700341Z test plan_equality_is_field_equality ... ok
2026-10-09T01:38:08.7701172Z test serialized_stratum_depths_are_in_stratum_order ... ok
2026-10-09T01:38:08.7702165Z test certify_names_the_first_disagreement_in_stratum_order ... ok
2026-10-09T01:38:08.7703023Z test signed_zero_embeddings_are_distinct ... ok
2026-10-09T01:38:08.7703887Z test the_canonical_encoding_is_the_bytes_written_out_by_hand ... ok
2026-10-09T01:38:08.7704772Z test the_digest_separates_every_interval_field ... ok
2026-10-09T01:38:08.7705760Z test the_insertion_orders_enumerated_are_every_permutation_exactly_once ... ok
2026-10-09T01:38:08.7706936Z test the_pinned_literal_begins_with_this_builds_plan_version ... ok
2026-10-09T01:38:08.7707513Z test plans_differing_only_in_map_insertion_order_are_equal ... ok
2026-10-09T01:38:08.7708115Z test the_statistics_section_spells_a_measured_cardinality_beside_a_silent_one ... ok
2026-10-09T01:38:08.7708745Z test statistics_entries_are_ordered_by_the_value_not_by_the_encoder ... ok
2026-10-09T01:38:08.7709314Z test the_superseded_layout_is_refused_by_name_rather_than_misread ... ok
2026-10-09T01:38:08.7710074Z test truncated_canonical_bytes_are_refused ... ok
2026-10-09T01:38:08.7710505Z test version_mismatch_on_decode_refuses_loudly ... ok
2026-10-09T01:38:08.7711184Z test unserved_evidence_reports_what_this_plan_supports_not_what_it_recorded ... ok
2026-10-09T01:38:08.8320509Z test plans_differing_only_in_derivation_insertion_order_are_one_plan ... ok
2026-10-09T01:38:08.8321652Z 
2026-10-09T01:38:08.8322616Z test result: ok. 49 passed; 0 failed; 0 ignored; 0 measured; 0 filtered out; finished in 0.07s
2026-10-09T01:38:08.8323572Z 
2026-10-09T01:38:08.8325516Z [1m[92m     Running[0m tests/planner_golden.rs (target/debug/build/purrdf-retrieval/f57136d867a3a02f/out/planner_golden-f57136d867a3a02f)
2026-10-09T01:38:08.8335015Z 
2026-10-09T01:38:08.8335304Z running 48 tests
2026-10-09T01:38:08.8339278Z test a_cardinality_carrying_plan_records_every_value_version_three_did ... ok
2026-10-09T01:38:08.8340635Z test a_bounded_request_records_its_licensed_prefix_and_names_it_as_the_cause ... ok
2026-10-09T01:38:08.8341732Z test a_consulted_but_silent_stratum_records_both_statistics_absent ... ok
2026-10-09T01:38:08.8342737Z test a_depth_the_ceiling_cut_is_explained_as_the_ceiling ... ok
2026-10-09T01:38:08.8343858Z test a_declaration_deeper_than_a_read_can_reach_is_explained_as_the_ceiling ... ok
2026-10-09T01:38:08.8344836Z test a_named_cause_names_the_number_recorded ... ok
2026-10-09T01:38:08.8345607Z test a_prefix_of_no_rows_is_the_floor_rather_than_the_prefix ... ok
2026-10-09T01:38:08.8346762Z test a_producer_that_reads_nothing_of_the_request_still_plans_and_serves_no_term ... ok
2026-10-09T01:38:08.8347516Z test a_selectivity_cannot_narrow_a_stratum_whose_producer_receives_no_term ... ok
2026-10-09T01:38:08.8348088Z test a_request_every_term_of_which_is_served_records_nothing ... ok
2026-10-09T01:38:08.8348680Z test a_reported_stratum_selectivity_bounds_that_stratum_and_only_that_stratum ... ok
2026-10-09T01:38:08.8349204Z test a_request_that_reaches_nothing_is_refused ... ok
2026-10-09T01:38:08.8353216Z test a_selectivity_only_stratum_is_recorded_and_narrows_the_depth ... ok
2026-10-09T01:38:08.8354421Z test a_selectivity_rounds_up_and_never_raises_a_declared_depth ... ok
2026-10-09T01:38:08.8356099Z test a_subject_that_is_both_a_stratum_and_a_request_predicate_records_the_derivation ... ok
2026-10-09T01:38:08.8356801Z test a_subject_the_provider_reports_but_nothing_consults_is_absent ... ok
2026-10-09T01:38:08.8357408Z test a_term_every_acceptor_of_which_was_rejected_is_recorded_as_such ... ok
2026-10-09T01:38:08.8357982Z test a_term_no_declaration_accepts_is_recorded_as_unserved ... ok
2026-10-09T01:38:08.8362907Z test an_interval_predicate_reaches_the_statistics_snapshot ... ok
2026-10-09T01:38:08.8364112Z test an_interval_term_no_registry_producer_takes_is_reported_per_term ... ok
2026-10-09T01:38:08.8365474Z test a_vector_term_the_only_acceptor_of_which_places_nothing_is_reported_not_bound ... ok
2026-10-09T01:38:08.8366688Z test an_interval_term_reaches_a_producer_that_declares_its_predicate ... ok
2026-10-09T01:38:08.8367780Z test an_unbounded_declaration_names_which_road_reached_the_ceiling ... ok
2026-10-09T01:38:08.8369012Z test an_inverted_numeric_range_is_refused_but_a_degenerate_one_plans ... ok
2026-10-09T01:38:08.8370320Z test an_interval_that_constrains_nothing_is_refused_but_a_half_open_one_plans ... ok
2026-10-09T01:38:08.8371380Z test an_unbounded_stratum_without_statistics_reads_to_the_ceiling ... ok
2026-10-09T01:38:08.8372329Z test an_unbounded_stratum_records_no_applied_selectivity ... ok
2026-10-09T01:38:08.8373586Z test an_unconstrained_producer_matches_every_term_and_holds_the_ones_it_places ... ok
2026-10-09T01:38:08.8374650Z test an_undeclared_row_bound_is_not_a_declaration_of_zero_rows ... ok
2026-10-09T01:38:08.8375613Z test depths_come_from_the_registry_row_bound_capped_by_statistics ... ok
2026-10-09T01:38:08.8376594Z test every_stratum_records_the_row_bound_its_own_producer_declared ... ok
2026-10-09T01:38:08.8377603Z test every_golden_plan_certifies_at_the_depths_version_three_recorded ... ok
2026-10-09T01:38:08.8378450Z test entity_seed_matches_an_iri_producer ... ok
2026-10-09T01:38:08.8379238Z test language_and_predicate_constraints_are_enforced ... ok
2026-10-09T01:38:08.8380389Z test golden_mixed_request_matches ... ok
2026-10-09T01:38:08.8380978Z test golden_lexical_request_matches ... ok
2026-10-09T01:38:08.8382178Z test regenerate_planner_goldens ... ignored, regenerates the committed golden fixtures; run explicitly with -- --ignored
2026-10-09T01:38:08.8383340Z test lexical_term_matches_a_literal_producer ... ok
2026-10-09T01:38:08.8384016Z test malformed_terms_are_refused_with_a_name ... ok
2026-10-09T01:38:08.8384473Z test statistics_lower_but_never_raise_the_declared_bound ... ok
2026-10-09T01:38:08.8385013Z test the_planner_reads_the_registry_row_bound_not_a_parallel_field ... ok
2026-10-09T01:38:08.8385454Z test planning_is_a_pure_replay ... ok
2026-10-09T01:38:08.8385917Z test selectivities_across_the_terms_one_stratum_receives_are_summed ... ok
2026-10-09T01:38:08.8386446Z test the_record_names_exactly_the_consulted_subjects ... ok
2026-10-09T01:38:08.8387025Z test the_planner_redeclares_no_seam_declaration_and_reads_no_ambient_state ... ok
2026-10-09T01:38:08.8387624Z test the_snapshot_names_every_stratum_a_depth_was_derived_for ... ok
2026-10-09T01:38:08.8388119Z test unmatched_and_unranked_producers_are_rejected ... ok
2026-10-09T01:38:08.8388574Z test the_snapshot_records_the_consulted_selectivity ... ok
2026-10-09T01:38:08.8388823Z 
2026-10-09T01:38:08.8389185Z test result: ok. 47 passed; 0 failed; 1 ignored; 0 measured; 0 filtered out; finished in 0.00s
2026-10-09T01:38:08.8389628Z 
2026-10-09T01:38:08.8391089Z [1m[92m     Running[0m tests/ranked_stream_contract.rs (target/debug/build/purrdf-retrieval/fc6c81a5b9cdd890/out/ranked_stream_contract-fc6c81a5b9cdd890)
2026-10-09T01:38:08.8392203Z 
2026-10-09T01:38:08.8392388Z running 7 tests
2026-10-09T01:38:08.8393490Z test a_hand_built_contract_states_the_same_three_terms ... ok
2026-10-09T01:38:08.8394102Z test a_term_pattern_does_not_leak_into_the_contract ... ok
2026-10-09T01:38:08.8394688Z test an_evidence_string_is_shared_rather_than_copied_across_contracts ... ok
2026-10-09T01:38:08.8395330Z test declared_carries_the_completeness_evidence_byte_for_byte ... ok
2026-10-09T01:38:08.8395884Z test declared_carries_an_exhaustive_promise_unchanged ... ok
2026-10-09T01:38:08.8396367Z test declared_carries_both_axes_independently ... ok
2026-10-09T01:38:08.8397099Z test the_three_declared_terms_are_carried_side_by_side ... ok
2026-10-09T01:38:08.8398366Z [1m[92m     Running[0m tests/real_producers.rs (target/debug/build/purrdf-retrieval/79909283e6c7d687/out/real_producers-79909283e6c7d687)
2026-10-09T01:38:08.8398898Z 
2026-10-09T01:38:08.8399548Z test result: ok. 7 passed; 0 failed; 0 ignored; 0 measured; 0 filtered out; finished in 0.00s
2026-10-09T01:38:08.8400665Z 
2026-10-09T01:38:08.8411555Z 
2026-10-09T01:38:08.8411702Z running 14 tests
2026-10-09T01:38:08.8430912Z test each_real_producer_is_compiled_with_the_facet_it_declared ... ok
2026-10-09T01:38:08.8438565Z test a_whole_corpus_with_nothing_to_disclose_still_certifies_exact_scores ... ok
2026-10-09T01:38:08.8440146Z test a_vector_space_over_half_the_corpus_stops_the_answer_claiming_wholeness ... ok
2026-10-09T01:38:08.8441388Z test the_knn_producer_names_each_target_once_when_two_rows_share_one_vector ... ok
2026-10-09T01:38:08.8442801Z test both_real_producers_attest_the_generation_of_the_index_that_answered ... ok
2026-10-09T01:38:08.8446505Z test the_sole_text_producer_over_an_empty_corpus_reports_its_own_emptiness ... ok
2026-10-09T01:38:08.8453242Z test the_neighbour_count_stays_inside_the_guard_and_the_ending_says_which_bound_stopped_it ... ok
2026-10-09T01:38:08.8454249Z test the_sole_text_producer_over_one_document_still_returns_that_document ... ok
2026-10-09T01:38:08.8461532Z test the_text_producer_declares_unique_only_where_one_subject_can_appear_once ... ok
2026-10-09T01:38:08.8469064Z test search_equals_the_hand_composed_pipeline_over_the_real_producers ... ok
2026-10-09T01:38:08.8473293Z test the_text_producer_names_each_document_once_over_a_corpus_that_tempts_a_repeat ... ok
2026-10-09T01:38:08.8475085Z test fusion_trailer_names_reassociated_kernel ... ok
2026-10-09T01:38:08.8479101Z test two_real_producers_fuse_into_one_ranking_over_real_data ... ok
2026-10-09T01:38:08.8496019Z test two_runs_over_the_same_index_state_carry_one_evidence_id ... ok
2026-10-09T01:38:08.8496531Z 
2026-10-09T01:38:08.8497001Z test result: ok. 14 passed; 0 failed; 0 ignored; 0 measured; 0 filtered out; finished in 0.01s
2026-10-09T01:38:08.8497389Z 
2026-10-09T01:38:08.8501811Z [1m[92m     Running[0m tests/rendered_lookup_mode.rs (target/debug/build/purrdf-retrieval/e5a79731d994b281/out/rendered_lookup_mode-e5a79731d994b281)
2026-10-09T01:38:08.8512887Z 
2026-10-09T01:38:08.8513078Z running 2 tests
2026-10-09T01:38:08.8587596Z test a_rendered_lookup_no_declared_mode_serves_attaches_no_basis ... ok
2026-10-09T01:38:08.8613821Z test a_rendered_lookup_a_declared_mode_serves_keeps_its_basis_and_is_asked ... ok
2026-10-09T01:38:08.8614425Z 
2026-10-09T01:38:08.8614855Z test result: ok. 2 passed; 0 failed; 0 ignored; 0 measured; 0 filtered out; finished in 0.01s
2026-10-09T01:38:08.8615240Z 
2026-10-09T01:38:08.8618498Z [1m[92m     Running[0m tests/pattern_emission.rs (target/debug/build/purrdf-shapes/d9269cc41b709df0/out/pattern_emission-d9269cc41b709df0)
2026-10-09T01:38:08.8630302Z 
2026-10-09T01:38:08.8630452Z running 2 tests
2026-10-09T01:38:09.0122341Z test emitted_patterns_preserve_their_languages_in_unicode_ecmascript ... ok
2026-10-09T01:38:09.2628741Z test i_flag_patterns_carry_xpath_case_variants_in_unicode_ecmascript ... ok
2026-10-09T01:38:09.2629299Z 
2026-10-09T01:38:09.2630147Z test result: ok. 2 passed; 0 failed; 0 ignored; 0 measured; 0 filtered out; finished in 0.40s
2026-10-09T01:38:09.2630706Z 
2026-10-09T01:38:09.2635181Z [1m[92m     Running[0m tests/prebinding_above_hidden_columns.rs (target/debug/build/purrdf-shapes/055b29d65ac9c993/out/prebinding_above_hidden_columns-055b29d65ac9c993)
2026-10-09T01:38:09.2649050Z 
2026-10-09T01:38:09.2649248Z running 13 tests
2026-10-09T01:38:09.2677681Z test a_filter_above_a_sub_select_dropping_this_reads_the_focus_node ... ok
2026-10-09T01:38:09.2679077Z test a_bind_above_a_sub_select_dropping_this_reads_the_focus_node ... ok
2026-10-09T01:38:09.2690846Z test a_select_expression_after_group_by_reads_the_focus_node ... ok
2026-10-09T01:38:09.2692324Z test an_exists_body_expression_reads_the_focus_node_and_the_filtered_row ... ok
2026-10-09T01:38:09.2703879Z test an_order_by_after_group_by_reads_the_focus_node ... ok
2026-10-09T01:38:09.2720788Z test an_optional_condition_reads_the_focus_node ... ok
2026-10-09T01:38:09.2721894Z test an_order_by_beneath_the_seed_reads_the_focus_node ... ok
2026-10-09T01:38:09.2723116Z test having_at_the_top_level_reads_the_focus_node_in_a_select_validator ... ok
2026-10-09T01:38:09.2724185Z test having_at_the_top_level_reads_the_focus_node ... ok
2026-10-09T01:38:09.2747450Z test having_in_a_sub_select_reads_the_focus_node ... ok
2026-10-09T01:38:09.2748266Z test having_exists_matches_the_focus_node ... ok
2026-10-09T01:38:09.2753835Z test having_in_a_sub_select_dropping_this_reads_the_focus_node ... ok
2026-10-09T01:38:09.2784596Z test unfold_reads_the_focus_node_above_and_beneath ... ok
2026-10-09T01:38:09.2784894Z 
2026-10-09T01:38:09.2785290Z test result: ok. 13 passed; 0 failed; 0 ignored; 0 measured; 0 filtered out; finished in 0.01s
2026-10-09T01:38:09.2785660Z 
2026-10-09T01:38:09.2790937Z [1m[92m     Running[0m tests/prebinding_lanes.rs (target/debug/build/purrdf-shapes/8536d527dad6ff62/out/prebinding_lanes-8536d527dad6ff62)
2026-10-09T01:38:09.2803308Z 
2026-10-09T01:38:09.2803503Z running 3 tests
2026-10-09T01:38:09.2814116Z test a_prepared_execution_answers_alike_across_runs_and_its_memo ... ok
2026-10-09T01:38:09.2818158Z test sh_expression_holds_value_to_the_rule_this_is_held_to ... ok
2026-10-09T01:38:09.2990051Z test every_pre_binding_lane_answers_every_query_shape_alike ... ok
2026-10-09T01:38:09.2990731Z 
2026-10-09T01:38:09.2991226Z test result: ok. 3 passed; 0 failed; 0 ignored; 0 measured; 0 filtered out; finished in 0.02s
2026-10-09T01:38:09.2991852Z 
2026-10-09T01:38:09.2996387Z [1m[92m     Running[0m tests/product_api_compat.rs (target/debug/build/purrdf-shapes/22c0d29c82fd718e/out/product_api_compat-22c0d29c82fd718e)
2026-10-09T01:38:09.3005985Z 
2026-10-09T01:38:09.3006176Z running 9 tests
2026-10-09T01:38:09.3010113Z test constraint_match_is_exhaustive_and_reachable ... ok
2026-10-09T01:38:09.3010745Z test node_expr_match_is_exhaustive_and_reachable ... ok
2026-10-09T01:38:09.3011527Z test product_dimension_match_is_exhaustive_and_reachable ... ok
2026-10-09T01:38:09.3012585Z test product_restore_match_is_exhaustive_and_reachable ... ok
2026-10-09T01:38:09.3013453Z test public_constructors_keep_their_signatures ... ok
2026-10-09T01:38:09.3013915Z test property_shape_is_still_a_bare_literal ... ok
2026-10-09T01:38:09.3014399Z test shape_is_still_a_bare_literal ... ok
2026-10-09T01:38:09.3015171Z test shapes_still_builds_via_default_then_field_assignment ... ok
2026-10-09T01:38:09.3016095Z test validator_provenance_match_is_exhaustive_and_reachable ... ok
2026-10-09T01:38:09.3016583Z 
2026-10-09T01:38:09.3017217Z test result: ok. 9 passed; 0 failed; 0 ignored; 0 measured; 0 filtered out; finished in 0.00s
2026-10-09T01:38:09.3017819Z 
2026-10-09T01:38:09.3018799Z [1m[92m     Running[0m tests/product_carried_analysis.rs (target/debug/build/purrdf-shapes/a537fe12c0fb095c/out/product_carried_analysis-a537fe12c0fb095c)
2026-10-09T01:38:09.3027980Z 
2026-10-09T01:38:09.3028161Z running 10 tests
2026-10-09T01:38:09.3043018Z test a_carried_analysis_the_identity_does_not_pin_is_refused ... ok
2026-10-09T01:38:09.3044237Z test a_valid_but_underived_arrangement_is_not_refused_as_malformed ... ok
2026-10-09T01:38:09.3045251Z test a_rearranged_analysis_is_refused ... ok
2026-10-09T01:38:09.3060047Z test a_restore_uses_the_carried_analysis_verbatim ... ok
2026-10-09T01:38:09.3061696Z test an_admitted_product_constrains_exactly_as_a_fresh_parse_does ... ok
2026-10-09T01:38:09.3062770Z test an_analysis_that_is_not_an_arrangement_of_its_own_slots_is_refused ... ok
2026-10-09T01:38:09.3063611Z test an_untouched_repack_still_admits ... ok
2026-10-09T01:38:09.3064316Z test the_ast_section_ends_with_the_class_analysis ... ok
2026-10-09T01:38:09.3065056Z test parsing_admitting_and_rebuilding_agree ... ok
2026-10-09T01:38:09.3066479Z test rebuild_ignores_the_carried_analysis ... ok
2026-10-09T01:38:09.3066743Z 
2026-10-09T01:38:09.3067126Z test result: ok. 10 passed; 0 failed; 0 ignored; 0 measured; 0 filtered out; finished in 0.00s
2026-10-09T01:38:09.3067505Z 
2026-10-09T01:38:09.3071983Z [1m[92m     Running[0m tests/product_corpus_equivalence.rs (target/debug/build/purrdf-shapes/4254b49e47598b54/out/product_corpus_equivalence-4254b49e47598b54)
2026-10-09T01:38:09.3083776Z 
2026-10-09T01:38:09.3083927Z running 1 test
2026-10-09T01:38:09.9791221Z test product_corpus_equivalence ... ok
2026-10-09T01:38:09.9791898Z 
2026-10-09T01:38:09.9792741Z test result: ok. 1 passed; 0 failed; 0 ignored; 0 measured; 0 filtered out; finished in 0.67s
2026-10-09T01:38:09.9793368Z 
2026-10-09T01:38:09.9808468Z [1m[92m     Running[0m tests/product_determinism.rs (target/debug/build/purrdf-shapes/6a3ce04217d29c84/out/product_determinism-6a3ce04217d29c84)
2026-10-09T01:38:09.9823088Z 
2026-10-09T01:38:09.9823333Z running 8 tests
2026-10-09T01:38:09.9843972Z test frozen_golden_admits ... ok
2026-10-09T01:38:09.9849368Z test encode_is_byte_deterministic ... ok
2026-10-09T01:38:09.9850971Z test encode_decode_encode_is_idempotent ... ok
2026-10-09T01:38:09.9852239Z test encode_is_stable_across_independent_parses ... ok
2026-10-09T01:38:09.9853190Z test frozen_product_bytes ... ok
2026-10-09T01:38:09.9854821Z test regenerate_the_prepared_product_fixture ... ignored, writes a committed artifact; run by name when the format or the stage id moved
2026-10-09T01:38:09.9860976Z test the_frozen_format_epoch_product_stays_readable ... ok
2026-10-09T01:38:09.9863661Z test the_frozen_format_epoch_product_is_refused_then_rebuilt ... ok
2026-10-09T01:38:09.9864427Z 
2026-10-09T01:38:09.9865052Z test result: ok. 7 passed; 0 failed; 1 ignored; 0 measured; 0 filtered out; finished in 0.00s
2026-10-09T01:38:09.9865663Z 
2026-10-09T01:38:09.9869092Z [1m[92m     Running[0m tests/product_model_census.rs (target/debug/build/purrdf-shapes/7775ff3ad58ba4fe/out/product_model_census-7775ff3ad58ba4fe)
2026-10-09T01:38:09.9877877Z 
2026-10-09T01:38:09.9878017Z running 28 tests
2026-10-09T01:38:09.9890284Z test detector_self_tests::a_field_type_change_alone_moves_the_stage_id ... ok
2026-10-09T01:38:09.9891830Z test detector_self_tests::a_new_variant_reaches_the_census_rows_and_the_stage_id ... ok
2026-10-09T01:38:09.9892991Z test detector_self_tests::aliases_do_not_hide_a_reachable_type ... ok
2026-10-09T01:38:09.9894170Z test detector_self_tests::an_ambiguous_reachable_name_is_refused - should panic ... ok
2026-10-09T01:38:09.9895406Z test detector_self_tests::an_ambiguous_unreachable_name_is_not_refused ... ok
2026-10-09T01:38:09.9898674Z test detector_self_tests::an_opaque_field_type_is_refused - should panic ... ok
2026-10-09T01:38:09.9902994Z test detector_self_tests::an_undeclared_reachable_type_is_flagged ... ok
2026-10-09T01:38:09.9905643Z test detector_self_tests::cfg_test_items_are_invisible_to_the_census ... ok
2026-10-09T01:38:09.9911998Z test detector_self_tests::doc_comments_and_formatting_do_not_move_the_stage_id ... ok
2026-10-09T01:38:09.9917023Z test detector_self_tests::malformed_source_fails_loudly - should panic ... ok
2026-10-09T01:38:09.9918472Z test detector_self_tests::ordinary_field_types_are_read_not_refused ... ok
2026-10-09T01:38:09.9922141Z test detector_self_tests::tuple_and_unit_variants_are_censused ... ok
2026-10-09T01:38:09.9923798Z test detector_self_tests::variant_order_moves_the_stage_id ... ok
2026-10-09T01:38:10.0126052Z test reformatting_the_class_walk_does_not_move_the_stage_id ... ok
2026-10-09T01:38:10.9931624Z test census_rows_carry_every_variant_and_field ... ok
2026-10-09T01:38:11.0011069Z test constraint_variants_are_the_spec_table_component_rows ... ok
2026-10-09T01:38:11.0112739Z test census_closure_is_complete ... ok
2026-10-09T01:38:13.0390950Z test stage_id_changes_when_a_capability_table_changes ... ok
2026-10-09T01:38:13.0661144Z test stage_id_changes_when_a_rule_variant_is_added ... ok
2026-10-09T01:38:13.0687832Z test report_cache_is_censused_but_not_carried_by_the_stage ... ok
2026-10-09T01:38:15.0770933Z test stage_id_changes_when_a_variant_is_added ... ok
2026-10-09T01:38:15.0981055Z test stage_id_changes_when_the_preamble_gains_a_field ... ok
2026-10-09T01:38:15.1011002Z test stage_id_changes_when_the_class_reachability_rule_changes ... ok
2026-10-09T01:38:17.1001110Z test stage_id_changes_when_the_spec_table_changes ... ok
2026-10-09T01:38:19.2620922Z test stage_id_matches_shipped_constant ... ok
2026-10-09T01:38:19.2824675Z test stage_id_depends_on_the_profile_id ... ok
2026-10-09T01:38:19.8095300Z test report_cache_exclusion_is_exact_and_model_fields_still_move_the_stage ... ok
2026-10-09T01:38:19.8895852Z test stage_id_is_reproducible_and_its_preimage_is_readable ... ok
2026-10-09T01:38:19.8896353Z 
2026-10-09T01:38:19.8896756Z test result: ok. 28 passed; 0 failed; 0 ignored; 0 measured; 0 filtered out; finished in 9.90s
2026-10-09T01:38:19.8897138Z 
2026-10-09T01:38:19.8901703Z [1m[92m     Running[0m tests/product_rdf12_identity.rs (target/debug/build/purrdf-shapes/27fc1232079e60f1/out/product_rdf12_identity-27fc1232079e60f1)
2026-10-09T01:38:19.8916190Z 
2026-10-09T01:38:19.8916771Z running 7 tests
2026-10-09T01:38:19.8935258Z test dir_lang_string_ltr_survives ... ok
2026-10-09T01:38:19.8935959Z test dir_lang_string_rtl_survives ... ok
2026-10-09T01:38:19.8936687Z test nested_blank_property_shapes_stay_distinct ... ok
2026-10-09T01:38:19.8937484Z test lang_tagged_literal_with_subtags_survives ... ok
2026-10-09T01:38:19.8944285Z test quoted_triple_constraint_value_survives ... ok
2026-10-09T01:38:19.8944957Z test one_blank_shape_stays_one ... ok
2026-10-09T01:38:19.8948783Z test quoted_triple_target_identity_survives ... ok
2026-10-09T01:38:19.8949449Z 
2026-10-09T01:38:19.8950310Z test result: ok. 7 passed; 0 failed; 0 ignored; 0 measured; 0 filtered out; finished in 0.00s
2026-10-09T01:38:19.8950932Z 
2026-10-09T01:38:19.8954154Z [1m[92m     Running[0m tests/product_refusal.rs (target/debug/build/purrdf-shapes/e3c75def46dd1c45/out/product_refusal-e3c75def46dd1c45)
2026-10-09T01:38:19.8966789Z 
2026-10-09T01:38:19.8966941Z running 61 tests
2026-10-09T01:38:19.8983420Z test accepts_an_empty_shapes_graph ... ok
2026-10-09T01:38:19.8987591Z test accepts_aggregate_registry_neighbour ... ok
2026-10-09T01:38:19.8988699Z test accepts_an_unidentified_common_path_neighbour ... ok
2026-10-09T01:38:19.8996591Z test accepts_a_pure_shacl_sparql_shapes_graph ... ok
2026-10-09T01:38:19.8997696Z test accepts_class_catalog_neighbour ... ok
2026-10-09T01:38:19.8998647Z test accepts_base_neighbour ... ok
2026-10-09T01:38:19.9000619Z test accepts_container_digest_neighbour ... ok
2026-10-09T01:38:19.9011379Z test accepts_dataset_identity_neighbour ... ok
2026-10-09T01:38:19.9012320Z test accepts_deactivated_shapes ... ok
2026-10-09T01:38:19.9021499Z test accepts_declared_functions_alongside_host_natives ... ok
2026-10-09T01:38:19.9024506Z test accepts_expected_identity_neighbour ... ok
2026-10-09T01:38:19.9033492Z test accepts_included_graphs_neighbour ... ok
2026-10-09T01:38:19.9050611Z test accepts_format_version_neighbour ... ok
2026-10-09T01:38:19.9051405Z test accepts_function_registry_neighbour ... ok
2026-10-09T01:38:19.9052094Z test accepts_malformed_neighbour ... ok
2026-10-09T01:38:19.9052709Z test accepts_magic_neighbour ... ok
2026-10-09T01:38:19.9053310Z test accepts_prefixes_neighbour ... ok
2026-10-09T01:38:19.9061054Z test accepts_profile_neighbour ... ok
2026-10-09T01:38:19.9066059Z test accepts_section_digest_neighbour ... ok
2026-10-09T01:38:19.9070725Z test accepts_property_function_registry_neighbour ... ok
2026-10-09T01:38:19.9074055Z test accepts_shapes_graph_neighbour ... ok
2026-10-09T01:38:19.9080239Z test accepts_the_same_implementation_build_neighbour ... ok
2026-10-09T01:38:19.9095495Z test accepts_stage_id_neighbour ... ok
2026-10-09T01:38:19.9096511Z test accepts_trailer_neighbour ... ok
2026-10-09T01:38:19.9097384Z test accepts_truncated_neighbour ... ok
2026-10-09T01:38:19.9110938Z test accepts_unsupported_capability_neighbour ... ok
2026-10-09T01:38:19.9113710Z test accepts_writing_an_identified_injected_population_neighbour ... ok
2026-10-09T01:38:19.9120470Z test accepts_vocabulary_neighbour ... ok
2026-10-09T01:38:19.9131059Z test extension_namespace_order_is_configuration_and_relation_namespace_order_is_not ... ok
2026-10-09T01:38:19.9145173Z test accepts_depth_limit_neighbour ... ok
2026-10-09T01:38:19.9161604Z test no_turtle_fallback ... ok
2026-10-09T01:38:19.9180912Z test refuses_a_product_prepared_under_another_spec_table ... ok
2026-10-09T01:38:19.9205139Z test arbitrary_bytes_never_panic ... ok
2026-10-09T01:38:19.9205932Z test arbitrary_bytes_behind_the_magic_never_panic ... ok
2026-10-09T01:38:19.9206657Z test refuses_aggregate_registry ... ok
2026-10-09T01:38:19.9207298Z test refuses_another_implementation_build ... ok
2026-10-09T01:38:19.9207878Z test refuses_base ... ok
2026-10-09T01:38:19.9208397Z test refuses_container_digest ... ok
2026-10-09T01:38:19.9208965Z test refuses_class_catalog ... ok
2026-10-09T01:38:19.9209516Z test refuses_dataset_identity ... ok
2026-10-09T01:38:19.9210313Z test refuses_format_version ... ok
2026-10-09T01:38:19.9211746Z test refuses_expected_identity ... ok
2026-10-09T01:38:19.9212711Z test refuses_function_registry ... ok
2026-10-09T01:38:19.9221067Z test refuses_included_graphs ... ok
2026-10-09T01:38:19.9230901Z test refuses_magic ... ok
2026-10-09T01:38:19.9231774Z test refuses_malformed ... ok
2026-10-09T01:38:19.9248200Z test refuses_parse_configuration ... ok
2026-10-09T01:38:19.9249051Z test refuses_prefixes ... ok
2026-10-09T01:38:19.9257199Z test refuses_property_function_registry ... ok
2026-10-09T01:38:19.9257953Z test refuses_profile ... ok
2026-10-09T01:38:19.9267656Z test refuses_shapes_graph ... ok
2026-10-09T01:38:19.9278906Z test refuses_section_digest ... ok
2026-10-09T01:38:19.9280482Z test refuses_stage_id ... ok
2026-10-09T01:38:19.9281222Z test refuses_trailer ... ok
2026-10-09T01:38:19.9294048Z test refuses_truncated ... ok
2026-10-09T01:38:19.9294834Z test refuses_unsupported_capability ... ok
2026-10-09T01:38:19.9295923Z test refuses_writing_a_product_that_cannot_name_its_implementations ... ok
2026-10-09T01:38:19.9296959Z test refuses_vocabulary ... ok
2026-10-09T01:38:19.9310636Z test single_byte_mutations_never_panic ... ok
2026-10-09T01:38:19.9325121Z test refuses_depth_limit ... ok
2026-10-09T01:38:19.9560672Z test refusal_labels_emitted_equal_labels_declared ... ok
2026-10-09T01:38:19.9561013Z 
2026-10-09T01:38:19.9561405Z test result: ok. 61 passed; 0 failed; 0 ignored; 0 measured; 0 filtered out; finished in 0.06s
2026-10-09T01:38:19.9561783Z 
2026-10-09T01:38:19.9568471Z [1m[92m     Running[0m tests/product_reuse_semantics.rs (target/debug/build/purrdf-shapes/ab7b6717e233cbeb/out/product_reuse_semantics-ab7b6717e233cbeb)
2026-10-09T01:38:19.9581034Z 
2026-10-09T01:38:19.9581218Z running 13 tests
2026-10-09T01:38:19.9600783Z test a_parsed_preparation_reports_a_parsed_provenance ... ok
2026-10-09T01:38:19.9611689Z test a_restored_preparation_compiles_no_pattern_until_one_is_reached ... ok
2026-10-09T01:38:19.9613068Z test a_restored_preparation_rebinds_targets_exactly_as_a_parse_does ... ok
2026-10-09T01:38:19.9614445Z test a_rebuilt_preparation_names_the_product_and_its_seam ... ok
2026-10-09T01:38:19.9615771Z test a_second_binding_reuses_the_cache_the_first_binding_warmed ... ok
2026-10-09T01:38:19.9617027Z test an_admitted_preparation_names_the_product_it_came_from ... ok
2026-10-09T01:38:19.9618188Z test cloning_a_restored_preparation_shares_its_shape_tree ... ok
2026-10-09T01:38:19.9619363Z test every_binding_shares_the_preparations_provenance ... ok
2026-10-09T01:38:19.9620944Z test binding_one_restored_preparation_to_many_datasets_shares_one_shape_tree ... ok
2026-10-09T01:38:19.9622192Z test provenance_survives_cloning_and_binding ... ok
2026-10-09T01:38:19.9628107Z test one_restored_preparation_rebinds_targets_per_dataset ... ok
2026-10-09T01:38:19.9632082Z test ten_validations_from_one_restored_preparation_agree_byte_for_byte ... ok
2026-10-09T01:38:19.9634868Z test ten_validations_over_independently_parsed_data_agree_byte_for_byte ... ok
2026-10-09T01:38:19.9635232Z 
2026-10-09T01:38:19.9635725Z test result: ok. 13 passed; 0 failed; 0 ignored; 0 measured; 0 filtered out; finished in 0.01s
2026-10-09T01:38:19.9636155Z 
2026-10-09T01:38:19.9640026Z [1m[92m     Running[0m tests/product_wasm.rs (target/debug/build/purrdf-shapes/8259bb3ab5be5664/out/product_wasm-8259bb3ab5be5664)
2026-10-09T01:38:19.9651312Z 
2026-10-09T01:38:19.9651513Z running 9 tests
2026-10-09T01:38:19.9678666Z test member_shape_001_on_this_target ... ok
2026-10-09T01:38:19.9679911Z test encoding_matches_the_committed_bytes_on_this_target ... ok
2026-10-09T01:38:19.9680882Z test the_committed_golden_restores_on_this_target ... ok
2026-10-09T01:38:19.9681690Z test unique_values_for_001_on_this_target ... ok
2026-10-09T01:38:19.9682366Z test closed_by_types_003_on_this_target ... ok
2026-10-09T01:38:19.9683085Z test encode_open_admit_validate_on_this_target ... ok
2026-10-09T01:38:19.9683769Z test srl_eval_filter_01_on_this_target ... ok
2026-10-09T01:38:19.9684656Z test node_expr_concat_on_this_target ... ok
2026-10-09T01:38:19.9794433Z test merged_vocabularies_load_and_validate_on_this_target ... ok
2026-10-09T01:38:19.9794928Z 
2026-10-09T01:38:19.9795436Z test result: ok. 9 passed; 0 failed; 0 ignored; 0 measured; 0 filtered out; finished in 0.01s
2026-10-09T01:38:19.9795846Z 
2026-10-09T01:38:19.9800423Z [1m[92m     Running[0m tests/profile_admission.rs (target/debug/build/purrdf-shapes/0d4070ee9373f8df/out/profile_admission-0d4070ee9373f8df)
2026-10-09T01:38:19.9809243Z 
2026-10-09T01:38:19.9809437Z running 14 tests
2026-10-09T01:38:19.9815655Z test aggregate_order_expressions_are_audited ... ok
2026-10-09T01:38:19.9817274Z test a_parameter_named_like_optional_context_remains_required ... ok
2026-10-09T01:38:19.9818893Z test aggregate_operands_cannot_hide_restrictions_under_either_dated_law ... ok
2026-10-09T01:38:19.9820819Z test function_and_target_parameters_have_their_own_projection_and_values_policy ... ok
2026-10-09T01:38:19.9821954Z test assignments_use_actual_role_bindings ... ok
2026-10-09T01:38:19.9822783Z test identities_are_exact_and_name_each_required_edition ... ok
2026-10-09T01:38:19.9823817Z test genuinely_unbound_bodies_follow_each_dated_scope_and_keep_legacy_behavior ... ok
2026-10-09T01:38:19.9824892Z test local_values_differs_by_date_and_prebound_values_are_refused ... ok
2026-10-09T01:38:19.9825796Z test minus_has_optional_and_not_exists_neighbors ... ok
2026-10-09T01:38:19.9826701Z test projection_and_unfold_aliases_cannot_assign_a_potential_binding ... ok
2026-10-09T01:38:19.9827647Z test every_role_refuses_service_and_admits_a_local_graph ... ok
2026-10-09T01:38:19.9828666Z test optional_rec_context_is_restricted_for_assignment_but_not_projection ... ok
2026-10-09T01:38:19.9830816Z [1m[92m     Running[0m tests/property_monotonicity.rs (target/debug/build/purrdf-shapes/724494c79aead078/out/property_monotonicity-724494c79aead078)
2026-10-09T01:38:19.9831803Z test rec_subqueries_project_role_bindings_and_draft_allows_hidden_bindings ... ok
2026-10-09T01:38:19.9832447Z test wrong_query_form_has_a_typed_refusal_and_correct_form_neighbor ... ok
2026-10-09T01:38:19.9832752Z 
2026-10-09T01:38:19.9833153Z test result: ok. 14 passed; 0 failed; 0 ignored; 0 measured; 0 filtered out; finished in 0.00s
2026-10-09T01:38:19.9833524Z 
2026-10-09T01:38:19.9839880Z 
2026-10-09T01:38:19.9840084Z running 2 tests
2026-10-09T01:38:19.9849585Z test shapes_detect_violations ... ok
2026-10-09T01:38:20.0072252Z test conformance_is_monotone_under_data_addition ... ok
2026-10-09T01:38:20.0072739Z 
2026-10-09T01:38:20.0073336Z test result: ok. 2 passed; 0 failed; 0 ignored; 0 measured; 0 filtered out; finished in 0.02s
2026-10-09T01:38:20.0073932Z 
2026-10-09T01:38:20.0077364Z [1m[92m     Running[0m tests/property_shape_provenance.rs (target/debug/build/purrdf-shapes/ebb925f0451597ed/out/property_shape_provenance-ebb925f0451597ed)
2026-10-09T01:38:20.0088564Z 
2026-10-09T01:38:20.0088787Z running 5 tests
2026-10-09T01:38:20.0100001Z test nested_property_source_preserves_ancestor_box_roles ... ok
2026-10-09T01:38:20.0110128Z test reifier_constraint_sources_use_the_property_declaration ... ok
2026-10-09T01:38:20.0111121Z test imported_properties_have_distinct_deterministic_source_identities ... ok
2026-10-09T01:38:20.0111816Z test property_sources_match_the_declaring_graph_nodes ... ok
2026-10-09T01:38:20.0112503Z test sparql_current_shape_is_the_property_in_every_validation_entry ... ok
2026-10-09T01:38:20.0112909Z 
2026-10-09T01:38:20.0113344Z test result: ok. 5 passed; 0 failed; 0 ignored; 0 measured; 0 filtered out; finished in 0.00s
2026-10-09T01:38:20.0113782Z 
2026-10-09T01:38:20.0115444Z [1m[92m     Running[0m tests/relation_incompleteness.rs (target/debug/build/purrdf-shapes/672b8102e315ec66/out/relation_incompleteness-672b8102e315ec66)
2026-10-09T01:38:20.0126909Z 
2026-10-09T01:38:20.0127080Z running 1 test
2026-10-09T01:38:20.0142535Z test a_relation_declaring_its_index_not_whole_is_refused_and_a_whole_one_validates ... ok
2026-10-09T01:38:20.0143026Z 
2026-10-09T01:38:20.0143730Z test result: ok. 1 passed; 0 failed; 0 ignored; 0 measured; 0 filtered out; finished in 0.00s
2026-10-09T01:38:20.0144234Z 
2026-10-09T01:38:20.0146828Z [1m[92m     Running[0m tests/result_annotations.rs (target/debug/build/purrdf-shapes/4f5ecd58acb8c839/out/result_annotations-4f5ecd58acb8c839)
2026-10-09T01:38:20.0158199Z 
2026-10-09T01:38:20.0158381Z running 13 tests
2026-10-09T01:38:20.0173141Z test a_report_property_as_annotation_is_refused_and_an_application_property_loads ... ok
2026-10-09T01:38:20.0174523Z test a_query_a_node_never_runs_is_refused ... ok
2026-10-09T01:38:20.0180304Z test a_select_validator_copies_bindings_including_a_parameter ... ok
2026-10-09T01:38:20.0181263Z test a_prepared_product_keeps_the_annotations ... ok
2026-10-09T01:38:20.0191500Z test a_var_name_that_is_no_sparql_variable_is_refused_and_a_bare_name_loads ... ok
2026-10-09T01:38:20.0193080Z test a_sparql_constraint_copies_the_bound_variable_and_the_control_carries_nothing ... ok
2026-10-09T01:38:20.0194519Z test an_annotation_needs_exactly_one_iri_property ... ok
2026-10-09T01:38:20.0199018Z test an_unknown_term_on_an_annotation_node_is_refused ... ok
2026-10-09T01:38:20.0200359Z test an_ask_validator_annotation_reads_this_and_value ... ok
2026-10-09T01:38:20.0207479Z test an_unbound_variable_takes_the_defaults ... ok
2026-10-09T01:38:20.0208169Z test shacl_js_is_refused_as_not_shacl_1_2 ... ok
2026-10-09T01:38:20.0209106Z test describe_and_update_are_refused_wherever_the_loader_reads_and_load_elsewhere ... ok
2026-10-09T01:38:20.0210318Z test the_property_local_name_is_the_default_variable ... ok
2026-10-09T01:38:20.0210794Z 
2026-10-09T01:38:20.0211427Z test result: ok. 13 passed; 0 failed; 0 ignored; 0 measured; 0 filtered out; finished in 0.00s
2026-10-09T01:38:20.0212044Z 
2026-10-09T01:38:20.0213608Z [1m[92m     Running[0m tests/rule_capacity_limits.rs (target/debug/build/purrdf-shapes/1f8fc8e95e60bcf4/out/rule_capacity_limits-1f8fc8e95e60bcf4)
2026-10-09T01:38:20.0226069Z 
2026-10-09T01:38:20.0226221Z running 6 tests
2026-10-09T01:38:25.4416648Z test a_divergent_rule_set_is_refused_by_a_term_limit_with_the_capacity_limits_raised ... ok
2026-10-09T01:38:28.1821357Z test a_seventy_thousand_triple_copy_completes_natively_and_names_the_knob_on_wasm ... ok
2026-10-09T01:38:28.3487959Z test the_join_step_limit_names_its_knob_and_its_neighbour_completes ... ok
2026-10-09T01:38:30.5000830Z test a_shape_rule_minting_ever_longer_iris_is_refused_by_a_term_ceiling_not_the_join_step_limit ... ok
2026-10-09T01:38:32.7157638Z test a_divergent_shape_rule_is_refused_by_the_round_limit_not_the_join_step_limit ... ok
2026-10-09T01:38:49.2298256Z test a_thousand_node_transitive_closure_completes_natively_through_both_frontends ... ok
2026-10-09T01:38:49.2300536Z 
2026-10-09T01:38:49.2301219Z test result: ok. 6 passed; 0 failed; 0 ignored; 0 measured; 0 filtered out; finished in 29.21s
2026-10-09T01:38:49.2301758Z 
2026-10-09T01:38:49.2792139Z [1m[92m     Running[0m tests/rules_conformance.rs (target/debug/build/purrdf-shapes/3047bed642f1fc45/out/rules_conformance-3047bed642f1fc45)
2026-10-09T01:38:49.2806683Z 
2026-10-09T01:38:49.2806962Z running 3 tests
2026-10-09T01:38:49.2822449Z test entail_dataset_composes_project_then_apply_rules ... ok
2026-10-09T01:38:49.2825026Z test sh_order_is_order_independent_over_the_closure ... ok
2026-10-09T01:38:53.4852586Z test rules_conformance ... ok
2026-10-09T01:38:53.4852988Z 
2026-10-09T01:38:53.4853732Z test result: ok. 3 passed; 0 failed; 0 ignored; 0 measured; 0 filtered out; finished in 4.20s
2026-10-09T01:38:53.4854447Z 
2026-10-09T01:38:53.4866128Z [1m[92m     Running[0m tests/rules_engine.rs (target/debug/build/purrdf-shapes/b9343da7ca564e4c/out/rules_engine-b9343da7ca564e4c)
2026-10-09T01:38:53.4881101Z 
2026-10-09T01:38:53.4881286Z running 26 tests
2026-10-09T01:38:53.4900772Z test a_derived_triple_explains_itself ... ok
2026-10-09T01:38:53.4917948Z test a_class_condition_brings_its_superclasses ... ok
2026-10-09T01:38:53.4930944Z test a_rule_set_selects_its_rules ... ok
2026-10-09T01:38:53.4961127Z test a_bound_template_runs_and_a_missing_parameter_is_refused ... ok
2026-10-09T01:38:53.4990688Z test a_known_rule_processor_loads_and_an_unknown_one_is_refused ... ok
2026-10-09T01:38:53.5020838Z test a_stratifiable_negation_evaluates_and_a_cycle_through_one_is_refused_by_name ... ok
2026-10-09T01:38:53.5022059Z test an_ill_formed_element_rule_is_refused ... ok
2026-10-09T01:38:53.5051365Z test a_transitive_closure_over_a_chain_is_complete ... ok
2026-10-09T01:38:53.5262991Z test an_iterating_blank_minting_rule_reports_its_limit ... ok
2026-10-09T01:38:53.5269259Z test data_blocks_join_the_inference_graph ... ok
2026-10-09T01:38:54.0601038Z test a_data_bounded_counter_completes_under_the_default ... ok
2026-10-09T01:38:54.0660542Z test element_readings_infer_what_their_producers_do ... ok
2026-10-09T01:38:54.0689322Z test element_rules_lower_filters_assignments_blanks_and_triple_terms ... ok
2026-10-09T01:38:54.0720416Z test global_rules_run_without_a_focus_node ... ok
2026-10-09T01:38:54.0747260Z test not_data_matches_the_base_graph_only ... ok
2026-10-09T01:38:54.0770496Z test now_is_one_point_in_time_per_evaluation ... ok
2026-10-09T01:38:54.0771439Z test opaque_shacl_producers_preserve_multirow_fresh_templates ... ok
2026-10-09T01:38:54.0772338Z test rule_nodes_are_checked_against_the_census ... ok
2026-10-09T01:38:54.0773197Z test rules_entailment_runs_the_rules_before_validation ... ok
2026-10-09T01:38:54.0774172Z test same_order_rules_run_concurrently_and_orders_run_in_sequence ... ok
2026-10-09T01:38:54.0775026Z test source_rules_are_tracked_on_request ... ok
2026-10-09T01:38:54.0775806Z test temporary_triples_are_visible_then_deleted ... ok
2026-10-09T01:38:54.1554525Z test the_term_generating_round_limit_is_the_callers ... ok
2026-10-09T01:38:55.0154606Z test deep_countdowns_complete_under_the_default_limits ... ok
2026-10-09T01:38:55.2800258Z test an_unbounded_counter_is_refused_at_the_round_limit ... ok
2026-10-09T01:38:55.9668324Z test an_exponential_rule_set_is_refused_at_the_generated_term_budget ... ok
2026-10-09T01:38:55.9668950Z 
2026-10-09T01:38:55.9669584Z test result: ok. 26 passed; 0 failed; 0 ignored; 0 measured; 0 filtered out; finished in 2.48s
2026-10-09T01:38:55.9670426Z 
2026-10-09T01:38:55.9677274Z [1m[92m     Running[0m tests/rules_serialization_roundtrip.rs (target/debug/build/purrdf-shapes/dd5822b8bbbd90fb/out/rules_serialization_roundtrip-dd5822b8bbbd90fb)
2026-10-09T01:38:55.9693614Z 
2026-10-09T01:38:55.9693825Z running 1 test
2026-10-09T01:38:55.9709437Z test sparql_rule_entailment_roundtrips_through_text_serialization ... ok
2026-10-09T01:38:55.9710361Z 
2026-10-09T01:38:55.9711054Z test result: ok. 1 passed; 0 failed; 0 ignored; 0 measured; 0 filtered out; finished in 0.00s
2026-10-09T01:38:55.9711714Z 
2026-10-09T01:38:55.9714459Z [1m[92m     Running[0m tests/report_order.rs (target/debug/build/purrdf-shex/c6196ea9730e3e49/out/report_order-c6196ea9730e3e49)
2026-10-09T01:38:55.9726249Z 
2026-10-09T01:38:55.9726427Z running 2 tests
2026-10-09T01:38:55.9730434Z test a_selector_expands_in_term_value_order ... ok
2026-10-09T01:38:55.9731085Z test a_validation_report_lists_nodes_in_term_value_order ... ok
2026-10-09T01:38:55.9731441Z 
2026-10-09T01:38:55.9732060Z test result: ok. 2 passed; 0 failed; 0 ignored; 0 measured; 0 filtered out; finished in 0.00s
2026-10-09T01:38:55.9732907Z 
2026-10-09T01:38:55.9734363Z [1m[92m     Running[0m tests/result_json_unit.rs (target/debug/build/purrdf-shex/a4e521e709ed9bcf/out/result_json_unit-a4e521e709ed9bcf)
2026-10-09T01:38:55.9744449Z 
2026-10-09T01:38:55.9744622Z running 15 tests
2026-10-09T01:38:55.9748325Z test a_triple_term_must_close_with_its_own_delimiter ... ok
2026-10-09T01:38:55.9749393Z test a_directional_literal_round_trips_with_its_direction ... ok
2026-10-09T01:38:55.9750878Z test a_triple_term_report_spells_the_rdf12_triple_term_and_keeps_direction ... ok
2026-10-09T01:38:55.9751919Z test an_iri_only_report_is_byte_identical ... ok
2026-10-09T01:38:55.9752874Z test only_ltr_and_rtl_after_a_double_hyphen_are_a_direction ... ok
2026-10-09T01:38:55.9754165Z test literal_and_start_term_syntax ... ok
2026-10-09T01:38:55.9754907Z test output_is_deterministic ... ok
2026-10-09T01:38:55.9756606Z test array_fields_and_status ... ok
2026-10-09T01:38:55.9757288Z test round_trips_iri_and_blank ... ok
2026-10-09T01:38:55.9758174Z test reason_strings_with_quotes_and_newlines_stay_valid_json ... ok
2026-10-09T01:38:55.9759347Z test round_trips_literal_escapes_including_backspace_and_form_feed ... ok
2026-10-09T01:38:55.9760568Z test round_trips_literal_forms ... ok
2026-10-09T01:38:55.9761646Z test round_trips_nested_quoted_triple_term ... ok
2026-10-09T01:38:55.9762414Z test round_trips_quoted_triple_term ... ok
2026-10-09T01:38:55.9764529Z [1m[92m     Running[0m tests/results_roundtrip.rs (target/debug/build/purrdf-sparql-conformance/8eb27e073d899029/out/results_roundtrip-8eb27e073d899029)
2026-10-09T01:38:55.9766182Z test round_trips_quoted_triple_with_escaped_literal_object ... ok
2026-10-09T01:38:55.9766651Z 
2026-10-09T01:38:55.9767277Z test result: ok. 15 passed; 0 failed; 0 ignored; 0 measured; 0 filtered out; finished in 0.00s
2026-10-09T01:38:55.9767646Z 
2026-10-09T01:38:55.9772383Z 
2026-10-09T01:38:55.9772532Z running 1 test
2026-10-09T01:38:56.0442802Z test every_vendored_results_fixture_round_trips ... ok
2026-10-09T01:38:56.0443248Z 
2026-10-09T01:38:56.0443807Z test result: ok. 1 passed; 0 failed; 0 ignored; 0 measured; 0 filtered out; finished in 0.07s
2026-10-09T01:38:56.0444184Z 
2026-10-09T01:38:56.0447334Z [1m[92m     Running[0m tests/results_spec_byte_pins.rs (target/debug/build/purrdf-sparql-conformance/dc1290b5cd0c3eb9/out/results_spec_byte_pins-dc1290b5cd0c3eb9)
2026-10-09T01:38:56.0456273Z 
2026-10-09T01:38:56.0456434Z running 5 tests
2026-10-09T01:38:56.0461054Z test json_base_direction_and_bare_simple_literal_pin ... ok
2026-10-09T01:38:56.0464872Z test json_triple_term_pin_against_vendored_fixture ... ok
2026-10-09T01:38:56.0465543Z test json_triple_term_with_directional_literal_pin_against_vendored_fixture ... ok
2026-10-09T01:38:56.0466172Z test xml_base_direction_pin_against_spec_derived_fixture ... ok
2026-10-09T01:38:56.0466847Z test xml_triple_term_pin_against_vendored_fixture ... ok
2026-10-09T01:38:56.0467267Z 
2026-10-09T01:38:56.0467874Z test result: ok. 5 passed; 0 failed; 0 ignored; 0 measured; 0 filtered out; finished in 0.00s
2026-10-09T01:38:56.0468467Z 
2026-10-09T01:38:56.0469981Z [1m[92m     Running[0m tests/pack_query_e2e.rs (target/debug/build/purrdf-sparql-eval/14282cf35d6efc58/out/pack_query_e2e-14282cf35d6efc58)
2026-10-09T01:38:56.0478993Z 
2026-10-09T01:38:56.0479142Z running 7 tests
2026-10-09T01:38:56.0490729Z test absent_constant_query_yields_empty_not_error ... ok
2026-10-09T01:38:56.0491721Z test predicate_constant_also_a_subject_query_parity ... ok
2026-10-09T01:38:56.0492769Z test join_query_parity ... ok
2026-10-09T01:38:56.0493599Z test named_graph_query_parity ... ok
2026-10-09T01:38:56.0495446Z test rdf12_reifies_triple_term_query_parity ... ok
2026-10-09T01:38:56.0496284Z test unbound_subject_query_parity ... ok
2026-10-09T01:38:56.0501090Z test rdf12_annotation_query_parity ... ok
2026-10-09T01:38:56.0501461Z 
2026-10-09T01:38:56.0501866Z test result: ok. 7 passed; 0 failed; 0 ignored; 0 measured; 0 filtered out; finished in 0.00s
2026-10-09T01:38:56.0502242Z 
2026-10-09T01:38:56.0506916Z [1m[92m     Running[0m tests/paged_query_e2e.rs (target/debug/build/purrdf-sparql-eval/48af9cf02436d86b/out/paged_query_e2e-48af9cf02436d86b)
2026-10-09T01:38:56.0518488Z 
2026-10-09T01:38:56.0518688Z running 7 tests
2026-10-09T01:38:56.0527990Z test cross_page_join_order_is_cost_driven_and_flips_with_skew ... ok
2026-10-09T01:38:56.0529042Z test paged_property_path_parity_across_pages ... ok
2026-10-09T01:38:56.0530923Z test paged_aggregate_group_by_parity_across_pages ... ok
2026-10-09T01:38:56.0532230Z test operational_explain_uses_store_cardinalities_without_materializing_unneeded_pages ... ok
2026-10-09T01:38:56.0533123Z test query_materializes_only_the_pages_the_plan_needs ... ok
2026-10-09T01:38:56.0534096Z test paged_subquery_parity_across_pages ... ok
2026-10-09T01:38:56.0534823Z test paged_query_parity_is_byte_identical_to_single_dataset ... ok
2026-10-09T01:38:56.0536150Z [1m[92m     Running[0m tests/paged_stack_query.rs (target/debug/build/purrdf-sparql-eval/86e7e1a1be6e49db/out/paged_stack_query-86e7e1a1be6e49db)
2026-10-09T01:38:56.0536971Z 
2026-10-09T01:38:56.0537837Z test result: ok. 7 passed; 0 failed; 0 ignored; 0 measured; 0 filtered out; finished in 0.00s
2026-10-09T01:38:56.0538574Z 
2026-10-09T01:38:56.0547891Z 
2026-10-09T01:38:56.0548391Z running 8 tests
2026-10-09T01:38:56.0562930Z test constants_and_head_queries_check_skipped_and_zero_page_source_descriptors ... ok
2026-10-09T01:38:56.0565217Z test aggregate_admission_and_cache_receipts_are_exact_at_the_public_boundary ... ok
2026-10-09T01:38:56.0566797Z test delayed_drift_at_the_last_checkpoint_refuses_cached_guarded_results_and_fold ... ok
2026-10-09T01:38:56.0584309Z test native_primary_and_virtual_reifier_overlap_reaches_the_same_consumer_bag ... ok
2026-10-09T01:38:56.0585785Z test source_faults_are_operational_sticky_and_refuse_compacted_artifacts ... ok
2026-10-09T01:38:56.0774471Z test typed_rdf_values_and_graph_scoped_retractions_match_explicit_eager_tables ... ok
2026-10-09T01:38:56.0926133Z test chronological_layers_match_eager_bags_for_every_consumer_family ... ok
2026-10-09T01:38:56.1126227Z test generated_mutations_and_retained_snapshots_keep_query_bags_and_page_identity ... ok
2026-10-09T01:38:56.1126919Z 
2026-10-09T01:38:56.1127554Z test result: ok. 8 passed; 0 failed; 0 ignored; 0 measured; 0 filtered out; finished in 0.06s
2026-10-09T01:38:56.1128086Z 
2026-10-09T01:38:56.1135442Z [1m[92m     Running[0m tests/parse_diagnostics.rs (target/debug/build/purrdf-sparql-eval/8e189e53d0496916/out/parse_diagnostics-8e189e53d0496916)
2026-10-09T01:38:56.1144771Z 
2026-10-09T01:38:56.1144928Z running 1 test
2026-10-09T01:38:56.1150095Z test query_admission_retains_each_original_parser_condition ... ok
2026-10-09T01:38:56.1150623Z 
2026-10-09T01:38:56.1151113Z test result: ok. 1 passed; 0 failed; 0 ignored; 0 measured; 0 filtered out; finished in 0.00s
2026-10-09T01:38:56.1151744Z 
2026-10-09T01:38:56.1153296Z [1m[92m     Running[0m tests/parse_nesting_limit.rs (target/debug/build/purrdf-sparql-eval/36306179249d424b/out/parse_nesting_limit-36306179249d424b)
2026-10-09T01:38:56.1164480Z 
2026-10-09T01:38:56.1164628Z running 4 tests
2026-10-09T01:38:56.1190741Z test flat_and_formerly_admitted_expressions_answer_on_a_test_thread ... ok
2026-10-09T01:38:56.1290310Z test ten_thousand_deep_parentheses_answer_and_negations_answer_or_are_the_typed_refusal ... ok
2026-10-09T01:38:56.1308353Z test every_shape_answers_at_128_500_and_1000_where_the_stack_holds_it ... ok
2026-10-09T01:38:56.7615173Z test the_deepest_answer_and_the_first_refusal_are_neighbours ... ok
2026-10-09T01:38:56.7628521Z 
2026-10-09T01:38:56.7629169Z test result: ok. 4 passed; 0 failed; 0 ignored; 0 measured; 0 filtered out; finished in 0.64s
2026-10-09T01:38:56.7629592Z 
2026-10-09T01:38:56.7633900Z [1m[92m     Running[0m tests/path_witness_property_function.rs (target/debug/build/purrdf-sparql-eval/38e2458148fc8a94/out/path_witness_property_function-38e2458148fc8a94)
2026-10-09T01:38:56.7647004Z 
2026-10-09T01:38:56.7647166Z running 18 tests
2026-10-09T01:38:56.7658371Z test a15_two_statements_joining_one_node_pair_are_two_witnesses ... ok
2026-10-09T01:38:56.7660116Z test a10_one_registry_serves_a_path_consumer_and_a_scored_retrieval_consumer ... ok
2026-10-09T01:38:56.7661353Z test a12_the_path_guard_hard_fails_and_its_firing_tracks_the_row_licence ... ok
2026-10-09T01:38:56.7662589Z test a16_the_endpoint_projection_agrees_with_p_plus_and_the_divergence_is_pinned ... ok
2026-10-09T01:38:56.7663689Z test a19_the_expansion_budget_fails_a_fruitless_search_rather_than_answering_empty ... ok
2026-10-09T01:38:56.7668104Z test a18_a_hop_statement_joins_to_its_rdf12_annotation ... ok
2026-10-09T01:38:56.7669641Z test a1_a_chain_binds_every_walk_hop_by_hop_through_the_query_surface ... ok
2026-10-09T01:38:56.7671075Z test a20_a_step_over_rdf_reifies_walks_a_statement_to_its_reifier ... ok
2026-10-09T01:38:56.7673335Z test a17_identifier_stability_is_pinned_for_iris_and_for_blank_nodes ... ok
2026-10-09T01:38:56.7675106Z test a21_a_step_over_an_annotation_predicate_crosses_both_layers_in_one_walk ... ok
2026-10-09T01:38:56.7675964Z test a23_a_small_graph_is_not_refused_by_a_ceiling_far_above_its_true_cost ... ok
2026-10-09T01:38:56.7678277Z test a22_a_step_alternative_the_dataset_never_mentions_still_leaves_a_usable_step ... ok
2026-10-09T01:38:56.7680774Z test a23b_a_ceiling_below_the_true_cost_still_refuses_at_admission ... ok
2026-10-09T01:38:56.7681988Z test a24_the_shortest_witness_relation_matches_the_virtuoso_shortest_only_reference ... ok
2026-10-09T01:38:56.7683089Z test a2_the_projection_matches_the_virtuoso_transitivity_reference ... ok
2026-10-09T01:38:56.7684125Z test a5_an_unregistered_caller_iri_is_a_hard_failure_not_an_empty_answer ... ok
2026-10-09T01:38:56.7685001Z test a7_a_cycle_terminates_at_its_closing_hop ... ok
2026-10-09T01:38:56.7685800Z test a8_a_triple_term_is_an_intermediate_node_of_a_walk ... ok
2026-10-09T01:38:56.7686238Z 
2026-10-09T01:38:56.7686857Z test result: ok. 18 passed; 0 failed; 0 ignored; 0 measured; 0 filtered out; finished in 0.00s
2026-10-09T01:38:56.7687484Z 
2026-10-09T01:38:56.7689476Z [1m[92m     Running[0m tests/plan_cache_corpus.rs (target/debug/build/purrdf-sparql-eval/0813677a9987bbba/out/plan_cache_corpus-0813677a9987bbba)
2026-10-09T01:38:56.7698578Z 
2026-10-09T01:38:56.7698773Z running 1 test
2026-10-09T01:38:56.7882278Z test compiles_generated_query_set_once ... ok
2026-10-09T01:38:56.7882854Z 
2026-10-09T01:38:56.7883577Z test result: ok. 1 passed; 0 failed; 0 ignored; 0 measured; 0 filtered out; finished in 0.02s
2026-10-09T01:38:56.7884153Z 
2026-10-09T01:38:56.7887293Z [1m[92m     Running[0m tests/prebound_grouping.rs (target/debug/build/purrdf-sparql-eval/51d7a3935bb7b45f/out/prebound_grouping-51d7a3935bb7b45f)
2026-10-09T01:38:56.7899156Z 
2026-10-09T01:38:56.7899419Z running 16 tests
2026-10-09T01:38:56.7930740Z test a_group_keyed_by_the_pre_bound_variable_is_unchanged ... ok
2026-10-09T01:38:56.7940906Z test a_pre_bound_variable_survives_an_explicit_group_by_another_key ... ok
2026-10-09T01:38:56.7958039Z test a_prepared_execution_honours_its_declared_pre_bound_names ... ok
2026-10-09T01:38:56.7992324Z test a_projected_pre_bound_variable_survives_an_implicit_group ... ok
2026-10-09T01:38:56.8001045Z test a_select_expression_reads_the_pre_bound_value_above_the_group ... ok
2026-10-09T01:38:56.8002037Z test a_minus_subtracts_with_the_bound_value_on_both_sides ... ok
2026-10-09T01:38:56.8003161Z test a_nested_sub_select_assignment_joins_and_the_outer_sub_select_reads_the_bound_value ... ok
2026-10-09T01:38:56.8054758Z test a_sub_select_assignment_of_the_pre_bound_name_joins_whether_or_not_it_is_projected ... ok
2026-10-09T01:38:56.8091216Z test a_values_of_the_pre_bound_name_in_a_minus_operand_joins_with_the_bound_value ... ok
2026-10-09T01:38:56.8103803Z test a_where_of_a_lone_sub_select_carries_the_bound_column ... ok
2026-10-09T01:38:56.8141633Z test a_sub_select_deduplicates_and_groups_rows_that_all_carry_the_bound_value ... ok
2026-10-09T01:38:56.8151186Z test a_values_of_the_pre_bound_name_in_an_optional_arm_joins_with_the_bound_value ... ok
2026-10-09T01:38:56.8156709Z test an_assignment_answers_alike_beside_an_unrelated_sibling ... ok
2026-10-09T01:38:56.8165517Z test a_values_of_the_pre_bound_name_in_an_unprojected_sub_select_joins_with_the_bound_value ... ok
2026-10-09T01:38:56.8179647Z test an_assignment_of_the_pre_bound_name_out_of_its_scope_answers_by_join ... ok
2026-10-09T01:38:56.8203882Z test an_assignment_in_a_sub_select_inside_exists_joins_with_the_bound_value ... ok
2026-10-09T01:38:56.8206557Z 
2026-10-09T01:38:56.8207239Z test result: ok. 16 passed; 0 failed; 0 ignored; 0 measured; 0 filtered out; finished in 0.03s
2026-10-09T01:38:56.8207779Z 
2026-10-09T01:38:56.8209557Z [1m[92m     Running[0m tests/prepared_admission.rs (target/debug/build/purrdf-sparql-eval/3dce27c1ddd5fc8c/out/prepared_admission-3dce27c1ddd5fc8c)
2026-10-09T01:38:56.8219623Z 
2026-10-09T01:38:56.8219973Z running 16 tests
2026-10-09T01:38:56.8224420Z test aggregate_output_collisions_are_refused_without_rejecting_redundant_keys ... ok
2026-10-09T01:38:56.8225951Z test admitted_plan_lifetimes_remain_observable_after_eviction_and_cache_drop ... ok
2026-10-09T01:38:56.8229285Z test admission_reorders_a_binding_before_a_bound_only_relation ... ok
2026-10-09T01:38:56.8230748Z test cache_keys_keep_base_unicode_and_field_boundaries_distinct ... ok
2026-10-09T01:38:56.8231335Z test compiler_aggregate_calls_are_admitted_with_their_registry ... ok
2026-10-09T01:38:56.8231926Z test aggregate_sort_keys_reorder_a_binding_before_a_bound_only_relation ... ok
2026-10-09T01:38:56.8234718Z test disabled_and_compiler_plans_are_counted_without_retention ... ok
2026-10-09T01:38:56.8235922Z test duplicate_projection_and_group_keys_preserve_parsed_and_compiler_results ... ok
2026-10-09T01:38:56.8236973Z test malformed_compiler_rows_are_refused_before_evaluation ... ok
2026-10-09T01:38:56.8247441Z test deeply_nested_prepared_expressions_execute_without_recursive_admission_visitors ... ok
2026-10-09T01:38:56.8249186Z test reserved_language_datatype_shapes_are_refused_by_text_and_compiler_admission ... ok
2026-10-09T01:38:56.8250478Z test rewritten_calls_share_registry_and_arity_admission ... ok
2026-10-09T01:38:56.8251256Z test term_validation_preserves_rdf_values_and_rejects_invalid_structure ... ok
2026-10-09T01:38:56.8260330Z test parser_and_prepared_execution_agree_near_the_evaluator_depth_boundary ... ok
2026-10-09T01:38:56.8374610Z test parsed_and_compiler_preparation_preserve_flat_operator_boundary_acceptance ... ok
2026-10-09T01:38:56.8379065Z test malformed_ranges_targets_and_nested_expressions_are_refused ... ok
2026-10-09T01:38:56.8379589Z 
2026-10-09T01:38:56.8380427Z test result: ok. 16 passed; 0 failed; 0 ignored; 0 measured; 0 filtered out; finished in 0.02s
2026-10-09T01:38:56.8381011Z 
2026-10-09T01:38:56.8389065Z [1m[92m     Running[0m tests/prepared_execution.rs (target/debug/build/purrdf-sparql-eval/e301b089d13bd684/out/prepared_execution-e301b089d13bd684)
2026-10-09T01:38:56.8401916Z 
2026-10-09T01:38:56.8402105Z running 17 tests
2026-10-09T01:38:56.8409210Z test a_duplicate_declaration_is_refused_before_either_door_exists ... ok
2026-10-09T01:38:56.8410493Z test a_repeated_pre_bound_name_answers_the_empty_solution ... ok
2026-10-09T01:38:56.8421287Z test a_blank_and_an_iri_focus_node_answer_correctly_through_the_same_handle ... ok
2026-10-09T01:38:56.8422324Z test a_prepared_execution_answers_each_binding_from_one_plan ... ok
2026-10-09T01:38:56.8423015Z test a_reused_handle_answers_and_charges_exactly_as_a_fresh_one_does ... ok
2026-10-09T01:38:56.8423650Z test binding_a_name_that_was_not_declared_is_refused ... ok
2026-10-09T01:38:56.8430123Z test declaring_one_parameter_twice_is_refused ... ok
2026-10-09T01:38:56.8431059Z test evaluating_an_admitted_plan_costs_a_pinned_constant_per_call ... ok
2026-10-09T01:38:56.8431912Z test executing_a_prepared_plan_under_a_mismatched_aggregate_registry_is_refused_but_a_matched_registry_still_answers ... ok
2026-10-09T01:38:56.8433001Z test executing_a_prepared_plan_under_a_mismatched_property_function_registry_is_refused_but_a_matched_registry_still_answers ... ok
2026-10-09T01:38:56.8433760Z test running_with_a_parameter_unbound_is_refused ... ok
2026-10-09T01:38:56.8435519Z test the_id_door_refuses_an_out_of_range_slot_exactly_as_the_value_door_does ... ok
2026-10-09T01:38:56.8436365Z test the_id_door_refuses_an_unbound_parameter_exactly_as_the_value_door_does ... ok
2026-10-09T01:38:56.8438285Z test re_running_a_prepared_execution_costs_23_allocations ... ok
2026-10-09T01:38:56.8439249Z test the_third_run_costs_measurably_less_because_the_memo_is_reused ... ok
2026-10-09T01:38:56.8440631Z test unbind_all_returns_every_slot_to_unbound_and_a_later_bind_answers_the_new_value ... ok
2026-10-09T01:38:56.8442019Z test the_two_doors_are_interchangeable_within_one_execution ... ok
2026-10-09T01:38:56.8442518Z 
2026-10-09T01:38:56.8443137Z test result: ok. 17 passed; 0 failed; 0 ignored; 0 measured; 0 filtered out; finished in 0.00s
2026-10-09T01:38:56.8443610Z 
2026-10-09T01:38:56.8444458Z [1m[92m     Running[0m tests/prepared_operations.rs (target/debug/build/purrdf-sparql-eval/58c06f74152c86a7/out/prepared_operations-58c06f74152c86a7)
2026-10-09T01:38:56.8455393Z 
2026-10-09T01:38:56.8455577Z running 10 tests
2026-10-09T01:38:56.8464008Z test fallible_prepared_checkpoints_discard_answers_and_preserve_operational_precedence ... ok
2026-10-09T01:38:56.8465615Z test explicit_per_call_source_replaces_options_remote_and_preserves_receipts ... ok
2026-10-09T01:38:56.8466885Z test compiler_constructed_plans_execute_without_text_or_cache_activity ... ok
2026-10-09T01:38:56.8468076Z test healthy_prepared_views_keep_query_errors_and_registry_admission_typed ... ok
2026-10-09T01:38:56.8472891Z test repeated_prepared_calls_own_independent_budgets_and_certified_answers ... ok
2026-10-09T01:38:56.8474157Z test prepared_operations_match_text_with_shacl_prebinding_for_each_result_form ... ok
2026-10-09T01:38:56.8475373Z test remote_cancellation_prevents_prepared_fallible_publication ... ok
2026-10-09T01:38:56.8476964Z test shared_prepared_fallible_operations_keep_both_meters_and_certified_prefixes ... ok
2026-10-09T01:38:56.8482532Z test simultaneously_started_worker_local_engines_share_one_plan_and_fuel_ceiling ... ok
2026-10-09T01:38:56.8486385Z test prepared_fallible_calls_match_text_and_shared_receipts_for_every_query_form ... ok
2026-10-09T01:38:56.8487053Z 
2026-10-09T01:38:56.8487451Z test result: ok. 10 passed; 0 failed; 0 ignored; 0 measured; 0 filtered out; finished in 0.00s
2026-10-09T01:38:56.8487818Z 
2026-10-09T01:38:56.8491764Z [1m[92m     Running[0m tests/prepared_parameter_mentions.rs (target/debug/build/purrdf-sparql-eval/313f6dd28fee34ec/out/prepared_parameter_mentions-313f6dd28fee34ec)
2026-10-09T01:38:56.8502759Z 
2026-10-09T01:38:56.8502906Z running 6 tests
2026-10-09T01:38:56.8508574Z test an_unmentioned_parameter_is_refused_naming_it ... ok
2026-10-09T01:38:56.8509425Z test a_declared_used_parameter_passes_and_runs ... ok
2026-10-09T01:38:56.8510449Z test no_parameter_is_nothing_to_refuse ... ok
2026-10-09T01:38:56.8511729Z test only_the_unmentioned_parameters_are_named_in_declaration_order ... ok
2026-10-09T01:38:56.8512500Z test prepare_still_admits_an_unmentioned_parameter ... ok
2026-10-09T01:38:56.8514411Z test every_position_a_query_can_mention_a_variable_counts ... ok
2026-10-09T01:38:56.8514705Z 
2026-10-09T01:38:56.8515072Z test result: ok. 6 passed; 0 failed; 0 ignored; 0 measured; 0 filtered out; finished in 0.00s
2026-10-09T01:38:56.8515426Z 
2026-10-09T01:38:56.8518796Z [1m[92m     Running[0m tests/prepared_parameters.rs (target/debug/build/purrdf-sparql-eval/c8669950f3443417/out/prepared_parameters-c8669950f3443417)
2026-10-09T01:38:56.8529665Z 
2026-10-09T01:38:56.8530012Z running 12 tests
2026-10-09T01:38:56.8537991Z test a_blank_node_the_dataset_does_not_hold_is_still_bound_into_the_call ... ok
2026-10-09T01:38:56.8539371Z test a_call_after_a_data_atom_is_invoked_with_its_declared_parameter_bound ... ok
2026-10-09T01:38:56.8544487Z test a_declared_parameter_must_be_bound_and_the_refusal_names_it ... ok
2026-10-09T01:38:56.8545555Z test a_call_is_admitted_against_what_its_evaluation_hands_it ... ok
2026-10-09T01:38:56.8546902Z test a_declared_parameter_reaches_an_optional_arm_and_its_neighbours_still_run ... ok
2026-10-09T01:38:56.8547902Z test a_call_in_an_optional_arm_is_bound_on_every_lane ... ok
2026-10-09T01:38:56.8548980Z test a_filter_exists_over_the_core_invokes_its_call_with_the_declared_parameter_bound ... ok
2026-10-09T01:38:56.8551929Z test the_declaration_is_part_of_the_plan_identity ... ok
2026-10-09T01:38:56.8553891Z test the_declaration_is_what_admits_a_call_whose_argument_the_text_leaves_free ... ok
2026-10-09T01:38:56.8554985Z test declaring_nothing_still_runs_and_one_execution_answers_many_bindings ... ok
2026-10-09T01:38:56.8556617Z test a_parameter_bound_to_a_dataset_blank_node_reaches_the_call_bound ... ok
2026-10-09T01:38:56.8559363Z test inspecting_a_borrowed_request_preserves_bound_parameters_and_rewrite_identity ... ok
2026-10-09T01:38:56.8560194Z 
2026-10-09T01:38:56.8560573Z test result: ok. 12 passed; 0 failed; 0 ignored; 0 measured; 0 filtered out; finished in 0.00s
2026-10-09T01:38:56.8560939Z 
2026-10-09T01:38:56.8563872Z [1m[92m     Running[0m tests/prepared_reuse.rs (target/debug/build/purrdf-sparql-eval/72336f4fc56d3285/out/prepared_reuse-72336f4fc56d3285)
2026-10-09T01:38:56.8574693Z 
2026-10-09T01:38:56.8574840Z running 7 tests
2026-10-09T01:38:56.8581882Z test disabled_retention_still_prepares_and_errors_are_never_cached ... ok
2026-10-09T01:38:56.8583013Z test entry_ceiling_evicts_least_recently_used_but_retained_handles_still_execute ... ok
2026-10-09T01:38:56.8584465Z test byte_ceiling_and_oversize_admission_bound_storage_without_poisoning_useful_plans ... ok
2026-10-09T01:38:56.8585586Z test join_order_eviction_replans_without_reusing_answers ... ok
2026-10-09T01:38:56.8586461Z test prepared_operation_preserves_substitutions_without_text_cache_access ... ok
2026-10-09T01:38:56.8587102Z test typed_preparation_admits_registry_calls_before_execution ... ok
2026-10-09T01:38:56.8587688Z test prepared_workers_charge_one_shared_budget_and_do_not_multiply_it ... ok
2026-10-09T01:38:56.8588053Z 
2026-10-09T01:38:56.8588413Z test result: ok. 7 passed; 0 failed; 0 ignored; 0 measured; 0 filtered out; finished in 0.00s
2026-10-09T01:38:56.8588772Z 
2026-10-09T01:38:56.8590694Z [1m[92m     Running[0m tests/property_function_blank_scope.rs (target/debug/build/purrdf-sparql-eval/ff6a04c6f47bfd5e/out/property_function_blank_scope-ff6a04c6f47bfd5e)
2026-10-09T01:38:56.8601604Z 
2026-10-09T01:38:56.8601740Z running 10 tests
2026-10-09T01:38:56.8612386Z test a_blank_shared_across_the_call_between_two_triples_joins ... ok
2026-10-09T01:38:56.8613551Z test a_blank_reused_across_basic_graph_patterns_is_refused_and_its_neighbour_runs ... ok
2026-10-09T01:38:56.8614278Z test a_blank_shared_by_a_path_and_a_triple_joins ... ok
2026-10-09T01:38:56.8615212Z test a_blank_shared_by_a_call_and_a_triple_joins_like_the_variable_it_is ... ok
2026-10-09T01:38:56.8621614Z test a_blank_shared_by_two_calls_joins ... ok
2026-10-09T01:38:56.8622530Z test a_shared_blank_argument_is_reported_observed_and_a_lone_one_unobserved ... ok
2026-10-09T01:38:56.8623235Z test describe_star_describes_the_pattern_s_variables_and_not_a_shared_blank ... ok
2026-10-09T01:38:56.8623845Z test the_join_holds_inside_exists_and_optional_groups_too ... ok
2026-10-09T01:38:56.8624333Z test a_shared_blank_is_never_a_column_of_the_answer ... ok
2026-10-09T01:38:56.8625282Z test an_update_where_joins_a_shared_blank_like_a_query ... ok
2026-10-09T01:38:56.8625719Z 
2026-10-09T01:38:56.8626212Z test result: ok. 10 passed; 0 failed; 0 ignored; 0 measured; 0 filtered out; finished in 0.00s
2026-10-09T01:38:56.8626578Z 
2026-10-09T01:38:56.8629409Z [1m[92m     Running[0m tests/property_function_e2e.rs (target/debug/build/purrdf-sparql-eval/94f0689f13b818c7/out/property_function_e2e-94f0689f13b818c7)
2026-10-09T01:38:56.8641233Z 
2026-10-09T01:38:56.8641393Z running 16 tests
2026-10-09T01:38:56.8647533Z test a_governed_entry_refuses_a_declared_huge_relation_on_a_small_cell_ceiling ... ok
2026-10-09T01:38:56.8649070Z test a_configured_predicate_parses_to_a_call_and_answers_from_the_injected_relation ... ok
2026-10-09T01:38:56.8653274Z test a_governed_query_answers_from_the_relation_and_charges_it ... ok
2026-10-09T01:38:56.8654344Z test a_governed_relation_query_trips_one_unit_below_its_metered_spend ... ok
2026-10-09T01:38:56.8655029Z test a_governed_update_where_charges_the_relation_and_trips_on_fuel ... ok
2026-10-09T01:38:56.8655870Z test a_plan_prepared_under_one_relation_registry_refuses_to_execute_under_a_different_one_with_identical_declarations ... ok
2026-10-09T01:38:56.8659457Z test an_update_where_call_with_no_registry_hard_errors_precisely ... ok
2026-10-09T01:38:56.8660812Z test a_plan_prepared_without_the_registry_is_refused_when_evaluated_with_it ... ok
2026-10-09T01:38:56.8661430Z test an_update_where_inserts_exactly_the_relations_rows ... ok
2026-10-09T01:38:56.8662090Z test query_prepared_with_a_mismatched_registry_is_refused_and_the_matched_registry_answers ... ok
2026-10-09T01:38:56.8663854Z test query_with_source_view_dispatches_a_registered_relation_with_options ... ok
2026-10-09T01:38:56.8666183Z test the_call_serializes_and_re_parses_byte_exactly ... ok
2026-10-09T01:38:56.8667538Z test registering_a_relation_does_not_hijack_a_longer_sibling_data_predicate ... ok
2026-10-09T01:38:56.8668529Z test the_governed_entry_cannot_silently_drop_a_registered_relation ... ok
2026-10-09T01:38:56.8669509Z test the_same_text_without_the_namespace_is_an_ordinary_triple_pattern ... ok
2026-10-09T01:38:56.8670843Z test the_per_call_and_operation_governed_entries_spend_identically ... ok
2026-10-09T01:38:56.8671229Z 
2026-10-09T01:38:56.8671604Z test result: ok. 16 passed; 0 failed; 0 ignored; 0 measured; 0 filtered out; finished in 0.00s
2026-10-09T01:38:56.8671972Z 
2026-10-09T01:38:56.8673152Z [1m[92m     Running[0m tests/property_function_value_sources.rs (target/debug/build/purrdf-sparql-eval/6be20e476d28cc0f/out/property_function_value_sources-6be20e476d28cc0f)
2026-10-09T01:38:56.8682161Z 
2026-10-09T01:38:56.8682346Z running 31 tests
2026-10-09T01:38:56.8691343Z test a_bind_that_errors_refuses_its_row_and_never_invokes_the_relation_free ... ok
2026-10-09T01:38:56.8692667Z test a_bind_over_an_optional_variable_is_not_a_source ... ok
2026-10-09T01:38:56.8693831Z test a_graph_variable_feeds_it ... ok
2026-10-09T01:38:56.8703600Z test a_group_by_is_reached_by_the_substitution_whatever_its_keys ... ok
2026-10-09T01:38:56.8730198Z test a_filter_binds_nothing_its_condition_can_be_true_without ... ok
2026-10-09T01:38:56.8731873Z test a_key_or_an_aggregate_over_a_variable_the_text_may_leave_unbound_is_not_a_source ... ok
2026-10-09T01:38:56.8733303Z test a_lateral_after_a_call_is_driven_by_the_calls_rows ... ok
2026-10-09T01:38:56.8737146Z test a_lateral_bind_over_an_optional_variable_is_not_a_source ... ok
2026-10-09T01:38:56.8747261Z test a_lateral_bind_over_the_left_side_feeds_the_call ... ok
2026-10-09T01:38:56.8750432Z test a_group_by_keyed_by_the_substituted_variable_is_entered ... ok
2026-10-09T01:38:56.8752209Z test a_lateral_right_side_sees_its_left_values ... ok
2026-10-09T01:38:56.8759565Z test a_lateral_sub_select_carries_the_left_row_only_for_what_it_projects ... ok
2026-10-09T01:38:56.8763771Z test a_lateral_values_and_a_lateral_triple_feed_the_call ... ok
2026-10-09T01:38:56.8769372Z test a_sub_select_projecting_the_input_feeds_it ... ok
2026-10-09T01:38:56.8771556Z test a_triple_feeds_the_input ... ok
2026-10-09T01:38:56.8777612Z test a_filter_over_a_strict_built_in_drops_the_unbound_row ... ok
2026-10-09T01:38:56.8789522Z test an_aggregate_over_a_group_by_feeds_the_call ... ok
2026-10-09T01:38:56.8801121Z test a_nested_group_and_a_union_binding_it_on_every_path_feed_it ... ok
2026-10-09T01:38:56.8803811Z test a_filter_binds_what_its_condition_requires ... ok
2026-10-09T01:38:56.8807064Z test an_undef_cell_is_not_a_source ... ok
2026-10-09T01:38:56.8809677Z test an_undef_in_another_column_leaves_the_input_a_source ... ok
2026-10-09T01:38:56.8812723Z test bind_after_the_call_is_not_a_source ... ok
2026-10-09T01:38:56.8817240Z test bind_before_the_call_feeds_it ... ok
2026-10-09T01:38:56.8842747Z test an_aggregate_without_group_by_over_a_possibly_empty_input ... ok
2026-10-09T01:38:56.8848984Z test aggregates_failing_on_present_values_answer_the_bottom_up_join_and_never_invoke_free ... ok
2026-10-09T01:38:56.8855680Z test nothing_binding_the_input_is_refused_and_the_free_capable_neighbour_answers ... ok
2026-10-09T01:38:56.8857131Z test values_after_the_call_in_the_same_group_feeds_it ... ok
2026-10-09T01:38:56.8857917Z test an_aggregate_over_an_expression_reading_only_bound_variables_is_a_source ... ok
2026-10-09T01:38:56.8862389Z test values_before_the_call_feeds_it_per_row ... ok
2026-10-09T01:38:56.8862933Z test newly_admitted_lateral_shapes_answer_the_bottom_up_join ... ok
2026-10-09T01:38:56.9009825Z test newly_admitted_substituted_and_aggregate_shapes_answer_the_bottom_up_join ... ok
2026-10-09T01:38:56.9010869Z 
2026-10-09T01:38:56.9011269Z test result: ok. 31 passed; 0 failed; 0 ignored; 0 measured; 0 filtered out; finished in 0.03s
2026-10-09T01:38:56.9011647Z 
2026-10-09T01:38:56.9016715Z [1m[92m     Running[0m tests/property_path_corpus.rs (target/debug/build/purrdf-sparql-eval/b93b168343c9db71/out/property_path_corpus-b93b168343c9db71)
2026-10-09T01:38:56.9029263Z 
2026-10-09T01:38:56.9029455Z running 1 test
2026-10-09T01:38:56.9034435Z test subclassof_star_query_evaluates_end_to_end ... ok
2026-10-09T01:38:56.9034699Z 
2026-10-09T01:38:56.9035063Z test result: ok. 1 passed; 0 failed; 0 ignored; 0 measured; 0 filtered out; finished in 0.00s
2026-10-09T01:38:56.9035429Z 
2026-10-09T01:38:56.9037744Z [1m[92m     Running[0m tests/protocol.rs (target/debug/build/purrdf-sparql-eval/eca62e80f7f8351d/out/protocol-eca62e80f7f8351d)
2026-10-09T01:38:56.9049311Z 
2026-10-09T01:38:56.9049460Z running 36 tests
2026-10-09T01:38:56.9052623Z test a_body_that_is_not_utf8_is_refused ... ok
2026-10-09T01:38:56.9053597Z test a_ceiling_trip_is_a_422_and_a_stop_is_a_503 ... ok
2026-10-09T01:38:56.9054580Z test a_charset_other_than_utf8_is_refused ... ok
2026-10-09T01:38:56.9055608Z test a_dataset_parameter_that_is_not_an_absolute_iri_is_refused ... ok
2026-10-09T01:38:56.9056630Z test a_method_other_than_get_or_post_is_refused ... ok
2026-10-09T01:38:56.9057484Z test a_get_with_a_body_is_refused ... ok
2026-10-09T01:38:56.9060340Z test a_post_without_a_content_type_is_refused ... ok
2026-10-09T01:38:56.9061218Z test a_query_via_get_is_read_from_the_query_string ... ok
2026-10-09T01:38:56.9062255Z test a_parse_refusal_is_a_400_and_an_evaluation_failure_is_a_500 ... ok
2026-10-09T01:38:56.9063251Z test a_post_with_an_unsupported_content_type_is_refused ... ok
2026-10-09T01:38:56.9064290Z test a_query_via_post_directly_reads_the_body_and_the_query_string_parameters ... ok
2026-10-09T01:38:56.9065352Z test a_query_via_post_with_url_encoded_parameters_reads_the_body ... ok
2026-10-09T01:38:56.9066393Z test a_request_with_more_than_one_operation_is_refused ... ok
2026-10-09T01:38:56.9067091Z test a_request_with_no_operation_is_refused ... ok
2026-10-09T01:38:56.9067692Z test an_operation_that_does_not_parse_is_reported_only_when_parameters_must_be_applied ... ok
2026-10-09T01:38:56.9068288Z test an_update_via_post_directly_reads_the_body ... ok
2026-10-09T01:38:56.9068699Z test an_update_via_get_is_refused ... ok
2026-10-09T01:38:56.9069491Z test an_update_via_post_with_url_encoded_parameters_reads_the_body ... ok
2026-10-09T01:38:56.9070874Z test every_error_names_itself_and_explains_itself ... ok
2026-10-09T01:38:56.9071883Z test every_failure_code_round_trips_through_its_diagnostic_code ... ok
2026-10-09T01:38:56.9072834Z test every_negotiated_format_has_its_media_type ... ok
2026-10-09T01:38:56.9077343Z test host_faults_are_sanitized_and_evaluation_failures_are_not ... ok
2026-10-09T01:38:56.9078479Z test default_graph_uri_restricts_the_default_graph ... ok
2026-10-09T01:38:56.9080799Z test default_graph_uri_overrides_the_querys_own_from ... ok
2026-10-09T01:38:56.9081892Z test query_dataset_parameters_on_an_update_are_refused ... ok
2026-10-09T01:38:56.9082937Z test named_graph_uri_restricts_graph_patterns ... ok
2026-10-09T01:38:56.9091155Z test negotiation_follows_weights_wildcards_specificity_and_preference_order ... ok
2026-10-09T01:38:56.9093851Z test service_and_load_failures_are_answered_without_their_own_words ... ok
2026-10-09T01:38:56.9094976Z test stops_not_acceptable_and_update_in_flight_have_their_own_statuses ... ok
2026-10-09T01:38:56.9095961Z test the_result_kind_is_read_from_the_query_form ... ok
2026-10-09T01:38:56.9096834Z test update_dataset_parameters_on_a_query_are_refused ... ok
2026-10-09T01:38:56.9097976Z test url_encoded_text_that_does_not_decode_is_refused ... ok
2026-10-09T01:38:56.9098922Z test the_dataset_parameters_apply_to_every_query_form ... ok
2026-10-09T01:38:56.9100067Z test using_graph_uri_applies_to_the_delete_where_shorthand ... ok
2026-10-09T01:38:56.9100946Z test using_parameters_conflict_with_an_updates_own_using_or_with ... ok
2026-10-09T01:38:56.9101497Z test using_graph_uri_restricts_an_updates_where ... ok
2026-10-09T01:38:56.9101755Z 
2026-10-09T01:38:56.9102123Z test result: ok. 36 passed; 0 failed; 0 ignored; 0 measured; 0 filtered out; finished in 0.00s
2026-10-09T01:38:56.9103030Z 
2026-10-09T01:38:56.9104321Z [1m[92m     Running[0m tests/query_completion.rs (target/debug/build/purrdf-sparql-eval/455f68f16dd71b5c/out/query_completion-455f68f16dd71b5c)
2026-10-09T01:38:56.9114827Z 
2026-10-09T01:38:56.9114973Z running 19 tests
2026-10-09T01:38:56.9126019Z test preexisting_source_failure_outranks_parse_and_empty_pattern_success ... ok
2026-10-09T01:38:56.9127168Z test refused_reporting_admission_remains_typed_even_before_sticky_failure ... ok
2026-10-09T01:38:56.9128450Z test sticky_operational_root_outranks_the_direct_admission_error ... ok
2026-10-09T01:38:56.9129889Z test retained_prepared_visits_remain_inside_the_checked_publication_scope ... ok
2026-10-09T01:38:56.9131415Z test direct_execution_admission_failures_keep_their_typed_cause_and_exact_evidence ... ok
2026-10-09T01:38:56.9133511Z [1m[92m     Running[0m tests/ranked_declaration.rs (target/debug/build/purrdf-sparql-eval/151b1d29f5ea902c/out/ranked_declaration-151b1d29f5ea902c)
2026-10-09T01:38:56.9134472Z test refused_execution_never_invokes_a_scoped_visitor_and_the_handle_can_retry ... ok
2026-10-09T01:38:56.9135242Z test typed_owned_and_governed_queries_never_publish_iterator_or_materialization_failures ... ok
2026-10-09T01:38:56.9135934Z test final_checkpoint_failure_discards_success_and_keeps_workspace_held ... ok
2026-10-09T01:38:56.9136503Z test explain_preflight_failure_outranks_malformed_query ... ok
2026-10-09T01:38:56.9137088Z test healthy_query_routes_hold_execution_admission_through_final_checkpoint ... ok
2026-10-09T01:38:56.9137695Z test explain_admission_failures_remain_typed_without_an_explanation ... ok
2026-10-09T01:38:56.9138325Z test graph_admission_and_final_checkpoint_failures_leave_destination_unchanged ... ok
2026-10-09T01:38:56.9138965Z test explain_refuses_unpriced_supplied_inputs_before_parsing_or_reading ... ok
2026-10-09T01:38:56.9139628Z test healthy_explain_preserves_parse_and_evaluation_diagnostics_and_final_evidence ... ok
2026-10-09T01:38:56.9141026Z test explain_stop_retains_stopped_receipt_while_operational_failure_takes_precedence ... ok
2026-10-09T01:38:56.9141724Z test explain_measuring_and_final_checkpoint_failures_publish_no_ledger ... ok
2026-10-09T01:38:56.9142625Z test prepared_governed_queries_discard_rows_produced_before_an_iterator_failure ... ok
2026-10-09T01:38:56.9143712Z test healthy_explain_is_identical_to_resident_and_holds_admission_through_publication ... ok
2026-10-09T01:38:56.9145050Z test the_final_prepared_checkpoint_outranks_every_ready_evaluator_outcome ... ok
2026-10-09T01:38:56.9145648Z 
2026-10-09T01:38:56.9146180Z test result: ok. 19 passed; 0 failed; 0 ignored; 0 measured; 0 filtered out; finished in 0.00s
2026-10-09T01:38:56.9146838Z 
2026-10-09T01:38:56.9146865Z 
2026-10-09T01:38:56.9147034Z running 35 tests
2026-10-09T01:38:56.9147802Z test a_candidate_position_outside_the_arity_is_refused - should panic ... ok
2026-10-09T01:38:56.9148935Z test a_candidate_that_collides_with_a_placement_is_refused - should panic ... ok
2026-10-09T01:38:56.9150461Z test a_block_position_that_cannot_be_read_back_is_refused_while_a_free_one_registers ... ok
2026-10-09T01:38:56.9151617Z test a_candidate_that_collides_with_the_depth_is_refused - should panic ... ok
2026-10-09T01:38:56.9152671Z test a_depth_position_outside_the_arity_is_refused - should panic ... ok
2026-10-09T01:38:56.9153220Z test a_failed_validation_leaves_the_registry_untouched ... ok
2026-10-09T01:38:56.9154224Z test a_declaration_whose_positions_are_all_in_range_and_distinct_registers ... ok
2026-10-09T01:38:56.9155174Z test a_depth_that_collides_with_a_placement_is_refused - should panic ... ok
2026-10-09T01:38:56.9156182Z test a_placement_position_outside_the_arity_is_refused - should panic ... ok
2026-10-09T01:38:56.9157202Z test a_plainly_registered_relation_claims_no_stratum ... ok
2026-10-09T01:38:56.9158118Z test a_real_evidence_sentence_registers_and_reads_back_verbatim ... ok
2026-10-09T01:38:56.9159072Z test a_refused_stratum_leaves_the_registry_exactly_as_it_was ... ok
2026-10-09T01:38:56.9160896Z test a_whitespace_only_completeness_evidence_is_refused - should panic ... ok
2026-10-09T01:38:56.9162064Z test a_stratum_a_registered_producer_already_serves_is_refused - should panic ... ok
2026-10-09T01:38:56.9163208Z test an_empty_domain_restriction_is_refused_while_a_named_one_registers ... ok
2026-10-09T01:38:56.9164219Z test an_empty_completeness_evidence_is_refused - should panic ... ok
2026-10-09T01:38:56.9165124Z test an_empty_order_evidence_is_refused - should panic ... ok
2026-10-09T01:38:56.9165967Z test an_exhaustive_declaration_still_registers ... ok
2026-10-09T01:38:56.9166716Z test both_axes_may_declare_a_loss_at_once ... ok
2026-10-09T01:38:56.9167225Z test both_registration_paths_raise_the_identical_duplicate_message ... ok
2026-10-09T01:38:56.9167680Z test debug_lists_the_ranked_iris ... ok
2026-10-09T01:38:56.9168211Z test canonical_description_frames_an_empty_string_distinctly_from_an_absent_one ... ok
2026-10-09T01:38:56.9168805Z test canonical_description_is_a_pure_function_of_the_value ... ok
2026-10-09T01:38:56.9169985Z test describe_reports_the_declaration_against_its_own_iri ... ok
2026-10-09T01:38:56.9171296Z [1m[92m     Running[0m tests/ranked_retrieval_fingerprint.rs (target/debug/build/purrdf-sparql-eval/64164f9be7c62297/out/ranked_retrieval_fingerprint-64164f9be7c62297)
2026-10-09T01:38:56.9172157Z test exact_declares_nothing_and_claims_nothing ... ok
2026-10-09T01:38:56.9172707Z test duplicate_registration_through_register_ranked_panics - should panic ... ok
2026-10-09T01:38:56.9173365Z test evidence_carrying_the_framing_characters_survives_the_canonical_encoding ... ok
2026-10-09T01:38:56.9174023Z test register_ranked_is_read_back_by_iri_and_plain_registration_declares_nothing ... ok
2026-10-09T01:38:56.9174532Z test request_facet_spellings_are_stable ... ok
2026-10-09T01:38:56.9175072Z test the_declared_arithmetic_is_folded_injectively_and_float_free_changes_no_byte ... ok
2026-10-09T01:38:56.9175651Z test the_refusal_names_the_producer_and_shows_the_way_out ... ok
2026-10-09T01:38:56.9176216Z test the_stratum_refusal_names_the_stratum_both_producers_and_both_exits ... ok
2026-10-09T01:38:56.9176819Z test the_stratum_refusal_names_the_shared_law_that_still_needs_two_strata ... ok
2026-10-09T01:38:56.9177404Z test two_producers_in_two_strata_register_and_read_back_side_by_side ... ok
2026-10-09T01:38:56.9177943Z test canonical_description_is_injective_over_every_field ... ok
2026-10-09T01:38:56.9178463Z 
2026-10-09T01:38:56.9178939Z test result: ok. 35 passed; 0 failed; 0 ignored; 0 measured; 0 filtered out; finished in 0.00s
2026-10-09T01:38:56.9179618Z 
2026-10-09T01:38:56.9179635Z 
2026-10-09T01:38:56.9180033Z running 6 tests
2026-10-09T01:38:56.9182376Z test a_changed_declaration_changes_the_fingerprint ... ok
2026-10-09T01:38:56.9183234Z test a_declared_block_column_moves_the_fingerprint ... ok
2026-10-09T01:38:56.9184178Z test a_declared_candidate_domain_moves_the_fingerprint_and_a_repeat_of_it_does_not ... ok
2026-10-09T01:38:56.9184778Z test declaration_types_contain_no_function_pointers ... ok
2026-10-09T01:38:56.9185345Z test the_fingerprint_is_the_same_string_every_time_the_registry_is_rebuilt ... ok
2026-10-09T01:38:56.9186438Z [1m[92m     Running[0m tests/rdflib_contextual.rs (target/debug/build/purrdf-sparql-eval/e2d0754b99d893be/out/rdflib_contextual-e2d0754b99d893be)
2026-10-09T01:38:56.9187475Z test the_ranked_declaration_participates_in_the_content_fingerprint ... ok
2026-10-09T01:38:56.9187810Z 
2026-10-09T01:38:56.9188169Z test result: ok. 6 passed; 0 failed; 0 ignored; 0 measured; 0 filtered out; finished in 0.00s
2026-10-09T01:38:56.9188530Z 
2026-10-09T01:38:56.9198263Z 
2026-10-09T01:38:56.9198464Z running 24 tests
2026-10-09T01:38:56.9214171Z test configured_relations_receive_the_context_in_the_existing_call_home ... ok
2026-10-09T01:38:56.9215482Z test contextual_dataset_requirement_is_part_of_algebra_identity ... ok
2026-10-09T01:38:56.9228398Z test contextual_blank_identity_is_shared_by_label_and_fresh_without_a_label ... ok
2026-10-09T01:38:56.9294039Z test contextual_custom_updates_preserve_order_errors_and_numeric_admission ... ok
2026-10-09T01:38:56.9300909Z test contextual_exists_through_local_projection ... ok
2026-10-09T01:38:56.9325677Z test contextual_filter_group_boundary_and_visited_graph_errors ... ok
2026-10-09T01:38:56.9327184Z test contextual_graph_selection_preserves_configured_content_and_derivation_recognition ... ok
2026-10-09T01:38:56.9361599Z test contextual_group_filters_preserve_callback_order_and_errors ... ok
2026-10-09T01:38:56.9400814Z test contextual_graph_selection_deduplicates_statement_roles_without_resurrection ... ok
2026-10-09T01:38:56.9430954Z test contextual_application_keeps_one_optional_condition_and_rhs ... ok
2026-10-09T01:38:56.9464217Z test contextual_nested_exists_retains_enclosing_names ... ok
2026-10-09T01:38:56.9472273Z test contextual_query_preserves_caller_division_policy ... ok
2026-10-09T01:38:56.9800880Z test contextual_representation_scales_with_nodes_and_context_width ... ok
2026-10-09T01:38:56.9806424Z test contextual_service_uses_serializable_protocol_algebra_and_shared_source ... ok
2026-10-09T01:38:57.0929544Z test governed_ask_settles_only_a_witness_and_stops_after_accepted_filters ... ok
2026-10-09T01:38:57.0979004Z test governed_publication_preserves_duplicate_columns_and_certified_rows ... ok
2026-10-09T01:38:57.1250515Z test contextual_matrix ... ok
2026-10-09T01:38:57.1271102Z test initial_terms_keep_rdf12_identity_and_hygienic_aliases ... ok
2026-10-09T01:38:57.1310659Z test ordinary_transformation_admission_rejects_contextual_applications ... ok
2026-10-09T01:38:57.1771249Z test production_entry_executes_nested_exists_on_an_admitted_stack ... ok
2026-10-09T01:38:57.1781923Z test successful_optional_rhs_is_invoked_once_per_duplicate_driver ... ok
2026-10-09T01:38:57.2588827Z test contextual_exact_aggregate_continuations_preserve_policy_and_cutoffs ... ok
2026-10-09T01:38:57.3203161Z test grouped_continuation_withholds_incomplete_accumulators_at_every_fuel_cutoff ... ok
2026-10-09T01:39:21.9340709Z test contextual_nested_numeric_groups_keep_ordered_worker_refusals ... ok
2026-10-09T01:39:21.9341082Z 
2026-10-09T01:39:21.9341466Z test result: ok. 24 passed; 0 failed; 0 ignored; 0 measured; 0 filtered out; finished in 25.01s
2026-10-09T01:39:21.9341883Z 
2026-10-09T01:39:21.9358103Z [1m[92m     Running[0m tests/recursion_free.rs (target/debug/build/purrdf-sparql-eval/a6e9f28c7c2fd5d1/out/recursion_free-a6e9f28c7c2fd5d1)
2026-10-09T01:39:21.9371953Z 
2026-10-09T01:39:21.9372140Z running 17 tests
2026-10-09T01:39:21.9375758Z test correlated_lateral_100k ... ignored, stack::height refuses every plan on a thread with less than purrdf_stack::MARGIN_BYTES (128 KiB) left; and the Lateral operator evaluates its right side by recursing through eval_correlated into eval::eval_evaluated
2026-10-09T01:39:21.9379465Z test correlated_not_exists_100k ... ignored, stack::height refuses every plan on a thread with less than purrdf_stack::MARGIN_BYTES (128 KiB) left; and expr::exists evaluates each correlated EXISTS body by recursing through eval_correlated into eval::eval_evaluated
2026-10-09T01:39:21.9383749Z test filter_arithmetic_100k ... ignored, stack::height refuses every plan, and eval::eval_evaluated its first operator, on a thread with less than purrdf_stack::MARGIN_BYTES (128 KiB) left; nothing on the path recurses over the expression's depth
2026-10-09T01:39:21.9388210Z test in_process_service_100k ... ignored, stack::height refuses every plan on a thread with less than purrdf_stack::MARGIN_BYTES (128 KiB) left; and the Service operator evaluates an in-process body by recursing through remote::evaluate_in_memory into eval::evaluate_query_evaluated
2026-10-09T01:39:21.9392573Z test inverse_paths_100k ... ignored, stack::height refuses every plan on a thread with less than purrdf_stack::MARGIN_BYTES (128 KiB) left; and path::reach_uncached reaches the operand of an inverse path by recursing through reach_cached
2026-10-09T01:39:21.9396190Z test joined_groups_100k ... ignored, stack::height refuses every plan on a thread with less than purrdf_stack::MARGIN_BYTES (128 KiB) left; and the Join operator evaluates each operand by recursing into eval::eval_evaluated
2026-10-09T01:39:21.9400425Z test negations_100k ... ignored, stack::height refuses every plan, and eval::eval_evaluated its first operator, on a thread with less than purrdf_stack::MARGIN_BYTES (128 KiB) left; nothing on the path recurses over the expression's depth
2026-10-09T01:39:21.9404099Z test optional_spine_100k ... ignored, stack::height refuses every plan on a thread with less than purrdf_stack::MARGIN_BYTES (128 KiB) left; and the LeftJoin operator evaluates its left operand by recursing into eval::eval_evaluated
2026-10-09T01:39:21.9407217Z test parentheses_100k ... ignored, stack::height refuses every plan on a thread with less than purrdf_stack::MARGIN_BYTES (128 KiB) left, however shallow the plan
2026-10-09T01:39:21.9410178Z test path_groups_100k ... ignored, stack::height refuses every plan on a thread with less than purrdf_stack::MARGIN_BYTES (128 KiB) left, however shallow the plan
2026-10-09T01:39:21.9412959Z test single_element_groups_100k ... ignored, stack::height refuses every plan on a thread with less than purrdf_stack::MARGIN_BYTES (128 KiB) left, however shallow the plan
2026-10-09T01:39:21.9416365Z test triple_term_in_a_pattern_100k ... ignored, stack::height refuses every plan, and eval::eval_evaluated its first operator, on a thread with less than purrdf_stack::MARGIN_BYTES (128 KiB) left; nothing on the path recurses over the term's depth
2026-10-09T01:39:21.9420380Z test triple_term_in_values_100k ... ignored, stack::height refuses every plan, and eval::eval_evaluated its first operator, on a thread with less than purrdf_stack::MARGIN_BYTES (128 KiB) left; nothing on the path recurses over the term's depth
2026-10-09T01:39:21.9425545Z test uncorrelated_lateral_100k ... ignored, stack::height refuses every plan on a thread with less than purrdf_stack::MARGIN_BYTES (128 KiB) left; and the Lateral operator evaluates its right side by recursing through eval_correlated into eval::eval_evaluated
2026-10-09T01:39:21.9436796Z test uncorrelated_not_exists_100k ... ignored, stack::height refuses every plan on a thread with less than purrdf_stack::MARGIN_BYTES (128 KiB) left; and expr::exists evaluates each EXISTS body by recursing into eval::eval_evaluated
2026-10-09T01:39:21.9450225Z test every_vector_answers_its_constructed_value_at_shallow_depths ... ok
2026-10-09T01:39:50.5112588Z test every_deep_request_parses_copies_compares_and_drops_on_a_128_kib_thread ... ok
2026-10-09T01:39:50.5113471Z 
2026-10-09T01:39:50.5114307Z test result: ok. 2 passed; 0 failed; 15 ignored; 0 measured; 0 filtered out; finished in 28.57s
2026-10-09T01:39:50.5115188Z 
2026-10-09T01:39:50.5134209Z [1m[92m     Running[0m tests/registry_identity.rs (target/debug/build/purrdf-sparql-eval/ab773c1086e19e50/out/registry_identity-ab773c1086e19e50)
2026-10-09T01:39:50.5143829Z 
2026-10-09T01:39:50.5144072Z running 3 tests
2026-10-09T01:39:50.5147489Z test differing_declarations_produce_differing_content_fingerprints ... ok
2026-10-09T01:39:50.5149140Z test identical_declarations_share_a_content_fingerprint_across_instances ... ok
2026-10-09T01:39:50.5151026Z test independently_built_registries_have_distinct_instance_ids ... ok
2026-10-09T01:39:50.5151825Z 
2026-10-09T01:39:50.5153126Z test result: ok. 3 passed; 0 failed; 0 ignored; 0 measured; 0 filtered out; finished in 0.00s
2026-10-09T01:39:50.5153711Z 
2026-10-09T01:39:50.5154928Z [1m[92m     Running[0m tests/relation_witness.rs (target/debug/build/purrdf-sparql-eval/25f644300e444431/out/relation_witness-25f644300e444431)
2026-10-09T01:39:50.5161098Z 
2026-10-09T01:39:50.5161354Z running 20 tests
2026-10-09T01:39:50.5168969Z test a_declared_generation_and_incompleteness_reach_the_interned_governed_receipt ... ok
2026-10-09T01:39:50.5170794Z test a_governed_entry_answers_and_records_the_incompleteness ... ok
2026-10-09T01:39:50.5175454Z test a_declared_generation_reaches_the_governed_receipt ... ok
2026-10-09T01:39:50.5176732Z test a_panicking_generation_is_contained_payload_free ... ok
2026-10-09T01:39:50.5177689Z test a_panicking_service_level_is_contained_payload_free ... ok
2026-10-09T01:39:50.5180553Z test a_query_that_invokes_no_relation_carries_an_empty_witness ... ok
2026-10-09T01:39:50.5181739Z test a_relation_overriding_neither_method_is_undeclared_on_both_lanes ... ok
2026-10-09T01:39:50.5182865Z test an_incompleteness_discovered_at_close_is_still_recorded ... ok
2026-10-09T01:39:50.5183870Z test an_ungoverned_entry_refuses_an_incomplete_relation ... ok
2026-10-09T01:39:50.5184835Z test an_ungoverned_entry_never_asks_for_a_generation_it_cannot_carry ... ok
2026-10-09T01:39:50.5185921Z test an_ungoverned_entry_still_answers_a_relation_that_declares_nothing_short ... ok
2026-10-09T01:39:50.5187029Z test an_ungoverned_entry_still_refuses_an_incompleteness_it_cannot_label ... ok
2026-10-09T01:39:50.5189198Z test an_update_over_an_incomplete_relation_refuses_and_writes_nothing ... ok
2026-10-09T01:39:50.5191030Z test the_governed_lane_still_records_the_generation_the_other_lane_skips ... ok
2026-10-09T01:39:50.5192844Z test the_record_separates_two_different_generations ... ok
2026-10-09T01:39:50.5194751Z test the_same_update_over_a_relation_declaring_nothing_short_commits ... ok
2026-10-09T01:39:50.5196847Z test three_invocations_count_three_and_still_name_one_generation ... ok
2026-10-09T01:39:50.5204215Z test the_witnessed_prepared_door_reports_what_the_unwitnessed_one_must_refuse ... ok
2026-10-09T01:39:50.5221375Z test the_declarations_are_identical_across_runs_and_across_the_fork ... ok
2026-10-09T01:39:50.5274914Z test an_attestation_collected_on_a_row_loop_worker_reaches_the_receipt ... ok
2026-10-09T01:39:50.5275260Z 
2026-10-09T01:39:50.5275924Z test result: ok. 20 passed; 0 failed; 0 ignored; 0 measured; 0 filtered out; finished in 0.01s
2026-10-09T01:39:50.5276424Z 
2026-10-09T01:39:50.5278808Z [1m[92m     Running[0m tests/request_substitution_feasibility.rs (target/debug/build/purrdf-sparql-eval/f047ae0174d6ad56/out/request_substitution_feasibility-f047ae0174d6ad56)
2026-10-09T01:39:50.5289986Z 
2026-10-09T01:39:50.5290157Z running 8 tests
2026-10-09T01:39:50.6240695Z test a_bind_the_promise_does_not_make_certain_is_refused ... ok
2026-10-09T01:39:50.6270713Z test a_bind_of_a_promised_parameter_feeds_the_call ... ok
2026-10-09T01:39:50.6498544Z test a_substitution_reaches_a_call_in_an_optional_arm_on_every_lane ... ok
2026-10-09T01:39:50.6830729Z test a_substituted_input_is_admitted_bound_on_every_request_door ... ok
2026-10-09T01:39:50.6840728Z test the_same_text_without_the_substitution_is_still_refused ... ok
2026-10-09T01:39:50.7470012Z test a_call_a_lateral_drives_is_admitted_bound ... ok
2026-10-09T01:39:50.8265910Z test every_right_operand_is_written_into_and_answers_its_own_rows ... ok
2026-10-09T01:39:52.6671175Z test a_call_in_a_lateral_right_side_is_admitted_bound_and_answers_the_bottom_up_join ... ok
2026-10-09T01:39:52.6672279Z 
2026-10-09T01:39:52.6673208Z test result: ok. 8 passed; 0 failed; 0 ignored; 0 measured; 0 filtered out; finished in 2.14s
2026-10-09T01:39:52.6674053Z 
2026-10-09T01:39:52.6676843Z [1m[92m     Running[0m tests/refusals_precede_emission.rs (target/debug/build/purrdf-sparql-results/367364363ae0ed5b/out/refusals_precede_emission-367364363ae0ed5b)
2026-10-09T01:39:52.6687581Z 
2026-10-09T01:39:52.6687922Z running 5 tests
2026-10-09T01:39:52.6702220Z test srx_refuses_a_graph_and_spares_the_kinds_it_defines ... ok
2026-10-09T01:39:52.6703434Z test tabular_writers_refuse_an_over_wide_row_and_spare_the_exact_and_short_ones ... ok
2026-10-09T01:39:52.6704579Z test the_first_over_wide_row_is_the_one_reported ... ok
2026-10-09T01:39:52.6705658Z test tsv_refuses_an_unescapable_variable_name_and_spares_its_neighbour ... ok
2026-10-09T01:39:52.6721545Z test streamed_results_are_byte_identical_to_eager ... ok
2026-10-09T01:39:52.6721891Z 
2026-10-09T01:39:52.6722357Z test result: ok. 5 passed; 0 failed; 0 ignored; 0 measured; 0 filtered out; finished in 0.00s
2026-10-09T01:39:52.6723199Z 
2026-10-09T01:39:52.6725331Z [1m[92m     Running[0m tests/results_corpus.rs (target/debug/build/purrdf-sparql-results/4520fca71a4e92ae/out/results_corpus-4520fca71a4e92ae)
2026-10-09T01:39:52.6734160Z 
2026-10-09T01:39:52.6734310Z running 17 tests
2026-10-09T01:39:52.6739373Z test ask_true_json ... ok
2026-10-09T01:39:52.6740270Z test ask_true_xml ... ok
2026-10-09T01:39:52.6741059Z test csv_and_tsv_reject_non_tabular_results ... ok
2026-10-09T01:39:52.6741676Z test edge_cases_csv ... ok
2026-10-09T01:39:52.6742137Z test edge_cases_json ... ok
2026-10-09T01:39:52.6742681Z test construct_starred_graph_json ... ok
2026-10-09T01:39:52.6743225Z test edge_cases_tsv ... ok
2026-10-09T01:39:52.6743725Z test edge_cases_xml ... ok
2026-10-09T01:39:52.6744206Z test select_books_csv ... ok
2026-10-09T01:39:52.6744673Z test select_books_json ... ok
2026-10-09T01:39:52.6745334Z test select_books_csv_drops_provenance_and_stays_pure ... ok
2026-10-09T01:39:52.6746251Z test select_books_json_and_xml_drop_provenance_without_a_namespace ... ok
2026-10-09T01:39:52.6747063Z test select_books_json_with_provenance ... ok
2026-10-09T01:39:52.6747612Z test select_books_tsv ... ok
2026-10-09T01:39:52.6748109Z test select_books_xml ... ok
2026-10-09T01:39:52.6750286Z test select_books_tsv_drops_provenance_and_stays_pure ... ok
2026-10-09T01:39:52.6751096Z test select_books_xml_with_provenance ... ok
2026-10-09T01:39:52.6751459Z 
2026-10-09T01:39:52.6752084Z test result: ok. 17 passed; 0 failed; 0 ignored; 0 measured; 0 filtered out; finished in 0.00s
2026-10-09T01:39:52.6752697Z 
2026-10-09T01:39:52.6754296Z [1m[92m     Running[0m tests/results_streaming_is_bounded.rs (target/debug/build/purrdf-sparql-results/79596cb9da2e08b5/out/results_streaming_is_bounded-79596cb9da2e08b5)
2026-10-09T01:39:52.6761602Z 
2026-10-09T01:39:52.6761790Z running 5 tests
2026-10-09T01:39:52.6821348Z test streamed_results_are_byte_identical_to_eager_results ... ok
2026-10-09T01:39:52.6841273Z test a_write_failure_carries_its_classification ... ok
2026-10-09T01:39:52.6928185Z test the_provenance_extension_stays_bounded_too ... ok
2026-10-09T01:39:52.6932338Z test the_construct_arm_does_not_hold_the_document_it_is_writing ... ok
2026-10-09T01:39:52.7010659Z test no_single_write_carries_a_results_document ... ok
2026-10-09T01:39:52.7010972Z 
2026-10-09T01:39:52.7011362Z test result: ok. 5 passed; 0 failed; 0 ignored; 0 measured; 0 filtered out; finished in 0.02s
2026-10-09T01:39:52.7011717Z 
2026-10-09T01:39:52.7015631Z [1m[92m     Running[0m tests/prop.rs (target/debug/build/purrdf-testkit/450c76e08771ebbb/out/prop-450c76e08771ebbb)
2026-10-09T01:39:52.7027102Z 
2026-10-09T01:39:52.7027278Z running 39 tests
2026-10-09T01:39:52.7030681Z test a_case_count_is_positive_decimal_digits_only ... ok
2026-10-09T01:39:52.7032445Z test a_filter_that_rejects_half_passes ... ok
2026-10-09T01:39:52.7035369Z test a_generator_overrun_fails_immediately_without_spending_the_reject_budget ... ok
2026-10-09T01:39:52.7036699Z test a_passing_property_runs_exactly_its_configured_cases ... ok
2026-10-09T01:39:52.7038041Z test a_pattern_that_cannot_be_generated_is_refused_and_its_neighbour_is_not ... ok
2026-10-09T01:39:52.7039374Z test a_panicking_property_is_shrunk_like_a_returned_failure ... ok
2026-10-09T01:39:52.7040818Z test a_planted_length_bound_shrinks_to_three_minimal_elements ... ok
2026-10-09T01:39:52.7042260Z test a_planted_threshold_shrinks_to_exactly_the_threshold ... ok
2026-10-09T01:39:52.7044612Z test a_regex_strategy_names_its_pattern_and_any_strings_are_unicode_text ... ok
2026-10-09T01:39:52.7045923Z test a_signed_seed_is_refused_and_its_unsigned_neighbour_parses ... ok
2026-10-09T01:39:52.7051617Z test a_state_machine_failure_shrinks_to_the_shortest_failing_run ... ok
2026-10-09T01:39:52.7052749Z test a_filter_that_rejects_everything_exhausts_the_reject_budget ... ok
2026-10-09T01:39:52.7055274Z test an_exhausted_budget_and_a_runaway_generator_are_invalid ... ok
2026-10-09T01:39:52.7056364Z test an_index_resolves_against_the_collection_it_meets ... ok
2026-10-09T01:39:52.7071793Z test choices_report_their_mode_and_length ... ok
2026-10-09T01:39:52.7111276Z test any_byte_string_drives_a_generator_within_its_constraints ... ok
2026-10-09T01:39:52.7112394Z test an_assumption_rejects_the_case_and_the_run_still_reaches_its_count ... ok
2026-10-09T01:39:52.7113264Z test print_the_case_count ... ok
2026-10-09T01:39:52.7130427Z test print_the_runner_seed ... ok
2026-10-09T01:39:52.7160365Z test a_correct_system_passes_its_state_machine ... ok
2026-10-09T01:39:52.7173222Z test ranges_stay_inside_their_bounds_and_reach_both_ends ... ok
2026-10-09T01:39:52.7181203Z test seeds_parse_in_decimal_and_hex_and_refuse_anything_else ... ok
2026-10-09T01:39:52.7182327Z test selections_unions_and_indexes_draw_only_what_they_offer ... ok
2026-10-09T01:39:52.7183417Z test shrinking_a_weighted_union_cannot_enter_a_zero_weight_arm ... ok
2026-10-09T01:39:52.7184327Z test recursion_respects_its_depth ... ok
2026-10-09T01:39:52.7185091Z test collections_respect_their_size_ranges ... ok
2026-10-09T01:39:52.7201019Z test size_ranges_convert_from_every_range_form ... ok
2026-10-09T01:39:52.7213592Z test shrunk_values_still_satisfy_their_generators ... ok
2026-10-09T01:39:52.7214569Z test the_default_seed_is_a_function_of_the_name ... ok
2026-10-09T01:39:52.7215563Z test the_failure_report_prints_the_input_and_a_replayable_sequence ... ok
2026-10-09T01:39:52.7216663Z test the_macro_defaults_to_256_cases_and_reports_a_shrunk_failure ... ok
2026-10-09T01:39:52.7217546Z test the_macro_runs_its_configured_cases ... ok
2026-10-09T01:39:52.7320910Z test the_cases_variable_sets_the_count_and_refuses_garbage ... ok
2026-10-09T01:39:52.7425191Z test the_seed_variable_overrides_the_default_seed ... ok
2026-10-09T01:39:52.7450622Z test weighted_options_and_booleans_follow_their_probabilities ... ok
2026-10-09T01:39:52.7480644Z test zero_case_configuration_cannot_pass_without_exercising_the_property ... ok
2026-10-09T01:39:52.8550954Z test strings_cover_their_classes_and_honour_unicode ... ok
2026-10-09T01:39:52.9234540Z test the_pattern_list_is_exactly_the_workspace_patterns ... ok
2026-10-09T01:39:53.1727167Z test every_workspace_pattern_generates_only_full_matches ... ok
2026-10-09T01:39:53.1727498Z 
2026-10-09T01:39:53.1727874Z test result: ok. 39 passed; 0 failed; 0 ignored; 0 measured; 0 filtered out; finished in 0.47s
2026-10-09T01:39:53.1728249Z 
2026-10-09T01:39:53.1751700Z [1m[92m     Running[0m tests/phonetic.rs (target/debug/build/purrdf-text/79a8f27ca39de74d/out/phonetic-79a8f27ca39de74d)
2026-10-09T01:39:53.1762585Z 
2026-10-09T01:39:53.1762765Z running 9 tests
2026-10-09T01:39:53.1790702Z test canonical_spelling_is_shared_by_code_and_distance ... ok
2026-10-09T01:39:53.2663546Z test arbitrary_unicode_edits_match_the_independent_global_matrix ... ok
2026-10-09T01:39:53.2665329Z test long_graphemes_remain_scalar_sequences_for_refinement ... ok
2026-10-09T01:39:53.2666631Z test phonetic_domain_and_every_resource_boundary_are_explicit ... ok
2026-10-09T01:39:53.2667718Z test scalar_distance_examples_cover_thresholds_and_unicode ... ok
2026-10-09T01:39:53.2668899Z test scalar_distance_refuses_invalid_bounds_and_handles_maximum_inputs ... ok
2026-10-09T01:39:53.2718417Z test banded_distance_matches_full_matrix_for_all_short_mixed_scalar_strings ... ok
2026-10-09T01:39:53.3058078Z test both_engines_cross_every_block_boundary_and_reuse_query_scratch ... ok
2026-10-09T01:39:53.3876981Z test every_independent_reference_vector_matches_at_every_declared_code_bound ... ok
2026-10-09T01:39:53.3877419Z 
2026-10-09T01:39:53.3877808Z test result: ok. 9 passed; 0 failed; 0 ignored; 0 measured; 0 filtered out; finished in 0.21s
2026-10-09T01:39:53.3878172Z 
2026-10-09T01:39:53.3881334Z [1m[92m     Running[0m tests/phrase_composition.rs (target/debug/build/purrdf-text/4a21b935f93aa05b/out/phrase_composition-4a21b935f93aa05b)
2026-10-09T01:39:53.3896759Z 
2026-10-09T01:39:53.3896945Z running 5 tests
2026-10-09T01:39:53.3910216Z test a_multi_term_needle_is_refused_rather_than_narrowed ... ok
2026-10-09T01:39:53.3911342Z test adjacent_positions_express_a_phrase ... ok
2026-10-09T01:39:53.3912095Z test occurrence_rows_carry_the_token_ordinal ... ok
2026-10-09T01:39:53.3912975Z test phrase_and_ranked_search_compose_on_the_same_document ... ok
2026-10-09T01:39:53.3915222Z test proximity_within_a_window ... ok
2026-10-09T01:39:53.3915582Z 
2026-10-09T01:39:53.3916085Z test result: ok. 5 passed; 0 failed; 0 ignored; 0 measured; 0 filtered out; finished in 0.00s
2026-10-09T01:39:53.3916448Z 
2026-10-09T01:39:53.3919430Z [1m[92m     Running[0m tests/profiles.rs (target/debug/build/purrdf-text/0d90e142916ce806/out/profiles-0d90e142916ce806)
2026-10-09T01:39:53.3932782Z 
2026-10-09T01:39:53.3932969Z running 9 tests
2026-10-09T01:39:53.3936587Z test accent_fold_respects_script_scope_and_mark_category ... ok
2026-10-09T01:39:53.3952076Z test controls_follow_each_projection_and_preserve_emoji ... ok
2026-10-09T01:39:53.3952993Z test empty_indexes_still_bind_the_entire_analysis_law ... ok
2026-10-09T01:39:53.3953928Z test every_profile_dimension_changes_the_analysis_identity ... ok
2026-10-09T01:39:53.3955401Z test phonetics_read_surface_words_and_expose_refinement_evidence ... ok
2026-10-09T01:39:53.3958665Z test substring_candidates_are_verified_and_short_fragments_have_postings ... ok
2026-10-09T01:39:53.3962426Z test search_and_occurrence_relations_use_the_stored_analyzer ... ok
2026-10-09T01:39:53.3975337Z test every_accent_subset_is_independent_and_identified ... ok
2026-10-09T01:39:53.4128377Z test folded_surface_stemming_and_scalar_bounds_are_separate_projections ... ok
2026-10-09T01:39:53.4129149Z 
2026-10-09T01:39:53.4130263Z test result: ok. 9 passed; 0 failed; 0 ignored; 0 measured; 0 filtered out; finished in 0.02s
2026-10-09T01:39:53.4131139Z 
2026-10-09T01:39:53.4134697Z [1m[92m     Running[0m tests/premise_iri_policy.rs (target/debug/build/purrdf-validate/8cedbb5981f7fc71/out/premise_iri_policy-8cedbb5981f7fc71)
2026-10-09T01:39:53.4144815Z 
2026-10-09T01:39:53.4145382Z running 5 tests
2026-10-09T01:39:53.4150941Z test every_absolute_premise_iri_passes_the_check ... ok
2026-10-09T01:39:53.4151610Z test premise_iris_are_judged_before_the_import_table ... ok
2026-10-09T01:39:53.4152316Z test a_premise_iri_that_is_not_absolute_is_refused_by_every_service ... ok
2026-10-09T01:39:53.4153002Z test the_presentation_nests_the_iri_parser_condition ... ok
2026-10-09T01:39:53.4371814Z test an_absolute_premise_iri_is_accepted_by_every_service ... ok
2026-10-09T01:39:53.4372316Z 
2026-10-09T01:39:53.4372728Z test result: ok. 5 passed; 0 failed; 0 ignored; 0 measured; 0 filtered out; finished in 0.02s
2026-10-09T01:39:53.4373133Z 
2026-10-09T01:39:53.4375871Z [1m[92m     Running[0m tests/rules_shapes_graph_iri.rs (target/debug/build/purrdf-validate/2cbd0a589f766e02/out/rules_shapes_graph_iri-2cbd0a589f766e02)
2026-10-09T01:39:53.4388173Z 
2026-10-09T01:39:53.4388362Z running 4 tests
2026-10-09T01:39:53.4404976Z test a_shapes_graph_iri_beside_a_sparql_rl_rule_set_is_refused ... ok
2026-10-09T01:39:53.4411568Z test a_relative_shapes_graph_iri_resolves_against_the_shapes_base ... ok
2026-10-09T01:39:53.4412375Z test a_sparql_rule_sees_the_shapes_graph_iri_it_is_given_and_an_ordinary_variable_without ... ok
2026-10-09T01:39:53.4420945Z test entailment_sees_the_shapes_graph_iri_it_is_given ... ok
2026-10-09T01:39:53.4421228Z 
2026-10-09T01:39:53.4421840Z test result: ok. 4 passed; 0 failed; 0 ignored; 0 measured; 0 filtered out; finished in 0.00s
2026-10-09T01:39:53.4422209Z 
2026-10-09T01:39:53.4425228Z [1m[92m     Running[0m tests/rfc3339.rs (target/debug/build/purrdf-xsd/2278ebaf0f2fc741/out/rfc3339-2278ebaf0f2fc741)
2026-10-09T01:39:53.4434728Z 
2026-10-09T01:39:53.4434894Z running 24 tests
2026-10-09T01:39:53.4438684Z test a_mid_month_leap_second_parses_only_on_any_day ... ok
2026-10-09T01:39:53.4439989Z test a_space_separator_is_refused_by_the_abnf_and_accepted_by_the_gts_grammar ... ok
2026-10-09T01:39:53.4440906Z test a_month_end_leap_second_parses_under_both_policies ... ok
2026-10-09T01:39:53.4442046Z test both_grammars_accept_lowercase_t_and_z ... ok
2026-10-09T01:39:53.4442825Z test doubled_zone_letter_is_refused_single_accepted ... ok
2026-10-09T01:39:53.4443515Z test day_32_is_refused_31_accepted ... ok
2026-10-09T01:39:53.4444174Z test five_digit_year_is_refused_four_accepted ... ok
2026-10-09T01:39:53.4460723Z test error_messages_name_the_position_and_problem ... ok
2026-10-09T01:39:53.4461407Z test february_29_needs_a_leap_year ... ok
2026-10-09T01:39:53.4461833Z test format_refuses_outside_four_digit_years ... ok
2026-10-09T01:39:53.4462228Z test format_writes_canonical_utc ... ok
2026-10-09T01:39:53.4462602Z test full_date_needs_a_real_calendar_day ... ok
2026-10-09T01:39:53.4462992Z test fraction_is_truncated_to_nanoseconds ... ok
2026-10-09T01:39:53.4463441Z test full_time_needs_a_zone_and_a_utc_23_59_leap_second ... ok
2026-10-09T01:39:53.4463860Z test hour_24_is_refused_23_accepted ... ok
2026-10-09T01:39:53.4464344Z test offset_followed_by_zone_letter_is_refused_offset_alone_accepted ... ok
2026-10-09T01:39:53.4464830Z test leap_second_only_at_utc_month_end ... ok
2026-10-09T01:39:53.4465200Z test month_13_is_refused_12_accepted ... ok
2026-10-09T01:39:53.4465580Z test offset_minute_60_is_refused_59_accepted ... ok
2026-10-09T01:39:53.4465959Z test parse_then_format_is_canonical ... ok
2026-10-09T01:39:53.4466436Z test parse_accepts_instants_that_normalize_past_four_digit_years ... ok
2026-10-09T01:39:53.4466888Z test rfc_section_5_8_examples ... ok
2026-10-09T01:39:53.4467213Z test separator_and_zone_letters ... ok
2026-10-09T01:39:53.4483269Z test format_then_parse_round_trips_seeded_instants ... ok
2026-10-09T01:39:53.4483545Z 
2026-10-09T01:39:53.4483952Z test result: ok. 24 passed; 0 failed; 0 ignored; 0 measured; 0 filtered out; finished in 0.00s
2026-10-09T01:39:53.4484325Z 
2026-10-09T01:39:53.4688909Z Post job cleanup.
2026-10-09T01:39:53.5992618Z Post job cleanup.
2026-10-09T01:39:53.8929083Z (node:11391) [DEP0040] DeprecationWarning: The `punycode` module is deprecated. Please use a userland alternative instead.
2026-10-09T01:39:53.8931173Z (Use `node --trace-deprecation ...` to show where the warning was created)
2026-10-09T01:39:53.9140814Z Post job cleanup.
2026-10-09T01:39:53.9953895Z [command]/usr/bin/git version
2026-10-09T01:39:53.9991019Z git version 2.55.0
2026-10-09T01:39:54.0025977Z Temporarily overriding HOME='/home/runner/work/_temp/20ed8304-2366-4aec-b62d-f6e1adfa208f' before making global git config changes
2026-10-09T01:39:54.0027886Z Adding repository directory to the temporary git global config as a safe directory
2026-10-09T01:39:54.0031349Z [command]/usr/bin/git config --global --add safe.directory /home/runner/work/purrdf/purrdf
2026-10-09T01:39:54.0059025Z Removing SSH command configuration
2026-10-09T01:39:54.0065280Z [command]/usr/bin/git config --local --name-only --get-regexp core\.sshCommand
2026-10-09T01:39:54.0098097Z [command]/usr/bin/git submodule foreach --recursive sh -c "git config --local --name-only --get-regexp 'core\.sshCommand' && git config --local --unset-all 'core.sshCommand' || :"
2026-10-09T01:39:54.0335594Z Removing HTTP extra header
2026-10-09T01:39:54.0337063Z [command]/usr/bin/git config --local --name-only --get-regexp http\.https\:\/\/github\.com\/\.extraheader
2026-10-09T01:39:54.0370995Z [command]/usr/bin/git submodule foreach --recursive sh -c "git config --local --name-only --get-regexp 'http\.https\:\/\/github\.com\/\.extraheader' && git config --local --unset-all 'http.https://github.com/.extraheader' || :"
2026-10-09T01:39:54.0596682Z Removing includeIf entries pointing to credentials config files
2026-10-09T01:39:54.0603297Z [command]/usr/bin/git config --local --name-only --get-regexp ^includeIf\.gitdir:
2026-10-09T01:39:54.0634382Z [command]/usr/bin/git submodule foreach --recursive git config --local --show-origin --name-only --get-regexp remote.origin.url
2026-10-09T01:39:54.0993039Z Cleaning up orphan processes
