2026-10-09T01:24:30.4652169Z Current runner version: '2.337.0'
2026-10-09T01:24:30.4670690Z ##[group]Runner Image Provisioner
2026-10-09T01:24:30.4671219Z Hosted Compute Agent
2026-10-09T01:24:30.4671652Z Version: 20261002.596
2026-10-09T01:24:30.4672048Z Commit: c3d12f3313a95f25162a1503be624f3b0617f8c0
2026-10-09T01:24:30.4672485Z Build Date: 2026-10-02T22:28:27Z
2026-10-09T01:24:30.4672886Z Worker ID: {32a03f07-6eb0-4076-93aa-6d40bf477f83}
2026-10-09T01:24:30.4673286Z Region: centralus
2026-10-09T01:24:30.4673649Z Cloud: Azure
2026-10-09T01:24:30.4673996Z ##[endgroup]
2026-10-09T01:24:30.4674725Z ##[group]Operating System
2026-10-09T01:24:30.4675386Z Ubuntu
2026-10-09T01:24:30.4675695Z 24.04.5
2026-10-09T01:24:30.4676064Z LTS
2026-10-09T01:24:30.4676401Z ##[endgroup]
2026-10-09T01:24:30.4676725Z ##[group]Runner Image
2026-10-09T01:24:30.4677126Z Image: ubuntu-24.04
2026-10-09T01:24:30.4677465Z Version: 20261004.327.1
2026-10-09T01:24:30.4678287Z Included Software: https://github.com/actions/runner-images/blob/ubuntu24/20261004.327/images/ubuntu/Ubuntu2404-Readme.md
2026-10-09T01:24:30.4679127Z Image Release: https://github.com/actions/runner-images/releases/tag/ubuntu24%2F20261004.327
2026-10-09T01:24:30.4679702Z ##[endgroup]
2026-10-09T01:24:30.4680337Z ##[group]GITHUB_TOKEN Permissions
2026-10-09T01:24:30.4681658Z Contents: read
2026-10-09T01:24:30.4682003Z Metadata: read
2026-10-09T01:24:30.4682373Z ##[endgroup]
2026-10-09T01:24:30.4683736Z Secret source: Actions
2026-10-09T01:24:30.4684333Z Cache mode: write
2026-10-09T01:24:30.4684805Z Prepare workflow directory
2026-10-09T01:24:30.4901910Z Prepare all required actions
2026-10-09T01:24:30.4933226Z Getting action download info
2026-10-09T01:24:30.7307581Z Download action repository 'actions/checkout@9c091bb21b7c1c1d1991bb908d89e4e9dddfe3e0' (SHA:9c091bb21b7c1c1d1991bb908d89e4e9dddfe3e0)
2026-10-09T01:24:30.8133951Z Download action repository 'dtolnay/rust-toolchain@29eef336d9b2848a0b548edc03f92a220660cdb8' (SHA:29eef336d9b2848a0b548edc03f92a220660cdb8)
2026-10-09T01:24:30.9701276Z Download action repository 'Swatinem/rust-cache@c19371144df3bb44fab255c43d04cbc2ab54d1c4' (SHA:c19371144df3bb44fab255c43d04cbc2ab54d1c4)
2026-10-09T01:24:31.6786147Z Download action repository 'actions/setup-node@48b55a011bda9f5d6aeb4c2d9c7362e8dae4041e' (SHA:48b55a011bda9f5d6aeb4c2d9c7362e8dae4041e)
2026-10-09T01:24:31.8582436Z Complete job name: test (integration-4)
2026-10-09T01:24:31.9012708Z ##[group]Run echo "before:"
2026-10-09T01:24:31.9013113Z [36;1mecho "before:"[0m
2026-10-09T01:24:31.9013385Z [36;1mdf -h /[0m
2026-10-09T01:24:31.9013783Z [36;1msudo rm -rf /usr/share/dotnet /opt/ghc /usr/local/lib/android /usr/share/swift[0m
2026-10-09T01:24:31.9014228Z [36;1mecho "after:"[0m
2026-10-09T01:24:31.9014497Z [36;1mdf -h /[0m
2026-10-09T01:24:31.9235105Z shell: /usr/bin/bash -e {0}
2026-10-09T01:24:31.9235762Z ##[endgroup]
2026-10-09T01:24:31.9359821Z before:
2026-10-09T01:24:31.9366786Z Filesystem      Size  Used Avail Use% Mounted on
2026-10-09T01:24:31.9367345Z /dev/root       145G   59G   86G  41% /
2026-10-09T01:25:27.5868776Z after:
2026-10-09T01:25:27.5877199Z Filesystem      Size  Used Avail Use% Mounted on
2026-10-09T01:25:27.5877615Z /dev/root       145G   39G  107G  27% /
2026-10-09T01:25:27.6093645Z ##[group]Run actions/checkout@9c091bb21b7c1c1d1991bb908d89e4e9dddfe3e0
2026-10-09T01:25:27.6093928Z with:
2026-10-09T01:25:27.6094091Z   persist-credentials: false
2026-10-09T01:25:27.6094279Z   repository: Blackcat-Informatics/purrdf
2026-10-09T01:25:27.6096102Z   token: ***
2026-10-09T01:25:27.6096241Z   ssh-strict: true
2026-10-09T01:25:27.6096387Z   ssh-user: git
2026-10-09T01:25:27.6096531Z   clean: true
2026-10-09T01:25:27.6096686Z   sparse-checkout-cone-mode: true
2026-10-09T01:25:27.6096861Z   fetch-depth: 1
2026-10-09T01:25:27.6097005Z   fetch-tags: false
2026-10-09T01:25:27.6097151Z   show-progress: true
2026-10-09T01:25:27.6097312Z   lfs: false
2026-10-09T01:25:27.6097459Z   submodules: false
2026-10-09T01:25:27.6097641Z   set-safe-directory: true
2026-10-09T01:25:27.6097809Z   allow-unsafe-pr-checkout: false
2026-10-09T01:25:27.6098233Z ##[endgroup]
2026-10-09T01:25:27.6755561Z Syncing repository: Blackcat-Informatics/purrdf
2026-10-09T01:25:27.6756678Z ##[group]Getting Git version info
2026-10-09T01:25:27.6756923Z Working directory is '/home/runner/work/purrdf/purrdf'
2026-10-09T01:25:27.6757265Z [command]/usr/bin/git version
2026-10-09T01:25:27.6821616Z git version 2.55.0
2026-10-09T01:25:27.6836583Z ##[endgroup]
2026-10-09T01:25:27.6844225Z Temporarily overriding HOME='/home/runner/work/_temp/87102cf4-536d-4e8c-a5c6-0c4104764bd9' before making global git config changes
2026-10-09T01:25:27.6845128Z Adding repository directory to the temporary git global config as a safe directory
2026-10-09T01:25:27.6848906Z [command]/usr/bin/git config --global --add safe.directory /home/runner/work/purrdf/purrdf
2026-10-09T01:25:27.6892706Z Deleting the contents of '/home/runner/work/purrdf/purrdf'
2026-10-09T01:25:27.6895222Z ##[group]Determining repository object format
2026-10-09T01:25:27.6896320Z ##[endgroup]
2026-10-09T01:25:27.6896710Z ##[group]Initializing the repository
2026-10-09T01:25:27.6899422Z [command]/usr/bin/git init /home/runner/work/purrdf/purrdf
2026-10-09T01:25:27.6989781Z hint: Using 'master' as the name for the initial branch. This default branch name
2026-10-09T01:25:27.6990201Z hint: will change to "main" in Git 3.0. To configure the initial branch name
2026-10-09T01:25:27.6990503Z hint: to use in all of your new repositories, which will suppress this warning,
2026-10-09T01:25:27.6990728Z hint: call:
2026-10-09T01:25:27.6990869Z hint:
2026-10-09T01:25:27.6991076Z hint: 	git config --global init.defaultBranch <name>
2026-10-09T01:25:27.6991275Z hint:
2026-10-09T01:25:27.6991477Z hint: Names commonly chosen instead of 'master' are 'main', 'trunk' and
2026-10-09T01:25:27.6991795Z hint: 'development'. The just-created branch can be renamed via this command:
2026-10-09T01:25:27.6992017Z hint:
2026-10-09T01:25:27.6992173Z hint: 	git branch -m <name>
2026-10-09T01:25:27.6992327Z hint:
2026-10-09T01:25:27.6992548Z hint: Disable this message with "git config set advice.defaultBranchName false"
2026-10-09T01:25:27.6996867Z Initialized empty Git repository in /home/runner/work/purrdf/purrdf/.git/
2026-10-09T01:25:27.7003952Z [command]/usr/bin/git remote add origin https://github.com/Blackcat-Informatics/purrdf
2026-10-09T01:25:27.7048226Z ##[endgroup]
2026-10-09T01:25:27.7048552Z ##[group]Disabling automatic garbage collection
2026-10-09T01:25:27.7051994Z [command]/usr/bin/git config --local gc.auto 0
2026-10-09T01:25:27.7080311Z ##[endgroup]
2026-10-09T01:25:27.7080719Z ##[group]Setting up auth
2026-10-09T01:25:27.7081147Z Removing SSH command configuration
2026-10-09T01:25:27.7085396Z [command]/usr/bin/git config --local --name-only --get-regexp core\.sshCommand
2026-10-09T01:25:27.7110766Z [command]/usr/bin/git submodule foreach --recursive sh -c "git config --local --name-only --get-regexp 'core\.sshCommand' && git config --local --unset-all 'core.sshCommand' || :"
2026-10-09T01:25:27.7399590Z Removing HTTP extra header
2026-10-09T01:25:27.7404517Z [command]/usr/bin/git config --local --name-only --get-regexp http\.https\:\/\/github\.com\/\.extraheader
2026-10-09T01:25:27.7463740Z [command]/usr/bin/git submodule foreach --recursive sh -c "git config --local --name-only --get-regexp 'http\.https\:\/\/github\.com\/\.extraheader' && git config --local --unset-all 'http.https://github.com/.extraheader' || :"
2026-10-09T01:25:27.7640026Z Removing includeIf entries pointing to credentials config files
2026-10-09T01:25:27.7644665Z [command]/usr/bin/git config --local --name-only --get-regexp ^includeIf\.gitdir:
2026-10-09T01:25:27.7672831Z [command]/usr/bin/git submodule foreach --recursive git config --local --show-origin --name-only --get-regexp remote.origin.url
2026-10-09T01:25:27.7849983Z [command]/usr/bin/git config --file /home/runner/work/_temp/git-credentials-fe2bfec1-fe75-4a98-ae0c-1ac76f0fc664.config http.https://github.com/.extraheader AUTHORIZATION: basic ***
2026-10-09T01:25:27.7882343Z [command]/usr/bin/git config --local includeIf.gitdir:/home/runner/work/purrdf/purrdf/.git.path /home/runner/work/_temp/git-credentials-fe2bfec1-fe75-4a98-ae0c-1ac76f0fc664.config
2026-10-09T01:25:27.7908356Z [command]/usr/bin/git config --local includeIf.gitdir:/home/runner/work/purrdf/purrdf/.git/worktrees/*.path /home/runner/work/_temp/git-credentials-fe2bfec1-fe75-4a98-ae0c-1ac76f0fc664.config
2026-10-09T01:25:27.7935635Z [command]/usr/bin/git config --local includeIf.gitdir:/github/workspace/.git.path /github/runner_temp/git-credentials-fe2bfec1-fe75-4a98-ae0c-1ac76f0fc664.config
2026-10-09T01:25:27.7961311Z [command]/usr/bin/git config --local includeIf.gitdir:/github/workspace/.git/worktrees/*.path /github/runner_temp/git-credentials-fe2bfec1-fe75-4a98-ae0c-1ac76f0fc664.config
2026-10-09T01:25:27.7984414Z ##[endgroup]
2026-10-09T01:25:27.7984831Z ##[group]Fetching the repository
2026-10-09T01:25:27.7989999Z [command]/usr/bin/git -c protocol.version=2 fetch --no-tags --prune --no-recurse-submodules --depth=1 origin +dddc3bd465c8c5eebdeba74dff873eba6806a443:refs/remotes/pull/506/merge
2026-10-09T01:25:29.8449685Z From https://github.com/Blackcat-Informatics/purrdf
2026-10-09T01:25:29.8450105Z  * [new ref]           dddc3bd465c8c5eebdeba74dff873eba6806a443 -> pull/506/merge
2026-10-09T01:25:29.8452879Z ##[endgroup]
2026-10-09T01:25:29.8453178Z ##[group]Determining the checkout info
2026-10-09T01:25:29.8453580Z ##[endgroup]
2026-10-09T01:25:29.8458463Z [command]/usr/bin/git sparse-checkout disable
2026-10-09T01:25:29.8505598Z [command]/usr/bin/git config --local --unset-all extensions.worktreeConfig
2026-10-09T01:25:29.8529211Z ##[group]Checking out the ref
2026-10-09T01:25:29.8531864Z [command]/usr/bin/git checkout --progress --force refs/remotes/pull/506/merge
2026-10-09T01:25:30.8199688Z Note: switching to 'refs/remotes/pull/506/merge'.
2026-10-09T01:25:30.8200090Z 
2026-10-09T01:25:30.8205878Z You are in 'detached HEAD' state. You can look around, make experimental
2026-10-09T01:25:30.8206293Z changes and commit them, and you can discard any commits you make in this
2026-10-09T01:25:30.8206703Z state without impacting any branches by switching back to a branch.
2026-10-09T01:25:30.8206936Z 
2026-10-09T01:25:30.8207136Z If you want to create a new branch to retain commits you create, you may
2026-10-09T01:25:30.8207495Z do so (now or later) by using -c with the switch command. Example:
2026-10-09T01:25:30.8207701Z 
2026-10-09T01:25:30.8207795Z   git switch -c <new-branch-name>
2026-10-09T01:25:30.8207941Z 
2026-10-09T01:25:30.8208022Z Or undo this operation with:
2026-10-09T01:25:30.8208154Z 
2026-10-09T01:25:30.8208230Z   git switch -
2026-10-09T01:25:30.8208526Z 
2026-10-09T01:25:30.8208881Z Turn off this advice by setting config variable advice.detachedHead to false
2026-10-09T01:25:30.8209129Z 
2026-10-09T01:25:30.8209488Z HEAD is now at dddc3bd4 Merge f80c22d58d081c7eb0ddba488aa7e588c3a1f87b into fb827822265d431c9d7e8a48c8c272d79dc084ac
2026-10-09T01:25:30.8228970Z ##[endgroup]
2026-10-09T01:25:30.8272646Z [command]/usr/bin/git log -1 --format=%H
2026-10-09T01:25:30.8296561Z dddc3bd465c8c5eebdeba74dff873eba6806a443
2026-10-09T01:25:30.8306784Z ##[group]Removing auth
2026-10-09T01:25:30.8307392Z Removing SSH command configuration
2026-10-09T01:25:30.8310700Z [command]/usr/bin/git config --local --name-only --get-regexp core\.sshCommand
2026-10-09T01:25:30.8341244Z [command]/usr/bin/git submodule foreach --recursive sh -c "git config --local --name-only --get-regexp 'core\.sshCommand' && git config --local --unset-all 'core.sshCommand' || :"
2026-10-09T01:25:30.8535586Z Removing HTTP extra header
2026-10-09T01:25:30.8538368Z [command]/usr/bin/git config --local --name-only --get-regexp http\.https\:\/\/github\.com\/\.extraheader
2026-10-09T01:25:30.8567963Z [command]/usr/bin/git submodule foreach --recursive sh -c "git config --local --name-only --get-regexp 'http\.https\:\/\/github\.com\/\.extraheader' && git config --local --unset-all 'http.https://github.com/.extraheader' || :"
2026-10-09T01:25:30.8761297Z Removing includeIf entries pointing to credentials config files
2026-10-09T01:25:30.8777009Z [command]/usr/bin/git config --local --name-only --get-regexp ^includeIf\.gitdir:
2026-10-09T01:25:30.8802757Z includeif.gitdir:/home/runner/work/purrdf/purrdf/.git.path
2026-10-09T01:25:30.8803534Z includeif.gitdir:/home/runner/work/purrdf/purrdf/.git/worktrees/*.path
2026-10-09T01:25:30.8804353Z includeif.gitdir:/github/workspace/.git.path
2026-10-09T01:25:30.8804739Z includeif.gitdir:/github/workspace/.git/worktrees/*.path
2026-10-09T01:25:30.8811082Z [command]/usr/bin/git config --local --get-all includeif.gitdir:/home/runner/work/purrdf/purrdf/.git.path
2026-10-09T01:25:30.8832517Z /home/runner/work/_temp/git-credentials-fe2bfec1-fe75-4a98-ae0c-1ac76f0fc664.config
2026-10-09T01:25:30.8840732Z [command]/usr/bin/git config --local --unset includeif.gitdir:/home/runner/work/purrdf/purrdf/.git.path /home/runner/work/_temp/git-credentials-fe2bfec1-fe75-4a98-ae0c-1ac76f0fc664.config
2026-10-09T01:25:30.8871775Z [command]/usr/bin/git config --local --get-all includeif.gitdir:/home/runner/work/purrdf/purrdf/.git/worktrees/*.path
2026-10-09T01:25:30.8891553Z /home/runner/work/_temp/git-credentials-fe2bfec1-fe75-4a98-ae0c-1ac76f0fc664.config
2026-10-09T01:25:30.8898568Z [command]/usr/bin/git config --local --unset includeif.gitdir:/home/runner/work/purrdf/purrdf/.git/worktrees/*.path /home/runner/work/_temp/git-credentials-fe2bfec1-fe75-4a98-ae0c-1ac76f0fc664.config
2026-10-09T01:25:30.8926823Z [command]/usr/bin/git config --local --get-all includeif.gitdir:/github/workspace/.git.path
2026-10-09T01:25:30.8945871Z /github/runner_temp/git-credentials-fe2bfec1-fe75-4a98-ae0c-1ac76f0fc664.config
2026-10-09T01:25:30.8952280Z [command]/usr/bin/git config --local --unset includeif.gitdir:/github/workspace/.git.path /github/runner_temp/git-credentials-fe2bfec1-fe75-4a98-ae0c-1ac76f0fc664.config
2026-10-09T01:25:30.8980962Z [command]/usr/bin/git config --local --get-all includeif.gitdir:/github/workspace/.git/worktrees/*.path
2026-10-09T01:25:30.8999033Z /github/runner_temp/git-credentials-fe2bfec1-fe75-4a98-ae0c-1ac76f0fc664.config
2026-10-09T01:25:30.9048729Z [command]/usr/bin/git config --local --unset includeif.gitdir:/github/workspace/.git/worktrees/*.path /github/runner_temp/git-credentials-fe2bfec1-fe75-4a98-ae0c-1ac76f0fc664.config
2026-10-09T01:25:30.9086510Z [command]/usr/bin/git submodule foreach --recursive git config --local --show-origin --name-only --get-regexp remote.origin.url
2026-10-09T01:25:30.9275989Z Removing credentials config '/home/runner/work/_temp/git-credentials-fe2bfec1-fe75-4a98-ae0c-1ac76f0fc664.config'
2026-10-09T01:25:30.9284800Z ##[endgroup]
2026-10-09T01:25:30.9471449Z ##[group]Run dtolnay/rust-toolchain@29eef336d9b2848a0b548edc03f92a220660cdb8
2026-10-09T01:25:30.9471680Z with:
2026-10-09T01:25:30.9471789Z   toolchain: nightly
2026-10-09T01:25:30.9471912Z ##[endgroup]
2026-10-09T01:25:30.9532665Z ##[start-action display=Run : parse toolchain version;id=__dtolnay_rust-toolchain.parse]
2026-10-09T01:25:30.9553773Z ##[group]Run : parse toolchain version
2026-10-09T01:25:30.9553989Z [36;1m: parse toolchain version[0m
2026-10-09T01:25:30.9554144Z [36;1mif [[ -z $toolchain ]]; then[0m
2026-10-09T01:25:30.9554445Z [36;1m  # GitHub does not enforce `required: true` inputs itself. https://github.com/actions/runner/issues/1070[0m
2026-10-09T01:25:30.9554765Z [36;1m  echo "'toolchain' is a required input" >&2[0m
2026-10-09T01:25:30.9555102Z [36;1m  exit 1[0m
2026-10-09T01:25:30.9555408Z [36;1melif [[ $toolchain =~ ^stable' '[0-9]+' '(year|month|week|day)s?' 'ago$ ]]; then[0m
2026-10-09T01:25:30.9555732Z [36;1m  if [[ Linux == macOS ]]; then[0m
2026-10-09T01:25:30.9556024Z [36;1m    echo "toolchain=1.$((($(date -v-$(sed 's/stable \([0-9]*\) \(.\).*/\1\2/' <<< $toolchain) +%s)/60/60/24-16569)/7/6))" >> $GITHUB_OUTPUT[0m
2026-10-09T01:25:30.9556300Z [36;1m  else[0m
2026-10-09T01:25:30.9556518Z [36;1m    echo "toolchain=1.$((($(date --date "${toolchain#stable }" +%s)/60/60/24-16569)/7/6))" >> $GITHUB_OUTPUT[0m
2026-10-09T01:25:30.9556916Z [36;1m  fi[0m
2026-10-09T01:25:30.9557078Z [36;1melif [[ $toolchain =~ ^stable' 'minus' '[0-9]+' 'releases?$ ]]; then[0m
2026-10-09T01:25:30.9557360Z [36;1m  echo "toolchain=1.$((($(date +%s)/60/60/24-16569)/7/6-${toolchain//[^0-9]/}))" >> $GITHUB_OUTPUT[0m
2026-10-09T01:25:30.9557600Z [36;1melif [[ $toolchain =~ ^1\.[0-9]+$ ]]; then[0m
2026-10-09T01:25:30.9557875Z [36;1m  echo "toolchain=1.$((i=${toolchain#1.}, c=($(date +%s)/60/60/24-16569)/7/6, i+9*i*(10*i<=c)+90*i*(100*i<=c)))" >> $GITHUB_OUTPUT[0m
2026-10-09T01:25:30.9558131Z [36;1melse[0m
2026-10-09T01:25:30.9558267Z [36;1m  echo "toolchain=$toolchain" >> $GITHUB_OUTPUT[0m
2026-10-09T01:25:30.9558460Z [36;1mfi[0m
2026-10-09T01:25:30.9612246Z shell: /usr/bin/bash --noprofile --norc -e -o pipefail {0}
2026-10-09T01:25:30.9612439Z env:
2026-10-09T01:25:30.9612551Z   toolchain: nightly
2026-10-09T01:25:30.9612674Z ##[endgroup]
2026-10-09T01:25:30.9709295Z ##[end-action id=__dtolnay_rust-toolchain.parse;outcome=success;conclusion=success;duration_ms=17]
2026-10-09T01:25:30.9725598Z ##[start-action display=Run : construct rustup command line;id=__dtolnay_rust-toolchain.flags]
2026-10-09T01:25:30.9742201Z ##[group]Run : construct rustup command line
2026-10-09T01:25:30.9742417Z [36;1m: construct rustup command line[0m
2026-10-09T01:25:30.9742663Z [36;1mecho "targets=$(for t in ${targets//,/ }; do echo -n ' --target' $t; done)" >> $GITHUB_OUTPUT[0m
2026-10-09T01:25:30.9742994Z [36;1mecho "components=$(for c in ${components//,/ }; do echo -n ' --component' $c; done)" >> $GITHUB_OUTPUT[0m
2026-10-09T01:25:30.9743264Z [36;1mecho "downgrade=" >> $GITHUB_OUTPUT[0m
2026-10-09T01:25:30.9797368Z shell: /usr/bin/bash --noprofile --norc -e -o pipefail {0}
2026-10-09T01:25:30.9797568Z env:
2026-10-09T01:25:30.9797684Z   targets: 
2026-10-09T01:25:30.9797810Z   components: 
2026-10-09T01:25:30.9797923Z ##[endgroup]
2026-10-09T01:25:30.9884579Z ##[end-action id=__dtolnay_rust-toolchain.flags;outcome=success;conclusion=success;duration_ms=15]
2026-10-09T01:25:30.9888213Z ##[start-action display=Run : set $CARGO_HOME;id=__dtolnay_rust-toolchain.__run]
2026-10-09T01:25:30.9926562Z ##[group]Run : set $CARGO_HOME
2026-10-09T01:25:30.9926741Z [36;1m: set $CARGO_HOME[0m
2026-10-09T01:25:30.9926921Z [36;1mecho CARGO_HOME=${CARGO_HOME:-"$HOME/.cargo"} >> $GITHUB_ENV[0m
2026-10-09T01:25:30.9980889Z shell: /usr/bin/bash --noprofile --norc -e -o pipefail {0}
2026-10-09T01:25:30.9981078Z ##[endgroup]
2026-10-09T01:25:31.0063465Z ##[end-action id=__dtolnay_rust-toolchain.__run;outcome=success;conclusion=success;duration_ms=17]
2026-10-09T01:25:31.0065792Z ##[start-action display=Run : install rustup if needed;id=__dtolnay_rust-toolchain.__run_2]
2026-10-09T01:25:31.0085165Z ##[group]Run : install rustup if needed
2026-10-09T01:25:31.0085360Z [36;1m: install rustup if needed[0m
2026-10-09T01:25:31.0085529Z [36;1mif ! command -v rustup &>/dev/null; then[0m
2026-10-09T01:25:31.0085945Z [36;1m  curl --proto '=https' --tlsv1.2 --retry 10 --retry-connrefused --location --silent --show-error --fail https://sh.rustup.rs | sh -s -- --default-toolchain none -y[0m
2026-10-09T01:25:31.0086344Z [36;1m  echo "$CARGO_HOME/bin" >> $GITHUB_PATH[0m
2026-10-09T01:25:31.0086501Z [36;1mfi[0m
2026-10-09T01:25:31.0139992Z shell: /usr/bin/bash --noprofile --norc -e -o pipefail {0}
2026-10-09T01:25:31.0140195Z env:
2026-10-09T01:25:31.0140312Z   CARGO_HOME: /home/runner/.cargo
2026-10-09T01:25:31.0140454Z ##[endgroup]
2026-10-09T01:25:31.0217975Z ##[end-action id=__dtolnay_rust-toolchain.__run_2;outcome=success;conclusion=success;duration_ms=15]
2026-10-09T01:25:31.0221731Z ##[start-action display=Run : install rustup if needed on windows;id=__dtolnay_rust-toolchain.__run_3]
2026-10-09T01:25:31.0227385Z ##[end-action id=__dtolnay_rust-toolchain.__run_3;outcome=skipped;conclusion=skipped;duration_ms=0]
2026-10-09T01:25:31.0229539Z ##[start-action display=rustup toolchain install nightly;id=__dtolnay_rust-toolchain.__run_4]
2026-10-09T01:25:31.0244079Z ##[group]Run rustup toolchain install nightly --profile minimal --no-self-update
2026-10-09T01:25:31.0244507Z [36;1mrustup toolchain install nightly --profile minimal --no-self-update[0m
2026-10-09T01:25:31.0298408Z shell: /usr/bin/bash --noprofile --norc -e -o pipefail {0}
2026-10-09T01:25:31.0298586Z env:
2026-10-09T01:25:31.0298702Z   CARGO_HOME: /home/runner/.cargo
2026-10-09T01:25:31.0298850Z   RUSTUP_PERMIT_COPY_RENAME: 1
2026-10-09T01:25:31.0298985Z ##[endgroup]
2026-10-09T01:25:31.0764425Z info: syncing channel updates for nightly-x86_64-unknown-linux-gnu
2026-10-09T01:25:31.4916199Z info: latest update on 2026-10-09 for version 1.101.0-nightly (a30aa9064 2026-10-08)
2026-10-09T01:25:31.4916637Z info: downloading 3 components
2026-10-09T01:25:37.7757633Z 
2026-10-09T01:25:37.7815778Z   nightly-x86_64-unknown-linux-gnu installed - rustc 1.101.0-nightly (a30aa9064 2026-10-08)
2026-10-09T01:25:37.7816179Z 
2026-10-09T01:25:37.7864779Z ##[end-action id=__dtolnay_rust-toolchain.__run_4;outcome=success;conclusion=success;duration_ms=6763]
2026-10-09T01:25:37.7869973Z ##[start-action display=Run rustup default nightly;id=__dtolnay_rust-toolchain.__run_5]
2026-10-09T01:25:37.7886228Z ##[group]Run rustup default nightly
2026-10-09T01:25:37.7886428Z [36;1mrustup default nightly[0m
2026-10-09T01:25:37.7940816Z shell: /usr/bin/bash --noprofile --norc -e -o pipefail {0}
2026-10-09T01:25:37.7941025Z env:
2026-10-09T01:25:37.7941157Z   CARGO_HOME: /home/runner/.cargo
2026-10-09T01:25:37.7941305Z ##[endgroup]
2026-10-09T01:25:37.8042857Z info: using existing install for nightly-x86_64-unknown-linux-gnu
2026-10-09T01:25:37.8048097Z info: default toolchain set to nightly-x86_64-unknown-linux-gnu
2026-10-09T01:25:37.8048294Z 
2026-10-09T01:25:37.8103456Z   nightly-x86_64-unknown-linux-gnu unchanged - rustc 1.101.0-nightly (a30aa9064 2026-10-08)
2026-10-09T01:25:37.8103787Z 
2026-10-09T01:25:37.8104482Z info: note that the toolchain 'nightly-x86_64-unknown-linux-gnu' is currently in use (overridden by '/home/runner/work/purrdf/purrdf/rust-toolchain.toml')
2026-10-09T01:25:37.8119188Z ##[end-action id=__dtolnay_rust-toolchain.__run_5;outcome=success;conclusion=success;duration_ms=24]
2026-10-09T01:25:37.8123001Z ##[start-action display=Run : create cachekey;id=__dtolnay_rust-toolchain.rustc-version]
2026-10-09T01:25:37.8137807Z ##[group]Run : create cachekey
2026-10-09T01:25:37.8137997Z [36;1m: create cachekey[0m
2026-10-09T01:25:37.8138278Z [36;1mDATE=$(rustc +nightly --version --verbose | sed -ne 's/^commit-date: \(20[0-9][0-9]\)-\([01][0-9]\)-\([0-3][0-9]\)$/\1\2\3/p')[0m
2026-10-09T01:25:37.8138799Z [36;1mHASH=$(rustc +nightly --version --verbose | sed -ne 's/^commit-hash: //p')[0m
2026-10-09T01:25:37.8139077Z [36;1mecho "cachekey=$(echo $DATE$HASH | head -c12)" >> $GITHUB_OUTPUT[0m
2026-10-09T01:25:37.8188663Z shell: /usr/bin/bash --noprofile --norc -e -o pipefail {0}
2026-10-09T01:25:37.8188856Z env:
2026-10-09T01:25:37.8188979Z   CARGO_HOME: /home/runner/.cargo
2026-10-09T01:25:37.8189118Z ##[endgroup]
2026-10-09T01:25:37.8473495Z ##[end-action id=__dtolnay_rust-toolchain.rustc-version;outcome=success;conclusion=success;duration_ms=34]
2026-10-09T01:25:37.8475749Z ##[start-action display=Run : disable incremental compilation;id=__dtolnay_rust-toolchain.__run_6]
2026-10-09T01:25:37.8491339Z ##[group]Run : disable incremental compilation
2026-10-09T01:25:37.8491561Z [36;1m: disable incremental compilation[0m
2026-10-09T01:25:37.8491758Z [36;1mif [ -z "${CARGO_INCREMENTAL+set}" ]; then[0m
2026-10-09T01:25:37.8491969Z [36;1m  echo CARGO_INCREMENTAL=0 >> $GITHUB_ENV[0m
2026-10-09T01:25:37.8492133Z [36;1mfi[0m
2026-10-09T01:25:37.8543392Z shell: /usr/bin/bash --noprofile --norc -e -o pipefail {0}
2026-10-09T01:25:37.8543600Z env:
2026-10-09T01:25:37.8543723Z   CARGO_HOME: /home/runner/.cargo
2026-10-09T01:25:37.8543869Z ##[endgroup]
2026-10-09T01:25:37.8620122Z ##[end-action id=__dtolnay_rust-toolchain.__run_6;outcome=success;conclusion=success;duration_ms=14]
2026-10-09T01:25:37.8622001Z ##[start-action display=Run : enable colors in Cargo output;id=__dtolnay_rust-toolchain.__run_7]
2026-10-09T01:25:37.8636821Z ##[group]Run : enable colors in Cargo output
2026-10-09T01:25:37.8637051Z [36;1m: enable colors in Cargo output[0m
2026-10-09T01:25:37.8637242Z [36;1mif [ -z "${CARGO_TERM_COLOR+set}" ]; then[0m
2026-10-09T01:25:37.8637445Z [36;1m  echo CARGO_TERM_COLOR=always >> $GITHUB_ENV[0m
2026-10-09T01:25:37.8637612Z [36;1mfi[0m
2026-10-09T01:25:37.8687460Z shell: /usr/bin/bash --noprofile --norc -e -o pipefail {0}
2026-10-09T01:25:37.8687660Z env:
2026-10-09T01:25:37.8687782Z   CARGO_HOME: /home/runner/.cargo
2026-10-09T01:25:37.8687942Z   CARGO_INCREMENTAL: 0
2026-10-09T01:25:37.8688068Z ##[endgroup]
2026-10-09T01:25:37.8760391Z ##[end-action id=__dtolnay_rust-toolchain.__run_7;outcome=success;conclusion=success;duration_ms=13]
2026-10-09T01:25:37.8764262Z ##[start-action display=Run : enable Cargo sparse registry;id=__dtolnay_rust-toolchain.__run_8]
2026-10-09T01:25:37.8778609Z ##[group]Run : enable Cargo sparse registry
2026-10-09T01:25:37.8778822Z [36;1m: enable Cargo sparse registry[0m
2026-10-09T01:25:37.8779023Z [36;1m# implemented in 1.66, stabilized in 1.68, made default in 1.70[0m
2026-10-09T01:25:37.8779419Z [36;1mif [ -z "${CARGO_REGISTRIES_CRATES_IO_PROTOCOL+set}" -o -f "/home/runner/work/_temp"/.implicit_cargo_registries_crates_io_protocol ]; then[0m
2026-10-09T01:25:37.8779822Z [36;1m  if rustc +nightly --version --verbose | grep -q '^release: 1\.6[89]\.'; then[0m
2026-10-09T01:25:37.8780140Z [36;1m    touch "/home/runner/work/_temp"/.implicit_cargo_registries_crates_io_protocol || true[0m
2026-10-09T01:25:37.8780444Z [36;1m    echo CARGO_REGISTRIES_CRATES_IO_PROTOCOL=sparse >> $GITHUB_ENV[0m
2026-10-09T01:25:37.8780719Z [36;1m  elif rustc +nightly --version --verbose | grep -q '^release: 1\.6[67]\.'; then[0m
2026-10-09T01:25:37.8781027Z [36;1m    touch "/home/runner/work/_temp"/.implicit_cargo_registries_crates_io_protocol || true[0m
2026-10-09T01:25:37.8781310Z [36;1m    echo CARGO_REGISTRIES_CRATES_IO_PROTOCOL=git >> $GITHUB_ENV[0m
2026-10-09T01:25:37.8781511Z [36;1m  fi[0m
2026-10-09T01:25:37.8781618Z [36;1mfi[0m
2026-10-09T01:25:37.8830200Z shell: /usr/bin/bash --noprofile --norc -e -o pipefail {0}
2026-10-09T01:25:37.8830526Z env:
2026-10-09T01:25:37.8830744Z   CARGO_HOME: /home/runner/.cargo
2026-10-09T01:25:37.8831003Z   CARGO_INCREMENTAL: 0
2026-10-09T01:25:37.8831241Z   CARGO_TERM_COLOR: always
2026-10-09T01:25:37.8831445Z ##[endgroup]
2026-10-09T01:25:37.9114454Z ##[end-action id=__dtolnay_rust-toolchain.__run_8;outcome=success;conclusion=success;duration_ms=34]
2026-10-09T01:25:37.9118589Z ##[start-action display=Run : work around spurious network errors in curl 8.0;id=__dtolnay_rust-toolchain.__run_9]
2026-10-09T01:25:37.9133655Z ##[group]Run : work around spurious network errors in curl 8.0
2026-10-09T01:25:37.9133931Z [36;1m: work around spurious network errors in curl 8.0[0m
2026-10-09T01:25:37.9134266Z [36;1m# https://rust-lang.zulipchat.com/#narrow/stream/246057-t-cargo/topic/timeout.20investigation[0m
2026-10-09T01:25:37.9134644Z [36;1mif rustc +nightly --version --verbose | grep -q '^release: 1\.7[01]\.'; then[0m
2026-10-09T01:25:37.9134905Z [36;1m  echo CARGO_HTTP_MULTIPLEXING=false >> $GITHUB_ENV[0m
2026-10-09T01:25:37.9135295Z [36;1mfi[0m
2026-10-09T01:25:37.9186320Z shell: /usr/bin/bash --noprofile --norc -e -o pipefail {0}
2026-10-09T01:25:37.9186503Z env:
2026-10-09T01:25:37.9186623Z   CARGO_HOME: /home/runner/.cargo
2026-10-09T01:25:37.9186768Z   CARGO_INCREMENTAL: 0
2026-10-09T01:25:37.9186896Z   CARGO_TERM_COLOR: always
2026-10-09T01:25:37.9187028Z ##[endgroup]
2026-10-09T01:25:37.9359001Z ##[end-action id=__dtolnay_rust-toolchain.__run_9;outcome=success;conclusion=success;duration_ms=23]
2026-10-09T01:25:37.9362467Z ##[start-action display=Run rustc +nightly --version --verbose;id=__dtolnay_rust-toolchain.__run_10]
2026-10-09T01:25:37.9377612Z ##[group]Run rustc +nightly --version --verbose
2026-10-09T01:25:37.9377844Z [36;1mrustc +nightly --version --verbose[0m
2026-10-09T01:25:37.9427240Z shell: /usr/bin/bash --noprofile --norc -e -o pipefail {0}
2026-10-09T01:25:37.9427434Z env:
2026-10-09T01:25:37.9427557Z   CARGO_HOME: /home/runner/.cargo
2026-10-09T01:25:37.9427703Z   CARGO_INCREMENTAL: 0
2026-10-09T01:25:37.9427827Z   CARGO_TERM_COLOR: always
2026-10-09T01:25:37.9427983Z ##[endgroup]
2026-10-09T01:25:37.9580026Z rustc 1.101.0-nightly (a30aa9064 2026-10-08)
2026-10-09T01:25:37.9580346Z binary: rustc
2026-10-09T01:25:37.9580497Z commit-hash: a30aa9064df6a504b6a323c6884a2f4cfbfff666
2026-10-09T01:25:37.9580699Z commit-date: 2026-10-08
2026-10-09T01:25:37.9581022Z host: x86_64-unknown-linux-gnu
2026-10-09T01:25:37.9581243Z release: 1.101.0-nightly
2026-10-09T01:25:37.9581475Z LLVM version: 23.1.3
2026-10-09T01:25:37.9595507Z ##[end-action id=__dtolnay_rust-toolchain.__run_10;outcome=success;conclusion=success;duration_ms=23]
2026-10-09T01:25:37.9692971Z ##[group]Run Swatinem/rust-cache@c19371144df3bb44fab255c43d04cbc2ab54d1c4
2026-10-09T01:25:37.9693203Z with:
2026-10-09T01:25:37.9693321Z   shared-key: workspace-test
2026-10-09T01:25:37.9693449Z   save-if: false
2026-10-09T01:25:37.9693560Z   prefix-key: v0-rust
2026-10-09T01:25:37.9693678Z   add-job-id-key: true
2026-10-09T01:25:37.9693806Z   add-rust-environment-hash-key: true
2026-10-09T01:25:37.9693950Z   cache-targets: true
2026-10-09T01:25:37.9694068Z   cache-all-crates: false
2026-10-09T01:25:37.9694198Z   cache-workspace-crates: false
2026-10-09T01:25:37.9694335Z   cache-provider: github
2026-10-09T01:25:37.9694459Z   cache-bin: true
2026-10-09T01:25:37.9694565Z   lookup-only: false
2026-10-09T01:25:37.9694674Z   cmd-format: {0}
2026-10-09T01:25:37.9694780Z env:
2026-10-09T01:25:37.9694894Z   CARGO_HOME: /home/runner/.cargo
2026-10-09T01:25:37.9695203Z   CARGO_INCREMENTAL: 0
2026-10-09T01:25:37.9695320Z   CARGO_TERM_COLOR: always
2026-10-09T01:25:37.9695440Z ##[endgroup]
2026-10-09T01:25:38.1617962Z (node:2956) [DEP0040] DeprecationWarning: The `punycode` module is deprecated. Please use a userland alternative instead.
2026-10-09T01:25:38.1618601Z (Use `node --trace-deprecation ...` to show where the warning was created)
2026-10-09T01:25:42.7089776Z ##[group]Cache Configuration
2026-10-09T01:25:42.7090172Z Cache Provider:
2026-10-09T01:25:42.7090314Z     github
2026-10-09T01:25:42.7090437Z Workspaces:
2026-10-09T01:25:42.7090611Z     /home/runner/work/purrdf/purrdf
2026-10-09T01:25:42.7090807Z Cache Paths:
2026-10-09T01:25:42.7090942Z     /home/runner/.cargo/bin
2026-10-09T01:25:42.7091101Z     /home/runner/.cargo/.crates.toml
2026-10-09T01:25:42.7091288Z     /home/runner/.cargo/.crates2.json
2026-10-09T01:25:42.7091474Z     /home/runner/.cargo/registry
2026-10-09T01:25:42.7091639Z     /home/runner/.cargo/git
2026-10-09T01:25:42.7091796Z     /home/runner/work/purrdf/purrdf/target
2026-10-09T01:25:42.7091985Z Restore Key:
2026-10-09T01:25:42.7092162Z     v0-rust-workspace-test-Linux-x64-c4405470
2026-10-09T01:25:42.7092374Z Cache Key:
2026-10-09T01:25:42.7092767Z     v0-rust-workspace-test-Linux-x64-c4405470-34a76a15
2026-10-09T01:25:42.7093255Z .. Prefix:
2026-10-09T01:25:42.7093454Z   - v0-rust-workspace-test-Linux-x64
2026-10-09T01:25:42.7093735Z .. Environment considered:
2026-10-09T01:25:42.7093923Z   - Rust Versions:
2026-10-09T01:25:42.7094235Z     - 1.101.0-nightly x86_64-unknown-linux-gnu a30aa9064df6a504b6a323c6884a2f4cfbfff666
2026-10-09T01:25:42.7094690Z     - 1.99.0 x86_64-unknown-linux-gnu b940084d7eb6a299eb4bfeb8e34901bc051e7ac4
2026-10-09T01:25:42.7095266Z     - 1.101.0-nightly x86_64-unknown-linux-gnu a30aa9064df6a504b6a323c6884a2f4cfbfff666
2026-10-09T01:25:42.7095615Z   - CARGO_HOME
2026-10-09T01:25:42.7095794Z   - CARGO_INCREMENTAL
2026-10-09T01:25:42.7095991Z   - CARGO_TERM_COLOR
2026-10-09T01:25:42.7096176Z .. Lockfiles considered:
2026-10-09T01:25:42.7096451Z   - /home/runner/work/purrdf/purrdf/bindings/python/Cargo.toml
2026-10-09T01:25:42.7096854Z   - /home/runner/work/purrdf/purrdf/bindings/python/rust-toolchain.toml
2026-10-09T01:25:42.7097223Z   - /home/runner/work/purrdf/purrdf/Cargo.lock
2026-10-09T01:25:42.7097900Z   - /home/runner/work/purrdf/purrdf/crates/alloc-probe/Cargo.toml
2026-10-09T01:25:42.7098227Z   - /home/runner/work/purrdf/purrdf/crates/bench/Cargo.toml
2026-10-09T01:25:42.7098550Z   - /home/runner/work/purrdf/purrdf/crates/cdt/Cargo.toml
2026-10-09T01:25:42.7098859Z   - /home/runner/work/purrdf/purrdf/crates/cli/Cargo.toml
2026-10-09T01:25:42.7099209Z   - /home/runner/work/purrdf/purrdf/crates/columnar/Cargo.toml
2026-10-09T01:25:42.7099598Z   - /home/runner/work/purrdf/purrdf/crates/conformance-kit/Cargo.toml
2026-10-09T01:25:42.7099971Z   - /home/runner/work/purrdf/purrdf/crates/datalog/Cargo.toml
2026-10-09T01:25:42.7100314Z   - /home/runner/work/purrdf/purrdf/crates/deflate/Cargo.toml
2026-10-09T01:25:42.7100643Z   - /home/runner/work/purrdf/purrdf/crates/ed25519/Cargo.toml
2026-10-09T01:25:42.7101251Z   - /home/runner/work/purrdf/purrdf/crates/entail/Cargo.toml
2026-10-09T01:25:42.7101620Z   - /home/runner/work/purrdf/purrdf/crates/envelope-probe/Cargo.toml
2026-10-09T01:25:42.7102000Z   - /home/runner/work/purrdf/purrdf/crates/geo/Cargo.toml
2026-10-09T01:25:42.7102312Z   - /home/runner/work/purrdf/purrdf/crates/gts/Cargo.toml
2026-10-09T01:25:42.7102673Z   - /home/runner/work/purrdf/purrdf/crates/hash-conformance/Cargo.toml
2026-10-09T01:25:42.7103068Z   - /home/runner/work/purrdf/purrdf/crates/hash/Cargo.toml
2026-10-09T01:25:42.7103443Z   - /home/runner/work/purrdf/purrdf/crates/helper-census/Cargo.toml
2026-10-09T01:25:42.7103827Z   - /home/runner/work/purrdf/purrdf/crates/hnsw/Cargo.toml
2026-10-09T01:25:42.7104145Z   - /home/runner/work/purrdf/purrdf/crates/iri/Cargo.toml
2026-10-09T01:25:42.7104467Z   - /home/runner/work/purrdf/purrdf/crates/json/Cargo.toml
2026-10-09T01:25:42.7104834Z   - /home/runner/work/purrdf/purrdf/crates/jsonschema/Cargo.toml
2026-10-09T01:25:42.7105590Z   - /home/runner/work/purrdf/purrdf/crates/lex/Cargo.toml
2026-10-09T01:25:42.7105983Z   - /home/runner/work/purrdf/purrdf/crates/markdown/Cargo.toml
2026-10-09T01:25:42.7106394Z   - /home/runner/work/purrdf/purrdf/crates/purrdf/Cargo.toml
2026-10-09T01:25:42.7106751Z   - /home/runner/work/purrdf/purrdf/crates/rdf-capi/Cargo.toml
2026-10-09T01:25:42.7107126Z   - /home/runner/work/purrdf/purrdf/crates/rdf-core/Cargo.toml
2026-10-09T01:25:42.7107530Z   - /home/runner/work/purrdf/purrdf/crates/rdf-events/Cargo.toml
2026-10-09T01:25:42.7107956Z   - /home/runner/work/purrdf/purrdf/crates/rdf-wasm/Cargo.toml
2026-10-09T01:25:42.7108347Z   - /home/runner/work/purrdf/purrdf/crates/rdf/Cargo.toml
2026-10-09T01:25:42.7108731Z   - /home/runner/work/purrdf/purrdf/crates/retrieval/Cargo.toml
2026-10-09T01:25:42.7109122Z   - /home/runner/work/purrdf/purrdf/crates/shapes/Cargo.toml
2026-10-09T01:25:42.7109454Z   - /home/runner/work/purrdf/purrdf/crates/shex/Cargo.toml
2026-10-09T01:25:42.7109758Z   - /home/runner/work/purrdf/purrdf/crates/slice/Cargo.toml
2026-10-09T01:25:42.7110120Z   - /home/runner/work/purrdf/purrdf/crates/sparql-algebra/Cargo.toml
2026-10-09T01:25:42.7110537Z   - /home/runner/work/purrdf/purrdf/crates/sparql-conformance/Cargo.toml
2026-10-09T01:25:42.7110937Z   - /home/runner/work/purrdf/purrdf/crates/sparql-eval/Cargo.toml
2026-10-09T01:25:42.7111320Z   - /home/runner/work/purrdf/purrdf/crates/sparql-results/Cargo.toml
2026-10-09T01:25:42.7111686Z   - /home/runner/work/purrdf/purrdf/crates/stack/Cargo.toml
2026-10-09T01:25:42.7112025Z   - /home/runner/work/purrdf/purrdf/crates/testkit/Cargo.toml
2026-10-09T01:25:42.7112359Z   - /home/runner/work/purrdf/purrdf/crates/text/Cargo.toml
2026-10-09T01:25:42.7112694Z   - /home/runner/work/purrdf/purrdf/crates/validate/Cargo.toml
2026-10-09T01:25:42.7113024Z   - /home/runner/work/purrdf/purrdf/crates/wasm-link/Cargo.toml
2026-10-09T01:25:42.7113349Z   - /home/runner/work/purrdf/purrdf/crates/xsd/Cargo.toml
2026-10-09T01:25:42.7113654Z   - /home/runner/work/purrdf/purrdf/rust-toolchain.toml
2026-10-09T01:25:42.7114136Z ##[endgroup]
2026-10-09T01:25:42.7114234Z 
2026-10-09T01:25:42.7114307Z ... Restoring cache ...
2026-10-09T01:25:42.8521914Z No cache found.
2026-10-09T01:25:42.8662356Z ##[group]Run actions/setup-node@48b55a011bda9f5d6aeb4c2d9c7362e8dae4041e
2026-10-09T01:25:42.8662576Z with:
2026-10-09T01:25:42.8662687Z   node-version: 24
2026-10-09T01:25:42.8662800Z   check-latest: false
2026-10-09T01:25:42.8663955Z   token: ***
2026-10-09T01:25:42.8664069Z   package-manager-cache: true
2026-10-09T01:25:42.8664199Z env:
2026-10-09T01:25:42.8664308Z   CARGO_HOME: /home/runner/.cargo
2026-10-09T01:25:42.8664446Z   CARGO_INCREMENTAL: 0
2026-10-09T01:25:42.8664570Z   CARGO_TERM_COLOR: always
2026-10-09T01:25:42.8664697Z   CACHE_ON_FAILURE: false
2026-10-09T01:25:42.8664815Z ##[endgroup]
2026-10-09T01:25:43.0134278Z Found in cache @ /opt/hostedtoolcache/node/24.21.0/x64
2026-10-09T01:25:43.0137480Z ##[group]Environment details
2026-10-09T01:25:43.3050823Z node: v24.21.0
2026-10-09T01:25:43.3051087Z npm: 11.19.0
2026-10-09T01:25:43.3051260Z yarn: 1.22.22
2026-10-09T01:25:43.3051681Z ##[endgroup]
2026-10-09T01:25:43.3172391Z ##[group]Run make test-shard SHARD=integration-4
2026-10-09T01:25:43.3172629Z [36;1mmake test-shard SHARD=integration-4[0m
2026-10-09T01:25:43.3231552Z shell: /usr/bin/bash -e {0}
2026-10-09T01:25:43.3231710Z env:
2026-10-09T01:25:43.3231832Z   CARGO_HOME: /home/runner/.cargo
2026-10-09T01:25:43.3231973Z   CARGO_INCREMENTAL: 0
2026-10-09T01:25:43.3232095Z   CARGO_TERM_COLOR: always
2026-10-09T01:25:43.3232220Z   CACHE_ON_FAILURE: false
2026-10-09T01:25:43.3232445Z   PURRDF_REQUIRE_SIMD_PATHS: distance:portable,distance:sse2,blake3:sse2,deflate:sse2,csv:sse2
2026-10-09T01:25:43.3232693Z ##[endgroup]
2026-10-09T01:25:43.3812185Z + cargo test --workspace --locked --test [!a-r]*
2026-10-09T01:25:43.4267788Z [1m[92m    Updating[0m crates.io index
2026-10-09T01:25:43.6957386Z [1m[92m Downloading[0m crates ...
2026-10-09T01:25:43.7867836Z [1m[92m  Downloaded[0m anstream v1.0.0
2026-10-09T01:25:43.8013360Z [1m[92m  Downloaded[0m colorchoice v1.0.5
2026-10-09T01:25:43.8069477Z [1m[92m  Downloaded[0m aes v0.9.3
2026-10-09T01:25:43.8098738Z [1m[92m  Downloaded[0m block-buffer v0.12.1
2026-10-09T01:25:43.8126502Z [1m[92m  Downloaded[0m aead v0.6.1
2026-10-09T01:25:43.8137297Z [1m[92m  Downloaded[0m anstyle-parse v1.0.0
2026-10-09T01:25:43.8154844Z [1m[92m  Downloaded[0m fastrand v2.4.1
2026-10-09T01:25:43.8165043Z [1m[92m  Downloaded[0m target-lexicon v0.13.5
2026-10-09T01:25:43.8192151Z [1m[92m  Downloaded[0m clap_lex v1.1.0
2026-10-09T01:25:43.8200023Z [1m[92m  Downloaded[0m ghash v0.6.0
2026-10-09T01:25:43.8233919Z [1m[92m  Downloaded[0m crypto-common v0.2.2
2026-10-09T01:25:43.8242346Z [1m[92m  Downloaded[0m anstyle-query v1.1.5
2026-10-09T01:25:43.8251114Z [1m[92m  Downloaded[0m cpufeatures v0.3.0
2026-10-09T01:25:43.8315504Z [1m[92m  Downloaded[0m cipher v0.5.2
2026-10-09T01:25:43.8353313Z [1m[92m  Downloaded[0m cpubits v0.1.1
2026-10-09T01:25:43.8392868Z [1m[92m  Downloaded[0m wasm-bindgen-shared v0.2.125
2026-10-09T01:25:43.8399934Z [1m[92m  Downloaded[0m heck v0.5.0
2026-10-09T01:25:43.8409927Z [1m[92m  Downloaded[0m inout v0.2.2
2026-10-09T01:25:43.8419504Z [1m[92m  Downloaded[0m pyo3-macros v0.29.0
2026-10-09T01:25:43.8425788Z [1m[92m  Downloaded[0m universal-hash v0.6.1
2026-10-09T01:25:43.8432937Z [1m[92m  Downloaded[0m leb128fmt v0.1.0
2026-10-09T01:25:43.8440298Z [1m[92m  Downloaded[0m strsim v0.11.1
2026-10-09T01:25:43.8449570Z [1m[92m  Downloaded[0m rustversion v1.0.22
2026-10-09T01:25:43.8470715Z [1m[92m  Downloaded[0m wasm-bindgen-macro v0.2.125
2026-10-09T01:25:43.8478715Z [1m[92m  Downloaded[0m digest v0.11.3
2026-10-09T01:25:43.8498232Z [1m[92m  Downloaded[0m either v1.16.0
2026-10-09T01:25:43.8509278Z [1m[92m  Downloaded[0m anstyle v1.0.14
2026-10-09T01:25:43.8521222Z [1m[92m  Downloaded[0m visual-hashing v1.0.0
2026-10-09T01:25:43.8546042Z [1m[92m  Downloaded[0m cmov v0.5.4
2026-10-09T01:25:43.8564208Z [1m[92m  Downloaded[0m crossbeam-deque v0.8.6
2026-10-09T01:25:43.8567135Z [1m[92m  Downloaded[0m ctr v0.10.1
2026-10-09T01:25:43.8583904Z [1m[92m  Downloaded[0m cfg-if v1.0.4
2026-10-09T01:25:43.8593966Z [1m[92m  Downloaded[0m ctutils v0.4.2
2026-10-09T01:25:43.8608052Z [1m[92m  Downloaded[0m utf8parse v0.2.2
2026-10-09T01:25:43.8615078Z [1m[92m  Downloaded[0m polyval v0.7.3
2026-10-09T01:25:43.8630303Z [1m[92m  Downloaded[0m quote v1.0.46
2026-10-09T01:25:43.8654314Z [1m[92m  Downloaded[0m clap_derive v4.6.1
2026-10-09T01:25:43.8670635Z [1m[92m  Downloaded[0m is_terminal_polyfill v1.70.2
2026-10-09T01:25:43.8677892Z [1m[92m  Downloaded[0m unicode-ident v1.0.24
2026-10-09T01:25:43.8698248Z [1m[92m  Downloaded[0m crossbeam-utils v0.8.21
2026-10-09T01:25:43.8719604Z [1m[92m  Downloaded[0m hybrid-array v0.4.15
2026-10-09T01:25:43.8748037Z [1m[92m  Downloaded[0m pyo3-build-config v0.29.0
2026-10-09T01:25:43.8758276Z [1m[92m  Downloaded[0m twox-hash v2.1.2
2026-10-09T01:25:43.8776603Z [1m[92m  Downloaded[0m clap v4.6.1
2026-10-09T01:25:43.8873688Z [1m[92m  Downloaded[0m const-oid v0.10.2
2026-10-09T01:25:43.8901364Z [1m[92m  Downloaded[0m getrandom v0.3.4
2026-10-09T01:25:43.8926938Z [1m[92m  Downloaded[0m sha2 v0.11.0
2026-10-09T01:25:43.8954186Z [1m[92m  Downloaded[0m proc-macro2 v1.0.106
2026-10-09T01:25:43.8976082Z [1m[92m  Downloaded[0m once_cell v1.21.4
2026-10-09T01:25:43.8995065Z [1m[92m  Downloaded[0m crossbeam-epoch v0.9.18
2026-10-09T01:25:43.9012691Z [1m[92m  Downloaded[0m wasm-bindgen v0.2.125
2026-10-09T01:25:43.9032042Z [1m[92m  Downloaded[0m rayon-core v1.13.0
2026-10-09T01:25:43.9059107Z [1m[92m  Downloaded[0m pyo3-macros-backend v0.29.0
2026-10-09T01:25:43.9079366Z [1m[92m  Downloaded[0m wasm-encoder v0.259.0
2026-10-09T01:25:43.9108476Z [1m[92m  Downloaded[0m wasm-bindgen-macro-support v0.2.125
2026-10-09T01:25:43.9123042Z [1m[92m  Downloaded[0m memchr v2.8.2
2026-10-09T01:25:43.9164351Z [1m[92m  Downloaded[0m typenum v1.20.1
2026-10-09T01:25:43.9190001Z [1m[92m  Downloaded[0m pyo3-ffi v0.29.0
2026-10-09T01:25:43.9246298Z [1m[92m  Downloaded[0m bumpalo v3.20.3
2026-10-09T01:25:43.9265390Z [1m[92m  Downloaded[0m aes-gcm v0.11.1
2026-10-09T01:25:43.9286690Z [1m[92m  Downloaded[0m aho-corasick v1.1.4
2026-10-09T01:25:43.9324176Z [1m[92m  Downloaded[0m regex v1.12.4
2026-10-09T01:25:43.9362659Z [1m[92m  Downloaded[0m hashbrown v0.17.1
2026-10-09T01:25:43.9401215Z [1m[92m  Downloaded[0m clap_builder v4.6.0
2026-10-09T01:25:43.9446358Z [1m[92m  Downloaded[0m rayon v1.12.0
2026-10-09T01:25:43.9514925Z [1m[92m  Downloaded[0m syn v2.0.118
2026-10-09T01:25:43.9592939Z [1m[92m  Downloaded[0m regex-syntax v0.8.11
2026-10-09T01:25:43.9644354Z [1m[92m  Downloaded[0m regex-automata v0.4.14
2026-10-09T01:25:43.9756853Z [1m[92m  Downloaded[0m libc v0.2.186
2026-10-09T01:25:44.0061825Z [1m[92m  Downloaded[0m structured-zstd v0.0.49
2026-10-09T01:25:44.0281994Z [1m[92m  Downloaded[0m pyo3 v0.29.0
2026-10-09T01:25:44.1218278Z [1m[92m   Compiling[0m typenum v1.20.1
2026-10-09T01:25:44.1219223Z [1m[92m   Compiling[0m purrdf-hash v3.0.1 (/home/runner/work/purrdf/purrdf/crates/hash)
2026-10-09T01:25:44.1219792Z [1m[92m   Compiling[0m cpufeatures v0.3.0
2026-10-09T01:25:44.1220474Z [1m[92m   Compiling[0m const-oid v0.10.2
2026-10-09T01:25:44.1456078Z [1m[92m   Compiling[0m cfg-if v1.0.4
2026-10-09T01:25:44.1702407Z [1m[92m   Compiling[0m regex-syntax v0.8.11
2026-10-09T01:25:44.2966673Z [1m[92m   Compiling[0m libc v0.2.186
2026-10-09T01:25:44.8787070Z [1m[92m   Compiling[0m purrdf-events v3.0.1 (/home/runner/work/purrdf/purrdf/crates/rdf-events)
2026-10-09T01:25:45.0616999Z [1m[92m   Compiling[0m hybrid-array v0.4.15
2026-10-09T01:25:45.5030815Z [1m[92m   Compiling[0m crypto-common v0.2.2
2026-10-09T01:25:45.5986974Z [1m[92m   Compiling[0m block-buffer v0.12.1
2026-10-09T01:25:45.6846805Z [1m[92m   Compiling[0m regex-automata v0.4.14
2026-10-09T01:25:46.5695972Z [1m[92m   Compiling[0m digest v0.11.3
2026-10-09T01:25:46.6666680Z [1m[92m   Compiling[0m sha2 v0.11.0
2026-10-09T01:25:47.9676902Z [1m[92m   Compiling[0m purrdf-lex v3.0.1 (/home/runner/work/purrdf/purrdf/crates/lex)
2026-10-09T01:25:50.8197228Z [1m[92m   Compiling[0m purrdf-xsd v3.0.1 (/home/runner/work/purrdf/purrdf/crates/xsd)
2026-10-09T01:25:51.2526944Z [1m[92m   Compiling[0m purrdf-iri v3.0.1 (/home/runner/work/purrdf/purrdf/crates/iri)
2026-10-09T01:25:54.4987013Z [1m[92m   Compiling[0m regex v1.12.4
2026-10-09T01:25:55.1066735Z [1m[92m   Compiling[0m purrdf-stack v3.0.1 (/home/runner/work/purrdf/purrdf/crates/stack)
2026-10-09T01:25:55.2397134Z [1m[92m   Compiling[0m purrdf-cdt v3.0.1 (/home/runner/work/purrdf/purrdf/crates/cdt)
2026-10-09T01:25:55.7219110Z [1m[92m   Compiling[0m purrdf-testkit v3.0.1 (/home/runner/work/purrdf/purrdf/crates/testkit)
2026-10-09T01:25:58.8367035Z [1m[92m   Compiling[0m purrdf-deflate v3.0.1 (/home/runner/work/purrdf/purrdf/crates/deflate)
2026-10-09T01:25:59.3938019Z [1m[92m   Compiling[0m purrdf-core v3.0.1 (/home/runner/work/purrdf/purrdf/crates/rdf-core)
2026-10-09T01:26:00.5436668Z [1m[92m   Compiling[0m hashbrown v0.17.1
2026-10-09T01:26:00.5504475Z [1m[92m   Compiling[0m crossbeam-utils v0.8.21
2026-10-09T01:26:01.3306548Z [1m[92m   Compiling[0m crossbeam-epoch v0.9.18
2026-10-09T01:26:01.6216883Z [1m[92m   Compiling[0m rayon-core v1.13.0
2026-10-09T01:26:01.6927051Z [1m[92m   Compiling[0m crossbeam-deque v0.8.6
2026-10-09T01:26:01.9917050Z [1m[92m   Compiling[0m purrdf-sparql-algebra v3.0.1 (/home/runner/work/purrdf/purrdf/crates/sparql-algebra)
2026-10-09T01:26:03.2406507Z [1m[92m   Compiling[0m either v1.16.0
2026-10-09T01:26:03.3650471Z [1m[92m   Compiling[0m rayon v1.12.0
2026-10-09T01:26:04.0347957Z [1m[92m   Compiling[0m getrandom v0.3.4
2026-10-09T01:26:04.4747117Z [1m[92m   Compiling[0m inout v0.2.2
2026-10-09T01:26:04.5476962Z [1m[92m   Compiling[0m cmov v0.5.4
2026-10-09T01:26:04.6816979Z [1m[92m   Compiling[0m ctutils v0.4.2
2026-10-09T01:26:04.8286593Z [1m[92m   Compiling[0m cpubits v0.1.1
2026-10-09T01:26:04.8587185Z [1m[92m   Compiling[0m universal-hash v0.6.1
2026-10-09T01:26:04.9096650Z [1m[92m   Compiling[0m cipher v0.5.2
2026-10-09T01:26:05.0947367Z [1m[92m   Compiling[0m purrdf-alloc-probe v3.0.1 (/home/runner/work/purrdf/purrdf/crates/alloc-probe)
2026-10-09T01:26:05.2756658Z [1m[92m   Compiling[0m polyval v0.7.3
2026-10-09T01:26:05.4476639Z [1m[92m   Compiling[0m fastrand v2.4.1
2026-10-09T01:26:05.6366971Z [1m[92m   Compiling[0m twox-hash v2.1.2
2026-10-09T01:26:05.7189722Z [1m[92m   Compiling[0m structured-zstd v0.0.49
2026-10-09T01:26:05.7257448Z [1m[92m   Compiling[0m ghash v0.6.0
2026-10-09T01:26:05.7727137Z [1m[92m   Compiling[0m aes v0.9.3
2026-10-09T01:26:06.2377121Z [1m[92m   Compiling[0m ctr v0.10.1
2026-10-09T01:26:06.3447248Z [1m[92m   Compiling[0m aead v0.6.1
2026-10-09T01:26:06.4236911Z [1m[92m   Compiling[0m purrdf-ed25519 v3.0.1 (/home/runner/work/purrdf/purrdf/crates/ed25519)
2026-10-09T01:26:07.1252422Z [1m[92m   Compiling[0m aes-gcm v0.11.1
2026-10-09T01:26:07.2027329Z [1m[92m   Compiling[0m visual-hashing v1.0.0
2026-10-09T01:26:07.5897077Z [1m[92m   Compiling[0m unicode-ident v1.0.24
2026-10-09T01:26:07.6487309Z [1m[92m   Compiling[0m proc-macro2 v1.0.106
2026-10-09T01:26:08.0067351Z [1m[92m   Compiling[0m purrdf-jsonschema v3.0.1 (/home/runner/work/purrdf/purrdf/crates/jsonschema)
2026-10-09T01:26:16.5877008Z [1m[92m   Compiling[0m purrdf-sparql-results v3.0.1 (/home/runner/work/purrdf/purrdf/crates/sparql-results)
2026-10-09T01:26:20.8577159Z [1m[92m   Compiling[0m purrdf-sparql-eval v3.0.1 (/home/runner/work/purrdf/purrdf/crates/sparql-eval)
2026-10-09T01:26:21.9377153Z [1m[92m   Compiling[0m purrdf-gts v3.0.1 (/home/runner/work/purrdf/purrdf/crates/gts)
2026-10-09T01:26:39.2097017Z [1m[92m   Compiling[0m purrdf-rdf v3.0.1 (/home/runner/work/purrdf/purrdf/crates/rdf)
2026-10-09T01:27:07.6006862Z [1m[92m   Compiling[0m purrdf-datalog v3.0.1 (/home/runner/work/purrdf/purrdf/crates/datalog)
2026-10-09T01:27:19.0727489Z [1m[92m   Compiling[0m purrdf-slice v3.0.1 (/home/runner/work/purrdf/purrdf/crates/slice)
2026-10-09T01:27:31.5027468Z [1m[92m   Compiling[0m purrdf-shapes v3.0.1 (/home/runner/work/purrdf/purrdf/crates/shapes)
2026-10-09T01:27:31.7956660Z [1m[92m   Compiling[0m quote v1.0.46
2026-10-09T01:27:32.0066935Z [1m[92m   Compiling[0m purrdf-text v3.0.1 (/home/runner/work/purrdf/purrdf/crates/text)
2026-10-09T01:27:50.5136699Z [1m[92m   Compiling[0m syn v2.0.118
2026-10-09T01:28:10.5999571Z [1m[92m   Compiling[0m purrdf-shex v3.0.1 (/home/runner/work/purrdf/purrdf/crates/shex)
2026-10-09T01:28:15.2106853Z [1m[92m   Compiling[0m purrdf-entail v3.0.1 (/home/runner/work/purrdf/purrdf/crates/entail)
2026-10-09T01:28:20.6034336Z [1m[92m   Compiling[0m purrdf-validate v3.0.1 (/home/runner/work/purrdf/purrdf/crates/validate)
2026-10-09T01:28:35.1927182Z [1m[92m   Compiling[0m purrdf-retrieval v3.0.1 (/home/runner/work/purrdf/purrdf/crates/retrieval)
2026-10-09T01:28:45.5857343Z [1m[92m   Compiling[0m purrdf-hnsw v3.0.1 (/home/runner/work/purrdf/purrdf/crates/hnsw)
2026-10-09T01:28:48.4066849Z [1m[92m   Compiling[0m purrdf-geo v3.0.1 (/home/runner/work/purrdf/purrdf/crates/geo)
2026-10-09T01:28:50.6026853Z [1m[92m   Compiling[0m purrdf-markdown v3.0.1 (/home/runner/work/purrdf/purrdf/crates/markdown)
2026-10-09T01:28:53.8209509Z [1m[92m   Compiling[0m purrdf-json v3.0.1 (/home/runner/work/purrdf/purrdf/crates/json)
2026-10-09T01:28:55.0617581Z [1m[92m   Compiling[0m purrdf-columnar v3.0.1 (/home/runner/work/purrdf/purrdf/crates/columnar)
2026-10-09T01:28:55.8472726Z [1m[92m   Compiling[0m purrdf v3.0.1 (/home/runner/work/purrdf/purrdf/crates/purrdf)
2026-10-09T01:28:58.5026674Z [1m[92m   Compiling[0m utf8parse v0.2.2
2026-10-09T01:28:58.5413704Z [1m[92m   Compiling[0m anstyle-parse v1.0.0
2026-10-09T01:28:59.0076775Z [1m[92m   Compiling[0m is_terminal_polyfill v1.70.2
2026-10-09T01:28:59.0436650Z [1m[92m   Compiling[0m anstyle v1.0.14
2026-10-09T01:28:59.1667428Z [1m[92m   Compiling[0m anstyle-query v1.1.5
2026-10-09T01:28:59.2025099Z [1m[92m   Compiling[0m colorchoice v1.0.5
2026-10-09T01:28:59.2426676Z [1m[92m   Compiling[0m anstream v1.0.0
2026-10-09T01:28:59.3435398Z [1m[92m   Compiling[0m clap_lex v1.1.0
2026-10-09T01:28:59.5427214Z [1m[92m   Compiling[0m strsim v0.11.1
2026-10-09T01:28:59.5522588Z [1m[92m   Compiling[0m heck v0.5.0
2026-10-09T01:29:00.1516691Z [1m[92m   Compiling[0m clap_builder v4.6.0
2026-10-09T01:29:00.1556918Z [1m[92m   Compiling[0m purrdf-conformance-kit v3.0.1 (/home/runner/work/purrdf/purrdf/crates/conformance-kit)
2026-10-09T01:29:10.2696971Z [1m[92m   Compiling[0m purrdf-sparql-conformance v3.0.1 (/home/runner/work/purrdf/purrdf/crates/sparql-conformance)
2026-10-09T01:29:10.8047485Z [1m[92m   Compiling[0m purrdf-hash-conformance v3.0.1 (/home/runner/work/purrdf/purrdf/crates/hash-conformance)
2026-10-09T01:29:21.5846645Z [1m[92m   Compiling[0m clap_derive v4.6.1
2026-10-09T01:29:32.2816742Z [1m[92m   Compiling[0m clap v4.6.1
2026-10-09T01:29:32.3087773Z [1m[92m   Compiling[0m purrdf-cli v3.0.1 (/home/runner/work/purrdf/purrdf/crates/cli)
2026-10-09T01:30:44.4317123Z [1m[92m   Compiling[0m purrdf-capi v3.0.1 (/home/runner/work/purrdf/purrdf/crates/rdf-capi)
2026-10-09T01:32:45.9651649Z [1m[92m    Finished[0m `test` profile [optimized] target(s) in 7m 02s
2026-10-09T01:32:46.0523534Z [1m[92m     Running[0m tests/xpath_regex.rs (target/debug/build/purrdf-capi/c156afb2c697d352/out/xpath_regex-c156afb2c697d352)
2026-10-09T01:32:46.0537490Z 
2026-10-09T01:32:46.0537644Z running 17 tests
2026-10-09T01:32:46.0555172Z test a_selected_law_reports_what_compatibility_reports_for_an_ordinary_pattern ... ok
2026-10-09T01:32:46.0615772Z test an_inexact_profile_name_is_refused_on_every_shacl_entry_point ... ok
2026-10-09T01:32:46.0625836Z test an_inexact_profile_name_is_refused_on_every_shapes_graph_tool ... ok
2026-10-09T01:32:46.0628250Z test an_inexact_profile_name_is_refused_on_every_sparql_entry_point ... ok
2026-10-09T01:32:46.1966518Z test a_native_resource_refusal_is_an_error_status_never_an_empty_answer ... ok
2026-10-09T01:32:46.2014535Z test each_selected_law_decides_patterns_on_every_shapes_graph_tool ... ok
2026-10-09T01:32:46.2096506Z test each_selected_law_decides_sh_pattern_on_every_shacl_entry_point ... ok
2026-10-09T01:32:46.2097566Z test a_native_resource_refusal_is_an_error_status_never_a_conforming_report ... ok
2026-10-09T01:32:46.2125936Z test each_selected_law_decides_sparql_regex_on_every_select_entry_point ... ok
2026-10-09T01:32:46.2146437Z test each_selected_law_decides_sparql_replace ... ok
2026-10-09T01:32:46.2149875Z test each_selected_law_decides_the_update_where_clause ... ok
2026-10-09T01:32:46.2150658Z test null_regex_profile_is_the_compatibility_entry_point_byte_for_byte ... ok
2026-10-09T01:32:46.2151394Z test null_regex_profile_is_the_compatibility_shacl_entry_point_byte_for_byte ... ok
2026-10-09T01:32:46.2152617Z test the_change_path_stays_bounded_under_a_selected_law ... ok
2026-10-09T01:32:46.2160681Z test null_regex_profile_is_the_compatibility_tool_entry_point_byte_for_byte ... ok
2026-10-09T01:32:46.2249719Z test a_native_resource_refusal_is_an_error_status_never_an_empty_tool_answer ... ok
2026-10-09T01:32:47.4373143Z test counted_repetitions_answer_at_the_production_defaults_like_the_compatibility_engine ... ok
2026-10-09T01:32:47.4373523Z 
2026-10-09T01:32:47.4373862Z test result: ok. 17 passed; 0 failed; 0 ignored; 0 measured; 0 filtered out; finished in 1.38s
2026-10-09T01:32:47.4374157Z 
2026-10-09T01:32:47.4407125Z [1m[92m     Running[0m tests/superset.rs (target/debug/build/purrdf-cdt/1521965667c0526a/out/superset-1521965667c0526a)
2026-10-09T01:32:47.4417289Z 
2026-10-09T01:32:47.4417378Z running 7 tests
2026-10-09T01:32:47.4419856Z test every_published_element_alternative_stays_inside_strict_sep_0009 ... ok
2026-10-09T01:32:47.4420263Z test superset_1_a_triple_term_parses_renders_and_round_trips ... ok
2026-10-09T01:32:47.4421034Z test superset_1_is_outside_strict_sep_0009 ... ok
2026-10-09T01:32:47.4421538Z test superset_2_directional_literals_parse_render_and_round_trip_in_both_directions ... ok
2026-10-09T01:32:47.4421996Z test superset_2_is_outside_strict_sep_0009 ... ok
2026-10-09T01:32:47.4422369Z test the_extension_is_only_emitted_for_terms_sep_0009_cannot_express ... ok
2026-10-09T01:32:47.4422676Z test the_supersets_do_not_widen_anything_but_the_element_production ... ok
2026-10-09T01:32:47.4422838Z 
2026-10-09T01:32:47.4423031Z test result: ok. 7 passed; 0 failed; 0 ignored; 0 measured; 0 filtered out; finished in 0.00s
2026-10-09T01:32:47.4423308Z 
2026-10-09T01:32:47.4423739Z [1m[92m     Running[0m tests/value_relations.rs (target/debug/build/purrdf-cdt/bd8133458ef0fbfb/out/value_relations-bd8133458ef0fbfb)
2026-10-09T01:32:47.4431223Z 
2026-10-09T01:32:47.4431300Z running 21 tests
2026-10-09T01:32:47.4433524Z test a_blank_node_at_a_compared_position_has_no_order ... ok
2026-10-09T01:32:47.4434163Z test a_shorter_list_is_smaller_than_a_list_it_prefixes ... ok
2026-10-09T01:32:47.4434785Z test an_ill_typed_operand_is_distinguishable_from_an_unmodelled_one ... ok
2026-10-09T01:32:47.4435398Z test equality_of_two_distinct_blank_nodes_has_no_answer ... ok
2026-10-09T01:32:47.4435804Z test elements_of_any_size_compare_by_every_digit ... ok
2026-10-09T01:32:47.4436239Z test list_equal_compares_by_value_not_by_lexical_form ... ok
2026-10-09T01:32:47.4436670Z test list_equal_is_false_on_a_length_mismatch_and_never_an_error ... ok
2026-10-09T01:32:47.4437185Z test list_equal_propagates_a_type_error_but_a_definite_false_dominates_it ... ok
2026-10-09T01:32:47.4437648Z test list_equal_treats_nulls_as_mutually_indistinguishable ... ok
2026-10-09T01:32:47.4439512Z test list_less_than_descends_into_nested_lists ... ok
2026-10-09T01:32:47.4439947Z test list_equal_walks_nested_composites ... ok
2026-10-09T01:32:47.4440278Z test list_less_than_continues_past_two_nulls ... ok
2026-10-09T01:32:47.4440643Z test list_less_than_propagates_an_equality_error ... ok
2026-10-09T01:32:47.4440963Z test list_less_than_propagates_the_operators_error_at_the_first_unequal_position ... ok
2026-10-09T01:32:47.4441671Z test list_less_than_stops_at_the_first_unequal_position ... ok
2026-10-09T01:32:47.4441948Z test map_equal_requires_identical_key_sets ... ok
2026-10-09T01:32:47.4442184Z test map_less_than_compares_keys_in_the_syntactic_order ... ok
2026-10-09T01:32:47.4442405Z test map_less_than_walks_in_key_order ... ok
2026-10-09T01:32:47.4443150Z [1m[92m     Running[0m tests/shacl_cli.rs (target/debug/build/purrdf-cli/d1b1b6cfc4c69efe/out/shacl_cli-d1b1b6cfc4c69efe)
2026-10-09T01:32:47.4443684Z test the_total_order_is_defined_where_the_operator_raises ... ok
2026-10-09T01:32:47.4444031Z test value_order_with_a_syntactic_tiebreak_is_intransitive_but_the_exported_order_is_not ... ok
2026-10-09T01:32:47.4444348Z test the_total_order_sorts_and_is_strict_on_distinct_keys ... ok
2026-10-09T01:32:47.4444489Z 
2026-10-09T01:32:47.4444805Z test result: ok. 21 passed; 0 failed; 0 ignored; 0 measured; 0 filtered out; finished in 0.00s
2026-10-09T01:32:47.4445331Z 
2026-10-09T01:32:47.4452914Z 
2026-10-09T01:32:47.4452987Z running 29 tests
2026-10-09T01:32:47.4555479Z test a_restored_product_reaches_the_same_change_verdict_as_a_parsed_document ... ok
2026-10-09T01:32:47.4575580Z test a_selector_that_names_nothing_is_a_usage_error ... ok
2026-10-09T01:32:47.4600226Z test a_corrupt_product_is_refused_with_its_dimension ... ok
2026-10-09T01:32:47.4622740Z test a_packed_product_verifies_explains_and_validates_identically ... ok
2026-10-09T01:32:47.4636266Z test accepts_pack_without_box_role_vocab_neighbour ... ok
2026-10-09T01:32:47.4675385Z test an_import_pair_that_resolves_nothing_is_a_usage_error_at_pack_time ... ok
2026-10-09T01:32:47.4696008Z test a_validate_run_says_where_its_shapes_came_from ... ok
2026-10-09T01:32:47.4701738Z test accepts_pack_without_shapes_graph_neighbour ... ok
2026-10-09T01:32:47.4705593Z test diff_names_exactly_the_one_component_that_differs ... ok
2026-10-09T01:32:47.4706121Z test diff_refuses_two_stdins ... ok
2026-10-09T01:32:47.4751251Z test diff_works_on_a_product_with_an_unrecognized_stage_id ... ok
2026-10-09T01:32:47.4751747Z test diff_of_identical_products_reports_nothing_and_exits_zero ... ok
2026-10-09T01:32:47.4762317Z test explain_reports_the_box_role_vocab_pack_recorded ... ok
2026-10-09T01:32:47.4816313Z test explain_reports_the_shapes_graph_pack_recorded ... ok
2026-10-09T01:32:47.4825574Z test different_box_role_vocab_namespaces_pack_to_different_identities ... ok
2026-10-09T01:32:47.4839147Z test packing_an_unresolved_import_is_refused_and_an_in_graph_one_packs ... ok
2026-10-09T01:32:47.4885406Z test packing_with_import_agrees_byte_for_byte_with_validating_the_document_with_import ... ok
2026-10-09T01:32:47.4916722Z test packing_with_box_role_vocab_agrees_with_validating_the_document_with_box_role_vocab ... ok
2026-10-09T01:32:47.4956061Z test packing_a_sparql_function_agrees_byte_for_byte_with_validating_the_document ... ok
2026-10-09T01:32:47.4966419Z test packing_with_shapes_graph_agrees_byte_for_byte_with_validating_the_document_with_shapes_graph ... ok
2026-10-09T01:32:47.4967009Z test rebuild_is_refused_against_a_shapes_document ... ok
2026-10-09T01:32:47.4997536Z test rebuild_on_a_current_product_matches_admit ... ok
2026-10-09T01:32:47.5020929Z test rebuild_rescues_a_product_whose_stage_id_this_build_does_not_know ... ok
2026-10-09T01:32:47.5060094Z test the_identity_explain_prints_is_the_identity_expect_identity_accepts ... ok
2026-10-09T01:32:47.5138928Z test the_shapes_parse_flags_are_refused_against_a_product ... ok
2026-10-09T01:32:47.5147926Z test rebuild_still_honours_expect_identity ... ok
2026-10-09T01:32:47.5154753Z test valid_import_configurations_still_pack_and_round_trip ... ok
2026-10-09T01:32:47.5157347Z test validating_a_product_against_its_own_identity_changes_nothing ... ok
2026-10-09T01:32:47.5245591Z test validating_a_product_that_is_not_the_expected_one_is_refused ... ok
2026-10-09T01:32:47.5245869Z 
2026-10-09T01:32:47.5246206Z test result: ok. 29 passed; 0 failed; 0 ignored; 0 measured; 0 filtered out; finished in 0.08s
2026-10-09T01:32:47.5246741Z 
2026-10-09T01:32:47.5251353Z [1m[92m     Running[0m tests/shapes_tools_cli.rs (target/debug/build/purrdf-cli/36191b86867e22a2/out/shapes_tools_cli-36191b86867e22a2)
2026-10-09T01:32:47.5259100Z 
2026-10-09T01:32:47.5259203Z running 14 tests
2026-10-09T01:32:47.5326247Z test cli_node_expr_reports_the_mandatory_diagnostic ... ok
2026-10-09T01:32:47.5425687Z test cli_node_expr ... ok
2026-10-09T01:32:47.5549765Z test cli_node_expr_selectors ... ok
2026-10-09T01:32:47.5665805Z test cli_rules_capacity_limits ... ok
2026-10-09T01:32:47.5689699Z test cli_rules ... ok
2026-10-09T01:32:47.5844833Z test cli_rules_check ... ok
2026-10-09T01:32:47.5848954Z test cli_rules_shapes_graph ... ok
2026-10-09T01:32:47.6065630Z test cli_shapes_lint_reports_superseded_builtin_validators ... ok
2026-10-09T01:32:47.6276298Z test every_run_reports_an_empty_in_list ... ok
2026-10-09T01:32:47.6696624Z test every_shapes_lane_gives_the_same_owl_imports_verdict ... ok
2026-10-09T01:32:47.6726808Z test the_shacl_prefix_idiom_validates_without_an_import_and_a_header_import_is_refused ... ok
2026-10-09T01:32:47.7006185Z test cli_shapes_lint ... ok
2026-10-09T01:32:49.3972306Z test cli_rules_nonlinear_closure_needs_a_raised_join_step_limit ... ok
2026-10-09T01:32:58.9741918Z test cli_rules_per_focus_divergence_is_refused_by_a_term_limit ... ok
2026-10-09T01:32:58.9742227Z 
2026-10-09T01:32:58.9742571Z test result: ok. 14 passed; 0 failed; 0 ignored; 0 measured; 0 filtered out; finished in 11.45s
2026-10-09T01:32:58.9742885Z 
2026-10-09T01:32:58.9747722Z [1m[92m     Running[0m tests/shex_cli.rs (target/debug/build/purrdf-cli/3a2db4e6711c0c4c/out/shex_cli-3a2db4e6711c0c4c)
2026-10-09T01:32:58.9757837Z 
2026-10-09T01:32:58.9757941Z running 32 tests
2026-10-09T01:32:58.9792426Z test a_conformant_node_reports_and_exits_zero ... ok
2026-10-09T01:32:58.9800366Z test a_data_graph_base_does_not_leak_into_the_schema ... ok
2026-10-09T01:32:58.9826001Z test a_malformed_map_is_a_usage_error_decided_before_any_document_is_read ... ok
2026-10-09T01:32:58.9826658Z test a_nonconformant_node_reports_a_reason_and_still_exits_zero ... ok
2026-10-09T01:32:58.9839073Z test a_map_naming_an_undeclared_shape_is_refused_rather_than_reported_nonconformant ... ok
2026-10-09T01:32:58.9853082Z test a_query_selector_expands_against_the_data ... ok
2026-10-09T01:32:58.9860886Z test a_prefixed_name_in_the_map_is_refused_with_the_grammar_reason ... ok
2026-10-09T01:32:58.9871051Z test a_schema_file_resolves_relative_iris_against_its_retrieval_iri ... ok
2026-10-09T01:32:58.9871770Z test a_relative_map_iri_with_no_base_names_the_base_flag_once ... ok
2026-10-09T01:32:58.9895472Z test a_semantic_action_is_refused_rather_than_treated_as_an_inert_success ... ok
2026-10-09T01:32:58.9904025Z test a_structurally_invalid_schema_is_refused ... ok
2026-10-09T01:32:58.9919291Z test a_shexj_schema_file_resolves_against_its_retrieval_iri_too ... ok
2026-10-09T01:32:58.9922178Z test a_schema_on_stdin_with_a_relative_iri_is_refused_not_vacuously_decided ... ok
2026-10-09T01:32:58.9930595Z test an_external_shape_is_refused_rather_than_reported_nonconformant ... ok
2026-10-09T01:32:58.9982207Z test base_resolves_relative_iris_everywhere_it_applies ... ok
2026-10-09T01:32:58.9987771Z test an_import_iri_half_must_be_absolute_and_is_blamed_on_the_argument ... ok
2026-10-09T01:32:59.0035917Z test base_with_a_pack_data_source_is_consumed_by_the_shape_map ... ok
2026-10-09T01:32:59.0072253Z test imports_are_caller_supplied_and_both_halves_are_enforced ... ok
2026-10-09T01:32:59.0103940Z test imported_numeric_facets_keep_their_exact_bounds ... ok
2026-10-09T01:32:59.0109027Z test malformed_import_pairs_are_usage_errors ... ok
2026-10-09T01:32:59.0109932Z test malformed_inputs_are_runtime_failures ... ok
2026-10-09T01:32:59.0184636Z test reifier_syntax_is_refused_as_a_focus_node_but_a_triple_term_validates ... ok
2026-10-09T01:32:59.0208751Z test rdf12_triple_terms_are_ordinary_nodes ... ok
2026-10-09T01:32:59.0218284Z test shexj_schemas_reach_the_same_verdict ... ok
2026-10-09T01:32:59.0234752Z test stdin_data_requires_an_explicit_from_and_then_validates ... ok
2026-10-09T01:32:59.0260716Z test the_global_document_flags_are_refused_by_name ... ok
2026-10-09T01:32:59.0287933Z test stdin_schemas_are_read_under_schema_from_and_two_stdins_are_refused ... ok
2026-10-09T01:32:59.0326199Z test the_result_map_can_be_written_to_a_file ... ok
2026-10-09T01:32:59.0326794Z test the_required_inputs_are_required ... ok
2026-10-09T01:32:59.0344732Z test numeric_facets_compare_against_the_bound_as_written ... ok
2026-10-09T01:32:59.0351382Z test the_statement_layer_is_an_arc_to_shex ... ok
2026-10-09T01:32:59.0378058Z test every_native_data_format_reaches_the_same_verdict ... ok
2026-10-09T01:32:59.0378294Z 
2026-10-09T01:32:59.0378622Z test result: ok. 32 passed; 0 failed; 0 ignored; 0 measured; 0 filtered out; finished in 0.06s
2026-10-09T01:32:59.0378912Z 
2026-10-09T01:32:59.0381434Z [1m[92m     Running[0m tests/smoke_cli.rs (target/debug/build/purrdf-cli/02870e8d4c813270/out/smoke_cli-02870e8d4c813270)
2026-10-09T01:32:59.0389269Z 
2026-10-09T01:32:59.0389358Z running 4 tests
2026-10-09T01:32:59.0415609Z test convert_turtle_to_ntriples_produces_expected_triples ... ok
2026-10-09T01:32:59.0421240Z test reason_owl_direct_materializes ... ok
2026-10-09T01:32:59.0455698Z test query_json_row_matches_between_turtle_and_pack ... ok
2026-10-09T01:32:59.0473083Z test reason_rdfs_infers_rdf_type ... ok
2026-10-09T01:32:59.0473265Z 
2026-10-09T01:32:59.0473572Z test result: ok. 4 passed; 0 failed; 0 ignored; 0 measured; 0 filtered out; finished in 0.01s
2026-10-09T01:32:59.0473865Z 
2026-10-09T01:32:59.0475886Z [1m[92m     Running[0m tests/update_cli.rs (target/debug/build/purrdf-cli/284cf7c1012b18cb/out/update_cli-284cf7c1012b18cb)
2026-10-09T01:32:59.0482772Z 
2026-10-09T01:32:59.0482864Z running 7 tests
2026-10-09T01:32:59.0517722Z test drop_all_writes_no_graph_the_input_declared ... ok
2026-10-09T01:32:59.0534096Z test a_no_op_update_keeps_the_input_declarations ... ok
2026-10-09T01:32:59.0534626Z test drop_graph_writes_no_declaration_of_the_dropped_graph ... ok
2026-10-09T01:32:59.0535525Z test a_graph_emptied_by_delete_is_neither_enumerated_nor_written ... ok
2026-10-09T01:32:59.0536058Z test governed_update_trip_writes_no_dataset_and_exits_three ... ok
2026-10-09T01:32:59.0545482Z test a_graph_emptied_by_delete_is_not_addressed_by_constant ... ok
2026-10-09T01:32:59.0554190Z test update_applies_then_serializes_the_committed_dataset ... ok
2026-10-09T01:32:59.0554457Z 
2026-10-09T01:32:59.0554805Z test result: ok. 7 passed; 0 failed; 0 ignored; 0 measured; 0 filtered out; finished in 0.01s
2026-10-09T01:32:59.0555575Z 
2026-10-09T01:32:59.0556269Z [1m[92m     Running[0m tests/validate_cli.rs (target/debug/build/purrdf-cli/6604f2e6b8ed4511/out/validate_cli-6604f2e6b8ed4511)
2026-10-09T01:32:59.0563485Z 
2026-10-09T01:32:59.0563582Z running 62 tests
2026-10-09T01:32:59.0600305Z test a_conforming_graph_reports_conforms_true ... ok
2026-10-09T01:32:59.0605814Z test a_change_that_adds_a_link_validates_in_full ... ok
2026-10-09T01:32:59.0625195Z test a_changes_format_with_no_change_document_is_refused_by_name ... ok
2026-10-09T01:32:59.0625886Z test a_core_only_validation_is_unbothered_by_a_zero_budget ... ok
2026-10-09T01:32:59.0635820Z test a_change_document_may_have_stdin_but_only_if_nothing_else_does ... ok
2026-10-09T01:32:59.0655402Z test a_malformed_shapes_graph_is_a_named_usage_error ... ok
2026-10-09T01:32:59.0683102Z test a_non_conforming_graph_reports_and_still_exits_zero ... ok
2026-10-09T01:32:59.0708690Z test a_named_import_table_must_resolve_the_whole_closure_and_be_fully_used ... ok
2026-10-09T01:32:59.0720099Z test a_governor_trips_the_change_lane_and_an_ample_ceiling_leaves_it_alone ... ok
2026-10-09T01:32:59.0754425Z test a_data_graph_link_is_resolved_through_import_and_unioned ... ok
2026-10-09T01:32:59.0761263Z test a_relative_shapes_graph_resolves_against_the_shapes_document_base ... ok
2026-10-09T01:32:59.0762062Z test a_relative_shapes_graph_with_no_base_names_the_command_line_once ... ok
2026-10-09T01:32:59.0762909Z test a_non_turtle_shapes_graph_is_read_through_the_native_codec ... ok
2026-10-09T01:32:59.0813646Z test a_run_with_no_change_documents_is_unchanged ... ok
2026-10-09T01:32:59.0842648Z test a_shapes_blank_and_a_data_blank_are_two_nodes_in_the_report ... ok
2026-10-09T01:32:59.0844350Z test a_shapes_graph_on_stdin_with_a_relative_iri_is_refused_not_vacuously_passed ... ok
2026-10-09T01:32:59.0855786Z test a_product_must_hold_every_link ... ok
2026-10-09T01:32:59.0875612Z test a_structurally_incomplete_shape_hard_fails ... ok
2026-10-09T01:32:59.0888922Z test a_tripped_governor_writes_no_report_and_exits_three ... ok
2026-10-09T01:32:59.0890610Z test a_turtle_shapes_graph_resolves_relative_iris_against_its_retrieval_iri ... ok
2026-10-09T01:32:59.0928930Z test an_absolute_shapes_graph_is_carried_verbatim ... ok
2026-10-09T01:32:59.0944099Z test an_at_base_in_the_shapes_graph_wins_over_the_retrieval_iri ... ok
2026-10-09T01:32:59.0995919Z test an_imported_documents_prefixes_and_message_templates_survive_the_fold ... ok
2026-10-09T01:32:59.1024597Z test an_external_import_is_refused_until_a_document_is_named_for_it ... ok
2026-10-09T01:32:59.1043559Z test an_unknown_format_token_is_a_usage_error ... ok
2026-10-09T01:32:59.1053561Z test an_unbounded_change_footprint_falls_back_to_a_full_validation_and_says_so ... ok
2026-10-09T01:32:59.1077611Z test an_unreached_pair_named_by_an_unanchored_import_says_the_import_is_not_anchored ... ok
2026-10-09T01:32:59.1078404Z test an_unresolved_shapes_import_is_refused_by_name ... ok
2026-10-09T01:32:59.1125865Z test base_with_a_pack_data_source_is_refused_by_name ... ok
2026-10-09T01:32:59.1139379Z test base_resolves_relative_iris_in_the_data_graph ... ok
2026-10-09T01:32:59.1168528Z test base_with_a_relative_incapable_data_graph_is_refused_by_name ... ok
2026-10-09T01:32:59.1243501Z test cli_validate_evaluates_sparql_expr_beside_its_vocabulary_declaration ... ok
2026-10-09T01:32:59.1244484Z test a_shapes_document_base_resolves_its_self_import_in_every_syntax ... ok
2026-10-09T01:32:59.1269523Z test cli_validate_conformance_disallows ... ok
2026-10-09T01:32:59.1319867Z test a_shapes_document_prefix_map_is_carried_by_every_syntax ... ok
2026-10-09T01:32:59.1381544Z test cli_validate_subclass_of_in_shapes_graph ... ok
2026-10-09T01:32:59.1418095Z test jsonld_options_are_refused_unless_the_format_is_jsonld ... ok
2026-10-09T01:32:59.1428099Z test malformed_documents_are_runtime_failures ... ok
2026-10-09T01:32:59.1545629Z test malformed_shapes_import_pairs_are_usage_errors ... ok
2026-10-09T01:32:59.1558951Z test every_output_format_describes_the_same_run ... ok
2026-10-09T01:32:59.1570456Z test merged_vocabulary_needs_no_import_flag ... ok
2026-10-09T01:32:59.1593831Z test rdf12_statement_metadata_is_validated ... ok
2026-10-09T01:32:59.1609663Z test shapes_are_required ... ok
2026-10-09T01:32:59.1615529Z test rdf12_statement_metadata_survives_a_pack_source ... ok
2026-10-09T01:32:59.1616336Z test removing_a_row_moves_a_verdict_and_reports_what_a_full_validation_would ... ok
2026-10-09T01:32:59.1650719Z test shapes_graph_imports_are_folded_transitively_from_the_import_table ... ok
2026-10-09T01:32:59.1674316Z test shapes_graph_exposes_the_shapes_to_shacl_sparql ... ok
2026-10-09T01:32:59.1698141Z test stdin_data_requires_an_explicit_from_and_then_validates ... ok
2026-10-09T01:32:59.1716066Z test stdin_shapes_are_read_under_shapes_from ... ok
2026-10-09T01:32:59.1733307Z test every_native_source_format_reaches_the_same_verdict ... ok
2026-10-09T01:32:59.1768078Z test shapes_base_is_the_shapes_documents_parse_base ... ok
2026-10-09T01:32:59.1786008Z test the_change_lane_reports_exactly_what_a_full_validation_of_the_merged_graph_does ... ok
2026-10-09T01:32:59.1796828Z test the_data_documents_own_iri_anchors_a_link ... ok
2026-10-09T01:32:59.1797437Z test the_loss_ledger_is_live_for_rdf_and_refused_for_sarif ... ok
2026-10-09T01:32:59.1798023Z test the_report_can_be_written_to_a_file ... ok
2026-10-09T01:32:59.1822124Z test the_report_is_a_graph_the_binary_can_query ... ok
2026-10-09T01:32:59.1833523Z test the_turtle_and_non_turtle_shapes_routes_resolve_a_relative_iri_identically ... ok
2026-10-09T01:32:59.1865831Z test the_w3c_validator_001_vectors_validate_with_no_import ... ok
2026-10-09T01:32:59.1866263Z test two_stdin_documents_are_refused_by_name ... ok
2026-10-09T01:32:59.1878129Z test unresolved_import_is_refused ... ok
2026-10-09T01:32:59.1957248Z test the_w3c_prefix_idiom_needs_no_import_flag_and_a_header_import_is_refused ... ok
2026-10-09T01:32:59.1970937Z test valid_shapes_graphs_are_not_refused_by_the_import_machinery ... ok
2026-10-09T01:32:59.1971223Z 
2026-10-09T01:32:59.1971512Z test result: ok. 62 passed; 0 failed; 0 ignored; 0 measured; 0 filtered out; finished in 0.14s
2026-10-09T01:32:59.1971707Z 
2026-10-09T01:32:59.1974597Z [1m[92m     Running[0m tests/w3c_node_expr_cli.rs (target/debug/build/purrdf-cli/e579eebfa799bb98/out/w3c_node_expr_cli-e579eebfa799bb98)
2026-10-09T01:32:59.1982489Z 
2026-10-09T01:32:59.1982569Z running 2 tests
2026-10-09T01:32:59.2631601Z test an_entry_walk_that_reaches_nothing_is_refused ... ok
2026-10-09T01:32:59.5738654Z test every_w3c_node_expression_runs_through_the_cli ... ok
2026-10-09T01:32:59.5741876Z 
2026-10-09T01:32:59.5742281Z test result: ok. 2 passed; 0 failed; 0 ignored; 0 measured; 0 filtered out; finished in 0.38s
2026-10-09T01:32:59.5755840Z 
2026-10-09T01:32:59.5756630Z [1m[92m     Running[0m tests/w3c_srl_check_cli.rs (target/debug/build/purrdf-cli/30aae2276923a433/out/w3c_srl_check_cli-30aae2276923a433)
2026-10-09T01:32:59.5758368Z 
2026-10-09T01:32:59.5758618Z running 1 test
2026-10-09T01:33:00.1101053Z test every_w3c_srl_entry_is_graded_through_rules_check ... ok
2026-10-09T01:33:00.1101334Z 
2026-10-09T01:33:00.1101657Z test result: ok. 1 passed; 0 failed; 0 ignored; 0 measured; 0 filtered out; finished in 0.53s
2026-10-09T01:33:00.1101890Z 
2026-10-09T01:33:00.1104178Z [1m[92m     Running[0m tests/xpath_regex_cli.rs (target/debug/build/purrdf-cli/99d709647c334ade/out/xpath_regex_cli-99d709647c334ade)
2026-10-09T01:33:00.1113001Z 
2026-10-09T01:33:00.1113110Z running 22 tests
2026-10-09T01:33:00.1254858Z test every_covered_subcommand_documents_the_flag_and_its_names ... ok
2026-10-09T01:33:00.1376865Z test node_expr_runs_under_the_selected_law ... ok
2026-10-09T01:33:00.1625405Z test node_expr_native_resource_refusal_writes_no_output ... ok
2026-10-09T01:33:00.2217319Z test an_unknown_law_name_is_a_usage_error_and_the_exact_names_are_accepted ... ok
2026-10-09T01:33:00.2746129Z test query_native_resource_refusal_fails_the_query ... ok
2026-10-09T01:33:00.2936787Z test query_regex_runs_under_the_selected_law ... ok
2026-10-09T01:33:00.2984133Z test query_replace_runs_under_the_selected_law ... ok
2026-10-09T01:33:00.3055433Z test rules_check_refuses_a_law_it_would_not_apply ... ok
2026-10-09T01:33:00.4916259Z test rules_native_resource_refusal_writes_no_graph ... ok
2026-10-09T01:33:00.5365914Z test rules_run_under_the_selected_law ... ok
2026-10-09T01:33:00.5546055Z test shex_native_resource_refusal_writes_no_shape_map ... ok
2026-10-09T01:33:00.5605732Z test shex_numeric_bounds_stay_exact_under_the_selected_law ... ok
2026-10-09T01:33:00.5732912Z test shex_pattern_runs_under_the_selected_law ... ok
2026-10-09T01:33:00.5785422Z test update_native_resource_refusal_applies_nothing ... ok
2026-10-09T01:33:00.5915385Z test update_where_runs_under_the_selected_law ... ok
2026-10-09T01:33:00.6205269Z test validate_applies_the_law_on_every_route ... ok
2026-10-09T01:33:00.6435380Z test validate_native_resource_refusal_writes_no_report ... ok
2026-10-09T01:33:00.6615326Z test validate_sh_pattern_runs_under_the_selected_law ... ok
2026-10-09T01:33:00.6697821Z test validate_sparql_regex_runs_under_the_selected_law ... ok
2026-10-09T01:33:02.4105897Z test query_answers_the_adversary_shapes_at_the_production_defaults_like_the_compatibility_engine ... ok
2026-10-09T01:33:02.5215875Z test query_answers_the_counted_repetition_shapes_at_the_production_defaults_like_the_compatibility_engine ... ok
2026-10-09T01:33:07.8143154Z test query_backreference_blowup_fails_the_query_and_the_neighbour_answers ... ok
2026-10-09T01:33:07.8143398Z 
2026-10-09T01:33:07.8143604Z test result: ok. 22 passed; 0 failed; 0 ignored; 0 measured; 0 filtered out; finished in 7.70s
2026-10-09T01:33:07.8143791Z 
2026-10-09T01:33:07.8148357Z [1m[92m     Running[0m tests/segmented.rs (target/debug/build/purrdf-core/5e7159e4de0bd47a/out/segmented-5e7159e4de0bd47a)
2026-10-09T01:33:07.8156214Z 
2026-10-09T01:33:07.8156336Z running 12 tests
2026-10-09T01:33:07.8176227Z test exact_evidence_and_workspace_refuse_before_unbounded_growth ... ok
2026-10-09T01:33:07.8176692Z test live_pins_are_charged_and_cannot_be_evicted ... ok
2026-10-09T01:33:07.8177145Z test corruption_cannot_turn_an_omitted_fact_into_success ... ok
2026-10-09T01:33:07.8177640Z test persisted_certification_reopens_only_with_retained_authority ... ok
2026-10-09T01:33:07.8178478Z test snapshot_qualified_handles_do_not_reinterpret_reused_compact_ids ... ok
2026-10-09T01:33:07.8179040Z test cancellation_retains_the_exact_failed_request_and_refuses_partial_drains ... ok
2026-10-09T01:33:07.8179550Z test rdf12_references_empty_graphs_and_streamed_lines_survive ... ok
2026-10-09T01:33:07.8180015Z test pin_refusal_precedes_io_and_owned_pin_survives_session_drop ... ok
2026-10-09T01:33:07.8180400Z test retained_v1_pack_reader_migrates_into_the_versioned_representation ... ok
2026-10-09T01:33:07.8180740Z test composite_lexical_blank_references_keep_their_scoped_dictionary_closure ... ok
2026-10-09T01:33:07.8181220Z test indexed_reopen_preserves_high_ids_and_bidirectional_batches ... ok
2026-10-09T01:33:07.8181548Z test charged_read_peak_covers_measured_allocations_including_streamed_output ... ok
2026-10-09T01:33:07.8181729Z 
2026-10-09T01:33:07.8181923Z test result: ok. 12 passed; 0 failed; 0 ignored; 0 measured; 0 filtered out; finished in 0.00s
2026-10-09T01:33:07.8182119Z 
2026-10-09T01:33:07.8182712Z [1m[92m     Running[0m tests/semver_additive.rs (target/debug/build/purrdf-core/cb1c7244c971ddb8/out/semver_additive-cb1c7244c971ddb8)
2026-10-09T01:33:07.8187802Z 
2026-10-09T01:33:07.8187897Z running 6 tests
2026-10-09T01:33:07.8190829Z test pageddataset_key_signatures_are_pinned ... ok
2026-10-09T01:33:07.8191255Z test pagedfreezeerror_variant_shapes_are_pinned ... ok
2026-10-09T01:33:07.8191635Z test pagedqueryerror_variant_shapes_are_pinned ... ok
2026-10-09T01:33:07.8193223Z test pagedqueryevidence_field_shape_is_pinned ... ok
2026-10-09T01:33:07.8193596Z test pagedquerylimits_field_shape_is_pinned ... ok
2026-10-09T01:33:07.8193936Z test pagepart_field_shape_is_pinned ... ok
2026-10-09T01:33:07.8194117Z 
2026-10-09T01:33:07.8194424Z test result: ok. 6 passed; 0 failed; 0 ignored; 0 measured; 0 filtered out; finished in 0.00s
2026-10-09T01:33:07.8194614Z 
2026-10-09T01:33:07.8195189Z [1m[92m     Running[0m tests/shared_views.rs (target/debug/build/purrdf-core/a6abd6b357c507a0/out/shared_views-a6abd6b357c507a0)
2026-10-09T01:33:07.8201872Z 
2026-10-09T01:33:07.8201957Z running 59 tests
2026-10-09T01:33:07.8206877Z test a_carrier_and_a_separate_composite_share_one_retention_and_keep_their_own_work ... ok
2026-10-09T01:33:07.8212133Z test a_declared_graph_that_owns_rows_is_charged_once ... ok
2026-10-09T01:33:07.8212677Z test a_clone_taken_before_accumulate_reads_its_own_content_on_both_carriers ... ok
2026-10-09T01:33:07.8213241Z test a_carrier_and_a_separate_reader_release_one_base_under_either_drop_order ... ok
2026-10-09T01:33:07.8213791Z test a_contribution_reaching_outside_its_graph_is_refused_by_both_carriers ... ok
2026-10-09T01:33:07.8214290Z test a_delta_rides_the_view_carrier_without_compaction ... ok
2026-10-09T01:33:07.8218768Z test a_frozen_owner_shares_one_graph_digest_analysis_between_its_readers ... ok
2026-10-09T01:33:07.8220241Z test a_graph_selection_filters_every_layer_and_keeps_the_names_it_chose ... ok
2026-10-09T01:33:07.8220760Z test a_removed_rows_terms_are_not_charged_to_the_snapshot ... ok
2026-10-09T01:33:07.8221514Z test a_selection_backed_carrier_keeps_its_owners_resident_in_the_ledger ... ok
2026-10-09T01:33:07.8222006Z test a_selection_places_binds_and_retains_like_any_other_source ... ok
2026-10-09T01:33:07.8222593Z test a_shared_ledger_does_not_move_per_view_admission ... ok
2026-10-09T01:33:07.8223080Z test accumulate_on_the_view_carrier_recomputes_only_the_graph_it_touched ... ok
2026-10-09T01:33:07.8225251Z test a_refused_accumulation_leaves_both_carriers_exactly_as_it_found_them ... ok
2026-10-09T01:33:07.8225869Z test accumulating_blank_bearing_graphs_leaves_every_pin_verified_on_both_carriers ... ok
2026-10-09T01:33:07.8231307Z test adding_reifier_classifies_only_rows_in_the_same_graph ... ok
2026-10-09T01:33:07.8236366Z test an_oversized_delta_is_refused_before_the_freeze_and_counts_no_work ... ok
2026-10-09T01:33:07.8239460Z test admission_limits_cover_sources_payload_rows_terms_and_derived_graph_text ... ok
2026-10-09T01:33:07.8240288Z test an_undersized_budget_refuses_the_view_carrier_and_admits_its_adequate_twin ... ok
2026-10-09T01:33:07.8240903Z test appending_a_co_referent_source_over_a_standardized_scope_still_matches_from_scratch ... ok
2026-10-09T01:33:07.8241495Z test a_delta_co_refers_with_its_base_while_a_third_source_stays_standardized_apart ... ok
2026-10-09T01:33:07.8242035Z test blanks_referenced_only_inside_composite_literals_stay_independent ... ok
2026-10-09T01:33:07.8242524Z test composite_literals_are_charged_with_the_blanks_they_embed ... ok
2026-10-09T01:33:07.8243008Z test appending_named_sources_accumulates_every_freeze_and_copied_term ... ok
2026-10-09T01:33:07.8243533Z test canonical_identity_is_byte_equal_over_flat_composite_and_delta_views ... ok
2026-10-09T01:33:07.8245922Z test composite_literals_rebind_external_nested_and_triple_term_references ... ok
2026-10-09T01:33:07.8246515Z test content_equal_views_with_different_fingerprints_publish_equal_identities ... ok
2026-10-09T01:33:07.8250313Z test converting_between_carriers_carries_every_sidecar_handle_and_identity ... ok
2026-10-09T01:33:07.8256358Z test cross_type_isomorphism_compares_a_composite_against_a_flat_dataset ... ok
2026-10-09T01:33:07.8260670Z test cumulative_admission_refuses_an_oversized_append_and_admits_its_twin ... ok
2026-10-09T01:33:07.8261417Z test declaration_only_projection_and_named_blank_scope_do_not_collide ... ok
2026-10-09T01:33:07.8262177Z test deleting_one_declaration_keeps_unrelated_annotation_only_records_in_their_table ... ok
2026-10-09T01:33:07.8263192Z test declaration_only_graphs_are_charged_before_the_snapshot_freezes_them ... ok
2026-10-09T01:33:07.8280736Z test composite_probes_yield_each_source_in_order_once ... ok
2026-10-09T01:33:07.8285828Z test appending_sources_one_at_a_time_composes_what_the_whole_list_composes ... ok
2026-10-09T01:33:07.8301276Z test delta_sources_compose_without_materialization_and_keep_all_declarations ... ok
2026-10-09T01:33:07.8306696Z test every_term_shape_is_charged_as_the_freeze_interns_it ... ok
2026-10-09T01:33:07.8307176Z test flat_and_view_carriers_agree_on_every_identity_they_publish ... ok
2026-10-09T01:33:07.8307647Z test graph_projection_deduplicates_within_and_between_sources ... ok
2026-10-09T01:33:07.8308118Z test flat_canon_agrees_across_every_fallible_dataset_view_wrapper ... ok
2026-10-09T01:33:07.8308660Z test independent_occurrences_and_shared_contributions_have_explicit_blank_identity ... ok
2026-10-09T01:33:07.8309189Z test language_tags_are_charged_folded_as_the_freeze_interns_them ... ok
2026-10-09T01:33:07.8309656Z test infallible_views_certify_ready_before_and_after_a_full_read ... ok
2026-10-09T01:33:07.8310106Z test one_base_shared_by_two_carriers_is_retained_exactly_once ... ok
2026-10-09T01:33:07.8310550Z test materialized_bytes_ignore_operational_counter_changes ... ok
2026-10-09T01:33:07.8311056Z test per_graph_canonicalization_over_a_view_matches_the_flat_graph_projection ... ok
2026-10-09T01:33:07.8311588Z test retention_is_released_by_the_last_reader_under_either_drop_order ... ok
2026-10-09T01:33:07.8312112Z test reusing_source_owners_does_not_carry_a_previous_views_literal_rebinding ... ok
2026-10-09T01:33:07.8312741Z test selecting_a_graph_the_composite_does_not_hold_is_refused_and_its_neighbour_is_not ... ok
2026-10-09T01:33:07.8313116Z test shared_ownership_drops_explicitly_and_clones_do_not_copy_dictionaries_or_maps ... ok
2026-10-09T01:33:07.8313439Z test source_local_integer_collision_does_not_alias_typed_values ... ok
2026-10-09T01:33:07.8313871Z test statement_rows_remove_and_reinsert_without_resurrection_or_duplicates ... ok
2026-10-09T01:33:07.8314238Z test suppression_counts_every_native_table_occurrence_and_reclassification_deduplicates ... ok
2026-10-09T01:33:07.8314604Z test repeated_snapshots_release_their_deltas_and_keep_nested_payloads_borrowed ... ok
2026-10-09T01:33:07.8314911Z test delta_composite_and_selection_probe_order_is_frozen ... ok
2026-10-09T01:33:07.8315778Z test the_pipeline_root_moves_with_one_leaf_and_stands_still_otherwise ... ok
2026-10-09T01:33:07.8316411Z test two_distinct_bases_each_report_their_own_retention ... ok
2026-10-09T01:33:07.8324345Z test the_modal_constructors_are_the_endpoints_of_the_per_source_binding ... ok
2026-10-09T01:33:07.8325428Z test prepared_composite_probes_reuse_plans_across_rows_and_graph_placements ... ok
2026-10-09T01:33:07.8325640Z 
2026-10-09T01:33:07.8325842Z test result: ok. 59 passed; 0 failed; 0 ignored; 0 measured; 0 filtered out; finished in 0.01s
2026-10-09T01:33:07.8326037Z 
2026-10-09T01:33:07.8329069Z [1m[92m     Running[0m tests/validated_append.rs (target/debug/build/purrdf-core/0b24f93677c52fc8/out/validated_append-0b24f93677c52fc8)
2026-10-09T01:33:07.8336406Z 
2026-10-09T01:33:07.8336498Z running 6 tests
2026-10-09T01:33:07.8338995Z test append_validated_preserves_scopes_and_both_graph_qualified_layers ... ok
2026-10-09T01:33:07.8339549Z test embedded_only_composite_blank_scope_is_reserved_before_independent_merge ... ok
2026-10-09T01:33:07.8340043Z test independent_merge_avoids_manually_interned_scopes ... ok
2026-10-09T01:33:07.8340534Z test validated_append_drops_unrealized_handles_and_preserves_real_locations ... ok
2026-10-09T01:33:07.8340924Z test independent_merge_avoids_validated_append_scopes ... ok
2026-10-09T01:33:07.8341223Z test validated_append_rebinds_locations_after_deduplication_and_sorting ... ok
2026-10-09T01:33:07.8341397Z 
2026-10-09T01:33:07.8341584Z test result: ok. 6 passed; 0 failed; 0 ignored; 0 measured; 0 filtered out; finished in 0.00s
2026-10-09T01:33:07.8341865Z 
2026-10-09T01:33:07.8342327Z [1m[92m     Running[0m tests/wrapper_graph_narrowing.rs (target/debug/build/purrdf-core/58674a599b38ece4/out/wrapper_graph_narrowing-58674a599b38ece4)
2026-10-09T01:33:07.8349778Z 
2026-10-09T01:33:07.8349861Z running 6 tests
2026-10-09T01:33:07.8353032Z test a_respelled_term_resolves_onto_the_base_row_and_never_duplicates_it ... ok
2026-10-09T01:33:07.8353503Z test composite_graph_seam_matches_the_filtered_stream ... ok
2026-10-09T01:33:07.8353990Z test composite_graph_seam_matches_the_filtered_stream_over_a_selection ... ok
2026-10-09T01:33:07.8354476Z test composite_graph_seam_matches_the_filtered_stream_under_graph_placement ... ok
2026-10-09T01:33:07.8355147Z test delta_graph_seam_matches_the_filtered_stream_for_a_blank_graph_name ... ok
2026-10-09T01:33:07.8355584Z test delta_graph_seam_matches_the_filtered_stream ... ok
2026-10-09T01:33:07.8355783Z 
2026-10-09T01:33:07.8356081Z test result: ok. 6 passed; 0 failed; 0 ignored; 0 measured; 0 filtered out; finished in 0.00s
2026-10-09T01:33:07.8356367Z 
2026-10-09T01:33:07.8357019Z [1m[92m     Running[0m tests/xsd_regex_conformance.rs (target/debug/build/purrdf-core/6c8a4971005360be/out/xsd_regex_conformance-6c8a4971005360be)
2026-10-09T01:33:07.8364782Z 
2026-10-09T01:33:07.8365180Z running 5 tests
2026-10-09T01:33:07.8370865Z test decoder_self_test ... ok
2026-10-09T01:33:07.8375713Z test harness_detects_a_wrong_expectation ... ok
2026-10-09T01:33:07.8376054Z test xsd_regex_corpus_case_count_is_exact ... ok
2026-10-09T01:33:07.8376362Z test parser_rejects_a_malformed_line ... ok
2026-10-09T01:33:07.8495918Z test xsd_regex_corpus_is_green ... ok
2026-10-09T01:33:07.8496091Z 
2026-10-09T01:33:07.8496397Z test result: ok. 5 passed; 0 failed; 0 ignored; 0 measured; 0 filtered out; finished in 0.01s
2026-10-09T01:33:07.8496873Z 
2026-10-09T01:33:07.8499186Z [1m[92m     Running[0m tests/wycheproof.rs (target/debug/build/purrdf-ed25519/b3c5096621c67fb1/out/wycheproof-b3c5096621c67fb1)
2026-10-09T01:33:07.8506212Z 
2026-10-09T01:33:07.8506295Z running 1 test
2026-10-09T01:33:07.8594232Z test every_wycheproof_ed25519_case ... ok
2026-10-09T01:33:07.8594439Z 
2026-10-09T01:33:07.8594767Z test result: ok. 1 passed; 0 failed; 0 ignored; 0 measured; 0 filtered out; finished in 0.01s
2026-10-09T01:33:07.8595219Z 
2026-10-09T01:33:07.8596638Z [1m[92m     Running[0m tests/scalar_functions_e2e.rs (target/debug/build/purrdf-geo/fd5a8c2be49351c9/out/scalar_functions_e2e-fd5a8c2be49351c9)
2026-10-09T01:33:07.8606492Z 
2026-10-09T01:33:07.8606829Z running 9 tests
2026-10-09T01:33:07.8615778Z test a_malformed_geometry_in_a_bind_leaves_the_variable_unbound_and_keeps_the_row ... ok
2026-10-09T01:33:07.8616473Z test a_bind_of_geof_distance_produces_the_exact_xsd_double_lexical_form ... ok
2026-10-09T01:33:07.8619507Z test a_filter_over_a_geof_relation_keeps_exactly_the_rows_the_relation_holds_for ... ok
2026-10-09T01:33:07.8620075Z test a_malformed_geometry_in_a_filter_drops_only_that_solution ... ok
2026-10-09T01:33:07.8620617Z test a_geojson_literal_and_a_wkt_literal_of_one_geometry_answer_identically ... ok
2026-10-09T01:33:07.8621332Z test a_malformed_geometry_in_a_top_level_select_expression_answers_one_unbound_row ... ok
2026-10-09T01:33:07.8622673Z test the_query_fatal_conditions_still_abort_and_their_valid_neighbours_still_answer ... ok
2026-10-09T01:33:07.8624805Z test the_unimplemented_geof_functions_abort_the_query_by_name_and_the_implemented_one_does_not ... ok
2026-10-09T01:33:07.8629883Z test the_geof_accessors_measures_and_constructors_answer_exactly_through_query_text ... ok
2026-10-09T01:33:07.8630384Z 
2026-10-09T01:33:07.8630609Z test result: ok. 9 passed; 0 failed; 0 ignored; 0 measured; 0 filtered out; finished in 0.00s
2026-10-09T01:33:07.8630800Z 
2026-10-09T01:33:07.8633027Z [1m[92m     Running[0m tests/shacl_shapes.rs (target/debug/build/purrdf-geo/c58e58f937010dab/out/shacl_shapes-c58e58f937010dab)
2026-10-09T01:33:07.8642796Z 
2026-10-09T01:33:07.8642871Z running 12 tests
2026-10-09T01:33:07.8658106Z test s1_a_geometry_with_no_serialization_is_refused_at_the_geometry ... ok
2026-10-09T01:33:07.8677029Z test s09_to_s15_a_geometry_with_two_dimensions_is_refused_on_the_dimension_path ... ok
2026-10-09T01:33:07.8679795Z test a_conforming_geo_dataset_validates_clean_through_purrdf_shapes ... ok
2026-10-09T01:33:07.8680408Z test s1_a_geometry_with_two_wkt_serializations_is_refused_on_the_as_wkt_path ... ok
2026-10-09T01:33:07.8680973Z test s3_a_non_literal_serialization_is_refused_at_the_offending_object ... ok
2026-10-09T01:33:07.8681513Z test s2_a_geometry_that_is_also_a_feature_is_refused_at_that_node ... ok
2026-10-09T01:33:07.8682078Z test s16_a_wkt_literal_with_a_malformed_lexical_form_is_refused_at_the_literal ... ok
2026-10-09T01:33:07.8682703Z test the_conforming_fixtures_geometry_literals_are_ones_purrdf_geo_actually_parses ... ok
2026-10-09T01:33:07.8683282Z test s21_a_dimension_greater_than_the_coordinate_dimension_is_refused ... ok
2026-10-09T01:33:07.8683855Z test s4_a_wkt_serialization_with_the_wrong_datatype_is_refused_at_the_literal ... ok
2026-10-09T01:33:07.8687109Z test the_integration_needs_only_parse_shapes_and_validate_dataset_with_shapes_graph ... ok
2026-10-09T01:33:07.8690312Z test the_conforming_fixture_is_not_vacuous_because_perturbing_it_makes_it_fail ... ok
2026-10-09T01:33:07.8690619Z 
2026-10-09T01:33:07.8690930Z test result: ok. 12 passed; 0 failed; 0 ignored; 0 measured; 0 filtered out; finished in 0.00s
2026-10-09T01:33:07.8691218Z 
2026-10-09T01:33:07.8694764Z [1m[92m     Running[0m tests/self_reaching_triple_terms.rs (target/debug/build/purrdf-gts/3f6e7306d8b9cddd/out/self_reaching_triple_terms-3f6e7306d8b9cddd)
2026-10-09T01:33:07.8702487Z 
2026-10-09T01:33:07.8702648Z running 12 tests
2026-10-09T01:33:07.8709391Z test a_binding_loop_inside_a_snapshot_is_refused ... ok
2026-10-09T01:33:07.8710065Z test a_binding_loop_is_refused_across_frame_boundaries ... ok
2026-10-09T01:33:07.8710623Z test a_loop_routed_through_an_implicit_self_bound_term_is_refused ... ok
2026-10-09T01:33:07.8711193Z test a_binding_that_makes_an_rf_triple_term_contain_itself_is_refused ... ok
2026-10-09T01:33:07.8711987Z test a_tt_naming_its_own_term_is_dropped_as_a_forward_reference ... ok
2026-10-09T01:33:07.8712429Z test a_two_hop_binding_loop_is_refused ... ok
2026-10-09T01:33:07.8712855Z test a_row_keyed_by_an_implicit_self_bound_terms_own_id_is_refused ... ok
2026-10-09T01:33:07.8713314Z test an_explicitly_self_bound_term_naming_itself_is_refused ... ok
2026-10-09T01:33:07.8713973Z test a_refused_loop_does_not_come_back_through_a_round_trip ... ok
2026-10-09T01:33:07.8714431Z test an_implicit_self_bound_term_binding_other_terms_still_folds ... ok
2026-10-09T01:33:07.8714769Z test the_multi_segment_fold_of_an_attempted_loop_terminates ... ok
2026-10-09T01:33:07.8715417Z test an_rf_naming_a_later_term_is_dropped_as_a_forward_reference ... ok
2026-10-09T01:33:07.8715662Z 
2026-10-09T01:33:07.8715972Z test result: ok. 12 passed; 0 failed; 0 ignored; 0 measured; 0 filtered out; finished in 0.00s
2026-10-09T01:33:07.8716270Z 
2026-10-09T01:33:07.8718812Z [1m[92m     Running[0m tests/streaming_provenance.rs (target/debug/build/purrdf-gts/1a2b92cf1b6566ed/out/streaming_provenance-1a2b92cf1b6566ed)
2026-10-09T01:33:07.8725689Z 
2026-10-09T01:33:07.8725827Z running 2 tests
2026-10-09T01:33:07.8730213Z test frame_event_precedes_its_own_row_events_for_every_frame ... ok
2026-10-09T01:33:07.8731810Z test streaming_frame_provenance_matches_offline_inventory ... ok
2026-10-09T01:33:07.8732026Z 
2026-10-09T01:33:07.8732290Z test result: ok. 2 passed; 0 failed; 0 ignored; 0 measured; 0 filtered out; finished in 0.00s
2026-10-09T01:33:07.8732519Z 
2026-10-09T01:33:07.8734120Z [1m[92m     Running[0m tests/transport.rs (target/debug/build/purrdf-gts/444d51ae58b98a02/out/transport-444d51ae58b98a02)
2026-10-09T01:33:07.8741345Z 
2026-10-09T01:33:07.8741486Z running 1 test
2026-10-09T01:33:07.8746368Z test writer_reader_round_trips_terms_and_quads ... ok
2026-10-09T01:33:07.8746583Z 
2026-10-09T01:33:07.8746872Z test result: ok. 1 passed; 0 failed; 0 ignored; 0 measured; 0 filtered out; finished in 0.00s
2026-10-09T01:33:07.8747151Z 
2026-10-09T01:33:07.8749614Z [1m[92m     Running[0m tests/unpack_mtime.rs (target/debug/build/purrdf-gts/bc4d9aed39abb08a/out/unpack_mtime-bc4d9aed39abb08a)
2026-10-09T01:33:07.8756987Z 
2026-10-09T01:33:07.8757072Z running 3 tests
2026-10-09T01:33:07.8767351Z test a_read_only_file_reached_through_a_hardlink_entry_takes_the_recorded_instant ... ok
2026-10-09T01:33:07.8767831Z test a_read_only_directory_takes_the_recorded_instant ... ok
2026-10-09T01:33:07.8769279Z test directory_and_files_inside_it_keep_their_own_recorded_instants ... ok
2026-10-09T01:33:07.8770475Z 
2026-10-09T01:33:07.8770781Z test result: ok. 3 passed; 0 failed; 0 ignored; 0 measured; 0 filtered out; finished in 0.00s
2026-10-09T01:33:07.8771063Z 
2026-10-09T01:33:07.8771929Z [1m[92m     Running[0m tests/shake.rs (target/debug/build/purrdf-hash-conformance/704773e9634d54e3/out/shake-704773e9634d54e3)
2026-10-09T01:33:07.8777876Z 
2026-10-09T01:33:07.8777961Z running 2 tests
2026-10-09T01:33:07.8793288Z test complete_nist_512_byte_answers ... ok
2026-10-09T01:33:07.8921639Z test independent_absorption_boundaries_and_long_output ... ok
2026-10-09T01:33:07.8921888Z 
2026-10-09T01:33:07.8922203Z test result: ok. 2 passed; 0 failed; 0 ignored; 0 measured; 0 filtered out; finished in 0.01s
2026-10-09T01:33:07.8922521Z 
2026-10-09T01:33:07.8923552Z [1m[92m     Running[0m tests/splitmix_fnv.rs (target/debug/build/purrdf-hash-conformance/ca4b0e6b759e11de/out/splitmix_fnv-ca4b0e6b759e11de)
2026-10-09T01:33:07.8930107Z 
2026-10-09T01:33:07.8930201Z running 4 tests
2026-10-09T01:33:07.8950870Z test record_vectors_when_asked ... ok
2026-10-09T01:33:07.9140660Z test fnv_fold_composes_over_every_split ... ok
2026-10-09T01:33:07.9204131Z test fnv1a64_vectors_are_reproduced ... ok
2026-10-09T01:33:07.9636254Z test splitmix64_vectors_are_reproduced ... ok
2026-10-09T01:33:07.9636458Z 
2026-10-09T01:33:07.9636776Z test result: ok. 4 passed; 0 failed; 0 ignored; 0 measured; 0 filtered out; finished in 0.07s
2026-10-09T01:33:07.9636966Z 
2026-10-09T01:33:07.9646665Z [1m[92m     Running[0m tests/sparql_e2e.rs (target/debug/build/purrdf-hnsw/7acd2cfef4be5c3e/out/sparql_e2e-7acd2cfef4be5c3e)
2026-10-09T01:33:07.9659786Z 
2026-10-09T01:33:07.9659891Z running 4 tests
2026-10-09T01:33:07.9685739Z test a_sparql_query_retrieves_neighbours_through_the_registered_predicate ... ok
2026-10-09T01:33:07.9686664Z test the_rows_come_from_the_registration_and_from_nothing_else ... ok
2026-10-09T01:33:07.9687133Z test a_limit_takes_a_prefix_of_the_same_offer ... ok
2026-10-09T01:33:07.9687486Z test the_offer_is_ordered_nearest_first ... ok
2026-10-09T01:33:07.9687667Z 
2026-10-09T01:33:07.9687964Z test result: ok. 4 passed; 0 failed; 0 ignored; 0 measured; 0 filtered out; finished in 0.00s
2026-10-09T01:33:07.9688246Z 
2026-10-09T01:33:07.9692711Z [1m[92m     Running[0m tests/vector_query.rs (target/debug/build/purrdf-hnsw/3f97204324534bb6/out/vector_query-3f97204324534bb6)
2026-10-09T01:33:07.9701341Z 
2026-10-09T01:33:07.9701441Z running 6 tests
2026-10-09T01:33:07.9716360Z test a_query_of_the_wrong_width_is_refused_and_the_right_width_is_not ... ok
2026-10-09T01:33:07.9785746Z test a_query_the_index_does_not_hold_is_answered ... ok
2026-10-09T01:33:07.9805982Z test a_stored_row_searched_as_a_vector_gives_the_same_answer_as_searching_by_row ... ok
2026-10-09T01:33:07.9879862Z test the_work_reported_is_the_candidates_examined ... ok
2026-10-09T01:33:07.9907250Z test a_smaller_k_is_a_prefix_of_a_larger_one_out_of_the_same_beam ... ok
2026-10-09T01:33:08.1393746Z test held_out_recall_is_measured_rather_than_assumed ... ok
2026-10-09T01:33:08.1395278Z 
2026-10-09T01:33:08.1395584Z test result: ok. 6 passed; 0 failed; 0 ignored; 0 measured; 0 filtered out; finished in 0.17s
2026-10-09T01:33:08.1395876Z 
2026-10-09T01:33:08.1407348Z [1m[92m     Running[0m tests/wasm_reassociated.rs (target/debug/build/purrdf-hnsw/5acdc3368ab72a2e/out/wasm_reassociated-5acdc3368ab72a2e)
2026-10-09T01:33:08.1416531Z 
2026-10-09T01:33:08.1416680Z running 4 tests
2026-10-09T01:33:08.1433590Z test an_image_recorded_on_another_wasm_path_is_refused_by_name ... ok
2026-10-09T01:33:08.1438977Z test the_image_records_the_path_and_shape_this_build_was_made_for ... ok
2026-10-09T01:33:08.1446774Z test a_payload_one_distance_bit_away_does_not_verify ... ok
2026-10-09T01:33:08.1475639Z test the_image_decodes_verifies_and_searches_as_the_kernel_ranks ... ok
2026-10-09T01:33:08.1475863Z 
2026-10-09T01:33:08.1476311Z test result: ok. 4 passed; 0 failed; 0 ignored; 0 measured; 0 filtered out; finished in 0.01s
2026-10-09T01:33:08.1476608Z 
2026-10-09T01:33:08.1478699Z [1m[92m     Running[0m tests/w3c_iri.rs (target/debug/build/purrdf-iri/19acb262101cf1f8/out/w3c_iri-19acb262101cf1f8)
2026-10-09T01:33:08.1487025Z 
2026-10-09T01:33:08.1487110Z running 3 tests
2026-10-09T01:33:08.1489527Z test invalid_iris_are_rejected ... ok
2026-10-09T01:33:08.1489825Z test valid_iri_only ... ok
2026-10-09T01:33:08.1490073Z test valid_uris_and_iris ... ok
2026-10-09T01:33:08.1490217Z 
2026-10-09T01:33:08.1490545Z test result: ok. 3 passed; 0 failed; 0 ignored; 0 measured; 0 filtered out; finished in 0.00s
2026-10-09T01:33:08.1490838Z 
2026-10-09T01:33:08.1491661Z [1m[92m     Running[0m tests/suite.rs (target/debug/build/purrdf-jsonschema/803d7eb66bb4f753/out/suite-803d7eb66bb4f753)
2026-10-09T01:33:08.1818019Z 
2026-10-09T01:33:08.1818239Z running 2342 tests
2026-10-09T01:33:08.1823373Z test draft2020-12/additionalProperties.json/0/0 ... ok
2026-10-09T01:33:08.1824089Z test draft2020-12/additionalProperties.json/0/1 ... ok
2026-10-09T01:33:08.1824897Z test draft2020-12/additionalProperties.json/0/2 ... ok
2026-10-09T01:33:08.1825533Z test draft2020-12/additionalProperties.json/0/3 ... ok
2026-10-09T01:33:08.1825990Z test draft2020-12/additionalProperties.json/0/4 ... ok
2026-10-09T01:33:08.1826465Z test draft2020-12/additionalProperties.json/0/5 ... ok
2026-10-09T01:33:08.1826917Z test draft2020-12/additionalProperties.json/1/0 ... ok
2026-10-09T01:33:08.1827398Z test draft2020-12/additionalProperties.json/2/0 ... ok
2026-10-09T01:33:08.1827846Z test draft2020-12/additionalProperties.json/2/1 ... ok
2026-10-09T01:33:08.1828323Z test draft2020-12/additionalProperties.json/3/0 ... ok
2026-10-09T01:33:08.1828770Z test draft2020-12/additionalProperties.json/2/2 ... ok
2026-10-09T01:33:08.1829254Z test draft2020-12/additionalProperties.json/1/1 ... ok
2026-10-09T01:33:08.1829697Z test draft2020-12/additionalProperties.json/3/1 ... ok
2026-10-09T01:33:08.1830289Z test draft2020-12/additionalProperties.json/6/0 ... ok
2026-10-09T01:33:08.1830675Z test draft2020-12/additionalProperties.json/4/0 ... ok
2026-10-09T01:33:08.1831051Z test draft2020-12/additionalProperties.json/7/0 ... ok
2026-10-09T01:33:08.1831428Z test draft2020-12/additionalProperties.json/7/1 ... ok
2026-10-09T01:33:08.1831804Z test draft2020-12/additionalProperties.json/8/0 ... ok
2026-10-09T01:33:08.1832185Z test draft2020-12/additionalProperties.json/5/0 ... ok
2026-10-09T01:33:08.1832560Z test draft2020-12/additionalProperties.json/8/1 ... ok
2026-10-09T01:33:08.1832936Z test draft2020-12/additionalProperties.json/8/2 ... ok
2026-10-09T01:33:08.1833274Z test draft2020-12/allOf.json/0/1 ... ok
2026-10-09T01:33:08.1833568Z test draft2020-12/allOf.json/0/0 ... ok
2026-10-09T01:33:08.1833856Z test draft2020-12/allOf.json/0/2 ... ok
2026-10-09T01:33:08.1834146Z test draft2020-12/allOf.json/0/3 ... ok
2026-10-09T01:33:08.1834424Z test draft2020-12/allOf.json/1/1 ... ok
2026-10-09T01:33:08.1834710Z test draft2020-12/allOf.json/1/0 ... ok
2026-10-09T01:33:08.1835109Z test draft2020-12/allOf.json/1/2 ... ok
2026-10-09T01:33:08.1835389Z test draft2020-12/allOf.json/1/3 ... ok
2026-10-09T01:33:08.1835674Z test draft2020-12/allOf.json/1/4 ... ok
2026-10-09T01:33:08.1835955Z test draft2020-12/allOf.json/3/0 ... ok
2026-10-09T01:33:08.1836243Z test draft2020-12/allOf.json/2/0 ... ok
2026-10-09T01:33:08.1836514Z test draft2020-12/allOf.json/4/0 ... ok
2026-10-09T01:33:08.1836782Z test draft2020-12/allOf.json/2/1 ... ok
2026-10-09T01:33:08.1837051Z test draft2020-12/allOf.json/6/0 ... ok
2026-10-09T01:33:08.1837324Z test draft2020-12/allOf.json/7/0 ... ok
2026-10-09T01:33:08.1837607Z test draft2020-12/allOf.json/5/0 ... ok
2026-10-09T01:33:08.1837887Z test draft2020-12/allOf.json/8/0 ... ok
2026-10-09T01:33:08.1838159Z test draft2020-12/allOf.json/9/0 ... ok
2026-10-09T01:33:08.1838436Z test draft2020-12/allOf.json/8/1 ... ok
2026-10-09T01:33:08.1838714Z test draft2020-12/allOf.json/9/1 ... ok
2026-10-09T01:33:08.1839002Z test draft2020-12/allOf.json/10/0 ... ok
2026-10-09T01:33:08.1839296Z test draft2020-12/allOf.json/10/1 ... ok
2026-10-09T01:33:08.1839592Z test draft2020-12/allOf.json/11/0 ... ok
2026-10-09T01:33:08.1839883Z test draft2020-12/allOf.json/11/2 ... ok
2026-10-09T01:33:08.1840162Z test draft2020-12/allOf.json/11/1 ... ok
2026-10-09T01:33:08.1840456Z test draft2020-12/allOf.json/11/3 ... ok
2026-10-09T01:33:08.1840747Z test draft2020-12/allOf.json/11/4 ... ok
2026-10-09T01:33:08.1841038Z test draft2020-12/anchor.json/0/0 ... ok
2026-10-09T01:33:08.1841324Z test draft2020-12/allOf.json/11/7 ... ok
2026-10-09T01:33:08.1841612Z test draft2020-12/allOf.json/11/5 ... ok
2026-10-09T01:33:08.1841899Z test draft2020-12/allOf.json/11/6 ... ok
2026-10-09T01:33:08.1842181Z test draft2020-12/anchor.json/1/0 ... ok
2026-10-09T01:33:08.1842457Z test draft2020-12/anchor.json/2/0 ... ok
2026-10-09T01:33:08.1842748Z test draft2020-12/anchor.json/1/1 ... ok
2026-10-09T01:33:08.1843039Z test draft2020-12/anchor.json/3/0 ... ok
2026-10-09T01:33:08.1843580Z test draft2020-12/anchor.json/3/1 ... ok
2026-10-09T01:33:08.1843864Z test draft2020-12/anchor.json/2/1 ... ok
2026-10-09T01:33:08.1844141Z test draft2020-12/anyOf.json/0/0 ... ok
2026-10-09T01:33:08.1844414Z test draft2020-12/anyOf.json/0/1 ... ok
2026-10-09T01:33:08.1844706Z test draft2020-12/anyOf.json/0/2 ... ok
2026-10-09T01:33:08.1845106Z test draft2020-12/anyOf.json/1/1 ... ok
2026-10-09T01:33:08.1845388Z test draft2020-12/anyOf.json/1/0 ... ok
2026-10-09T01:33:08.1845673Z test draft2020-12/anyOf.json/0/3 ... ok
2026-10-09T01:33:08.1845953Z test draft2020-12/anyOf.json/2/0 ... ok
2026-10-09T01:33:08.1846324Z test draft2020-12/anyOf.json/3/0 ... ok
2026-10-09T01:33:08.1846611Z test draft2020-12/anyOf.json/1/2 ... ok
2026-10-09T01:33:08.1846889Z test draft2020-12/anyOf.json/4/0 ... ok
2026-10-09T01:33:08.1847169Z test draft2020-12/anyOf.json/5/1 ... ok
2026-10-09T01:33:08.1847442Z test draft2020-12/anyOf.json/5/0 ... ok
2026-10-09T01:33:08.1847866Z test draft2020-12/anyOf.json/6/0 ... ok
2026-10-09T01:33:08.1848149Z test draft2020-12/anyOf.json/6/1 ... ok
2026-10-09T01:33:08.1848427Z test draft2020-12/anyOf.json/5/3 ... ok
2026-10-09T01:33:08.1848708Z test draft2020-12/anyOf.json/7/0 ... ok
2026-10-09T01:33:08.1849006Z test draft2020-12/boolean_schema.json/0/0 ... ok
2026-10-09T01:33:08.1849345Z test draft2020-12/boolean_schema.json/0/1 ... ok
2026-10-09T01:33:08.1849681Z test draft2020-12/boolean_schema.json/0/2 ... ok
2026-10-09T01:33:08.1850014Z test draft2020-12/boolean_schema.json/0/3 ... ok
2026-10-09T01:33:08.1850336Z test draft2020-12/boolean_schema.json/0/4 ... ok
2026-10-09T01:33:08.1850522Z test draft2020-12/anyOf.json/7/1 ... ok
2026-10-09T01:33:08.1850774Z test draft2020-12/boolean_schema.json/0/5 ... ok
2026-10-09T01:33:08.1851103Z test draft2020-12/boolean_schema.json/0/6 ... ok
2026-10-09T01:33:08.1851445Z test draft2020-12/boolean_schema.json/0/7 ... ok
2026-10-09T01:33:08.1851784Z test draft2020-12/boolean_schema.json/0/8 ... ok
2026-10-09T01:33:08.1852121Z test draft2020-12/boolean_schema.json/1/0 ... ok
2026-10-09T01:33:08.1852452Z test draft2020-12/boolean_schema.json/1/1 ... ok
2026-10-09T01:33:08.1852781Z test draft2020-12/boolean_schema.json/1/3 ... ok
2026-10-09T01:33:08.1853106Z test draft2020-12/boolean_schema.json/1/2 ... ok
2026-10-09T01:33:08.1853409Z test draft2020-12/anyOf.json/5/2 ... ok
2026-10-09T01:33:08.1853698Z test draft2020-12/anchor.json/0/1 ... ok
2026-10-09T01:33:08.1854007Z test draft2020-12/boolean_schema.json/1/6 ... ok
2026-10-09T01:33:08.1854336Z test draft2020-12/boolean_schema.json/1/8 ... ok
2026-10-09T01:33:08.1854663Z test draft2020-12/boolean_schema.json/1/7 ... ok
2026-10-09T01:33:08.1855083Z test draft2020-12/const.json/0/0 ... ok
2026-10-09T01:33:08.1855372Z test draft2020-12/const.json/0/2 ... ok
2026-10-09T01:33:08.1855653Z test draft2020-12/const.json/0/1 ... ok
2026-10-09T01:33:08.1855940Z test draft2020-12/const.json/1/0 ... ok
2026-10-09T01:33:08.1856227Z test draft2020-12/const.json/1/1 ... ok
2026-10-09T01:33:08.1856516Z test draft2020-12/const.json/1/2 ... ok
2026-10-09T01:33:08.1856799Z test draft2020-12/const.json/1/3 ... ok
2026-10-09T01:33:08.1857070Z test draft2020-12/const.json/2/0 ... ok
2026-10-09T01:33:08.1857348Z test draft2020-12/const.json/2/1 ... ok
2026-10-09T01:33:08.1857633Z test draft2020-12/const.json/3/0 ... ok
2026-10-09T01:33:08.1857914Z test draft2020-12/const.json/2/2 ... ok
2026-10-09T01:33:08.1858192Z test draft2020-12/const.json/3/1 ... ok
2026-10-09T01:33:08.1858471Z test draft2020-12/const.json/4/0 ... ok
2026-10-09T01:33:08.1858718Z test draft2020-12/const.json/4/1 ... ok
2026-10-09T01:33:08.1858884Z test draft2020-12/const.json/5/0 ... ok
2026-10-09T01:33:08.1859052Z test draft2020-12/const.json/5/1 ... ok
2026-10-09T01:33:08.1859217Z test draft2020-12/const.json/4/2 ... ok
2026-10-09T01:33:08.1859446Z test draft2020-12/const.json/5/2 ... ok
2026-10-09T01:33:08.1859723Z test draft2020-12/const.json/6/0 ... ok
2026-10-09T01:33:08.1860006Z test draft2020-12/const.json/6/1 ... ok
2026-10-09T01:33:08.1860287Z test draft2020-12/const.json/7/0 ... ok
2026-10-09T01:33:08.1860718Z test draft2020-12/const.json/6/2 ... ok
2026-10-09T01:33:08.1860994Z test draft2020-12/const.json/7/2 ... ok
2026-10-09T01:33:08.1861274Z test draft2020-12/const.json/7/1 ... ok
2026-10-09T01:33:08.1861560Z test draft2020-12/const.json/8/0 ... ok
2026-10-09T01:33:08.1861838Z test draft2020-12/const.json/8/1 ... ok
2026-10-09T01:33:08.1862108Z test draft2020-12/const.json/9/0 ... ok
2026-10-09T01:33:08.1862382Z test draft2020-12/const.json/9/1 ... ok
2026-10-09T01:33:08.1862662Z test draft2020-12/const.json/8/2 ... ok
2026-10-09T01:33:08.1862932Z test draft2020-12/const.json/9/2 ... ok
2026-10-09T01:33:08.1863207Z test draft2020-12/const.json/10/0 ... ok
2026-10-09T01:33:08.1863485Z test draft2020-12/const.json/10/1 ... ok
2026-10-09T01:33:08.1863775Z test draft2020-12/const.json/10/2 ... ok
2026-10-09T01:33:08.1864065Z test draft2020-12/const.json/10/3 ... ok
2026-10-09T01:33:08.1864478Z test draft2020-12/const.json/10/4 ... ok
2026-10-09T01:33:08.1864765Z test draft2020-12/const.json/11/0 ... ok
2026-10-09T01:33:08.1865201Z test draft2020-12/const.json/10/5 ... ok
2026-10-09T01:33:08.1865485Z test draft2020-12/const.json/11/1 ... ok
2026-10-09T01:33:08.1865769Z test draft2020-12/const.json/12/0 ... ok
2026-10-09T01:33:08.1866064Z test draft2020-12/const.json/11/2 ... ok
2026-10-09T01:33:08.1866346Z test draft2020-12/const.json/12/2 ... ok
2026-10-09T01:33:08.1866629Z test draft2020-12/const.json/12/1 ... ok
2026-10-09T01:33:08.1866908Z test draft2020-12/const.json/12/3 ... ok
2026-10-09T01:33:08.1867195Z test draft2020-12/const.json/12/4 ... ok
2026-10-09T01:33:08.1867478Z test draft2020-12/const.json/13/0 ... ok
2026-10-09T01:33:08.1867790Z test draft2020-12/boolean_schema.json/1/5 ... ok
2026-10-09T01:33:08.1868097Z test draft2020-12/const.json/13/2 ... ok
2026-10-09T01:33:08.1868386Z test draft2020-12/const.json/13/1 ... ok
2026-10-09T01:33:08.1868674Z test draft2020-12/const.json/13/3 ... ok
2026-10-09T01:33:08.1868965Z test draft2020-12/const.json/14/0 ... ok
2026-10-09T01:33:08.1869258Z test draft2020-12/const.json/14/1 ... ok
2026-10-09T01:33:08.1869551Z test draft2020-12/const.json/15/0 ... ok
2026-10-09T01:33:08.1869838Z test draft2020-12/const.json/15/1 ... ok
2026-10-09T01:33:08.1870125Z test draft2020-12/const.json/16/0 ... ok
2026-10-09T01:33:08.1870412Z test draft2020-12/const.json/16/1 ... ok
2026-10-09T01:33:08.1870712Z test draft2020-12/contains.json/0/1 ... ok
2026-10-09T01:33:08.1871019Z test draft2020-12/contains.json/0/0 ... ok
2026-10-09T01:33:08.1871323Z test draft2020-12/contains.json/0/2 ... ok
2026-10-09T01:33:08.1871556Z test draft2020-12/contains.json/0/4 ... ok
2026-10-09T01:33:08.1871730Z test draft2020-12/contains.json/0/3 ... ok
2026-10-09T01:33:08.1871977Z test draft2020-12/contains.json/0/5 ... ok
2026-10-09T01:33:08.1872274Z test draft2020-12/contains.json/1/0 ... ok
2026-10-09T01:33:08.1872577Z test draft2020-12/contains.json/1/1 ... ok
2026-10-09T01:33:08.1872881Z test draft2020-12/contains.json/2/0 ... ok
2026-10-09T01:33:08.1873183Z test draft2020-12/contains.json/2/1 ... ok
2026-10-09T01:33:08.1873479Z test draft2020-12/contains.json/1/2 ... ok
2026-10-09T01:33:08.1873773Z test draft2020-12/contains.json/3/0 ... ok
2026-10-09T01:33:08.1874075Z test draft2020-12/contains.json/3/2 ... ok
2026-10-09T01:33:08.1874375Z test draft2020-12/contains.json/3/1 ... ok
2026-10-09T01:33:08.1874665Z test draft2020-12/contains.json/4/0 ... ok
2026-10-09T01:33:08.1875052Z test draft2020-12/contains.json/4/2 ... ok
2026-10-09T01:33:08.1875356Z test draft2020-12/contains.json/4/1 ... ok
2026-10-09T01:33:08.1875652Z test draft2020-12/contains.json/5/0 ... ok
2026-10-09T01:33:08.1875943Z test draft2020-12/contains.json/4/3 ... ok
2026-10-09T01:33:08.1876259Z test draft2020-12/contains.json/5/1 ... ok
2026-10-09T01:33:08.1876564Z test draft2020-12/contains.json/6/0 ... ok
2026-10-09T01:33:08.1876863Z test draft2020-12/content.json/0/1 ... ok
2026-10-09T01:33:08.1877168Z test draft2020-12/content.json/0/0 ... ok
2026-10-09T01:33:08.1877463Z test draft2020-12/content.json/1/0 ... ok
2026-10-09T01:33:08.1877892Z test draft2020-12/content.json/0/2 ... ok
2026-10-09T01:33:08.1878184Z test draft2020-12/content.json/1/1 ... ok
2026-10-09T01:33:08.1878482Z test draft2020-12/content.json/1/2 ... ok
2026-10-09T01:33:08.1878783Z test draft2020-12/content.json/2/2 ... ok
2026-10-09T01:33:08.1879080Z test draft2020-12/content.json/2/0 ... ok
2026-10-09T01:33:08.1879390Z test draft2020-12/content.json/2/1 ... ok
2026-10-09T01:33:08.1879685Z test draft2020-12/content.json/2/3 ... ok
2026-10-09T01:33:08.1879986Z test draft2020-12/content.json/3/2 ... ok
2026-10-09T01:33:08.1880290Z test draft2020-12/content.json/3/0 ... ok
2026-10-09T01:33:08.1880586Z test draft2020-12/content.json/3/1 ... ok
2026-10-09T01:33:08.1880886Z test draft2020-12/content.json/3/3 ... ok
2026-10-09T01:33:08.1881186Z test draft2020-12/content.json/3/4 ... ok
2026-10-09T01:33:08.1881486Z test draft2020-12/content.json/3/5 ... ok
2026-10-09T01:33:08.1881895Z test draft2020-12/content.json/3/7 ... ok
2026-10-09T01:33:08.1882194Z test draft2020-12/content.json/3/6 ... ok
2026-10-09T01:33:08.1882489Z test draft2020-12/default.json/0/0 ... ok
2026-10-09T01:33:08.1882785Z test draft2020-12/default.json/0/1 ... ok
2026-10-09T01:33:08.1883084Z test draft2020-12/default.json/1/1 ... ok
2026-10-09T01:33:08.1883376Z test draft2020-12/default.json/2/1 ... ok
2026-10-09T01:33:08.1883661Z test draft2020-12/default.json/2/2 ... ok
2026-10-09T01:33:08.1883954Z test draft2020-12/default.json/2/0 ... ok
2026-10-09T01:33:08.1884245Z test draft2020-12/default.json/1/0 ... ok
2026-10-09T01:33:08.1884582Z test draft2020-12/dependentRequired.json/0/0 ... ok
2026-10-09T01:33:08.1885063Z test draft2020-12/dependentRequired.json/0/1 ... ok
2026-10-09T01:33:08.1885441Z test draft2020-12/dependentRequired.json/0/2 ... ok
2026-10-09T01:33:08.1885802Z test draft2020-12/dependentRequired.json/0/3 ... ok
2026-10-09T01:33:08.1886158Z test draft2020-12/dependentRequired.json/0/4 ... ok
2026-10-09T01:33:08.1886510Z test draft2020-12/dependentRequired.json/0/5 ... ok
2026-10-09T01:33:08.1886861Z test draft2020-12/dependentRequired.json/0/6 ... ok
2026-10-09T01:33:08.1887212Z test draft2020-12/dependentRequired.json/1/0 ... ok
2026-10-09T01:33:08.1887563Z test draft2020-12/dependentRequired.json/1/1 ... ok
2026-10-09T01:33:08.1887913Z test draft2020-12/dependentRequired.json/1/2 ... ok
2026-10-09T01:33:08.1888273Z test draft2020-12/dependentRequired.json/2/0 ... ok
2026-10-09T01:33:08.1888632Z test draft2020-12/dependentRequired.json/2/1 ... ok
2026-10-09T01:33:08.1888998Z test draft2020-12/dependentRequired.json/2/2 ... ok
2026-10-09T01:33:08.1889368Z test draft2020-12/dependentRequired.json/2/3 ... ok
2026-10-09T01:33:08.1889736Z test draft2020-12/dependentRequired.json/2/4 ... ok
2026-10-09T01:33:08.1890097Z test draft2020-12/dependentRequired.json/2/5 ... ok
2026-10-09T01:33:08.1890440Z test draft2020-12/boolean_schema.json/1/4 ... ok
2026-10-09T01:33:08.1890787Z test draft2020-12/dependentRequired.json/3/0 ... ok
2026-10-09T01:33:08.1891142Z test draft2020-12/dependentRequired.json/3/1 ... ok
2026-10-09T01:33:08.1891497Z test draft2020-12/dependentRequired.json/3/2 ... ok
2026-10-09T01:33:08.1891851Z test draft2020-12/dependentRequired.json/3/3 ... ok
2026-10-09T01:33:08.1892205Z test draft2020-12/dependentSchemas.json/0/1 ... ok
2026-10-09T01:33:08.1892563Z test draft2020-12/dependentSchemas.json/0/0 ... ok
2026-10-09T01:33:08.1892911Z test draft2020-12/dependentSchemas.json/0/2 ... ok
2026-10-09T01:33:08.1893241Z test draft2020-12/dependentSchemas.json/0/3 ... ok
2026-10-09T01:33:08.1893560Z test draft2020-12/dependentSchemas.json/0/4 ... ok
2026-10-09T01:33:08.1893922Z test draft2020-12/dependentSchemas.json/0/5 ... ok
2026-10-09T01:33:08.1894190Z test draft2020-12/dependentSchemas.json/0/6 ... ok
2026-10-09T01:33:08.1894393Z test draft2020-12/dependentSchemas.json/0/7 ... ok
2026-10-09T01:33:08.1894596Z test draft2020-12/dependentSchemas.json/1/0 ... ok
2026-10-09T01:33:08.1894803Z test draft2020-12/dependentSchemas.json/1/1 ... ok
2026-10-09T01:33:08.1895375Z test draft2020-12/dependentSchemas.json/1/2 ... ok
2026-10-09T01:33:08.1895582Z test draft2020-12/dependentSchemas.json/1/3 ... ok
2026-10-09T01:33:08.1895786Z test draft2020-12/dependentSchemas.json/2/0 ... ok
2026-10-09T01:33:08.1895989Z test draft2020-12/dependentSchemas.json/2/1 ... ok
2026-10-09T01:33:08.1896192Z test draft2020-12/dependentSchemas.json/2/2 ... ok
2026-10-09T01:33:08.1896396Z test draft2020-12/dependentSchemas.json/2/3 ... ok
2026-10-09T01:33:08.1896600Z test draft2020-12/dependentSchemas.json/3/1 ... ok
2026-10-09T01:33:08.1896806Z test draft2020-12/dependentSchemas.json/3/0 ... ok
2026-10-09T01:33:08.1897007Z test draft2020-12/dependentSchemas.json/3/3 ... ok
2026-10-09T01:33:08.1897256Z test draft2020-12/dependentSchemas.json/3/2 ... ok
2026-10-09T01:33:08.1897448Z test draft2020-12/defs.json/0/1 ... ok
2026-10-09T01:33:08.1897630Z test draft2020-12/dynamicRef.json/0/0 ... ok
2026-10-09T01:33:08.1897912Z test draft2020-12/dynamicRef.json/0/1 ... ok
2026-10-09T01:33:08.1898103Z test draft2020-12/dynamicRef.json/1/0 ... ok
2026-10-09T01:33:08.1898287Z test draft2020-12/dynamicRef.json/1/1 ... ok
2026-10-09T01:33:08.1898468Z test draft2020-12/dynamicRef.json/2/0 ... ok
2026-10-09T01:33:08.1898651Z test draft2020-12/dynamicRef.json/2/1 ... ok
2026-10-09T01:33:08.1898832Z test draft2020-12/dynamicRef.json/3/0 ... ok
2026-10-09T01:33:08.1899012Z test draft2020-12/dynamicRef.json/3/1 ... ok
2026-10-09T01:33:08.1899196Z test draft2020-12/dynamicRef.json/4/0 ... ok
2026-10-09T01:33:08.1899377Z test draft2020-12/dynamicRef.json/4/1 ... ok
2026-10-09T01:33:08.1899557Z test draft2020-12/dynamicRef.json/5/1 ... ok
2026-10-09T01:33:08.1899738Z test draft2020-12/dynamicRef.json/7/0 ... ok
2026-10-09T01:33:08.1899918Z test draft2020-12/dynamicRef.json/5/0 ... ok
2026-10-09T01:33:08.1900100Z test draft2020-12/dynamicRef.json/8/0 ... ok
2026-10-09T01:33:08.1900285Z test draft2020-12/dynamicRef.json/9/1 ... ok
2026-10-09T01:33:08.1900469Z test draft2020-12/dynamicRef.json/9/0 ... ok
2026-10-09T01:33:08.1900660Z test draft2020-12/dynamicRef.json/10/0 ... ok
2026-10-09T01:33:08.1900853Z test draft2020-12/dynamicRef.json/11/0 ... ok
2026-10-09T01:33:08.1901043Z test draft2020-12/dynamicRef.json/11/1 ... ok
2026-10-09T01:33:08.1901244Z test draft2020-12/dynamicRef.json/11/2 ... ok
2026-10-09T01:33:08.1901434Z test draft2020-12/dynamicRef.json/6/0 ... ok
2026-10-09T01:33:08.1901735Z test draft2020-12/dynamicRef.json/12/0 ... ok
2026-10-09T01:33:08.1902030Z test draft2020-12/dynamicRef.json/12/1 ... ok
2026-10-09T01:33:08.1902327Z test draft2020-12/dynamicRef.json/12/2 ... ok
2026-10-09T01:33:08.1902558Z test draft2020-12/dynamicRef.json/13/0 ... ok
2026-10-09T01:33:08.1902743Z test draft2020-12/dynamicRef.json/13/1 ... ok
2026-10-09T01:33:08.1902932Z test draft2020-12/dynamicRef.json/14/0 ... ok
2026-10-09T01:33:08.1903118Z test draft2020-12/dynamicRef.json/14/1 ... ok
2026-10-09T01:33:08.1903307Z test draft2020-12/dynamicRef.json/14/2 ... ok
2026-10-09T01:33:08.1903494Z test draft2020-12/dynamicRef.json/11/3 ... ok
2026-10-09T01:33:08.1903682Z test draft2020-12/dynamicRef.json/15/0 ... ok
2026-10-09T01:33:08.1903870Z test draft2020-12/dynamicRef.json/15/1 ... ok
2026-10-09T01:33:08.1904056Z test draft2020-12/dynamicRef.json/16/0 ... ok
2026-10-09T01:33:08.1904242Z test draft2020-12/dynamicRef.json/16/1 ... ok
2026-10-09T01:33:08.1904429Z test draft2020-12/dynamicRef.json/16/2 ... ok
2026-10-09T01:33:08.1904616Z test draft2020-12/dynamicRef.json/17/0 ... ok
2026-10-09T01:33:08.1904802Z test draft2020-12/dynamicRef.json/17/1 ... ok
2026-10-09T01:33:08.1905117Z test draft2020-12/dynamicRef.json/18/0 ... ok
2026-10-09T01:33:08.1905305Z test draft2020-12/dynamicRef.json/18/1 ... ok
2026-10-09T01:33:08.1905491Z test draft2020-12/dynamicRef.json/19/0 ... ok
2026-10-09T01:33:08.1905676Z test draft2020-12/dynamicRef.json/19/1 ... ok
2026-10-09T01:33:08.1905862Z test draft2020-12/dynamicRef.json/20/0 ... ok
2026-10-09T01:33:08.1906044Z test draft2020-12/enum.json/0/0 ... ok
2026-10-09T01:33:08.1906216Z test draft2020-12/enum.json/0/1 ... ok
2026-10-09T01:33:08.1906480Z test draft2020-12/enum.json/1/0 ... ok
2026-10-09T01:33:08.1906660Z test draft2020-12/dynamicRef.json/20/1 ... ok
2026-10-09T01:33:08.1906840Z test draft2020-12/enum.json/1/1 ... ok
2026-10-09T01:33:08.1907005Z test draft2020-12/enum.json/1/2 ... ok
2026-10-09T01:33:08.1907170Z test draft2020-12/enum.json/1/3 ... ok
2026-10-09T01:33:08.1907337Z test draft2020-12/enum.json/1/4 ... ok
2026-10-09T01:33:08.1907501Z test draft2020-12/enum.json/2/0 ... ok
2026-10-09T01:33:08.1907665Z test draft2020-12/enum.json/2/2 ... ok
2026-10-09T01:33:08.1907830Z test draft2020-12/enum.json/2/1 ... ok
2026-10-09T01:33:08.1907993Z test draft2020-12/enum.json/3/0 ... ok
2026-10-09T01:33:08.1908156Z test draft2020-12/enum.json/3/1 ... ok
2026-10-09T01:33:08.1908321Z test draft2020-12/enum.json/3/2 ... ok
2026-10-09T01:33:08.1908506Z test draft2020-12/enum.json/3/3 ... ok
2026-10-09T01:33:08.1908765Z test draft2020-12/enum.json/3/4 ... ok
2026-10-09T01:33:08.1908932Z test draft2020-12/enum.json/4/0 ... ok
2026-10-09T01:33:08.1909096Z test draft2020-12/enum.json/3/5 ... ok
2026-10-09T01:33:08.1909260Z test draft2020-12/enum.json/4/1 ... ok
2026-10-09T01:33:08.1909424Z test draft2020-12/enum.json/4/2 ... ok
2026-10-09T01:33:08.1909586Z test draft2020-12/enum.json/5/0 ... ok
2026-10-09T01:33:08.1909751Z test draft2020-12/enum.json/5/1 ... ok
2026-10-09T01:33:08.1909915Z test draft2020-12/enum.json/6/0 ... ok
2026-10-09T01:33:08.1910078Z test draft2020-12/enum.json/5/2 ... ok
2026-10-09T01:33:08.1910241Z test draft2020-12/enum.json/6/1 ... ok
2026-10-09T01:33:08.1910405Z test draft2020-12/enum.json/6/2 ... ok
2026-10-09T01:33:08.1910569Z test draft2020-12/enum.json/7/0 ... ok
2026-10-09T01:33:08.1910733Z test draft2020-12/enum.json/7/2 ... ok
2026-10-09T01:33:08.1910896Z test draft2020-12/enum.json/7/1 ... ok
2026-10-09T01:33:08.1911058Z test draft2020-12/enum.json/8/0 ... ok
2026-10-09T01:33:08.1911222Z test draft2020-12/enum.json/8/1 ... ok
2026-10-09T01:33:08.1911385Z test draft2020-12/enum.json/8/2 ... ok
2026-10-09T01:33:08.1911554Z test draft2020-12/enum.json/9/0 ... ok
2026-10-09T01:33:08.1911718Z test draft2020-12/enum.json/9/1 ... ok
2026-10-09T01:33:08.1911926Z test draft2020-12/enum.json/9/2 ... ok
2026-10-09T01:33:08.1912190Z test draft2020-12/enum.json/10/0 ... ok
2026-10-09T01:33:08.1912457Z test draft2020-12/enum.json/10/1 ... ok
2026-10-09T01:33:08.1912706Z test draft2020-12/enum.json/10/2 ... ok
2026-10-09T01:33:08.1912877Z test draft2020-12/enum.json/11/0 ... ok
2026-10-09T01:33:08.1913045Z test draft2020-12/enum.json/11/1 ... ok
2026-10-09T01:33:08.1913213Z test draft2020-12/enum.json/12/0 ... ok
2026-10-09T01:33:08.1913378Z test draft2020-12/enum.json/11/2 ... ok
2026-10-09T01:33:08.1913542Z test draft2020-12/enum.json/12/2 ... ok
2026-10-09T01:33:08.1913708Z test draft2020-12/enum.json/12/1 ... ok
2026-10-09T01:33:08.1913875Z test draft2020-12/enum.json/13/0 ... ok
2026-10-09T01:33:08.1914042Z test draft2020-12/enum.json/13/1 ... ok
2026-10-09T01:33:08.1914211Z test draft2020-12/enum.json/14/0 ... ok
2026-10-09T01:33:08.1914379Z test draft2020-12/enum.json/14/1 ... ok
2026-10-09T01:33:08.1914546Z test draft2020-12/enum.json/14/2 ... ok
2026-10-09T01:33:08.1914712Z test draft2020-12/enum.json/14/3 ... ok
2026-10-09T01:33:08.1914882Z test draft2020-12/enum.json/14/4 ... ok
2026-10-09T01:33:08.1915230Z test draft2020-12/enum.json/14/5 ... ok
2026-10-09T01:33:08.1915398Z test draft2020-12/enum.json/15/0 ... ok
2026-10-09T01:33:08.1915607Z test draft2020-12/exclusiveMaximum.json/0/0 ... ok
2026-10-09T01:33:08.1915798Z test draft2020-12/enum.json/15/1 ... ok
2026-10-09T01:33:08.1915987Z test draft2020-12/exclusiveMaximum.json/0/1 ... ok
2026-10-09T01:33:08.1916200Z test draft2020-12/exclusiveMaximum.json/0/2 ... ok
2026-10-09T01:33:08.1916417Z test draft2020-12/exclusiveMinimum.json/0/0 ... ok
2026-10-09T01:33:08.1916625Z test draft2020-12/exclusiveMaximum.json/0/3 ... ok
2026-10-09T01:33:08.1916835Z test draft2020-12/exclusiveMinimum.json/0/1 ... ok
2026-10-09T01:33:08.1917137Z test draft2020-12/exclusiveMinimum.json/0/2 ... ok
2026-10-09T01:33:08.1917328Z test draft2020-12/format.json/0/0 ... ok
2026-10-09T01:33:08.1917521Z test draft2020-12/exclusiveMinimum.json/0/3 ... ok
2026-10-09T01:33:08.1917715Z test draft2020-12/format.json/0/1 ... ok
2026-10-09T01:33:08.1917890Z test draft2020-12/format.json/0/2 ... ok
2026-10-09T01:33:08.1918063Z test draft2020-12/format.json/0/3 ... ok
2026-10-09T01:33:08.1918234Z test draft2020-12/format.json/0/4 ... ok
2026-10-09T01:33:08.1918406Z test draft2020-12/format.json/0/5 ... ok
2026-10-09T01:33:08.1918577Z test draft2020-12/format.json/0/6 ... ok
2026-10-09T01:33:08.1918746Z test draft2020-12/format.json/1/0 ... ok
2026-10-09T01:33:08.1918917Z test draft2020-12/format.json/1/1 ... ok
2026-10-09T01:33:08.1919086Z test draft2020-12/format.json/1/2 ... ok
2026-10-09T01:33:08.1919256Z test draft2020-12/format.json/1/3 ... ok
2026-10-09T01:33:08.1919508Z test draft2020-12/format.json/1/4 ... ok
2026-10-09T01:33:08.1919683Z test draft2020-12/format.json/1/5 ... ok
2026-10-09T01:33:08.1919856Z test draft2020-12/format.json/1/6 ... ok
2026-10-09T01:33:08.1920027Z test draft2020-12/format.json/2/0 ... ok
2026-10-09T01:33:08.1920196Z test draft2020-12/format.json/2/2 ... ok
2026-10-09T01:33:08.1920365Z test draft2020-12/format.json/2/1 ... ok
2026-10-09T01:33:08.1920537Z test draft2020-12/format.json/2/3 ... ok
2026-10-09T01:33:08.1920710Z test draft2020-12/format.json/2/5 ... ok
2026-10-09T01:33:08.1920879Z test draft2020-12/format.json/2/4 ... ok
2026-10-09T01:33:08.1921049Z test draft2020-12/format.json/3/0 ... ok
2026-10-09T01:33:08.1935623Z test draft2020-12/format.json/2/6 ... ok
2026-10-09T01:33:08.1935810Z test draft2020-12/format.json/3/1 ... ok
2026-10-09T01:33:08.1936057Z test draft2020-12/format.json/3/2 ... ok
2026-10-09T01:33:08.1936310Z test draft2020-12/format.json/3/3 ... ok
2026-10-09T01:33:08.1936568Z test draft2020-12/format.json/3/4 ... ok
2026-10-09T01:33:08.1936831Z test draft2020-12/format.json/3/5 ... ok
2026-10-09T01:33:08.1937097Z test draft2020-12/format.json/3/6 ... ok
2026-10-09T01:33:08.1937356Z test draft2020-12/format.json/4/0 ... ok
2026-10-09T01:33:08.1937620Z test draft2020-12/format.json/4/1 ... ok
2026-10-09T01:33:08.1937880Z test draft2020-12/format.json/4/2 ... ok
2026-10-09T01:33:08.1938141Z test draft2020-12/format.json/4/3 ... ok
2026-10-09T01:33:08.1938401Z test draft2020-12/format.json/4/4 ... ok
2026-10-09T01:33:08.1938669Z test draft2020-12/format.json/4/5 ... ok
2026-10-09T01:33:08.1938933Z test draft2020-12/format.json/4/6 ... ok
2026-10-09T01:33:08.1939199Z test draft2020-12/format.json/5/0 ... ok
2026-10-09T01:33:08.1939475Z test draft2020-12/format.json/5/1 ... ok
2026-10-09T01:33:08.1939735Z test draft2020-12/format.json/5/2 ... ok
2026-10-09T01:33:08.1939994Z test draft2020-12/format.json/5/3 ... ok
2026-10-09T01:33:08.1940250Z test draft2020-12/format.json/5/4 ... ok
2026-10-09T01:33:08.1940506Z test draft2020-12/format.json/5/5 ... ok
2026-10-09T01:33:08.1940765Z test draft2020-12/format.json/5/6 ... ok
2026-10-09T01:33:08.1940977Z test draft2020-12/format.json/6/0 ... ok
2026-10-09T01:33:08.1941144Z test draft2020-12/format.json/6/1 ... ok
2026-10-09T01:33:08.1941312Z test draft2020-12/format.json/6/2 ... ok
2026-10-09T01:33:08.1941482Z test draft2020-12/format.json/6/3 ... ok
2026-10-09T01:33:08.1941656Z test draft2020-12/format.json/6/4 ... ok
2026-10-09T01:33:08.1941827Z test draft2020-12/format.json/6/5 ... ok
2026-10-09T01:33:08.1942001Z test draft2020-12/format.json/6/6 ... ok
2026-10-09T01:33:08.1942172Z test draft2020-12/format.json/7/0 ... ok
2026-10-09T01:33:08.1942343Z test draft2020-12/format.json/7/1 ... ok
2026-10-09T01:33:08.1942516Z test draft2020-12/format.json/7/2 ... ok
2026-10-09T01:33:08.1942691Z test draft2020-12/format.json/7/4 ... ok
2026-10-09T01:33:08.1942861Z test draft2020-12/format.json/7/3 ... ok
2026-10-09T01:33:08.1943032Z test draft2020-12/format.json/7/5 ... ok
2026-10-09T01:33:08.1943206Z test draft2020-12/format.json/7/6 ... ok
2026-10-09T01:33:08.1943379Z test draft2020-12/format.json/8/0 ... ok
2026-10-09T01:33:08.1943700Z test draft2020-12/format.json/8/1 ... ok
2026-10-09T01:33:08.1943875Z test draft2020-12/format.json/8/2 ... ok
2026-10-09T01:33:08.1944047Z test draft2020-12/format.json/8/3 ... ok
2026-10-09T01:33:08.1944220Z test draft2020-12/format.json/8/4 ... ok
2026-10-09T01:33:08.1944391Z test draft2020-12/format.json/8/5 ... ok
2026-10-09T01:33:08.1944562Z test draft2020-12/format.json/9/0 ... ok
2026-10-09T01:33:08.1944735Z test draft2020-12/format.json/8/6 ... ok
2026-10-09T01:33:08.1944910Z test draft2020-12/format.json/9/1 ... ok
2026-10-09T01:33:08.1945299Z test draft2020-12/format.json/9/2 ... ok
2026-10-09T01:33:08.1945472Z test draft2020-12/format.json/9/3 ... ok
2026-10-09T01:33:08.1945643Z test draft2020-12/format.json/9/4 ... ok
2026-10-09T01:33:08.1945813Z test draft2020-12/format.json/9/5 ... ok
2026-10-09T01:33:08.1945984Z test draft2020-12/format.json/9/6 ... ok
2026-10-09T01:33:08.1946264Z test draft2020-12/format.json/10/0 ... ok
2026-10-09T01:33:08.1946449Z test draft2020-12/format.json/10/1 ... ok
2026-10-09T01:33:08.1946629Z test draft2020-12/format.json/10/2 ... ok
2026-10-09T01:33:08.1946806Z test draft2020-12/format.json/10/3 ... ok
2026-10-09T01:33:08.1946981Z test draft2020-12/format.json/10/4 ... ok
2026-10-09T01:33:08.1947156Z test draft2020-12/format.json/10/5 ... ok
2026-10-09T01:33:08.1947334Z test draft2020-12/format.json/10/6 ... ok
2026-10-09T01:33:08.1947509Z test draft2020-12/format.json/11/0 ... ok
2026-10-09T01:33:08.1947683Z test draft2020-12/format.json/11/1 ... ok
2026-10-09T01:33:08.1947858Z test draft2020-12/format.json/11/2 ... ok
2026-10-09T01:33:08.1948032Z test draft2020-12/format.json/11/3 ... ok
2026-10-09T01:33:08.1948207Z test draft2020-12/format.json/11/4 ... ok
2026-10-09T01:33:08.1948384Z test draft2020-12/format.json/11/5 ... ok
2026-10-09T01:33:08.1948560Z test draft2020-12/format.json/11/6 ... ok
2026-10-09T01:33:08.1948736Z test draft2020-12/format.json/12/0 ... ok
2026-10-09T01:33:08.1948910Z test draft2020-12/format.json/12/1 ... ok
2026-10-09T01:33:08.1949087Z test draft2020-12/format.json/12/2 ... ok
2026-10-09T01:33:08.1949262Z test draft2020-12/format.json/12/3 ... ok
2026-10-09T01:33:08.1949440Z test draft2020-12/format.json/12/4 ... ok
2026-10-09T01:33:08.1949615Z test draft2020-12/format.json/12/5 ... ok
2026-10-09T01:33:08.1949790Z test draft2020-12/format.json/12/6 ... ok
2026-10-09T01:33:08.1949967Z test draft2020-12/format.json/13/0 ... ok
2026-10-09T01:33:08.1950144Z test draft2020-12/format.json/13/1 ... ok
2026-10-09T01:33:08.1950318Z test draft2020-12/format.json/13/2 ... ok
2026-10-09T01:33:08.1950499Z test draft2020-12/format.json/13/3 ... ok
2026-10-09T01:33:08.1950674Z test draft2020-12/format.json/13/4 ... ok
2026-10-09T01:33:08.1950848Z test draft2020-12/format.json/13/5 ... ok
2026-10-09T01:33:08.1951022Z test draft2020-12/format.json/13/6 ... ok
2026-10-09T01:33:08.1951194Z test draft2020-12/format.json/14/0 ... ok
2026-10-09T01:33:08.1951373Z test draft2020-12/format.json/14/1 ... ok
2026-10-09T01:33:08.1951574Z test draft2020-12/format.json/14/2 ... ok
2026-10-09T01:33:08.1951747Z test draft2020-12/format.json/14/3 ... ok
2026-10-09T01:33:08.1951920Z test draft2020-12/format.json/14/5 ... ok
2026-10-09T01:33:08.1952093Z test draft2020-12/format.json/14/4 ... ok
2026-10-09T01:33:08.1952265Z test draft2020-12/format.json/14/6 ... ok
2026-10-09T01:33:08.1952436Z test draft2020-12/format.json/15/0 ... ok
2026-10-09T01:33:08.1952607Z test draft2020-12/format.json/15/1 ... ok
2026-10-09T01:33:08.1952778Z test draft2020-12/format.json/15/2 ... ok
2026-10-09T01:33:08.1952953Z test draft2020-12/format.json/15/3 ... ok
2026-10-09T01:33:08.1953125Z test draft2020-12/format.json/15/5 ... ok
2026-10-09T01:33:08.1953296Z test draft2020-12/format.json/15/4 ... ok
2026-10-09T01:33:08.1953469Z test draft2020-12/format.json/15/6 ... ok
2026-10-09T01:33:08.1953639Z test draft2020-12/format.json/16/0 ... ok
2026-10-09T01:33:08.1953813Z test draft2020-12/format.json/16/1 ... ok
2026-10-09T01:33:08.1954085Z test draft2020-12/format.json/16/2 ... ok
2026-10-09T01:33:08.1954258Z test draft2020-12/format.json/16/3 ... ok
2026-10-09T01:33:08.1954429Z test draft2020-12/format.json/16/4 ... ok
2026-10-09T01:33:08.1954602Z test draft2020-12/format.json/16/5 ... ok
2026-10-09T01:33:08.1954774Z test draft2020-12/format.json/17/0 ... ok
2026-10-09T01:33:08.1955064Z test draft2020-12/format.json/16/6 ... ok
2026-10-09T01:33:08.1955240Z test draft2020-12/format.json/17/1 ... ok
2026-10-09T01:33:08.1955413Z test draft2020-12/format.json/17/2 ... ok
2026-10-09T01:33:08.1955586Z test draft2020-12/format.json/17/3 ... ok
2026-10-09T01:33:08.1955757Z test draft2020-12/format.json/17/4 ... ok
2026-10-09T01:33:08.1955930Z test draft2020-12/format.json/17/5 ... ok
2026-10-09T01:33:08.1956101Z test draft2020-12/format.json/17/6 ... ok
2026-10-09T01:33:08.1956276Z test draft2020-12/format.json/18/0 ... ok
2026-10-09T01:33:08.1956447Z test draft2020-12/format.json/18/1 ... ok
2026-10-09T01:33:08.1956705Z test draft2020-12/format.json/18/2 ... ok
2026-10-09T01:33:08.1956881Z test draft2020-12/format.json/18/3 ... ok
2026-10-09T01:33:08.1957058Z test draft2020-12/format.json/18/4 ... ok
2026-10-09T01:33:08.1957230Z test draft2020-12/format.json/18/5 ... ok
2026-10-09T01:33:08.1957405Z test draft2020-12/format.json/18/6 ... ok
2026-10-09T01:33:08.1957593Z test draft2020-12/if-then-else.json/0/0 ... ok
2026-10-09T01:33:08.1957791Z test draft2020-12/if-then-else.json/0/1 ... ok
2026-10-09T01:33:08.1957983Z test draft2020-12/if-then-else.json/1/0 ... ok
2026-10-09T01:33:08.1958173Z test draft2020-12/if-then-else.json/2/0 ... ok
2026-10-09T01:33:08.1958363Z test draft2020-12/if-then-else.json/1/1 ... ok
2026-10-09T01:33:08.1958555Z test draft2020-12/if-then-else.json/2/1 ... ok
2026-10-09T01:33:08.1958744Z test draft2020-12/if-then-else.json/3/0 ... ok
2026-10-09T01:33:08.1958934Z test draft2020-12/if-then-else.json/3/1 ... ok
2026-10-09T01:33:08.1959125Z test draft2020-12/if-then-else.json/3/2 ... ok
2026-10-09T01:33:08.1959316Z test draft2020-12/if-then-else.json/4/0 ... ok
2026-10-09T01:33:08.1959507Z test draft2020-12/if-then-else.json/4/1 ... ok
2026-10-09T01:33:08.1959699Z test draft2020-12/if-then-else.json/4/2 ... ok
2026-10-09T01:33:08.1959888Z test draft2020-12/if-then-else.json/5/0 ... ok
2026-10-09T01:33:08.1960077Z test draft2020-12/if-then-else.json/5/1 ... ok
2026-10-09T01:33:08.1960268Z test draft2020-12/if-then-else.json/5/2 ... ok
2026-10-09T01:33:08.1960456Z test draft2020-12/if-then-else.json/6/0 ... ok
2026-10-09T01:33:08.1960648Z test draft2020-12/if-then-else.json/5/3 ... ok
2026-10-09T01:33:08.1960840Z test draft2020-12/if-then-else.json/7/0 ... ok
2026-10-09T01:33:08.1961029Z test draft2020-12/if-then-else.json/6/1 ... ok
2026-10-09T01:33:08.1961220Z test draft2020-12/dynamicRef.json/15/2 ... ok
2026-10-09T01:33:08.1961413Z test draft2020-12/if-then-else.json/8/0 ... ok
2026-10-09T01:33:08.1961602Z test draft2020-12/if-then-else.json/7/1 ... ok
2026-10-09T01:33:08.1961795Z test draft2020-12/if-then-else.json/9/0 ... ok
2026-10-09T01:33:08.1961989Z test draft2020-12/if-then-else.json/8/1 ... ok
2026-10-09T01:33:08.1962177Z test draft2020-12/if-then-else.json/9/1 ... ok
2026-10-09T01:33:08.1962366Z test draft2020-12/if-then-else.json/9/2 ... ok
2026-10-09T01:33:08.1962556Z test draft2020-12/if-then-else.json/9/3 ... ok
2026-10-09T01:33:08.1962752Z test draft2020-12/if-then-else.json/10/0 ... ok
2026-10-09T01:33:08.1962952Z test draft2020-12/if-then-else.json/10/1 ... ok
2026-10-09T01:33:08.1963150Z test draft2020-12/if-then-else.json/11/0 ... ok
2026-10-09T01:33:08.1963344Z test draft2020-12/if-then-else.json/11/1 ... ok
2026-10-09T01:33:08.1963528Z test draft2020-12/items.json/0/0 ... ok
2026-10-09T01:33:08.1963747Z test draft2020-12/infinite-loop-detection.json/0/0 ... ok
2026-10-09T01:33:08.1963995Z test draft2020-12/infinite-loop-detection.json/0/1 ... ok
2026-10-09T01:33:08.1964202Z test draft2020-12/items.json/0/2 ... ok
2026-10-09T01:33:08.1964376Z test draft2020-12/items.json/0/3 ... ok
2026-10-09T01:33:08.1964544Z test draft2020-12/items.json/0/1 ... ok
2026-10-09T01:33:08.1964808Z test draft2020-12/items.json/1/1 ... ok
2026-10-09T01:33:08.1965095Z test draft2020-12/items.json/1/0 ... ok
2026-10-09T01:33:08.1965262Z test draft2020-12/items.json/2/1 ... ok
2026-10-09T01:33:08.1965428Z test draft2020-12/items.json/2/0 ... ok
2026-10-09T01:33:08.1965597Z test draft2020-12/items.json/3/1 ... ok
2026-10-09T01:33:08.1965762Z test draft2020-12/items.json/3/0 ... ok
2026-10-09T01:33:08.1965928Z test draft2020-12/items.json/3/2 ... ok
2026-10-09T01:33:08.1966093Z test draft2020-12/items.json/3/3 ... ok
2026-10-09T01:33:08.1966258Z test draft2020-12/items.json/3/5 ... ok
2026-10-09T01:33:08.1966424Z test draft2020-12/items.json/3/4 ... ok
2026-10-09T01:33:08.1966596Z test draft2020-12/items.json/4/0 ... ok
2026-10-09T01:33:08.1966767Z test draft2020-12/items.json/5/0 ... ok
2026-10-09T01:33:08.1966933Z test draft2020-12/items.json/5/1 ... ok
2026-10-09T01:33:08.1967184Z test draft2020-12/items.json/4/1 ... ok
2026-10-09T01:33:08.1967353Z test draft2020-12/items.json/5/2 ... ok
2026-10-09T01:33:08.1967520Z test draft2020-12/items.json/5/3 ... ok
2026-10-09T01:33:08.1967685Z test draft2020-12/items.json/5/4 ... ok
2026-10-09T01:33:08.1967850Z test draft2020-12/items.json/4/2 ... ok
2026-10-09T01:33:08.1968017Z test draft2020-12/items.json/6/0 ... ok
2026-10-09T01:33:08.1968184Z test draft2020-12/items.json/6/1 ... ok
2026-10-09T01:33:08.1968350Z test draft2020-12/items.json/7/0 ... ok
2026-10-09T01:33:08.1968516Z test draft2020-12/items.json/8/0 ... ok
2026-10-09T01:33:08.1968681Z test draft2020-12/items.json/7/1 ... ok
2026-10-09T01:33:08.1968844Z test draft2020-12/items.json/8/1 ... ok
2026-10-09T01:33:08.1969024Z test draft2020-12/maxContains.json/0/0 ... ok
2026-10-09T01:33:08.1969218Z test draft2020-12/maxContains.json/0/1 ... ok
2026-10-09T01:33:08.1969397Z test draft2020-12/items.json/9/0 ... ok
2026-10-09T01:33:08.1969577Z test draft2020-12/maxContains.json/1/0 ... ok
2026-10-09T01:33:08.1969767Z test draft2020-12/maxContains.json/1/1 ... ok
2026-10-09T01:33:08.1969958Z test draft2020-12/maxContains.json/1/2 ... ok
2026-10-09T01:33:08.1970145Z test draft2020-12/maxContains.json/1/3 ... ok
2026-10-09T01:33:08.1970333Z test draft2020-12/maxContains.json/2/0 ... ok
2026-10-09T01:33:08.1970520Z test draft2020-12/maxContains.json/1/4 ... ok
2026-10-09T01:33:08.1970706Z test draft2020-12/maxContains.json/3/0 ... ok
2026-10-09T01:33:08.1970892Z test draft2020-12/maxContains.json/2/1 ... ok
2026-10-09T01:33:08.1971080Z test draft2020-12/maxContains.json/4/0 ... ok
2026-10-09T01:33:08.1971269Z test draft2020-12/maxContains.json/3/1 ... ok
2026-10-09T01:33:08.1971454Z test draft2020-12/maxItems.json/0/0 ... ok
2026-10-09T01:33:08.1971639Z test draft2020-12/maxContains.json/3/2 ... ok
2026-10-09T01:33:08.1971827Z test draft2020-12/maxContains.json/4/1 ... ok
2026-10-09T01:33:08.1972011Z test draft2020-12/maxItems.json/0/2 ... ok
2026-10-09T01:33:08.1972192Z test draft2020-12/maxItems.json/0/1 ... ok
2026-10-09T01:33:08.1972371Z test draft2020-12/maxItems.json/0/3 ... ok
2026-10-09T01:33:08.1972551Z test draft2020-12/maxItems.json/1/0 ... ok
2026-10-09T01:33:08.1972727Z test draft2020-12/maxItems.json/1/1 ... ok
2026-10-09T01:33:08.1972906Z test draft2020-12/maxLength.json/0/0 ... ok
2026-10-09T01:33:08.1973089Z test draft2020-12/maxLength.json/0/1 ... ok
2026-10-09T01:33:08.1973269Z test draft2020-12/maxLength.json/0/3 ... ok
2026-10-09T01:33:08.1973451Z test draft2020-12/maxLength.json/0/2 ... ok
2026-10-09T01:33:08.1973630Z test draft2020-12/maxLength.json/0/4 ... ok
2026-10-09T01:33:08.1973806Z test draft2020-12/maxLength.json/1/0 ... ok
2026-10-09T01:33:08.1973985Z test draft2020-12/maxLength.json/1/1 ... ok
2026-10-09T01:33:08.1974177Z test draft2020-12/maxProperties.json/0/0 ... ok
2026-10-09T01:33:08.1974379Z test draft2020-12/maxProperties.json/0/1 ... ok
2026-10-09T01:33:08.1974580Z test draft2020-12/maxProperties.json/0/3 ... ok
2026-10-09T01:33:08.1974779Z test draft2020-12/maxProperties.json/0/2 ... ok
2026-10-09T01:33:08.1975150Z test draft2020-12/maxProperties.json/0/4 ... ok
2026-10-09T01:33:08.1975452Z test draft2020-12/maxProperties.json/0/5 ... ok
2026-10-09T01:33:08.1975646Z test draft2020-12/maxProperties.json/1/0 ... ok
2026-10-09T01:33:08.1975841Z test draft2020-12/maxProperties.json/1/1 ... ok
2026-10-09T01:33:08.1976040Z test draft2020-12/maxProperties.json/2/0 ... ok
2026-10-09T01:33:08.1976237Z test draft2020-12/maxProperties.json/2/1 ... ok
2026-10-09T01:33:08.1976423Z test draft2020-12/maximum.json/0/0 ... ok
2026-10-09T01:33:08.1976604Z test draft2020-12/maximum.json/0/1 ... ok
2026-10-09T01:33:08.1976782Z test draft2020-12/maximum.json/0/3 ... ok
2026-10-09T01:33:08.1976959Z test draft2020-12/maximum.json/0/2 ... ok
2026-10-09T01:33:08.1977135Z test draft2020-12/maximum.json/1/0 ... ok
2026-10-09T01:33:08.1977309Z test draft2020-12/maximum.json/1/1 ... ok
2026-10-09T01:33:08.1977482Z test draft2020-12/maximum.json/1/2 ... ok
2026-10-09T01:33:08.1977746Z test draft2020-12/minContains.json/0/0 ... ok
2026-10-09T01:33:08.1977945Z test draft2020-12/minContains.json/0/1 ... ok
2026-10-09T01:33:08.1978127Z test draft2020-12/maximum.json/1/3 ... ok
2026-10-09T01:33:08.1978312Z test draft2020-12/minContains.json/1/0 ... ok
2026-10-09T01:33:08.1978505Z test draft2020-12/minContains.json/1/2 ... ok
2026-10-09T01:33:08.1978694Z test draft2020-12/minContains.json/1/1 ... ok
2026-10-09T01:33:08.1978885Z test draft2020-12/minContains.json/1/3 ... ok
2026-10-09T01:33:08.1979073Z test draft2020-12/minContains.json/2/0 ... ok
2026-10-09T01:33:08.1979260Z test draft2020-12/minContains.json/1/4 ... ok
2026-10-09T01:33:08.1979449Z test draft2020-12/minContains.json/2/1 ... ok
2026-10-09T01:33:08.1979637Z test draft2020-12/minContains.json/2/2 ... ok
2026-10-09T01:33:08.1979864Z test draft2020-12/minContains.json/2/3 ... ok
2026-10-09T01:33:08.1980150Z test draft2020-12/minContains.json/3/0 ... ok
2026-10-09T01:33:08.1980442Z test draft2020-12/minContains.json/2/4 ... ok
2026-10-09T01:33:08.1980737Z test draft2020-12/minContains.json/4/0 ... ok
2026-10-09T01:33:08.1981040Z test draft2020-12/minContains.json/2/5 ... ok
2026-10-09T01:33:08.1981340Z test draft2020-12/minContains.json/3/1 ... ok
2026-10-09T01:33:08.1981539Z test draft2020-12/minContains.json/4/1 ... ok
2026-10-09T01:33:08.1981726Z test draft2020-12/minContains.json/5/0 ... ok
2026-10-09T01:33:08.1981915Z test draft2020-12/minContains.json/4/2 ... ok
2026-10-09T01:33:08.1982102Z test draft2020-12/minContains.json/4/3 ... ok
2026-10-09T01:33:08.1982292Z test draft2020-12/minContains.json/5/1 ... ok
2026-10-09T01:33:08.1982481Z test draft2020-12/minContains.json/6/0 ... ok
2026-10-09T01:33:08.1982669Z test draft2020-12/minContains.json/5/2 ... ok
2026-10-09T01:33:08.1982860Z test draft2020-12/minContains.json/5/3 ... ok
2026-10-09T01:33:08.1983047Z test draft2020-12/minContains.json/7/0 ... ok
2026-10-09T01:33:08.1983234Z test draft2020-12/minContains.json/6/1 ... ok
2026-10-09T01:33:08.1983426Z test draft2020-12/minContains.json/7/1 ... ok
2026-10-09T01:33:08.1983609Z test draft2020-12/minItems.json/0/0 ... ok
2026-10-09T01:33:08.1983795Z test draft2020-12/minContains.json/7/2 ... ok
2026-10-09T01:33:08.1983979Z test draft2020-12/minItems.json/0/2 ... ok
2026-10-09T01:33:08.1984158Z test draft2020-12/minItems.json/0/1 ... ok
2026-10-09T01:33:08.1984336Z test draft2020-12/minItems.json/0/3 ... ok
2026-10-09T01:33:08.1984516Z test draft2020-12/minItems.json/1/0 ... ok
2026-10-09T01:33:08.1984691Z test draft2020-12/minItems.json/1/1 ... ok
2026-10-09T01:33:08.1984871Z test draft2020-12/minLength.json/0/1 ... ok
2026-10-09T01:33:08.1985231Z test draft2020-12/minLength.json/0/0 ... ok
2026-10-09T01:33:08.1985418Z test draft2020-12/minLength.json/0/3 ... ok
2026-10-09T01:33:08.1985600Z test draft2020-12/minLength.json/0/2 ... ok
2026-10-09T01:33:08.1985780Z test draft2020-12/minLength.json/0/4 ... ok
2026-10-09T01:33:08.1985959Z test draft2020-12/minLength.json/1/0 ... ok
2026-10-09T01:33:08.1986137Z test draft2020-12/minLength.json/1/1 ... ok
2026-10-09T01:33:08.1986329Z test draft2020-12/minProperties.json/0/0 ... ok
2026-10-09T01:33:08.1986638Z test draft2020-12/minProperties.json/0/1 ... ok
2026-10-09T01:33:08.1986838Z test draft2020-12/minProperties.json/0/2 ... ok
2026-10-09T01:33:08.1987038Z test draft2020-12/minProperties.json/0/3 ... ok
2026-10-09T01:33:08.1987235Z test draft2020-12/minProperties.json/0/4 ... ok
2026-10-09T01:33:08.1987431Z test draft2020-12/minProperties.json/0/5 ... ok
2026-10-09T01:33:08.1987626Z test draft2020-12/minProperties.json/0/6 ... ok
2026-10-09T01:33:08.1987821Z test draft2020-12/minProperties.json/0/7 ... ok
2026-10-09T01:33:08.1988018Z test draft2020-12/minProperties.json/1/0 ... ok
2026-10-09T01:33:08.1988213Z test draft2020-12/minProperties.json/1/1 ... ok
2026-10-09T01:33:08.1988400Z test draft2020-12/minimum.json/0/0 ... ok
2026-10-09T01:33:08.1988578Z test draft2020-12/minimum.json/0/1 ... ok
2026-10-09T01:33:08.1988756Z test draft2020-12/minimum.json/0/3 ... ok
2026-10-09T01:33:08.1989011Z test draft2020-12/minimum.json/1/0 ... ok
2026-10-09T01:33:08.1989191Z test draft2020-12/minimum.json/0/2 ... ok
2026-10-09T01:33:08.1989364Z test draft2020-12/minimum.json/1/1 ... ok
2026-10-09T01:33:08.1989537Z test draft2020-12/minimum.json/1/2 ... ok
2026-10-09T01:33:08.1989710Z test draft2020-12/minimum.json/1/3 ... ok
2026-10-09T01:33:08.1989992Z test draft2020-12/minimum.json/1/4 ... ok
2026-10-09T01:33:08.1990273Z test draft2020-12/minimum.json/1/5 ... ok
2026-10-09T01:33:08.1990548Z test draft2020-12/minimum.json/1/6 ... ok
2026-10-09T01:33:08.1990837Z test draft2020-12/multipleOf.json/0/2 ... ok
2026-10-09T01:33:08.1991147Z test draft2020-12/multipleOf.json/0/1 ... ok
2026-10-09T01:33:08.1991455Z test draft2020-12/multipleOf.json/0/0 ... ok
2026-10-09T01:33:08.1991752Z test draft2020-12/multipleOf.json/1/0 ... ok
2026-10-09T01:33:08.1992049Z test draft2020-12/multipleOf.json/1/1 ... ok
2026-10-09T01:33:08.1992344Z test draft2020-12/multipleOf.json/1/2 ... ok
2026-10-09T01:33:08.1992634Z test draft2020-12/multipleOf.json/1/3 ... ok
2026-10-09T01:33:08.1992923Z test draft2020-12/multipleOf.json/2/0 ... ok
2026-10-09T01:33:08.1993213Z test draft2020-12/multipleOf.json/2/1 ... ok
2026-10-09T01:33:08.1993510Z test draft2020-12/multipleOf.json/4/0 ... ok
2026-10-09T01:33:08.1993807Z test draft2020-12/not.json/0/0 ... ok
2026-10-09T01:33:08.1994123Z test draft2020-12/multipleOf.json/3/0 ... ok
2026-10-09T01:33:08.1994431Z test draft2020-12/not.json/1/0 ... ok
2026-10-09T01:33:08.1994708Z test draft2020-12/not.json/0/1 ... ok
2026-10-09T01:33:08.1995118Z test draft2020-12/not.json/1/1 ... ok
2026-10-09T01:33:08.1995384Z test draft2020-12/not.json/1/2 ... ok
2026-10-09T01:33:08.1995638Z test draft2020-12/not.json/2/2 ... ok
2026-10-09T01:33:08.1995903Z test draft2020-12/not.json/2/1 ... ok
2026-10-09T01:33:08.1996174Z test draft2020-12/not.json/3/1 ... ok
2026-10-09T01:33:08.1996443Z test draft2020-12/not.json/3/0 ... ok
2026-10-09T01:33:08.1996710Z test draft2020-12/not.json/4/0 ... ok
2026-10-09T01:33:08.1996973Z test draft2020-12/not.json/4/2 ... ok
2026-10-09T01:33:08.1997235Z test draft2020-12/not.json/4/1 ... ok
2026-10-09T01:33:08.1997399Z test draft2020-12/not.json/4/3 ... ok
2026-10-09T01:33:08.1997559Z test draft2020-12/not.json/4/4 ... ok
2026-10-09T01:33:08.1997720Z test draft2020-12/not.json/4/5 ... ok
2026-10-09T01:33:08.1997880Z test draft2020-12/not.json/4/6 ... ok
2026-10-09T01:33:08.1998040Z test draft2020-12/not.json/4/7 ... ok
2026-10-09T01:33:08.1998200Z test draft2020-12/not.json/4/8 ... ok
2026-10-09T01:33:08.1998363Z test draft2020-12/not.json/5/0 ... ok
2026-10-09T01:33:08.1998521Z test draft2020-12/not.json/5/1 ... ok
2026-10-09T01:33:08.1998680Z test draft2020-12/not.json/5/2 ... ok
2026-10-09T01:33:08.1998840Z test draft2020-12/not.json/5/3 ... ok
2026-10-09T01:33:08.1998999Z test draft2020-12/not.json/5/4 ... ok
2026-10-09T01:33:08.1999160Z test draft2020-12/not.json/5/5 ... ok
2026-10-09T01:33:08.1999319Z test draft2020-12/not.json/5/6 ... ok
2026-10-09T01:33:08.1999483Z test draft2020-12/not.json/5/8 ... ok
2026-10-09T01:33:08.1999663Z test draft2020-12/not.json/5/7 ... ok
2026-10-09T01:33:08.1999963Z test draft2020-12/not.json/6/1 ... ok
2026-10-09T01:33:08.2000124Z test draft2020-12/not.json/6/0 ... ok
2026-10-09T01:33:08.2000289Z test draft2020-12/not.json/6/2 ... ok
2026-10-09T01:33:08.2000453Z test draft2020-12/not.json/6/3 ... ok
2026-10-09T01:33:08.2000614Z test draft2020-12/not.json/6/4 ... ok
2026-10-09T01:33:08.2000774Z test draft2020-12/not.json/6/5 ... ok
2026-10-09T01:33:08.2000935Z test draft2020-12/not.json/6/6 ... ok
2026-10-09T01:33:08.2001095Z test draft2020-12/not.json/6/7 ... ok
2026-10-09T01:33:08.2001256Z test draft2020-12/not.json/6/8 ... ok
2026-10-09T01:33:08.2001416Z test draft2020-12/not.json/2/0 ... ok
2026-10-09T01:33:08.2001579Z test draft2020-12/not.json/7/0 ... ok
2026-10-09T01:33:08.2001739Z test draft2020-12/not.json/8/0 ... ok
2026-10-09T01:33:08.2001908Z test draft2020-12/oneOf.json/0/1 ... ok
2026-10-09T01:33:08.2002080Z test draft2020-12/oneOf.json/0/0 ... ok
2026-10-09T01:33:08.2002329Z test draft2020-12/oneOf.json/0/3 ... ok
2026-10-09T01:33:08.2002502Z test draft2020-12/oneOf.json/1/0 ... ok
2026-10-09T01:33:08.2002670Z test draft2020-12/oneOf.json/1/1 ... ok
2026-10-09T01:33:08.2002838Z test draft2020-12/oneOf.json/1/2 ... ok
2026-10-09T01:33:08.2003006Z test draft2020-12/oneOf.json/0/2 ... ok
2026-10-09T01:33:08.2003172Z test draft2020-12/oneOf.json/2/0 ... ok
2026-10-09T01:33:08.2003337Z test draft2020-12/oneOf.json/3/0 ... ok
2026-10-09T01:33:08.2003503Z test draft2020-12/oneOf.json/5/0 ... ok
2026-10-09T01:33:08.2003671Z test draft2020-12/oneOf.json/4/0 ... ok
2026-10-09T01:33:08.2003838Z test draft2020-12/oneOf.json/6/0 ... ok
2026-10-09T01:33:08.2004681Z [1m[92m     Running[0m tests/suite_draft2019_09.rs (target/debug/build/purrdf-jsonschema/0f7a65780f621a27/out/suite_draft2019_09-0f7a65780f621a27)
2026-10-09T01:33:08.2005189Z test draft2020-12/oneOf.json/6/1 ... ok
2026-10-09T01:33:08.2005360Z test draft2020-12/oneOf.json/6/2 ... ok
2026-10-09T01:33:08.2005533Z test draft2020-12/oneOf.json/7/0 ... ok
2026-10-09T01:33:08.2005701Z test draft2020-12/oneOf.json/6/3 ... ok
2026-10-09T01:33:08.2005867Z test draft2020-12/oneOf.json/7/1 ... ok
2026-10-09T01:33:08.2006035Z test draft2020-12/oneOf.json/8/0 ... ok
2026-10-09T01:33:08.2006200Z test draft2020-12/oneOf.json/8/1 ... ok
2026-10-09T01:33:08.2006365Z test draft2020-12/oneOf.json/8/2 ... ok
2026-10-09T01:33:08.2006533Z test draft2020-12/oneOf.json/8/3 ... ok
2026-10-09T01:33:08.2006701Z test draft2020-12/oneOf.json/9/0 ... ok
2026-10-09T01:33:08.2006868Z test draft2020-12/oneOf.json/9/1 ... ok
2026-10-09T01:33:08.2007033Z test draft2020-12/oneOf.json/9/2 ... ok
2026-10-09T01:33:08.2007205Z test draft2020-12/oneOf.json/10/0 ... ok
2026-10-09T01:33:08.2007377Z test draft2020-12/oneOf.json/9/3 ... ok
2026-10-09T01:33:08.2007551Z test draft2020-12/oneOf.json/10/1 ... ok
2026-10-09T01:33:08.2007745Z test draft2020-12/optional/anchor.json/0/0 ... ok
2026-10-09T01:33:08.2007954Z test draft2020-12/optional/anchor.json/0/1 ... ok
2026-10-09T01:33:08.2008157Z test draft2020-12/optional/anchor.json/0/2 ... ok
2026-10-09T01:33:08.2008359Z test draft2020-12/optional/bignum.json/0/0 ... ok
2026-10-09T01:33:08.2008557Z test draft2020-12/optional/bignum.json/0/1 ... ok
2026-10-09T01:33:08.2008759Z test draft2020-12/optional/bignum.json/1/0 ... ok
2026-10-09T01:33:08.2008956Z test draft2020-12/optional/anchor.json/0/3 ... ok
2026-10-09T01:33:08.2009154Z test draft2020-12/optional/bignum.json/1/1 ... ok
2026-10-09T01:33:08.2009351Z test draft2020-12/optional/bignum.json/2/0 ... ok
2026-10-09T01:33:08.2009547Z test draft2020-12/optional/bignum.json/3/0 ... ok
2026-10-09T01:33:08.2009746Z test draft2020-12/optional/bignum.json/4/0 ... ok
2026-10-09T01:33:08.2009950Z test draft2020-12/optional/bignum.json/5/0 ... ok
2026-10-09T01:33:08.2010146Z test draft2020-12/optional/bignum.json/6/0 ... ok
2026-10-09T01:33:08.2010363Z test draft2020-12/optional/cross-draft.json/0/0 ... ok
2026-10-09T01:33:08.2010636Z test draft2020-12/optional/dependencies-compatibility.json/0/0 ... ok
2026-10-09T01:33:08.2011038Z test draft2020-12/optional/dependencies-compatibility.json/0/2 ... ok
2026-10-09T01:33:08.2011334Z test draft2020-12/optional/dependencies-compatibility.json/0/1 ... ok
2026-10-09T01:33:08.2011623Z test draft2020-12/optional/dependencies-compatibility.json/0/4 ... ok
2026-10-09T01:33:08.2011910Z test draft2020-12/optional/dependencies-compatibility.json/0/3 ... ok
2026-10-09T01:33:08.2012195Z test draft2020-12/optional/dependencies-compatibility.json/0/5 ... ok
2026-10-09T01:33:08.2012483Z test draft2020-12/optional/dependencies-compatibility.json/1/0 ... ok
2026-10-09T01:33:08.2012768Z test draft2020-12/optional/dependencies-compatibility.json/1/1 ... ok
2026-10-09T01:33:08.2013056Z test draft2020-12/optional/dependencies-compatibility.json/0/6 ... ok
2026-10-09T01:33:08.2013341Z test draft2020-12/optional/dependencies-compatibility.json/1/2 ... ok
2026-10-09T01:33:08.2013709Z test draft2020-12/optional/dependencies-compatibility.json/2/0 ... ok
2026-10-09T01:33:08.2013995Z test draft2020-12/optional/dependencies-compatibility.json/2/1 ... ok
2026-10-09T01:33:08.2014280Z test draft2020-12/optional/dependencies-compatibility.json/2/2 ... ok
2026-10-09T01:33:08.2014563Z test draft2020-12/optional/dependencies-compatibility.json/2/3 ... ok
2026-10-09T01:33:08.2014845Z test draft2020-12/optional/dependencies-compatibility.json/2/4 ... ok
2026-10-09T01:33:08.2015201Z test draft2020-12/not.json/8/1 ... ok
2026-10-09T01:33:08.2015431Z test draft2020-12/optional/dependencies-compatibility.json/2/5 ... ok
2026-10-09T01:33:08.2015717Z test draft2020-12/optional/dependencies-compatibility.json/3/1 ... ok
2026-10-09T01:33:08.2015999Z test draft2020-12/optional/dependencies-compatibility.json/3/0 ... ok
2026-10-09T01:33:08.2016280Z test draft2020-12/optional/dependencies-compatibility.json/3/3 ... ok
2026-10-09T01:33:08.2016560Z test draft2020-12/optional/dependencies-compatibility.json/3/2 ... ok
2026-10-09T01:33:08.2016843Z test draft2020-12/optional/dependencies-compatibility.json/4/1 ... ok
2026-10-09T01:33:08.2017128Z test draft2020-12/optional/dependencies-compatibility.json/4/0 ... ok
2026-10-09T01:33:08.2017411Z test draft2020-12/optional/dependencies-compatibility.json/4/3 ... ok
2026-10-09T01:33:08.2017698Z test draft2020-12/optional/dependencies-compatibility.json/4/5 ... ok
2026-10-09T01:33:08.2017981Z test draft2020-12/optional/dependencies-compatibility.json/4/2 ... ok
2026-10-09T01:33:08.2018342Z test draft2020-12/optional/dependencies-compatibility.json/4/6 ... ok
2026-10-09T01:33:08.2018807Z test draft2020-12/optional/dependencies-compatibility.json/4/7 ... ok
2026-10-09T01:33:08.2019179Z test draft2020-12/optional/dependencies-compatibility.json/5/0 ... ok
2026-10-09T01:33:08.2019465Z test draft2020-12/optional/dependencies-compatibility.json/5/1 ... ok
2026-10-09T01:33:08.2019748Z test draft2020-12/optional/dependencies-compatibility.json/4/4 ... ok
2026-10-09T01:33:08.2020035Z test draft2020-12/optional/dependencies-compatibility.json/5/3 ... ok
2026-10-09T01:33:08.2020318Z test draft2020-12/optional/dependencies-compatibility.json/5/2 ... ok
2026-10-09T01:33:08.2020604Z test draft2020-12/optional/dependencies-compatibility.json/6/0 ... ok
2026-10-09T01:33:08.2020888Z test draft2020-12/optional/dependencies-compatibility.json/6/2 ... ok
2026-10-09T01:33:08.2021173Z test draft2020-12/optional/dependencies-compatibility.json/6/1 ... ok
2026-10-09T01:33:08.2021457Z test draft2020-12/optional/dependencies-compatibility.json/6/3 ... ok
2026-10-09T01:33:08.2021725Z test draft2020-12/optional/ecmascript-regex.json/0/0 ... ok
2026-10-09T01:33:08.2021966Z test draft2020-12/optional/dynamicRef.json/0/0 ... ok
2026-10-09T01:33:08.2022204Z test draft2020-12/optional/ecmascript-regex.json/1/0 ... ok
2026-10-09T01:33:08.2022441Z test draft2020-12/optional/dynamicRef.json/0/1 ... ok
2026-10-09T01:33:08.2022675Z test draft2020-12/optional/ecmascript-regex.json/2/0 ... ok
2026-10-09T01:33:08.2022917Z test draft2020-12/optional/ecmascript-regex.json/0/1 ... ok
2026-10-09T01:33:08.2023160Z test draft2020-12/optional/ecmascript-regex.json/1/1 ... ok
2026-10-09T01:33:08.2023505Z test draft2020-12/optional/ecmascript-regex.json/3/0 ... ok
2026-10-09T01:33:08.2023748Z test draft2020-12/optional/ecmascript-regex.json/4/0 ... ok
2026-10-09T01:33:08.2023988Z test draft2020-12/optional/ecmascript-regex.json/2/1 ... ok
2026-10-09T01:33:08.2024228Z test draft2020-12/optional/ecmascript-regex.json/3/1 ... ok
2026-10-09T01:33:08.2024468Z test draft2020-12/optional/ecmascript-regex.json/4/1 ... ok
2026-10-09T01:33:08.2024708Z test draft2020-12/optional/ecmascript-regex.json/4/2 ... ok
2026-10-09T01:33:08.2025066Z test draft2020-12/optional/ecmascript-regex.json/5/0 ... ok
2026-10-09T01:33:08.2025310Z test draft2020-12/optional/ecmascript-regex.json/5/1 ... ok
2026-10-09T01:33:08.2025548Z test draft2020-12/optional/ecmascript-regex.json/5/2 ... ok
2026-10-09T01:33:08.2025788Z test draft2020-12/optional/ecmascript-regex.json/6/1 ... ok
2026-10-09T01:33:08.2026149Z test draft2020-12/optional/ecmascript-regex.json/7/0 ... ok
2026-10-09T01:33:08.2026393Z test draft2020-12/optional/ecmascript-regex.json/8/0 ... ok
2026-10-09T01:33:08.2026632Z test draft2020-12/optional/ecmascript-regex.json/7/1 ... ok
2026-10-09T01:33:08.2026876Z test draft2020-12/optional/ecmascript-regex.json/8/1 ... ok
2026-10-09T01:33:08.2027114Z test draft2020-12/optional/ecmascript-regex.json/8/3 ... ok
2026-10-09T01:33:08.2027354Z test draft2020-12/optional/ecmascript-regex.json/8/4 ... ok
2026-10-09T01:33:08.2027593Z test draft2020-12/optional/ecmascript-regex.json/8/5 ... ok
2026-10-09T01:33:08.2027832Z test draft2020-12/optional/ecmascript-regex.json/8/6 ... ok
2026-10-09T01:33:08.2028074Z test draft2020-12/optional/ecmascript-regex.json/8/7 ... ok
2026-10-09T01:33:08.2028315Z test draft2020-12/optional/ecmascript-regex.json/8/8 ... ok
2026-10-09T01:33:08.2028559Z test draft2020-12/optional/ecmascript-regex.json/8/9 ... ok
2026-10-09T01:33:08.2028804Z test draft2020-12/optional/ecmascript-regex.json/8/10 ... ok
2026-10-09T01:33:08.2029052Z test draft2020-12/optional/ecmascript-regex.json/9/0 ... ok
2026-10-09T01:33:08.2029295Z test draft2020-12/optional/ecmascript-regex.json/9/1 ... ok
2026-10-09T01:33:08.2029537Z test draft2020-12/optional/ecmascript-regex.json/9/2 ... ok
2026-10-09T01:33:08.2029775Z test draft2020-12/optional/ecmascript-regex.json/9/3 ... ok
2026-10-09T01:33:08.2030015Z test draft2020-12/optional/ecmascript-regex.json/9/4 ... ok
2026-10-09T01:33:08.2030254Z test draft2020-12/optional/ecmascript-regex.json/9/5 ... ok
2026-10-09T01:33:08.2030492Z test draft2020-12/optional/ecmascript-regex.json/9/6 ... ok
2026-10-09T01:33:08.2030608Z test draft2020-12/optional/ecmascript-regex.json/9/7 ... ok
2026-10-09T01:33:08.2030724Z test draft2020-12/optional/ecmascript-regex.json/9/8 ... ok
2026-10-09T01:33:08.2030837Z test draft2020-12/optional/ecmascript-regex.json/9/9 ... ok
2026-10-09T01:33:08.2030951Z test draft2020-12/optional/ecmascript-regex.json/6/0 ... ok
2026-10-09T01:33:08.2031077Z test draft2020-12/optional/ecmascript-regex.json/10/0 ... ok
2026-10-09T01:33:08.2031194Z test draft2020-12/optional/ecmascript-regex.json/8/2 ... ok
2026-10-09T01:33:08.2031316Z test draft2020-12/optional/ecmascript-regex.json/9/10 ... ok
2026-10-09T01:33:08.2031435Z test draft2020-12/optional/ecmascript-regex.json/10/1 ... ok
2026-10-09T01:33:08.2031554Z test draft2020-12/optional/ecmascript-regex.json/10/2 ... ok
2026-10-09T01:33:08.2031673Z test draft2020-12/optional/ecmascript-regex.json/11/0 ... ok
2026-10-09T01:33:08.2031788Z test draft2020-12/optional/ecmascript-regex.json/11/2 ... ok
2026-10-09T01:33:08.2031907Z test draft2020-12/optional/ecmascript-regex.json/11/3 ... ok
2026-10-09T01:33:08.2032024Z test draft2020-12/optional/ecmascript-regex.json/11/1 ... ok
2026-10-09T01:33:08.2032140Z test draft2020-12/optional/ecmascript-regex.json/12/0 ... ok
2026-10-09T01:33:08.2032257Z test draft2020-12/optional/ecmascript-regex.json/12/1 ... ok
2026-10-09T01:33:08.2032377Z test draft2020-12/optional/ecmascript-regex.json/12/2 ... ok
2026-10-09T01:33:08.2032492Z test draft2020-12/optional/ecmascript-regex.json/13/0 ... ok
2026-10-09T01:33:08.2032697Z test draft2020-12/optional/ecmascript-regex.json/13/2 ... ok
2026-10-09T01:33:08.2032814Z test draft2020-12/optional/ecmascript-regex.json/14/0 ... ok
2026-10-09T01:33:08.2032928Z test draft2020-12/optional/ecmascript-regex.json/14/1 ... ok
2026-10-09T01:33:08.2033045Z test draft2020-12/optional/ecmascript-regex.json/13/1 ... ok
2026-10-09T01:33:08.2033166Z test draft2020-12/optional/ecmascript-regex.json/10/3 ... ok
2026-10-09T01:33:08.2033285Z test draft2020-12/optional/ecmascript-regex.json/14/2 ... ok
2026-10-09T01:33:08.2033402Z test draft2020-12/optional/ecmascript-regex.json/15/2 ... ok
2026-10-09T01:33:08.2033516Z test draft2020-12/optional/ecmascript-regex.json/15/3 ... ok
2026-10-09T01:33:08.2033634Z test draft2020-12/optional/ecmascript-regex.json/15/1 ... ok
2026-10-09T01:33:08.2033750Z test draft2020-12/optional/ecmascript-regex.json/16/1 ... ok
2026-10-09T01:33:08.2033925Z test draft2020-12/optional/ecmascript-regex.json/16/0 ... ok
2026-10-09T01:33:08.2034048Z test draft2020-12/optional/ecmascript-regex.json/16/2 ... ok
2026-10-09T01:33:08.2034166Z test draft2020-12/optional/ecmascript-regex.json/16/3 ... ok
2026-10-09T01:33:08.2034281Z test draft2020-12/optional/ecmascript-regex.json/17/1 ... ok
2026-10-09T01:33:08.2034398Z test draft2020-12/optional/ecmascript-regex.json/17/0 ... ok
2026-10-09T01:33:08.2034515Z test draft2020-12/optional/ecmascript-regex.json/18/0 ... ok
2026-10-09T01:33:08.2034630Z test draft2020-12/optional/ecmascript-regex.json/18/1 ... ok
2026-10-09T01:33:08.2034746Z test draft2020-12/optional/ecmascript-regex.json/18/2 ... ok
2026-10-09T01:33:08.2034826Z test draft2020-12/defs.json/0/0 ... ok
2026-10-09T01:33:08.2035056Z test draft2020-12/optional/ecmascript-regex.json/19/1 ... ok
2026-10-09T01:33:08.2035173Z test draft2020-12/optional/ecmascript-regex.json/19/0 ... ok
2026-10-09T01:33:08.2035288Z test draft2020-12/optional/ecmascript-regex.json/17/2 ... ok
2026-10-09T01:33:08.2035404Z test draft2020-12/optional/format/date-time.json/0/0 ... ok
2026-10-09T01:33:08.2035521Z test draft2020-12/optional/format/date-time.json/0/1 ... ok
2026-10-09T01:33:08.2035635Z test draft2020-12/optional/format/date-time.json/0/2 ... ok
2026-10-09T01:33:08.2035749Z test draft2020-12/optional/format/date-time.json/0/3 ... ok
2026-10-09T01:33:08.2035867Z test draft2020-12/optional/ecmascript-regex.json/19/2 ... ok
2026-10-09T01:33:08.2035979Z test draft2020-12/optional/format/date-time.json/0/4 ... ok
2026-10-09T01:33:08.2036091Z test draft2020-12/optional/format/date-time.json/0/5 ... ok
2026-10-09T01:33:08.2036202Z test draft2020-12/optional/format/date-time.json/0/7 ... ok
2026-10-09T01:33:08.2036314Z test draft2020-12/optional/format/date-time.json/0/6 ... ok
2026-10-09T01:33:08.2036425Z test draft2020-12/optional/format/date-time.json/0/9 ... ok
2026-10-09T01:33:08.2036535Z test draft2020-12/optional/format/date-time.json/0/8 ... ok
2026-10-09T01:33:08.2036655Z test draft2020-12/optional/format/date-time.json/0/10 ... ok
2026-10-09T01:33:08.2036773Z test draft2020-12/optional/format/date-time.json/0/11 ... ok
2026-10-09T01:33:08.2036888Z test draft2020-12/optional/format/date-time.json/0/12 ... ok
2026-10-09T01:33:08.2037003Z test draft2020-12/optional/format/date-time.json/0/13 ... ok
2026-10-09T01:33:08.2037119Z test draft2020-12/optional/format/date-time.json/0/14 ... ok
2026-10-09T01:33:08.2037232Z test draft2020-12/optional/format/date-time.json/0/15 ... ok
2026-10-09T01:33:08.2037347Z test draft2020-12/optional/format/date-time.json/0/16 ... ok
2026-10-09T01:33:08.2037462Z test draft2020-12/optional/format/date-time.json/0/18 ... ok
2026-10-09T01:33:08.2037574Z test draft2020-12/optional/format/date-time.json/0/17 ... ok
2026-10-09T01:33:08.2037691Z test draft2020-12/optional/format/date-time.json/0/19 ... ok
2026-10-09T01:33:08.2037804Z test draft2020-12/optional/format/date-time.json/0/20 ... ok
2026-10-09T01:33:08.2037954Z test draft2020-12/optional/format/date-time.json/0/21 ... ok
2026-10-09T01:33:08.2038090Z test draft2020-12/optional/format/date-time.json/0/22 ... ok
2026-10-09T01:33:08.2038292Z test draft2020-12/optional/format/date-time.json/0/23 ... ok
2026-10-09T01:33:08.2038409Z test draft2020-12/optional/format/date-time.json/0/24 ... ok
2026-10-09T01:33:08.2038526Z test draft2020-12/optional/format/date-time.json/0/25 ... ok
2026-10-09T01:33:08.2038641Z test draft2020-12/optional/format/date-time.json/0/26 ... ok
2026-10-09T01:33:08.2038758Z test draft2020-12/optional/format/date-time.json/0/27 ... ok
2026-10-09T01:33:08.2038875Z test draft2020-12/optional/format/date-time.json/0/28 ... ok
2026-10-09T01:33:08.2038993Z test draft2020-12/optional/format/date-time.json/0/29 ... ok
2026-10-09T01:33:08.2039110Z test draft2020-12/optional/format/date-time.json/0/30 ... ok
2026-10-09T01:33:08.2039224Z test draft2020-12/optional/format/date-time.json/0/32 ... ok
2026-10-09T01:33:08.2039339Z test draft2020-12/optional/format/date-time.json/0/31 ... ok
2026-10-09T01:33:08.2039534Z test draft2020-12/optional/format/date-time.json/0/33 ... ok
2026-10-09T01:33:08.2039652Z test draft2020-12/optional/format/date-time.json/0/34 ... ok
2026-10-09T01:33:08.2039770Z test draft2020-12/optional/format/date-time.json/0/35 ... ok
2026-10-09T01:33:08.2039885Z test draft2020-12/optional/format/date-time.json/0/36 ... ok
2026-10-09T01:33:08.2039997Z test draft2020-12/optional/format/date-time.json/0/37 ... ok
2026-10-09T01:33:08.2040113Z test draft2020-12/optional/format/date-time.json/0/38 ... ok
2026-10-09T01:33:08.2040229Z test draft2020-12/optional/format/date-time.json/0/39 ... ok
2026-10-09T01:33:08.2040342Z test draft2020-12/optional/format/date-time.json/0/40 ... ok
2026-10-09T01:33:08.2040458Z test draft2020-12/optional/format/date-time.json/0/41 ... ok
2026-10-09T01:33:08.2040574Z test draft2020-12/optional/format/date-time.json/0/42 ... ok
2026-10-09T01:33:08.2040681Z test draft2020-12/optional/format/date.json/0/0 ... ok
2026-10-09T01:33:08.2040789Z test draft2020-12/optional/format/date.json/0/1 ... ok
2026-10-09T01:33:08.2040894Z test draft2020-12/optional/format/date.json/0/2 ... ok
2026-10-09T01:33:08.2040998Z test draft2020-12/optional/format/date.json/0/3 ... ok
2026-10-09T01:33:08.2041103Z test draft2020-12/optional/format/date.json/0/4 ... ok
2026-10-09T01:33:08.2041203Z test draft2020-12/optional/format/date.json/0/5 ... ok
2026-10-09T01:33:08.2041308Z test draft2020-12/optional/format/date.json/0/6 ... ok
2026-10-09T01:33:08.2041411Z test draft2020-12/optional/format/date.json/0/7 ... ok
2026-10-09T01:33:08.2041513Z test draft2020-12/optional/format/date.json/0/8 ... ok
2026-10-09T01:33:08.2041616Z test draft2020-12/optional/format/date.json/0/9 ... ok
2026-10-09T01:33:08.2041724Z test draft2020-12/optional/format/date.json/0/10 ... ok
2026-10-09T01:33:08.2041828Z test draft2020-12/optional/format/date.json/0/11 ... ok
2026-10-09T01:33:08.2041934Z test draft2020-12/optional/format/date.json/0/12 ... ok
2026-10-09T01:33:08.2042039Z test draft2020-12/optional/format/date.json/0/13 ... ok
2026-10-09T01:33:08.2042144Z test draft2020-12/optional/format/date.json/0/14 ... ok
2026-10-09T01:33:08.2042250Z test draft2020-12/optional/format/date.json/0/15 ... ok
2026-10-09T01:33:08.2042352Z test draft2020-12/optional/format/date.json/0/16 ... ok
2026-10-09T01:33:08.2042456Z test draft2020-12/optional/format/date.json/0/17 ... ok
2026-10-09T01:33:08.2042560Z test draft2020-12/optional/format/date.json/0/18 ... ok
2026-10-09T01:33:08.2042663Z test draft2020-12/optional/format/date.json/0/19 ... ok
2026-10-09T01:33:08.2042767Z test draft2020-12/optional/format/date.json/0/21 ... ok
2026-10-09T01:33:08.2042871Z test draft2020-12/optional/format/date.json/0/20 ... ok
2026-10-09T01:33:08.2042973Z test draft2020-12/optional/format/date.json/0/23 ... ok
2026-10-09T01:33:08.2043077Z test draft2020-12/optional/format/date.json/0/22 ... ok
2026-10-09T01:33:08.2043181Z test draft2020-12/optional/format/date.json/0/24 ... ok
2026-10-09T01:33:08.2043284Z test draft2020-12/optional/format/date.json/0/25 ... ok
2026-10-09T01:33:08.2043390Z test draft2020-12/optional/format/date.json/0/26 ... ok
2026-10-09T01:33:08.2043552Z test draft2020-12/optional/format/date.json/0/27 ... ok
2026-10-09T01:33:08.2043656Z test draft2020-12/optional/format/date.json/0/28 ... ok
2026-10-09T01:33:08.2043760Z test draft2020-12/optional/format/date.json/0/29 ... ok
2026-10-09T01:33:08.2043861Z test draft2020-12/optional/format/date.json/0/30 ... ok
2026-10-09T01:33:08.2043966Z test draft2020-12/optional/format/date.json/0/31 ... ok
2026-10-09T01:33:08.2044071Z test draft2020-12/optional/format/date.json/0/32 ... ok
2026-10-09T01:33:08.2044173Z test draft2020-12/optional/format/date.json/0/33 ... ok
2026-10-09T01:33:08.2044276Z test draft2020-12/optional/format/date.json/0/35 ... ok
2026-10-09T01:33:08.2044380Z test draft2020-12/optional/format/date.json/0/34 ... ok
2026-10-09T01:33:08.2044481Z test draft2020-12/optional/format/date.json/0/36 ... ok
2026-10-09T01:33:08.2044645Z test draft2020-12/optional/format/date.json/0/38 ... ok
2026-10-09T01:33:08.2044749Z test draft2020-12/optional/format/date.json/0/37 ... ok
2026-10-09T01:33:08.2044855Z test draft2020-12/optional/format/date.json/0/39 ... ok
2026-10-09T01:33:08.2045082Z test draft2020-12/optional/format/date.json/0/40 ... ok
2026-10-09T01:33:08.2045186Z test draft2020-12/optional/format/date.json/0/41 ... ok
2026-10-09T01:33:08.2045291Z test draft2020-12/optional/format/date.json/0/42 ... ok
2026-10-09T01:33:08.2045396Z test draft2020-12/optional/format/date.json/0/43 ... ok
2026-10-09T01:33:08.2045498Z test draft2020-12/optional/format/date.json/0/44 ... ok
2026-10-09T01:33:08.2045601Z test draft2020-12/optional/format/date.json/0/45 ... ok
2026-10-09T01:33:08.2045704Z test draft2020-12/optional/format/date.json/0/46 ... ok
2026-10-09T01:33:08.2045806Z test draft2020-12/optional/format/date.json/0/47 ... ok
2026-10-09T01:33:08.2045909Z test draft2020-12/optional/format/date.json/0/48 ... ok
2026-10-09T01:33:08.2046013Z test draft2020-12/optional/format/date.json/0/49 ... ok
2026-10-09T01:33:08.2046116Z test draft2020-12/optional/format/date.json/0/50 ... ok
2026-10-09T01:33:08.2046222Z test draft2020-12/optional/format/date.json/0/51 ... ok
2026-10-09T01:33:08.2046324Z test draft2020-12/optional/format/date.json/0/52 ... ok
2026-10-09T01:33:08.2046428Z test draft2020-12/optional/format/date.json/0/53 ... ok
2026-10-09T01:33:08.2046532Z test draft2020-12/optional/format/date.json/0/54 ... ok
2026-10-09T01:33:08.2046633Z test draft2020-12/optional/format/date.json/0/55 ... ok
2026-10-09T01:33:08.2046737Z test draft2020-12/optional/format/date.json/0/57 ... ok
2026-10-09T01:33:08.2046841Z test draft2020-12/optional/format/date.json/0/56 ... ok
2026-10-09T01:33:08.2046943Z test draft2020-12/optional/format/date.json/0/59 ... ok
2026-10-09T01:33:08.2047046Z test draft2020-12/optional/format/date.json/0/60 ... ok
2026-10-09T01:33:08.2047151Z test draft2020-12/optional/format/date.json/0/61 ... ok
2026-10-09T01:33:08.2047253Z test draft2020-12/optional/format/date.json/0/62 ... ok
2026-10-09T01:33:08.2047373Z test draft2020-12/optional/float-overflow.json/0/0 ... ok
2026-10-09T01:33:08.2047478Z test draft2020-12/optional/format/date.json/0/58 ... ok
2026-10-09T01:33:08.2047600Z test draft2020-12/optional/ecmascript-regex.json/15/0 ... ok
2026-10-09T01:33:08.2047705Z test draft2020-12/optional/format/date.json/0/63 ... ok
2026-10-09T01:33:08.2047809Z test draft2020-12/optional/format/date.json/0/64 ... ok
2026-10-09T01:33:08.2047914Z test draft2020-12/optional/format/date.json/0/65 ... ok
2026-10-09T01:33:08.2048019Z test draft2020-12/optional/format/date.json/0/66 ... ok
2026-10-09T01:33:08.2048121Z test draft2020-12/optional/format/date.json/0/67 ... ok
2026-10-09T01:33:08.2048224Z test draft2020-12/optional/format/date.json/0/69 ... ok
2026-10-09T01:33:08.2048329Z test draft2020-12/optional/format/date.json/0/71 ... ok
2026-10-09T01:33:08.2048430Z test draft2020-12/optional/format/date.json/0/70 ... ok
2026-10-09T01:33:08.2048536Z test draft2020-12/optional/format/date.json/0/72 ... ok
2026-10-09T01:33:08.2048638Z test draft2020-12/optional/format/date.json/0/73 ... ok
2026-10-09T01:33:08.2048835Z test draft2020-12/optional/format/date.json/0/74 ... ok
2026-10-09T01:33:08.2048939Z test draft2020-12/optional/format/date.json/0/75 ... ok
2026-10-09T01:33:08.2049041Z test draft2020-12/optional/format/date.json/0/76 ... ok
2026-10-09T01:33:08.2049145Z test draft2020-12/optional/format/date.json/0/78 ... ok
2026-10-09T01:33:08.2049250Z test draft2020-12/optional/format/date.json/0/77 ... ok
2026-10-09T01:33:08.2049352Z test draft2020-12/optional/format/date.json/0/79 ... ok
2026-10-09T01:33:08.2049456Z test draft2020-12/optional/format/date.json/0/80 ... ok
2026-10-09T01:33:08.2049574Z test draft2020-12/optional/format/duration.json/0/0 ... ok
2026-10-09T01:33:08.2049686Z test draft2020-12/optional/format/duration.json/0/1 ... ok
2026-10-09T01:33:08.2049799Z test draft2020-12/optional/format/duration.json/0/2 ... ok
2026-10-09T01:33:08.2049991Z test draft2020-12/optional/format/duration.json/0/4 ... ok
2026-10-09T01:33:08.2050104Z test draft2020-12/optional/format/duration.json/0/3 ... ok
2026-10-09T01:33:08.2050217Z test draft2020-12/optional/format/duration.json/0/5 ... ok
2026-10-09T01:33:08.2050326Z test draft2020-12/optional/format/duration.json/0/6 ... ok
2026-10-09T01:33:08.2050438Z test draft2020-12/optional/format/duration.json/0/7 ... ok
2026-10-09T01:33:08.2050550Z test draft2020-12/optional/format/duration.json/0/8 ... ok
2026-10-09T01:33:08.2050659Z test draft2020-12/optional/format/duration.json/0/9 ... ok
2026-10-09T01:33:08.2050776Z test draft2020-12/optional/format/duration.json/0/11 ... ok
2026-10-09T01:33:08.2050893Z test draft2020-12/optional/format/duration.json/0/10 ... ok
2026-10-09T01:33:08.2051007Z test draft2020-12/optional/format/duration.json/0/12 ... ok
2026-10-09T01:33:08.2051204Z test draft2020-12/optional/format/duration.json/0/13 ... ok
2026-10-09T01:33:08.2051390Z test draft2020-12/optional/format/duration.json/0/14 ... ok
2026-10-09T01:33:08.2051624Z test draft2020-12/optional/format/duration.json/0/15 ... ok
2026-10-09T01:33:08.2051817Z test draft2020-12/optional/format/duration.json/0/16 ... ok
2026-10-09T01:33:08.2052008Z test draft2020-12/optional/format/duration.json/0/17 ... ok
2026-10-09T01:33:08.2052200Z test draft2020-12/optional/format/duration.json/0/18 ... ok
2026-10-09T01:33:08.2052391Z test draft2020-12/optional/format/duration.json/0/19 ... ok
2026-10-09T01:33:08.2052576Z test draft2020-12/optional/format/duration.json/0/21 ... ok
2026-10-09T01:33:08.2052762Z test draft2020-12/optional/format/duration.json/0/20 ... ok
2026-10-09T01:33:08.2052951Z test draft2020-12/optional/format/duration.json/0/22 ... ok
2026-10-09T01:33:08.2053135Z test draft2020-12/optional/format/duration.json/0/23 ... ok
2026-10-09T01:33:08.2053330Z test draft2020-12/optional/format/duration.json/0/25 ... ok
2026-10-09T01:33:08.2053515Z test draft2020-12/optional/format/duration.json/0/24 ... ok
2026-10-09T01:33:08.2053710Z test draft2020-12/optional/format/duration.json/0/26 ... ok
2026-10-09T01:33:08.2053900Z test draft2020-12/optional/format/duration.json/0/27 ... ok
2026-10-09T01:33:08.2054089Z test draft2020-12/optional/format/duration.json/0/28 ... ok
2026-10-09T01:33:08.2054271Z test draft2020-12/optional/format/duration.json/0/30 ... ok
2026-10-09T01:33:08.2054456Z test draft2020-12/optional/format/duration.json/0/31 ... ok
2026-10-09T01:33:08.2054650Z test draft2020-12/optional/format/duration.json/0/32 ... ok
2026-10-09T01:33:08.2054839Z test draft2020-12/optional/format/duration.json/0/33 ... ok
2026-10-09T01:33:08.2055154Z test draft2020-12/optional/format/duration.json/0/29 ... ok
2026-10-09T01:33:08.2055339Z test draft2020-12/optional/format/duration.json/0/34 ... ok
2026-10-09T01:33:08.2055536Z test draft2020-12/optional/format/duration.json/0/35 ... ok
2026-10-09T01:33:08.2055732Z test draft2020-12/optional/format/duration.json/0/36 ... ok
2026-10-09T01:33:08.2055935Z test draft2020-12/optional/format/duration.json/0/38 ... ok
2026-10-09T01:33:08.2056135Z test draft2020-12/optional/format/duration.json/0/37 ... ok
2026-10-09T01:33:08.2056485Z test draft2020-12/optional/format/duration.json/0/39 ... ok
2026-10-09T01:33:08.2056672Z test draft2020-12/optional/format/duration.json/0/40 ... ok
2026-10-09T01:33:08.2056792Z test draft2020-12/optional/format/duration.json/0/41 ... ok
2026-10-09T01:33:08.2056907Z test draft2020-12/optional/format/duration.json/0/42 ... ok
2026-10-09T01:33:08.2057020Z test draft2020-12/optional/format/duration.json/0/43 ... ok
2026-10-09T01:33:08.2057133Z test draft2020-12/optional/format/duration.json/0/44 ... ok
2026-10-09T01:33:08.2057244Z test draft2020-12/optional/format/duration.json/0/45 ... ok
2026-10-09T01:33:08.2057360Z test draft2020-12/optional/format/duration.json/0/47 ... ok
2026-10-09T01:33:08.2057475Z test draft2020-12/optional/format/duration.json/0/46 ... ok
2026-10-09T01:33:08.2057585Z test draft2020-12/optional/format/duration.json/0/48 ... ok
2026-10-09T01:33:08.2057784Z test draft2020-12/optional/format/duration.json/0/49 ... ok
2026-10-09T01:33:08.2057899Z test draft2020-12/optional/format/duration.json/0/50 ... ok
2026-10-09T01:33:08.2058012Z test draft2020-12/optional/format/duration.json/0/51 ... ok
2026-10-09T01:33:08.2058152Z test draft2020-12/optional/format/ecmascript-regex.json/0/0 ... ok
2026-10-09T01:33:08.2058287Z test draft2020-12/optional/format/ecmascript-regex.json/1/0 ... ok
2026-10-09T01:33:08.2058415Z test draft2020-12/optional/format/ecmascript-regex.json/1/2 ... ok
2026-10-09T01:33:08.2058546Z test draft2020-12/optional/format/ecmascript-regex.json/1/1 ... ok
2026-10-09T01:33:08.2058676Z test draft2020-12/optional/format/ecmascript-regex.json/2/0 ... ok
2026-10-09T01:33:08.2058802Z test draft2020-12/optional/format/ecmascript-regex.json/2/1 ... ok
2026-10-09T01:33:08.2058931Z test draft2020-12/optional/format/ecmascript-regex.json/3/0 ... ok
2026-10-09T01:33:08.2059058Z test draft2020-12/optional/format/ecmascript-regex.json/3/1 ... ok
2026-10-09T01:33:08.2059190Z test draft2020-12/optional/format/ecmascript-regex.json/5/0 ... ok
2026-10-09T01:33:08.2059319Z test draft2020-12/optional/format/ecmascript-regex.json/4/0 ... ok
2026-10-09T01:33:08.2059448Z test draft2020-12/optional/format/ecmascript-regex.json/5/1 ... ok
2026-10-09T01:33:08.2059557Z test draft2020-12/optional/format/email.json/0/0 ... ok
2026-10-09T01:33:08.2059666Z test draft2020-12/optional/format/email.json/0/1 ... ok
2026-10-09T01:33:08.2059771Z test draft2020-12/optional/format/email.json/0/2 ... ok
2026-10-09T01:33:08.2059878Z test draft2020-12/optional/format/email.json/0/3 ... ok
2026-10-09T01:33:08.2060008Z test draft2020-12/optional/format/ecmascript-regex.json/5/2 ... ok
2026-10-09T01:33:08.2060112Z test draft2020-12/optional/format/email.json/0/4 ... ok
2026-10-09T01:33:08.2060218Z test draft2020-12/optional/format/email.json/0/5 ... ok
2026-10-09T01:33:08.2060322Z test draft2020-12/optional/format/email.json/0/7 ... ok
2026-10-09T01:33:08.2060427Z test draft2020-12/optional/format/email.json/0/6 ... ok
2026-10-09T01:33:08.2060534Z test draft2020-12/optional/format/email.json/0/8 ... ok
2026-10-09T01:33:08.2060638Z test draft2020-12/optional/format/email.json/0/9 ... ok
2026-10-09T01:33:08.2060785Z test draft2020-12/optional/format/email.json/0/10 ... ok
2026-10-09T01:33:08.2060964Z test draft2020-12/optional/format/email.json/0/11 ... ok
2026-10-09T01:33:08.2061137Z test draft2020-12/optional/format/email.json/0/12 ... ok
2026-10-09T01:33:08.2061316Z test draft2020-12/optional/format/email.json/0/13 ... ok
2026-10-09T01:33:08.2061494Z test draft2020-12/optional/format/email.json/0/14 ... ok
2026-10-09T01:33:08.2061669Z test draft2020-12/optional/format/email.json/0/15 ... ok
2026-10-09T01:33:08.2061833Z test draft2020-12/optional/format/email.json/0/16 ... ok
2026-10-09T01:33:08.2061941Z test draft2020-12/optional/format/email.json/0/17 ... ok
2026-10-09T01:33:08.2062044Z test draft2020-12/optional/format/email.json/0/18 ... ok
2026-10-09T01:33:08.2062150Z test draft2020-12/optional/format/email.json/0/19 ... ok
2026-10-09T01:33:08.2062257Z test draft2020-12/optional/format/email.json/0/20 ... ok
2026-10-09T01:33:08.2062441Z test draft2020-12/optional/format/email.json/0/22 ... ok
2026-10-09T01:33:08.2062546Z test draft2020-12/optional/format/email.json/0/21 ... ok
2026-10-09T01:33:08.2062650Z test draft2020-12/optional/format/email.json/0/24 ... ok
2026-10-09T01:33:08.2062756Z test draft2020-12/optional/format/email.json/0/23 ... ok
2026-10-09T01:33:08.2062863Z test draft2020-12/optional/format/email.json/0/25 ... ok
2026-10-09T01:33:08.2062967Z test draft2020-12/optional/format/email.json/0/26 ... ok
2026-10-09T01:33:08.2063073Z test draft2020-12/optional/format/email.json/0/27 ... ok
2026-10-09T01:33:08.2063179Z test draft2020-12/optional/format/email.json/0/28 ... ok
2026-10-09T01:33:08.2063283Z test draft2020-12/optional/format/email.json/0/29 ... ok
2026-10-09T01:33:08.2063389Z test draft2020-12/optional/format/email.json/0/30 ... ok
2026-10-09T01:33:08.2063493Z test draft2020-12/optional/format/email.json/0/31 ... ok
2026-10-09T01:33:08.2063659Z test draft2020-12/optional/format/email.json/0/32 ... ok
2026-10-09T01:33:08.2063770Z test draft2020-12/optional/format/email.json/0/33 ... ok
2026-10-09T01:33:08.2063874Z test draft2020-12/optional/format/email.json/0/34 ... ok
2026-10-09T01:33:08.2063982Z test draft2020-12/optional/format/email.json/0/35 ... ok
2026-10-09T01:33:08.2064087Z test draft2020-12/optional/format/email.json/0/36 ... ok
2026-10-09T01:33:08.2064255Z test draft2020-12/optional/format/email.json/0/37 ... ok
2026-10-09T01:33:08.2064431Z test draft2020-12/optional/format/email.json/0/38 ... ok
2026-10-09T01:33:08.2064608Z test draft2020-12/optional/format/email.json/0/39 ... ok
2026-10-09T01:33:08.2064787Z test draft2020-12/optional/format/email.json/0/40 ... ok
2026-10-09T01:33:08.2065082Z test draft2020-12/optional/format/email.json/0/41 ... ok
2026-10-09T01:33:08.2065261Z test draft2020-12/optional/format/email.json/0/42 ... ok
2026-10-09T01:33:08.2065443Z test draft2020-12/optional/format/email.json/0/43 ... ok
2026-10-09T01:33:08.2065625Z test draft2020-12/optional/format/email.json/0/44 ... ok
2026-10-09T01:33:08.2065800Z test draft2020-12/optional/format/email.json/0/45 ... ok
2026-10-09T01:33:08.2065982Z test draft2020-12/optional/format/email.json/0/46 ... ok
2026-10-09T01:33:08.2066162Z test draft2020-12/optional/format/email.json/0/47 ... ok
2026-10-09T01:33:08.2066344Z test draft2020-12/optional/format/email.json/0/49 ... ok
2026-10-09T01:33:08.2066529Z test draft2020-12/optional/format/email.json/0/48 ... ok
2026-10-09T01:33:08.2066711Z test draft2020-12/optional/format/email.json/0/50 ... ok
2026-10-09T01:33:08.2066894Z test draft2020-12/optional/format/email.json/0/51 ... ok
2026-10-09T01:33:08.2067072Z test draft2020-12/optional/format/email.json/0/52 ... ok
2026-10-09T01:33:08.2067246Z test draft2020-12/optional/format/email.json/0/53 ... ok
2026-10-09T01:33:08.2067402Z test draft2020-12/optional/format/email.json/0/54 ... ok
2026-10-09T01:33:08.2067512Z test draft2020-12/optional/format/email.json/0/55 ... ok
2026-10-09T01:33:08.2067621Z test draft2020-12/optional/format/email.json/0/56 ... ok
2026-10-09T01:33:08.2067730Z test draft2020-12/optional/format/email.json/0/57 ... ok
2026-10-09T01:33:08.2067836Z test draft2020-12/optional/format/email.json/0/58 ... ok
2026-10-09T01:33:08.2067939Z test draft2020-12/optional/format/email.json/0/60 ... ok
2026-10-09T01:33:08.2068045Z test draft2020-12/optional/format/email.json/0/59 ... ok
2026-10-09T01:33:08.2068151Z test draft2020-12/optional/format/email.json/0/61 ... ok
2026-10-09T01:33:08.2068256Z test draft2020-12/optional/format/email.json/0/63 ... ok
2026-10-09T01:33:08.2068362Z test draft2020-12/optional/format/date.json/0/68 ... ok
2026-10-09T01:33:08.2068469Z test draft2020-12/optional/format/email.json/0/64 ... ok
2026-10-09T01:33:08.2068573Z test draft2020-12/optional/format/email.json/0/66 ... ok
2026-10-09T01:33:08.2068680Z test draft2020-12/optional/format/email.json/0/65 ... ok
2026-10-09T01:33:08.2068786Z test draft2020-12/optional/format/email.json/0/67 ... ok
2026-10-09T01:33:08.2068894Z test draft2020-12/optional/format/email.json/0/68 ... ok
2026-10-09T01:33:08.2069121Z test draft2020-12/optional/format/email.json/0/69 ... ok
2026-10-09T01:33:08.2069226Z test draft2020-12/optional/format/email.json/0/70 ... ok
2026-10-09T01:33:08.2069341Z test draft2020-12/optional/format/hostname.json/0/0 ... ok
2026-10-09T01:33:08.2069455Z test draft2020-12/optional/format/hostname.json/0/2 ... ok
2026-10-09T01:33:08.2069566Z test draft2020-12/optional/format/hostname.json/0/1 ... ok
2026-10-09T01:33:08.2069678Z test draft2020-12/optional/format/hostname.json/0/4 ... ok
2026-10-09T01:33:08.2069790Z test draft2020-12/optional/format/hostname.json/0/3 ... ok
2026-10-09T01:33:08.2069899Z test draft2020-12/optional/format/hostname.json/0/6 ... ok
2026-10-09T01:33:08.2070010Z test draft2020-12/optional/format/hostname.json/0/5 ... ok
2026-10-09T01:33:08.2070121Z test draft2020-12/optional/format/hostname.json/0/7 ... ok
2026-10-09T01:33:08.2070313Z test draft2020-12/optional/format/hostname.json/0/8 ... ok
2026-10-09T01:33:08.2070478Z test draft2020-12/optional/format/hostname.json/0/9 ... ok
2026-10-09T01:33:08.2070665Z test draft2020-12/optional/format/hostname.json/0/10 ... ok
2026-10-09T01:33:08.2070857Z test draft2020-12/optional/format/hostname.json/0/12 ... ok
2026-10-09T01:33:08.2071049Z test draft2020-12/optional/format/hostname.json/0/11 ... ok
2026-10-09T01:33:08.2071242Z test draft2020-12/optional/format/hostname.json/0/13 ... ok
2026-10-09T01:33:08.2071410Z test draft2020-12/optional/format/hostname.json/0/14 ... ok
2026-10-09T01:33:08.2071556Z test draft2020-12/optional/format/hostname.json/0/16 ... ok
2026-10-09T01:33:08.2071668Z test draft2020-12/optional/format/hostname.json/0/15 ... ok
2026-10-09T01:33:08.2071783Z test draft2020-12/optional/format/hostname.json/0/17 ... ok
2026-10-09T01:33:08.2071896Z test draft2020-12/optional/format/hostname.json/0/18 ... ok
2026-10-09T01:33:08.2072007Z test draft2020-12/optional/format/hostname.json/0/19 ... ok
2026-10-09T01:33:08.2072124Z test draft2020-12/optional/format/hostname.json/0/20 ... ok
2026-10-09T01:33:08.2072238Z test draft2020-12/optional/format/hostname.json/0/21 ... ok
2026-10-09T01:33:08.2072352Z test draft2020-12/optional/format/hostname.json/0/22 ... ok
2026-10-09T01:33:08.2072465Z test draft2020-12/optional/format/hostname.json/0/23 ... ok
2026-10-09T01:33:08.2072576Z test draft2020-12/optional/format/hostname.json/0/25 ... ok
2026-10-09T01:33:08.2072690Z test draft2020-12/optional/format/hostname.json/0/24 ... ok
2026-10-09T01:33:08.2072803Z test draft2020-12/optional/format/hostname.json/1/0 ... ok
2026-10-09T01:33:08.2072914Z test draft2020-12/optional/format/hostname.json/1/2 ... ok
2026-10-09T01:33:08.2073027Z test draft2020-12/optional/format/hostname.json/1/3 ... ok
2026-10-09T01:33:08.2073139Z test draft2020-12/optional/format/hostname.json/1/4 ... ok
2026-10-09T01:33:08.2073248Z test draft2020-12/optional/format/hostname.json/1/1 ... ok
2026-10-09T01:33:08.2073363Z test draft2020-12/optional/format/hostname.json/1/5 ... ok
2026-10-09T01:33:08.2073474Z test draft2020-12/optional/format/hostname.json/1/6 ... ok
2026-10-09T01:33:08.2073585Z test draft2020-12/optional/format/hostname.json/1/7 ... ok
2026-10-09T01:33:08.2073695Z test draft2020-12/optional/format/hostname.json/1/8 ... ok
2026-10-09T01:33:08.2073803Z test draft2020-12/optional/format/hostname.json/1/9 ... ok
2026-10-09T01:33:08.2073983Z test draft2020-12/optional/format/hostname.json/1/10 ... ok
2026-10-09T01:33:08.2074174Z test draft2020-12/optional/format/hostname.json/1/11 ... ok
2026-10-09T01:33:08.2074369Z test draft2020-12/optional/format/hostname.json/1/13 ... ok
2026-10-09T01:33:08.2074567Z test draft2020-12/optional/format/hostname.json/1/12 ... ok
2026-10-09T01:33:08.2074763Z test draft2020-12/optional/format/hostname.json/1/15 ... ok
2026-10-09T01:33:08.2075066Z test draft2020-12/optional/format/hostname.json/1/14 ... ok
2026-10-09T01:33:08.2075260Z test draft2020-12/optional/format/hostname.json/1/16 ... ok
2026-10-09T01:33:08.2075450Z test draft2020-12/optional/format/hostname.json/1/18 ... ok
2026-10-09T01:33:08.2075812Z test draft2020-12/optional/format/hostname.json/1/17 ... ok
2026-10-09T01:33:08.2075996Z test draft2020-12/optional/format/hostname.json/1/19 ... ok
2026-10-09T01:33:08.2076176Z test draft2020-12/optional/format/hostname.json/1/21 ... ok
2026-10-09T01:33:08.2076354Z test draft2020-12/optional/format/hostname.json/1/20 ... ok
2026-10-09T01:33:08.2076528Z test draft2020-12/optional/format/hostname.json/1/22 ... ok
2026-10-09T01:33:08.2076707Z test draft2020-12/optional/format/hostname.json/1/23 ... ok
2026-10-09T01:33:08.2076848Z test draft2020-12/optional/format/hostname.json/1/25 ... ok
2026-10-09T01:33:08.2076963Z test draft2020-12/optional/format/hostname.json/1/24 ... ok
2026-10-09T01:33:08.2077074Z test draft2020-12/optional/format/hostname.json/1/26 ... ok
2026-10-09T01:33:08.2077190Z test draft2020-12/optional/format/hostname.json/1/27 ... ok
2026-10-09T01:33:08.2077396Z test draft2020-12/optional/format/hostname.json/1/28 ... ok
2026-10-09T01:33:08.2077509Z test draft2020-12/optional/format/hostname.json/1/29 ... ok
2026-10-09T01:33:08.2077625Z test draft2020-12/optional/format/hostname.json/1/31 ... ok
2026-10-09T01:33:08.2077739Z test draft2020-12/optional/format/hostname.json/1/30 ... ok
2026-10-09T01:33:08.2077925Z test draft2020-12/optional/format/hostname.json/1/32 ... ok
2026-10-09T01:33:08.2078106Z test draft2020-12/optional/format/hostname.json/1/33 ... ok
2026-10-09T01:33:08.2078282Z test draft2020-12/optional/format/hostname.json/1/34 ... ok
2026-10-09T01:33:08.2078464Z test draft2020-12/optional/format/hostname.json/1/35 ... ok
2026-10-09T01:33:08.2078644Z test draft2020-12/optional/format/hostname.json/1/37 ... ok
2026-10-09T01:33:08.2078823Z test draft2020-12/optional/format/idn-email.json/0/0 ... ok
2026-10-09T01:33:08.2079010Z test draft2020-12/optional/format/idn-email.json/0/1 ... ok
2026-10-09T01:33:08.2079148Z test draft2020-12/optional/format/idn-email.json/0/2 ... ok
2026-10-09T01:33:08.2079262Z test draft2020-12/optional/format/hostname.json/1/36 ... ok
2026-10-09T01:33:08.2079379Z test draft2020-12/optional/format/idn-email.json/0/3 ... ok
2026-10-09T01:33:08.2079495Z test draft2020-12/optional/format/idn-email.json/0/5 ... ok
2026-10-09T01:33:08.2079607Z test draft2020-12/optional/format/idn-email.json/0/4 ... ok
2026-10-09T01:33:08.2079719Z test draft2020-12/optional/format/idn-email.json/0/7 ... ok
2026-10-09T01:33:08.2079833Z test draft2020-12/optional/format/idn-email.json/0/8 ... ok
2026-10-09T01:33:08.2079942Z test draft2020-12/optional/format/idn-email.json/0/9 ... ok
2026-10-09T01:33:08.2080061Z test draft2020-12/optional/format/idn-email.json/0/10 ... ok
2026-10-09T01:33:08.2080174Z test draft2020-12/optional/format/idn-email.json/0/6 ... ok
2026-10-09T01:33:08.2080329Z test draft2020-12/optional/format/idn-email.json/0/12 ... ok
2026-10-09T01:33:08.2080518Z test draft2020-12/optional/format/idn-email.json/0/13 ... ok
2026-10-09T01:33:08.2080646Z test draft2020-12/optional/format/idn-email.json/0/14 ... ok
2026-10-09T01:33:08.2086524Z test draft2020-12/optional/format/idn-email.json/0/11 ... ok
2026-10-09T01:33:08.2086660Z test draft2020-12/optional/format/idn-email.json/0/15 ... ok
2026-10-09T01:33:08.2086776Z test draft2020-12/optional/format/idn-email.json/0/16 ... ok
2026-10-09T01:33:08.2086891Z test draft2020-12/optional/format/idn-email.json/0/17 ... ok
2026-10-09T01:33:08.2087006Z test draft2020-12/optional/format/idn-email.json/0/18 ... ok
2026-10-09T01:33:08.2087119Z test draft2020-12/optional/format/idn-email.json/0/19 ... ok
2026-10-09T01:33:08.2087234Z test draft2020-12/optional/format/idn-email.json/0/20 ... ok
2026-10-09T01:33:08.2087347Z test draft2020-12/optional/format/idn-email.json/0/21 ... ok
2026-10-09T01:33:08.2087473Z test draft2020-12/optional/format/idn-hostname.json/0/0 ... ok
2026-10-09T01:33:08.2087587Z test draft2020-12/optional/format/idn-email.json/0/22 ... ok
2026-10-09T01:33:08.2087707Z test draft2020-12/optional/format/idn-hostname.json/0/1 ... ok
2026-10-09T01:33:08.2087830Z test draft2020-12/optional/format/idn-hostname.json/0/3 ... ok
2026-10-09T01:33:08.2088085Z test draft2020-12/optional/format/idn-hostname.json/0/2 ... ok
2026-10-09T01:33:08.2088203Z test draft2020-12/optional/format/idn-hostname.json/0/4 ... ok
2026-10-09T01:33:08.2088323Z test draft2020-12/optional/format/idn-hostname.json/0/5 ... ok
2026-10-09T01:33:08.2088442Z test draft2020-12/optional/format/idn-hostname.json/0/6 ... ok
2026-10-09T01:33:08.2088559Z test draft2020-12/optional/format/idn-hostname.json/0/7 ... ok
2026-10-09T01:33:08.2088675Z test draft2020-12/optional/format/idn-email.json/0/23 ... ok
2026-10-09T01:33:08.2088801Z test draft2020-12/optional/format/idn-hostname.json/0/10 ... ok
2026-10-09T01:33:08.2088919Z test draft2020-12/optional/format/idn-hostname.json/0/9 ... ok
2026-10-09T01:33:08.2089043Z test draft2020-12/optional/format/idn-hostname.json/0/11 ... ok
2026-10-09T01:33:08.2089164Z test draft2020-12/optional/format/idn-hostname.json/0/13 ... ok
2026-10-09T01:33:08.2089368Z test draft2020-12/optional/format/idn-hostname.json/0/14 ... ok
2026-10-09T01:33:08.2089492Z test draft2020-12/optional/format/idn-hostname.json/0/15 ... ok
2026-10-09T01:33:08.2089612Z test draft2020-12/optional/format/idn-hostname.json/0/12 ... ok
2026-10-09T01:33:08.2089735Z test draft2020-12/optional/format/idn-hostname.json/0/16 ... ok
2026-10-09T01:33:08.2089856Z test draft2020-12/optional/format/idn-hostname.json/0/17 ... ok
2026-10-09T01:33:08.2089975Z test draft2020-12/optional/format/idn-hostname.json/0/18 ... ok
2026-10-09T01:33:08.2090097Z test draft2020-12/optional/format/idn-hostname.json/0/19 ... ok
2026-10-09T01:33:08.2090219Z test draft2020-12/optional/format/idn-hostname.json/0/20 ... ok
2026-10-09T01:33:08.2090338Z test draft2020-12/optional/format/idn-hostname.json/0/21 ... ok
2026-10-09T01:33:08.2090459Z test draft2020-12/optional/format/idn-hostname.json/0/22 ... ok
2026-10-09T01:33:08.2090580Z test draft2020-12/optional/format/idn-hostname.json/0/23 ... ok
2026-10-09T01:33:08.2090701Z test draft2020-12/optional/format/idn-hostname.json/0/24 ... ok
2026-10-09T01:33:08.2090823Z test draft2020-12/optional/format/idn-hostname.json/0/26 ... ok
2026-10-09T01:33:08.2090943Z test draft2020-12/optional/format/idn-hostname.json/0/27 ... ok
2026-10-09T01:33:08.2091064Z test draft2020-12/optional/format/idn-hostname.json/0/8 ... ok
2026-10-09T01:33:08.2091185Z test draft2020-12/optional/format/idn-hostname.json/0/29 ... ok
2026-10-09T01:33:08.2091305Z test draft2020-12/optional/format/idn-hostname.json/0/30 ... ok
2026-10-09T01:33:08.2091415Z test draft2020-12/optional/format/email.json/0/62 ... ok
2026-10-09T01:33:08.2091535Z test draft2020-12/optional/format/idn-hostname.json/0/31 ... ok
2026-10-09T01:33:08.2091655Z test draft2020-12/optional/format/idn-hostname.json/0/32 ... ok
2026-10-09T01:33:08.2091779Z test draft2020-12/optional/format/idn-hostname.json/0/33 ... ok
2026-10-09T01:33:08.2091901Z test draft2020-12/optional/format/idn-hostname.json/0/34 ... ok
2026-10-09T01:33:08.2092022Z test draft2020-12/optional/format/idn-hostname.json/0/36 ... ok
2026-10-09T01:33:08.2092147Z test draft2020-12/optional/format/idn-hostname.json/0/35 ... ok
2026-10-09T01:33:08.2092271Z test draft2020-12/optional/format/idn-hostname.json/0/37 ... ok
2026-10-09T01:33:08.2092390Z test draft2020-12/optional/format/idn-hostname.json/0/38 ... ok
2026-10-09T01:33:08.2092512Z test draft2020-12/optional/format/idn-hostname.json/0/39 ... ok
2026-10-09T01:33:08.2092634Z test draft2020-12/optional/format/idn-hostname.json/0/40 ... ok
2026-10-09T01:33:08.2092757Z test draft2020-12/optional/format/idn-hostname.json/0/41 ... ok
2026-10-09T01:33:08.2092881Z test draft2020-12/optional/format/idn-hostname.json/0/42 ... ok
2026-10-09T01:33:08.2093001Z test draft2020-12/optional/format/idn-hostname.json/0/43 ... ok
2026-10-09T01:33:08.2093125Z test draft2020-12/optional/format/idn-hostname.json/0/44 ... ok
2026-10-09T01:33:08.2093249Z test draft2020-12/optional/format/idn-hostname.json/0/45 ... ok
2026-10-09T01:33:08.2093370Z test draft2020-12/optional/format/idn-hostname.json/0/46 ... ok
2026-10-09T01:33:08.2093551Z test draft2020-12/optional/format/idn-hostname.json/0/48 ... ok
2026-10-09T01:33:08.2093675Z test draft2020-12/optional/format/idn-hostname.json/0/47 ... ok
2026-10-09T01:33:08.2093795Z test draft2020-12/optional/format/idn-hostname.json/0/49 ... ok
2026-10-09T01:33:08.2093918Z test draft2020-12/optional/format/idn-hostname.json/0/50 ... ok
2026-10-09T01:33:08.2094042Z test draft2020-12/optional/format/idn-hostname.json/0/52 ... ok
2026-10-09T01:33:08.2094162Z test draft2020-12/optional/format/idn-hostname.json/0/53 ... ok
2026-10-09T01:33:08.2094285Z test draft2020-12/optional/format/idn-hostname.json/0/54 ... ok
2026-10-09T01:33:08.2094405Z test draft2020-12/optional/format/idn-hostname.json/0/51 ... ok
2026-10-09T01:33:08.2094529Z test draft2020-12/optional/format/idn-hostname.json/0/55 ... ok
2026-10-09T01:33:08.2094651Z test draft2020-12/optional/format/idn-hostname.json/0/56 ... ok
2026-10-09T01:33:08.2094829Z test draft2020-12/optional/format/idn-hostname.json/0/57 ... ok
2026-10-09T01:33:08.2095105Z test draft2020-12/optional/format/idn-hostname.json/0/58 ... ok
2026-10-09T01:33:08.2095257Z test draft2020-12/optional/format/idn-hostname.json/0/59 ... ok
2026-10-09T01:33:08.2095377Z test draft2020-12/optional/format/idn-hostname.json/0/61 ... ok
2026-10-09T01:33:08.2095499Z test draft2020-12/optional/format/idn-hostname.json/0/60 ... ok
2026-10-09T01:33:08.2095623Z test draft2020-12/optional/format/idn-hostname.json/0/63 ... ok
2026-10-09T01:33:08.2095743Z test draft2020-12/optional/format/idn-hostname.json/0/62 ... ok
2026-10-09T01:33:08.2095866Z test draft2020-12/optional/format/idn-hostname.json/0/64 ... ok
2026-10-09T01:33:08.2095988Z test draft2020-12/optional/format/idn-hostname.json/0/65 ... ok
2026-10-09T01:33:08.2096108Z test draft2020-12/optional/format/idn-hostname.json/0/66 ... ok
2026-10-09T01:33:08.2096233Z test draft2020-12/optional/format/idn-hostname.json/0/67 ... ok
2026-10-09T01:33:08.2096355Z test draft2020-12/optional/format/idn-hostname.json/0/68 ... ok
2026-10-09T01:33:08.2096490Z test draft2020-12/optional/format/idn-hostname.json/0/69 ... ok
2026-10-09T01:33:08.2096613Z test draft2020-12/optional/format/idn-hostname.json/0/70 ... ok
2026-10-09T01:33:08.2096732Z test draft2020-12/optional/format/idn-hostname.json/0/71 ... ok
2026-10-09T01:33:08.2096854Z test draft2020-12/optional/format/idn-hostname.json/0/72 ... ok
2026-10-09T01:33:08.2096977Z test draft2020-12/optional/format/idn-hostname.json/0/74 ... ok
2026-10-09T01:33:08.2097096Z test draft2020-12/optional/format/idn-hostname.json/0/75 ... ok
2026-10-09T01:33:08.2097221Z test draft2020-12/optional/format/idn-hostname.json/0/76 ... ok
2026-10-09T01:33:08.2097344Z test draft2020-12/optional/format/idn-hostname.json/0/28 ... ok
2026-10-09T01:33:08.2097463Z test draft2020-12/optional/format/idn-hostname.json/1/0 ... ok
2026-10-09T01:33:08.2097586Z test draft2020-12/optional/format/idn-hostname.json/1/1 ... ok
2026-10-09T01:33:08.2097713Z test draft2020-12/optional/format/idn-hostname.json/0/73 ... ok
2026-10-09T01:33:08.2097836Z test draft2020-12/optional/format/idn-hostname.json/1/2 ... ok
2026-10-09T01:33:08.2097958Z test draft2020-12/optional/format/idn-hostname.json/1/3 ... ok
2026-10-09T01:33:08.2098077Z test draft2020-12/optional/format/idn-hostname.json/1/4 ... ok
2026-10-09T01:33:08.2098199Z test draft2020-12/optional/format/idn-hostname.json/1/5 ... ok
2026-10-09T01:33:08.2098320Z test draft2020-12/optional/format/idn-hostname.json/1/6 ... ok
2026-10-09T01:33:08.2098439Z test draft2020-12/optional/format/idn-hostname.json/1/7 ... ok
2026-10-09T01:33:08.2098560Z test draft2020-12/optional/format/idn-hostname.json/1/8 ... ok
2026-10-09T01:33:08.2098682Z test draft2020-12/optional/format/idn-hostname.json/1/9 ... ok
2026-10-09T01:33:08.2098804Z test draft2020-12/optional/format/idn-hostname.json/1/10 ... ok
2026-10-09T01:33:08.2098929Z test draft2020-12/optional/format/idn-hostname.json/1/11 ... ok
2026-10-09T01:33:08.2099055Z test draft2020-12/optional/format/idn-hostname.json/1/12 ... ok
2026-10-09T01:33:08.2099266Z test draft2020-12/optional/format/idn-hostname.json/1/13 ... ok
2026-10-09T01:33:08.2099391Z test draft2020-12/optional/format/idn-hostname.json/1/14 ... ok
2026-10-09T01:33:08.2099515Z test draft2020-12/optional/format/idn-hostname.json/1/15 ... ok
2026-10-09T01:33:08.2099635Z test draft2020-12/optional/format/idn-hostname.json/1/17 ... ok
2026-10-09T01:33:08.2099759Z test draft2020-12/optional/format/idn-hostname.json/1/16 ... ok
2026-10-09T01:33:08.2099880Z test draft2020-12/optional/format/idn-hostname.json/1/18 ... ok
2026-10-09T01:33:08.2099992Z test draft2020-12/optional/format/ipv4.json/0/0 ... ok
2026-10-09T01:33:08.2100117Z test draft2020-12/optional/format/idn-hostname.json/1/19 ... ok
2026-10-09T01:33:08.2100221Z test draft2020-12/optional/format/ipv4.json/0/1 ... ok
2026-10-09T01:33:08.2100326Z test draft2020-12/optional/format/ipv4.json/0/3 ... ok
2026-10-09T01:33:08.2100514Z test draft2020-12/optional/format/ipv4.json/0/2 ... ok
2026-10-09T01:33:08.2100619Z test draft2020-12/optional/format/ipv4.json/0/4 ... ok
2026-10-09T01:33:08.2100727Z test draft2020-12/optional/format/ipv4.json/0/5 ... ok
2026-10-09T01:33:08.2100831Z test draft2020-12/optional/format/ipv4.json/0/6 ... ok
2026-10-09T01:33:08.2100933Z test draft2020-12/optional/format/ipv4.json/0/7 ... ok
2026-10-09T01:33:08.2101037Z test draft2020-12/optional/format/ipv4.json/0/8 ... ok
2026-10-09T01:33:08.2101141Z test draft2020-12/optional/format/ipv4.json/0/9 ... ok
2026-10-09T01:33:08.2101249Z test draft2020-12/optional/format/ipv4.json/0/10 ... ok
2026-10-09T01:33:08.2101353Z test draft2020-12/optional/format/ipv4.json/0/11 ... ok
2026-10-09T01:33:08.2101457Z test draft2020-12/optional/format/ipv4.json/0/12 ... ok
2026-10-09T01:33:08.2101565Z test draft2020-12/optional/format/ipv4.json/0/13 ... ok
2026-10-09T01:33:08.2101671Z test draft2020-12/optional/format/ipv4.json/0/14 ... ok
2026-10-09T01:33:08.2101773Z test draft2020-12/optional/format/ipv4.json/0/15 ... ok
2026-10-09T01:33:08.2101880Z test draft2020-12/optional/format/ipv4.json/0/16 ... ok
2026-10-09T01:33:08.2101988Z test draft2020-12/optional/format/ipv4.json/0/17 ... ok
2026-10-09T01:33:08.2102090Z test draft2020-12/optional/format/ipv4.json/0/18 ... ok
2026-10-09T01:33:08.2102194Z test draft2020-12/optional/format/ipv4.json/0/19 ... ok
2026-10-09T01:33:08.2102298Z test draft2020-12/optional/format/ipv4.json/0/21 ... ok
2026-10-09T01:33:08.2102401Z test draft2020-12/optional/format/ipv4.json/0/20 ... ok
2026-10-09T01:33:08.2102506Z test draft2020-12/optional/format/ipv4.json/0/22 ... ok
2026-10-09T01:33:08.2102610Z test draft2020-12/optional/format/ipv4.json/0/23 ... ok
2026-10-09T01:33:08.2102716Z test draft2020-12/optional/format/ipv4.json/0/24 ... ok
2026-10-09T01:33:08.2102821Z test draft2020-12/optional/format/ipv4.json/0/25 ... ok
2026-10-09T01:33:08.2102923Z test draft2020-12/optional/format/ipv4.json/0/26 ... ok
2026-10-09T01:33:08.2103029Z test draft2020-12/optional/format/ipv4.json/0/27 ... ok
2026-10-09T01:33:08.2103136Z test draft2020-12/optional/format/ipv4.json/0/28 ... ok
2026-10-09T01:33:08.2103240Z test draft2020-12/optional/format/ipv4.json/0/29 ... ok
2026-10-09T01:33:08.2103345Z test draft2020-12/optional/format/ipv4.json/0/30 ... ok
2026-10-09T01:33:08.2103450Z test draft2020-12/optional/format/ipv4.json/0/31 ... ok
2026-10-09T01:33:08.2103551Z test draft2020-12/optional/format/ipv4.json/0/33 ... ok
2026-10-09T01:33:08.2103656Z test draft2020-12/optional/format/ipv4.json/0/32 ... ok
2026-10-09T01:33:08.2103759Z test draft2020-12/optional/format/ipv4.json/0/34 ... ok
2026-10-09T01:33:08.2103864Z test draft2020-12/optional/format/ipv4.json/0/36 ... ok
2026-10-09T01:33:08.2103990Z test draft2020-12/optional/format/idn-hostname.json/0/77 ... ok
2026-10-09T01:33:08.2104093Z test draft2020-12/optional/format/ipv4.json/0/37 ... ok
2026-10-09T01:33:08.2104196Z test draft2020-12/optional/format/ipv4.json/0/39 ... ok
2026-10-09T01:33:08.2104298Z test draft2020-12/optional/format/ipv4.json/0/38 ... ok
2026-10-09T01:33:08.2104407Z test draft2020-12/optional/format/ipv4.json/0/40 ... ok
2026-10-09T01:33:08.2104569Z test draft2020-12/optional/format/ipv6.json/0/0 ... ok
2026-10-09T01:33:08.2104671Z test draft2020-12/optional/format/ipv6.json/0/1 ... ok
2026-10-09T01:33:08.2104775Z test draft2020-12/optional/format/ipv6.json/0/3 ... ok
2026-10-09T01:33:08.2104880Z test draft2020-12/optional/format/ipv6.json/0/4 ... ok
2026-10-09T01:33:08.2105101Z test draft2020-12/optional/format/ipv6.json/0/5 ... ok
2026-10-09T01:33:08.2105205Z test draft2020-12/optional/format/ipv6.json/0/6 ... ok
2026-10-09T01:33:08.2105305Z test draft2020-12/optional/format/ipv6.json/0/2 ... ok
2026-10-09T01:33:08.2105409Z test draft2020-12/optional/format/ipv6.json/0/7 ... ok
2026-10-09T01:33:08.2105511Z test draft2020-12/optional/format/ipv6.json/0/9 ... ok
2026-10-09T01:33:08.2105611Z test draft2020-12/optional/format/ipv6.json/0/8 ... ok
2026-10-09T01:33:08.2105715Z test draft2020-12/optional/format/ipv6.json/0/10 ... ok
2026-10-09T01:33:08.2105903Z test draft2020-12/optional/format/ipv6.json/0/11 ... ok
2026-10-09T01:33:08.2106011Z test draft2020-12/optional/format/ipv6.json/0/12 ... ok
2026-10-09T01:33:08.2106114Z test draft2020-12/optional/format/ipv6.json/0/13 ... ok
2026-10-09T01:33:08.2106217Z test draft2020-12/optional/format/ipv6.json/0/14 ... ok
2026-10-09T01:33:08.2106318Z test draft2020-12/optional/format/ipv6.json/0/16 ... ok
2026-10-09T01:33:08.2106421Z test draft2020-12/optional/format/ipv6.json/0/15 ... ok
2026-10-09T01:33:08.2106527Z test draft2020-12/optional/format/ipv6.json/0/17 ... ok
2026-10-09T01:33:08.2106628Z test draft2020-12/optional/format/ipv6.json/0/18 ... ok
2026-10-09T01:33:08.2106731Z test draft2020-12/optional/format/ipv6.json/0/19 ... ok
2026-10-09T01:33:08.2106834Z test draft2020-12/optional/format/ipv6.json/0/20 ... ok
2026-10-09T01:33:08.2106944Z test draft2020-12/optional/format/ipv6.json/0/21 ... ok
2026-10-09T01:33:08.2107048Z test draft2020-12/optional/format/ipv6.json/0/22 ... ok
2026-10-09T01:33:08.2107151Z test draft2020-12/optional/format/ipv6.json/0/23 ... ok
2026-10-09T01:33:08.2107256Z test draft2020-12/optional/format/ipv6.json/0/25 ... ok
2026-10-09T01:33:08.2107359Z test draft2020-12/optional/format/ipv6.json/0/24 ... ok
2026-10-09T01:33:08.2107460Z test draft2020-12/optional/format/ipv6.json/0/26 ... ok
2026-10-09T01:33:08.2107563Z test draft2020-12/optional/format/ipv6.json/0/27 ... ok
2026-10-09T01:33:08.2107666Z test draft2020-12/optional/format/ipv6.json/0/28 ... ok
2026-10-09T01:33:08.2107768Z test draft2020-12/optional/format/ipv6.json/0/29 ... ok
2026-10-09T01:33:08.2107871Z test draft2020-12/optional/format/ipv6.json/0/30 ... ok
2026-10-09T01:33:08.2107972Z test draft2020-12/optional/format/ipv6.json/0/31 ... ok
2026-10-09T01:33:08.2108076Z test draft2020-12/optional/format/ipv6.json/0/33 ... ok
2026-10-09T01:33:08.2108180Z test draft2020-12/optional/format/ipv6.json/0/32 ... ok
2026-10-09T01:33:08.2108282Z test draft2020-12/optional/format/ipv6.json/0/34 ... ok
2026-10-09T01:33:08.2108389Z test draft2020-12/optional/format/ipv6.json/0/35 ... ok
2026-10-09T01:33:08.2108494Z test draft2020-12/optional/format/ipv6.json/0/36 ... ok
2026-10-09T01:33:08.2108595Z test draft2020-12/optional/format/ipv6.json/0/37 ... ok
2026-10-09T01:33:08.2108698Z test draft2020-12/optional/format/ipv6.json/0/39 ... ok
2026-10-09T01:33:08.2108801Z test draft2020-12/optional/format/ipv6.json/0/38 ... ok
2026-10-09T01:33:08.2108902Z test draft2020-12/optional/format/ipv6.json/0/40 ... ok
2026-10-09T01:33:08.2109006Z test draft2020-12/optional/format/ipv6.json/0/41 ... ok
2026-10-09T01:33:08.2109109Z test draft2020-12/optional/format/ipv6.json/0/42 ... ok
2026-10-09T01:33:08.2109209Z test draft2020-12/optional/format/ipv6.json/0/43 ... ok
2026-10-09T01:33:08.2109314Z test draft2020-12/optional/format/ipv6.json/0/44 ... ok
2026-10-09T01:33:08.2109416Z test draft2020-12/optional/format/ipv6.json/0/45 ... ok
2026-10-09T01:33:08.2109519Z test draft2020-12/optional/format/ipv6.json/0/46 ... ok
2026-10-09T01:33:08.2109623Z test draft2020-12/optional/format/ipv6.json/0/47 ... ok
2026-10-09T01:33:08.2109807Z test draft2020-12/optional/format/ipv6.json/0/48 ... ok
2026-10-09T01:33:08.2109912Z test draft2020-12/optional/format/ipv6.json/0/49 ... ok
2026-10-09T01:33:08.2110038Z test draft2020-12/optional/format/iri-reference.json/0/0 ... ok
2026-10-09T01:33:08.2110139Z test draft2020-12/optional/format/ipv6.json/0/50 ... ok
2026-10-09T01:33:08.2110264Z test draft2020-12/optional/format/iri-reference.json/0/1 ... ok
2026-10-09T01:33:08.2110387Z test draft2020-12/optional/format/iri-reference.json/0/2 ... ok
2026-10-09T01:33:08.2110508Z test draft2020-12/optional/format/iri-reference.json/0/3 ... ok
2026-10-09T01:33:08.2110631Z test draft2020-12/optional/format/iri-reference.json/0/4 ... ok
2026-10-09T01:33:08.2110751Z test draft2020-12/optional/format/iri-reference.json/0/5 ... ok
2026-10-09T01:33:08.2110873Z test draft2020-12/optional/format/iri-reference.json/0/6 ... ok
2026-10-09T01:33:08.2111051Z test draft2020-12/optional/format/iri-reference.json/0/7 ... ok
2026-10-09T01:33:08.2111175Z test draft2020-12/optional/format/iri-reference.json/0/8 ... ok
2026-10-09T01:33:08.2111297Z test draft2020-12/optional/format/iri-reference.json/0/9 ... ok
2026-10-09T01:33:08.2111424Z test draft2020-12/optional/format/iri-reference.json/0/10 ... ok
2026-10-09T01:33:08.2111547Z test draft2020-12/optional/format/iri-reference.json/0/11 ... ok
2026-10-09T01:33:08.2111671Z test draft2020-12/optional/format/iri-reference.json/0/12 ... ok
2026-10-09T01:33:08.2111795Z test draft2020-12/optional/format/iri-reference.json/0/14 ... ok
2026-10-09T01:33:08.2111916Z test draft2020-12/optional/format/iri-reference.json/0/13 ... ok
2026-10-09T01:33:08.2112040Z test draft2020-12/optional/format/iri-reference.json/0/15 ... ok
2026-10-09T01:33:08.2112163Z test draft2020-12/optional/format/iri-reference.json/0/16 ... ok
2026-10-09T01:33:08.2112284Z test draft2020-12/optional/format/iri-reference.json/0/17 ... ok
2026-10-09T01:33:08.2112408Z test draft2020-12/optional/format/iri-reference.json/0/18 ... ok
2026-10-09T01:33:08.2112531Z test draft2020-12/optional/format/iri-reference.json/0/19 ... ok
2026-10-09T01:33:08.2112638Z test draft2020-12/optional/format/iri.json/0/0 ... ok
2026-10-09T01:33:08.2112761Z test draft2020-12/optional/format/iri-reference.json/0/20 ... ok
2026-10-09T01:33:08.2112864Z test draft2020-12/optional/format/iri.json/0/1 ... ok
2026-10-09T01:33:08.2112969Z test draft2020-12/optional/format/iri.json/0/2 ... ok
2026-10-09T01:33:08.2113071Z test draft2020-12/optional/format/iri.json/0/3 ... ok
2026-10-09T01:33:08.2113172Z test draft2020-12/optional/format/iri.json/0/4 ... ok
2026-10-09T01:33:08.2113275Z test draft2020-12/optional/format/iri.json/0/5 ... ok
2026-10-09T01:33:08.2113375Z test draft2020-12/optional/format/iri.json/0/6 ... ok
2026-10-09T01:33:08.2113474Z test draft2020-12/optional/format/iri.json/0/7 ... ok
2026-10-09T01:33:08.2113576Z test draft2020-12/optional/format/iri.json/0/8 ... ok
2026-10-09T01:33:08.2113677Z test draft2020-12/optional/format/iri.json/0/9 ... ok
2026-10-09T01:33:08.2113781Z test draft2020-12/optional/format/iri.json/0/10 ... ok
2026-10-09T01:33:08.2113886Z test draft2020-12/optional/format/iri.json/0/11 ... ok
2026-10-09T01:33:08.2113989Z test draft2020-12/optional/format/iri.json/0/12 ... ok
2026-10-09T01:33:08.2114092Z test draft2020-12/optional/format/iri.json/0/13 ... ok
2026-10-09T01:33:08.2114196Z test draft2020-12/optional/format/iri.json/0/14 ... ok
2026-10-09T01:33:08.2114296Z test draft2020-12/optional/format/iri.json/0/15 ... ok
2026-10-09T01:33:08.2114399Z test draft2020-12/optional/format/iri.json/0/16 ... ok
2026-10-09T01:33:08.2114501Z test draft2020-12/optional/format/iri.json/0/17 ... ok
2026-10-09T01:33:08.2114601Z test draft2020-12/optional/format/iri.json/0/18 ... ok
2026-10-09T01:33:08.2114702Z test draft2020-12/optional/format/iri.json/0/19 ... ok
2026-10-09T01:33:08.2114805Z test draft2020-12/optional/format/iri.json/0/20 ... ok
2026-10-09T01:33:08.2114906Z test draft2020-12/optional/format/iri.json/0/21 ... ok
2026-10-09T01:33:08.2115131Z test draft2020-12/optional/format/iri.json/0/22 ... ok
2026-10-09T01:33:08.2115319Z test draft2020-12/optional/format/iri.json/0/23 ... ok
2026-10-09T01:33:08.2115423Z test draft2020-12/optional/format/iri.json/0/24 ... ok
2026-10-09T01:33:08.2115549Z test draft2020-12/optional/format/json-pointer.json/0/0 ... ok
2026-10-09T01:33:08.2115651Z test draft2020-12/optional/format/iri.json/0/25 ... ok
2026-10-09T01:33:08.2115776Z test draft2020-12/optional/format/json-pointer.json/0/2 ... ok
2026-10-09T01:33:08.2115900Z test draft2020-12/optional/format/json-pointer.json/0/3 ... ok
2026-10-09T01:33:08.2116021Z test draft2020-12/optional/format/json-pointer.json/0/4 ... ok
2026-10-09T01:33:08.2116141Z test draft2020-12/optional/format/json-pointer.json/0/5 ... ok
2026-10-09T01:33:08.2116263Z test draft2020-12/optional/format/json-pointer.json/0/6 ... ok
2026-10-09T01:33:08.2116381Z test draft2020-12/optional/format/json-pointer.json/0/1 ... ok
2026-10-09T01:33:08.2116583Z test draft2020-12/optional/format/json-pointer.json/0/7 ... ok
2026-10-09T01:33:08.2116707Z test draft2020-12/optional/format/json-pointer.json/0/8 ... ok
2026-10-09T01:33:08.2116825Z test draft2020-12/optional/format/json-pointer.json/0/9 ... ok
2026-10-09T01:33:08.2116952Z test draft2020-12/optional/format/json-pointer.json/0/10 ... ok
2026-10-09T01:33:08.2117074Z test draft2020-12/optional/format/json-pointer.json/0/11 ... ok
2026-10-09T01:33:08.2117198Z test draft2020-12/optional/format/json-pointer.json/0/12 ... ok
2026-10-09T01:33:08.2117321Z test draft2020-12/optional/format/json-pointer.json/0/13 ... ok
2026-10-09T01:33:08.2117441Z test draft2020-12/optional/format/json-pointer.json/0/14 ... ok
2026-10-09T01:33:08.2117563Z test draft2020-12/optional/format/json-pointer.json/0/16 ... ok
2026-10-09T01:33:08.2117684Z test draft2020-12/optional/format/idn-hostname.json/0/25 ... ok
2026-10-09T01:33:08.2117804Z test draft2020-12/optional/format/json-pointer.json/0/17 ... ok
2026-10-09T01:33:08.2117927Z test draft2020-12/optional/format/json-pointer.json/0/18 ... ok
2026-10-09T01:33:08.2118049Z test draft2020-12/optional/format/json-pointer.json/0/19 ... ok
2026-10-09T01:33:08.2118170Z test draft2020-12/optional/format/json-pointer.json/0/20 ... ok
2026-10-09T01:33:08.2118292Z test draft2020-12/optional/format/json-pointer.json/0/21 ... ok
2026-10-09T01:33:08.2118413Z test draft2020-12/optional/format/json-pointer.json/0/22 ... ok
2026-10-09T01:33:08.2118532Z test draft2020-12/optional/format/json-pointer.json/0/23 ... ok
2026-10-09T01:33:08.2118654Z test draft2020-12/optional/format/json-pointer.json/0/24 ... ok
2026-10-09T01:33:08.2118773Z test draft2020-12/optional/format/json-pointer.json/0/25 ... ok
2026-10-09T01:33:08.2118895Z test draft2020-12/optional/format/json-pointer.json/0/26 ... ok
2026-10-09T01:33:08.2119018Z test draft2020-12/optional/format/json-pointer.json/0/27 ... ok
2026-10-09T01:33:08.2119137Z test draft2020-12/optional/format/json-pointer.json/0/28 ... ok
2026-10-09T01:33:08.2119260Z test draft2020-12/optional/format/json-pointer.json/0/29 ... ok
2026-10-09T01:33:08.2119384Z test draft2020-12/optional/format/json-pointer.json/0/30 ... ok
2026-10-09T01:33:08.2119504Z test draft2020-12/optional/format/json-pointer.json/0/31 ... ok
2026-10-09T01:33:08.2119626Z test draft2020-12/optional/format/json-pointer.json/0/32 ... ok
2026-10-09T01:33:08.2119748Z test draft2020-12/optional/format/json-pointer.json/0/33 ... ok
2026-10-09T01:33:08.2119867Z test draft2020-12/optional/format/json-pointer.json/0/34 ... ok
2026-10-09T01:33:08.2119989Z test draft2020-12/optional/format/json-pointer.json/0/35 ... ok
2026-10-09T01:33:08.2120111Z test draft2020-12/optional/format/json-pointer.json/0/36 ... ok
2026-10-09T01:33:08.2120217Z test draft2020-12/optional/format/ipv4.json/0/35 ... ok
2026-10-09T01:33:08.2120339Z test draft2020-12/optional/format/json-pointer.json/0/38 ... ok
2026-10-09T01:33:08.2120460Z test draft2020-12/optional/format/json-pointer.json/0/39 ... ok
2026-10-09T01:33:08.2120569Z test draft2020-12/optional/format/regex.json/0/0 ... ok
2026-10-09T01:33:08.2120733Z test draft2020-12/optional/format/regex.json/0/1 ... ok
2026-10-09T01:33:08.2120837Z test draft2020-12/optional/format/regex.json/0/3 ... ok
2026-10-09T01:33:08.2120942Z test draft2020-12/optional/format/regex.json/0/4 ... ok
2026-10-09T01:33:08.2121047Z test draft2020-12/optional/format/regex.json/0/2 ... ok
2026-10-09T01:33:08.2121149Z test draft2020-12/optional/format/regex.json/0/5 ... ok
2026-10-09T01:33:08.2121252Z test draft2020-12/optional/format/regex.json/0/7 ... ok
2026-10-09T01:33:08.2121356Z test draft2020-12/optional/format/regex.json/0/6 ... ok
2026-10-09T01:33:08.2121513Z test draft2020-12/optional/format/relative-json-pointer.json/0/0 ... ok
2026-10-09T01:33:08.2121660Z test draft2020-12/optional/format/relative-json-pointer.json/0/1 ... ok
2026-10-09T01:33:08.2121800Z test draft2020-12/optional/format/relative-json-pointer.json/0/2 ... ok
2026-10-09T01:33:08.2122000Z test draft2020-12/optional/format/relative-json-pointer.json/0/3 ... ok
2026-10-09T01:33:08.2122143Z test draft2020-12/optional/format/relative-json-pointer.json/0/4 ... ok
2026-10-09T01:33:08.2122283Z test draft2020-12/optional/format/relative-json-pointer.json/0/5 ... ok
2026-10-09T01:33:08.2122425Z test draft2020-12/optional/format/relative-json-pointer.json/0/6 ... ok
2026-10-09T01:33:08.2122565Z test draft2020-12/optional/format/relative-json-pointer.json/0/7 ... ok
2026-10-09T01:33:08.2122702Z test draft2020-12/optional/format/relative-json-pointer.json/0/9 ... ok
2026-10-09T01:33:08.2122842Z test draft2020-12/optional/format/relative-json-pointer.json/0/8 ... ok
2026-10-09T01:33:08.2122987Z test draft2020-12/optional/format/relative-json-pointer.json/0/10 ... ok
2026-10-09T01:33:08.2123135Z test draft2020-12/optional/format/relative-json-pointer.json/0/11 ... ok
2026-10-09T01:33:08.2123276Z test draft2020-12/optional/format/relative-json-pointer.json/0/12 ... ok
2026-10-09T01:33:08.2123420Z test draft2020-12/optional/format/relative-json-pointer.json/0/13 ... ok
2026-10-09T01:33:08.2123563Z test draft2020-12/optional/format/relative-json-pointer.json/0/14 ... ok
2026-10-09T01:33:08.2123706Z test draft2020-12/optional/format/relative-json-pointer.json/0/15 ... ok
2026-10-09T01:33:08.2123849Z test draft2020-12/optional/format/relative-json-pointer.json/0/16 ... ok
2026-10-09T01:33:08.2123991Z test draft2020-12/optional/format/relative-json-pointer.json/0/17 ... ok
2026-10-09T01:33:08.2124130Z test draft2020-12/optional/format/relative-json-pointer.json/0/18 ... ok
2026-10-09T01:33:08.2124271Z test draft2020-12/optional/format/relative-json-pointer.json/0/20 ... ok
2026-10-09T01:33:08.2124411Z test draft2020-12/optional/format/relative-json-pointer.json/0/19 ... ok
2026-10-09T01:33:08.2124551Z test draft2020-12/optional/format/relative-json-pointer.json/0/21 ... ok
2026-10-09T01:33:08.2124692Z test draft2020-12/optional/format/relative-json-pointer.json/0/22 ... ok
2026-10-09T01:33:08.2124836Z test draft2020-12/optional/format/relative-json-pointer.json/0/23 ... ok
2026-10-09T01:33:08.2125093Z test draft2020-12/optional/format/relative-json-pointer.json/0/24 ... ok
2026-10-09T01:33:08.2125237Z test draft2020-12/optional/format/relative-json-pointer.json/0/25 ... ok
2026-10-09T01:33:08.2125343Z test draft2020-12/optional/format/time.json/0/0 ... ok
2026-10-09T01:33:08.2125447Z test draft2020-12/optional/format/time.json/0/1 ... ok
2026-10-09T01:33:08.2125553Z test draft2020-12/optional/format/time.json/0/2 ... ok
2026-10-09T01:33:08.2125655Z test draft2020-12/optional/format/time.json/0/3 ... ok
2026-10-09T01:33:08.2125758Z test draft2020-12/optional/format/time.json/0/4 ... ok
2026-10-09T01:33:08.2125860Z test draft2020-12/optional/format/time.json/0/5 ... ok
2026-10-09T01:33:08.2125960Z test draft2020-12/optional/format/time.json/0/6 ... ok
2026-10-09T01:33:08.2126063Z test draft2020-12/optional/format/time.json/0/7 ... ok
2026-10-09T01:33:08.2126165Z test draft2020-12/optional/format/time.json/0/8 ... ok
2026-10-09T01:33:08.2126268Z test draft2020-12/optional/format/time.json/0/9 ... ok
2026-10-09T01:33:08.2126510Z test draft2020-12/optional/format/time.json/0/10 ... ok
2026-10-09T01:33:08.2126615Z test draft2020-12/optional/format/time.json/0/11 ... ok
2026-10-09T01:33:08.2126718Z test draft2020-12/optional/format/time.json/0/12 ... ok
2026-10-09T01:33:08.2126822Z test draft2020-12/optional/format/time.json/0/13 ... ok
2026-10-09T01:33:08.2126925Z test draft2020-12/optional/format/time.json/0/14 ... ok
2026-10-09T01:33:08.2127028Z test draft2020-12/optional/format/time.json/0/15 ... ok
2026-10-09T01:33:08.2127131Z test draft2020-12/optional/format/time.json/0/16 ... ok
2026-10-09T01:33:08.2127232Z test draft2020-12/optional/format/time.json/0/17 ... ok
2026-10-09T01:33:08.2127335Z test draft2020-12/optional/format/time.json/0/18 ... ok
2026-10-09T01:33:08.2127438Z test draft2020-12/optional/format/time.json/0/19 ... ok
2026-10-09T01:33:08.2127539Z test draft2020-12/optional/format/time.json/0/20 ... ok
2026-10-09T01:33:08.2127724Z test draft2020-12/optional/format/time.json/0/21 ... ok
2026-10-09T01:33:08.2127830Z test draft2020-12/optional/format/time.json/0/22 ... ok
2026-10-09T01:33:08.2127933Z test draft2020-12/optional/format/time.json/0/23 ... ok
2026-10-09T01:33:08.2128038Z test draft2020-12/optional/format/time.json/0/24 ... ok
2026-10-09T01:33:08.2128140Z test draft2020-12/optional/format/time.json/0/25 ... ok
2026-10-09T01:33:08.2128241Z test draft2020-12/optional/format/time.json/0/26 ... ok
2026-10-09T01:33:08.2128346Z test draft2020-12/optional/format/time.json/0/27 ... ok
2026-10-09T01:33:08.2128447Z test draft2020-12/optional/format/time.json/0/28 ... ok
2026-10-09T01:33:08.2128550Z test draft2020-12/optional/format/time.json/0/29 ... ok
2026-10-09T01:33:08.2128652Z test draft2020-12/optional/format/time.json/0/30 ... ok
2026-10-09T01:33:08.2128754Z test draft2020-12/optional/format/time.json/0/31 ... ok
2026-10-09T01:33:08.2128857Z test draft2020-12/optional/format/time.json/0/32 ... ok
2026-10-09T01:33:08.2128962Z test draft2020-12/optional/format/time.json/0/33 ... ok
2026-10-09T01:33:08.2129064Z test draft2020-12/optional/format/time.json/0/34 ... ok
2026-10-09T01:33:08.2129169Z test draft2020-12/optional/format/time.json/0/35 ... ok
2026-10-09T01:33:08.2129271Z test draft2020-12/optional/format/time.json/0/36 ... ok
2026-10-09T01:33:08.2129372Z test draft2020-12/optional/format/time.json/0/37 ... ok
2026-10-09T01:33:08.2129475Z test draft2020-12/optional/format/time.json/0/38 ... ok
2026-10-09T01:33:08.2129577Z test draft2020-12/optional/format/time.json/0/39 ... ok
2026-10-09T01:33:08.2129679Z test draft2020-12/optional/format/time.json/0/40 ... ok
2026-10-09T01:33:08.2129783Z test draft2020-12/optional/format/time.json/0/41 ... ok
2026-10-09T01:33:08.2129884Z test draft2020-12/optional/format/time.json/0/42 ... ok
2026-10-09T01:33:08.2129987Z test draft2020-12/optional/format/time.json/0/43 ... ok
2026-10-09T01:33:08.2130089Z test draft2020-12/optional/format/time.json/0/44 ... ok
2026-10-09T01:33:08.2130191Z test draft2020-12/optional/format/time.json/0/45 ... ok
2026-10-09T01:33:08.2130294Z test draft2020-12/optional/format/time.json/0/46 ... ok
2026-10-09T01:33:08.2130398Z test draft2020-12/optional/format/time.json/0/47 ... ok
2026-10-09T01:33:08.2130499Z test draft2020-12/optional/format/time.json/0/48 ... ok
2026-10-09T01:33:08.2130602Z test draft2020-12/optional/format/time.json/0/49 ... ok
2026-10-09T01:33:08.2130702Z test draft2020-12/optional/format/time.json/0/50 ... ok
2026-10-09T01:33:08.2130805Z test draft2020-12/optional/format/time.json/0/51 ... ok
2026-10-09T01:33:08.2130907Z test draft2020-12/optional/format/time.json/0/52 ... ok
2026-10-09T01:33:08.2131008Z test draft2020-12/optional/format/time.json/0/53 ... ok
2026-10-09T01:33:08.2131122Z test draft2020-12/optional/format/unknown.json/0/0 ... ok
2026-10-09T01:33:08.2131227Z test draft2020-12/optional/format/time.json/0/54 ... ok
2026-10-09T01:33:08.2131337Z test draft2020-12/optional/format/unknown.json/0/1 ... ok
2026-10-09T01:33:08.2131450Z test draft2020-12/optional/format/unknown.json/0/2 ... ok
2026-10-09T01:33:08.2131559Z test draft2020-12/optional/format/unknown.json/0/3 ... ok
2026-10-09T01:33:08.2131725Z test draft2020-12/optional/format/unknown.json/0/4 ... ok
2026-10-09T01:33:08.2131832Z test draft2020-12/optional/format/unknown.json/0/5 ... ok
2026-10-09T01:33:08.2131939Z test draft2020-12/optional/format/unknown.json/0/6 ... ok
2026-10-09T01:33:08.2132063Z test draft2020-12/optional/format/uri-reference.json/0/0 ... ok
2026-10-09T01:33:08.2132189Z test draft2020-12/optional/format/uri-reference.json/0/1 ... ok
2026-10-09T01:33:08.2132311Z test draft2020-12/optional/format/uri-reference.json/0/2 ... ok
2026-10-09T01:33:08.2132434Z test draft2020-12/optional/format/uri-reference.json/0/3 ... ok
2026-10-09T01:33:08.2132555Z test draft2020-12/optional/format/uri-reference.json/0/4 ... ok
2026-10-09T01:33:08.2132675Z test draft2020-12/optional/format/uri-reference.json/0/5 ... ok
2026-10-09T01:33:08.2132797Z test draft2020-12/optional/format/uri-reference.json/0/7 ... ok
2026-10-09T01:33:08.2132975Z test draft2020-12/optional/format/uri-reference.json/0/6 ... ok
2026-10-09T01:33:08.2133098Z test draft2020-12/optional/format/uri-reference.json/0/9 ... ok
2026-10-09T01:33:08.2133220Z test draft2020-12/optional/format/uri-reference.json/0/8 ... ok
2026-10-09T01:33:08.2133346Z test draft2020-12/optional/format/uri-reference.json/0/10 ... ok
2026-10-09T01:33:08.2133469Z test draft2020-12/optional/format/uri-reference.json/0/11 ... ok
2026-10-09T01:33:08.2133594Z test draft2020-12/optional/format/uri-reference.json/0/12 ... ok
2026-10-09T01:33:08.2133717Z test draft2020-12/optional/format/uri-reference.json/0/13 ... ok
2026-10-09T01:33:08.2133839Z test draft2020-12/optional/format/uri-reference.json/0/14 ... ok
2026-10-09T01:33:08.2133961Z test draft2020-12/optional/format/uri-reference.json/0/15 ... ok
2026-10-09T01:33:08.2134082Z test draft2020-12/optional/format/uri-reference.json/0/17 ... ok
2026-10-09T01:33:08.2134204Z test draft2020-12/optional/format/uri-reference.json/0/16 ... ok
2026-10-09T01:33:08.2134327Z test draft2020-12/optional/format/uri-reference.json/0/18 ... ok
2026-10-09T01:33:08.2134452Z test draft2020-12/optional/format/uri-reference.json/0/19 ... ok
2026-10-09T01:33:08.2134574Z test draft2020-12/optional/format/uri-reference.json/0/20 ... ok
2026-10-09T01:33:08.2134696Z test draft2020-12/optional/format/uri-reference.json/0/21 ... ok
2026-10-09T01:33:08.2134816Z test draft2020-12/optional/format/uri-reference.json/0/22 ... ok
2026-10-09T01:33:08.2135054Z test draft2020-12/optional/format/uri-reference.json/0/24 ... ok
2026-10-09T01:33:08.2135200Z test draft2020-12/optional/format/uri-reference.json/0/23 ... ok
2026-10-09T01:33:08.2135322Z test draft2020-12/optional/format/uri-reference.json/0/25 ... ok
2026-10-09T01:33:08.2135445Z test draft2020-12/optional/format/uri-reference.json/0/26 ... ok
2026-10-09T01:33:08.2135567Z test draft2020-12/optional/format/uri-reference.json/0/27 ... ok
2026-10-09T01:33:08.2135688Z test draft2020-12/optional/format/uri-reference.json/0/28 ... ok
2026-10-09T01:33:08.2135811Z test draft2020-12/optional/format/uri-reference.json/0/30 ... ok
2026-10-09T01:33:08.2135935Z test draft2020-12/optional/format/uri-template.json/0/0 ... ok
2026-10-09T01:33:08.2136059Z test draft2020-12/optional/format/uri-reference.json/0/29 ... ok
2026-10-09T01:33:08.2136183Z test draft2020-12/optional/format/uri-template.json/0/1 ... ok
2026-10-09T01:33:08.2136307Z test draft2020-12/optional/format/uri-template.json/0/2 ... ok
2026-10-09T01:33:08.2136430Z test draft2020-12/optional/format/uri-template.json/0/4 ... ok
2026-10-09T01:33:08.2136550Z test draft2020-12/optional/format/uri-template.json/0/3 ... ok
2026-10-09T01:33:08.2136668Z test draft2020-12/optional/format/uri-template.json/0/5 ... ok
2026-10-09T01:33:08.2136787Z test draft2020-12/optional/format/uri-template.json/0/6 ... ok
2026-10-09T01:33:08.2136907Z test draft2020-12/optional/format/uri-template.json/0/7 ... ok
2026-10-09T01:33:08.2137024Z test draft2020-12/optional/format/uri-template.json/0/8 ... ok
2026-10-09T01:33:08.2137149Z test draft2020-12/optional/format/uri-template.json/0/10 ... ok
2026-10-09T01:33:08.2137357Z test draft2020-12/optional/format/uri-template.json/0/9 ... ok
2026-10-09T01:33:08.2137480Z test draft2020-12/optional/format/json-pointer.json/0/37 ... ok
2026-10-09T01:33:08.2137602Z test draft2020-12/optional/format/uri-template.json/0/13 ... ok
2026-10-09T01:33:08.2137722Z test draft2020-12/optional/format/uri-template.json/0/11 ... ok
2026-10-09T01:33:08.2137843Z test draft2020-12/optional/format/uri-template.json/0/15 ... ok
2026-10-09T01:33:08.2137963Z test draft2020-12/optional/format/uri-template.json/0/16 ... ok
2026-10-09T01:33:08.2138082Z test draft2020-12/optional/format/uri-template.json/0/12 ... ok
2026-10-09T01:33:08.2138203Z test draft2020-12/optional/format/uri-template.json/0/17 ... ok
2026-10-09T01:33:08.2138323Z test draft2020-12/optional/format/uri-template.json/0/18 ... ok
2026-10-09T01:33:08.2138442Z test draft2020-12/optional/format/uri-template.json/0/19 ... ok
2026-10-09T01:33:08.2138642Z test draft2020-12/optional/format/uri-template.json/0/20 ... ok
2026-10-09T01:33:08.2138766Z test draft2020-12/optional/format/uri-template.json/0/21 ... ok
2026-10-09T01:33:08.2138884Z test draft2020-12/optional/format/uri-template.json/0/22 ... ok
2026-10-09T01:33:08.2139004Z test draft2020-12/optional/format/uri-template.json/0/23 ... ok
2026-10-09T01:33:08.2139125Z test draft2020-12/optional/format/uri-template.json/0/24 ... ok
2026-10-09T01:33:08.2139243Z test draft2020-12/optional/format/uri-template.json/0/26 ... ok
2026-10-09T01:33:08.2139363Z test draft2020-12/optional/format/uri-template.json/0/25 ... ok
2026-10-09T01:33:08.2139482Z test draft2020-12/optional/format/uri-template.json/0/27 ... ok
2026-10-09T01:33:08.2139604Z test draft2020-12/optional/format/uri-template.json/0/28 ... ok
2026-10-09T01:33:08.2139723Z test draft2020-12/optional/format/uri-template.json/0/29 ... ok
2026-10-09T01:33:08.2139842Z test draft2020-12/optional/format/uri-template.json/0/30 ... ok
2026-10-09T01:33:08.2139964Z test draft2020-12/optional/format/uri-template.json/0/31 ... ok
2026-10-09T01:33:08.2140085Z test draft2020-12/optional/format/uri-template.json/0/32 ... ok
2026-10-09T01:33:08.2140203Z test draft2020-12/optional/format/uri-template.json/0/33 ... ok
2026-10-09T01:33:08.2140324Z test draft2020-12/optional/format/uri-template.json/0/34 ... ok
2026-10-09T01:33:08.2140445Z test draft2020-12/optional/format/uri-template.json/0/36 ... ok
2026-10-09T01:33:08.2140563Z test draft2020-12/optional/format/uri-template.json/0/35 ... ok
2026-10-09T01:33:08.2140684Z test draft2020-12/optional/format/uri-template.json/0/37 ... ok
2026-10-09T01:33:08.2140804Z test draft2020-12/optional/format/uri-template.json/0/38 ... ok
2026-10-09T01:33:08.2140923Z test draft2020-12/optional/format/uri-template.json/0/39 ... ok
2026-10-09T01:33:08.2141044Z test draft2020-12/optional/format/uri-template.json/0/40 ... ok
2026-10-09T01:33:08.2141162Z test draft2020-12/optional/format/uri-template.json/0/41 ... ok
2026-10-09T01:33:08.2141283Z test draft2020-12/optional/format/uri-template.json/0/42 ... ok
2026-10-09T01:33:08.2141403Z test draft2020-12/optional/format/uri-template.json/0/43 ... ok
2026-10-09T01:33:08.2141522Z test draft2020-12/optional/format/uri-template.json/0/44 ... ok
2026-10-09T01:33:08.2141641Z test draft2020-12/optional/format/uri-template.json/0/45 ... ok
2026-10-09T01:33:08.2141761Z test draft2020-12/optional/format/uri-template.json/0/46 ... ok
2026-10-09T01:33:08.2141864Z test draft2020-12/optional/format/uri.json/0/1 ... ok
2026-10-09T01:33:08.2141968Z test draft2020-12/optional/format/uri.json/0/0 ... ok
2026-10-09T01:33:08.2142070Z test draft2020-12/optional/format/uri.json/0/2 ... ok
2026-10-09T01:33:08.2142170Z test draft2020-12/optional/format/uri.json/0/3 ... ok
2026-10-09T01:33:08.2142272Z test draft2020-12/optional/format/uri.json/0/4 ... ok
2026-10-09T01:33:08.2142372Z test draft2020-12/optional/format/uri.json/0/5 ... ok
2026-10-09T01:33:08.2142471Z test draft2020-12/optional/format/uri.json/0/6 ... ok
2026-10-09T01:33:08.2142571Z test draft2020-12/optional/format/uri.json/0/7 ... ok
2026-10-09T01:33:08.2142728Z test draft2020-12/optional/format/uri.json/0/8 ... ok
2026-10-09T01:33:08.2142834Z test draft2020-12/optional/format/uri.json/0/10 ... ok
2026-10-09T01:33:08.2142935Z test draft2020-12/optional/format/uri.json/0/9 ... ok
2026-10-09T01:33:08.2143038Z test draft2020-12/optional/format/uri.json/0/12 ... ok
2026-10-09T01:33:08.2143141Z test draft2020-12/optional/format/uri.json/0/11 ... ok
2026-10-09T01:33:08.2143247Z test draft2020-12/optional/format/uri.json/0/13 ... ok
2026-10-09T01:33:08.2143347Z test draft2020-12/optional/format/uri.json/0/14 ... ok
2026-10-09T01:33:08.2143449Z test draft2020-12/optional/format/uri.json/0/15 ... ok
2026-10-09T01:33:08.2143550Z test draft2020-12/optional/format/uri.json/0/17 ... ok
2026-10-09T01:33:08.2143650Z test draft2020-12/optional/format/uri.json/0/16 ... ok
2026-10-09T01:33:08.2143751Z test draft2020-12/optional/format/uri.json/0/18 ... ok
2026-10-09T01:33:08.2143909Z test draft2020-12/optional/format/uri.json/0/20 ... ok
2026-10-09T01:33:08.2144013Z test draft2020-12/optional/format/uri.json/0/19 ... ok
2026-10-09T01:33:08.2144114Z test draft2020-12/optional/format/uri.json/0/21 ... ok
2026-10-09T01:33:08.2144214Z test draft2020-12/optional/format/uri.json/0/22 ... ok
2026-10-09T01:33:08.2144316Z test draft2020-12/optional/format/uri.json/0/23 ... ok
2026-10-09T01:33:08.2144417Z test draft2020-12/optional/format/uri.json/0/24 ... ok
2026-10-09T01:33:08.2144517Z test draft2020-12/optional/format/uri.json/0/25 ... ok
2026-10-09T01:33:08.2144619Z test draft2020-12/optional/format/uri.json/0/26 ... ok
2026-10-09T01:33:08.2144720Z test draft2020-12/optional/format/uri.json/0/27 ... ok
2026-10-09T01:33:08.2144820Z test draft2020-12/optional/format/uri.json/0/28 ... ok
2026-10-09T01:33:08.2144922Z test draft2020-12/optional/format/uri.json/0/29 ... ok
2026-10-09T01:33:08.2145150Z test draft2020-12/optional/format/uri.json/0/30 ... ok
2026-10-09T01:33:08.2145253Z test draft2020-12/optional/format/uri.json/0/31 ... ok
2026-10-09T01:33:08.2145357Z test draft2020-12/optional/format/uri.json/0/32 ... ok
2026-10-09T01:33:08.2145457Z test draft2020-12/optional/format/uri.json/0/33 ... ok
2026-10-09T01:33:08.2145558Z test draft2020-12/optional/format/uri.json/0/34 ... ok
2026-10-09T01:33:08.2145664Z test draft2020-12/optional/format/uri.json/0/35 ... ok
2026-10-09T01:33:08.2145766Z test draft2020-12/optional/format/uri.json/0/36 ... ok
2026-10-09T01:33:08.2145867Z test draft2020-12/optional/format/uri.json/0/37 ... ok
2026-10-09T01:33:08.2145967Z test draft2020-12/optional/format/uri.json/0/38 ... ok
2026-10-09T01:33:08.2146068Z test draft2020-12/optional/format/uri.json/0/39 ... ok
2026-10-09T01:33:08.2146193Z test draft2020-12/optional/format/json-pointer.json/0/15 ... ok
2026-10-09T01:33:08.2146295Z test draft2020-12/optional/format/uri.json/0/40 ... ok
2026-10-09T01:33:08.2146395Z test draft2020-12/optional/format/uri.json/0/42 ... ok
2026-10-09T01:33:08.2146498Z test draft2020-12/optional/format/uri.json/0/43 ... ok
2026-10-09T01:33:08.2146600Z test draft2020-12/optional/format/uri.json/0/45 ... ok
2026-10-09T01:33:08.2146702Z test draft2020-12/optional/format/uri.json/0/44 ... ok
2026-10-09T01:33:08.2146803Z test draft2020-12/optional/format/uri.json/0/46 ... ok
2026-10-09T01:33:08.2146903Z test draft2020-12/optional/format/uuid.json/0/0 ... ok
2026-10-09T01:33:08.2147005Z test draft2020-12/optional/format/uuid.json/0/2 ... ok
2026-10-09T01:33:08.2147107Z test draft2020-12/optional/format/uuid.json/0/1 ... ok
2026-10-09T01:33:08.2147206Z test draft2020-12/optional/format/uuid.json/0/3 ... ok
2026-10-09T01:33:08.2147330Z test draft2020-12/optional/format/uri-template.json/0/14 ... ok
2026-10-09T01:33:08.2147431Z test draft2020-12/optional/format/uuid.json/0/5 ... ok
2026-10-09T01:33:08.2147532Z test draft2020-12/optional/format/uuid.json/0/6 ... ok
2026-10-09T01:33:08.2147636Z test draft2020-12/optional/format/uuid.json/0/7 ... ok
2026-10-09T01:33:08.2147737Z test draft2020-12/optional/format/uuid.json/0/8 ... ok
2026-10-09T01:33:08.2147929Z test draft2020-12/optional/format/uuid.json/0/10 ... ok
2026-10-09T01:33:08.2148030Z test draft2020-12/optional/format/uuid.json/0/9 ... ok
2026-10-09T01:33:08.2148134Z test draft2020-12/optional/format/uuid.json/0/11 ... ok
2026-10-09T01:33:08.2148238Z test draft2020-12/optional/format/uuid.json/0/12 ... ok
2026-10-09T01:33:08.2148342Z test draft2020-12/optional/format/uuid.json/0/13 ... ok
2026-10-09T01:33:08.2148443Z test draft2020-12/optional/format/uuid.json/0/14 ... ok
2026-10-09T01:33:08.2148545Z test draft2020-12/optional/format/uuid.json/0/15 ... ok
2026-10-09T01:33:08.2148648Z test draft2020-12/optional/format/uuid.json/0/16 ... ok
2026-10-09T01:33:08.2148749Z test draft2020-12/optional/format/uuid.json/0/17 ... ok
2026-10-09T01:33:08.2148851Z test draft2020-12/optional/format/uuid.json/0/18 ... ok
2026-10-09T01:33:08.2148952Z test draft2020-12/optional/format/uuid.json/0/19 ... ok
2026-10-09T01:33:08.2149135Z test draft2020-12/optional/format/uuid.json/0/20 ... ok
2026-10-09T01:33:08.2149240Z test draft2020-12/optional/format/uuid.json/0/21 ... ok
2026-10-09T01:33:08.2149340Z test draft2020-12/optional/format/uuid.json/0/22 ... ok
2026-10-09T01:33:08.2149443Z test draft2020-12/optional/format/uuid.json/0/23 ... ok
2026-10-09T01:33:08.2149548Z test draft2020-12/optional/format/uuid.json/0/24 ... ok
2026-10-09T01:33:08.2149648Z test draft2020-12/optional/format/uuid.json/0/25 ... ok
2026-10-09T01:33:08.2149752Z test draft2020-12/optional/format/uuid.json/0/27 ... ok
2026-10-09T01:33:08.2149854Z test draft2020-12/optional/format/uuid.json/0/26 ... ok
2026-10-09T01:33:08.2149955Z test draft2020-12/optional/format/uuid.json/0/28 ... ok
2026-10-09T01:33:08.2150074Z test draft2020-12/optional/format-assertion.json/0/0 ... ok
2026-10-09T01:33:08.2150193Z test draft2020-12/optional/format-assertion.json/0/1 ... ok
2026-10-09T01:33:08.2150308Z test draft2020-12/optional/format-assertion.json/1/0 ... ok
2026-10-09T01:33:08.2150424Z test draft2020-12/optional/format-assertion.json/1/1 ... ok
2026-10-09T01:33:08.2150516Z test draft2020-12/optional/id.json/0/0 ... ok
2026-10-09T01:33:08.2150608Z test draft2020-12/optional/id.json/0/1 ... ok
2026-10-09T01:33:08.2150712Z test draft2020-12/optional/no-schema.json/0/0 ... ok
2026-10-09T01:33:08.2150812Z test draft2020-12/optional/no-schema.json/0/1 ... ok
2026-10-09T01:33:08.2150913Z test draft2020-12/optional/no-schema.json/0/2 ... ok
2026-10-09T01:33:08.2151001Z test draft2020-12/optional/id.json/0/2 ... ok
2026-10-09T01:33:08.2151111Z test draft2020-12/optional/non-bmp-regex.json/0/0 ... ok
2026-10-09T01:33:08.2151219Z test draft2020-12/optional/non-bmp-regex.json/0/1 ... ok
2026-10-09T01:33:08.2151328Z test draft2020-12/optional/non-bmp-regex.json/0/3 ... ok
2026-10-09T01:33:08.2151434Z test draft2020-12/optional/non-bmp-regex.json/0/4 ... ok
2026-10-09T01:33:08.2151565Z test draft2020-12/optional/non-bmp-regex.json/0/5 ... ok
2026-10-09T01:33:08.2151671Z test draft2020-12/optional/non-bmp-regex.json/0/6 ... ok
2026-10-09T01:33:08.2151777Z test draft2020-12/optional/non-bmp-regex.json/0/2 ... ok
2026-10-09T01:33:08.2151885Z test draft2020-12/optional/non-bmp-regex.json/1/0 ... ok
2026-10-09T01:33:08.2151988Z test draft2020-12/optional/format/uuid.json/0/4 ... ok
2026-10-09T01:33:08.2152094Z test draft2020-12/optional/non-bmp-regex.json/1/2 ... ok
2026-10-09T01:33:08.2152199Z test draft2020-12/optional/non-bmp-regex.json/1/4 ... ok
2026-10-09T01:33:08.2152303Z test draft2020-12/optional/non-bmp-regex.json/1/3 ... ok
2026-10-09T01:33:08.2152432Z test draft2020-12/optional/refOfUnknownKeyword.json/0/0 ... ok
2026-10-09T01:33:08.2152558Z test draft2020-12/optional/refOfUnknownKeyword.json/0/1 ... ok
2026-10-09T01:33:08.2152679Z test draft2020-12/optional/refOfUnknownKeyword.json/1/0 ... ok
2026-10-09T01:33:08.2152802Z test draft2020-12/optional/refOfUnknownKeyword.json/2/0 ... ok
2026-10-09T01:33:08.2152924Z test draft2020-12/optional/refOfUnknownKeyword.json/1/1 ... ok
2026-10-09T01:33:08.2153044Z test draft2020-12/optional/refOfUnknownKeyword.json/2/1 ... ok
2026-10-09T01:33:08.2153224Z test draft2020-12/optional/refOfUnknownKeyword.json/3/0 ... ok
2026-10-09T01:33:08.2153343Z test draft2020-12/optional/refOfUnknownKeyword.json/3/1 ... ok
2026-10-09T01:33:08.2153466Z test draft2020-12/optional/refOfUnknownKeyword.json/4/0 ... ok
2026-10-09T01:33:08.2153587Z test draft2020-12/optional/refOfUnknownKeyword.json/4/1 ... ok
2026-10-09T01:33:08.2153699Z test draft2020-12/optional/unknownKeyword.json/0/1 ... ok
2026-10-09T01:33:08.2153812Z test draft2020-12/optional/unknownKeyword.json/0/0 ... ok
2026-10-09T01:33:08.2153898Z test draft2020-12/pattern.json/0/0 ... ok
2026-10-09T01:33:08.2153980Z test draft2020-12/pattern.json/0/1 ... ok
2026-10-09T01:33:08.2154091Z test draft2020-12/optional/unknownKeyword.json/0/2 ... ok
2026-10-09T01:33:08.2154171Z test draft2020-12/pattern.json/0/2 ... ok
2026-10-09T01:33:08.2154249Z test draft2020-12/pattern.json/0/4 ... ok
2026-10-09T01:33:08.2154386Z test draft2020-12/pattern.json/0/3 ... ok
2026-10-09T01:33:08.2154468Z test draft2020-12/pattern.json/0/5 ... ok
2026-10-09T01:33:08.2154549Z test draft2020-12/pattern.json/0/6 ... ok
2026-10-09T01:33:08.2154627Z test draft2020-12/pattern.json/0/7 ... ok
2026-10-09T01:33:08.2154705Z test draft2020-12/pattern.json/1/0 ... ok
2026-10-09T01:33:08.2154784Z test draft2020-12/pattern.json/2/1 ... ok
2026-10-09T01:33:08.2154862Z test draft2020-12/pattern.json/2/2 ... ok
2026-10-09T01:33:08.2155083Z test draft2020-12/patternProperties.json/0/0 ... ok
2026-10-09T01:33:08.2155187Z test draft2020-12/patternProperties.json/0/1 ... ok
2026-10-09T01:33:08.2155287Z test draft2020-12/patternProperties.json/0/2 ... ok
2026-10-09T01:33:08.2155384Z test draft2020-12/patternProperties.json/0/3 ... ok
2026-10-09T01:33:08.2155482Z test draft2020-12/patternProperties.json/0/4 ... ok
2026-10-09T01:33:08.2155578Z test draft2020-12/patternProperties.json/0/5 ... ok
2026-10-09T01:33:08.2155676Z test draft2020-12/patternProperties.json/0/6 ... ok
2026-10-09T01:33:08.2155776Z test draft2020-12/patternProperties.json/1/0 ... ok
2026-10-09T01:33:08.2155875Z test draft2020-12/patternProperties.json/1/1 ... ok
2026-10-09T01:33:08.2155974Z test draft2020-12/patternProperties.json/1/2 ... ok
2026-10-09T01:33:08.2156074Z test draft2020-12/patternProperties.json/1/3 ... ok
2026-10-09T01:33:08.2156172Z test draft2020-12/patternProperties.json/1/4 ... ok
2026-10-09T01:33:08.2156270Z test draft2020-12/patternProperties.json/1/5 ... ok
2026-10-09T01:33:08.2156367Z test draft2020-12/patternProperties.json/2/0 ... ok
2026-10-09T01:33:08.2156463Z test draft2020-12/patternProperties.json/2/1 ... ok
2026-10-09T01:33:08.2156560Z test draft2020-12/patternProperties.json/2/2 ... ok
2026-10-09T01:33:08.2156656Z test draft2020-12/patternProperties.json/2/3 ... ok
2026-10-09T01:33:08.2156768Z test draft2020-12/optional/non-bmp-regex.json/1/1 ... ok
2026-10-09T01:33:08.2156850Z test draft2020-12/pattern.json/2/0 ... ok
2026-10-09T01:33:08.2156949Z test draft2020-12/patternProperties.json/3/1 ... ok
2026-10-09T01:33:08.2157047Z test draft2020-12/patternProperties.json/3/3 ... ok
2026-10-09T01:33:08.2157147Z test draft2020-12/patternProperties.json/3/4 ... ok
2026-10-09T01:33:08.2157244Z test draft2020-12/patternProperties.json/3/2 ... ok
2026-10-09T01:33:08.2157342Z test draft2020-12/patternProperties.json/3/0 ... ok
2026-10-09T01:33:08.2157440Z test draft2020-12/patternProperties.json/5/1 ... ok
2026-10-09T01:33:08.2157530Z test draft2020-12/prefixItems.json/0/0 ... ok
2026-10-09T01:33:08.2157620Z test draft2020-12/prefixItems.json/0/1 ... ok
2026-10-09T01:33:08.2157708Z test draft2020-12/prefixItems.json/0/2 ... ok
2026-10-09T01:33:08.2157796Z test draft2020-12/prefixItems.json/0/3 ... ok
2026-10-09T01:33:08.2157883Z test draft2020-12/prefixItems.json/0/4 ... ok
2026-10-09T01:33:08.2157969Z test draft2020-12/prefixItems.json/0/5 ... ok
2026-10-09T01:33:08.2158055Z test draft2020-12/prefixItems.json/1/0 ... ok
2026-10-09T01:33:08.2158142Z test draft2020-12/prefixItems.json/1/1 ... ok
2026-10-09T01:33:08.2158228Z test draft2020-12/prefixItems.json/1/2 ... ok
2026-10-09T01:33:08.2158408Z test draft2020-12/prefixItems.json/2/0 ... ok
2026-10-09T01:33:08.2158495Z test draft2020-12/prefixItems.json/3/0 ... ok
2026-10-09T01:33:08.2158583Z test draft2020-12/properties.json/0/0 ... ok
2026-10-09T01:33:08.2158671Z test draft2020-12/properties.json/0/1 ... ok
2026-10-09T01:33:08.2158756Z test draft2020-12/properties.json/0/2 ... ok
2026-10-09T01:33:08.2158844Z test draft2020-12/properties.json/0/3 ... ok
2026-10-09T01:33:08.2158931Z test draft2020-12/properties.json/0/4 ... ok
2026-10-09T01:33:08.2159014Z test draft2020-12/properties.json/0/5 ... ok
2026-10-09T01:33:08.2159100Z test draft2020-12/properties.json/1/0 ... ok
2026-10-09T01:33:08.2159186Z test draft2020-12/properties.json/1/1 ... ok
2026-10-09T01:33:08.2159286Z test draft2020-12/patternProperties.json/5/0 ... ok
2026-10-09T01:33:08.2159371Z test draft2020-12/properties.json/1/2 ... ok
2026-10-09T01:33:08.2159539Z test draft2020-12/properties.json/1/3 ... ok
2026-10-09T01:33:08.2159625Z test draft2020-12/properties.json/1/4 ... ok
2026-10-09T01:33:08.2159712Z test draft2020-12/properties.json/1/6 ... ok
2026-10-09T01:33:08.2159796Z test draft2020-12/properties.json/1/5 ... ok
2026-10-09T01:33:08.2159882Z test draft2020-12/properties.json/2/0 ... ok
2026-10-09T01:33:08.2159983Z test draft2020-12/patternProperties.json/4/0 ... ok
2026-10-09T01:33:08.2160067Z test draft2020-12/properties.json/2/1 ... ok
2026-10-09T01:33:08.2160153Z test draft2020-12/properties.json/2/2 ... ok
2026-10-09T01:33:08.2160239Z test draft2020-12/properties.json/2/3 ... ok
2026-10-09T01:33:08.2160323Z test draft2020-12/properties.json/3/0 ... ok
2026-10-09T01:33:08.2160407Z test draft2020-12/properties.json/4/0 ... ok
2026-10-09T01:33:08.2160490Z test draft2020-12/properties.json/5/0 ... ok
2026-10-09T01:33:08.2160575Z test draft2020-12/properties.json/3/1 ... ok
2026-10-09T01:33:08.2160659Z test draft2020-12/properties.json/5/1 ... ok
2026-10-09T01:33:08.2160744Z test draft2020-12/properties.json/5/2 ... ok
2026-10-09T01:33:08.2160831Z test draft2020-12/properties.json/5/3 ... ok
2026-10-09T01:33:08.2160917Z test draft2020-12/properties.json/5/5 ... ok
2026-10-09T01:33:08.2161000Z test draft2020-12/properties.json/5/4 ... ok
2026-10-09T01:33:08.2161085Z test draft2020-12/properties.json/5/6 ... ok
2026-10-09T01:33:08.2161182Z test draft2020-12/propertyNames.json/0/0 ... ok
2026-10-09T01:33:08.2161273Z test draft2020-12/propertyNames.json/0/2 ... ok
2026-10-09T01:33:08.2161365Z test draft2020-12/propertyNames.json/0/1 ... ok
2026-10-09T01:33:08.2161455Z test draft2020-12/propertyNames.json/0/4 ... ok
2026-10-09T01:33:08.2161546Z test draft2020-12/propertyNames.json/0/3 ... ok
2026-10-09T01:33:08.2161637Z test draft2020-12/propertyNames.json/0/5 ... ok
2026-10-09T01:33:08.2161726Z test draft2020-12/propertyNames.json/0/6 ... ok
2026-10-09T01:33:08.2161817Z test draft2020-12/propertyNames.json/0/7 ... ok
2026-10-09T01:33:08.2161910Z test draft2020-12/propertyNames.json/1/1 ... ok
2026-10-09T01:33:08.2162000Z test draft2020-12/propertyNames.json/1/2 ... ok
2026-10-09T01:33:08.2162092Z test draft2020-12/propertyNames.json/2/0 ... ok
2026-10-09T01:33:08.2162183Z test draft2020-12/propertyNames.json/2/1 ... ok
2026-10-09T01:33:08.2162272Z test draft2020-12/propertyNames.json/3/0 ... ok
2026-10-09T01:33:08.2162363Z test draft2020-12/propertyNames.json/3/1 ... ok
2026-10-09T01:33:08.2162451Z test draft2020-12/propertyNames.json/4/0 ... ok
2026-10-09T01:33:08.2162541Z test draft2020-12/propertyNames.json/1/0 ... ok
2026-10-09T01:33:08.2162632Z test draft2020-12/propertyNames.json/4/1 ... ok
2026-10-09T01:33:08.2162721Z test draft2020-12/propertyNames.json/5/0 ... ok
2026-10-09T01:33:08.2162812Z test draft2020-12/propertyNames.json/5/1 ... ok
2026-10-09T01:33:08.2162902Z test draft2020-12/propertyNames.json/5/2 ... ok
2026-10-09T01:33:08.2162991Z test draft2020-12/propertyNames.json/5/3 ... ok
2026-10-09T01:33:08.2163072Z test draft2020-12/ref.json/0/0 ... ok
2026-10-09T01:33:08.2163152Z test draft2020-12/ref.json/0/1 ... ok
2026-10-09T01:33:08.2163284Z test draft2020-12/ref.json/0/2 ... ok
2026-10-09T01:33:08.2163359Z test draft2020-12/ref.json/0/3 ... ok
2026-10-09T01:33:08.2163432Z test draft2020-12/ref.json/1/0 ... ok
2026-10-09T01:33:08.2163505Z test draft2020-12/ref.json/1/1 ... ok
2026-10-09T01:33:08.2163580Z test draft2020-12/ref.json/2/0 ... ok
2026-10-09T01:33:08.2163652Z test draft2020-12/ref.json/2/1 ... ok
2026-10-09T01:33:08.2163726Z test draft2020-12/ref.json/3/0 ... ok
2026-10-09T01:33:08.2163800Z test draft2020-12/ref.json/3/1 ... ok
2026-10-09T01:33:08.2163872Z test draft2020-12/ref.json/3/2 ... ok
2026-10-09T01:33:08.2163946Z test draft2020-12/ref.json/3/3 ... ok
2026-10-09T01:33:08.2164018Z test draft2020-12/ref.json/3/4 ... ok
2026-10-09T01:33:08.2164092Z test draft2020-12/ref.json/3/5 ... ok
2026-10-09T01:33:08.2164167Z test draft2020-12/ref.json/4/0 ... ok
2026-10-09T01:33:08.2164238Z test draft2020-12/ref.json/4/1 ... ok
2026-10-09T01:33:08.2164401Z test draft2020-12/ref.json/5/0 ... ok
2026-10-09T01:33:08.2164476Z test draft2020-12/ref.json/5/1 ... ok
2026-10-09T01:33:08.2164550Z test draft2020-12/ref.json/5/2 ... ok
2026-10-09T01:33:08.2164625Z test draft2020-12/ref.json/6/0 ... ok
2026-10-09T01:33:08.2164697Z test draft2020-12/ref.json/6/1 ... ok
2026-10-09T01:33:08.2164771Z test draft2020-12/ref.json/7/0 ... ok
2026-10-09T01:33:08.2164845Z test draft2020-12/ref.json/7/1 ... ok
2026-10-09T01:33:08.2164917Z test draft2020-12/ref.json/8/0 ... ok
2026-10-09T01:33:08.2165115Z test draft2020-12/ref.json/8/1 ... ok
2026-10-09T01:33:08.2165190Z test draft2020-12/ref.json/9/0 ... ok
2026-10-09T01:33:08.2165268Z test draft2020-12/ref.json/10/0 ... ok
2026-10-09T01:33:08.2165347Z test draft2020-12/ref.json/11/0 ... ok
2026-10-09T01:33:08.2165424Z test draft2020-12/ref.json/11/1 ... ok
2026-10-09T01:33:08.2165498Z test draft2020-12/ref.json/12/0 ... ok
2026-10-09T01:33:08.2165573Z test draft2020-12/ref.json/12/1 ... ok
2026-10-09T01:33:08.2165648Z test draft2020-12/ref.json/13/0 ... ok
2026-10-09T01:33:08.2165723Z test draft2020-12/ref.json/14/0 ... ok
2026-10-09T01:33:08.2165819Z test draft2020-12/propertyNames.json/4/2 ... ok
2026-10-09T01:33:08.2165892Z test draft2020-12/ref.json/14/2 ... ok
2026-10-09T01:33:08.2165981Z test draft2020-12/properties.json/1/7 ... ok
2026-10-09T01:33:08.2166056Z test draft2020-12/ref.json/15/1 ... ok
2026-10-09T01:33:08.2166129Z test draft2020-12/ref.json/15/0 ... ok
2026-10-09T01:33:08.2166203Z test draft2020-12/ref.json/15/2 ... ok
2026-10-09T01:33:08.2166277Z test draft2020-12/ref.json/16/0 ... ok
2026-10-09T01:33:08.2166352Z test draft2020-12/ref.json/16/1 ... ok
2026-10-09T01:33:08.2166427Z test draft2020-12/ref.json/16/2 ... ok
2026-10-09T01:33:08.2166500Z test draft2020-12/ref.json/17/0 ... ok
2026-10-09T01:33:08.2166575Z test draft2020-12/ref.json/18/0 ... ok
2026-10-09T01:33:08.2166650Z test draft2020-12/ref.json/17/1 ... ok
2026-10-09T01:33:08.2166722Z test draft2020-12/ref.json/18/1 ... ok
2026-10-09T01:33:08.2166799Z test draft2020-12/ref.json/19/0 ... ok
2026-10-09T01:33:08.2166875Z test draft2020-12/ref.json/19/1 ... ok
2026-10-09T01:33:08.2166949Z test draft2020-12/ref.json/20/0 ... ok
2026-10-09T01:33:08.2167023Z test draft2020-12/ref.json/20/1 ... ok
2026-10-09T01:33:08.2167096Z test draft2020-12/ref.json/21/0 ... ok
2026-10-09T01:33:08.2167170Z test draft2020-12/ref.json/21/1 ... ok
2026-10-09T01:33:08.2167244Z test draft2020-12/ref.json/22/0 ... ok
2026-10-09T01:33:08.2167317Z test draft2020-12/ref.json/23/0 ... ok
2026-10-09T01:33:08.2167392Z test draft2020-12/ref.json/22/1 ... ok
2026-10-09T01:33:08.2167468Z test draft2020-12/ref.json/23/1 ... ok
2026-10-09T01:33:08.2167541Z test draft2020-12/ref.json/24/0 ... ok
2026-10-09T01:33:08.2167616Z test draft2020-12/ref.json/25/0 ... ok
2026-10-09T01:33:08.2167688Z test draft2020-12/ref.json/24/1 ... ok
2026-10-09T01:33:08.2167763Z test draft2020-12/ref.json/25/1 ... ok
2026-10-09T01:33:08.2167837Z test draft2020-12/ref.json/26/0 ... ok
2026-10-09T01:33:08.2167911Z test draft2020-12/ref.json/26/1 ... ok
2026-10-09T01:33:08.2167986Z test draft2020-12/ref.json/27/0 ... ok
2026-10-09T01:33:08.2168157Z test draft2020-12/ref.json/27/1 ... ok
2026-10-09T01:33:08.2168230Z test draft2020-12/ref.json/28/0 ... ok
2026-10-09T01:33:08.2168306Z test draft2020-12/ref.json/28/1 ... ok
2026-10-09T01:33:08.2168380Z test draft2020-12/ref.json/29/0 ... ok
2026-10-09T01:33:08.2168452Z test draft2020-12/ref.json/29/1 ... ok
2026-10-09T01:33:08.2168527Z test draft2020-12/ref.json/30/0 ... ok
2026-10-09T01:33:08.2168600Z test draft2020-12/ref.json/30/1 ... ok
2026-10-09T01:33:08.2168674Z test draft2020-12/ref.json/31/0 ... ok
2026-10-09T01:33:08.2168748Z test draft2020-12/ref.json/31/1 ... ok
2026-10-09T01:33:08.2168820Z test draft2020-12/ref.json/32/0 ... ok
2026-10-09T01:33:08.2168894Z test draft2020-12/ref.json/32/1 ... ok
2026-10-09T01:33:08.2168969Z test draft2020-12/ref.json/33/0 ... ok
2026-10-09T01:33:08.2169041Z test draft2020-12/ref.json/33/1 ... ok
2026-10-09T01:33:08.2169195Z test draft2020-12/ref.json/34/0 ... ok
2026-10-09T01:33:08.2169269Z test draft2020-12/ref.json/34/1 ... ok
2026-10-09T01:33:08.2169346Z test draft2020-12/ref.json/35/1 ... ok
2026-10-09T01:33:08.2169421Z test draft2020-12/ref.json/35/0 ... ok
2026-10-09T01:33:08.2169506Z test draft2020-12/refRemote.json/0/0 ... ok
2026-10-09T01:33:08.2169590Z test draft2020-12/refRemote.json/1/0 ... ok
2026-10-09T01:33:08.2169674Z test draft2020-12/refRemote.json/0/1 ... ok
2026-10-09T01:33:08.2169755Z test draft2020-12/refRemote.json/1/1 ... ok
2026-10-09T01:33:08.2169837Z test draft2020-12/refRemote.json/2/0 ... ok
2026-10-09T01:33:08.2169918Z test draft2020-12/refRemote.json/2/1 ... ok
2026-10-09T01:33:08.2169998Z test draft2020-12/refRemote.json/3/1 ... ok
2026-10-09T01:33:08.2170079Z test draft2020-12/refRemote.json/3/0 ... ok
2026-10-09T01:33:08.2170159Z test draft2020-12/refRemote.json/4/0 ... ok
2026-10-09T01:33:08.2170240Z test draft2020-12/refRemote.json/4/1 ... ok
2026-10-09T01:33:08.2170321Z test draft2020-12/refRemote.json/5/0 ... ok
2026-10-09T01:33:08.2170402Z test draft2020-12/refRemote.json/6/0 ... ok
2026-10-09T01:33:08.2170485Z test draft2020-12/refRemote.json/5/1 ... ok
2026-10-09T01:33:08.2170566Z test draft2020-12/refRemote.json/6/1 ... ok
2026-10-09T01:33:08.2170645Z test draft2020-12/refRemote.json/7/1 ... ok
2026-10-09T01:33:08.2170727Z test draft2020-12/refRemote.json/7/0 ... ok
2026-10-09T01:33:08.2170809Z test draft2020-12/refRemote.json/7/2 ... ok
2026-10-09T01:33:08.2170889Z test draft2020-12/refRemote.json/8/0 ... ok
2026-10-09T01:33:08.2170971Z test draft2020-12/refRemote.json/8/1 ... ok
2026-10-09T01:33:08.2171051Z test draft2020-12/refRemote.json/9/0 ... ok
2026-10-09T01:33:08.2171133Z test draft2020-12/refRemote.json/9/1 ... ok
2026-10-09T01:33:08.2171220Z test draft2020-12/refRemote.json/10/1 ... ok
2026-10-09T01:33:08.2171305Z test draft2020-12/refRemote.json/10/0 ... ok
2026-10-09T01:33:08.2171391Z test draft2020-12/refRemote.json/11/0 ... ok
2026-10-09T01:33:08.2171476Z test draft2020-12/refRemote.json/11/1 ... ok
2026-10-09T01:33:08.2171561Z test draft2020-12/refRemote.json/12/0 ... ok
2026-10-09T01:33:08.2171646Z test draft2020-12/refRemote.json/13/0 ... ok
2026-10-09T01:33:08.2171729Z test draft2020-12/refRemote.json/12/1 ... ok
2026-10-09T01:33:08.2171814Z test draft2020-12/refRemote.json/13/1 ... ok
2026-10-09T01:33:08.2171898Z test draft2020-12/refRemote.json/14/0 ... ok
2026-10-09T01:33:08.2171981Z test draft2020-12/refRemote.json/14/1 ... ok
2026-10-09T01:33:08.2172066Z test draft2020-12/required.json/0/0 ... ok
2026-10-09T01:33:08.2172149Z test draft2020-12/required.json/0/1 ... ok
2026-10-09T01:33:08.2172230Z test draft2020-12/required.json/0/2 ... ok
2026-10-09T01:33:08.2172313Z test draft2020-12/required.json/0/3 ... ok
2026-10-09T01:33:08.2172393Z test draft2020-12/required.json/0/4 ... ok
2026-10-09T01:33:08.2172472Z test draft2020-12/required.json/0/5 ... ok
2026-10-09T01:33:08.2172553Z test draft2020-12/required.json/1/0 ... ok
2026-10-09T01:33:08.2172632Z test draft2020-12/required.json/0/6 ... ok
2026-10-09T01:33:08.2172715Z test draft2020-12/required.json/2/0 ... ok
2026-10-09T01:33:08.2172853Z test draft2020-12/required.json/3/0 ... ok
2026-10-09T01:33:08.2172932Z test draft2020-12/required.json/3/1 ... ok
2026-10-09T01:33:08.2173013Z test draft2020-12/required.json/4/0 ... ok
2026-10-09T01:33:08.2173094Z test draft2020-12/required.json/4/1 ... ok
2026-10-09T01:33:08.2173174Z test draft2020-12/required.json/4/3 ... ok
2026-10-09T01:33:08.2173254Z test draft2020-12/required.json/4/2 ... ok
2026-10-09T01:33:08.2173335Z test draft2020-12/required.json/4/4 ... ok
2026-10-09T01:33:08.2173414Z test draft2020-12/required.json/4/6 ... ok
2026-10-09T01:33:08.2173494Z test draft2020-12/required.json/4/5 ... ok
2026-10-09T01:33:08.2173570Z test draft2020-12/type.json/0/0 ... ok
2026-10-09T01:33:08.2173648Z test draft2020-12/type.json/0/2 ... ok
2026-10-09T01:33:08.2173725Z test draft2020-12/type.json/0/1 ... ok
2026-10-09T01:33:08.2173801Z test draft2020-12/type.json/0/3 ... ok
2026-10-09T01:33:08.2173935Z test draft2020-12/type.json/0/5 ... ok
2026-10-09T01:33:08.2174014Z test draft2020-12/type.json/0/4 ... ok
2026-10-09T01:33:08.2174087Z test draft2020-12/type.json/0/6 ... ok
2026-10-09T01:33:08.2174164Z test draft2020-12/type.json/0/7 ... ok
2026-10-09T01:33:08.2174238Z test draft2020-12/type.json/0/8 ... ok
2026-10-09T01:33:08.2174314Z test draft2020-12/type.json/1/0 ... ok
2026-10-09T01:33:08.2174389Z test draft2020-12/type.json/1/1 ... ok
2026-10-09T01:33:08.2174462Z test draft2020-12/type.json/1/2 ... ok
2026-10-09T01:33:08.2174537Z test draft2020-12/type.json/1/3 ... ok
2026-10-09T01:33:08.2174613Z test draft2020-12/type.json/1/4 ... ok
2026-10-09T01:33:08.2174687Z test draft2020-12/type.json/1/5 ... ok
2026-10-09T01:33:08.2174763Z test draft2020-12/type.json/1/7 ... ok
2026-10-09T01:33:08.2174838Z test draft2020-12/type.json/1/6 ... ok
2026-10-09T01:33:08.2174911Z test draft2020-12/type.json/1/8 ... ok
2026-10-09T01:33:08.2175131Z test draft2020-12/type.json/2/1 ... ok
2026-10-09T01:33:08.2175207Z test draft2020-12/type.json/2/0 ... ok
2026-10-09T01:33:08.2175283Z test draft2020-12/type.json/2/2 ... ok
2026-10-09T01:33:08.2175360Z test draft2020-12/type.json/2/4 ... ok
2026-10-09T01:33:08.2175433Z test draft2020-12/type.json/2/3 ... ok
2026-10-09T01:33:08.2175509Z test draft2020-12/type.json/2/5 ... ok
2026-10-09T01:33:08.2175583Z test draft2020-12/type.json/2/6 ... ok
2026-10-09T01:33:08.2175656Z test draft2020-12/type.json/2/7 ... ok
2026-10-09T01:33:08.2175731Z test draft2020-12/type.json/3/0 ... ok
2026-10-09T01:33:08.2175804Z test draft2020-12/type.json/2/8 ... ok
2026-10-09T01:33:08.2175879Z test draft2020-12/type.json/3/1 ... ok
2026-10-09T01:33:08.2175953Z test draft2020-12/type.json/3/2 ... ok
2026-10-09T01:33:08.2176026Z test draft2020-12/type.json/3/3 ... ok
2026-10-09T01:33:08.2176100Z test draft2020-12/type.json/3/5 ... ok
2026-10-09T01:33:08.2176174Z test draft2020-12/type.json/3/4 ... ok
2026-10-09T01:33:08.2176247Z test draft2020-12/type.json/3/6 ... ok
2026-10-09T01:33:08.2176322Z test draft2020-12/type.json/4/0 ... ok
2026-10-09T01:33:08.2176395Z test draft2020-12/type.json/4/1 ... ok
2026-10-09T01:33:08.2176471Z test draft2020-12/type.json/4/2 ... ok
2026-10-09T01:33:08.2176545Z test draft2020-12/type.json/4/3 ... ok
2026-10-09T01:33:08.2176619Z test draft2020-12/type.json/4/4 ... ok
2026-10-09T01:33:08.2176694Z test draft2020-12/type.json/4/5 ... ok
2026-10-09T01:33:08.2176770Z test draft2020-12/type.json/5/0 ... ok
2026-10-09T01:33:08.2176842Z test draft2020-12/type.json/4/6 ... ok
2026-10-09T01:33:08.2176918Z test draft2020-12/type.json/5/1 ... ok
2026-10-09T01:33:08.2176993Z test draft2020-12/type.json/5/3 ... ok
2026-10-09T01:33:08.2177067Z test draft2020-12/type.json/5/2 ... ok
2026-10-09T01:33:08.2177141Z test draft2020-12/type.json/5/4 ... ok
2026-10-09T01:33:08.2177214Z test draft2020-12/type.json/5/5 ... ok
2026-10-09T01:33:08.2177289Z test draft2020-12/type.json/5/6 ... ok
2026-10-09T01:33:08.2177364Z test draft2020-12/type.json/5/8 ... ok
2026-10-09T01:33:08.2177438Z test draft2020-12/type.json/5/7 ... ok
2026-10-09T01:33:08.2177512Z test draft2020-12/type.json/5/9 ... ok
2026-10-09T01:33:08.2177701Z test draft2020-12/type.json/6/0 ... ok
2026-10-09T01:33:08.2177775Z test draft2020-12/type.json/6/1 ... ok
2026-10-09T01:33:08.2177851Z test draft2020-12/type.json/6/3 ... ok
2026-10-09T01:33:08.2177924Z test draft2020-12/type.json/6/2 ... ok
2026-10-09T01:33:08.2177998Z test draft2020-12/type.json/6/4 ... ok
2026-10-09T01:33:08.2178073Z test draft2020-12/type.json/6/6 ... ok
2026-10-09T01:33:08.2178146Z test draft2020-12/type.json/6/5 ... ok
2026-10-09T01:33:08.2178221Z test draft2020-12/type.json/6/7 ... ok
2026-10-09T01:33:08.2178295Z test draft2020-12/type.json/6/9 ... ok
2026-10-09T01:33:08.2178370Z test draft2020-12/type.json/6/8 ... ok
2026-10-09T01:33:08.2178445Z test draft2020-12/type.json/7/0 ... ok
2026-10-09T01:33:08.2178521Z test draft2020-12/type.json/7/1 ... ok
2026-10-09T01:33:08.2178595Z test draft2020-12/type.json/7/2 ... ok
2026-10-09T01:33:08.2178751Z test draft2020-12/type.json/7/3 ... ok
2026-10-09T01:33:08.2178828Z test draft2020-12/type.json/7/4 ... ok
2026-10-09T01:33:08.2178904Z test draft2020-12/type.json/7/5 ... ok
2026-10-09T01:33:08.2178979Z test draft2020-12/type.json/7/6 ... ok
2026-10-09T01:33:08.2179052Z test draft2020-12/type.json/8/0 ... ok
2026-10-09T01:33:08.2179127Z test draft2020-12/type.json/8/1 ... ok
2026-10-09T01:33:08.2179202Z test draft2020-12/type.json/9/0 ... ok
2026-10-09T01:33:08.2179275Z test draft2020-12/type.json/9/1 ... ok
2026-10-09T01:33:08.2179352Z test draft2020-12/type.json/9/3 ... ok
2026-10-09T01:33:08.2179426Z test draft2020-12/type.json/9/2 ... ok
2026-10-09T01:33:08.2179500Z test draft2020-12/type.json/9/4 ... ok
2026-10-09T01:33:08.2179580Z test draft2020-12/type.json/10/1 ... ok
2026-10-09T01:33:08.2179656Z test draft2020-12/type.json/10/0 ... ok
2026-10-09T01:33:08.2179734Z test draft2020-12/type.json/10/2 ... ok
2026-10-09T01:33:08.2179811Z test draft2020-12/type.json/10/4 ... ok
2026-10-09T01:33:08.2179887Z test draft2020-12/type.json/10/3 ... ok
2026-10-09T01:33:08.2179991Z test draft2020-12/unevaluatedItems.json/0/0 ... ok
2026-10-09T01:33:08.2180093Z test draft2020-12/unevaluatedItems.json/1/0 ... ok
2026-10-09T01:33:08.2180191Z test draft2020-12/unevaluatedItems.json/0/1 ... ok
2026-10-09T01:33:08.2180290Z test draft2020-12/unevaluatedItems.json/1/1 ... ok
2026-10-09T01:33:08.2180385Z test draft2020-12/unevaluatedItems.json/2/0 ... ok
2026-10-09T01:33:08.2180482Z test draft2020-12/unevaluatedItems.json/2/1 ... ok
2026-10-09T01:33:08.2180578Z test draft2020-12/unevaluatedItems.json/2/2 ... ok
2026-10-09T01:33:08.2180673Z test draft2020-12/unevaluatedItems.json/3/0 ... ok
2026-10-09T01:33:08.2180770Z test draft2020-12/unevaluatedItems.json/4/1 ... ok
2026-10-09T01:33:08.2180866Z test draft2020-12/unevaluatedItems.json/4/0 ... ok
2026-10-09T01:33:08.2180961Z test draft2020-12/unevaluatedItems.json/5/0 ... ok
2026-10-09T01:33:08.2181057Z test draft2020-12/unevaluatedItems.json/6/1 ... ok
2026-10-09T01:33:08.2181154Z test draft2020-12/unevaluatedItems.json/6/0 ... ok
2026-10-09T01:33:08.2181251Z test draft2020-12/unevaluatedItems.json/7/0 ... ok
2026-10-09T01:33:08.2181349Z test draft2020-12/unevaluatedItems.json/7/1 ... ok
2026-10-09T01:33:08.2181444Z test draft2020-12/unevaluatedItems.json/8/0 ... ok
2026-10-09T01:33:08.2181542Z test draft2020-12/unevaluatedItems.json/8/1 ... ok
2026-10-09T01:33:08.2181638Z test draft2020-12/unevaluatedItems.json/8/2 ... ok
2026-10-09T01:33:08.2181732Z test draft2020-12/unevaluatedItems.json/9/1 ... ok
2026-10-09T01:33:08.2181834Z test draft2020-12/unevaluatedItems.json/10/0 ... ok
2026-10-09T01:33:08.2181930Z test draft2020-12/unevaluatedItems.json/9/0 ... ok
2026-10-09T01:33:08.2182028Z test draft2020-12/unevaluatedItems.json/10/1 ... ok
2026-10-09T01:33:08.2182127Z test draft2020-12/unevaluatedItems.json/11/0 ... ok
2026-10-09T01:33:08.2182229Z test draft2020-12/unevaluatedItems.json/11/1 ... ok
2026-10-09T01:33:08.2182325Z test draft2020-12/unevaluatedItems.json/11/2 ... ok
2026-10-09T01:33:08.2182425Z test draft2020-12/unevaluatedItems.json/11/3 ... ok
2026-10-09T01:33:08.2182590Z test draft2020-12/optional/format/uri.json/0/41 ... ok
2026-10-09T01:33:08.2182688Z test draft2020-12/unevaluatedItems.json/13/0 ... ok
2026-10-09T01:33:08.2182786Z test draft2020-12/unevaluatedItems.json/12/0 ... ok
2026-10-09T01:33:08.2182881Z test draft2020-12/unevaluatedItems.json/14/0 ... ok
2026-10-09T01:33:08.2182978Z test draft2020-12/unevaluatedItems.json/14/2 ... ok
2026-10-09T01:33:08.2183075Z test draft2020-12/unevaluatedItems.json/12/1 ... ok
2026-10-09T01:33:08.2183171Z test draft2020-12/unevaluatedItems.json/15/0 ... ok
2026-10-09T01:33:08.2183268Z test draft2020-12/unevaluatedItems.json/14/3 ... ok
2026-10-09T01:33:08.2183365Z test draft2020-12/unevaluatedItems.json/15/1 ... ok
2026-10-09T01:33:08.2183460Z test draft2020-12/unevaluatedItems.json/16/0 ... ok
2026-10-09T01:33:08.2183557Z test draft2020-12/unevaluatedItems.json/16/1 ... ok
2026-10-09T01:33:08.2183653Z test draft2020-12/unevaluatedItems.json/17/0 ... ok
2026-10-09T01:33:08.2183808Z test draft2020-12/unevaluatedItems.json/17/1 ... ok
2026-10-09T01:33:08.2183909Z test draft2020-12/unevaluatedItems.json/18/0 ... ok
2026-10-09T01:33:08.2184005Z test draft2020-12/unevaluatedItems.json/18/1 ... ok
2026-10-09T01:33:08.2184105Z test draft2020-12/unevaluatedItems.json/19/0 ... ok
2026-10-09T01:33:08.2184203Z test draft2020-12/unevaluatedItems.json/20/0 ... ok
2026-10-09T01:33:08.2184298Z test draft2020-12/unevaluatedItems.json/20/1 ... ok
2026-10-09T01:33:08.2184395Z test draft2020-12/unevaluatedItems.json/21/0 ... ok
2026-10-09T01:33:08.2184492Z test draft2020-12/unevaluatedItems.json/21/1 ... ok
2026-10-09T01:33:08.2184588Z test draft2020-12/unevaluatedItems.json/21/2 ... ok
2026-10-09T01:33:08.2184684Z test draft2020-12/unevaluatedItems.json/22/0 ... ok
2026-10-09T01:33:08.2184779Z test draft2020-12/unevaluatedItems.json/22/1 ... ok
2026-10-09T01:33:08.2184876Z test draft2020-12/unevaluatedItems.json/23/0 ... ok
2026-10-09T01:33:08.2185107Z test draft2020-12/unevaluatedItems.json/23/1 ... ok
2026-10-09T01:33:08.2185207Z test draft2020-12/unevaluatedItems.json/23/2 ... ok
2026-10-09T01:33:08.2185306Z test draft2020-12/unevaluatedItems.json/23/3 ... ok
2026-10-09T01:33:08.2185402Z test draft2020-12/unevaluatedItems.json/23/5 ... ok
2026-10-09T01:33:08.2185497Z test draft2020-12/unevaluatedItems.json/23/6 ... ok
2026-10-09T01:33:08.2185595Z test draft2020-12/unevaluatedItems.json/14/1 ... ok
2026-10-09T01:33:08.2185692Z test draft2020-12/unevaluatedItems.json/24/0 ... ok
2026-10-09T01:33:08.2185787Z test draft2020-12/unevaluatedItems.json/23/7 ... ok
2026-10-09T01:33:08.2185888Z test draft2020-12/unevaluatedItems.json/24/1 ... ok
2026-10-09T01:33:08.2185984Z test draft2020-12/unevaluatedItems.json/24/3 ... ok
2026-10-09T01:33:08.2186082Z test draft2020-12/unevaluatedItems.json/23/4 ... ok
2026-10-09T01:33:08.2186179Z test draft2020-12/unevaluatedItems.json/25/1 ... ok
2026-10-09T01:33:08.2186274Z test draft2020-12/unevaluatedItems.json/24/2 ... ok
2026-10-09T01:33:08.2186373Z test draft2020-12/unevaluatedItems.json/25/2 ... ok
2026-10-09T01:33:08.2186472Z test draft2020-12/unevaluatedItems.json/25/3 ... ok
2026-10-09T01:33:08.2186567Z test draft2020-12/unevaluatedItems.json/25/4 ... ok
2026-10-09T01:33:08.2186664Z test draft2020-12/unevaluatedItems.json/25/5 ... ok
2026-10-09T01:33:08.2186761Z test draft2020-12/unevaluatedItems.json/26/0 ... ok
2026-10-09T01:33:08.2186856Z test draft2020-12/unevaluatedItems.json/27/0 ... ok
2026-10-09T01:33:08.2186953Z test draft2020-12/unevaluatedItems.json/27/1 ... ok
2026-10-09T01:33:08.2187066Z test draft2020-12/unevaluatedProperties.json/0/0 ... ok
2026-10-09T01:33:08.2187175Z test draft2020-12/unevaluatedProperties.json/0/1 ... ok
2026-10-09T01:33:08.2187284Z test draft2020-12/unevaluatedProperties.json/1/0 ... ok
2026-10-09T01:33:08.2187381Z test draft2020-12/unevaluatedItems.json/28/0 ... ok
2026-10-09T01:33:08.2187489Z test draft2020-12/unevaluatedProperties.json/1/1 ... ok
2026-10-09T01:33:08.2187600Z test draft2020-12/unevaluatedProperties.json/2/0 ... ok
2026-10-09T01:33:08.2187795Z test draft2020-12/unevaluatedProperties.json/1/2 ... ok
2026-10-09T01:33:08.2187902Z test draft2020-12/unevaluatedProperties.json/2/1 ... ok
2026-10-09T01:33:08.2188008Z test draft2020-12/unevaluatedProperties.json/3/0 ... ok
2026-10-09T01:33:08.2188113Z test draft2020-12/unevaluatedProperties.json/3/1 ... ok
2026-10-09T01:33:08.2188222Z test draft2020-12/unevaluatedProperties.json/4/0 ... ok
2026-10-09T01:33:08.2188329Z test draft2020-12/unevaluatedProperties.json/5/0 ... ok
2026-10-09T01:33:08.2188427Z test draft2020-12/unevaluatedItems.json/25/0 ... ok
2026-10-09T01:33:08.2188535Z test draft2020-12/unevaluatedProperties.json/5/1 ... ok
2026-10-09T01:33:08.2188640Z test draft2020-12/unevaluatedProperties.json/6/0 ... ok
2026-10-09T01:33:08.2188747Z test draft2020-12/unevaluatedProperties.json/6/1 ... ok
2026-10-09T01:33:08.2188854Z test draft2020-12/unevaluatedProperties.json/7/0 ... ok
2026-10-09T01:33:08.2189039Z test draft2020-12/unevaluatedProperties.json/7/1 ... ok
2026-10-09T01:33:08.2189148Z test draft2020-12/unevaluatedProperties.json/8/0 ... ok
2026-10-09T01:33:08.2189257Z test draft2020-12/unevaluatedProperties.json/9/0 ... ok
2026-10-09T01:33:08.2189362Z test draft2020-12/unevaluatedProperties.json/8/1 ... ok
2026-10-09T01:33:08.2189471Z test draft2020-12/unevaluatedProperties.json/9/1 ... ok
2026-10-09T01:33:08.2189586Z test draft2020-12/unevaluatedProperties.json/10/0 ... ok
2026-10-09T01:33:08.2189697Z test draft2020-12/unevaluatedProperties.json/10/1 ... ok
2026-10-09T01:33:08.2189811Z test draft2020-12/unevaluatedProperties.json/11/0 ... ok
2026-10-09T01:33:08.2189919Z test draft2020-12/unevaluatedProperties.json/11/1 ... ok
2026-10-09T01:33:08.2190028Z test draft2020-12/unevaluatedProperties.json/11/2 ... ok
2026-10-09T01:33:08.2190138Z test draft2020-12/unevaluatedProperties.json/12/0 ... ok
2026-10-09T01:33:08.2190244Z test draft2020-12/unevaluatedProperties.json/11/3 ... ok
2026-10-09T01:33:08.2190354Z test draft2020-12/unevaluatedProperties.json/12/1 ... ok
2026-10-09T01:33:08.2190463Z test draft2020-12/unevaluatedProperties.json/13/0 ... ok
2026-10-09T01:33:08.2190570Z test draft2020-12/unevaluatedProperties.json/14/0 ... ok
2026-10-09T01:33:08.2190681Z test draft2020-12/unevaluatedProperties.json/14/1 ... ok
2026-10-09T01:33:08.2190789Z test draft2020-12/unevaluatedProperties.json/14/2 ... ok
2026-10-09T01:33:08.2190896Z test draft2020-12/unevaluatedProperties.json/15/0 ... ok
2026-10-09T01:33:08.2191007Z test draft2020-12/unevaluatedProperties.json/14/3 ... ok
2026-10-09T01:33:08.2191116Z test draft2020-12/unevaluatedProperties.json/15/1 ... ok
2026-10-09T01:33:08.2191223Z test draft2020-12/unevaluatedProperties.json/15/2 ... ok
2026-10-09T01:33:08.2191331Z test draft2020-12/unevaluatedProperties.json/16/0 ... ok
2026-10-09T01:33:08.2191439Z test draft2020-12/unevaluatedProperties.json/15/3 ... ok
2026-10-09T01:33:08.2191549Z test draft2020-12/unevaluatedProperties.json/16/2 ... ok
2026-10-09T01:33:08.2191659Z test draft2020-12/unevaluatedProperties.json/16/1 ... ok
2026-10-09T01:33:08.2191769Z test draft2020-12/unevaluatedProperties.json/16/3 ... ok
2026-10-09T01:33:08.2191878Z test draft2020-12/unevaluatedProperties.json/17/0 ... ok
2026-10-09T01:33:08.2191988Z test draft2020-12/unevaluatedProperties.json/17/1 ... ok
2026-10-09T01:33:08.2192096Z test draft2020-12/unevaluatedProperties.json/18/0 ... ok
2026-10-09T01:33:08.2192206Z test draft2020-12/unevaluatedProperties.json/18/1 ... ok
2026-10-09T01:33:08.2192316Z test draft2020-12/unevaluatedProperties.json/19/0 ... ok
2026-10-09T01:33:08.2192423Z test draft2020-12/unevaluatedProperties.json/19/1 ... ok
2026-10-09T01:33:08.2192535Z test draft2020-12/unevaluatedProperties.json/20/0 ... ok
2026-10-09T01:33:08.2192642Z test draft2020-12/unevaluatedProperties.json/20/1 ... ok
2026-10-09T01:33:08.2192752Z test draft2020-12/unevaluatedProperties.json/21/0 ... ok
2026-10-09T01:33:08.2192863Z test draft2020-12/unevaluatedProperties.json/21/1 ... ok
2026-10-09T01:33:08.2192971Z test draft2020-12/unevaluatedProperties.json/22/0 ... ok
2026-10-09T01:33:08.2193138Z test draft2020-12/unevaluatedProperties.json/23/0 ... ok
2026-10-09T01:33:08.2193247Z test draft2020-12/unevaluatedProperties.json/24/0 ... ok
2026-10-09T01:33:08.2193354Z test draft2020-12/unevaluatedProperties.json/24/1 ... ok
2026-10-09T01:33:08.2193463Z test draft2020-12/unevaluatedProperties.json/25/0 ... ok
2026-10-09T01:33:08.2193571Z test draft2020-12/unevaluatedProperties.json/25/1 ... ok
2026-10-09T01:33:08.2193678Z test draft2020-12/unevaluatedProperties.json/26/0 ... ok
2026-10-09T01:33:08.2193786Z test draft2020-12/unevaluatedProperties.json/27/0 ... ok
2026-10-09T01:33:08.2193893Z test draft2020-12/unevaluatedProperties.json/26/1 ... ok
2026-10-09T01:33:08.2194001Z test draft2020-12/unevaluatedProperties.json/28/0 ... ok
2026-10-09T01:33:08.2194110Z test draft2020-12/unevaluatedProperties.json/27/1 ... ok
2026-10-09T01:33:08.2194217Z test draft2020-12/unevaluatedProperties.json/29/0 ... ok
2026-10-09T01:33:08.2194382Z test draft2020-12/unevaluatedProperties.json/28/1 ... ok
2026-10-09T01:33:08.2194497Z test draft2020-12/unevaluatedProperties.json/29/1 ... ok
2026-10-09T01:33:08.2194604Z test draft2020-12/unevaluatedProperties.json/30/0 ... ok
2026-10-09T01:33:08.2194713Z test draft2020-12/unevaluatedProperties.json/31/0 ... ok
2026-10-09T01:33:08.2194822Z test draft2020-12/unevaluatedProperties.json/30/1 ... ok
2026-10-09T01:33:08.2195017Z test draft2020-12/unevaluatedProperties.json/31/1 ... ok
2026-10-09T01:33:08.2195128Z test draft2020-12/unevaluatedProperties.json/31/2 ... ok
2026-10-09T01:33:08.2195237Z test draft2020-12/unevaluatedProperties.json/32/0 ... ok
2026-10-09T01:33:08.2195344Z test draft2020-12/unevaluatedProperties.json/32/1 ... ok
2026-10-09T01:33:08.2195454Z test draft2020-12/unevaluatedProperties.json/33/0 ... ok
2026-10-09T01:33:08.2195561Z test draft2020-12/unevaluatedProperties.json/32/2 ... ok
2026-10-09T01:33:08.2195670Z test draft2020-12/unevaluatedProperties.json/33/1 ... ok
2026-10-09T01:33:08.2195780Z test draft2020-12/unevaluatedProperties.json/33/2 ... ok
2026-10-09T01:33:08.2195889Z test draft2020-12/unevaluatedProperties.json/33/3 ... ok
2026-10-09T01:33:08.2195997Z test draft2020-12/unevaluatedProperties.json/33/4 ... ok
2026-10-09T01:33:08.2196107Z test draft2020-12/unevaluatedProperties.json/33/5 ... ok
2026-10-09T01:33:08.2196214Z test draft2020-12/unevaluatedProperties.json/33/6 ... ok
2026-10-09T01:33:08.2196322Z test draft2020-12/unevaluatedProperties.json/34/0 ... ok
2026-10-09T01:33:08.2196431Z test draft2020-12/unevaluatedProperties.json/34/1 ... ok
2026-10-09T01:33:08.2196540Z test draft2020-12/unevaluatedProperties.json/34/2 ... ok
2026-10-09T01:33:08.2196649Z test draft2020-12/unevaluatedProperties.json/34/3 ... ok
2026-10-09T01:33:08.2196756Z test draft2020-12/unevaluatedProperties.json/34/5 ... ok
2026-10-09T01:33:08.2196865Z test draft2020-12/unevaluatedProperties.json/34/4 ... ok
2026-10-09T01:33:08.2196974Z test draft2020-12/unevaluatedProperties.json/34/6 ... ok
2026-10-09T01:33:08.2197083Z test draft2020-12/unevaluatedProperties.json/34/7 ... ok
2026-10-09T01:33:08.2197195Z test draft2020-12/unevaluatedProperties.json/35/0 ... ok
2026-10-09T01:33:08.2197305Z test draft2020-12/unevaluatedProperties.json/35/1 ... ok
2026-10-09T01:33:08.2197413Z test draft2020-12/unevaluatedProperties.json/35/2 ... ok
2026-10-09T01:33:08.2197524Z test draft2020-12/unevaluatedProperties.json/35/3 ... ok
2026-10-09T01:33:08.2197632Z test draft2020-12/unevaluatedProperties.json/35/4 ... ok
2026-10-09T01:33:08.2197739Z test draft2020-12/unevaluatedProperties.json/35/5 ... ok
2026-10-09T01:33:08.2197847Z test draft2020-12/unevaluatedProperties.json/35/6 ... ok
2026-10-09T01:33:08.2197954Z test draft2020-12/unevaluatedProperties.json/35/7 ... ok
2026-10-09T01:33:08.2198063Z test draft2020-12/unevaluatedProperties.json/35/8 ... ok
2026-10-09T01:33:08.2198173Z test draft2020-12/unevaluatedProperties.json/4/1 ... ok
2026-10-09T01:33:08.2198287Z test draft2020-12/unevaluatedProperties.json/35/10 ... ok
2026-10-09T01:33:08.2198404Z test draft2020-12/unevaluatedProperties.json/35/11 ... ok
2026-10-09T01:33:08.2198605Z test draft2020-12/unevaluatedProperties.json/35/12 ... ok
2026-10-09T01:33:08.2198716Z test draft2020-12/unevaluatedProperties.json/35/13 ... ok
2026-10-09T01:33:08.2198828Z test draft2020-12/unevaluatedProperties.json/35/14 ... ok
2026-10-09T01:33:08.2198939Z test draft2020-12/unevaluatedProperties.json/35/15 ... ok
2026-10-09T01:33:08.2199049Z test draft2020-12/unevaluatedProperties.json/35/16 ... ok
2026-10-09T01:33:08.2199129Z test draft2020-12/ref.json/14/1 ... ok
2026-10-09T01:33:08.2199239Z test draft2020-12/unevaluatedProperties.json/35/18 ... ok
2026-10-09T01:33:08.2199347Z test draft2020-12/unevaluatedProperties.json/35/20 ... ok
2026-10-09T01:33:08.2199458Z test draft2020-12/unevaluatedProperties.json/35/19 ... ok
2026-10-09T01:33:08.2199567Z test draft2020-12/unevaluatedProperties.json/36/0 ... ok
2026-10-09T01:33:08.2199677Z test draft2020-12/unevaluatedProperties.json/36/2 ... ok
2026-10-09T01:33:08.2199867Z test draft2020-12/unevaluatedProperties.json/36/1 ... ok
2026-10-09T01:33:08.2199979Z test draft2020-12/unevaluatedProperties.json/36/3 ... ok
2026-10-09T01:33:08.2200087Z test draft2020-12/unevaluatedProperties.json/36/4 ... ok
2026-10-09T01:33:08.2200196Z test draft2020-12/unevaluatedProperties.json/36/5 ... ok
2026-10-09T01:33:08.2200303Z test draft2020-12/unevaluatedProperties.json/37/0 ... ok
2026-10-09T01:33:08.2200415Z test draft2020-12/unevaluatedProperties.json/38/0 ... ok
2026-10-09T01:33:08.2200525Z test draft2020-12/unevaluatedProperties.json/38/1 ... ok
2026-10-09T01:33:08.2200632Z test draft2020-12/unevaluatedProperties.json/39/0 ... ok
2026-10-09T01:33:08.2200740Z test draft2020-12/unevaluatedProperties.json/39/1 ... ok
2026-10-09T01:33:08.2200847Z test draft2020-12/unevaluatedProperties.json/40/0 ... ok
2026-10-09T01:33:08.2200956Z test draft2020-12/unevaluatedProperties.json/40/1 ... ok
2026-10-09T01:33:08.2201066Z test draft2020-12/unevaluatedProperties.json/40/2 ... ok
2026-10-09T01:33:08.2201175Z test draft2020-12/unevaluatedProperties.json/41/0 ... ok
2026-10-09T01:33:08.2201285Z test draft2020-12/unevaluatedProperties.json/42/0 ... ok
2026-10-09T01:33:08.2201394Z test draft2020-12/unevaluatedProperties.json/43/0 ... ok
2026-10-09T01:33:08.2201501Z test draft2020-12/unevaluatedProperties.json/42/1 ... ok
2026-10-09T01:33:08.2201592Z test draft2020-12/uniqueItems.json/0/0 ... ok
2026-10-09T01:33:08.2201702Z test draft2020-12/unevaluatedProperties.json/43/1 ... ok
2026-10-09T01:33:08.2201791Z test draft2020-12/uniqueItems.json/0/1 ... ok
2026-10-09T01:33:08.2201881Z test draft2020-12/uniqueItems.json/0/2 ... ok
2026-10-09T01:33:08.2201968Z test draft2020-12/uniqueItems.json/0/3 ... ok
2026-10-09T01:33:08.2202056Z test draft2020-12/uniqueItems.json/0/4 ... ok
2026-10-09T01:33:08.2202144Z test draft2020-12/uniqueItems.json/0/5 ... ok
2026-10-09T01:33:08.2202229Z test draft2020-12/uniqueItems.json/0/6 ... ok
2026-10-09T01:33:08.2202316Z test draft2020-12/uniqueItems.json/0/7 ... ok
2026-10-09T01:33:08.2202404Z test draft2020-12/uniqueItems.json/0/9 ... ok
2026-10-09T01:33:08.2202491Z test draft2020-12/uniqueItems.json/0/8 ... ok
2026-10-09T01:33:08.2202582Z test draft2020-12/uniqueItems.json/0/11 ... ok
2026-10-09T01:33:08.2202674Z test draft2020-12/uniqueItems.json/0/10 ... ok
2026-10-09T01:33:08.2202761Z test draft2020-12/uniqueItems.json/0/12 ... ok
2026-10-09T01:33:08.2202850Z test draft2020-12/uniqueItems.json/0/13 ... ok
2026-10-09T01:33:08.2202937Z test draft2020-12/uniqueItems.json/0/14 ... ok
2026-10-09T01:33:08.2203025Z test draft2020-12/uniqueItems.json/0/15 ... ok
2026-10-09T01:33:08.2203114Z test draft2020-12/uniqueItems.json/0/16 ... ok
2026-10-09T01:33:08.2203200Z test draft2020-12/uniqueItems.json/0/17 ... ok
2026-10-09T01:33:08.2203288Z test draft2020-12/uniqueItems.json/0/18 ... ok
2026-10-09T01:33:08.2203376Z test draft2020-12/uniqueItems.json/0/19 ... ok
2026-10-09T01:33:08.2203462Z test draft2020-12/uniqueItems.json/0/20 ... ok
2026-10-09T01:33:08.2203553Z test draft2020-12/uniqueItems.json/0/21 ... ok
2026-10-09T01:33:08.2203699Z test draft2020-12/uniqueItems.json/0/23 ... ok
2026-10-09T01:33:08.2203788Z test draft2020-12/uniqueItems.json/0/22 ... ok
2026-10-09T01:33:08.2203876Z test draft2020-12/uniqueItems.json/0/24 ... ok
2026-10-09T01:33:08.2203962Z test draft2020-12/uniqueItems.json/0/25 ... ok
2026-10-09T01:33:08.2204049Z test draft2020-12/uniqueItems.json/0/26 ... ok
2026-10-09T01:33:08.2204137Z test draft2020-12/uniqueItems.json/0/27 ... ok
2026-10-09T01:33:08.2204222Z test draft2020-12/uniqueItems.json/1/0 ... ok
2026-10-09T01:33:08.2204310Z test draft2020-12/uniqueItems.json/1/1 ... ok
2026-10-09T01:33:08.2204400Z test draft2020-12/uniqueItems.json/1/2 ... ok
2026-10-09T01:33:08.2204487Z test draft2020-12/uniqueItems.json/1/3 ... ok
2026-10-09T01:33:08.2204573Z test draft2020-12/uniqueItems.json/1/4 ... ok
2026-10-09T01:33:08.2204660Z test draft2020-12/uniqueItems.json/1/5 ... ok
2026-10-09T01:33:08.2204747Z test draft2020-12/uniqueItems.json/1/6 ... ok
2026-10-09T01:33:08.2204924Z test draft2020-12/uniqueItems.json/1/7 ... ok
2026-10-09T01:33:08.2205094Z test draft2020-12/uniqueItems.json/2/0 ... ok
2026-10-09T01:33:08.2205180Z test draft2020-12/uniqueItems.json/2/1 ... ok
2026-10-09T01:33:08.2205268Z test draft2020-12/uniqueItems.json/2/2 ... ok
2026-10-09T01:33:08.2205353Z test draft2020-12/uniqueItems.json/2/3 ... ok
2026-10-09T01:33:08.2205439Z test draft2020-12/uniqueItems.json/3/0 ... ok
2026-10-09T01:33:08.2205525Z test draft2020-12/uniqueItems.json/2/4 ... ok
2026-10-09T01:33:08.2205609Z test draft2020-12/uniqueItems.json/3/2 ... ok
2026-10-09T01:33:08.2205696Z test draft2020-12/uniqueItems.json/3/3 ... ok
2026-10-09T01:33:08.2205782Z test draft2020-12/uniqueItems.json/3/4 ... ok
2026-10-09T01:33:08.2205866Z test draft2020-12/uniqueItems.json/3/1 ... ok
2026-10-09T01:33:08.2205954Z test draft2020-12/uniqueItems.json/3/5 ... ok
2026-10-09T01:33:08.2206038Z test draft2020-12/uniqueItems.json/3/6 ... ok
2026-10-09T01:33:08.2206126Z test draft2020-12/uniqueItems.json/3/7 ... ok
2026-10-09T01:33:08.2206212Z test draft2020-12/uniqueItems.json/3/8 ... ok
2026-10-09T01:33:08.2206298Z test draft2020-12/uniqueItems.json/3/9 ... ok
2026-10-09T01:33:08.2206387Z test draft2020-12/uniqueItems.json/3/10 ... ok
2026-10-09T01:33:08.2206476Z test draft2020-12/uniqueItems.json/3/11 ... ok
2026-10-09T01:33:08.2206562Z test draft2020-12/uniqueItems.json/3/12 ... ok
2026-10-09T01:33:08.2206650Z test draft2020-12/uniqueItems.json/3/13 ... ok
2026-10-09T01:33:08.2206738Z test draft2020-12/uniqueItems.json/3/14 ... ok
2026-10-09T01:33:08.2206823Z test draft2020-12/uniqueItems.json/4/0 ... ok
2026-10-09T01:33:08.2206909Z test draft2020-12/uniqueItems.json/4/1 ... ok
2026-10-09T01:33:08.2206993Z test draft2020-12/uniqueItems.json/4/2 ... ok
2026-10-09T01:33:08.2207080Z test draft2020-12/uniqueItems.json/4/3 ... ok
2026-10-09T01:33:08.2207166Z test draft2020-12/uniqueItems.json/4/4 ... ok
2026-10-09T01:33:08.2207250Z test draft2020-12/uniqueItems.json/4/5 ... ok
2026-10-09T01:33:08.2207338Z test draft2020-12/uniqueItems.json/4/6 ... ok
2026-10-09T01:33:08.2207427Z test draft2020-12/uniqueItems.json/4/7 ... ok
2026-10-09T01:33:08.2207512Z test draft2020-12/uniqueItems.json/5/0 ... ok
2026-10-09T01:33:08.2207598Z test draft2020-12/uniqueItems.json/5/1 ... ok
2026-10-09T01:33:08.2207683Z test draft2020-12/uniqueItems.json/5/2 ... ok
2026-10-09T01:33:08.2207769Z test draft2020-12/uniqueItems.json/5/3 ... ok
2026-10-09T01:33:08.2207856Z test draft2020-12/vocabulary.json/0/0 ... ok
2026-10-09T01:33:08.2207941Z test draft2020-12/uniqueItems.json/5/4 ... ok
2026-10-09T01:33:08.2208027Z test draft2020-12/vocabulary.json/0/2 ... ok
2026-10-09T01:33:08.2208115Z test draft2020-12/vocabulary.json/1/0 ... ok
2026-10-09T01:33:08.2208198Z test draft2020-12/vocabulary.json/1/1 ... ok
2026-10-09T01:33:08.2208284Z test draft2020-12/vocabulary.json/0/1 ... ok
2026-10-09T01:33:08.2208401Z test draft2020-12/unevaluatedProperties.json/35/17 ... ok
2026-10-09T01:33:08.2208510Z test output/draft2020-12/content/general.json/0/0 ... ok
2026-10-09T01:33:08.2208622Z test draft2020-12/unevaluatedProperties.json/35/9 ... ok
2026-10-09T01:33:08.2208780Z test suite-inventory ... ok
2026-10-09T01:33:08.2208893Z test output/draft2020-12/content/readOnly.json/0/0 ... ok
2026-10-09T01:33:08.2209000Z test output/draft2020-12/content/type.json/0/0 ... ok
2026-10-09T01:33:08.2209104Z test output/draft2020-12/content/escape.json/0/0 ... ok
2026-10-09T01:33:08.2209112Z 
2026-10-09T01:33:08.2209314Z test result: ok. 2342 passed; 0 failed; 0 ignored; 0 measured; 0 filtered out; finished in 0.01s
2026-10-09T01:33:08.2209320Z 
2026-10-09T01:33:08.2222989Z 
2026-10-09T01:33:08.2223175Z running 2298 tests
2026-10-09T01:33:08.2227046Z test draft2019-09/additionalItems.json/0/0 ... ok
2026-10-09T01:33:08.2227206Z test draft2019-09/additionalItems.json/0/1 ... ok
2026-10-09T01:33:08.2227367Z test draft2019-09/additionalItems.json/1/0 ... ok
2026-10-09T01:33:08.2227534Z test draft2019-09/additionalItems.json/1/1 ... ok
2026-10-09T01:33:08.2227883Z test draft2019-09/additionalItems.json/2/0 ... ok
2026-10-09T01:33:08.2228048Z test draft2019-09/additionalItems.json/3/0 ... ok
2026-10-09T01:33:08.2228211Z test draft2019-09/additionalItems.json/3/1 ... ok
2026-10-09T01:33:08.2228370Z test draft2019-09/additionalItems.json/3/2 ... ok
2026-10-09T01:33:08.2228523Z test draft2019-09/additionalItems.json/3/3 ... ok
2026-10-09T01:33:08.2228684Z test draft2019-09/additionalItems.json/4/0 ... ok
2026-10-09T01:33:08.2228841Z test draft2019-09/additionalItems.json/4/1 ... ok
2026-10-09T01:33:08.2229003Z test draft2019-09/additionalItems.json/3/4 ... ok
2026-10-09T01:33:08.2229166Z test draft2019-09/additionalItems.json/5/0 ... ok
2026-10-09T01:33:08.2229322Z test draft2019-09/additionalItems.json/7/0 ... ok
2026-10-09T01:33:08.2229479Z test draft2019-09/additionalItems.json/7/1 ... ok
2026-10-09T01:33:08.2229635Z test draft2019-09/additionalItems.json/8/1 ... ok
2026-10-09T01:33:08.2229794Z test draft2019-09/additionalItems.json/9/0 ... ok
2026-10-09T01:33:08.2229958Z test draft2019-09/additionalItems.json/8/0 ... ok
2026-10-09T01:33:08.2230123Z test draft2019-09/additionalItems.json/6/0 ... ok
2026-10-09T01:33:08.2230318Z test draft2019-09/additionalProperties.json/0/3 ... ok
2026-10-09T01:33:08.2230505Z test draft2019-09/additionalProperties.json/0/2 ... ok
2026-10-09T01:33:08.2230688Z test draft2019-09/additionalProperties.json/0/4 ... ok
2026-10-09T01:33:08.2230868Z test draft2019-09/additionalProperties.json/0/0 ... ok
2026-10-09T01:33:08.2231051Z test draft2019-09/additionalProperties.json/0/1 ... ok
2026-10-09T01:33:08.2231233Z test draft2019-09/additionalProperties.json/2/0 ... ok
2026-10-09T01:33:08.2231412Z test draft2019-09/additionalProperties.json/1/0 ... ok
2026-10-09T01:33:08.2231598Z test draft2019-09/additionalProperties.json/2/1 ... ok
2026-10-09T01:33:08.2231778Z test draft2019-09/additionalProperties.json/3/0 ... ok
2026-10-09T01:33:08.2231953Z test draft2019-09/additionalProperties.json/0/5 ... ok
2026-10-09T01:33:08.2232126Z test draft2019-09/additionalProperties.json/1/1 ... ok
2026-10-09T01:33:08.2232313Z test draft2019-09/additionalProperties.json/4/0 ... ok
2026-10-09T01:33:08.2232495Z test draft2019-09/additionalProperties.json/3/1 ... ok
2026-10-09T01:33:08.2232679Z test draft2019-09/additionalProperties.json/6/0 ... ok
2026-10-09T01:33:08.2233648Z test draft2019-09/additionalProperties.json/7/0 ... ok
2026-10-09T01:33:08.2233824Z test draft2019-09/additionalProperties.json/5/0 ... ok
2026-10-09T01:33:08.2233992Z test draft2019-09/additionalProperties.json/8/0 ... ok
2026-10-09T01:33:08.2234164Z test draft2019-09/additionalProperties.json/8/1 ... ok
2026-10-09T01:33:08.2234737Z test draft2019-09/allOf.json/0/0 ... ok
2026-10-09T01:33:08.2234912Z test draft2019-09/additionalProperties.json/2/2 ... ok
2026-10-09T01:33:08.2235193Z test draft2019-09/allOf.json/0/1 ... ok
2026-10-09T01:33:08.2235324Z test draft2019-09/allOf.json/0/2 ... ok
2026-10-09T01:33:08.2235448Z test draft2019-09/allOf.json/0/3 ... ok
2026-10-09T01:33:08.2235636Z test draft2019-09/additionalProperties.json/8/2 ... ok
2026-10-09T01:33:08.2235898Z test draft2019-09/allOf.json/1/2 ... ok
2026-10-09T01:33:08.2236030Z test draft2019-09/allOf.json/1/0 ... ok
2026-10-09T01:33:08.2236163Z test draft2019-09/allOf.json/1/4 ... ok
2026-10-09T01:33:08.2236291Z test draft2019-09/allOf.json/1/3 ... ok
2026-10-09T01:33:08.2236480Z test draft2019-09/additionalProperties.json/7/1 ... ok
2026-10-09T01:33:08.2236613Z test draft2019-09/allOf.json/2/0 ... ok
2026-10-09T01:33:08.2236744Z test draft2019-09/allOf.json/3/0 ... ok
2026-10-09T01:33:08.2236874Z test draft2019-09/allOf.json/2/1 ... ok
2026-10-09T01:33:08.2237001Z test draft2019-09/allOf.json/4/0 ... ok
2026-10-09T01:33:08.2237131Z test draft2019-09/allOf.json/5/0 ... ok
2026-10-09T01:33:08.2237261Z test draft2019-09/allOf.json/6/0 ... ok
2026-10-09T01:33:08.2237388Z test draft2019-09/allOf.json/7/0 ... ok
2026-10-09T01:33:08.2237519Z test draft2019-09/allOf.json/8/0 ... ok
2026-10-09T01:33:08.2237649Z test draft2019-09/allOf.json/9/1 ... ok
2026-10-09T01:33:08.2237882Z test draft2019-09/allOf.json/10/0 ... ok
2026-10-09T01:33:08.2238011Z test draft2019-09/allOf.json/9/0 ... ok
2026-10-09T01:33:08.2238141Z test draft2019-09/allOf.json/8/1 ... ok
2026-10-09T01:33:08.2238274Z test draft2019-09/allOf.json/10/1 ... ok
2026-10-09T01:33:08.2238407Z test draft2019-09/allOf.json/11/0 ... ok
2026-10-09T01:33:08.2238538Z test draft2019-09/allOf.json/11/1 ... ok
2026-10-09T01:33:08.2238671Z test draft2019-09/allOf.json/11/2 ... ok
2026-10-09T01:33:08.2238806Z test draft2019-09/allOf.json/11/3 ... ok
2026-10-09T01:33:08.2238935Z test draft2019-09/allOf.json/11/4 ... ok
2026-10-09T01:33:08.2239069Z test draft2019-09/allOf.json/11/6 ... ok
2026-10-09T01:33:08.2239204Z test draft2019-09/allOf.json/11/5 ... ok
2026-10-09T01:33:08.2239336Z test draft2019-09/anchor.json/0/0 ... ok
2026-10-09T01:33:08.2239468Z test draft2019-09/allOf.json/11/7 ... ok
2026-10-09T01:33:08.2239601Z test draft2019-09/anchor.json/0/1 ... ok
2026-10-09T01:33:08.2239730Z test draft2019-09/anchor.json/1/0 ... ok
2026-10-09T01:33:08.2239857Z test draft2019-09/anchor.json/1/1 ... ok
2026-10-09T01:33:08.2239996Z test draft2019-09/anchor.json/2/0 ... ok
2026-10-09T01:33:08.2240126Z test draft2019-09/anchor.json/3/0 ... ok
2026-10-09T01:33:08.2240251Z test draft2019-09/anyOf.json/0/0 ... ok
2026-10-09T01:33:08.2240375Z test draft2019-09/anchor.json/2/1 ... ok
2026-10-09T01:33:08.2246950Z test draft2019-09/anyOf.json/0/1 ... ok
2026-10-09T01:33:08.2247140Z test draft2019-09/anyOf.json/0/2 ... ok
2026-10-09T01:33:08.2247283Z test draft2019-09/anchor.json/3/1 ... ok
2026-10-09T01:33:08.2247417Z test draft2019-09/anyOf.json/1/0 ... ok
2026-10-09T01:33:08.2247549Z test draft2019-09/anyOf.json/0/3 ... ok
2026-10-09T01:33:08.2247684Z test draft2019-09/anyOf.json/1/1 ... ok
2026-10-09T01:33:08.2247812Z test draft2019-09/anyOf.json/1/2 ... ok
2026-10-09T01:33:08.2247939Z test draft2019-09/anyOf.json/3/0 ... ok
2026-10-09T01:33:08.2248069Z test draft2019-09/anyOf.json/2/0 ... ok
2026-10-09T01:33:08.2248200Z test draft2019-09/anyOf.json/5/0 ... ok
2026-10-09T01:33:08.2248336Z test draft2019-09/anyOf.json/5/1 ... ok
2026-10-09T01:33:08.2248466Z test draft2019-09/anyOf.json/5/2 ... ok
2026-10-09T01:33:08.2248594Z test draft2019-09/anyOf.json/4/0 ... ok
2026-10-09T01:33:08.2248725Z test draft2019-09/anyOf.json/6/0 ... ok
2026-10-09T01:33:08.2248850Z test draft2019-09/anyOf.json/7/0 ... ok
2026-10-09T01:33:08.2248977Z test draft2019-09/anyOf.json/5/3 ... ok
2026-10-09T01:33:08.2249140Z test draft2019-09/boolean_schema.json/0/0 ... ok
2026-10-09T01:33:08.2249296Z test draft2019-09/boolean_schema.json/0/1 ... ok
2026-10-09T01:33:08.2249451Z test draft2019-09/boolean_schema.json/0/2 ... ok
2026-10-09T01:33:08.2249606Z test draft2019-09/boolean_schema.json/0/3 ... ok
2026-10-09T01:33:08.2249760Z test draft2019-09/boolean_schema.json/0/4 ... ok
2026-10-09T01:33:08.2249913Z test draft2019-09/boolean_schema.json/0/5 ... ok
2026-10-09T01:33:08.2250067Z test draft2019-09/boolean_schema.json/0/6 ... ok
2026-10-09T01:33:08.2250223Z test draft2019-09/boolean_schema.json/0/7 ... ok
2026-10-09T01:33:08.2250521Z test draft2019-09/anyOf.json/7/1 ... ok
2026-10-09T01:33:08.2250669Z test draft2019-09/boolean_schema.json/0/8 ... ok
2026-10-09T01:33:08.2250821Z test draft2019-09/boolean_schema.json/1/0 ... ok
2026-10-09T01:33:08.2250972Z test draft2019-09/boolean_schema.json/1/1 ... ok
2026-10-09T01:33:08.2251120Z test draft2019-09/boolean_schema.json/1/2 ... ok
2026-10-09T01:33:08.2251269Z test draft2019-09/boolean_schema.json/1/3 ... ok
2026-10-09T01:33:08.2251421Z test draft2019-09/boolean_schema.json/1/4 ... ok
2026-10-09T01:33:08.2251570Z test draft2019-09/boolean_schema.json/1/5 ... ok
2026-10-09T01:33:08.2251721Z test draft2019-09/boolean_schema.json/1/6 ... ok
2026-10-09T01:33:08.2251872Z test draft2019-09/boolean_schema.json/1/7 ... ok
2026-10-09T01:33:08.2252020Z test draft2019-09/boolean_schema.json/1/8 ... ok
2026-10-09T01:33:08.2252149Z test draft2019-09/const.json/0/0 ... ok
2026-10-09T01:33:08.2252368Z test draft2019-09/const.json/0/1 ... ok
2026-10-09T01:33:08.2252500Z test draft2019-09/const.json/0/2 ... ok
2026-10-09T01:33:08.2252631Z test draft2019-09/const.json/1/0 ... ok
2026-10-09T01:33:08.2252759Z test draft2019-09/const.json/1/1 ... ok
2026-10-09T01:33:08.2252887Z test draft2019-09/const.json/1/2 ... ok
2026-10-09T01:33:08.2253013Z test draft2019-09/const.json/2/0 ... ok
2026-10-09T01:33:08.2253138Z test draft2019-09/const.json/1/3 ... ok
2026-10-09T01:33:08.2253266Z test draft2019-09/const.json/2/1 ... ok
2026-10-09T01:33:08.2253391Z test draft2019-09/const.json/3/0 ... ok
2026-10-09T01:33:08.2253519Z test draft2019-09/anyOf.json/6/1 ... ok
2026-10-09T01:33:08.2253647Z test draft2019-09/const.json/3/1 ... ok
2026-10-09T01:33:08.2253770Z test draft2019-09/const.json/2/2 ... ok
2026-10-09T01:33:08.2253898Z test draft2019-09/const.json/4/2 ... ok
2026-10-09T01:33:08.2254026Z test draft2019-09/const.json/4/1 ... ok
2026-10-09T01:33:08.2254151Z test draft2019-09/const.json/5/0 ... ok
2026-10-09T01:33:08.2254282Z test draft2019-09/const.json/5/1 ... ok
2026-10-09T01:33:08.2254412Z test draft2019-09/const.json/5/2 ... ok
2026-10-09T01:33:08.2254576Z test draft2019-09/const.json/6/0 ... ok
2026-10-09T01:33:08.2254708Z test draft2019-09/const.json/6/1 ... ok
2026-10-09T01:33:08.2254837Z test draft2019-09/const.json/6/2 ... ok
2026-10-09T01:33:08.2255105Z test draft2019-09/const.json/7/0 ... ok
2026-10-09T01:33:08.2255238Z test draft2019-09/const.json/7/1 ... ok
2026-10-09T01:33:08.2255366Z test draft2019-09/const.json/7/2 ... ok
2026-10-09T01:33:08.2255502Z test draft2019-09/const.json/8/0 ... ok
2026-10-09T01:33:08.2255638Z test draft2019-09/const.json/8/1 ... ok
2026-10-09T01:33:08.2255767Z test draft2019-09/const.json/8/2 ... ok
2026-10-09T01:33:08.2255898Z test draft2019-09/const.json/9/0 ... ok
2026-10-09T01:33:08.2256024Z test draft2019-09/const.json/9/1 ... ok
2026-10-09T01:33:08.2256158Z test draft2019-09/const.json/10/0 ... ok
2026-10-09T01:33:08.2256265Z test draft2019-09/const.json/9/2 ... ok
2026-10-09T01:33:08.2256346Z test draft2019-09/const.json/10/1 ... ok
2026-10-09T01:33:08.2256428Z test draft2019-09/const.json/10/3 ... ok
2026-10-09T01:33:08.2256509Z test draft2019-09/const.json/10/2 ... ok
2026-10-09T01:33:08.2256586Z test draft2019-09/const.json/10/4 ... ok
2026-10-09T01:33:08.2256665Z test draft2019-09/const.json/10/5 ... ok
2026-10-09T01:33:08.2256745Z test draft2019-09/const.json/11/0 ... ok
2026-10-09T01:33:08.2256822Z test draft2019-09/const.json/11/1 ... ok
2026-10-09T01:33:08.2256902Z test draft2019-09/const.json/11/2 ... ok
2026-10-09T01:33:08.2256977Z test draft2019-09/const.json/12/0 ... ok
2026-10-09T01:33:08.2257057Z test draft2019-09/const.json/12/1 ... ok
2026-10-09T01:33:08.2257137Z test draft2019-09/const.json/12/2 ... ok
2026-10-09T01:33:08.2257213Z test draft2019-09/const.json/12/3 ... ok
2026-10-09T01:33:08.2257292Z test draft2019-09/const.json/12/4 ... ok
2026-10-09T01:33:08.2257423Z test draft2019-09/const.json/13/0 ... ok
2026-10-09T01:33:08.2257550Z test draft2019-09/const.json/13/2 ... ok
2026-10-09T01:33:08.2257683Z test draft2019-09/const.json/13/3 ... ok
2026-10-09T01:33:08.2257961Z test draft2019-09/const.json/14/0 ... ok
2026-10-09T01:33:08.2258093Z test draft2019-09/const.json/13/1 ... ok
2026-10-09T01:33:08.2258225Z test draft2019-09/const.json/14/1 ... ok
2026-10-09T01:33:08.2258352Z test draft2019-09/const.json/15/0 ... ok
2026-10-09T01:33:08.2258483Z test draft2019-09/const.json/16/0 ... ok
2026-10-09T01:33:08.2258615Z test draft2019-09/const.json/15/1 ... ok
2026-10-09T01:33:08.2258742Z test draft2019-09/const.json/16/1 ... ok
2026-10-09T01:33:08.2258883Z test draft2019-09/contains.json/0/0 ... ok
2026-10-09T01:33:08.2259023Z test draft2019-09/contains.json/0/1 ... ok
2026-10-09T01:33:08.2259158Z test draft2019-09/contains.json/0/3 ... ok
2026-10-09T01:33:08.2259313Z test draft2019-09/contains.json/0/2 ... ok
2026-10-09T01:33:08.2259446Z test draft2019-09/contains.json/0/4 ... ok
2026-10-09T01:33:08.2259582Z test draft2019-09/contains.json/0/5 ... ok
2026-10-09T01:33:08.2259851Z test draft2019-09/contains.json/1/0 ... ok
2026-10-09T01:33:08.2259992Z test draft2019-09/contains.json/1/1 ... ok
2026-10-09T01:33:08.2260135Z test draft2019-09/contains.json/1/2 ... ok
2026-10-09T01:33:08.2260274Z test draft2019-09/contains.json/2/0 ... ok
2026-10-09T01:33:08.2260412Z test draft2019-09/contains.json/3/0 ... ok
2026-10-09T01:33:08.2260551Z test draft2019-09/contains.json/2/1 ... ok
2026-10-09T01:33:08.2260689Z test draft2019-09/contains.json/3/2 ... ok
2026-10-09T01:33:08.2260820Z test draft2019-09/contains.json/3/1 ... ok
2026-10-09T01:33:08.2260956Z test draft2019-09/const.json/4/0 ... ok
2026-10-09T01:33:08.2261093Z test draft2019-09/contains.json/4/0 ... ok
2026-10-09T01:33:08.2261229Z test draft2019-09/contains.json/4/1 ... ok
2026-10-09T01:33:08.2261371Z test draft2019-09/contains.json/4/2 ... ok
2026-10-09T01:33:08.2261510Z test draft2019-09/contains.json/5/0 ... ok
2026-10-09T01:33:08.2261645Z test draft2019-09/contains.json/4/3 ... ok
2026-10-09T01:33:08.2261785Z test draft2019-09/contains.json/5/1 ... ok
2026-10-09T01:33:08.2261917Z test draft2019-09/content.json/0/0 ... ok
2026-10-09T01:33:08.2262052Z test draft2019-09/content.json/0/2 ... ok
2026-10-09T01:33:08.2262185Z test draft2019-09/contains.json/6/0 ... ok
2026-10-09T01:33:08.2262318Z test draft2019-09/content.json/0/1 ... ok
2026-10-09T01:33:08.2262451Z test draft2019-09/content.json/1/0 ... ok
2026-10-09T01:33:08.2262581Z test draft2019-09/content.json/1/2 ... ok
2026-10-09T01:33:08.2262715Z test draft2019-09/content.json/1/1 ... ok
2026-10-09T01:33:08.2262848Z test draft2019-09/content.json/2/0 ... ok
2026-10-09T01:33:08.2262977Z test draft2019-09/content.json/2/1 ... ok
2026-10-09T01:33:08.2263108Z test draft2019-09/content.json/2/2 ... ok
2026-10-09T01:33:08.2263243Z test draft2019-09/content.json/2/3 ... ok
2026-10-09T01:33:08.2263375Z test draft2019-09/content.json/3/0 ... ok
2026-10-09T01:33:08.2263511Z test draft2019-09/content.json/3/1 ... ok
2026-10-09T01:33:08.2263695Z test draft2019-09/content.json/3/2 ... ok
2026-10-09T01:33:08.2263835Z test draft2019-09/content.json/3/4 ... ok
2026-10-09T01:33:08.2263974Z test draft2019-09/content.json/3/3 ... ok
2026-10-09T01:33:08.2264109Z test draft2019-09/content.json/3/5 ... ok
2026-10-09T01:33:08.2264252Z test draft2019-09/content.json/3/6 ... ok
2026-10-09T01:33:08.2264393Z test draft2019-09/default.json/0/0 ... ok
2026-10-09T01:33:08.2264531Z test draft2019-09/content.json/3/7 ... ok
2026-10-09T01:33:08.2264670Z test draft2019-09/default.json/0/1 ... ok
2026-10-09T01:33:08.2264805Z test draft2019-09/default.json/1/1 ... ok
2026-10-09T01:33:08.2265043Z test draft2019-09/default.json/1/0 ... ok
2026-10-09T01:33:08.2265180Z test draft2019-09/default.json/2/2 ... ok
2026-10-09T01:33:08.2265316Z test draft2019-09/default.json/2/0 ... ok
2026-10-09T01:33:08.2265454Z test draft2019-09/default.json/2/1 ... ok
2026-10-09T01:33:08.2265636Z test draft2019-09/dependentRequired.json/0/0 ... ok
2026-10-09T01:33:08.2265815Z test draft2019-09/dependentRequired.json/0/1 ... ok
2026-10-09T01:33:08.2265996Z test draft2019-09/dependentRequired.json/0/2 ... ok
2026-10-09T01:33:08.2266287Z test draft2019-09/dependentRequired.json/0/3 ... ok
2026-10-09T01:33:08.2266460Z test draft2019-09/dependentRequired.json/0/4 ... ok
2026-10-09T01:33:08.2266632Z test draft2019-09/dependentRequired.json/0/5 ... ok
2026-10-09T01:33:08.2266804Z test draft2019-09/dependentRequired.json/0/6 ... ok
2026-10-09T01:33:08.2266975Z test draft2019-09/dependentRequired.json/1/0 ... ok
2026-10-09T01:33:08.2267140Z test draft2019-09/dependentRequired.json/1/1 ... ok
2026-10-09T01:33:08.2267309Z test draft2019-09/dependentRequired.json/1/2 ... ok
2026-10-09T01:33:08.2267481Z test draft2019-09/dependentRequired.json/2/0 ... ok
2026-10-09T01:33:08.2267652Z test draft2019-09/dependentRequired.json/2/1 ... ok
2026-10-09T01:33:08.2267821Z test draft2019-09/dependentRequired.json/2/2 ... ok
2026-10-09T01:33:08.2267993Z test draft2019-09/dependentRequired.json/2/3 ... ok
2026-10-09T01:33:08.2268298Z test draft2019-09/dependentRequired.json/2/4 ... ok
2026-10-09T01:33:08.2268469Z test draft2019-09/dependentRequired.json/2/5 ... ok
2026-10-09T01:33:08.2268643Z test draft2019-09/dependentRequired.json/3/0 ... ok
2026-10-09T01:33:08.2268807Z test draft2019-09/dependentRequired.json/3/1 ... ok
2026-10-09T01:33:08.2268975Z test draft2019-09/dependentRequired.json/3/2 ... ok
2026-10-09T01:33:08.2269145Z test draft2019-09/dependentRequired.json/3/3 ... ok
2026-10-09T01:33:08.2269315Z test draft2019-09/dependentSchemas.json/0/0 ... ok
2026-10-09T01:33:08.2269486Z test draft2019-09/dependentSchemas.json/0/1 ... ok
2026-10-09T01:33:08.2269653Z test draft2019-09/dependentSchemas.json/0/2 ... ok
2026-10-09T01:33:08.2269819Z test draft2019-09/dependentSchemas.json/0/3 ... ok
2026-10-09T01:33:08.2269985Z test draft2019-09/dependentSchemas.json/0/4 ... ok
2026-10-09T01:33:08.2270145Z test draft2019-09/dependentSchemas.json/0/5 ... ok
2026-10-09T01:33:08.2270306Z test draft2019-09/dependentSchemas.json/0/6 ... ok
2026-10-09T01:33:08.2270469Z test draft2019-09/dependentSchemas.json/0/7 ... ok
2026-10-09T01:33:08.2270635Z test draft2019-09/dependentSchemas.json/1/0 ... ok
2026-10-09T01:33:08.2270794Z test draft2019-09/dependentSchemas.json/1/1 ... ok
2026-10-09T01:33:08.2270954Z test draft2019-09/dependentSchemas.json/1/2 ... ok
2026-10-09T01:33:08.2271049Z test draft2019-09/defs.json/0/0 ... ok
2026-10-09T01:33:08.2271149Z test draft2019-09/dependentSchemas.json/1/3 ... ok
2026-10-09T01:33:08.2271243Z test draft2019-09/dependentSchemas.json/2/0 ... ok
2026-10-09T01:33:08.2271341Z test draft2019-09/dependentSchemas.json/2/1 ... ok
2026-10-09T01:33:08.2271436Z test draft2019-09/dependentSchemas.json/2/3 ... ok
2026-10-09T01:33:08.2271531Z test draft2019-09/dependentSchemas.json/2/2 ... ok
2026-10-09T01:33:08.2271631Z test draft2019-09/dependentSchemas.json/3/1 ... ok
2026-10-09T01:33:08.2271757Z test draft2019-09/dependentSchemas.json/3/0 ... ok
2026-10-09T01:33:08.2271914Z test draft2019-09/dependentSchemas.json/3/3 ... ok
2026-10-09T01:33:08.2272046Z test draft2019-09/enum.json/0/0 ... ok
2026-10-09T01:33:08.2272213Z test draft2019-09/dependentSchemas.json/3/2 ... ok
2026-10-09T01:33:08.2272352Z test draft2019-09/enum.json/0/1 ... ok
2026-10-09T01:33:08.2272485Z test draft2019-09/enum.json/1/0 ... ok
2026-10-09T01:33:08.2272618Z test draft2019-09/enum.json/1/1 ... ok
2026-10-09T01:33:08.2272750Z test draft2019-09/enum.json/1/2 ... ok
2026-10-09T01:33:08.2272883Z test draft2019-09/enum.json/1/3 ... ok
2026-10-09T01:33:08.2273011Z test draft2019-09/enum.json/2/0 ... ok
2026-10-09T01:33:08.2273147Z test draft2019-09/enum.json/1/4 ... ok
2026-10-09T01:33:08.2273285Z test draft2019-09/enum.json/2/1 ... ok
2026-10-09T01:33:08.2273413Z test draft2019-09/enum.json/2/2 ... ok
2026-10-09T01:33:08.2273537Z test draft2019-09/enum.json/3/0 ... ok
2026-10-09T01:33:08.2273658Z test draft2019-09/enum.json/3/1 ... ok
2026-10-09T01:33:08.2273783Z test draft2019-09/enum.json/3/3 ... ok
2026-10-09T01:33:08.2273907Z test draft2019-09/defs.json/0/1 ... ok
2026-10-09T01:33:08.2274030Z test draft2019-09/enum.json/3/2 ... ok
2026-10-09T01:33:08.2274241Z test draft2019-09/enum.json/3/4 ... ok
2026-10-09T01:33:08.2274365Z test draft2019-09/enum.json/4/0 ... ok
2026-10-09T01:33:08.2274486Z test draft2019-09/enum.json/4/1 ... ok
2026-10-09T01:33:08.2274611Z test draft2019-09/enum.json/3/5 ... ok
2026-10-09T01:33:08.2274732Z test draft2019-09/enum.json/5/0 ... ok
2026-10-09T01:33:08.2274857Z test draft2019-09/enum.json/4/2 ... ok
2026-10-09T01:33:08.2275131Z test draft2019-09/enum.json/5/1 ... ok
2026-10-09T01:33:08.2275253Z test draft2019-09/enum.json/6/0 ... ok
2026-10-09T01:33:08.2275377Z test draft2019-09/enum.json/5/2 ... ok
2026-10-09T01:33:08.2275501Z test draft2019-09/enum.json/6/1 ... ok
2026-10-09T01:33:08.2275627Z test draft2019-09/enum.json/7/0 ... ok
2026-10-09T01:33:08.2275757Z test draft2019-09/enum.json/6/2 ... ok
2026-10-09T01:33:08.2275882Z test draft2019-09/enum.json/7/2 ... ok
2026-10-09T01:33:08.2276013Z test draft2019-09/enum.json/7/1 ... ok
2026-10-09T01:33:08.2276257Z test draft2019-09/enum.json/8/0 ... ok
2026-10-09T01:33:08.2276385Z test draft2019-09/enum.json/8/1 ... ok
2026-10-09T01:33:08.2276517Z test draft2019-09/enum.json/8/2 ... ok
2026-10-09T01:33:08.2276645Z test draft2019-09/enum.json/9/1 ... ok
2026-10-09T01:33:08.2276767Z test draft2019-09/enum.json/9/0 ... ok
2026-10-09T01:33:08.2276898Z test draft2019-09/enum.json/10/0 ... ok
2026-10-09T01:33:08.2277027Z test draft2019-09/enum.json/10/2 ... ok
2026-10-09T01:33:08.2277150Z test draft2019-09/enum.json/11/0 ... ok
2026-10-09T01:33:08.2277278Z test draft2019-09/enum.json/11/1 ... ok
2026-10-09T01:33:08.2277408Z test draft2019-09/enum.json/10/1 ... ok
2026-10-09T01:33:08.2277540Z test draft2019-09/enum.json/11/2 ... ok
2026-10-09T01:33:08.2277672Z test draft2019-09/enum.json/12/1 ... ok
2026-10-09T01:33:08.2277802Z test draft2019-09/enum.json/9/2 ... ok
2026-10-09T01:33:08.2277929Z test draft2019-09/enum.json/12/2 ... ok
2026-10-09T01:33:08.2278053Z test draft2019-09/enum.json/13/0 ... ok
2026-10-09T01:33:08.2278179Z test draft2019-09/enum.json/13/1 ... ok
2026-10-09T01:33:08.2278267Z test draft2019-09/enum.json/14/0 ... ok
2026-10-09T01:33:08.2278346Z test draft2019-09/enum.json/14/1 ... ok
2026-10-09T01:33:08.2278501Z test draft2019-09/enum.json/14/3 ... ok
2026-10-09T01:33:08.2278627Z test draft2019-09/enum.json/14/4 ... ok
2026-10-09T01:33:08.2278750Z test draft2019-09/enum.json/14/5 ... ok
2026-10-09T01:33:08.2278876Z test draft2019-09/enum.json/12/0 ... ok
2026-10-09T01:33:08.2279003Z test draft2019-09/enum.json/15/0 ... ok
2026-10-09T01:33:08.2279127Z test draft2019-09/enum.json/14/2 ... ok
2026-10-09T01:33:08.2279297Z test draft2019-09/exclusiveMaximum.json/0/0 ... ok
2026-10-09T01:33:08.2279463Z test draft2019-09/exclusiveMaximum.json/0/1 ... ok
2026-10-09T01:33:08.2279626Z test draft2019-09/exclusiveMaximum.json/0/2 ... ok
2026-10-09T01:33:08.2279788Z test draft2019-09/exclusiveMaximum.json/0/3 ... ok
2026-10-09T01:33:08.2279943Z test draft2019-09/exclusiveMinimum.json/0/0 ... ok
2026-10-09T01:33:08.2280105Z test draft2019-09/exclusiveMinimum.json/0/1 ... ok
2026-10-09T01:33:08.2280270Z test draft2019-09/exclusiveMinimum.json/0/2 ... ok
2026-10-09T01:33:08.2280431Z test draft2019-09/exclusiveMinimum.json/0/3 ... ok
2026-10-09T01:33:08.2280684Z test draft2019-09/format.json/0/0 ... ok
2026-10-09T01:33:08.2280821Z test draft2019-09/format.json/0/1 ... ok
2026-10-09T01:33:08.2280952Z test draft2019-09/format.json/0/2 ... ok
2026-10-09T01:33:08.2281090Z test draft2019-09/format.json/0/4 ... ok
2026-10-09T01:33:08.2281228Z test draft2019-09/format.json/0/3 ... ok
2026-10-09T01:33:08.2281367Z test draft2019-09/format.json/0/5 ... ok
2026-10-09T01:33:08.2281508Z test draft2019-09/format.json/1/1 ... ok
2026-10-09T01:33:08.2281648Z test draft2019-09/format.json/1/0 ... ok
2026-10-09T01:33:08.2281788Z test draft2019-09/format.json/1/2 ... ok
2026-10-09T01:33:08.2281929Z test draft2019-09/format.json/1/3 ... ok
2026-10-09T01:33:08.2282068Z test draft2019-09/format.json/1/4 ... ok
2026-10-09T01:33:08.2282205Z test draft2019-09/format.json/2/0 ... ok
2026-10-09T01:33:08.2282337Z test draft2019-09/format.json/1/5 ... ok
2026-10-09T01:33:08.2282607Z test draft2019-09/format.json/2/2 ... ok
2026-10-09T01:33:08.2282741Z test draft2019-09/format.json/2/1 ... ok
2026-10-09T01:33:08.2282872Z test draft2019-09/format.json/2/3 ... ok
2026-10-09T01:33:08.2283002Z test draft2019-09/format.json/2/4 ... ok
2026-10-09T01:33:08.2283135Z test draft2019-09/format.json/2/5 ... ok
2026-10-09T01:33:08.2283265Z test draft2019-09/format.json/3/0 ... ok
2026-10-09T01:33:08.2283397Z test draft2019-09/format.json/3/2 ... ok
2026-10-09T01:33:08.2283530Z test draft2019-09/format.json/3/1 ... ok
2026-10-09T01:33:08.2283660Z test draft2019-09/format.json/3/3 ... ok
2026-10-09T01:33:08.2283794Z test draft2019-09/format.json/3/4 ... ok
2026-10-09T01:33:08.2283925Z test draft2019-09/format.json/4/0 ... ok
2026-10-09T01:33:08.2284055Z test draft2019-09/format.json/3/5 ... ok
2026-10-09T01:33:08.2284188Z test draft2019-09/format.json/4/1 ... ok
2026-10-09T01:33:08.2284390Z test draft2019-09/format.json/4/2 ... ok
2026-10-09T01:33:08.2284526Z test draft2019-09/format.json/4/4 ... ok
2026-10-09T01:33:08.2284660Z test draft2019-09/format.json/4/3 ... ok
2026-10-09T01:33:08.2284789Z test draft2019-09/format.json/5/0 ... ok
2026-10-09T01:33:08.2284921Z test draft2019-09/allOf.json/1/1 ... ok
2026-10-09T01:33:08.2285186Z test draft2019-09/format.json/5/1 ... ok
2026-10-09T01:33:08.2285317Z test draft2019-09/format.json/5/3 ... ok
2026-10-09T01:33:08.2285446Z test draft2019-09/format.json/5/2 ... ok
2026-10-09T01:33:08.2285571Z test draft2019-09/format.json/5/4 ... ok
2026-10-09T01:33:08.2285699Z test draft2019-09/format.json/5/5 ... ok
2026-10-09T01:33:08.2285827Z test draft2019-09/format.json/6/0 ... ok
2026-10-09T01:33:08.2285948Z test draft2019-09/format.json/6/2 ... ok
2026-10-09T01:33:08.2286101Z test draft2019-09/format.json/6/3 ... ok
2026-10-09T01:33:08.2286222Z test draft2019-09/format.json/6/4 ... ok
2026-10-09T01:33:08.2286347Z test draft2019-09/format.json/6/1 ... ok
2026-10-09T01:33:08.2286441Z test draft2019-09/format.json/6/5 ... ok
2026-10-09T01:33:08.2286522Z test draft2019-09/format.json/4/5 ... ok
2026-10-09T01:33:08.2286598Z test draft2019-09/format.json/7/0 ... ok
2026-10-09T01:33:08.2286675Z test draft2019-09/format.json/7/1 ... ok
2026-10-09T01:33:08.2286751Z test draft2019-09/format.json/7/2 ... ok
2026-10-09T01:33:08.2286845Z test draft2019-09/format.json/7/3 ... ok
2026-10-09T01:33:08.2286923Z test draft2019-09/format.json/7/5 ... ok
2026-10-09T01:33:08.2286999Z test draft2019-09/format.json/8/0 ... ok
2026-10-09T01:33:08.2287077Z test draft2019-09/format.json/8/1 ... ok
2026-10-09T01:33:08.2287156Z test draft2019-09/format.json/8/2 ... ok
2026-10-09T01:33:08.2287237Z test draft2019-09/format.json/8/3 ... ok
2026-10-09T01:33:08.2287313Z test draft2019-09/format.json/8/5 ... ok
2026-10-09T01:33:08.2287392Z test draft2019-09/format.json/8/4 ... ok
2026-10-09T01:33:08.2287469Z test draft2019-09/format.json/9/0 ... ok
2026-10-09T01:33:08.2287546Z test draft2019-09/format.json/9/1 ... ok
2026-10-09T01:33:08.2287626Z test draft2019-09/format.json/9/2 ... ok
2026-10-09T01:33:08.2287707Z test draft2019-09/format.json/9/3 ... ok
2026-10-09T01:33:08.2287785Z test draft2019-09/format.json/9/4 ... ok
2026-10-09T01:33:08.2287863Z test draft2019-09/format.json/9/5 ... ok
2026-10-09T01:33:08.2287943Z test draft2019-09/format.json/10/1 ... ok
2026-10-09T01:33:08.2288024Z test draft2019-09/format.json/10/0 ... ok
2026-10-09T01:33:08.2288104Z test draft2019-09/format.json/10/2 ... ok
2026-10-09T01:33:08.2288182Z test draft2019-09/format.json/10/3 ... ok
2026-10-09T01:33:08.2288261Z test draft2019-09/format.json/7/4 ... ok
2026-10-09T01:33:08.2288340Z test draft2019-09/format.json/10/5 ... ok
2026-10-09T01:33:08.2288417Z test draft2019-09/format.json/10/4 ... ok
2026-10-09T01:33:08.2288497Z test draft2019-09/format.json/11/0 ... ok
2026-10-09T01:33:08.2288576Z test draft2019-09/format.json/11/1 ... ok
2026-10-09T01:33:08.2288653Z test draft2019-09/format.json/11/2 ... ok
2026-10-09T01:33:08.2288735Z test draft2019-09/format.json/11/4 ... ok
2026-10-09T01:33:08.2288917Z test draft2019-09/format.json/11/3 ... ok
2026-10-09T01:33:08.2288997Z test draft2019-09/format.json/12/0 ... ok
2026-10-09T01:33:08.2289075Z test draft2019-09/format.json/11/5 ... ok
2026-10-09T01:33:08.2289152Z test draft2019-09/format.json/12/2 ... ok
2026-10-09T01:33:08.2289231Z test draft2019-09/format.json/12/1 ... ok
2026-10-09T01:33:08.2289309Z test draft2019-09/format.json/12/4 ... ok
2026-10-09T01:33:08.2289386Z test draft2019-09/format.json/12/3 ... ok
2026-10-09T01:33:08.2289465Z test draft2019-09/format.json/13/0 ... ok
2026-10-09T01:33:08.2289556Z test draft2019-09/format.json/12/5 ... ok
2026-10-09T01:33:08.2289636Z test draft2019-09/format.json/13/2 ... ok
2026-10-09T01:33:08.2289785Z test draft2019-09/format.json/13/3 ... ok
2026-10-09T01:33:08.2289914Z test draft2019-09/format.json/13/1 ... ok
2026-10-09T01:33:08.2290045Z test draft2019-09/format.json/13/4 ... ok
2026-10-09T01:33:08.2290272Z test draft2019-09/format.json/14/1 ... ok
2026-10-09T01:33:08.2290402Z test draft2019-09/format.json/14/0 ... ok
2026-10-09T01:33:08.2290535Z test draft2019-09/format.json/14/2 ... ok
2026-10-09T01:33:08.2290665Z test draft2019-09/format.json/14/3 ... ok
2026-10-09T01:33:08.2290791Z test draft2019-09/format.json/14/4 ... ok
2026-10-09T01:33:08.2290922Z test draft2019-09/format.json/14/5 ... ok
2026-10-09T01:33:08.2291049Z test draft2019-09/format.json/15/1 ... ok
2026-10-09T01:33:08.2291180Z test draft2019-09/format.json/15/0 ... ok
2026-10-09T01:33:08.2291312Z test draft2019-09/format.json/13/5 ... ok
2026-10-09T01:33:08.2291440Z test draft2019-09/format.json/15/2 ... ok
2026-10-09T01:33:08.2291570Z test draft2019-09/format.json/15/3 ... ok
2026-10-09T01:33:08.2291699Z test draft2019-09/format.json/15/4 ... ok
2026-10-09T01:33:08.2291826Z test draft2019-09/format.json/16/1 ... ok
2026-10-09T01:33:08.2291956Z test draft2019-09/format.json/16/2 ... ok
2026-10-09T01:33:08.2292086Z test draft2019-09/format.json/15/5 ... ok
2026-10-09T01:33:08.2292217Z test draft2019-09/format.json/16/4 ... ok
2026-10-09T01:33:08.2292349Z test draft2019-09/format.json/16/0 ... ok
2026-10-09T01:33:08.2292475Z test draft2019-09/format.json/16/5 ... ok
2026-10-09T01:33:08.2292605Z test draft2019-09/format.json/17/0 ... ok
2026-10-09T01:33:08.2292735Z test draft2019-09/format.json/17/2 ... ok
2026-10-09T01:33:08.2292862Z test draft2019-09/format.json/17/1 ... ok
2026-10-09T01:33:08.2292993Z test draft2019-09/format.json/17/3 ... ok
2026-10-09T01:33:08.2293122Z test draft2019-09/format.json/17/4 ... ok
2026-10-09T01:33:08.2293249Z test draft2019-09/format.json/17/5 ... ok
2026-10-09T01:33:08.2293379Z test draft2019-09/format.json/18/0 ... ok
2026-10-09T01:33:08.2293509Z test draft2019-09/format.json/18/1 ... ok
2026-10-09T01:33:08.2293637Z test draft2019-09/format.json/18/3 ... ok
2026-10-09T01:33:08.2293767Z test draft2019-09/format.json/18/2 ... ok
2026-10-09T01:33:08.2293894Z test draft2019-09/format.json/18/4 ... ok
2026-10-09T01:33:08.2294028Z test draft2019-09/format.json/18/5 ... ok
2026-10-09T01:33:08.2294181Z test draft2019-09/if-then-else.json/0/0 ... ok
2026-10-09T01:33:08.2294325Z test draft2019-09/if-then-else.json/1/0 ... ok
2026-10-09T01:33:08.2294471Z test draft2019-09/if-then-else.json/1/1 ... ok
2026-10-09T01:33:08.2294616Z test draft2019-09/if-then-else.json/2/0 ... ok
2026-10-09T01:33:08.2294759Z test draft2019-09/if-then-else.json/2/1 ... ok
2026-10-09T01:33:08.2294903Z test draft2019-09/if-then-else.json/0/1 ... ok
2026-10-09T01:33:08.2295139Z test draft2019-09/if-then-else.json/3/0 ... ok
2026-10-09T01:33:08.2295284Z test draft2019-09/if-then-else.json/3/1 ... ok
2026-10-09T01:33:08.2295428Z test draft2019-09/if-then-else.json/4/0 ... ok
2026-10-09T01:33:08.2295585Z test draft2019-09/if-then-else.json/3/2 ... ok
2026-10-09T01:33:08.2295731Z test draft2019-09/if-then-else.json/4/2 ... ok
2026-10-09T01:33:08.2295876Z test draft2019-09/if-then-else.json/5/0 ... ok
2026-10-09T01:33:08.2296020Z test draft2019-09/if-then-else.json/4/1 ... ok
2026-10-09T01:33:08.2296162Z test draft2019-09/if-then-else.json/5/1 ... ok
2026-10-09T01:33:08.2296419Z test draft2019-09/if-then-else.json/5/3 ... ok
2026-10-09T01:33:08.2296562Z test draft2019-09/if-then-else.json/5/2 ... ok
2026-10-09T01:33:08.2296681Z test draft2019-09/if-then-else.json/6/0 ... ok
2026-10-09T01:33:08.2296768Z test draft2019-09/if-then-else.json/7/0 ... ok
2026-10-09T01:33:08.2296900Z test draft2019-09/if-then-else.json/7/1 ... ok
2026-10-09T01:33:08.2297044Z test draft2019-09/if-then-else.json/8/0 ... ok
2026-10-09T01:33:08.2297187Z test draft2019-09/if-then-else.json/6/1 ... ok
2026-10-09T01:33:08.2297331Z test draft2019-09/if-then-else.json/8/1 ... ok
2026-10-09T01:33:08.2297433Z test draft2019-09/if-then-else.json/9/0 ... ok
2026-10-09T01:33:08.2297519Z test draft2019-09/if-then-else.json/9/1 ... ok
2026-10-09T01:33:08.2297607Z test draft2019-09/if-then-else.json/9/2 ... ok
2026-10-09T01:33:08.2297695Z test draft2019-09/if-then-else.json/9/3 ... ok
2026-10-09T01:33:08.2297873Z test draft2019-09/if-then-else.json/10/0 ... ok
2026-10-09T01:33:08.2298049Z test draft2019-09/if-then-else.json/10/1 ... ok
2026-10-09T01:33:08.2298193Z test draft2019-09/if-then-else.json/11/0 ... ok
2026-10-09T01:33:08.2298342Z test draft2019-09/if-then-else.json/11/1 ... ok
2026-10-09T01:33:08.2298468Z test draft2019-09/enum.json/15/1 ... ok
2026-10-09T01:33:08.2298663Z test draft2019-09/infinite-loop-detection.json/0/1 ... ok
2026-10-09T01:33:08.2298790Z test draft2019-09/items.json/0/0 ... ok
2026-10-09T01:33:08.2298980Z test draft2019-09/infinite-loop-detection.json/0/0 ... ok
2026-10-09T01:33:08.2299103Z test draft2019-09/items.json/0/1 ... ok
2026-10-09T01:33:08.2299230Z test draft2019-09/items.json/0/2 ... ok
2026-10-09T01:33:08.2299380Z test draft2019-09/items.json/0/3 ... ok
2026-10-09T01:33:08.2299499Z test draft2019-09/items.json/1/0 ... ok
2026-10-09T01:33:08.2299621Z test draft2019-09/items.json/1/1 ... ok
2026-10-09T01:33:08.2299740Z test draft2019-09/items.json/1/2 ... ok
2026-10-09T01:33:08.2299864Z test draft2019-09/items.json/1/4 ... ok
2026-10-09T01:33:08.2299987Z test draft2019-09/items.json/1/5 ... ok
2026-10-09T01:33:08.2300107Z test draft2019-09/items.json/2/1 ... ok
2026-10-09T01:33:08.2300206Z test draft2019-09/items.json/1/3 ... ok
2026-10-09T01:33:08.2300283Z test draft2019-09/items.json/2/0 ... ok
2026-10-09T01:33:08.2300357Z test draft2019-09/items.json/3/1 ... ok
2026-10-09T01:33:08.2300434Z test draft2019-09/items.json/4/0 ... ok
2026-10-09T01:33:08.2300509Z test draft2019-09/items.json/3/0 ... ok
2026-10-09T01:33:08.2300583Z test draft2019-09/items.json/4/1 ... ok
2026-10-09T01:33:08.2300659Z test draft2019-09/items.json/4/2 ... ok
2026-10-09T01:33:08.2300732Z test draft2019-09/items.json/5/1 ... ok
2026-10-09T01:33:08.2300806Z test draft2019-09/items.json/5/2 ... ok
2026-10-09T01:33:08.2300882Z test draft2019-09/items.json/5/0 ... ok
2026-10-09T01:33:08.2300956Z test draft2019-09/items.json/5/3 ... ok
2026-10-09T01:33:08.2301031Z test draft2019-09/items.json/5/5 ... ok
2026-10-09T01:33:08.2301108Z test draft2019-09/items.json/5/4 ... ok
2026-10-09T01:33:08.2301183Z test draft2019-09/items.json/6/0 ... ok
2026-10-09T01:33:08.2301258Z test draft2019-09/items.json/6/1 ... ok
2026-10-09T01:33:08.2301331Z test draft2019-09/items.json/7/0 ... ok
2026-10-09T01:33:08.2301422Z test draft2019-09/maxContains.json/0/0 ... ok
2026-10-09T01:33:08.2301512Z test draft2019-09/maxContains.json/0/1 ... ok
2026-10-09T01:33:08.2301586Z test draft2019-09/items.json/8/0 ... ok
2026-10-09T01:33:08.2301675Z test draft2019-09/maxContains.json/1/0 ... ok
2026-10-09T01:33:08.2301750Z test draft2019-09/items.json/6/2 ... ok
2026-10-09T01:33:08.2301837Z test draft2019-09/maxContains.json/1/1 ... ok
2026-10-09T01:33:08.2301924Z test draft2019-09/maxContains.json/1/2 ... ok
2026-10-09T01:33:08.2302011Z test draft2019-09/maxContains.json/2/0 ... ok
2026-10-09T01:33:08.2302096Z test draft2019-09/maxContains.json/1/3 ... ok
2026-10-09T01:33:08.2302183Z test draft2019-09/maxContains.json/3/0 ... ok
2026-10-09T01:33:08.2302270Z test draft2019-09/maxContains.json/2/1 ... ok
2026-10-09T01:33:08.2302422Z test draft2019-09/maxContains.json/1/4 ... ok
2026-10-09T01:33:08.2302508Z test draft2019-09/maxContains.json/3/1 ... ok
2026-10-09T01:33:08.2302593Z test draft2019-09/maxContains.json/4/0 ... ok
2026-10-09T01:33:08.2302676Z test draft2019-09/maxItems.json/0/0 ... ok
2026-10-09T01:33:08.2302759Z test draft2019-09/maxItems.json/0/1 ... ok
2026-10-09T01:33:08.2302844Z test draft2019-09/maxContains.json/4/1 ... ok
2026-10-09T01:33:08.2302931Z test draft2019-09/maxContains.json/3/2 ... ok
2026-10-09T01:33:08.2303013Z test draft2019-09/maxItems.json/0/2 ... ok
2026-10-09T01:33:08.2303094Z test draft2019-09/maxItems.json/1/0 ... ok
2026-10-09T01:33:08.2303176Z test draft2019-09/maxItems.json/0/3 ... ok
2026-10-09T01:33:08.2303260Z test draft2019-09/maxLength.json/0/0 ... ok
2026-10-09T01:33:08.2303347Z test draft2019-09/maxLength.json/0/1 ... ok
2026-10-09T01:33:08.2303430Z test draft2019-09/maxItems.json/1/1 ... ok
2026-10-09T01:33:08.2303569Z test draft2019-09/maxLength.json/0/2 ... ok
2026-10-09T01:33:08.2303655Z test draft2019-09/maxLength.json/0/3 ... ok
2026-10-09T01:33:08.2303739Z test draft2019-09/maxLength.json/1/1 ... ok
2026-10-09T01:33:08.2303820Z test draft2019-09/maxLength.json/0/4 ... ok
2026-10-09T01:33:08.2303901Z test draft2019-09/maxLength.json/1/0 ... ok
2026-10-09T01:33:08.2303995Z test draft2019-09/maxProperties.json/0/0 ... ok
2026-10-09T01:33:08.2304089Z test draft2019-09/maxProperties.json/0/1 ... ok
2026-10-09T01:33:08.2304183Z test draft2019-09/maxProperties.json/0/3 ... ok
2026-10-09T01:33:08.2304273Z test draft2019-09/maxProperties.json/0/2 ... ok
2026-10-09T01:33:08.2304364Z test draft2019-09/maxProperties.json/0/4 ... ok
2026-10-09T01:33:08.2304455Z test draft2019-09/maxProperties.json/0/5 ... ok
2026-10-09T01:33:08.2304543Z test draft2019-09/maxProperties.json/1/0 ... ok
2026-10-09T01:33:08.2304634Z test draft2019-09/maxProperties.json/2/0 ... ok
2026-10-09T01:33:08.2304726Z test draft2019-09/maxProperties.json/1/1 ... ok
2026-10-09T01:33:08.2304814Z test draft2019-09/maxProperties.json/2/1 ... ok
2026-10-09T01:33:08.2304898Z test draft2019-09/maximum.json/0/0 ... ok
2026-10-09T01:33:08.2305117Z test draft2019-09/maximum.json/0/1 ... ok
2026-10-09T01:33:08.2305200Z test draft2019-09/maximum.json/0/2 ... ok
2026-10-09T01:33:08.2305280Z test draft2019-09/maximum.json/0/3 ... ok
2026-10-09T01:33:08.2305360Z test draft2019-09/maximum.json/1/0 ... ok
2026-10-09T01:33:08.2305440Z test draft2019-09/maximum.json/1/1 ... ok
2026-10-09T01:33:08.2305520Z test draft2019-09/maximum.json/1/2 ... ok
2026-10-09T01:33:08.2305609Z test draft2019-09/minContains.json/0/1 ... ok
2026-10-09T01:33:08.2305698Z test draft2019-09/minContains.json/0/0 ... ok
2026-10-09T01:33:08.2305786Z test draft2019-09/minContains.json/1/0 ... ok
2026-10-09T01:33:08.2305864Z test draft2019-09/maximum.json/1/3 ... ok
2026-10-09T01:33:08.2305971Z test draft2019-09/minContains.json/1/1 ... ok
2026-10-09T01:33:08.2306066Z test draft2019-09/minContains.json/1/2 ... ok
2026-10-09T01:33:08.2306155Z test draft2019-09/minContains.json/2/0 ... ok
2026-10-09T01:33:08.2306245Z test draft2019-09/minContains.json/1/3 ... ok
2026-10-09T01:33:08.2306330Z test draft2019-09/minContains.json/1/4 ... ok
2026-10-09T01:33:08.2306417Z test draft2019-09/minContains.json/2/1 ... ok
2026-10-09T01:33:08.2306505Z test draft2019-09/minContains.json/2/3 ... ok
2026-10-09T01:33:08.2306589Z test draft2019-09/minContains.json/2/2 ... ok
2026-10-09T01:33:08.2306676Z test draft2019-09/minContains.json/2/4 ... ok
2026-10-09T01:33:08.2306763Z test draft2019-09/minContains.json/3/0 ... ok
2026-10-09T01:33:08.2306849Z test draft2019-09/minContains.json/2/5 ... ok
2026-10-09T01:33:08.2306936Z test draft2019-09/minContains.json/4/0 ... ok
2026-10-09T01:33:08.2307020Z test draft2019-09/minContains.json/3/1 ... ok
2026-10-09T01:33:08.2307106Z test draft2019-09/minContains.json/4/1 ... ok
2026-10-09T01:33:08.2307194Z test draft2019-09/minContains.json/4/3 ... ok
2026-10-09T01:33:08.2307280Z test draft2019-09/minContains.json/5/0 ... ok
2026-10-09T01:33:08.2307455Z test draft2019-09/minContains.json/4/2 ... ok
2026-10-09T01:33:08.2307541Z test draft2019-09/minContains.json/5/1 ... ok
2026-10-09T01:33:08.2307625Z test draft2019-09/minContains.json/5/2 ... ok
2026-10-09T01:33:08.2307712Z test draft2019-09/minContains.json/6/0 ... ok
2026-10-09T01:33:08.2307797Z test draft2019-09/minContains.json/5/3 ... ok
2026-10-09T01:33:08.2307882Z test draft2019-09/minContains.json/7/0 ... ok
2026-10-09T01:33:08.2307968Z test draft2019-09/minContains.json/6/1 ... ok
2026-10-09T01:33:08.2308049Z test draft2019-09/minItems.json/0/0 ... ok
2026-10-09T01:33:08.2308137Z test draft2019-09/minContains.json/7/1 ... ok
2026-10-09T01:33:08.2308219Z test draft2019-09/minItems.json/0/1 ... ok
2026-10-09T01:33:08.2308300Z test draft2019-09/minItems.json/0/2 ... ok
2026-10-09T01:33:08.2308382Z test draft2019-09/minItems.json/0/3 ... ok
2026-10-09T01:33:08.2308468Z test draft2019-09/minContains.json/7/2 ... ok
2026-10-09T01:33:08.2308626Z test draft2019-09/minItems.json/1/0 ... ok
2026-10-09T01:33:08.2308712Z test draft2019-09/minItems.json/1/1 ... ok
2026-10-09T01:33:08.2308794Z test draft2019-09/minLength.json/0/1 ... ok
2026-10-09T01:33:08.2308878Z test draft2019-09/minLength.json/0/0 ... ok
2026-10-09T01:33:08.2308961Z test draft2019-09/minLength.json/0/2 ... ok
2026-10-09T01:33:08.2309041Z test draft2019-09/minLength.json/0/3 ... ok
2026-10-09T01:33:08.2309123Z test draft2019-09/minLength.json/1/0 ... ok
2026-10-09T01:33:08.2309207Z test draft2019-09/minLength.json/1/1 ... ok
2026-10-09T01:33:08.2309328Z test draft2019-09/minProperties.json/0/0 ... ok
2026-10-09T01:33:08.2309463Z test draft2019-09/minLength.json/0/4 ... ok
2026-10-09T01:33:08.2309611Z test draft2019-09/minProperties.json/0/2 ... ok
2026-10-09T01:33:08.2309755Z test draft2019-09/minProperties.json/0/1 ... ok
2026-10-09T01:33:08.2309900Z test draft2019-09/minProperties.json/0/3 ... ok
2026-10-09T01:33:08.2310044Z test draft2019-09/minProperties.json/0/5 ... ok
2026-10-09T01:33:08.2310162Z test draft2019-09/minProperties.json/0/6 ... ok
2026-10-09T01:33:08.2310255Z test draft2019-09/minProperties.json/0/4 ... ok
2026-10-09T01:33:08.2310343Z test draft2019-09/minProperties.json/1/1 ... ok
2026-10-09T01:33:08.2310435Z test draft2019-09/minProperties.json/0/7 ... ok
2026-10-09T01:33:08.2310527Z test draft2019-09/minProperties.json/1/0 ... ok
2026-10-09T01:33:08.2310607Z test draft2019-09/minimum.json/0/0 ... ok
2026-10-09T01:33:08.2310688Z test draft2019-09/minimum.json/0/1 ... ok
2026-10-09T01:33:08.2310768Z test draft2019-09/minimum.json/0/3 ... ok
2026-10-09T01:33:08.2310847Z test draft2019-09/minimum.json/1/0 ... ok
2026-10-09T01:33:08.2310928Z test draft2019-09/minimum.json/0/2 ... ok
2026-10-09T01:33:08.2311006Z test draft2019-09/minimum.json/1/1 ... ok
2026-10-09T01:33:08.2311088Z test draft2019-09/minimum.json/1/2 ... ok
2026-10-09T01:33:08.2311168Z test draft2019-09/minimum.json/1/3 ... ok
2026-10-09T01:33:08.2311246Z test draft2019-09/minimum.json/1/6 ... ok
2026-10-09T01:33:08.2311327Z test draft2019-09/minimum.json/1/4 ... ok
2026-10-09T01:33:08.2311407Z test draft2019-09/minimum.json/1/5 ... ok
2026-10-09T01:33:08.2311495Z test draft2019-09/multipleOf.json/0/1 ... ok
2026-10-09T01:33:08.2311583Z test draft2019-09/multipleOf.json/1/0 ... ok
2026-10-09T01:33:08.2311669Z test draft2019-09/multipleOf.json/1/1 ... ok
2026-10-09T01:33:08.2311755Z test draft2019-09/multipleOf.json/0/0 ... ok
2026-10-09T01:33:08.2311841Z test draft2019-09/multipleOf.json/1/2 ... ok
2026-10-09T01:33:08.2311924Z test draft2019-09/multipleOf.json/2/0 ... ok
2026-10-09T01:33:08.2312008Z test draft2019-09/multipleOf.json/1/3 ... ok
2026-10-09T01:33:08.2312092Z test draft2019-09/multipleOf.json/2/1 ... ok
2026-10-09T01:33:08.2312175Z test draft2019-09/multipleOf.json/4/0 ... ok
2026-10-09T01:33:08.2312260Z test draft2019-09/multipleOf.json/3/0 ... ok
2026-10-09T01:33:08.2312339Z test draft2019-09/not.json/0/0 ... ok
2026-10-09T01:33:08.2312414Z test draft2019-09/not.json/0/1 ... ok
2026-10-09T01:33:08.2312505Z test draft2019-09/not.json/1/0 ... ok
2026-10-09T01:33:08.2312639Z test draft2019-09/not.json/1/1 ... ok
2026-10-09T01:33:08.2312715Z test draft2019-09/not.json/1/2 ... ok
2026-10-09T01:33:08.2312791Z test draft2019-09/not.json/2/0 ... ok
2026-10-09T01:33:08.2312862Z test draft2019-09/not.json/2/1 ... ok
2026-10-09T01:33:08.2312936Z test draft2019-09/not.json/3/0 ... ok
2026-10-09T01:33:08.2313011Z test draft2019-09/not.json/2/2 ... ok
2026-10-09T01:33:08.2313082Z test draft2019-09/not.json/4/0 ... ok
2026-10-09T01:33:08.2313156Z test draft2019-09/not.json/3/1 ... ok
2026-10-09T01:33:08.2313228Z test draft2019-09/not.json/4/1 ... ok
2026-10-09T01:33:08.2313299Z test draft2019-09/not.json/4/2 ... ok
2026-10-09T01:33:08.2313372Z test draft2019-09/not.json/4/3 ... ok
2026-10-09T01:33:08.2313443Z test draft2019-09/not.json/4/4 ... ok
2026-10-09T01:33:08.2313517Z test draft2019-09/not.json/4/5 ... ok
2026-10-09T01:33:08.2313589Z test draft2019-09/not.json/4/6 ... ok
2026-10-09T01:33:08.2313716Z test draft2019-09/not.json/4/7 ... ok
2026-10-09T01:33:08.2313794Z test draft2019-09/not.json/4/8 ... ok
2026-10-09T01:33:08.2313866Z test draft2019-09/not.json/5/1 ... ok
2026-10-09T01:33:08.2313939Z test draft2019-09/not.json/5/0 ... ok
2026-10-09T01:33:08.2314015Z test draft2019-09/not.json/5/2 ... ok
2026-10-09T01:33:08.2314086Z test draft2019-09/not.json/5/3 ... ok
2026-10-09T01:33:08.2314159Z test draft2019-09/not.json/5/4 ... ok
2026-10-09T01:33:08.2314232Z test draft2019-09/not.json/5/5 ... ok
2026-10-09T01:33:08.2314304Z test draft2019-09/not.json/5/6 ... ok
2026-10-09T01:33:08.2314377Z test draft2019-09/not.json/5/7 ... ok
2026-10-09T01:33:08.2314449Z test draft2019-09/not.json/5/8 ... ok
2026-10-09T01:33:08.2314521Z test draft2019-09/not.json/6/0 ... ok
2026-10-09T01:33:08.2314594Z test draft2019-09/not.json/6/1 ... ok
2026-10-09T01:33:08.2314665Z test draft2019-09/not.json/6/3 ... ok
2026-10-09T01:33:08.2314738Z test draft2019-09/not.json/6/2 ... ok
2026-10-09T01:33:08.2314813Z test draft2019-09/not.json/6/4 ... ok
2026-10-09T01:33:08.2314884Z test draft2019-09/not.json/6/5 ... ok
2026-10-09T01:33:08.2315097Z test draft2019-09/not.json/6/6 ... ok
2026-10-09T01:33:08.2315209Z test draft2019-09/not.json/6/7 ... ok
2026-10-09T01:33:08.2315282Z test draft2019-09/not.json/6/8 ... ok
2026-10-09T01:33:08.2315355Z test draft2019-09/not.json/7/0 ... ok
2026-10-09T01:33:08.2315428Z test draft2019-09/not.json/8/0 ... ok
2026-10-09T01:33:08.2315499Z test draft2019-09/not.json/8/1 ... ok
2026-10-09T01:33:08.2315577Z test draft2019-09/oneOf.json/0/0 ... ok
2026-10-09T01:33:08.2315653Z test draft2019-09/oneOf.json/0/2 ... ok
2026-10-09T01:33:08.2315730Z test draft2019-09/oneOf.json/0/1 ... ok
2026-10-09T01:33:08.2315806Z test draft2019-09/oneOf.json/1/0 ... ok
2026-10-09T01:33:08.2315893Z test draft2019-09/multipleOf.json/0/2 ... ok
2026-10-09T01:33:08.2315969Z test draft2019-09/oneOf.json/1/1 ... ok
2026-10-09T01:33:08.2316044Z test draft2019-09/oneOf.json/0/3 ... ok
2026-10-09T01:33:08.2316119Z test draft2019-09/oneOf.json/2/0 ... ok
2026-10-09T01:33:08.2316195Z test draft2019-09/oneOf.json/3/0 ... ok
2026-10-09T01:33:08.2316271Z test draft2019-09/oneOf.json/4/0 ... ok
2026-10-09T01:33:08.2316347Z test draft2019-09/oneOf.json/5/0 ... ok
2026-10-09T01:33:08.2316422Z test draft2019-09/oneOf.json/6/0 ... ok
2026-10-09T01:33:08.2316495Z test draft2019-09/oneOf.json/6/1 ... ok
2026-10-09T01:33:08.2316571Z test draft2019-09/oneOf.json/6/2 ... ok
2026-10-09T01:33:08.2316645Z test draft2019-09/oneOf.json/7/0 ... ok
2026-10-09T01:33:08.2316717Z test draft2019-09/oneOf.json/6/3 ... ok
2026-10-09T01:33:08.2316798Z test draft2019-09/oneOf.json/7/1 ... ok
2026-10-09T01:33:08.2316875Z test draft2019-09/oneOf.json/8/0 ... ok
2026-10-09T01:33:08.2316949Z test draft2019-09/oneOf.json/8/1 ... ok
2026-10-09T01:33:08.2317025Z test draft2019-09/oneOf.json/8/2 ... ok
2026-10-09T01:33:08.2317099Z test draft2019-09/oneOf.json/8/3 ... ok
2026-10-09T01:33:08.2317176Z test draft2019-09/oneOf.json/9/0 ... ok
2026-10-09T01:33:08.2317255Z test draft2019-09/oneOf.json/9/1 ... ok
2026-10-09T01:33:08.2317479Z test draft2019-09/oneOf.json/9/2 ... ok
2026-10-09T01:33:08.2317561Z test draft2019-09/oneOf.json/10/0 ... ok
2026-10-09T01:33:08.2317637Z test draft2019-09/oneOf.json/9/3 ... ok
2026-10-09T01:33:08.2317714Z test draft2019-09/oneOf.json/10/1 ... ok
2026-10-09T01:33:08.2317795Z test draft2019-09/format.json/16/3 ... ok
2026-10-09T01:33:08.2317870Z test draft2019-09/oneOf.json/1/2 ... ok
2026-10-09T01:33:08.2317968Z test draft2019-09/optional/anchor.json/0/2 ... ok
2026-10-09T01:33:08.2318064Z test draft2019-09/optional/anchor.json/0/3 ... ok
2026-10-09T01:33:08.2318157Z test draft2019-09/optional/bignum.json/0/0 ... ok
2026-10-09T01:33:08.2318250Z test draft2019-09/optional/bignum.json/0/1 ... ok
2026-10-09T01:33:08.2318342Z test draft2019-09/optional/bignum.json/1/0 ... ok
2026-10-09T01:33:08.2318432Z test draft2019-09/optional/bignum.json/1/1 ... ok
2026-10-09T01:33:08.2318524Z test draft2019-09/optional/bignum.json/2/0 ... ok
2026-10-09T01:33:08.2318695Z test draft2019-09/optional/bignum.json/3/0 ... ok
2026-10-09T01:33:08.2318789Z test draft2019-09/optional/bignum.json/4/0 ... ok
2026-10-09T01:33:08.2318883Z test draft2019-09/optional/bignum.json/5/0 ... ok
2026-10-09T01:33:08.2318973Z test draft2019-09/optional/bignum.json/6/0 ... ok
2026-10-09T01:33:08.2319081Z test draft2019-09/optional/cross-draft.json/0/0 ... ok
2026-10-09T01:33:08.2319190Z test draft2019-09/optional/cross-draft.json/0/1 ... ok
2026-10-09T01:33:08.2319338Z test draft2019-09/optional/dependencies-compatibility.json/0/0 ... ok
2026-10-09T01:33:08.2319481Z test draft2019-09/optional/dependencies-compatibility.json/0/1 ... ok
2026-10-09T01:33:08.2319621Z test draft2019-09/optional/dependencies-compatibility.json/0/2 ... ok
2026-10-09T01:33:08.2319759Z test draft2019-09/optional/dependencies-compatibility.json/0/3 ... ok
2026-10-09T01:33:08.2319897Z test draft2019-09/optional/dependencies-compatibility.json/0/4 ... ok
2026-10-09T01:33:08.2320006Z test draft2019-09/optional/cross-draft.json/1/0 ... ok
2026-10-09T01:33:08.2320144Z test draft2019-09/optional/dependencies-compatibility.json/0/5 ... ok
2026-10-09T01:33:08.2320284Z test draft2019-09/optional/dependencies-compatibility.json/0/6 ... ok
2026-10-09T01:33:08.2320422Z test draft2019-09/optional/dependencies-compatibility.json/1/0 ... ok
2026-10-09T01:33:08.2320557Z test draft2019-09/optional/dependencies-compatibility.json/1/2 ... ok
2026-10-09T01:33:08.2320694Z test draft2019-09/optional/dependencies-compatibility.json/1/1 ... ok
2026-10-09T01:33:08.2320833Z test draft2019-09/optional/dependencies-compatibility.json/2/0 ... ok
2026-10-09T01:33:08.2320969Z test draft2019-09/optional/dependencies-compatibility.json/2/1 ... ok
2026-10-09T01:33:08.2321106Z test draft2019-09/optional/dependencies-compatibility.json/2/2 ... ok
2026-10-09T01:33:08.2321241Z test draft2019-09/optional/dependencies-compatibility.json/2/3 ... ok
2026-10-09T01:33:08.2321378Z test draft2019-09/optional/dependencies-compatibility.json/2/4 ... ok
2026-10-09T01:33:08.2321517Z test draft2019-09/optional/dependencies-compatibility.json/2/5 ... ok
2026-10-09T01:33:08.2321654Z test draft2019-09/optional/dependencies-compatibility.json/3/0 ... ok
2026-10-09T01:33:08.2321791Z test draft2019-09/optional/dependencies-compatibility.json/3/1 ... ok
2026-10-09T01:33:08.2321929Z test draft2019-09/optional/dependencies-compatibility.json/3/2 ... ok
2026-10-09T01:33:08.2322063Z test draft2019-09/optional/dependencies-compatibility.json/3/3 ... ok
2026-10-09T01:33:08.2322200Z test draft2019-09/optional/dependencies-compatibility.json/4/1 ... ok
2026-10-09T01:33:08.2322339Z test draft2019-09/optional/dependencies-compatibility.json/4/0 ... ok
2026-10-09T01:33:08.2322473Z test draft2019-09/optional/dependencies-compatibility.json/4/2 ... ok
2026-10-09T01:33:08.2322610Z test draft2019-09/optional/dependencies-compatibility.json/4/3 ... ok
2026-10-09T01:33:08.2322747Z test draft2019-09/optional/dependencies-compatibility.json/4/5 ... ok
2026-10-09T01:33:08.2322884Z test draft2019-09/optional/dependencies-compatibility.json/4/4 ... ok
2026-10-09T01:33:08.2323077Z test draft2019-09/optional/dependencies-compatibility.json/4/6 ... ok
2026-10-09T01:33:08.2323213Z test draft2019-09/optional/dependencies-compatibility.json/4/7 ... ok
2026-10-09T01:33:08.2323347Z test draft2019-09/optional/dependencies-compatibility.json/5/0 ... ok
2026-10-09T01:33:08.2323484Z test draft2019-09/optional/dependencies-compatibility.json/5/1 ... ok
2026-10-09T01:33:08.2323619Z test draft2019-09/optional/dependencies-compatibility.json/5/2 ... ok
2026-10-09T01:33:08.2323755Z test draft2019-09/optional/dependencies-compatibility.json/5/3 ... ok
2026-10-09T01:33:08.2323892Z test draft2019-09/optional/dependencies-compatibility.json/6/0 ... ok
2026-10-09T01:33:08.2324027Z test draft2019-09/optional/dependencies-compatibility.json/6/1 ... ok
2026-10-09T01:33:08.2324163Z test draft2019-09/optional/dependencies-compatibility.json/6/2 ... ok
2026-10-09T01:33:08.2324355Z test draft2019-09/optional/dependencies-compatibility.json/6/3 ... ok
2026-10-09T01:33:08.2324475Z test draft2019-09/optional/ecmascript-regex.json/0/0 ... ok
2026-10-09T01:33:08.2324596Z test draft2019-09/optional/ecmascript-regex.json/1/0 ... ok
2026-10-09T01:33:08.2324712Z test draft2019-09/optional/ecmascript-regex.json/0/1 ... ok
2026-10-09T01:33:08.2324826Z test draft2019-09/optional/ecmascript-regex.json/1/1 ... ok
2026-10-09T01:33:08.2325064Z test draft2019-09/optional/ecmascript-regex.json/2/0 ... ok
2026-10-09T01:33:08.2325248Z test draft2019-09/optional/ecmascript-regex.json/3/0 ... ok
2026-10-09T01:33:08.2325373Z test draft2019-09/optional/ecmascript-regex.json/2/1 ... ok
2026-10-09T01:33:08.2325487Z test draft2019-09/optional/ecmascript-regex.json/3/1 ... ok
2026-10-09T01:33:08.2325599Z test draft2019-09/optional/ecmascript-regex.json/4/0 ... ok
2026-10-09T01:33:08.2325713Z test draft2019-09/optional/ecmascript-regex.json/4/1 ... ok
2026-10-09T01:33:08.2325828Z test draft2019-09/optional/ecmascript-regex.json/4/2 ... ok
2026-10-09T01:33:08.2325942Z test draft2019-09/optional/ecmascript-regex.json/5/0 ... ok
2026-10-09T01:33:08.2326058Z test draft2019-09/optional/ecmascript-regex.json/5/2 ... ok
2026-10-09T01:33:08.2326172Z test draft2019-09/optional/ecmascript-regex.json/6/0 ... ok
2026-10-09T01:33:08.2326266Z test draft2019-09/optional/anchor.json/0/1 ... ok
2026-10-09T01:33:08.2326381Z test draft2019-09/optional/ecmascript-regex.json/5/1 ... ok
2026-10-09T01:33:08.2326494Z test draft2019-09/optional/ecmascript-regex.json/7/0 ... ok
2026-10-09T01:33:08.2326586Z test draft2019-09/optional/anchor.json/0/0 ... ok
2026-10-09T01:33:08.2326701Z test draft2019-09/optional/ecmascript-regex.json/8/0 ... ok
2026-10-09T01:33:08.2326815Z test draft2019-09/optional/ecmascript-regex.json/8/2 ... ok
2026-10-09T01:33:08.2326926Z test draft2019-09/optional/ecmascript-regex.json/8/3 ... ok
2026-10-09T01:33:08.2327040Z test draft2019-09/optional/ecmascript-regex.json/8/1 ... ok
2026-10-09T01:33:08.2327151Z test draft2019-09/optional/ecmascript-regex.json/8/4 ... ok
2026-10-09T01:33:08.2327267Z test draft2019-09/optional/ecmascript-regex.json/8/6 ... ok
2026-10-09T01:33:08.2327383Z test draft2019-09/optional/ecmascript-regex.json/8/5 ... ok
2026-10-09T01:33:08.2327495Z test draft2019-09/optional/ecmascript-regex.json/8/7 ... ok
2026-10-09T01:33:08.2327609Z test draft2019-09/optional/ecmascript-regex.json/8/9 ... ok
2026-10-09T01:33:08.2327723Z test draft2019-09/optional/ecmascript-regex.json/8/8 ... ok
2026-10-09T01:33:08.2327835Z test draft2019-09/optional/ecmascript-regex.json/6/1 ... ok
2026-10-09T01:33:08.2327949Z test draft2019-09/optional/ecmascript-regex.json/9/0 ... ok
2026-10-09T01:33:08.2328062Z test draft2019-09/optional/ecmascript-regex.json/9/2 ... ok
2026-10-09T01:33:08.2328173Z test draft2019-09/optional/ecmascript-regex.json/9/3 ... ok
2026-10-09T01:33:08.2328287Z test draft2019-09/optional/ecmascript-regex.json/9/4 ... ok
2026-10-09T01:33:08.2328407Z test draft2019-09/optional/ecmascript-regex.json/8/10 ... ok
2026-10-09T01:33:08.2328523Z test draft2019-09/optional/ecmascript-regex.json/9/5 ... ok
2026-10-09T01:33:08.2328729Z test draft2019-09/optional/ecmascript-regex.json/9/7 ... ok
2026-10-09T01:33:08.2328840Z test draft2019-09/optional/ecmascript-regex.json/9/8 ... ok
2026-10-09T01:33:08.2329008Z test draft2019-09/optional/ecmascript-regex.json/9/9 ... ok
2026-10-09T01:33:08.2329202Z test draft2019-09/optional/ecmascript-regex.json/9/10 ... ok
2026-10-09T01:33:08.2329633Z test draft2019-09/optional/ecmascript-regex.json/9/6 ... ok
2026-10-09T01:33:08.2330022Z test draft2019-09/optional/ecmascript-regex.json/7/1 ... ok
2026-10-09T01:33:08.2330394Z test draft2019-09/optional/ecmascript-regex.json/10/1 ... ok
2026-10-09T01:33:08.2330766Z test draft2019-09/optional/ecmascript-regex.json/10/0 ... ok
2026-10-09T01:33:08.2331145Z test draft2019-09/optional/ecmascript-regex.json/10/3 ... ok
2026-10-09T01:33:08.2331513Z test draft2019-09/optional/ecmascript-regex.json/10/2 ... ok
2026-10-09T01:33:08.2332002Z test draft2019-09/optional/ecmascript-regex.json/11/1 ... ok
2026-10-09T01:33:08.2332796Z test draft2019-09/optional/ecmascript-regex.json/11/3 ... ok
2026-10-09T01:33:08.2333247Z test draft2019-09/optional/ecmascript-regex.json/11/2 ... ok
2026-10-09T01:33:08.2333668Z test draft2019-09/optional/ecmascript-regex.json/12/0 ... ok
2026-10-09T01:33:08.2334088Z test draft2019-09/optional/ecmascript-regex.json/12/1 ... ok
2026-10-09T01:33:08.2334510Z test draft2019-09/optional/ecmascript-regex.json/13/0 ... ok
2026-10-09T01:33:08.2334921Z test draft2019-09/optional/ecmascript-regex.json/12/2 ... ok
2026-10-09T01:33:08.2335420Z test draft2019-09/optional/ecmascript-regex.json/13/1 ... ok
2026-10-09T01:33:08.2335803Z test draft2019-09/optional/ecmascript-regex.json/9/1 ... ok
2026-10-09T01:33:08.2336100Z test draft2019-09/optional/ecmascript-regex.json/13/2 ... ok
2026-10-09T01:33:08.2336345Z test draft2019-09/optional/ecmascript-regex.json/14/1 ... ok
2026-10-09T01:33:08.2336588Z test draft2019-09/optional/ecmascript-regex.json/11/0 ... ok
2026-10-09T01:33:08.2336835Z test draft2019-09/optional/ecmascript-regex.json/14/2 ... ok
2026-10-09T01:33:08.2337078Z test draft2019-09/optional/ecmascript-regex.json/15/0 ... ok
2026-10-09T01:33:08.2337323Z test draft2019-09/optional/ecmascript-regex.json/15/1 ... ok
2026-10-09T01:33:08.2337568Z test draft2019-09/optional/ecmascript-regex.json/15/3 ... ok
2026-10-09T01:33:08.2337812Z test draft2019-09/optional/ecmascript-regex.json/16/1 ... ok
2026-10-09T01:33:08.2338053Z test draft2019-09/optional/ecmascript-regex.json/16/2 ... ok
2026-10-09T01:33:08.2338295Z test draft2019-09/optional/ecmascript-regex.json/16/3 ... ok
2026-10-09T01:33:08.2338536Z test draft2019-09/optional/ecmascript-regex.json/17/0 ... ok
2026-10-09T01:33:08.2338781Z test draft2019-09/optional/ecmascript-regex.json/17/1 ... ok
2026-10-09T01:33:08.2339024Z test draft2019-09/optional/ecmascript-regex.json/17/2 ... ok
2026-10-09T01:33:08.2339266Z test draft2019-09/optional/ecmascript-regex.json/14/0 ... ok
2026-10-09T01:33:08.2339510Z test draft2019-09/optional/ecmascript-regex.json/18/0 ... ok
2026-10-09T01:33:08.2339753Z test draft2019-09/optional/ecmascript-regex.json/18/2 ... ok
2026-10-09T01:33:08.2339997Z test draft2019-09/optional/ecmascript-regex.json/16/0 ... ok
2026-10-09T01:33:08.2340242Z test draft2019-09/optional/ecmascript-regex.json/19/0 ... ok
2026-10-09T01:33:08.2340486Z test draft2019-09/optional/ecmascript-regex.json/19/1 ... ok
2026-10-09T01:33:08.2340729Z test draft2019-09/optional/ecmascript-regex.json/18/1 ... ok
2026-10-09T01:33:08.2340971Z test draft2019-09/optional/format/date-time.json/0/0 ... ok
2026-10-09T01:33:08.2341209Z test draft2019-09/optional/format/date-time.json/0/1 ... ok
2026-10-09T01:33:08.2341451Z test draft2019-09/optional/format/date-time.json/0/2 ... ok
2026-10-09T01:33:08.2341687Z test draft2019-09/optional/format/date-time.json/0/3 ... ok
2026-10-09T01:33:08.2341925Z test draft2019-09/optional/float-overflow.json/0/0 ... ok
2026-10-09T01:33:08.2342160Z test draft2019-09/optional/format/date-time.json/0/4 ... ok
2026-10-09T01:33:08.2342395Z test draft2019-09/optional/format/date-time.json/0/5 ... ok
2026-10-09T01:33:08.2342725Z test draft2019-09/optional/format/date-time.json/0/7 ... ok
2026-10-09T01:33:08.2342960Z test draft2019-09/optional/format/date-time.json/0/6 ... ok
2026-10-09T01:33:08.2343192Z test draft2019-09/optional/format/date-time.json/0/8 ... ok
2026-10-09T01:33:08.2343433Z test draft2019-09/optional/ecmascript-regex.json/19/2 ... ok
2026-10-09T01:33:08.2343672Z test draft2019-09/optional/format/date-time.json/0/9 ... ok
2026-10-09T01:33:08.2343912Z test draft2019-09/optional/format/date-time.json/0/10 ... ok
2026-10-09T01:33:08.2344154Z test draft2019-09/optional/format/date-time.json/0/11 ... ok
2026-10-09T01:33:08.2344394Z test draft2019-09/optional/format/date-time.json/0/12 ... ok
2026-10-09T01:33:08.2344633Z test draft2019-09/optional/format/date-time.json/0/13 ... ok
2026-10-09T01:33:08.2344872Z test draft2019-09/optional/format/date-time.json/0/14 ... ok
2026-10-09T01:33:08.2345331Z test draft2019-09/optional/format/date-time.json/0/15 ... ok
2026-10-09T01:33:08.2345574Z test draft2019-09/optional/format/date-time.json/0/16 ... ok
2026-10-09T01:33:08.2345819Z test draft2019-09/optional/format/date-time.json/0/17 ... ok
2026-10-09T01:33:08.2346072Z test draft2019-09/optional/format/date-time.json/0/19 ... ok
2026-10-09T01:33:08.2346310Z test draft2019-09/optional/format/date-time.json/0/18 ... ok
2026-10-09T01:33:08.2346548Z test draft2019-09/optional/format/date-time.json/0/21 ... ok
2026-10-09T01:33:08.2346785Z test draft2019-09/optional/format/date-time.json/0/20 ... ok
2026-10-09T01:33:08.2347024Z test draft2019-09/optional/format/date-time.json/0/22 ... ok
2026-10-09T01:33:08.2347261Z test draft2019-09/optional/format/date-time.json/0/23 ... ok
2026-10-09T01:33:08.2347498Z test draft2019-09/optional/format/date-time.json/0/24 ... ok
2026-10-09T01:33:08.2347736Z test draft2019-09/optional/format/date-time.json/0/25 ... ok
2026-10-09T01:33:08.2347972Z test draft2019-09/optional/format/date-time.json/0/26 ... ok
2026-10-09T01:33:08.2348210Z test draft2019-09/optional/format/date-time.json/0/27 ... ok
2026-10-09T01:33:08.2348451Z test draft2019-09/optional/format/date-time.json/0/28 ... ok
2026-10-09T01:33:08.2348688Z test draft2019-09/optional/format/date-time.json/0/30 ... ok
2026-10-09T01:33:08.2348926Z test draft2019-09/optional/format/date-time.json/0/29 ... ok
2026-10-09T01:33:08.2349163Z test draft2019-09/optional/format/date-time.json/0/31 ... ok
2026-10-09T01:33:08.2349398Z test draft2019-09/optional/format/date-time.json/0/32 ... ok
2026-10-09T01:33:08.2349635Z test draft2019-09/optional/format/date-time.json/0/33 ... ok
2026-10-09T01:33:08.2349876Z test draft2019-09/optional/format/date-time.json/0/34 ... ok
2026-10-09T01:33:08.2350113Z test draft2019-09/optional/format/date-time.json/0/35 ... ok
2026-10-09T01:33:08.2350350Z test draft2019-09/optional/format/date-time.json/0/37 ... ok
2026-10-09T01:33:08.2350586Z test draft2019-09/optional/format/date-time.json/0/38 ... ok
2026-10-09T01:33:08.2350824Z test draft2019-09/optional/format/date-time.json/0/36 ... ok
2026-10-09T01:33:08.2351068Z test draft2019-09/optional/format/date-time.json/0/39 ... ok
2026-10-09T01:33:08.2351305Z test draft2019-09/optional/format/date-time.json/0/40 ... ok
2026-10-09T01:33:08.2351545Z test draft2019-09/optional/format/date-time.json/0/41 ... ok
2026-10-09T01:33:08.2351783Z test draft2019-09/optional/format/date-time.json/0/42 ... ok
2026-10-09T01:33:08.2352011Z test draft2019-09/optional/format/date.json/0/0 ... ok
2026-10-09T01:33:08.2352234Z test draft2019-09/optional/format/date.json/0/1 ... ok
2026-10-09T01:33:08.2352452Z test draft2019-09/optional/format/date.json/0/3 ... ok
2026-10-09T01:33:08.2352668Z test draft2019-09/optional/format/date.json/0/2 ... ok
2026-10-09T01:33:08.2352881Z test draft2019-09/optional/format/date.json/0/4 ... ok
2026-10-09T01:33:08.2353094Z test draft2019-09/optional/format/date.json/0/5 ... ok
2026-10-09T01:33:08.2353309Z test draft2019-09/optional/format/date.json/0/6 ... ok
2026-10-09T01:33:08.2353525Z test draft2019-09/optional/format/date.json/0/7 ... ok
2026-10-09T01:33:08.2353834Z test draft2019-09/optional/format/date.json/0/8 ... ok
2026-10-09T01:33:08.2354048Z test draft2019-09/optional/format/date.json/0/9 ... ok
2026-10-09T01:33:08.2354267Z test draft2019-09/optional/format/date.json/0/11 ... ok
2026-10-09T01:33:08.2354486Z test draft2019-09/optional/format/date.json/0/10 ... ok
2026-10-09T01:33:08.2354704Z test draft2019-09/optional/format/date.json/0/12 ... ok
2026-10-09T01:33:08.2354926Z test draft2019-09/optional/format/date.json/0/14 ... ok
2026-10-09T01:33:08.2355277Z test draft2019-09/optional/format/date.json/0/13 ... ok
2026-10-09T01:33:08.2355497Z test draft2019-09/optional/format/date.json/0/15 ... ok
2026-10-09T01:33:08.2355720Z test draft2019-09/optional/format/date.json/0/17 ... ok
2026-10-09T01:33:08.2355937Z test draft2019-09/optional/format/date.json/0/16 ... ok
2026-10-09T01:33:08.2356153Z test draft2019-09/optional/format/date.json/0/18 ... ok
2026-10-09T01:33:08.2356447Z test draft2019-09/optional/format/date.json/0/20 ... ok
2026-10-09T01:33:08.2356667Z test draft2019-09/optional/format/date.json/0/19 ... ok
2026-10-09T01:33:08.2356882Z test draft2019-09/optional/format/date.json/0/22 ... ok
2026-10-09T01:33:08.2357102Z test draft2019-09/optional/format/date.json/0/21 ... ok
2026-10-09T01:33:08.2357318Z test draft2019-09/optional/format/date.json/0/23 ... ok
2026-10-09T01:33:08.2357534Z test draft2019-09/optional/format/date.json/0/24 ... ok
2026-10-09T01:33:08.2357748Z test draft2019-09/optional/format/date.json/0/27 ... ok
2026-10-09T01:33:08.2357963Z test draft2019-09/optional/format/date.json/0/25 ... ok
2026-10-09T01:33:08.2358179Z test draft2019-09/optional/format/date.json/0/26 ... ok
2026-10-09T01:33:08.2358398Z test draft2019-09/optional/format/date.json/0/28 ... ok
2026-10-09T01:33:08.2358613Z test draft2019-09/optional/format/date.json/0/29 ... ok
2026-10-09T01:33:08.2358829Z test draft2019-09/optional/format/date.json/0/30 ... ok
2026-10-09T01:33:08.2359045Z test draft2019-09/optional/format/date.json/0/31 ... ok
2026-10-09T01:33:08.2359260Z test draft2019-09/optional/format/date.json/0/33 ... ok
2026-10-09T01:33:08.2359478Z test draft2019-09/optional/format/date.json/0/34 ... ok
2026-10-09T01:33:08.2359693Z test draft2019-09/optional/format/date.json/0/32 ... ok
2026-10-09T01:33:08.2359908Z test draft2019-09/optional/format/date.json/0/36 ... ok
2026-10-09T01:33:08.2360123Z test draft2019-09/optional/format/date.json/0/35 ... ok
2026-10-09T01:33:08.2360340Z test draft2019-09/optional/format/date.json/0/37 ... ok
2026-10-09T01:33:08.2360558Z test draft2019-09/optional/format/date.json/0/38 ... ok
2026-10-09T01:33:08.2360777Z test draft2019-09/optional/format/date.json/0/39 ... ok
2026-10-09T01:33:08.2360996Z test draft2019-09/optional/format/date.json/0/41 ... ok
2026-10-09T01:33:08.2361212Z test draft2019-09/optional/format/date.json/0/40 ... ok
2026-10-09T01:33:08.2361428Z test draft2019-09/optional/format/date.json/0/42 ... ok
2026-10-09T01:33:08.2361647Z test draft2019-09/optional/format/date.json/0/43 ... ok
2026-10-09T01:33:08.2361866Z test draft2019-09/optional/format/date.json/0/44 ... ok
2026-10-09T01:33:08.2362084Z test draft2019-09/optional/format/date.json/0/45 ... ok
2026-10-09T01:33:08.2362300Z test draft2019-09/optional/format/date.json/0/46 ... ok
2026-10-09T01:33:08.2362516Z test draft2019-09/optional/format/date.json/0/49 ... ok
2026-10-09T01:33:08.2362733Z test draft2019-09/optional/format/date.json/0/48 ... ok
2026-10-09T01:33:08.2362948Z test draft2019-09/optional/format/date.json/0/47 ... ok
2026-10-09T01:33:08.2363167Z test draft2019-09/optional/format/date.json/0/50 ... ok
2026-10-09T01:33:08.2363386Z test draft2019-09/optional/format/date.json/0/51 ... ok
2026-10-09T01:33:08.2363602Z test draft2019-09/optional/format/date.json/0/52 ... ok
2026-10-09T01:33:08.2363849Z test draft2019-09/optional/format/date.json/0/53 ... ok
2026-10-09T01:33:08.2364066Z test draft2019-09/optional/format/date.json/0/54 ... ok
2026-10-09T01:33:08.2364285Z test draft2019-09/optional/format/date.json/0/56 ... ok
2026-10-09T01:33:08.2364595Z test draft2019-09/optional/format/date.json/0/57 ... ok
2026-10-09T01:33:08.2364812Z test draft2019-09/optional/format/date.json/0/55 ... ok
2026-10-09T01:33:08.2365186Z test draft2019-09/optional/format/date.json/0/58 ... ok
2026-10-09T01:33:08.2365406Z test draft2019-09/optional/format/date.json/0/59 ... ok
2026-10-09T01:33:08.2365623Z test draft2019-09/optional/format/date.json/0/60 ... ok
2026-10-09T01:33:08.2365840Z test draft2019-09/optional/format/date.json/0/61 ... ok
2026-10-09T01:33:08.2366061Z test draft2019-09/optional/format/date.json/0/62 ... ok
2026-10-09T01:33:08.2366278Z test draft2019-09/optional/format/date.json/0/64 ... ok
2026-10-09T01:33:08.2366495Z test draft2019-09/optional/format/date.json/0/63 ... ok
2026-10-09T01:33:08.2366712Z test draft2019-09/optional/format/date.json/0/66 ... ok
2026-10-09T01:33:08.2366928Z test draft2019-09/optional/format/date.json/0/65 ... ok
2026-10-09T01:33:08.2367232Z test draft2019-09/optional/format/date.json/0/67 ... ok
2026-10-09T01:33:08.2367452Z test draft2019-09/optional/format/date.json/0/68 ... ok
2026-10-09T01:33:08.2367669Z test draft2019-09/optional/format/date.json/0/69 ... ok
2026-10-09T01:33:08.2367886Z test draft2019-09/optional/format/date.json/0/70 ... ok
2026-10-09T01:33:08.2368102Z test draft2019-09/optional/format/date.json/0/71 ... ok
2026-10-09T01:33:08.2368319Z test draft2019-09/optional/format/date.json/0/72 ... ok
2026-10-09T01:33:08.2368537Z test draft2019-09/optional/format/date.json/0/73 ... ok
2026-10-09T01:33:08.2368754Z test draft2019-09/optional/format/date.json/0/74 ... ok
2026-10-09T01:33:08.2368972Z test draft2019-09/optional/format/date.json/0/75 ... ok
2026-10-09T01:33:08.2369190Z test draft2019-09/optional/format/date.json/0/77 ... ok
2026-10-09T01:33:08.2369406Z test draft2019-09/optional/format/date.json/0/78 ... ok
2026-10-09T01:33:08.2369622Z test draft2019-09/optional/format/date.json/0/76 ... ok
2026-10-09T01:33:08.2369844Z test draft2019-09/optional/format/date.json/0/79 ... ok
2026-10-09T01:33:08.2370075Z test draft2019-09/optional/format/duration.json/0/1 ... ok
2026-10-09T01:33:08.2370314Z test draft2019-09/optional/format/duration.json/0/0 ... ok
2026-10-09T01:33:08.2370540Z test draft2019-09/optional/format/date.json/0/80 ... ok
2026-10-09T01:33:08.2370767Z test draft2019-09/optional/format/duration.json/0/2 ... ok
2026-10-09T01:33:08.2371001Z test draft2019-09/optional/format/duration.json/0/5 ... ok
2026-10-09T01:33:08.2371233Z test draft2019-09/optional/format/duration.json/0/4 ... ok
2026-10-09T01:33:08.2371464Z test draft2019-09/optional/format/duration.json/0/3 ... ok
2026-10-09T01:33:08.2371696Z test draft2019-09/optional/format/duration.json/0/8 ... ok
2026-10-09T01:33:08.2371927Z test draft2019-09/optional/format/duration.json/0/7 ... ok
2026-10-09T01:33:08.2372157Z test draft2019-09/optional/format/duration.json/0/6 ... ok
2026-10-09T01:33:08.2372398Z test draft2019-09/optional/format/duration.json/0/11 ... ok
2026-10-09T01:33:08.2372640Z test draft2019-09/optional/format/duration.json/0/10 ... ok
2026-10-09T01:33:08.2372878Z test draft2019-09/optional/format/duration.json/0/9 ... ok
2026-10-09T01:33:08.2373113Z test draft2019-09/optional/format/duration.json/0/12 ... ok
2026-10-09T01:33:08.2373350Z test draft2019-09/optional/format/duration.json/0/15 ... ok
2026-10-09T01:33:08.2373589Z test draft2019-09/optional/format/duration.json/0/16 ... ok
2026-10-09T01:33:08.2373824Z test draft2019-09/optional/format/duration.json/0/17 ... ok
2026-10-09T01:33:08.2374060Z test draft2019-09/optional/format/duration.json/0/14 ... ok
2026-10-09T01:33:08.2374295Z test draft2019-09/optional/format/duration.json/0/18 ... ok
2026-10-09T01:33:08.2374529Z test draft2019-09/optional/format/duration.json/0/19 ... ok
2026-10-09T01:33:08.2374765Z test draft2019-09/optional/format/duration.json/0/13 ... ok
2026-10-09T01:33:08.2375155Z test draft2019-09/optional/format/duration.json/0/20 ... ok
2026-10-09T01:33:08.2375432Z test draft2019-09/optional/format/duration.json/0/21 ... ok
2026-10-09T01:33:08.2375666Z test draft2019-09/optional/format/duration.json/0/23 ... ok
2026-10-09T01:33:08.2375997Z test draft2019-09/optional/format/duration.json/0/22 ... ok
2026-10-09T01:33:08.2376230Z test draft2019-09/optional/format/duration.json/0/26 ... ok
2026-10-09T01:33:08.2376465Z test draft2019-09/optional/format/duration.json/0/24 ... ok
2026-10-09T01:33:08.2376700Z test draft2019-09/optional/format/duration.json/0/25 ... ok
2026-10-09T01:33:08.2376933Z test draft2019-09/optional/format/duration.json/0/27 ... ok
2026-10-09T01:33:08.2377168Z test draft2019-09/optional/format/duration.json/0/28 ... ok
2026-10-09T01:33:08.2377403Z test draft2019-09/optional/format/duration.json/0/30 ... ok
2026-10-09T01:33:08.2377637Z test draft2019-09/optional/format/duration.json/0/29 ... ok
2026-10-09T01:33:08.2377875Z test draft2019-09/optional/format/duration.json/0/32 ... ok
2026-10-09T01:33:08.2378109Z test draft2019-09/optional/format/duration.json/0/31 ... ok
2026-10-09T01:33:08.2378420Z test draft2019-09/optional/format/duration.json/0/33 ... ok
2026-10-09T01:33:08.2378657Z test draft2019-09/optional/format/duration.json/0/34 ... ok
2026-10-09T01:33:08.2378892Z test draft2019-09/optional/format/duration.json/0/35 ... ok
2026-10-09T01:33:08.2379126Z test draft2019-09/optional/format/duration.json/0/36 ... ok
2026-10-09T01:33:08.2379363Z test draft2019-09/optional/format/duration.json/0/37 ... ok
2026-10-09T01:33:08.2379596Z test draft2019-09/optional/format/duration.json/0/40 ... ok
2026-10-09T01:33:08.2379830Z test draft2019-09/optional/format/duration.json/0/38 ... ok
2026-10-09T01:33:08.2380064Z test draft2019-09/optional/format/duration.json/0/41 ... ok
2026-10-09T01:33:08.2380298Z test draft2019-09/optional/format/duration.json/0/43 ... ok
2026-10-09T01:33:08.2380534Z test draft2019-09/optional/format/duration.json/0/42 ... ok
2026-10-09T01:33:08.2380768Z test draft2019-09/optional/format/duration.json/0/44 ... ok
2026-10-09T01:33:08.2381003Z test draft2019-09/optional/format/duration.json/0/39 ... ok
2026-10-09T01:33:08.2381235Z test draft2019-09/optional/format/duration.json/0/46 ... ok
2026-10-09T01:33:08.2381470Z test draft2019-09/optional/format/duration.json/0/45 ... ok
2026-10-09T01:33:08.2381703Z test draft2019-09/optional/format/duration.json/0/47 ... ok
2026-10-09T01:33:08.2381938Z test draft2019-09/optional/format/duration.json/0/48 ... ok
2026-10-09T01:33:08.2382172Z test draft2019-09/optional/format/duration.json/0/49 ... ok
2026-10-09T01:33:08.2382405Z test draft2019-09/optional/format/duration.json/0/51 ... ok
2026-10-09T01:33:08.2382639Z test draft2019-09/optional/format/duration.json/0/50 ... ok
2026-10-09T01:33:08.2382899Z test draft2019-09/optional/format/ecmascript-regex.json/0/0 ... ok
2026-10-09T01:33:08.2383177Z test draft2019-09/optional/format/ecmascript-regex.json/1/0 ... ok
2026-10-09T01:33:08.2383446Z test draft2019-09/optional/format/ecmascript-regex.json/1/1 ... ok
2026-10-09T01:33:08.2383712Z test draft2019-09/optional/format/ecmascript-regex.json/2/0 ... ok
2026-10-09T01:33:08.2383981Z test draft2019-09/optional/format/ecmascript-regex.json/2/1 ... ok
2026-10-09T01:33:08.2384247Z test draft2019-09/optional/format/ecmascript-regex.json/1/2 ... ok
2026-10-09T01:33:08.2384512Z test draft2019-09/optional/format/ecmascript-regex.json/4/0 ... ok
2026-10-09T01:33:08.2384778Z test draft2019-09/optional/format/ecmascript-regex.json/5/0 ... ok
2026-10-09T01:33:08.2385225Z test draft2019-09/optional/format/ecmascript-regex.json/5/1 ... ok
2026-10-09T01:33:08.2385504Z test draft2019-09/optional/format/ecmascript-regex.json/3/1 ... ok
2026-10-09T01:33:08.2385768Z test draft2019-09/optional/format/ecmascript-regex.json/5/2 ... ok
2026-10-09T01:33:08.2386015Z test draft2019-09/optional/format/email.json/0/1 ... ok
2026-10-09T01:33:08.2386240Z test draft2019-09/optional/format/email.json/0/2 ... ok
2026-10-09T01:33:08.2386461Z test draft2019-09/optional/format/email.json/0/3 ... ok
2026-10-09T01:33:08.2386680Z test draft2019-09/optional/format/email.json/0/0 ... ok
2026-10-09T01:33:08.2386902Z test draft2019-09/optional/format/email.json/0/4 ... ok
2026-10-09T01:33:08.2387215Z test draft2019-09/optional/format/email.json/0/5 ... ok
2026-10-09T01:33:08.2387452Z test draft2019-09/optional/ecmascript-regex.json/15/2 ... ok
2026-10-09T01:33:08.2387689Z test draft2019-09/optional/format/email.json/0/7 ... ok
2026-10-09T01:33:08.2387906Z test draft2019-09/optional/format/email.json/0/6 ... ok
2026-10-09T01:33:08.2388123Z test draft2019-09/optional/format/email.json/0/8 ... ok
2026-10-09T01:33:08.2388339Z test draft2019-09/optional/format/email.json/0/9 ... ok
2026-10-09T01:33:08.2388563Z test draft2019-09/optional/format/email.json/0/10 ... ok
2026-10-09T01:33:08.2388790Z test draft2019-09/optional/format/email.json/0/12 ... ok
2026-10-09T01:33:08.2389014Z test draft2019-09/optional/format/email.json/0/11 ... ok
2026-10-09T01:33:08.2389235Z test draft2019-09/optional/format/email.json/0/13 ... ok
2026-10-09T01:33:08.2389456Z test draft2019-09/optional/format/email.json/0/16 ... ok
2026-10-09T01:33:08.2389755Z test draft2019-09/optional/format/email.json/0/14 ... ok
2026-10-09T01:33:08.2389980Z test draft2019-09/optional/format/email.json/0/15 ... ok
2026-10-09T01:33:08.2390203Z test draft2019-09/optional/format/email.json/0/17 ... ok
2026-10-09T01:33:08.2390424Z test draft2019-09/optional/format/email.json/0/18 ... ok
2026-10-09T01:33:08.2390645Z test draft2019-09/optional/format/email.json/0/19 ... ok
2026-10-09T01:33:08.2390865Z test draft2019-09/optional/format/email.json/0/20 ... ok
2026-10-09T01:33:08.2391086Z test draft2019-09/optional/format/email.json/0/21 ... ok
2026-10-09T01:33:08.2391306Z test draft2019-09/optional/format/email.json/0/23 ... ok
2026-10-09T01:33:08.2391527Z test draft2019-09/optional/format/email.json/0/22 ... ok
2026-10-09T01:33:08.2391748Z test draft2019-09/optional/format/email.json/0/25 ... ok
2026-10-09T01:33:08.2391968Z test draft2019-09/optional/format/email.json/0/24 ... ok
2026-10-09T01:33:08.2392188Z test draft2019-09/optional/format/email.json/0/26 ... ok
2026-10-09T01:33:08.2392410Z test draft2019-09/optional/format/email.json/0/28 ... ok
2026-10-09T01:33:08.2392632Z test draft2019-09/optional/format/email.json/0/29 ... ok
2026-10-09T01:33:08.2392855Z test draft2019-09/optional/format/email.json/0/27 ... ok
2026-10-09T01:33:08.2393081Z test draft2019-09/optional/format/email.json/0/30 ... ok
2026-10-09T01:33:08.2393398Z test draft2019-09/optional/format/email.json/0/32 ... ok
2026-10-09T01:33:08.2393683Z test draft2019-09/optional/format/email.json/0/31 ... ok
2026-10-09T01:33:08.2393906Z test draft2019-09/optional/format/email.json/0/33 ... ok
2026-10-09T01:33:08.2400890Z test draft2019-09/optional/format/email.json/0/34 ... ok
2026-10-09T01:33:08.2401169Z test draft2019-09/optional/format/email.json/0/35 ... ok
2026-10-09T01:33:08.2401399Z test draft2019-09/optional/format/email.json/0/36 ... ok
2026-10-09T01:33:08.2401623Z test draft2019-09/optional/format/email.json/0/37 ... ok
2026-10-09T01:33:08.2401849Z test draft2019-09/optional/format/email.json/0/39 ... ok
2026-10-09T01:33:08.2402072Z test draft2019-09/optional/format/email.json/0/38 ... ok
2026-10-09T01:33:08.2402297Z test draft2019-09/optional/format/email.json/0/40 ... ok
2026-10-09T01:33:08.2402522Z test draft2019-09/optional/format/email.json/0/41 ... ok
2026-10-09T01:33:08.2402743Z test draft2019-09/optional/format/email.json/0/43 ... ok
2026-10-09T01:33:08.2402966Z test draft2019-09/optional/format/email.json/0/42 ... ok
2026-10-09T01:33:08.2403189Z test draft2019-09/optional/format/email.json/0/44 ... ok
2026-10-09T01:33:08.2403411Z test draft2019-09/optional/format/email.json/0/45 ... ok
2026-10-09T01:33:08.2403634Z test draft2019-09/optional/format/email.json/0/46 ... ok
2026-10-09T01:33:08.2403859Z test draft2019-09/optional/format/email.json/0/47 ... ok
2026-10-09T01:33:08.2404171Z test draft2019-09/optional/format/email.json/0/48 ... ok
2026-10-09T01:33:08.2404508Z test draft2019-09/optional/format/email.json/0/49 ... ok
2026-10-09T01:33:08.2404732Z test draft2019-09/optional/format/email.json/0/50 ... ok
2026-10-09T01:33:08.2405069Z test draft2019-09/optional/format/email.json/0/53 ... ok
2026-10-09T01:33:08.2405494Z test draft2019-09/optional/format/email.json/0/51 ... ok
2026-10-09T01:33:08.2405719Z test draft2019-09/optional/format/email.json/0/52 ... ok
2026-10-09T01:33:08.2405942Z test draft2019-09/optional/format/email.json/0/54 ... ok
2026-10-09T01:33:08.2406164Z test draft2019-09/optional/format/email.json/0/55 ... ok
2026-10-09T01:33:08.2406386Z test draft2019-09/optional/format/email.json/0/56 ... ok
2026-10-09T01:33:08.2406609Z test draft2019-09/optional/format/email.json/0/57 ... ok
2026-10-09T01:33:08.2406836Z test draft2019-09/optional/format/email.json/0/58 ... ok
2026-10-09T01:33:08.2407059Z test draft2019-09/optional/format/email.json/0/60 ... ok
2026-10-09T01:33:08.2407281Z test draft2019-09/optional/format/email.json/0/59 ... ok
2026-10-09T01:33:08.2407503Z test draft2019-09/optional/format/email.json/0/62 ... ok
2026-10-09T01:33:08.2407802Z test draft2019-09/optional/format/email.json/0/61 ... ok
2026-10-09T01:33:08.2408028Z test draft2019-09/optional/format/email.json/0/63 ... ok
2026-10-09T01:33:08.2408255Z test draft2019-09/optional/format/email.json/0/64 ... ok
2026-10-09T01:33:08.2408479Z test draft2019-09/optional/format/email.json/0/67 ... ok
2026-10-09T01:33:08.2408700Z test draft2019-09/optional/format/email.json/0/68 ... ok
2026-10-09T01:33:08.2408920Z test draft2019-09/optional/format/email.json/0/69 ... ok
2026-10-09T01:33:08.2409139Z test draft2019-09/optional/format/email.json/0/70 ... ok
2026-10-09T01:33:08.2409369Z test draft2019-09/optional/format/hostname.json/0/0 ... ok
2026-10-09T01:33:08.2409597Z test draft2019-09/optional/format/email.json/0/65 ... ok
2026-10-09T01:33:08.2409814Z test draft2019-09/optional/format/email.json/0/66 ... ok
2026-10-09T01:33:08.2410041Z test draft2019-09/optional/format/hostname.json/0/1 ... ok
2026-10-09T01:33:08.2410274Z test draft2019-09/optional/format/hostname.json/0/2 ... ok
2026-10-09T01:33:08.2410508Z test draft2019-09/optional/format/hostname.json/0/3 ... ok
2026-10-09T01:33:08.2410746Z test draft2019-09/optional/format/hostname.json/0/4 ... ok
2026-10-09T01:33:08.2410978Z test draft2019-09/optional/format/hostname.json/0/5 ... ok
2026-10-09T01:33:08.2411208Z test draft2019-09/optional/format/hostname.json/0/6 ... ok
2026-10-09T01:33:08.2411440Z test draft2019-09/optional/format/hostname.json/0/7 ... ok
2026-10-09T01:33:08.2411671Z test draft2019-09/optional/format/hostname.json/0/8 ... ok
2026-10-09T01:33:08.2411902Z test draft2019-09/optional/format/hostname.json/0/9 ... ok
2026-10-09T01:33:08.2412143Z test draft2019-09/optional/format/hostname.json/0/10 ... ok
2026-10-09T01:33:08.2412385Z test draft2019-09/optional/format/hostname.json/0/11 ... ok
2026-10-09T01:33:08.2412624Z test draft2019-09/optional/format/hostname.json/0/12 ... ok
2026-10-09T01:33:08.2412861Z test draft2019-09/optional/format/hostname.json/0/13 ... ok
2026-10-09T01:33:08.2413097Z test draft2019-09/optional/format/hostname.json/0/14 ... ok
2026-10-09T01:33:08.2413338Z test draft2019-09/optional/format/hostname.json/0/15 ... ok
2026-10-09T01:33:08.2413576Z test draft2019-09/optional/format/hostname.json/0/16 ... ok
2026-10-09T01:33:08.2413810Z test draft2019-09/optional/format/hostname.json/0/17 ... ok
2026-10-09T01:33:08.2414046Z test draft2019-09/optional/format/hostname.json/0/18 ... ok
2026-10-09T01:33:08.2414281Z test draft2019-09/optional/format/hostname.json/0/19 ... ok
2026-10-09T01:33:08.2414520Z test draft2019-09/optional/format/hostname.json/0/20 ... ok
2026-10-09T01:33:08.2414758Z test draft2019-09/optional/format/hostname.json/0/22 ... ok
2026-10-09T01:33:08.2415128Z test draft2019-09/optional/format/hostname.json/0/21 ... ok
2026-10-09T01:33:08.2415365Z test draft2019-09/optional/format/hostname.json/0/24 ... ok
2026-10-09T01:33:08.2415599Z test draft2019-09/optional/format/hostname.json/0/25 ... ok
2026-10-09T01:33:08.2415833Z test draft2019-09/optional/format/hostname.json/0/23 ... ok
2026-10-09T01:33:08.2416070Z test draft2019-09/optional/format/hostname.json/1/0 ... ok
2026-10-09T01:33:08.2416397Z test draft2019-09/optional/format/hostname.json/1/3 ... ok
2026-10-09T01:33:08.2416628Z test draft2019-09/optional/format/hostname.json/1/2 ... ok
2026-10-09T01:33:08.2416859Z test draft2019-09/optional/format/hostname.json/1/4 ... ok
2026-10-09T01:33:08.2417091Z test draft2019-09/optional/format/hostname.json/1/5 ... ok
2026-10-09T01:33:08.2417324Z test draft2019-09/optional/format/hostname.json/1/1 ... ok
2026-10-09T01:33:08.2417554Z test draft2019-09/optional/format/hostname.json/1/8 ... ok
2026-10-09T01:33:08.2417786Z test draft2019-09/optional/format/hostname.json/1/9 ... ok
2026-10-09T01:33:08.2418015Z test draft2019-09/optional/format/hostname.json/1/6 ... ok
2026-10-09T01:33:08.2418248Z test draft2019-09/optional/format/hostname.json/1/10 ... ok
2026-10-09T01:33:08.2418484Z test draft2019-09/optional/format/hostname.json/1/7 ... ok
2026-10-09T01:33:08.2418718Z test draft2019-09/optional/format/hostname.json/1/11 ... ok
2026-10-09T01:33:08.2419032Z test draft2019-09/optional/format/hostname.json/1/12 ... ok
2026-10-09T01:33:08.2419270Z test draft2019-09/optional/format/hostname.json/1/13 ... ok
2026-10-09T01:33:08.2419505Z test draft2019-09/optional/format/hostname.json/1/15 ... ok
2026-10-09T01:33:08.2419737Z test draft2019-09/optional/format/hostname.json/1/14 ... ok
2026-10-09T01:33:08.2419973Z test draft2019-09/optional/format/hostname.json/1/16 ... ok
2026-10-09T01:33:08.2420204Z test draft2019-09/optional/format/hostname.json/1/18 ... ok
2026-10-09T01:33:08.2420439Z test draft2019-09/optional/format/hostname.json/1/19 ... ok
2026-10-09T01:33:08.2420672Z test draft2019-09/optional/format/hostname.json/1/17 ... ok
2026-10-09T01:33:08.2420903Z test draft2019-09/optional/format/hostname.json/1/21 ... ok
2026-10-09T01:33:08.2421136Z test draft2019-09/optional/format/hostname.json/1/22 ... ok
2026-10-09T01:33:08.2421370Z test draft2019-09/optional/format/hostname.json/1/20 ... ok
2026-10-09T01:33:08.2421604Z test draft2019-09/optional/format/hostname.json/1/24 ... ok
2026-10-09T01:33:08.2421838Z test draft2019-09/optional/format/hostname.json/1/25 ... ok
2026-10-09T01:33:08.2422075Z test draft2019-09/optional/format/hostname.json/1/23 ... ok
2026-10-09T01:33:08.2422308Z test draft2019-09/optional/format/hostname.json/1/26 ... ok
2026-10-09T01:33:08.2422542Z test draft2019-09/optional/format/hostname.json/1/27 ... ok
2026-10-09T01:33:08.2422773Z test draft2019-09/optional/format/hostname.json/1/29 ... ok
2026-10-09T01:33:08.2423005Z test draft2019-09/optional/format/hostname.json/1/28 ... ok
2026-10-09T01:33:08.2423238Z test draft2019-09/optional/format/hostname.json/1/30 ... ok
2026-10-09T01:33:08.2423472Z test draft2019-09/optional/format/hostname.json/1/31 ... ok
2026-10-09T01:33:08.2423705Z test draft2019-09/optional/format/hostname.json/1/32 ... ok
2026-10-09T01:33:08.2423942Z test draft2019-09/optional/format/hostname.json/1/33 ... ok
2026-10-09T01:33:08.2424175Z test draft2019-09/optional/format/hostname.json/1/35 ... ok
2026-10-09T01:33:08.2424412Z test draft2019-09/optional/format/hostname.json/1/34 ... ok
2026-10-09T01:33:08.2424647Z test draft2019-09/optional/format/idn-email.json/0/0 ... ok
2026-10-09T01:33:08.2424880Z test draft2019-09/optional/format/idn-email.json/0/1 ... ok
2026-10-09T01:33:08.2425266Z test draft2019-09/optional/format/hostname.json/1/36 ... ok
2026-10-09T01:33:08.2425499Z test draft2019-09/optional/format/idn-email.json/0/2 ... ok
2026-10-09T01:33:08.2425731Z test draft2019-09/optional/format/idn-email.json/0/3 ... ok
2026-10-09T01:33:08.2425963Z test draft2019-09/optional/format/hostname.json/1/37 ... ok
2026-10-09T01:33:08.2426195Z test draft2019-09/optional/format/idn-email.json/0/4 ... ok
2026-10-09T01:33:08.2426427Z test draft2019-09/optional/format/idn-email.json/0/5 ... ok
2026-10-09T01:33:08.2426661Z test draft2019-09/optional/format/idn-email.json/0/7 ... ok
2026-10-09T01:33:08.2426892Z test draft2019-09/optional/format/idn-email.json/0/8 ... ok
2026-10-09T01:33:08.2427126Z test draft2019-09/optional/format/idn-email.json/0/9 ... ok
2026-10-09T01:33:08.2427366Z test draft2019-09/optional/format/idn-email.json/0/10 ... ok
2026-10-09T01:33:08.2427701Z test draft2019-09/optional/format/idn-email.json/0/12 ... ok
2026-10-09T01:33:08.2427942Z test draft2019-09/optional/format/idn-email.json/0/13 ... ok
2026-10-09T01:33:08.2428179Z test draft2019-09/optional/format/idn-email.json/0/6 ... ok
2026-10-09T01:33:08.2428415Z test draft2019-09/optional/format/idn-email.json/0/14 ... ok
2026-10-09T01:33:08.2428654Z test draft2019-09/optional/format/idn-email.json/0/11 ... ok
2026-10-09T01:33:08.2428892Z test draft2019-09/optional/format/idn-email.json/0/16 ... ok
2026-10-09T01:33:08.2429129Z test draft2019-09/optional/format/idn-email.json/0/15 ... ok
2026-10-09T01:33:08.2429373Z test draft2019-09/optional/format/idn-email.json/0/17 ... ok
2026-10-09T01:33:08.2429609Z test draft2019-09/optional/format/idn-email.json/0/18 ... ok
2026-10-09T01:33:08.2429846Z test draft2019-09/optional/format/idn-email.json/0/19 ... ok
2026-10-09T01:33:08.2430160Z test draft2019-09/optional/format/idn-email.json/0/22 ... ok
2026-10-09T01:33:08.2430422Z test draft2019-09/optional/format/ecmascript-regex.json/3/0 ... ok
2026-10-09T01:33:08.2430677Z test draft2019-09/optional/format/idn-email.json/0/23 ... ok
2026-10-09T01:33:08.2430925Z test draft2019-09/optional/format/idn-hostname.json/0/1 ... ok
2026-10-09T01:33:08.2431176Z test draft2019-09/optional/format/idn-hostname.json/0/0 ... ok
2026-10-09T01:33:08.2431424Z test draft2019-09/optional/format/idn-hostname.json/0/2 ... ok
2026-10-09T01:33:08.2431670Z test draft2019-09/optional/format/idn-hostname.json/0/3 ... ok
2026-10-09T01:33:08.2431917Z test draft2019-09/optional/format/idn-hostname.json/0/4 ... ok
2026-10-09T01:33:08.2432166Z test draft2019-09/optional/format/idn-hostname.json/0/5 ... ok
2026-10-09T01:33:08.2432409Z test draft2019-09/optional/format/idn-email.json/0/21 ... ok
2026-10-09T01:33:08.2432650Z test draft2019-09/optional/format/idn-hostname.json/0/6 ... ok
2026-10-09T01:33:08.2432899Z test draft2019-09/optional/format/idn-hostname.json/0/7 ... ok
2026-10-09T01:33:08.2433146Z test draft2019-09/optional/format/idn-hostname.json/0/8 ... ok
2026-10-09T01:33:08.2433390Z test draft2019-09/optional/format/idn-hostname.json/0/9 ... ok
2026-10-09T01:33:08.2433644Z test draft2019-09/optional/format/idn-hostname.json/0/11 ... ok
2026-10-09T01:33:08.2433899Z test draft2019-09/optional/format/idn-hostname.json/0/10 ... ok
2026-10-09T01:33:08.2434150Z test draft2019-09/optional/format/idn-hostname.json/0/13 ... ok
2026-10-09T01:33:08.2434400Z test draft2019-09/optional/format/idn-hostname.json/0/14 ... ok
2026-10-09T01:33:08.2434651Z test draft2019-09/optional/format/idn-hostname.json/0/15 ... ok
2026-10-09T01:33:08.2434902Z test draft2019-09/optional/format/idn-hostname.json/0/16 ... ok
2026-10-09T01:33:08.2435287Z test draft2019-09/optional/format/idn-hostname.json/0/17 ... ok
2026-10-09T01:33:08.2435536Z test draft2019-09/optional/format/idn-hostname.json/0/18 ... ok
2026-10-09T01:33:08.2435786Z test draft2019-09/optional/format/idn-hostname.json/0/19 ... ok
2026-10-09T01:33:08.2436036Z test draft2019-09/optional/format/idn-hostname.json/0/12 ... ok
2026-10-09T01:33:08.2436289Z test draft2019-09/optional/format/idn-hostname.json/0/20 ... ok
2026-10-09T01:33:08.2436543Z test draft2019-09/optional/format/idn-hostname.json/0/22 ... ok
2026-10-09T01:33:08.2436792Z test draft2019-09/optional/format/idn-hostname.json/0/21 ... ok
2026-10-09T01:33:08.2437045Z test draft2019-09/optional/format/idn-hostname.json/0/23 ... ok
2026-10-09T01:33:08.2437294Z test draft2019-09/optional/format/idn-hostname.json/0/25 ... ok
2026-10-09T01:33:08.2437542Z test draft2019-09/optional/format/idn-hostname.json/0/26 ... ok
2026-10-09T01:33:08.2437790Z test draft2019-09/optional/format/idn-hostname.json/0/24 ... ok
2026-10-09T01:33:08.2438039Z test draft2019-09/optional/format/idn-hostname.json/0/27 ... ok
2026-10-09T01:33:08.2438288Z test draft2019-09/optional/format/idn-hostname.json/0/28 ... ok
2026-10-09T01:33:08.2438541Z test draft2019-09/optional/format/idn-hostname.json/0/30 ... ok
2026-10-09T01:33:08.2438882Z test draft2019-09/optional/format/idn-hostname.json/0/31 ... ok
2026-10-09T01:33:08.2439133Z test draft2019-09/optional/format/idn-hostname.json/0/29 ... ok
2026-10-09T01:33:08.2439384Z test draft2019-09/optional/format/idn-hostname.json/0/33 ... ok
2026-10-09T01:33:08.2439633Z test draft2019-09/optional/format/idn-hostname.json/0/32 ... ok
2026-10-09T01:33:08.2439884Z test draft2019-09/optional/format/idn-hostname.json/0/34 ... ok
2026-10-09T01:33:08.2440132Z test draft2019-09/optional/format/idn-hostname.json/0/36 ... ok
2026-10-09T01:33:08.2440381Z test draft2019-09/optional/format/idn-hostname.json/0/35 ... ok
2026-10-09T01:33:08.2440630Z test draft2019-09/optional/format/idn-hostname.json/0/37 ... ok
2026-10-09T01:33:08.2440879Z test draft2019-09/optional/format/idn-hostname.json/0/38 ... ok
2026-10-09T01:33:08.2441127Z test draft2019-09/optional/format/idn-hostname.json/0/40 ... ok
2026-10-09T01:33:08.2441466Z test draft2019-09/optional/format/idn-hostname.json/0/39 ... ok
2026-10-09T01:33:08.2441717Z test draft2019-09/optional/format/idn-hostname.json/0/41 ... ok
2026-10-09T01:33:08.2441966Z test draft2019-09/optional/format/idn-hostname.json/0/42 ... ok
2026-10-09T01:33:08.2442213Z test draft2019-09/optional/format/idn-hostname.json/0/43 ... ok
2026-10-09T01:33:08.2442462Z test draft2019-09/optional/format/idn-hostname.json/0/44 ... ok
2026-10-09T01:33:08.2442712Z test draft2019-09/optional/format/idn-hostname.json/0/46 ... ok
2026-10-09T01:33:08.2442961Z test draft2019-09/optional/format/idn-hostname.json/0/47 ... ok
2026-10-09T01:33:08.2443208Z test draft2019-09/optional/format/idn-hostname.json/0/45 ... ok
2026-10-09T01:33:08.2443457Z test draft2019-09/optional/format/idn-hostname.json/0/48 ... ok
2026-10-09T01:33:08.2443706Z test draft2019-09/optional/format/idn-hostname.json/0/49 ... ok
2026-10-09T01:33:08.2443954Z test draft2019-09/optional/format/idn-hostname.json/0/50 ... ok
2026-10-09T01:33:08.2444201Z test draft2019-09/optional/format/idn-email.json/0/20 ... ok
2026-10-09T01:33:08.2444447Z test draft2019-09/optional/format/idn-hostname.json/0/54 ... ok
2026-10-09T01:33:08.2444694Z test draft2019-09/optional/format/idn-hostname.json/0/55 ... ok
2026-10-09T01:33:08.2445056Z test draft2019-09/optional/format/idn-hostname.json/0/56 ... ok
2026-10-09T01:33:08.2445309Z test draft2019-09/optional/format/idn-hostname.json/0/57 ... ok
2026-10-09T01:33:08.2445560Z test draft2019-09/optional/format/idn-hostname.json/0/51 ... ok
2026-10-09T01:33:08.2445809Z test draft2019-09/optional/format/idn-hostname.json/0/58 ... ok
2026-10-09T01:33:08.2446056Z test draft2019-09/optional/format/idn-hostname.json/0/59 ... ok
2026-10-09T01:33:08.2446304Z test draft2019-09/optional/format/idn-hostname.json/0/60 ... ok
2026-10-09T01:33:08.2446550Z test draft2019-09/optional/format/idn-hostname.json/0/61 ... ok
2026-10-09T01:33:08.2446799Z test draft2019-09/optional/format/idn-hostname.json/0/62 ... ok
2026-10-09T01:33:08.2447048Z test draft2019-09/optional/format/idn-hostname.json/0/63 ... ok
2026-10-09T01:33:08.2447298Z test draft2019-09/optional/format/idn-hostname.json/0/65 ... ok
2026-10-09T01:33:08.2447546Z test draft2019-09/optional/format/idn-hostname.json/0/64 ... ok
2026-10-09T01:33:08.2447794Z test draft2019-09/optional/format/idn-hostname.json/0/66 ... ok
2026-10-09T01:33:08.2448041Z test draft2019-09/optional/format/idn-hostname.json/0/68 ... ok
2026-10-09T01:33:08.2448292Z test draft2019-09/optional/format/idn-hostname.json/0/67 ... ok
2026-10-09T01:33:08.2448540Z test draft2019-09/optional/format/idn-hostname.json/0/69 ... ok
2026-10-09T01:33:08.2448787Z test draft2019-09/optional/format/idn-hostname.json/0/70 ... ok
2026-10-09T01:33:08.2449033Z test draft2019-09/optional/format/idn-hostname.json/0/71 ... ok
2026-10-09T01:33:08.2449280Z test draft2019-09/optional/format/idn-hostname.json/0/72 ... ok
2026-10-09T01:33:08.2449529Z test draft2019-09/optional/format/idn-hostname.json/0/74 ... ok
2026-10-09T01:33:08.2449779Z test draft2019-09/optional/format/idn-hostname.json/0/75 ... ok
2026-10-09T01:33:08.2450122Z test draft2019-09/optional/format/idn-hostname.json/0/76 ... ok
2026-10-09T01:33:08.2450369Z test draft2019-09/optional/format/idn-hostname.json/0/77 ... ok
2026-10-09T01:33:08.2450619Z test draft2019-09/optional/format/idn-hostname.json/1/0 ... ok
2026-10-09T01:33:08.2450868Z test draft2019-09/optional/format/idn-hostname.json/1/1 ... ok
2026-10-09T01:33:08.2451119Z test draft2019-09/optional/format/idn-hostname.json/1/2 ... ok
2026-10-09T01:33:08.2451365Z test draft2019-09/optional/format/idn-hostname.json/1/3 ... ok
2026-10-09T01:33:08.2451615Z test draft2019-09/optional/format/idn-hostname.json/0/73 ... ok
2026-10-09T01:33:08.2451863Z test draft2019-09/optional/format/idn-hostname.json/1/4 ... ok
2026-10-09T01:33:08.2452110Z test draft2019-09/optional/format/idn-hostname.json/1/6 ... ok
2026-10-09T01:33:08.2452358Z test draft2019-09/optional/format/idn-hostname.json/1/5 ... ok
2026-10-09T01:33:08.2452682Z test draft2019-09/optional/format/idn-hostname.json/1/7 ... ok
2026-10-09T01:33:08.2452931Z test draft2019-09/optional/format/idn-hostname.json/1/8 ... ok
2026-10-09T01:33:08.2453176Z test draft2019-09/optional/format/idn-hostname.json/1/9 ... ok
2026-10-09T01:33:08.2453424Z test draft2019-09/optional/format/idn-hostname.json/1/10 ... ok
2026-10-09T01:33:08.2453676Z test draft2019-09/optional/format/idn-hostname.json/1/12 ... ok
2026-10-09T01:33:08.2453927Z test draft2019-09/optional/format/idn-hostname.json/1/11 ... ok
2026-10-09T01:33:08.2454178Z test draft2019-09/optional/format/idn-hostname.json/1/13 ... ok
2026-10-09T01:33:08.2454428Z test draft2019-09/optional/format/idn-hostname.json/1/14 ... ok
2026-10-09T01:33:08.2454677Z test draft2019-09/optional/format/idn-hostname.json/1/15 ... ok
2026-10-09T01:33:08.2454925Z test draft2019-09/optional/format/idn-hostname.json/1/17 ... ok
2026-10-09T01:33:08.2455304Z test draft2019-09/optional/format/idn-hostname.json/1/16 ... ok
2026-10-09T01:33:08.2455555Z test draft2019-09/optional/format/idn-hostname.json/1/18 ... ok
2026-10-09T01:33:08.2455805Z test draft2019-09/optional/format/idn-hostname.json/1/19 ... ok
2026-10-09T01:33:08.2456042Z test draft2019-09/optional/format/ipv4.json/0/0 ... ok
2026-10-09T01:33:08.2456264Z test draft2019-09/optional/format/ipv4.json/0/1 ... ok
2026-10-09T01:33:08.2456481Z test draft2019-09/optional/format/ipv4.json/0/3 ... ok
2026-10-09T01:33:08.2456700Z test draft2019-09/optional/format/ipv4.json/0/2 ... ok
2026-10-09T01:33:08.2456914Z test draft2019-09/optional/format/ipv4.json/0/4 ... ok
2026-10-09T01:33:08.2457130Z test draft2019-09/optional/format/ipv4.json/0/5 ... ok
2026-10-09T01:33:08.2457351Z test draft2019-09/optional/format/ipv4.json/0/6 ... ok
2026-10-09T01:33:08.2457568Z test draft2019-09/optional/format/ipv4.json/0/7 ... ok
2026-10-09T01:33:08.2457782Z test draft2019-09/optional/format/ipv4.json/0/8 ... ok
2026-10-09T01:33:08.2458003Z test draft2019-09/optional/format/ipv4.json/0/10 ... ok
2026-10-09T01:33:08.2458221Z test draft2019-09/optional/format/ipv4.json/0/9 ... ok
2026-10-09T01:33:08.2458447Z test draft2019-09/optional/format/ipv4.json/0/11 ... ok
2026-10-09T01:33:08.2458664Z test draft2019-09/optional/format/ipv4.json/0/12 ... ok
2026-10-09T01:33:08.2458885Z test draft2019-09/optional/format/ipv4.json/0/14 ... ok
2026-10-09T01:33:08.2459103Z test draft2019-09/optional/format/ipv4.json/0/13 ... ok
2026-10-09T01:33:08.2459317Z test draft2019-09/optional/format/ipv4.json/0/16 ... ok
2026-10-09T01:33:08.2459531Z test draft2019-09/optional/format/ipv4.json/0/15 ... ok
2026-10-09T01:33:08.2459745Z test draft2019-09/optional/format/ipv4.json/0/18 ... ok
2026-10-09T01:33:08.2459958Z test draft2019-09/optional/format/ipv4.json/0/17 ... ok
2026-10-09T01:33:08.2460173Z test draft2019-09/optional/format/ipv4.json/0/20 ... ok
2026-10-09T01:33:08.2460276Z test draft2019-09/optional/format/ipv4.json/0/19 ... ok
2026-10-09T01:33:08.2460378Z test draft2019-09/optional/format/ipv4.json/0/21 ... ok
2026-10-09T01:33:08.2460482Z test draft2019-09/optional/format/ipv4.json/0/22 ... ok
2026-10-09T01:33:08.2461266Z [1m[92m     Running[0m tests/suite_draft7.rs (target/debug/build/purrdf-jsonschema/ad866dc08dd2b6cd/out/suite_draft7-ad866dc08dd2b6cd)
2026-10-09T01:33:08.2461373Z test draft2019-09/optional/format/ipv4.json/0/24 ... ok
2026-10-09T01:33:08.2461474Z test draft2019-09/optional/format/ipv4.json/0/23 ... ok
2026-10-09T01:33:08.2461575Z test draft2019-09/optional/format/ipv4.json/0/25 ... ok
2026-10-09T01:33:08.2461677Z test draft2019-09/optional/format/ipv4.json/0/26 ... ok
2026-10-09T01:33:08.2461778Z test draft2019-09/optional/format/ipv4.json/0/27 ... ok
2026-10-09T01:33:08.2461879Z test draft2019-09/optional/format/ipv4.json/0/28 ... ok
2026-10-09T01:33:08.2461980Z test draft2019-09/optional/format/ipv4.json/0/29 ... ok
2026-10-09T01:33:08.2462080Z test draft2019-09/optional/format/ipv4.json/0/30 ... ok
2026-10-09T01:33:08.2462181Z test draft2019-09/optional/format/ipv4.json/0/31 ... ok
2026-10-09T01:33:08.2462358Z test draft2019-09/optional/format/ipv4.json/0/32 ... ok
2026-10-09T01:33:08.2462460Z test draft2019-09/optional/format/ipv4.json/0/33 ... ok
2026-10-09T01:33:08.2462565Z test draft2019-09/optional/format/ipv4.json/0/34 ... ok
2026-10-09T01:33:08.2462665Z test draft2019-09/optional/format/ipv4.json/0/35 ... ok
2026-10-09T01:33:08.2462766Z test draft2019-09/optional/format/ipv4.json/0/36 ... ok
2026-10-09T01:33:08.2462868Z test draft2019-09/optional/format/ipv4.json/0/37 ... ok
2026-10-09T01:33:08.2462967Z test draft2019-09/optional/format/ipv4.json/0/39 ... ok
2026-10-09T01:33:08.2463070Z test draft2019-09/optional/format/ipv4.json/0/38 ... ok
2026-10-09T01:33:08.2463171Z test draft2019-09/optional/format/ipv4.json/0/40 ... ok
2026-10-09T01:33:08.2463272Z test draft2019-09/optional/format/ipv6.json/0/0 ... ok
2026-10-09T01:33:08.2463375Z test draft2019-09/optional/format/ipv6.json/0/2 ... ok
2026-10-09T01:33:08.2463475Z test draft2019-09/optional/format/ipv6.json/0/1 ... ok
2026-10-09T01:33:08.2463578Z test draft2019-09/optional/format/ipv6.json/0/4 ... ok
2026-10-09T01:33:08.2463706Z test draft2019-09/optional/format/ipv6.json/0/3 ... ok
2026-10-09T01:33:08.2463808Z test draft2019-09/optional/format/ipv6.json/0/5 ... ok
2026-10-09T01:33:08.2463908Z test draft2019-09/optional/format/ipv6.json/0/6 ... ok
2026-10-09T01:33:08.2464009Z test draft2019-09/optional/format/ipv6.json/0/7 ... ok
2026-10-09T01:33:08.2464107Z test draft2019-09/optional/format/ipv6.json/0/9 ... ok
2026-10-09T01:33:08.2464208Z test draft2019-09/optional/format/ipv6.json/0/8 ... ok
2026-10-09T01:33:08.2464311Z test draft2019-09/optional/format/ipv6.json/0/11 ... ok
2026-10-09T01:33:08.2464412Z test draft2019-09/optional/format/ipv6.json/0/10 ... ok
2026-10-09T01:33:08.2464515Z test draft2019-09/optional/format/ipv6.json/0/12 ... ok
2026-10-09T01:33:08.2464616Z test draft2019-09/optional/format/ipv6.json/0/13 ... ok
2026-10-09T01:33:08.2464716Z test draft2019-09/optional/format/ipv6.json/0/14 ... ok
2026-10-09T01:33:08.2464819Z test draft2019-09/optional/format/ipv6.json/0/15 ... ok
2026-10-09T01:33:08.2464918Z test draft2019-09/optional/format/ipv6.json/0/16 ... ok
2026-10-09T01:33:08.2465166Z test draft2019-09/optional/format/ipv6.json/0/17 ... ok
2026-10-09T01:33:08.2465269Z test draft2019-09/optional/format/ipv6.json/0/19 ... ok
2026-10-09T01:33:08.2465369Z test draft2019-09/optional/format/ipv6.json/0/18 ... ok
2026-10-09T01:33:08.2465470Z test draft2019-09/optional/format/ipv6.json/0/20 ... ok
2026-10-09T01:33:08.2465571Z test draft2019-09/optional/format/ipv6.json/0/21 ... ok
2026-10-09T01:33:08.2465671Z test draft2019-09/optional/format/ipv6.json/0/22 ... ok
2026-10-09T01:33:08.2465774Z test draft2019-09/optional/format/ipv6.json/0/23 ... ok
2026-10-09T01:33:08.2465876Z test draft2019-09/optional/format/ipv6.json/0/24 ... ok
2026-10-09T01:33:08.2465976Z test draft2019-09/optional/format/ipv6.json/0/25 ... ok
2026-10-09T01:33:08.2466077Z test draft2019-09/optional/format/ipv6.json/0/26 ... ok
2026-10-09T01:33:08.2466177Z test draft2019-09/optional/format/ipv6.json/0/27 ... ok
2026-10-09T01:33:08.2466282Z test draft2019-09/optional/format/ipv6.json/0/29 ... ok
2026-10-09T01:33:08.2466470Z test draft2019-09/optional/format/ipv6.json/0/28 ... ok
2026-10-09T01:33:08.2466570Z test draft2019-09/optional/format/ipv6.json/0/30 ... ok
2026-10-09T01:33:08.2466672Z test draft2019-09/optional/format/ipv6.json/0/31 ... ok
2026-10-09T01:33:08.2466775Z test draft2019-09/optional/format/ipv6.json/0/32 ... ok
2026-10-09T01:33:08.2466874Z test draft2019-09/optional/format/ipv6.json/0/33 ... ok
2026-10-09T01:33:08.2466976Z test draft2019-09/optional/format/ipv6.json/0/34 ... ok
2026-10-09T01:33:08.2467078Z test draft2019-09/optional/format/ipv6.json/0/35 ... ok
2026-10-09T01:33:08.2467177Z test draft2019-09/optional/format/ipv6.json/0/36 ... ok
2026-10-09T01:33:08.2467278Z test draft2019-09/optional/format/ipv6.json/0/37 ... ok
2026-10-09T01:33:08.2467378Z test draft2019-09/optional/format/ipv6.json/0/38 ... ok
2026-10-09T01:33:08.2467481Z test draft2019-09/optional/format/ipv6.json/0/40 ... ok
2026-10-09T01:33:08.2467660Z test draft2019-09/optional/format/ipv6.json/0/39 ... ok
2026-10-09T01:33:08.2467763Z test draft2019-09/optional/format/ipv6.json/0/42 ... ok
2026-10-09T01:33:08.2467864Z test draft2019-09/optional/format/ipv6.json/0/41 ... ok
2026-10-09T01:33:08.2467965Z test draft2019-09/optional/format/ipv6.json/0/43 ... ok
2026-10-09T01:33:08.2468065Z test draft2019-09/optional/format/ipv6.json/0/44 ... ok
2026-10-09T01:33:08.2468166Z test draft2019-09/optional/format/ipv6.json/0/46 ... ok
2026-10-09T01:33:08.2468267Z test draft2019-09/optional/format/ipv6.json/0/45 ... ok
2026-10-09T01:33:08.2468366Z test draft2019-09/optional/format/ipv6.json/0/48 ... ok
2026-10-09T01:33:08.2468467Z test draft2019-09/optional/format/ipv6.json/0/47 ... ok
2026-10-09T01:33:08.2468568Z test draft2019-09/optional/format/ipv6.json/0/49 ... ok
2026-10-09T01:33:08.2468695Z test draft2019-09/optional/format/iri-reference.json/0/0 ... ok
2026-10-09T01:33:08.2468799Z test draft2019-09/optional/format/ipv6.json/0/50 ... ok
2026-10-09T01:33:08.2468923Z test draft2019-09/optional/format/iri-reference.json/0/1 ... ok
2026-10-09T01:33:08.2469048Z test draft2019-09/optional/format/iri-reference.json/0/2 ... ok
2026-10-09T01:33:08.2469171Z test draft2019-09/optional/format/iri-reference.json/0/4 ... ok
2026-10-09T01:33:08.2469290Z test draft2019-09/optional/format/iri-reference.json/0/3 ... ok
2026-10-09T01:33:08.2469411Z test draft2019-09/optional/format/iri-reference.json/0/5 ... ok
2026-10-09T01:33:08.2469531Z test draft2019-09/optional/format/iri-reference.json/0/7 ... ok
2026-10-09T01:33:08.2469649Z test draft2019-09/optional/format/iri-reference.json/0/6 ... ok
2026-10-09T01:33:08.2469769Z test draft2019-09/optional/format/iri-reference.json/0/8 ... ok
2026-10-09T01:33:08.2469890Z test draft2019-09/optional/format/iri-reference.json/0/9 ... ok
2026-10-09T01:33:08.2470013Z test draft2019-09/optional/format/iri-reference.json/0/11 ... ok
2026-10-09T01:33:08.2470137Z test draft2019-09/optional/format/iri-reference.json/0/10 ... ok
2026-10-09T01:33:08.2470263Z test draft2019-09/optional/format/iri-reference.json/0/12 ... ok
2026-10-09T01:33:08.2470385Z test draft2019-09/optional/format/iri-reference.json/0/13 ... ok
2026-10-09T01:33:08.2470506Z test draft2019-09/optional/format/iri-reference.json/0/15 ... ok
2026-10-09T01:33:08.2470626Z test draft2019-09/optional/format/iri-reference.json/0/14 ... ok
2026-10-09T01:33:08.2470747Z test draft2019-09/optional/format/iri-reference.json/0/16 ... ok
2026-10-09T01:33:08.2470869Z test draft2019-09/optional/format/iri-reference.json/0/18 ... ok
2026-10-09T01:33:08.2470989Z test draft2019-09/optional/format/iri-reference.json/0/17 ... ok
2026-10-09T01:33:08.2471110Z test draft2019-09/optional/format/iri-reference.json/0/20 ... ok
2026-10-09T01:33:08.2471231Z test draft2019-09/optional/format/iri-reference.json/0/19 ... ok
2026-10-09T01:33:08.2471333Z test draft2019-09/optional/format/iri.json/0/0 ... ok
2026-10-09T01:33:08.2471437Z test draft2019-09/optional/format/iri.json/0/1 ... ok
2026-10-09T01:33:08.2471540Z test draft2019-09/optional/format/iri.json/0/2 ... ok
2026-10-09T01:33:08.2471694Z test draft2019-09/optional/format/iri.json/0/3 ... ok
2026-10-09T01:33:08.2471796Z test draft2019-09/optional/format/iri.json/0/5 ... ok
2026-10-09T01:33:08.2471895Z test draft2019-09/optional/format/iri.json/0/4 ... ok
2026-10-09T01:33:08.2471991Z test draft2019-09/optional/format/iri.json/0/6 ... ok
2026-10-09T01:33:08.2472090Z test draft2019-09/optional/format/iri.json/0/7 ... ok
2026-10-09T01:33:08.2472187Z test draft2019-09/optional/format/iri.json/0/8 ... ok
2026-10-09T01:33:08.2472286Z test draft2019-09/optional/format/iri.json/0/9 ... ok
2026-10-09T01:33:08.2472391Z test draft2019-09/optional/format/iri.json/0/10 ... ok
2026-10-09T01:33:08.2472492Z test draft2019-09/optional/format/iri.json/0/11 ... ok
2026-10-09T01:33:08.2472594Z test draft2019-09/optional/format/iri.json/0/13 ... ok
2026-10-09T01:33:08.2472695Z test draft2019-09/optional/format/iri.json/0/12 ... ok
2026-10-09T01:33:08.2472883Z test draft2019-09/optional/format/iri.json/0/15 ... ok
2026-10-09T01:33:08.2472987Z test draft2019-09/optional/format/iri.json/0/14 ... ok
2026-10-09T01:33:08.2473087Z test draft2019-09/optional/format/iri.json/0/16 ... ok
2026-10-09T01:33:08.2473186Z test draft2019-09/optional/format/iri.json/0/17 ... ok
2026-10-09T01:33:08.2473287Z test draft2019-09/optional/format/iri.json/0/18 ... ok
2026-10-09T01:33:08.2473385Z test draft2019-09/optional/format/iri.json/0/19 ... ok
2026-10-09T01:33:08.2473485Z test draft2019-09/optional/format/iri.json/0/20 ... ok
2026-10-09T01:33:08.2473586Z test draft2019-09/optional/format/iri.json/0/21 ... ok
2026-10-09T01:33:08.2473684Z test draft2019-09/optional/format/iri.json/0/23 ... ok
2026-10-09T01:33:08.2473785Z test draft2019-09/optional/format/iri.json/0/22 ... ok
2026-10-09T01:33:08.2473888Z test draft2019-09/optional/format/iri.json/0/25 ... ok
2026-10-09T01:33:08.2474011Z test draft2019-09/optional/format/json-pointer.json/0/0 ... ok
2026-10-09T01:33:08.2474114Z test draft2019-09/optional/format/iri.json/0/24 ... ok
2026-10-09T01:33:08.2474239Z test draft2019-09/optional/format/json-pointer.json/0/1 ... ok
2026-10-09T01:33:08.2474359Z test draft2019-09/optional/format/json-pointer.json/0/2 ... ok
2026-10-09T01:33:08.2474480Z test draft2019-09/optional/format/json-pointer.json/0/3 ... ok
2026-10-09T01:33:08.2474598Z test draft2019-09/optional/format/json-pointer.json/0/4 ... ok
2026-10-09T01:33:08.2474718Z test draft2019-09/optional/format/json-pointer.json/0/5 ... ok
2026-10-09T01:33:08.2474836Z test draft2019-09/optional/format/json-pointer.json/0/6 ... ok
2026-10-09T01:33:08.2475080Z test draft2019-09/optional/format/json-pointer.json/0/7 ... ok
2026-10-09T01:33:08.2475209Z test draft2019-09/optional/format/json-pointer.json/0/8 ... ok
2026-10-09T01:33:08.2475328Z test draft2019-09/optional/format/json-pointer.json/0/9 ... ok
2026-10-09T01:33:08.2475449Z test draft2019-09/optional/format/json-pointer.json/0/10 ... ok
2026-10-09T01:33:08.2475574Z test draft2019-09/optional/format/json-pointer.json/0/11 ... ok
2026-10-09T01:33:08.2475697Z test draft2019-09/optional/format/json-pointer.json/0/13 ... ok
2026-10-09T01:33:08.2475816Z test draft2019-09/optional/format/json-pointer.json/0/12 ... ok
2026-10-09T01:33:08.2475937Z test draft2019-09/optional/format/json-pointer.json/0/14 ... ok
2026-10-09T01:33:08.2476059Z test draft2019-09/optional/format/json-pointer.json/0/15 ... ok
2026-10-09T01:33:08.2476177Z test draft2019-09/optional/format/json-pointer.json/0/17 ... ok
2026-10-09T01:33:08.2476297Z test draft2019-09/optional/format/json-pointer.json/0/16 ... ok
2026-10-09T01:33:08.2476415Z test draft2019-09/optional/format/json-pointer.json/0/18 ... ok
2026-10-09T01:33:08.2476535Z test draft2019-09/optional/format/json-pointer.json/0/19 ... ok
2026-10-09T01:33:08.2476654Z test draft2019-09/optional/format/json-pointer.json/0/20 ... ok
2026-10-09T01:33:08.2476772Z test draft2019-09/optional/format/json-pointer.json/0/21 ... ok
2026-10-09T01:33:08.2476895Z test draft2019-09/optional/format/json-pointer.json/0/23 ... ok
2026-10-09T01:33:08.2477103Z test draft2019-09/optional/format/json-pointer.json/0/22 ... ok
2026-10-09T01:33:08.2477222Z test draft2019-09/optional/format/json-pointer.json/0/25 ... ok
2026-10-09T01:33:08.2477342Z test draft2019-09/optional/format/json-pointer.json/0/24 ... ok
2026-10-09T01:33:08.2477465Z test draft2019-09/optional/format/json-pointer.json/0/26 ... ok
2026-10-09T01:33:08.2477584Z test draft2019-09/optional/format/json-pointer.json/0/28 ... ok
2026-10-09T01:33:08.2477705Z test draft2019-09/optional/format/json-pointer.json/0/27 ... ok
2026-10-09T01:33:08.2477827Z test draft2019-09/optional/format/json-pointer.json/0/29 ... ok
2026-10-09T01:33:08.2477945Z test draft2019-09/optional/format/json-pointer.json/0/30 ... ok
2026-10-09T01:33:08.2478066Z test draft2019-09/optional/format/json-pointer.json/0/32 ... ok
2026-10-09T01:33:08.2478184Z test draft2019-09/optional/format/json-pointer.json/0/31 ... ok
2026-10-09T01:33:08.2478383Z test draft2019-09/optional/format/json-pointer.json/0/33 ... ok
2026-10-09T01:33:08.2478508Z test draft2019-09/optional/format/json-pointer.json/0/34 ... ok
2026-10-09T01:33:08.2478628Z test draft2019-09/optional/format/json-pointer.json/0/35 ... ok
2026-10-09T01:33:08.2478748Z test draft2019-09/optional/format/json-pointer.json/0/37 ... ok
2026-10-09T01:33:08.2478869Z test draft2019-09/optional/format/json-pointer.json/0/36 ... ok
2026-10-09T01:33:08.2478987Z test draft2019-09/optional/format/json-pointer.json/0/39 ... ok
2026-10-09T01:33:08.2479095Z test draft2019-09/optional/format/regex.json/0/0 ... ok
2026-10-09T01:33:08.2479215Z test draft2019-09/optional/format/json-pointer.json/0/38 ... ok
2026-10-09T01:33:08.2479320Z test draft2019-09/optional/format/regex.json/0/1 ... ok
2026-10-09T01:33:08.2479427Z test draft2019-09/optional/format/regex.json/0/2 ... ok
2026-10-09T01:33:08.2479532Z test draft2019-09/optional/format/regex.json/0/3 ... ok
2026-10-09T01:33:08.2479635Z test draft2019-09/optional/format/regex.json/0/4 ... ok
2026-10-09T01:33:08.2479741Z test draft2019-09/optional/format/regex.json/0/5 ... ok
2026-10-09T01:33:08.2479844Z test draft2019-09/optional/format/regex.json/0/6 ... ok
2026-10-09T01:33:08.2479996Z test draft2019-09/optional/format/relative-json-pointer.json/0/0 ... ok
2026-10-09T01:33:08.2480100Z test draft2019-09/optional/format/regex.json/0/7 ... ok
2026-10-09T01:33:08.2480245Z test draft2019-09/optional/format/relative-json-pointer.json/0/1 ... ok
2026-10-09T01:33:08.2480388Z test draft2019-09/optional/format/relative-json-pointer.json/0/3 ... ok
2026-10-09T01:33:08.2480530Z test draft2019-09/optional/format/relative-json-pointer.json/0/2 ... ok
2026-10-09T01:33:08.2480668Z test draft2019-09/optional/format/relative-json-pointer.json/0/4 ... ok
2026-10-09T01:33:08.2480807Z test draft2019-09/optional/format/relative-json-pointer.json/0/5 ... ok
2026-10-09T01:33:08.2480944Z test draft2019-09/optional/format/relative-json-pointer.json/0/6 ... ok
2026-10-09T01:33:08.2481082Z test draft2019-09/optional/format/relative-json-pointer.json/0/7 ... ok
2026-10-09T01:33:08.2481222Z test draft2019-09/optional/format/relative-json-pointer.json/0/8 ... ok
2026-10-09T01:33:08.2481360Z test draft2019-09/optional/format/relative-json-pointer.json/0/9 ... ok
2026-10-09T01:33:08.2481502Z test draft2019-09/optional/format/relative-json-pointer.json/0/10 ... ok
2026-10-09T01:33:08.2481645Z test draft2019-09/optional/format/relative-json-pointer.json/0/11 ... ok
2026-10-09T01:33:08.2481787Z test draft2019-09/optional/format/relative-json-pointer.json/0/12 ... ok
2026-10-09T01:33:08.2481927Z test draft2019-09/optional/format/relative-json-pointer.json/0/13 ... ok
2026-10-09T01:33:08.2482066Z test draft2019-09/optional/format/relative-json-pointer.json/0/14 ... ok
2026-10-09T01:33:08.2482204Z test draft2019-09/optional/format/relative-json-pointer.json/0/15 ... ok
2026-10-09T01:33:08.2482345Z test draft2019-09/optional/format/relative-json-pointer.json/0/16 ... ok
2026-10-09T01:33:08.2482488Z test draft2019-09/optional/format/relative-json-pointer.json/0/17 ... ok
2026-10-09T01:33:08.2482626Z test draft2019-09/optional/format/relative-json-pointer.json/0/18 ... ok
2026-10-09T01:33:08.2482823Z test draft2019-09/optional/format/relative-json-pointer.json/0/19 ... ok
2026-10-09T01:33:08.2482965Z test draft2019-09/optional/format/relative-json-pointer.json/0/20 ... ok
2026-10-09T01:33:08.2483103Z test draft2019-09/optional/format/relative-json-pointer.json/0/21 ... ok
2026-10-09T01:33:08.2483244Z test draft2019-09/optional/format/relative-json-pointer.json/0/23 ... ok
2026-10-09T01:33:08.2483386Z test draft2019-09/optional/format/relative-json-pointer.json/0/22 ... ok
2026-10-09T01:33:08.2483524Z test draft2019-09/optional/format/relative-json-pointer.json/0/25 ... ok
2026-10-09T01:33:08.2483630Z test draft2019-09/optional/format/time.json/0/0 ... ok
2026-10-09T01:33:08.2483772Z test draft2019-09/optional/format/relative-json-pointer.json/0/24 ... ok
2026-10-09T01:33:08.2483874Z test draft2019-09/optional/format/time.json/0/1 ... ok
2026-10-09T01:33:08.2484032Z test draft2019-09/optional/format/time.json/0/2 ... ok
2026-10-09T01:33:08.2484137Z test draft2019-09/optional/format/time.json/0/3 ... ok
2026-10-09T01:33:08.2484240Z test draft2019-09/optional/format/time.json/0/4 ... ok
2026-10-09T01:33:08.2484342Z test draft2019-09/optional/format/time.json/0/5 ... ok
2026-10-09T01:33:08.2484441Z test draft2019-09/optional/format/time.json/0/7 ... ok
2026-10-09T01:33:08.2484543Z test draft2019-09/optional/format/time.json/0/6 ... ok
2026-10-09T01:33:08.2484644Z test draft2019-09/optional/format/time.json/0/9 ... ok
2026-10-09T01:33:08.2484743Z test draft2019-09/optional/format/time.json/0/8 ... ok
2026-10-09T01:33:08.2484848Z test draft2019-09/optional/format/time.json/0/11 ... ok
2026-10-09T01:33:08.2485068Z test draft2019-09/optional/format/time.json/0/10 ... ok
2026-10-09T01:33:08.2485172Z test draft2019-09/optional/format/time.json/0/12 ... ok
2026-10-09T01:33:08.2485276Z test draft2019-09/optional/format/time.json/0/14 ... ok
2026-10-09T01:33:08.2485381Z test draft2019-09/optional/format/time.json/0/13 ... ok
2026-10-09T01:33:08.2485483Z test draft2019-09/optional/format/time.json/0/16 ... ok
2026-10-09T01:33:08.2485586Z test draft2019-09/optional/format/time.json/0/15 ... ok
2026-10-09T01:33:08.2485686Z test draft2019-09/optional/format/time.json/0/18 ... ok
2026-10-09T01:33:08.2485790Z test draft2019-09/optional/format/time.json/0/17 ... ok
2026-10-09T01:33:08.2485892Z test draft2019-09/optional/format/time.json/0/20 ... ok
2026-10-09T01:33:08.2485992Z test draft2019-09/optional/format/time.json/0/19 ... ok
2026-10-09T01:33:08.2486093Z test draft2019-09/optional/format/time.json/0/22 ... ok
2026-10-09T01:33:08.2486195Z test draft2019-09/optional/format/time.json/0/21 ... ok
2026-10-09T01:33:08.2486295Z test draft2019-09/optional/format/time.json/0/24 ... ok
2026-10-09T01:33:08.2486396Z test draft2019-09/optional/format/time.json/0/23 ... ok
2026-10-09T01:33:08.2486498Z test draft2019-09/optional/format/time.json/0/25 ... ok
2026-10-09T01:33:08.2486599Z test draft2019-09/optional/format/time.json/0/26 ... ok
2026-10-09T01:33:08.2486703Z test draft2019-09/optional/format/time.json/0/27 ... ok
2026-10-09T01:33:08.2486803Z test draft2019-09/optional/format/time.json/0/28 ... ok
2026-10-09T01:33:08.2486904Z test draft2019-09/optional/format/time.json/0/29 ... ok
2026-10-09T01:33:08.2487008Z test draft2019-09/optional/format/time.json/0/30 ... ok
2026-10-09T01:33:08.2487107Z test draft2019-09/optional/format/time.json/0/32 ... ok
2026-10-09T01:33:08.2487208Z test draft2019-09/optional/format/time.json/0/31 ... ok
2026-10-09T01:33:08.2487311Z test draft2019-09/optional/format/time.json/0/34 ... ok
2026-10-09T01:33:08.2487410Z test draft2019-09/optional/format/time.json/0/33 ... ok
2026-10-09T01:33:08.2487512Z test draft2019-09/optional/format/time.json/0/36 ... ok
2026-10-09T01:33:08.2487614Z test draft2019-09/optional/format/time.json/0/35 ... ok
2026-10-09T01:33:08.2487714Z test draft2019-09/optional/format/time.json/0/37 ... ok
2026-10-09T01:33:08.2487819Z test draft2019-09/optional/format/time.json/0/38 ... ok
2026-10-09T01:33:08.2488010Z test draft2019-09/optional/format/time.json/0/39 ... ok
2026-10-09T01:33:08.2488113Z test draft2019-09/optional/format/time.json/0/40 ... ok
2026-10-09T01:33:08.2488215Z test draft2019-09/optional/format/time.json/0/42 ... ok
2026-10-09T01:33:08.2488315Z test draft2019-09/optional/format/time.json/0/41 ... ok
2026-10-09T01:33:08.2488418Z test draft2019-09/optional/format/time.json/0/43 ... ok
2026-10-09T01:33:08.2488520Z test draft2019-09/optional/format/time.json/0/44 ... ok
2026-10-09T01:33:08.2488622Z test draft2019-09/optional/format/time.json/0/45 ... ok
2026-10-09T01:33:08.2488724Z test draft2019-09/optional/format/time.json/0/46 ... ok
2026-10-09T01:33:08.2488826Z test draft2019-09/optional/format/time.json/0/47 ... ok
2026-10-09T01:33:08.2488928Z test draft2019-09/optional/format/time.json/0/48 ... ok
2026-10-09T01:33:08.2489031Z test draft2019-09/optional/format/time.json/0/49 ... ok
2026-10-09T01:33:08.2489211Z test draft2019-09/optional/format/time.json/0/50 ... ok
2026-10-09T01:33:08.2489315Z test draft2019-09/optional/format/time.json/0/51 ... ok
2026-10-09T01:33:08.2489417Z test draft2019-09/optional/format/time.json/0/52 ... ok
2026-10-09T01:33:08.2489518Z test draft2019-09/optional/format/time.json/0/54 ... ok
2026-10-09T01:33:08.2489622Z test draft2019-09/optional/format/time.json/0/53 ... ok
2026-10-09T01:33:08.2489734Z test draft2019-09/optional/format/unknown.json/0/0 ... ok
2026-10-09T01:33:08.2489844Z test draft2019-09/optional/format/unknown.json/0/1 ... ok
2026-10-09T01:33:08.2489953Z test draft2019-09/optional/format/unknown.json/0/3 ... ok
2026-10-09T01:33:08.2490062Z test draft2019-09/optional/format/unknown.json/0/2 ... ok
2026-10-09T01:33:08.2490167Z test draft2019-09/optional/format/unknown.json/0/5 ... ok
2026-10-09T01:33:08.2490274Z test draft2019-09/optional/format/unknown.json/0/4 ... ok
2026-10-09T01:33:08.2490381Z test draft2019-09/optional/format/unknown.json/0/6 ... ok
2026-10-09T01:33:08.2490507Z test draft2019-09/optional/format/uri-reference.json/0/0 ... ok
2026-10-09T01:33:08.2490633Z test draft2019-09/optional/format/uri-reference.json/0/1 ... ok
2026-10-09T01:33:08.2490755Z test draft2019-09/optional/format/uri-reference.json/0/2 ... ok
2026-10-09T01:33:08.2490877Z test draft2019-09/optional/format/uri-reference.json/0/3 ... ok
2026-10-09T01:33:08.2490997Z test draft2019-09/optional/format/uri-reference.json/0/4 ... ok
2026-10-09T01:33:08.2491117Z test draft2019-09/optional/format/uri-reference.json/0/6 ... ok
2026-10-09T01:33:08.2491238Z test draft2019-09/optional/format/idn-hostname.json/0/53 ... ok
2026-10-09T01:33:08.2491358Z test draft2019-09/optional/format/idn-hostname.json/0/52 ... ok
2026-10-09T01:33:08.2491476Z test draft2019-09/optional/format/uri-reference.json/0/8 ... ok
2026-10-09T01:33:08.2491599Z test draft2019-09/optional/format/uri-reference.json/0/9 ... ok
2026-10-09T01:33:08.2491724Z test draft2019-09/optional/format/uri-reference.json/0/10 ... ok
2026-10-09T01:33:08.2491849Z test draft2019-09/optional/format/uri-reference.json/0/11 ... ok
2026-10-09T01:33:08.2491974Z test draft2019-09/optional/format/uri-reference.json/0/12 ... ok
2026-10-09T01:33:08.2492097Z test draft2019-09/optional/format/uri-reference.json/0/13 ... ok
2026-10-09T01:33:08.2492218Z test draft2019-09/optional/format/uri-reference.json/0/14 ... ok
2026-10-09T01:33:08.2492340Z test draft2019-09/optional/format/uri-reference.json/0/5 ... ok
2026-10-09T01:33:08.2492461Z test draft2019-09/optional/format/uri-reference.json/0/16 ... ok
2026-10-09T01:33:08.2492583Z test draft2019-09/optional/format/uri-reference.json/0/17 ... ok
2026-10-09T01:33:08.2492705Z test draft2019-09/optional/format/uri-reference.json/0/15 ... ok
2026-10-09T01:33:08.2492825Z test draft2019-09/optional/format/uri-reference.json/0/18 ... ok
2026-10-09T01:33:08.2492947Z test draft2019-09/optional/format/uri-reference.json/0/19 ... ok
2026-10-09T01:33:08.2493068Z test draft2019-09/optional/format/uri-reference.json/0/20 ... ok
2026-10-09T01:33:08.2493190Z test draft2019-09/optional/format/uri-reference.json/0/22 ... ok
2026-10-09T01:33:08.2493371Z test draft2019-09/optional/format/uri-reference.json/0/23 ... ok
2026-10-09T01:33:08.2493493Z test draft2019-09/optional/format/uri-reference.json/0/21 ... ok
2026-10-09T01:33:08.2493613Z test draft2019-09/optional/format/uri-reference.json/0/24 ... ok
2026-10-09T01:33:08.2493736Z test draft2019-09/optional/format/uri-reference.json/0/25 ... ok
2026-10-09T01:33:08.2493858Z test draft2019-09/optional/format/uri-reference.json/0/28 ... ok
2026-10-09T01:33:08.2493977Z test draft2019-09/optional/format/uri-reference.json/0/26 ... ok
2026-10-09T01:33:08.2494100Z test draft2019-09/optional/format/uri-reference.json/0/29 ... ok
2026-10-09T01:33:08.2494220Z test draft2019-09/optional/format/uri-reference.json/0/30 ... ok
2026-10-09T01:33:08.2494344Z test draft2019-09/optional/format/uri-template.json/0/0 ... ok
2026-10-09T01:33:08.2494466Z test draft2019-09/optional/format/uri-reference.json/0/27 ... ok
2026-10-09T01:33:08.2494642Z test draft2019-09/optional/format/uri-template.json/0/2 ... ok
2026-10-09T01:33:08.2494767Z test draft2019-09/optional/format/uri-template.json/0/4 ... ok
2026-10-09T01:33:08.2494890Z test draft2019-09/optional/format/uri-template.json/0/1 ... ok
2026-10-09T01:33:08.2495128Z test draft2019-09/optional/format/uri-template.json/0/3 ... ok
2026-10-09T01:33:08.2495250Z test draft2019-09/optional/format/uri-template.json/0/5 ... ok
2026-10-09T01:33:08.2495370Z test draft2019-09/optional/format/uri-template.json/0/6 ... ok
2026-10-09T01:33:08.2495487Z test draft2019-09/optional/format/uri-template.json/0/7 ... ok
2026-10-09T01:33:08.2495606Z test draft2019-09/optional/format/uri-template.json/0/9 ... ok
2026-10-09T01:33:08.2495726Z test draft2019-09/optional/format/uri-template.json/0/8 ... ok
2026-10-09T01:33:08.2495848Z test draft2019-09/optional/format/uri-template.json/0/10 ... ok
2026-10-09T01:33:08.2495969Z test draft2019-09/optional/format/uri-template.json/0/11 ... ok
2026-10-09T01:33:08.2496091Z test draft2019-09/optional/format/uri-template.json/0/12 ... ok
2026-10-09T01:33:08.2496213Z test draft2019-09/optional/format/uri-template.json/0/13 ... ok
2026-10-09T01:33:08.2496334Z test draft2019-09/optional/format/uri-template.json/0/14 ... ok
2026-10-09T01:33:08.2496452Z test draft2019-09/optional/format/uri-template.json/0/16 ... ok
2026-10-09T01:33:08.2496572Z test draft2019-09/optional/format/uri-template.json/0/17 ... ok
2026-10-09T01:33:08.2496693Z test draft2019-09/optional/format/uri-template.json/0/15 ... ok
2026-10-09T01:33:08.2496811Z test draft2019-09/optional/format/uri-template.json/0/19 ... ok
2026-10-09T01:33:08.2496932Z test draft2019-09/optional/format/uri-template.json/0/18 ... ok
2026-10-09T01:33:08.2497052Z test draft2019-09/optional/format/uri-template.json/0/21 ... ok
2026-10-09T01:33:08.2497171Z test draft2019-09/optional/format/uri-template.json/0/20 ... ok
2026-10-09T01:33:08.2497291Z test draft2019-09/optional/format/uri-template.json/0/23 ... ok
2026-10-09T01:33:08.2497413Z test draft2019-09/optional/format/uri-template.json/0/24 ... ok
2026-10-09T01:33:08.2497534Z test draft2019-09/optional/format/uri-template.json/0/22 ... ok
2026-10-09T01:33:08.2497654Z test draft2019-09/optional/format/uri-template.json/0/25 ... ok
2026-10-09T01:33:08.2497773Z test draft2019-09/optional/format/uri-template.json/0/27 ... ok
2026-10-09T01:33:08.2497893Z test draft2019-09/optional/format/uri-template.json/0/28 ... ok
2026-10-09T01:33:08.2498013Z test draft2019-09/optional/format/uri-template.json/0/26 ... ok
2026-10-09T01:33:08.2498132Z test draft2019-09/optional/format/uri-template.json/0/29 ... ok
2026-10-09T01:33:08.2498253Z test draft2019-09/optional/format/uri-template.json/0/31 ... ok
2026-10-09T01:33:08.2498374Z test draft2019-09/optional/format/uri-template.json/0/30 ... ok
2026-10-09T01:33:08.2498492Z test draft2019-09/optional/format/uri-template.json/0/32 ... ok
2026-10-09T01:33:08.2498613Z test draft2019-09/optional/format/uri-template.json/0/34 ... ok
2026-10-09T01:33:08.2498735Z test draft2019-09/optional/format/uri-template.json/0/33 ... ok
2026-10-09T01:33:08.2498939Z test draft2019-09/optional/format/uri-template.json/0/35 ... ok
2026-10-09T01:33:08.2499060Z test draft2019-09/optional/format/uri-template.json/0/36 ... ok
2026-10-09T01:33:08.2499180Z test draft2019-09/optional/format/uri-template.json/0/38 ... ok
2026-10-09T01:33:08.2499299Z test draft2019-09/optional/format/uri-template.json/0/37 ... ok
2026-10-09T01:33:08.2499418Z test draft2019-09/optional/format/uri-template.json/0/40 ... ok
2026-10-09T01:33:08.2499537Z test draft2019-09/optional/format/uri-template.json/0/39 ... ok
2026-10-09T01:33:08.2499657Z test draft2019-09/optional/format/uri-template.json/0/41 ... ok
2026-10-09T01:33:08.2499777Z test draft2019-09/optional/format/uri-template.json/0/44 ... ok
2026-10-09T01:33:08.2499896Z test draft2019-09/optional/format/uri-template.json/0/45 ... ok
2026-10-09T01:33:08.2500016Z test draft2019-09/optional/format/uri-template.json/0/43 ... ok
2026-10-09T01:33:08.2500213Z test draft2019-09/optional/format/uri-template.json/0/42 ... ok
2026-10-09T01:33:08.2500318Z test draft2019-09/optional/format/uri.json/0/0 ... ok
2026-10-09T01:33:08.2500422Z test draft2019-09/optional/format/uri.json/0/1 ... ok
2026-10-09T01:33:08.2500524Z test draft2019-09/optional/format/uri.json/0/3 ... ok
2026-10-09T01:33:08.2500623Z test draft2019-09/optional/format/uri.json/0/4 ... ok
2026-10-09T01:33:08.2500747Z test draft2019-09/optional/format/uri-reference.json/0/7 ... ok
2026-10-09T01:33:08.2500937Z test draft2019-09/optional/format/uri.json/0/5 ... ok
2026-10-09T01:33:08.2501071Z test draft2019-09/optional/format/uri-template.json/0/46 ... ok
2026-10-09T01:33:08.2501172Z test draft2019-09/optional/format/uri.json/0/7 ... ok
2026-10-09T01:33:08.2501271Z test draft2019-09/optional/format/uri.json/0/2 ... ok
2026-10-09T01:33:08.2501371Z test draft2019-09/optional/format/uri.json/0/9 ... ok
2026-10-09T01:33:08.2501470Z test draft2019-09/optional/format/uri.json/0/8 ... ok
2026-10-09T01:33:08.2501574Z test draft2019-09/optional/format/uri.json/0/10 ... ok
2026-10-09T01:33:08.2501680Z test draft2019-09/optional/format/uri.json/0/11 ... ok
2026-10-09T01:33:08.2501784Z test draft2019-09/optional/format/uri.json/0/12 ... ok
2026-10-09T01:33:08.2501884Z test draft2019-09/optional/format/uri.json/0/13 ... ok
2026-10-09T01:33:08.2501986Z test draft2019-09/optional/format/uri.json/0/14 ... ok
2026-10-09T01:33:08.2502087Z test draft2019-09/optional/format/uri.json/0/16 ... ok
2026-10-09T01:33:08.2502186Z test draft2019-09/optional/format/uri.json/0/15 ... ok
2026-10-09T01:33:08.2502287Z test draft2019-09/optional/format/uri.json/0/17 ... ok
2026-10-09T01:33:08.2502389Z test draft2019-09/optional/format/uri.json/0/18 ... ok
2026-10-09T01:33:08.2502489Z test draft2019-09/optional/format/uri.json/0/20 ... ok
2026-10-09T01:33:08.2502589Z test draft2019-09/optional/format/uri.json/0/19 ... ok
2026-10-09T01:33:08.2502688Z test draft2019-09/optional/format/uri.json/0/21 ... ok
2026-10-09T01:33:08.2502791Z test draft2019-09/optional/format/uri.json/0/22 ... ok
2026-10-09T01:33:08.2502893Z test draft2019-09/optional/format/uri.json/0/24 ... ok
2026-10-09T01:33:08.2502993Z test draft2019-09/optional/format/uri.json/0/25 ... ok
2026-10-09T01:33:08.2503094Z test draft2019-09/optional/format/uri.json/0/23 ... ok
2026-10-09T01:33:08.2503195Z test draft2019-09/optional/format/uri.json/0/26 ... ok
2026-10-09T01:33:08.2503293Z test draft2019-09/optional/format/uri.json/0/27 ... ok
2026-10-09T01:33:08.2503394Z test draft2019-09/optional/format/uri.json/0/28 ... ok
2026-10-09T01:33:08.2503495Z test draft2019-09/optional/format/uri.json/0/30 ... ok
2026-10-09T01:33:08.2503594Z test draft2019-09/optional/format/uri.json/0/29 ... ok
2026-10-09T01:33:08.2503694Z test draft2019-09/optional/format/uri.json/0/31 ... ok
2026-10-09T01:33:08.2503793Z test draft2019-09/optional/format/uri.json/0/32 ... ok
2026-10-09T01:33:08.2503894Z test draft2019-09/optional/format/uri.json/0/33 ... ok
2026-10-09T01:33:08.2503997Z test draft2019-09/optional/format/uri.json/0/34 ... ok
2026-10-09T01:33:08.2504096Z test draft2019-09/optional/format/uri.json/0/35 ... ok
2026-10-09T01:33:08.2504262Z test draft2019-09/optional/format/uri.json/0/36 ... ok
2026-10-09T01:33:08.2504364Z test draft2019-09/optional/format/uri.json/0/37 ... ok
2026-10-09T01:33:08.2504462Z test draft2019-09/optional/format/uri.json/0/39 ... ok
2026-10-09T01:33:08.2504563Z test draft2019-09/optional/format/uri.json/0/38 ... ok
2026-10-09T01:33:08.2504663Z test draft2019-09/optional/format/uri.json/0/40 ... ok
2026-10-09T01:33:08.2504764Z test draft2019-09/optional/format/uri.json/0/41 ... ok
2026-10-09T01:33:08.2504864Z test draft2019-09/optional/format/uri.json/0/42 ... ok
2026-10-09T01:33:08.2505077Z test draft2019-09/optional/format/uri.json/0/43 ... ok
2026-10-09T01:33:08.2505195Z test draft2019-09/optional/format/uri.json/0/45 ... ok
2026-10-09T01:33:08.2505296Z test draft2019-09/optional/format/uri.json/0/46 ... ok
2026-10-09T01:33:08.2505477Z test draft2019-09/optional/format/uri.json/0/44 ... ok
2026-10-09T01:33:08.2505580Z test draft2019-09/optional/format/uuid.json/0/0 ... ok
2026-10-09T01:33:08.2505684Z test draft2019-09/optional/format/uuid.json/0/3 ... ok
2026-10-09T01:33:08.2505784Z test draft2019-09/optional/format/uuid.json/0/1 ... ok
2026-10-09T01:33:08.2505887Z test draft2019-09/optional/format/uuid.json/0/2 ... ok
2026-10-09T01:33:08.2505988Z test draft2019-09/optional/format/uuid.json/0/4 ... ok
2026-10-09T01:33:08.2506087Z test draft2019-09/optional/format/uuid.json/0/5 ... ok
2026-10-09T01:33:08.2506189Z test draft2019-09/optional/format/uuid.json/0/6 ... ok
2026-10-09T01:33:08.2506291Z test draft2019-09/optional/format/uuid.json/0/7 ... ok
2026-10-09T01:33:08.2506390Z test draft2019-09/optional/format/uuid.json/0/8 ... ok
2026-10-09T01:33:08.2506491Z test draft2019-09/optional/format/uuid.json/0/9 ... ok
2026-10-09T01:33:08.2506595Z test draft2019-09/optional/format/uuid.json/0/10 ... ok
2026-10-09T01:33:08.2506700Z test draft2019-09/optional/format/uuid.json/0/11 ... ok
2026-10-09T01:33:08.2506806Z test draft2019-09/optional/format/uuid.json/0/13 ... ok
2026-10-09T01:33:08.2506909Z test draft2019-09/optional/format/uuid.json/0/12 ... ok
2026-10-09T01:33:08.2507013Z test draft2019-09/optional/format/uuid.json/0/14 ... ok
2026-10-09T01:33:08.2507115Z test draft2019-09/optional/format/uuid.json/0/15 ... ok
2026-10-09T01:33:08.2507217Z test draft2019-09/optional/format/uuid.json/0/16 ... ok
2026-10-09T01:33:08.2507319Z test draft2019-09/optional/format/uuid.json/0/17 ... ok
2026-10-09T01:33:08.2507423Z test draft2019-09/optional/format/uuid.json/0/18 ... ok
2026-10-09T01:33:08.2507524Z test draft2019-09/optional/format/uuid.json/0/19 ... ok
2026-10-09T01:33:08.2507627Z test draft2019-09/optional/format/uuid.json/0/22 ... ok
2026-10-09T01:33:08.2507728Z test draft2019-09/optional/format/uuid.json/0/20 ... ok
2026-10-09T01:33:08.2507831Z test draft2019-09/optional/format/uuid.json/0/23 ... ok
2026-10-09T01:33:08.2507934Z test draft2019-09/optional/format/uuid.json/0/21 ... ok
2026-10-09T01:33:08.2508036Z test draft2019-09/optional/format/uuid.json/0/24 ... ok
2026-10-09T01:33:08.2508141Z test draft2019-09/optional/format/uuid.json/0/25 ... ok
2026-10-09T01:33:08.2508243Z test draft2019-09/optional/format/uuid.json/0/26 ... ok
2026-10-09T01:33:08.2508344Z test draft2019-09/optional/format/uuid.json/0/27 ... ok
2026-10-09T01:33:08.2508448Z test draft2019-09/optional/format/uuid.json/0/28 ... ok
2026-10-09T01:33:08.2508539Z test draft2019-09/optional/id.json/0/0 ... ok
2026-10-09T01:33:08.2508627Z test draft2019-09/optional/id.json/0/1 ... ok
2026-10-09T01:33:08.2508731Z test draft2019-09/optional/no-schema.json/0/0 ... ok
2026-10-09T01:33:08.2508830Z test draft2019-09/optional/no-schema.json/0/2 ... ok
2026-10-09T01:33:08.2508918Z test draft2019-09/optional/id.json/0/2 ... ok
2026-10-09T01:33:08.2509018Z test draft2019-09/optional/no-schema.json/0/1 ... ok
2026-10-09T01:33:08.2509127Z test draft2019-09/optional/non-bmp-regex.json/0/1 ... ok
2026-10-09T01:33:08.2509239Z test draft2019-09/optional/non-bmp-regex.json/0/3 ... ok
2026-10-09T01:33:08.2509427Z test draft2019-09/optional/non-bmp-regex.json/0/4 ... ok
2026-10-09T01:33:08.2509534Z test draft2019-09/optional/non-bmp-regex.json/0/0 ... ok
2026-10-09T01:33:08.2509641Z test draft2019-09/optional/non-bmp-regex.json/0/5 ... ok
2026-10-09T01:33:08.2509748Z test draft2019-09/optional/non-bmp-regex.json/0/6 ... ok
2026-10-09T01:33:08.2509852Z test draft2019-09/optional/non-bmp-regex.json/1/0 ... ok
2026-10-09T01:33:08.2509958Z test draft2019-09/optional/non-bmp-regex.json/1/1 ... ok
2026-10-09T01:33:08.2510063Z test draft2019-09/optional/non-bmp-regex.json/1/2 ... ok
2026-10-09T01:33:08.2510169Z test draft2019-09/optional/non-bmp-regex.json/1/3 ... ok
2026-10-09T01:33:08.2510297Z test draft2019-09/optional/refOfUnknownKeyword.json/0/0 ... ok
2026-10-09T01:33:08.2510402Z test draft2019-09/optional/non-bmp-regex.json/1/4 ... ok
2026-10-09T01:33:08.2510528Z test draft2019-09/optional/refOfUnknownKeyword.json/1/0 ... ok
2026-10-09T01:33:08.2510709Z test draft2019-09/optional/refOfUnknownKeyword.json/1/1 ... ok
2026-10-09T01:33:08.2510836Z test draft2019-09/optional/refOfUnknownKeyword.json/2/0 ... ok
2026-10-09T01:33:08.2510959Z test draft2019-09/optional/refOfUnknownKeyword.json/2/1 ... ok
2026-10-09T01:33:08.2511082Z test draft2019-09/optional/refOfUnknownKeyword.json/3/0 ... ok
2026-10-09T01:33:08.2511202Z test draft2019-09/optional/refOfUnknownKeyword.json/3/1 ... ok
2026-10-09T01:33:08.2511325Z test draft2019-09/optional/refOfUnknownKeyword.json/4/0 ... ok
2026-10-09T01:33:08.2511446Z test draft2019-09/optional/refOfUnknownKeyword.json/4/1 ... ok
2026-10-09T01:33:08.2511557Z test draft2019-09/optional/unknownKeyword.json/0/0 ... ok
2026-10-09T01:33:08.2511669Z test draft2019-09/optional/unknownKeyword.json/0/1 ... ok
2026-10-09T01:33:08.2511790Z test draft2019-09/optional/refOfUnknownKeyword.json/0/1 ... ok
2026-10-09T01:33:08.2511876Z test draft2019-09/pattern.json/0/0 ... ok
2026-10-09T01:33:08.2511961Z test draft2019-09/pattern.json/0/1 ... ok
2026-10-09T01:33:08.2512042Z test draft2019-09/pattern.json/0/2 ... ok
2026-10-09T01:33:08.2512157Z test draft2019-09/optional/unknownKeyword.json/0/2 ... ok
2026-10-09T01:33:08.2512239Z test draft2019-09/pattern.json/0/4 ... ok
2026-10-09T01:33:08.2512320Z test draft2019-09/pattern.json/0/5 ... ok
2026-10-09T01:33:08.2512401Z test draft2019-09/pattern.json/0/6 ... ok
2026-10-09T01:33:08.2512482Z test draft2019-09/pattern.json/0/7 ... ok
2026-10-09T01:33:08.2512560Z test draft2019-09/pattern.json/1/0 ... ok
2026-10-09T01:33:08.2512665Z test draft2019-09/patternProperties.json/0/0 ... ok
2026-10-09T01:33:08.2512766Z test draft2019-09/patternProperties.json/0/1 ... ok
2026-10-09T01:33:08.2512848Z test draft2019-09/pattern.json/0/3 ... ok
2026-10-09T01:33:08.2512960Z test draft2019-09/optional/non-bmp-regex.json/0/2 ... ok
2026-10-09T01:33:08.2513059Z test draft2019-09/patternProperties.json/0/2 ... ok
2026-10-09T01:33:08.2513161Z test draft2019-09/patternProperties.json/0/4 ... ok
2026-10-09T01:33:08.2513262Z test draft2019-09/patternProperties.json/0/3 ... ok
2026-10-09T01:33:08.2513361Z test draft2019-09/patternProperties.json/0/5 ... ok
2026-10-09T01:33:08.2513460Z test draft2019-09/patternProperties.json/1/0 ... ok
2026-10-09T01:33:08.2513564Z test draft2019-09/optional/format/uri.json/0/6 ... ok
2026-10-09T01:33:08.2513661Z test draft2019-09/patternProperties.json/0/6 ... ok
2026-10-09T01:33:08.2513760Z test draft2019-09/patternProperties.json/1/3 ... ok
2026-10-09T01:33:08.2513857Z test draft2019-09/patternProperties.json/1/2 ... ok
2026-10-09T01:33:08.2513955Z test draft2019-09/patternProperties.json/1/5 ... ok
2026-10-09T01:33:08.2514054Z test draft2019-09/patternProperties.json/2/0 ... ok
2026-10-09T01:33:08.2514151Z test draft2019-09/patternProperties.json/1/4 ... ok
2026-10-09T01:33:08.2514250Z test draft2019-09/patternProperties.json/2/2 ... ok
2026-10-09T01:33:08.2514348Z test draft2019-09/patternProperties.json/2/1 ... ok
2026-10-09T01:33:08.2514444Z test draft2019-09/patternProperties.json/3/0 ... ok
2026-10-09T01:33:08.2514544Z test draft2019-09/patternProperties.json/3/1 ... ok
2026-10-09T01:33:08.2514701Z test draft2019-09/patternProperties.json/2/3 ... ok
2026-10-09T01:33:08.2514799Z test draft2019-09/patternProperties.json/3/4 ... ok
2026-10-09T01:33:08.2514898Z test draft2019-09/patternProperties.json/3/2 ... ok
2026-10-09T01:33:08.2515123Z test draft2019-09/properties.json/0/0 ... ok
2026-10-09T01:33:08.2515248Z test draft2019-09/patternProperties.json/4/0 ... ok
2026-10-09T01:33:08.2515348Z test draft2019-09/patternProperties.json/3/3 ... ok
2026-10-09T01:33:08.2515435Z test draft2019-09/properties.json/0/1 ... ok
2026-10-09T01:33:08.2515523Z test draft2019-09/properties.json/0/2 ... ok
2026-10-09T01:33:08.2515611Z test draft2019-09/properties.json/0/4 ... ok
2026-10-09T01:33:08.2515696Z test draft2019-09/properties.json/0/3 ... ok
2026-10-09T01:33:08.2515782Z test draft2019-09/properties.json/0/5 ... ok
2026-10-09T01:33:08.2515869Z test draft2019-09/properties.json/1/1 ... ok
2026-10-09T01:33:08.2516064Z test draft2019-09/properties.json/1/0 ... ok
2026-10-09T01:33:08.2516152Z test draft2019-09/properties.json/1/3 ... ok
2026-10-09T01:33:08.2516237Z test draft2019-09/properties.json/1/2 ... ok
2026-10-09T01:33:08.2516322Z test draft2019-09/properties.json/1/5 ... ok
2026-10-09T01:33:08.2516408Z test draft2019-09/properties.json/1/4 ... ok
2026-10-09T01:33:08.2516491Z test draft2019-09/properties.json/2/0 ... ok
2026-10-09T01:33:08.2516577Z test draft2019-09/properties.json/2/1 ... ok
2026-10-09T01:33:08.2516662Z test draft2019-09/properties.json/1/7 ... ok
2026-10-09T01:33:08.2516746Z test draft2019-09/properties.json/2/2 ... ok
2026-10-09T01:33:08.2516831Z test draft2019-09/properties.json/2/3 ... ok
2026-10-09T01:33:08.2516916Z test draft2019-09/properties.json/3/0 ... ok
2026-10-09T01:33:08.2517000Z test draft2019-09/properties.json/4/0 ... ok
2026-10-09T01:33:08.2517084Z test draft2019-09/properties.json/3/1 ... ok
2026-10-09T01:33:08.2517167Z test draft2019-09/properties.json/5/0 ... ok
2026-10-09T01:33:08.2517255Z test draft2019-09/properties.json/1/6 ... ok
2026-10-09T01:33:08.2517341Z test draft2019-09/properties.json/5/1 ... ok
2026-10-09T01:33:08.2517425Z test draft2019-09/properties.json/5/2 ... ok
2026-10-09T01:33:08.2517512Z test draft2019-09/properties.json/5/3 ... ok
2026-10-09T01:33:08.2517596Z test draft2019-09/properties.json/5/5 ... ok
2026-10-09T01:33:08.2517679Z test draft2019-09/properties.json/5/4 ... ok
2026-10-09T01:33:08.2517775Z test draft2019-09/propertyNames.json/0/0 ... ok
2026-10-09T01:33:08.2517866Z test draft2019-09/propertyNames.json/0/1 ... ok
2026-10-09T01:33:08.2517958Z test draft2019-09/propertyNames.json/0/2 ... ok
2026-10-09T01:33:08.2518045Z test draft2019-09/properties.json/5/6 ... ok
2026-10-09T01:33:08.2518134Z test draft2019-09/propertyNames.json/0/4 ... ok
2026-10-09T01:33:08.2518225Z test draft2019-09/propertyNames.json/0/3 ... ok
2026-10-09T01:33:08.2518319Z test draft2019-09/propertyNames.json/0/5 ... ok
2026-10-09T01:33:08.2518410Z test draft2019-09/propertyNames.json/0/6 ... ok
2026-10-09T01:33:08.2518501Z test draft2019-09/propertyNames.json/0/7 ... ok
2026-10-09T01:33:08.2518594Z test draft2019-09/propertyNames.json/1/2 ... ok
2026-10-09T01:33:08.2518684Z test draft2019-09/propertyNames.json/2/0 ... ok
2026-10-09T01:33:08.2518775Z test draft2019-09/propertyNames.json/2/1 ... ok
2026-10-09T01:33:08.2518863Z test draft2019-09/propertyNames.json/3/0 ... ok
2026-10-09T01:33:08.2518955Z test draft2019-09/propertyNames.json/1/1 ... ok
2026-10-09T01:33:08.2519046Z test draft2019-09/propertyNames.json/3/1 ... ok
2026-10-09T01:33:08.2519135Z test draft2019-09/propertyNames.json/4/0 ... ok
2026-10-09T01:33:08.2519225Z test draft2019-09/propertyNames.json/4/1 ... ok
2026-10-09T01:33:08.2519316Z test draft2019-09/propertyNames.json/4/2 ... ok
2026-10-09T01:33:08.2519405Z test draft2019-09/propertyNames.json/5/0 ... ok
2026-10-09T01:33:08.2519497Z test draft2019-09/propertyNames.json/5/2 ... ok
2026-10-09T01:33:08.2519587Z test draft2019-09/propertyNames.json/5/3 ... ok
2026-10-09T01:33:08.2519677Z test draft2019-09/propertyNames.json/5/1 ... ok
2026-10-09T01:33:08.2519853Z test draft2019-09/recursiveRef.json/0/0 ... ok
2026-10-09T01:33:08.2519942Z test draft2019-09/recursiveRef.json/0/2 ... ok
2026-10-09T01:33:08.2520034Z test draft2019-09/recursiveRef.json/0/1 ... ok
2026-10-09T01:33:08.2520124Z test draft2019-09/recursiveRef.json/0/3 ... ok
2026-10-09T01:33:08.2520212Z test draft2019-09/recursiveRef.json/1/0 ... ok
2026-10-09T01:33:08.2520301Z test draft2019-09/recursiveRef.json/1/1 ... ok
2026-10-09T01:33:08.2520391Z test draft2019-09/recursiveRef.json/1/2 ... ok
2026-10-09T01:33:08.2520476Z test draft2019-09/recursiveRef.json/1/3 ... ok
2026-10-09T01:33:08.2520565Z test draft2019-09/recursiveRef.json/1/4 ... ok
2026-10-09T01:33:08.2520654Z test draft2019-09/recursiveRef.json/2/0 ... ok
2026-10-09T01:33:08.2520741Z test draft2019-09/recursiveRef.json/2/1 ... ok
2026-10-09T01:33:08.2520828Z test draft2019-09/recursiveRef.json/2/2 ... ok
2026-10-09T01:33:08.2520970Z test draft2019-09/recursiveRef.json/2/3 ... ok
2026-10-09T01:33:08.2521062Z test draft2019-09/recursiveRef.json/2/4 ... ok
2026-10-09T01:33:08.2521151Z test draft2019-09/recursiveRef.json/3/0 ... ok
2026-10-09T01:33:08.2521238Z test draft2019-09/recursiveRef.json/3/1 ... ok
2026-10-09T01:33:08.2521326Z test draft2019-09/recursiveRef.json/3/2 ... ok
2026-10-09T01:33:08.2521415Z test draft2019-09/recursiveRef.json/3/3 ... ok
2026-10-09T01:33:08.2521501Z test draft2019-09/recursiveRef.json/4/0 ... ok
2026-10-09T01:33:08.2521590Z test draft2019-09/recursiveRef.json/3/4 ... ok
2026-10-09T01:33:08.2521679Z test draft2019-09/recursiveRef.json/4/1 ... ok
2026-10-09T01:33:08.2521765Z test draft2019-09/recursiveRef.json/4/2 ... ok
2026-10-09T01:33:08.2521853Z test draft2019-09/recursiveRef.json/4/3 ... ok
2026-10-09T01:33:08.2521940Z test draft2019-09/recursiveRef.json/5/0 ... ok
2026-10-09T01:33:08.2522028Z test draft2019-09/recursiveRef.json/4/4 ... ok
2026-10-09T01:33:08.2522122Z test draft2019-09/propertyNames.json/1/0 ... ok
2026-10-09T01:33:08.2522209Z test draft2019-09/recursiveRef.json/5/1 ... ok
2026-10-09T01:33:08.2522302Z test draft2019-09/recursiveRef.json/5/2 ... ok
2026-10-09T01:33:08.2522390Z test draft2019-09/recursiveRef.json/6/0 ... ok
2026-10-09T01:33:08.2522476Z test draft2019-09/recursiveRef.json/6/1 ... ok
2026-10-09T01:33:08.2522565Z test draft2019-09/recursiveRef.json/6/2 ... ok
2026-10-09T01:33:08.2522654Z test draft2019-09/recursiveRef.json/7/0 ... ok
2026-10-09T01:33:08.2522741Z test draft2019-09/recursiveRef.json/8/0 ... ok
2026-10-09T01:33:08.2522821Z test draft2019-09/ref.json/0/0 ... ok
2026-10-09T01:33:08.2522908Z test draft2019-09/recursiveRef.json/7/1 ... ok
2026-10-09T01:33:08.2522987Z test draft2019-09/ref.json/0/2 ... ok
2026-10-09T01:33:08.2523063Z test draft2019-09/ref.json/0/1 ... ok
2026-10-09T01:33:08.2523136Z test draft2019-09/ref.json/0/3 ... ok
2026-10-09T01:33:08.2523210Z test draft2019-09/ref.json/1/0 ... ok
2026-10-09T01:33:08.2523284Z test draft2019-09/ref.json/1/1 ... ok
2026-10-09T01:33:08.2523358Z test draft2019-09/ref.json/2/0 ... ok
2026-10-09T01:33:08.2523433Z test draft2019-09/ref.json/3/0 ... ok
2026-10-09T01:33:08.2523504Z test draft2019-09/ref.json/2/1 ... ok
2026-10-09T01:33:08.2523596Z test draft2019-09/recursiveRef.json/8/1 ... ok
2026-10-09T01:33:08.2523669Z test draft2019-09/ref.json/3/1 ... ok
2026-10-09T01:33:08.2523741Z test draft2019-09/ref.json/3/2 ... ok
2026-10-09T01:33:08.2523815Z test draft2019-09/ref.json/3/4 ... ok
2026-10-09T01:33:08.2523888Z test draft2019-09/ref.json/3/5 ... ok
2026-10-09T01:33:08.2523960Z test draft2019-09/ref.json/3/3 ... ok
2026-10-09T01:33:08.2524033Z test draft2019-09/ref.json/4/0 ... ok
2026-10-09T01:33:08.2524106Z test draft2019-09/ref.json/4/1 ... ok
2026-10-09T01:33:08.2524177Z test draft2019-09/ref.json/5/0 ... ok
2026-10-09T01:33:08.2524250Z test draft2019-09/ref.json/5/1 ... ok
2026-10-09T01:33:08.2524322Z test draft2019-09/ref.json/5/2 ... ok
2026-10-09T01:33:08.2524395Z test draft2019-09/ref.json/7/0 ... ok
2026-10-09T01:33:08.2524470Z test draft2019-09/ref.json/7/1 ... ok
2026-10-09T01:33:08.2524600Z test draft2019-09/ref.json/8/0 ... ok
2026-10-09T01:33:08.2524674Z test draft2019-09/ref.json/8/1 ... ok
2026-10-09T01:33:08.2524746Z test draft2019-09/ref.json/9/0 ... ok
2026-10-09T01:33:08.2524824Z test draft2019-09/ref.json/10/0 ... ok
2026-10-09T01:33:08.2524898Z test draft2019-09/ref.json/6/0 ... ok
2026-10-09T01:33:08.2525071Z test draft2019-09/ref.json/6/1 ... ok
2026-10-09T01:33:08.2525149Z test draft2019-09/ref.json/12/0 ... ok
2026-10-09T01:33:08.2525226Z test draft2019-09/ref.json/12/1 ... ok
2026-10-09T01:33:08.2525300Z test draft2019-09/ref.json/13/0 ... ok
2026-10-09T01:33:08.2525376Z test draft2019-09/ref.json/14/0 ... ok
2026-10-09T01:33:08.2525454Z test draft2019-09/ref.json/14/1 ... ok
2026-10-09T01:33:08.2525527Z test draft2019-09/ref.json/14/2 ... ok
2026-10-09T01:33:08.2525602Z test draft2019-09/ref.json/11/0 ... ok
2026-10-09T01:33:08.2525678Z test draft2019-09/ref.json/15/0 ... ok
2026-10-09T01:33:08.2525838Z test draft2019-09/ref.json/15/1 ... ok
2026-10-09T01:33:08.2525916Z test draft2019-09/ref.json/11/1 ... ok
2026-10-09T01:33:08.2525989Z test draft2019-09/ref.json/15/2 ... ok
2026-10-09T01:33:08.2526065Z test draft2019-09/ref.json/16/0 ... ok
2026-10-09T01:33:08.2526139Z test draft2019-09/ref.json/16/2 ... ok
2026-10-09T01:33:08.2526212Z test draft2019-09/ref.json/17/0 ... ok
2026-10-09T01:33:08.2526287Z test draft2019-09/ref.json/16/1 ... ok
2026-10-09T01:33:08.2526362Z test draft2019-09/ref.json/17/1 ... ok
2026-10-09T01:33:08.2526435Z test draft2019-09/ref.json/18/0 ... ok
2026-10-09T01:33:08.2526509Z test draft2019-09/ref.json/19/0 ... ok
2026-10-09T01:33:08.2526582Z test draft2019-09/ref.json/18/1 ... ok
2026-10-09T01:33:08.2526656Z test draft2019-09/ref.json/19/1 ... ok
2026-10-09T01:33:08.2526731Z test draft2019-09/ref.json/20/0 ... ok
2026-10-09T01:33:08.2526804Z test draft2019-09/ref.json/21/0 ... ok
2026-10-09T01:33:08.2526879Z test draft2019-09/ref.json/20/1 ... ok
2026-10-09T01:33:08.2526955Z test draft2019-09/ref.json/21/1 ... ok
2026-10-09T01:33:08.2527029Z test draft2019-09/ref.json/22/0 ... ok
2026-10-09T01:33:08.2527103Z test draft2019-09/ref.json/22/1 ... ok
2026-10-09T01:33:08.2527178Z test draft2019-09/ref.json/23/0 ... ok
2026-10-09T01:33:08.2527250Z test draft2019-09/ref.json/23/1 ... ok
2026-10-09T01:33:08.2527325Z test draft2019-09/ref.json/24/0 ... ok
2026-10-09T01:33:08.2527398Z test draft2019-09/ref.json/24/1 ... ok
2026-10-09T01:33:08.2527472Z test draft2019-09/ref.json/25/0 ... ok
2026-10-09T01:33:08.2527546Z test draft2019-09/ref.json/26/0 ... ok
2026-10-09T01:33:08.2527619Z test draft2019-09/ref.json/25/1 ... ok
2026-10-09T01:33:08.2527695Z test draft2019-09/ref.json/26/1 ... ok
2026-10-09T01:33:08.2527769Z test draft2019-09/ref.json/27/0 ... ok
2026-10-09T01:33:08.2527912Z test draft2019-09/ref.json/28/0 ... ok
2026-10-09T01:33:08.2528029Z test draft2019-09/ref.json/27/1 ... ok
2026-10-09T01:33:08.2528148Z test draft2019-09/ref.json/28/1 ... ok
2026-10-09T01:33:08.2528272Z test draft2019-09/ref.json/30/0 ... ok
2026-10-09T01:33:08.2528395Z test draft2019-09/ref.json/29/0 ... ok
2026-10-09T01:33:08.2528513Z test draft2019-09/ref.json/29/1 ... ok
2026-10-09T01:33:08.2528634Z test draft2019-09/ref.json/31/0 ... ok
2026-10-09T01:33:08.2528758Z test draft2019-09/ref.json/30/1 ... ok
2026-10-09T01:33:08.2528839Z test draft2019-09/ref.json/32/0 ... ok
2026-10-09T01:33:08.2528914Z test draft2019-09/ref.json/31/1 ... ok
2026-10-09T01:33:08.2528988Z test draft2019-09/ref.json/32/1 ... ok
2026-10-09T01:33:08.2529060Z test draft2019-09/ref.json/33/0 ... ok
2026-10-09T01:33:08.2529134Z test draft2019-09/ref.json/34/0 ... ok
2026-10-09T01:33:08.2529206Z test draft2019-09/ref.json/33/1 ... ok
2026-10-09T01:33:08.2529280Z test draft2019-09/ref.json/34/1 ... ok
2026-10-09T01:33:08.2529354Z test draft2019-09/ref.json/35/0 ... ok
2026-10-09T01:33:08.2529426Z test draft2019-09/ref.json/35/1 ... ok
2026-10-09T01:33:08.2529512Z test draft2019-09/refRemote.json/0/0 ... ok
2026-10-09T01:33:08.2529668Z test draft2019-09/refRemote.json/0/1 ... ok
2026-10-09T01:33:08.2529892Z test draft2019-09/ref.json/36/0 ... ok
2026-10-09T01:33:08.2530029Z test draft2019-09/refRemote.json/1/0 ... ok
2026-10-09T01:33:08.2530150Z test draft2019-09/ref.json/36/1 ... ok
2026-10-09T01:33:08.2530288Z test draft2019-09/refRemote.json/2/0 ... ok
2026-10-09T01:33:08.2530421Z test draft2019-09/refRemote.json/1/1 ... ok
2026-10-09T01:33:08.2530559Z test draft2019-09/refRemote.json/2/1 ... ok
2026-10-09T01:33:08.2530695Z test draft2019-09/refRemote.json/3/0 ... ok
2026-10-09T01:33:08.2530830Z test draft2019-09/refRemote.json/3/1 ... ok
2026-10-09T01:33:08.2530965Z test draft2019-09/refRemote.json/4/0 ... ok
2026-10-09T01:33:08.2531104Z test draft2019-09/refRemote.json/4/1 ... ok
2026-10-09T01:33:08.2531241Z test draft2019-09/refRemote.json/5/0 ... ok
2026-10-09T01:33:08.2531375Z test draft2019-09/refRemote.json/5/1 ... ok
2026-10-09T01:33:08.2531514Z test draft2019-09/refRemote.json/6/0 ... ok
2026-10-09T01:33:08.2531734Z test draft2019-09/refRemote.json/6/1 ... ok
2026-10-09T01:33:08.2531877Z test draft2019-09/refRemote.json/7/0 ... ok
2026-10-09T01:33:08.2532019Z test draft2019-09/refRemote.json/7/1 ... ok
2026-10-09T01:33:08.2532155Z test draft2019-09/refRemote.json/8/0 ... ok
2026-10-09T01:33:08.2532299Z test draft2019-09/refRemote.json/7/2 ... ok
2026-10-09T01:33:08.2532439Z test draft2019-09/refRemote.json/9/0 ... ok
2026-10-09T01:33:08.2532580Z test draft2019-09/refRemote.json/8/1 ... ok
2026-10-09T01:33:08.2532720Z test draft2019-09/refRemote.json/9/1 ... ok
2026-10-09T01:33:08.2532865Z test draft2019-09/refRemote.json/11/0 ... ok
2026-10-09T01:33:08.2533012Z test draft2019-09/refRemote.json/10/1 ... ok
2026-10-09T01:33:08.2533158Z test draft2019-09/refRemote.json/10/0 ... ok
2026-10-09T01:33:08.2533303Z test draft2019-09/refRemote.json/11/1 ... ok
2026-10-09T01:33:08.2533450Z test draft2019-09/refRemote.json/12/0 ... ok
2026-10-09T01:33:08.2533594Z test draft2019-09/refRemote.json/12/1 ... ok
2026-10-09T01:33:08.2533738Z test draft2019-09/refRemote.json/13/0 ... ok
2026-10-09T01:33:08.2533884Z test draft2019-09/refRemote.json/14/0 ... ok
2026-10-09T01:33:08.2534021Z test draft2019-09/refRemote.json/13/1 ... ok
2026-10-09T01:33:08.2534152Z test draft2019-09/required.json/0/0 ... ok
2026-10-09T01:33:08.2534287Z test draft2019-09/refRemote.json/14/1 ... ok
2026-10-09T01:33:08.2534426Z test draft2019-09/required.json/0/1 ... ok
2026-10-09T01:33:08.2534566Z test draft2019-09/required.json/0/2 ... ok
2026-10-09T01:33:08.2534705Z test draft2019-09/required.json/0/3 ... ok
2026-10-09T01:33:08.2534840Z test draft2019-09/required.json/0/5 ... ok
2026-10-09T01:33:08.2535093Z test draft2019-09/required.json/0/6 ... ok
2026-10-09T01:33:08.2535228Z test draft2019-09/required.json/0/4 ... ok
2026-10-09T01:33:08.2535367Z test draft2019-09/required.json/1/0 ... ok
2026-10-09T01:33:08.2535506Z test draft2019-09/required.json/2/0 ... ok
2026-10-09T01:33:08.2535645Z test draft2019-09/required.json/3/0 ... ok
2026-10-09T01:33:08.2535781Z test draft2019-09/required.json/4/0 ... ok
2026-10-09T01:33:08.2535918Z test draft2019-09/required.json/4/1 ... ok
2026-10-09T01:33:08.2536048Z test draft2019-09/required.json/3/1 ... ok
2026-10-09T01:33:08.2536182Z test draft2019-09/required.json/4/2 ... ok
2026-10-09T01:33:08.2536311Z test draft2019-09/required.json/4/3 ... ok
2026-10-09T01:33:08.2536448Z test draft2019-09/required.json/4/4 ... ok
2026-10-09T01:33:08.2536588Z test draft2019-09/required.json/4/5 ... ok
2026-10-09T01:33:08.2536720Z test draft2019-09/type.json/0/0 ... ok
2026-10-09T01:33:08.2536847Z test draft2019-09/type.json/0/1 ... ok
2026-10-09T01:33:08.2536987Z test draft2019-09/required.json/4/6 ... ok
2026-10-09T01:33:08.2537115Z test draft2019-09/type.json/0/3 ... ok
2026-10-09T01:33:08.2537244Z test draft2019-09/type.json/0/2 ... ok
2026-10-09T01:33:08.2537375Z test draft2019-09/type.json/0/4 ... ok
2026-10-09T01:33:08.2537501Z test draft2019-09/type.json/0/5 ... ok
2026-10-09T01:33:08.2537631Z test draft2019-09/type.json/0/6 ... ok
2026-10-09T01:33:08.2537763Z test draft2019-09/type.json/0/7 ... ok
2026-10-09T01:33:08.2538012Z test draft2019-09/type.json/1/0 ... ok
2026-10-09T01:33:08.2538140Z test draft2019-09/type.json/0/8 ... ok
2026-10-09T01:33:08.2538267Z test draft2019-09/type.json/1/1 ... ok
2026-10-09T01:33:08.2538393Z test draft2019-09/type.json/1/2 ... ok
2026-10-09T01:33:08.2538520Z test draft2019-09/type.json/1/3 ... ok
2026-10-09T01:33:08.2538642Z test draft2019-09/type.json/1/4 ... ok
2026-10-09T01:33:08.2538770Z test draft2019-09/type.json/1/5 ... ok
2026-10-09T01:33:08.2538894Z test draft2019-09/type.json/1/6 ... ok
2026-10-09T01:33:08.2539020Z test draft2019-09/type.json/1/7 ... ok
2026-10-09T01:33:08.2539150Z test draft2019-09/type.json/1/8 ... ok
2026-10-09T01:33:08.2539278Z test draft2019-09/type.json/2/0 ... ok
2026-10-09T01:33:08.2539403Z test draft2019-09/type.json/2/1 ... ok
2026-10-09T01:33:08.2539534Z test draft2019-09/type.json/2/2 ... ok
2026-10-09T01:33:08.2539662Z test draft2019-09/type.json/2/3 ... ok
2026-10-09T01:33:08.2539888Z test draft2019-09/type.json/2/4 ... ok
2026-10-09T01:33:08.2540020Z test draft2019-09/type.json/2/5 ... ok
2026-10-09T01:33:08.2540146Z test draft2019-09/type.json/2/6 ... ok
2026-10-09T01:33:08.2540277Z test draft2019-09/type.json/2/7 ... ok
2026-10-09T01:33:08.2540407Z test draft2019-09/type.json/2/8 ... ok
2026-10-09T01:33:08.2540535Z test draft2019-09/type.json/3/0 ... ok
2026-10-09T01:33:08.2540665Z test draft2019-09/type.json/3/1 ... ok
2026-10-09T01:33:08.2540795Z test draft2019-09/type.json/3/3 ... ok
2026-10-09T01:33:08.2540920Z test draft2019-09/type.json/3/2 ... ok
2026-10-09T01:33:08.2541053Z test draft2019-09/type.json/3/5 ... ok
2026-10-09T01:33:08.2541182Z test draft2019-09/type.json/3/4 ... ok
2026-10-09T01:33:08.2541312Z test draft2019-09/type.json/3/6 ... ok
2026-10-09T01:33:08.2541437Z test draft2019-09/type.json/4/0 ... ok
2026-10-09T01:33:08.2541561Z test draft2019-09/type.json/4/2 ... ok
2026-10-09T01:33:08.2541690Z test draft2019-09/type.json/4/1 ... ok
2026-10-09T01:33:08.2541817Z test draft2019-09/type.json/4/3 ... ok
2026-10-09T01:33:08.2541946Z test draft2019-09/type.json/4/4 ... ok
2026-10-09T01:33:08.2542075Z test draft2019-09/type.json/4/5 ... ok
2026-10-09T01:33:08.2542197Z test draft2019-09/type.json/4/6 ... ok
2026-10-09T01:33:08.2542318Z test draft2019-09/type.json/5/0 ... ok
2026-10-09T01:33:08.2542440Z test draft2019-09/type.json/5/1 ... ok
2026-10-09T01:33:08.2542559Z test draft2019-09/type.json/5/2 ... ok
2026-10-09T01:33:08.2542680Z test draft2019-09/type.json/5/3 ... ok
2026-10-09T01:33:08.2542801Z test draft2019-09/type.json/5/4 ... ok
2026-10-09T01:33:08.2542945Z test draft2019-09/type.json/5/5 ... ok
2026-10-09T01:33:08.2543069Z test draft2019-09/type.json/5/6 ... ok
2026-10-09T01:33:08.2543200Z test draft2019-09/type.json/5/7 ... ok
2026-10-09T01:33:08.2543329Z test draft2019-09/type.json/5/8 ... ok
2026-10-09T01:33:08.2543458Z test draft2019-09/type.json/5/9 ... ok
2026-10-09T01:33:08.2543587Z test draft2019-09/type.json/6/0 ... ok
2026-10-09T01:33:08.2543722Z test draft2019-09/type.json/6/1 ... ok
2026-10-09T01:33:08.2543859Z test draft2019-09/type.json/6/2 ... ok
2026-10-09T01:33:08.2543982Z test draft2019-09/type.json/6/3 ... ok
2026-10-09T01:33:08.2544112Z test draft2019-09/type.json/6/4 ... ok
2026-10-09T01:33:08.2544241Z test draft2019-09/type.json/6/5 ... ok
2026-10-09T01:33:08.2544371Z test draft2019-09/type.json/6/6 ... ok
2026-10-09T01:33:08.2544503Z test draft2019-09/type.json/6/7 ... ok
2026-10-09T01:33:08.2544631Z test draft2019-09/type.json/6/8 ... ok
2026-10-09T01:33:08.2544765Z test draft2019-09/type.json/6/9 ... ok
2026-10-09T01:33:08.2544896Z test draft2019-09/type.json/7/0 ... ok
2026-10-09T01:33:08.2545129Z test draft2019-09/type.json/7/1 ... ok
2026-10-09T01:33:08.2545255Z test draft2019-09/type.json/7/3 ... ok
2026-10-09T01:33:08.2545385Z test draft2019-09/type.json/7/2 ... ok
2026-10-09T01:33:08.2545508Z test draft2019-09/type.json/7/4 ... ok
2026-10-09T01:33:08.2545637Z test draft2019-09/type.json/7/5 ... ok
2026-10-09T01:33:08.2545768Z test draft2019-09/type.json/8/0 ... ok
2026-10-09T01:33:08.2546031Z test draft2019-09/type.json/7/6 ... ok
2026-10-09T01:33:08.2546162Z test draft2019-09/type.json/9/0 ... ok
2026-10-09T01:33:08.2546289Z test draft2019-09/type.json/8/1 ... ok
2026-10-09T01:33:08.2546423Z test draft2019-09/type.json/9/1 ... ok
2026-10-09T01:33:08.2546553Z test draft2019-09/type.json/9/2 ... ok
2026-10-09T01:33:08.2546678Z test draft2019-09/type.json/9/3 ... ok
2026-10-09T01:33:08.2546808Z test draft2019-09/type.json/9/4 ... ok
2026-10-09T01:33:08.2546937Z test draft2019-09/type.json/10/0 ... ok
2026-10-09T01:33:08.2547068Z test draft2019-09/type.json/10/1 ... ok
2026-10-09T01:33:08.2547195Z test draft2019-09/type.json/10/2 ... ok
2026-10-09T01:33:08.2547320Z test draft2019-09/type.json/10/4 ... ok
2026-10-09T01:33:08.2547453Z test draft2019-09/type.json/10/3 ... ok
2026-10-09T01:33:08.2555342Z test draft2019-09/unevaluatedItems.json/0/0 ... ok
2026-10-09T01:33:08.2555572Z test draft2019-09/unevaluatedItems.json/1/0 ... ok
2026-10-09T01:33:08.2555897Z test draft2019-09/unevaluatedItems.json/0/1 ... ok
2026-10-09T01:33:08.2556076Z test draft2019-09/unevaluatedItems.json/2/0 ... ok
2026-10-09T01:33:08.2556246Z test draft2019-09/unevaluatedItems.json/1/1 ... ok
2026-10-09T01:33:08.2556410Z test draft2019-09/unevaluatedItems.json/2/1 ... ok
2026-10-09T01:33:08.2556574Z test draft2019-09/unevaluatedItems.json/2/2 ... ok
2026-10-09T01:33:08.2556734Z test draft2019-09/unevaluatedItems.json/4/0 ... ok
2026-10-09T01:33:08.2556895Z test draft2019-09/unevaluatedItems.json/3/0 ... ok
2026-10-09T01:33:08.2557056Z test draft2019-09/unevaluatedItems.json/4/1 ... ok
2026-10-09T01:33:08.2557216Z test draft2019-09/unevaluatedItems.json/6/1 ... ok
2026-10-09T01:33:08.2557380Z test draft2019-09/unevaluatedItems.json/6/0 ... ok
2026-10-09T01:33:08.2557533Z test draft2019-09/unevaluatedItems.json/7/0 ... ok
2026-10-09T01:33:08.2557672Z test draft2019-09/unevaluatedItems.json/8/0 ... ok
2026-10-09T01:33:08.2557853Z test draft2019-09/patternProperties.json/1/1 ... ok
2026-10-09T01:33:08.2558017Z test draft2019-09/unevaluatedItems.json/7/1 ... ok
2026-10-09T01:33:08.2558178Z test draft2019-09/unevaluatedItems.json/9/1 ... ok
2026-10-09T01:33:08.2558340Z test draft2019-09/unevaluatedItems.json/8/1 ... ok
2026-10-09T01:33:08.2558500Z test draft2019-09/unevaluatedItems.json/9/0 ... ok
2026-10-09T01:33:08.2558669Z test draft2019-09/unevaluatedItems.json/10/0 ... ok
2026-10-09T01:33:08.2558831Z test draft2019-09/unevaluatedItems.json/9/2 ... ok
2026-10-09T01:33:08.2558994Z test draft2019-09/unevaluatedItems.json/10/1 ... ok
2026-10-09T01:33:08.2559163Z test draft2019-09/unevaluatedItems.json/11/0 ... ok
2026-10-09T01:33:08.2559331Z test draft2019-09/unevaluatedItems.json/11/1 ... ok
2026-10-09T01:33:08.2559494Z test draft2019-09/unevaluatedItems.json/12/0 ... ok
2026-10-09T01:33:08.2559655Z test draft2019-09/unevaluatedItems.json/12/1 ... ok
2026-10-09T01:33:08.2559823Z test draft2019-09/unevaluatedItems.json/12/2 ... ok
2026-10-09T01:33:08.2559994Z test draft2019-09/unevaluatedItems.json/13/0 ... ok
2026-10-09T01:33:08.2560166Z test draft2019-09/unevaluatedItems.json/12/3 ... ok
2026-10-09T01:33:08.2560335Z test draft2019-09/unevaluatedItems.json/14/0 ... ok
2026-10-09T01:33:08.2560508Z test draft2019-09/unevaluatedItems.json/13/1 ... ok
2026-10-09T01:33:08.2560692Z test draft2019-09/unevaluatedItems.json/15/0 ... ok
2026-10-09T01:33:08.2560855Z test draft2019-09/unevaluatedItems.json/15/1 ... ok
2026-10-09T01:33:08.2561024Z test draft2019-09/unevaluatedItems.json/16/0 ... ok
2026-10-09T01:33:08.2561194Z test draft2019-09/unevaluatedItems.json/15/2 ... ok
2026-10-09T01:33:08.2561358Z test draft2019-09/unevaluatedItems.json/16/1 ... ok
2026-10-09T01:33:08.2561528Z test draft2019-09/unevaluatedItems.json/15/3 ... ok
2026-10-09T01:33:08.2561696Z test draft2019-09/unevaluatedItems.json/17/0 ... ok
2026-10-09T01:33:08.2561865Z test draft2019-09/unevaluatedItems.json/18/0 ... ok
2026-10-09T01:33:08.2562040Z test draft2019-09/unevaluatedItems.json/17/1 ... ok
2026-10-09T01:33:08.2562217Z test draft2019-09/unevaluatedItems.json/18/1 ... ok
2026-10-09T01:33:08.2562508Z test draft2019-09/unevaluatedItems.json/20/0 ... ok
2026-10-09T01:33:08.2562679Z test draft2019-09/unevaluatedItems.json/21/0 ... ok
2026-10-09T01:33:08.2562860Z test draft2019-09/unevaluatedItems.json/19/1 ... ok
2026-10-09T01:33:08.2563071Z test draft2019-09/unevaluatedItems.json/19/0 ... ok
2026-10-09T01:33:08.2563242Z test draft2019-09/unevaluatedItems.json/22/0 ... ok
2026-10-09T01:33:08.2563410Z test draft2019-09/unevaluatedItems.json/22/1 ... ok
2026-10-09T01:33:08.2563580Z test draft2019-09/unevaluatedItems.json/22/2 ... ok
2026-10-09T01:33:08.2563749Z test draft2019-09/unevaluatedItems.json/22/4 ... ok
2026-10-09T01:33:08.2563912Z test draft2019-09/unevaluatedItems.json/22/3 ... ok
2026-10-09T01:33:08.2564081Z test draft2019-09/unevaluatedItems.json/22/5 ... ok
2026-10-09T01:33:08.2564249Z test draft2019-09/unevaluatedItems.json/24/0 ... ok
2026-10-09T01:33:08.2564492Z test draft2019-09/unevaluatedItems.json/23/0 ... ok
2026-10-09T01:33:08.2564661Z test draft2019-09/unevaluatedItems.json/21/1 ... ok
2026-10-09T01:33:08.2564857Z test draft2019-09/unevaluatedProperties.json/0/0 ... ok
2026-10-09T01:33:08.2565168Z test draft2019-09/unevaluatedItems.json/24/1 ... ok
2026-10-09T01:33:08.2565337Z test draft2019-09/unevaluatedItems.json/25/0 ... ok
2026-10-09T01:33:08.2565528Z test draft2019-09/unevaluatedProperties.json/0/1 ... ok
2026-10-09T01:33:08.2565721Z test draft2019-09/unevaluatedProperties.json/1/0 ... ok
2026-10-09T01:33:08.2565911Z test draft2019-09/unevaluatedProperties.json/1/1 ... ok
2026-10-09T01:33:08.2566096Z test draft2019-09/unevaluatedProperties.json/2/0 ... ok
2026-10-09T01:33:08.2566282Z test draft2019-09/unevaluatedProperties.json/1/2 ... ok
2026-10-09T01:33:08.2566474Z test draft2019-09/unevaluatedProperties.json/2/1 ... ok
2026-10-09T01:33:08.2566658Z test draft2019-09/unevaluatedProperties.json/3/0 ... ok
2026-10-09T01:33:08.2566847Z test draft2019-09/unevaluatedProperties.json/3/1 ... ok
2026-10-09T01:33:08.2567037Z test draft2019-09/unevaluatedProperties.json/4/0 ... ok
2026-10-09T01:33:08.2567231Z test draft2019-09/unevaluatedProperties.json/5/0 ... ok
2026-10-09T01:33:08.2567406Z test draft2019-09/unevaluatedProperties.json/6/0 ... ok
2026-10-09T01:33:08.2567581Z test draft2019-09/unevaluatedProperties.json/4/1 ... ok
2026-10-09T01:33:08.2567761Z test draft2019-09/unevaluatedProperties.json/5/1 ... ok
2026-10-09T01:33:08.2567941Z test draft2019-09/unevaluatedProperties.json/7/0 ... ok
2026-10-09T01:33:08.2568109Z test draft2019-09/unevaluatedProperties.json/6/1 ... ok
2026-10-09T01:33:08.2568218Z test draft2019-09/unevaluatedProperties.json/7/1 ... ok
2026-10-09T01:33:08.2568328Z test draft2019-09/unevaluatedProperties.json/9/0 ... ok
2026-10-09T01:33:08.2568434Z test draft2019-09/unevaluatedProperties.json/8/0 ... ok
2026-10-09T01:33:08.2568554Z test draft2019-09/unevaluatedProperties.json/10/0 ... ok
2026-10-09T01:33:08.2568662Z test draft2019-09/unevaluatedProperties.json/9/1 ... ok
2026-10-09T01:33:08.2568836Z test draft2019-09/unevaluatedProperties.json/8/1 ... ok
2026-10-09T01:33:08.2569029Z test draft2019-09/unevaluatedProperties.json/10/1 ... ok
2026-10-09T01:33:08.2569212Z test draft2019-09/unevaluatedProperties.json/11/0 ... ok
2026-10-09T01:33:08.2569398Z test draft2019-09/unevaluatedProperties.json/11/2 ... ok
2026-10-09T01:33:08.2569598Z test draft2019-09/unevaluatedProperties.json/11/1 ... ok
2026-10-09T01:33:08.2569778Z test draft2019-09/unevaluatedProperties.json/12/0 ... ok
2026-10-09T01:33:08.2569963Z test draft2019-09/unevaluatedProperties.json/11/3 ... ok
2026-10-09T01:33:08.2570145Z test draft2019-09/unevaluatedProperties.json/12/1 ... ok
2026-10-09T01:33:08.2570324Z test draft2019-09/unevaluatedProperties.json/13/0 ... ok
2026-10-09T01:33:08.2570506Z test draft2019-09/unevaluatedProperties.json/14/0 ... ok
2026-10-09T01:33:08.2570689Z test draft2019-09/unevaluatedProperties.json/14/1 ... ok
2026-10-09T01:33:08.2570868Z test draft2019-09/unevaluatedProperties.json/14/2 ... ok
2026-10-09T01:33:08.2571054Z test draft2019-09/unevaluatedProperties.json/15/0 ... ok
2026-10-09T01:33:08.2571357Z test draft2019-09/unevaluatedProperties.json/14/3 ... ok
2026-10-09T01:33:08.2571540Z test draft2019-09/unevaluatedProperties.json/15/1 ... ok
2026-10-09T01:33:08.2571722Z test draft2019-09/unevaluatedProperties.json/15/2 ... ok
2026-10-09T01:33:08.2571902Z test draft2019-09/unevaluatedProperties.json/16/0 ... ok
2026-10-09T01:33:08.2572086Z test draft2019-09/unevaluatedProperties.json/15/3 ... ok
2026-10-09T01:33:08.2572270Z test draft2019-09/unevaluatedProperties.json/16/2 ... ok
2026-10-09T01:33:08.2572449Z test draft2019-09/unevaluatedProperties.json/16/1 ... ok
2026-10-09T01:33:08.2572631Z test draft2019-09/unevaluatedProperties.json/16/3 ... ok
2026-10-09T01:33:08.2572815Z test draft2019-09/unevaluatedProperties.json/18/0 ... ok
2026-10-09T01:33:08.2572995Z test draft2019-09/unevaluatedProperties.json/18/1 ... ok
2026-10-09T01:33:08.2573179Z test draft2019-09/unevaluatedProperties.json/17/1 ... ok
2026-10-09T01:33:08.2573428Z test draft2019-09/unevaluatedProperties.json/19/1 ... ok
2026-10-09T01:33:08.2573573Z test draft2019-09/unevaluatedProperties.json/19/0 ... ok
2026-10-09T01:33:08.2573721Z test draft2019-09/unevaluatedProperties.json/20/1 ... ok
2026-10-09T01:33:08.2573832Z test draft2019-09/unevaluatedProperties.json/17/0 ... ok
2026-10-09T01:33:08.2573941Z test draft2019-09/unevaluatedProperties.json/21/0 ... ok
2026-10-09T01:33:08.2574047Z test draft2019-09/unevaluatedProperties.json/21/1 ... ok
2026-10-09T01:33:08.2574156Z test draft2019-09/unevaluatedProperties.json/22/0 ... ok
2026-10-09T01:33:08.2574265Z test draft2019-09/unevaluatedProperties.json/23/0 ... ok
2026-10-09T01:33:08.2574371Z test draft2019-09/unevaluatedProperties.json/24/0 ... ok
2026-10-09T01:33:08.2574481Z test draft2019-09/unevaluatedProperties.json/24/1 ... ok
2026-10-09T01:33:08.2574592Z test draft2019-09/unevaluatedProperties.json/25/0 ... ok
2026-10-09T01:33:08.2574701Z test draft2019-09/unevaluatedProperties.json/26/0 ... ok
2026-10-09T01:33:08.2574810Z test draft2019-09/unevaluatedProperties.json/25/1 ... ok
2026-10-09T01:33:08.2574924Z test draft2019-09/unevaluatedProperties.json/26/1 ... ok
2026-10-09T01:33:08.2575203Z test draft2019-09/unevaluatedProperties.json/27/0 ... ok
2026-10-09T01:33:08.2575314Z test draft2019-09/unevaluatedProperties.json/28/0 ... ok
2026-10-09T01:33:08.2575420Z test draft2019-09/unevaluatedProperties.json/27/1 ... ok
2026-10-09T01:33:08.2575530Z test draft2019-09/unevaluatedProperties.json/28/1 ... ok
2026-10-09T01:33:08.2575639Z test draft2019-09/unevaluatedProperties.json/29/0 ... ok
2026-10-09T01:33:08.2575745Z test draft2019-09/unevaluatedProperties.json/29/1 ... ok
2026-10-09T01:33:08.2575854Z test draft2019-09/unevaluatedProperties.json/20/0 ... ok
2026-10-09T01:33:08.2575953Z test draft2019-09/unevaluatedItems.json/5/0 ... ok
2026-10-09T01:33:08.2576061Z test draft2019-09/unevaluatedProperties.json/30/1 ... ok
2026-10-09T01:33:08.2576171Z test draft2019-09/unevaluatedProperties.json/31/2 ... ok
2026-10-09T01:33:08.2576281Z test draft2019-09/unevaluatedProperties.json/31/0 ... ok
2026-10-09T01:33:08.2576389Z test draft2019-09/unevaluatedProperties.json/31/1 ... ok
2026-10-09T01:33:08.2576498Z test draft2019-09/unevaluatedProperties.json/32/2 ... ok
2026-10-09T01:33:08.2576604Z test draft2019-09/unevaluatedProperties.json/32/0 ... ok
2026-10-09T01:33:08.2576714Z test draft2019-09/unevaluatedProperties.json/32/1 ... ok
2026-10-09T01:33:08.2576823Z test draft2019-09/unevaluatedProperties.json/33/0 ... ok
2026-10-09T01:33:08.2576930Z test draft2019-09/unevaluatedProperties.json/33/1 ... ok
2026-10-09T01:33:08.2577039Z test draft2019-09/unevaluatedProperties.json/33/2 ... ok
2026-10-09T01:33:08.2577151Z test draft2019-09/unevaluatedProperties.json/33/3 ... ok
2026-10-09T01:33:08.2577257Z test draft2019-09/unevaluatedProperties.json/33/4 ... ok
2026-10-09T01:33:08.2577366Z test draft2019-09/unevaluatedProperties.json/33/5 ... ok
2026-10-09T01:33:08.2577476Z test draft2019-09/unevaluatedProperties.json/33/6 ... ok
2026-10-09T01:33:08.2577583Z test draft2019-09/unevaluatedProperties.json/34/0 ... ok
2026-10-09T01:33:08.2577820Z test draft2019-09/unevaluatedProperties.json/34/1 ... ok
2026-10-09T01:33:08.2577927Z test draft2019-09/unevaluatedProperties.json/34/3 ... ok
2026-10-09T01:33:08.2578037Z test draft2019-09/unevaluatedProperties.json/34/2 ... ok
2026-10-09T01:33:08.2578146Z test draft2019-09/unevaluatedProperties.json/30/0 ... ok
2026-10-09T01:33:08.2578253Z test draft2019-09/unevaluatedProperties.json/34/4 ... ok
2026-10-09T01:33:08.2578361Z test draft2019-09/unevaluatedProperties.json/34/5 ... ok
2026-10-09T01:33:08.2578470Z test draft2019-09/unevaluatedProperties.json/34/7 ... ok
2026-10-09T01:33:08.2578578Z test draft2019-09/unevaluatedProperties.json/35/0 ... ok
2026-10-09T01:33:08.2578688Z test draft2019-09/unevaluatedProperties.json/34/6 ... ok
2026-10-09T01:33:08.2578797Z test draft2019-09/unevaluatedProperties.json/35/1 ... ok
2026-10-09T01:33:08.2578985Z test draft2019-09/unevaluatedProperties.json/35/2 ... ok
2026-10-09T01:33:08.2579098Z test draft2019-09/unevaluatedProperties.json/35/5 ... ok
2026-10-09T01:33:08.2579208Z test draft2019-09/unevaluatedProperties.json/35/6 ... ok
2026-10-09T01:33:08.2579315Z test draft2019-09/unevaluatedProperties.json/35/7 ... ok
2026-10-09T01:33:08.2579424Z test draft2019-09/unevaluatedProperties.json/35/9 ... ok
2026-10-09T01:33:08.2579531Z test draft2019-09/unevaluatedProperties.json/35/8 ... ok
2026-10-09T01:33:08.2579647Z test draft2019-09/unevaluatedProperties.json/35/10 ... ok
2026-10-09T01:33:08.2579762Z test draft2019-09/unevaluatedProperties.json/35/11 ... ok
2026-10-09T01:33:08.2579872Z test draft2019-09/unevaluatedProperties.json/35/12 ... ok
2026-10-09T01:33:08.2579983Z test draft2019-09/unevaluatedProperties.json/35/13 ... ok
2026-10-09T01:33:08.2580095Z test draft2019-09/unevaluatedProperties.json/35/14 ... ok
2026-10-09T01:33:08.2580205Z test draft2019-09/unevaluatedProperties.json/35/15 ... ok
2026-10-09T01:33:08.2580320Z test draft2019-09/unevaluatedProperties.json/35/16 ... ok
2026-10-09T01:33:08.2580433Z test draft2019-09/unevaluatedProperties.json/35/17 ... ok
2026-10-09T01:33:08.2580543Z test draft2019-09/unevaluatedProperties.json/35/18 ... ok
2026-10-09T01:33:08.2580653Z test draft2019-09/unevaluatedProperties.json/35/19 ... ok
2026-10-09T01:33:08.2580762Z test draft2019-09/unevaluatedProperties.json/36/0 ... ok
2026-10-09T01:33:08.2580875Z test draft2019-09/unevaluatedProperties.json/36/1 ... ok
2026-10-09T01:33:08.2580985Z test draft2019-09/unevaluatedProperties.json/36/2 ... ok
2026-10-09T01:33:08.2581093Z test draft2019-09/unevaluatedProperties.json/36/3 ... ok
2026-10-09T01:33:08.2581205Z test draft2019-09/unevaluatedProperties.json/36/4 ... ok
2026-10-09T01:33:08.2581314Z test draft2019-09/unevaluatedProperties.json/36/5 ... ok
2026-10-09T01:33:08.2581424Z test draft2019-09/unevaluatedProperties.json/35/20 ... ok
2026-10-09T01:33:08.2581533Z test draft2019-09/unevaluatedProperties.json/37/0 ... ok
2026-10-09T01:33:08.2581643Z test draft2019-09/unevaluatedProperties.json/38/0 ... ok
2026-10-09T01:33:08.2581753Z test draft2019-09/unevaluatedProperties.json/38/1 ... ok
2026-10-09T01:33:08.2581917Z test draft2019-09/unevaluatedProperties.json/39/1 ... ok
2026-10-09T01:33:08.2582093Z test draft2019-09/unevaluatedProperties.json/39/0 ... ok
2026-10-09T01:33:08.2582267Z test draft2019-09/unevaluatedProperties.json/40/0 ... ok
2026-10-09T01:33:08.2582442Z test draft2019-09/unevaluatedProperties.json/40/1 ... ok
2026-10-09T01:33:08.2582616Z test draft2019-09/unevaluatedProperties.json/40/2 ... ok
2026-10-09T01:33:08.2582747Z test draft2019-09/unevaluatedProperties.json/41/0 ... ok
2026-10-09T01:33:08.2582858Z test draft2019-09/unevaluatedProperties.json/42/0 ... ok
2026-10-09T01:33:08.2582965Z test draft2019-09/unevaluatedProperties.json/35/4 ... ok
2026-10-09T01:33:08.2583075Z test draft2019-09/unevaluatedProperties.json/43/1 ... ok
2026-10-09T01:33:08.2583167Z test draft2019-09/uniqueItems.json/0/0 ... ok
2026-10-09T01:33:08.2583276Z test draft2019-09/unevaluatedProperties.json/42/1 ... ok
2026-10-09T01:33:08.2583453Z test draft2019-09/unevaluatedProperties.json/35/3 ... ok
2026-10-09T01:33:08.2583544Z test draft2019-09/uniqueItems.json/0/1 ... ok
2026-10-09T01:33:08.2583633Z test draft2019-09/uniqueItems.json/0/2 ... ok
2026-10-09T01:33:08.2583723Z test draft2019-09/uniqueItems.json/0/4 ... ok
2026-10-09T01:33:08.2583808Z test draft2019-09/uniqueItems.json/0/5 ... ok
2026-10-09T01:33:08.2583896Z test draft2019-09/uniqueItems.json/0/6 ... ok
2026-10-09T01:33:08.2583984Z test draft2019-09/uniqueItems.json/0/7 ... ok
2026-10-09T01:33:08.2584069Z test draft2019-09/uniqueItems.json/0/3 ... ok
2026-10-09T01:33:08.2584156Z test draft2019-09/uniqueItems.json/0/8 ... ok
2026-10-09T01:33:08.2584242Z test draft2019-09/uniqueItems.json/0/9 ... ok
2026-10-09T01:33:08.2584331Z test draft2019-09/uniqueItems.json/0/11 ... ok
2026-10-09T01:33:08.2584421Z test draft2019-09/uniqueItems.json/0/12 ... ok
2026-10-09T01:33:08.2584565Z test draft2019-09/uniqueItems.json/0/10 ... ok
2026-10-09T01:33:08.2584654Z test draft2019-09/uniqueItems.json/0/13 ... ok
2026-10-09T01:33:08.2584745Z test draft2019-09/uniqueItems.json/0/14 ... ok
2026-10-09T01:33:08.2584831Z test draft2019-09/uniqueItems.json/0/16 ... ok
2026-10-09T01:33:08.2584920Z test draft2019-09/uniqueItems.json/0/17 ... ok
2026-10-09T01:33:08.2585154Z test draft2019-09/uniqueItems.json/0/15 ... ok
2026-10-09T01:33:08.2585240Z test draft2019-09/uniqueItems.json/0/19 ... ok
2026-10-09T01:33:08.2585329Z test draft2019-09/uniqueItems.json/0/18 ... ok
2026-10-09T01:33:08.2585418Z test draft2019-09/uniqueItems.json/0/20 ... ok
2026-10-09T01:33:08.2585504Z test draft2019-09/uniqueItems.json/0/21 ... ok
2026-10-09T01:33:08.2585592Z test draft2019-09/uniqueItems.json/0/22 ... ok
2026-10-09T01:33:08.2585681Z test draft2019-09/uniqueItems.json/0/24 ... ok
2026-10-09T01:33:08.2585767Z test draft2019-09/uniqueItems.json/0/23 ... ok
2026-10-09T01:33:08.2585856Z test draft2019-09/uniqueItems.json/0/25 ... ok
2026-10-09T01:33:08.2585944Z test draft2019-09/uniqueItems.json/0/26 ... ok
2026-10-09T01:33:08.2586035Z test draft2019-09/uniqueItems.json/0/27 ... ok
2026-10-09T01:33:08.2586123Z test draft2019-09/uniqueItems.json/1/1 ... ok
2026-10-09T01:33:08.2586210Z test draft2019-09/uniqueItems.json/1/0 ... ok
2026-10-09T01:33:08.2586299Z test draft2019-09/uniqueItems.json/1/2 ... ok
2026-10-09T01:33:08.2586387Z test draft2019-09/uniqueItems.json/1/3 ... ok
2026-10-09T01:33:08.2586472Z test draft2019-09/uniqueItems.json/1/4 ... ok
2026-10-09T01:33:08.2586559Z test draft2019-09/uniqueItems.json/1/5 ... ok
2026-10-09T01:33:08.2586644Z test draft2019-09/uniqueItems.json/1/6 ... ok
2026-10-09T01:33:08.2586730Z test draft2019-09/uniqueItems.json/1/7 ... ok
2026-10-09T01:33:08.2586816Z test draft2019-09/uniqueItems.json/2/0 ... ok
2026-10-09T01:33:08.2586900Z test draft2019-09/uniqueItems.json/2/1 ... ok
2026-10-09T01:33:08.2586987Z test draft2019-09/uniqueItems.json/2/2 ... ok
2026-10-09T01:33:08.2587075Z test draft2019-09/uniqueItems.json/3/0 ... ok
2026-10-09T01:33:08.2587160Z test draft2019-09/uniqueItems.json/2/3 ... ok
2026-10-09T01:33:08.2587250Z test draft2019-09/uniqueItems.json/3/1 ... ok
2026-10-09T01:33:08.2587337Z test draft2019-09/uniqueItems.json/3/3 ... ok
2026-10-09T01:33:08.2587421Z test draft2019-09/uniqueItems.json/3/2 ... ok
2026-10-09T01:33:08.2587508Z test draft2019-09/uniqueItems.json/3/4 ... ok
2026-10-09T01:33:08.2587592Z test draft2019-09/uniqueItems.json/3/6 ... ok
2026-10-09T01:33:08.2587680Z test draft2019-09/uniqueItems.json/3/5 ... ok
2026-10-09T01:33:08.2587766Z test draft2019-09/uniqueItems.json/2/4 ... ok
2026-10-09T01:33:08.2587852Z test draft2019-09/uniqueItems.json/3/7 ... ok
2026-10-09T01:33:08.2587939Z test draft2019-09/uniqueItems.json/3/9 ... ok
2026-10-09T01:33:08.2588026Z test draft2019-09/uniqueItems.json/3/8 ... ok
2026-10-09T01:33:08.2588112Z test draft2019-09/uniqueItems.json/3/10 ... ok
2026-10-09T01:33:08.2588202Z test draft2019-09/uniqueItems.json/3/11 ... ok
2026-10-09T01:33:08.2588292Z test draft2019-09/uniqueItems.json/3/12 ... ok
2026-10-09T01:33:08.2588466Z test draft2019-09/uniqueItems.json/3/13 ... ok
2026-10-09T01:33:08.2588554Z test draft2019-09/uniqueItems.json/3/14 ... ok
2026-10-09T01:33:08.2588640Z test draft2019-09/uniqueItems.json/4/0 ... ok
2026-10-09T01:33:08.2588727Z test draft2019-09/uniqueItems.json/4/1 ... ok
2026-10-09T01:33:08.2588814Z test draft2019-09/uniqueItems.json/4/2 ... ok
2026-10-09T01:33:08.2588899Z test draft2019-09/uniqueItems.json/4/3 ... ok
2026-10-09T01:33:08.2588986Z test draft2019-09/uniqueItems.json/4/4 ... ok
2026-10-09T01:33:08.2589073Z test draft2019-09/uniqueItems.json/4/5 ... ok
2026-10-09T01:33:08.2589157Z test draft2019-09/uniqueItems.json/4/6 ... ok
2026-10-09T01:33:08.2589244Z test draft2019-09/uniqueItems.json/5/0 ... ok
2026-10-09T01:33:08.2589331Z test draft2019-09/uniqueItems.json/4/7 ... ok
2026-10-09T01:33:08.2589416Z test draft2019-09/uniqueItems.json/5/2 ... ok
2026-10-09T01:33:08.2589503Z test draft2019-09/uniqueItems.json/5/1 ... ok
2026-10-09T01:33:08.2589668Z test draft2019-09/uniqueItems.json/5/3 ... ok
2026-10-09T01:33:08.2589759Z test draft2019-09/vocabulary.json/0/0 ... ok
2026-10-09T01:33:08.2589846Z test draft2019-09/uniqueItems.json/5/4 ... ok
2026-10-09T01:33:08.2589931Z test draft2019-09/vocabulary.json/0/1 ... ok
2026-10-09T01:33:08.2590017Z test draft2019-09/vocabulary.json/1/0 ... ok
2026-10-09T01:33:08.2590104Z test draft2019-09/vocabulary.json/1/1 ... ok
2026-10-09T01:33:08.2590187Z test draft2019-09/vocabulary.json/0/2 ... ok
2026-10-09T01:33:08.2590297Z test output/draft2019-09/content/general.json/0/0 ... ok
2026-10-09T01:33:08.2590409Z test output/draft2019-09/content/readOnly.json/0/0 ... ok
2026-10-09T01:33:08.2590482Z test suite-inventory ... ok
2026-10-09T01:33:08.2590590Z test output/draft2019-09/content/escape.json/0/0 ... ok
2026-10-09T01:33:08.2590696Z test output/draft2019-09/content/type.json/0/0 ... ok
2026-10-09T01:33:08.2590808Z test draft2019-09/unevaluatedProperties.json/43/0 ... ok
2026-10-09T01:33:08.2590816Z 
2026-10-09T01:33:08.2591018Z test result: ok. 2298 passed; 0 failed; 0 ignored; 0 measured; 0 filtered out; finished in 0.01s
2026-10-09T01:33:08.2591026Z 
2026-10-09T01:33:08.2591700Z [1m[92m     Running[0m tests/unicode_aligned.rs (target/debug/build/purrdf-lex/bd4320952df2d1da/out/unicode_aligned-bd4320952df2d1da)
2026-10-09T01:33:08.2591705Z 
2026-10-09T01:33:08.2591764Z running 1841 tests
2026-10-09T01:33:08.2591856Z test draft7/additionalItems.json/0/0 ... ok
2026-10-09T01:33:08.2591979Z test draft7/additionalItems.json/0/1 ... ok
2026-10-09T01:33:08.2592123Z test draft7/additionalItems.json/1/0 ... ok
2026-10-09T01:33:08.2592260Z test draft7/additionalItems.json/1/1 ... ok
2026-10-09T01:33:08.2592374Z test draft7/additionalItems.json/3/0 ... ok
2026-10-09T01:33:08.2592459Z test draft7/additionalItems.json/3/1 ... ok
2026-10-09T01:33:08.2592544Z test draft7/additionalItems.json/3/2 ... ok
2026-10-09T01:33:08.2592629Z test draft7/additionalItems.json/3/3 ... ok
2026-10-09T01:33:08.2592772Z test draft7/additionalItems.json/2/0 ... ok
2026-10-09T01:33:08.2592914Z test draft7/additionalItems.json/4/0 ... ok
2026-10-09T01:33:08.2593055Z test draft7/additionalItems.json/3/4 ... ok
2026-10-09T01:33:08.2593190Z test draft7/additionalItems.json/4/1 ... ok
2026-10-09T01:33:08.2593327Z test draft7/additionalItems.json/5/0 ... ok
2026-10-09T01:33:08.2593471Z test draft7/additionalItems.json/7/0 ... ok
2026-10-09T01:33:08.2593614Z test draft7/additionalItems.json/7/1 ... ok
2026-10-09T01:33:08.2593761Z test draft7/additionalItems.json/8/0 ... ok
2026-10-09T01:33:08.2593907Z test draft7/additionalItems.json/9/0 ... ok
2026-10-09T01:33:08.2594052Z test draft7/additionalItems.json/8/1 ... ok
2026-10-09T01:33:08.2594198Z test draft7/additionalItems.json/6/0 ... ok
2026-10-09T01:33:08.2594371Z test draft7/additionalProperties.json/0/2 ... ok
2026-10-09T01:33:08.2594542Z test draft7/additionalProperties.json/0/3 ... ok
2026-10-09T01:33:08.2594711Z test draft7/additionalProperties.json/0/0 ... ok
2026-10-09T01:33:08.2594880Z test draft7/additionalProperties.json/0/4 ... ok
2026-10-09T01:33:08.2595269Z test draft7/additionalProperties.json/0/1 ... ok
2026-10-09T01:33:08.2595438Z test draft7/additionalProperties.json/1/1 ... ok
2026-10-09T01:33:08.2595600Z test draft7/additionalProperties.json/0/5 ... ok
2026-10-09T01:33:08.2595764Z test draft7/additionalProperties.json/2/0 ... ok
2026-10-09T01:33:08.2595930Z test draft7/additionalProperties.json/2/1 ... ok
2026-10-09T01:33:08.2596093Z test draft7/additionalProperties.json/2/2 ... ok
2026-10-09T01:33:08.2596257Z test draft7/additionalProperties.json/3/0 ... ok
2026-10-09T01:33:08.2596418Z test draft7/additionalProperties.json/1/0 ... ok
2026-10-09T01:33:08.2596584Z test draft7/additionalProperties.json/4/0 ... ok
2026-10-09T01:33:08.2596749Z test draft7/additionalProperties.json/3/1 ... ok
2026-10-09T01:33:08.2596913Z test draft7/additionalProperties.json/6/0 ... ok
2026-10-09T01:33:08.2597082Z test draft7/additionalProperties.json/5/0 ... ok
2026-10-09T01:33:08.2597310Z test draft7/allOf.json/0/0 ... ok
2026-10-09T01:33:08.2597434Z test draft7/allOf.json/0/1 ... ok
2026-10-09T01:33:08.2597560Z test draft7/allOf.json/0/2 ... ok
2026-10-09T01:33:08.2597682Z test draft7/allOf.json/0/3 ... ok
2026-10-09T01:33:08.2597803Z test draft7/allOf.json/1/0 ... ok
2026-10-09T01:33:08.2597925Z test draft7/allOf.json/1/1 ... ok
2026-10-09T01:33:08.2598045Z test draft7/allOf.json/1/2 ... ok
2026-10-09T01:33:08.2598167Z test draft7/allOf.json/1/4 ... ok
2026-10-09T01:33:08.2598289Z test draft7/allOf.json/1/3 ... ok
2026-10-09T01:33:08.2598409Z test draft7/allOf.json/2/0 ... ok
2026-10-09T01:33:08.2598532Z test draft7/allOf.json/3/0 ... ok
2026-10-09T01:33:08.2598655Z test draft7/allOf.json/4/0 ... ok
2026-10-09T01:33:08.2598776Z test draft7/allOf.json/2/1 ... ok
2026-10-09T01:33:08.2598899Z test draft7/allOf.json/5/0 ... ok
2026-10-09T01:33:08.2599019Z test draft7/allOf.json/6/0 ... ok
2026-10-09T01:33:08.2599141Z test draft7/allOf.json/7/0 ... ok
2026-10-09T01:33:08.2599265Z test draft7/allOf.json/8/0 ... ok
2026-10-09T01:33:08.2599386Z test draft7/allOf.json/8/1 ... ok
2026-10-09T01:33:08.2599512Z test draft7/allOf.json/9/0 ... ok
2026-10-09T01:33:08.2599634Z test draft7/allOf.json/9/1 ... ok
2026-10-09T01:33:08.2599761Z test draft7/allOf.json/10/0 ... ok
2026-10-09T01:33:08.2599887Z test draft7/allOf.json/10/1 ... ok
2026-10-09T01:33:08.2600009Z test draft7/allOf.json/11/0 ... ok
2026-10-09T01:33:08.2600134Z test draft7/allOf.json/11/1 ... ok
2026-10-09T01:33:08.2600259Z test draft7/allOf.json/11/2 ... ok
2026-10-09T01:33:08.2600381Z test draft7/allOf.json/11/3 ... ok
2026-10-09T01:33:08.2600505Z test draft7/allOf.json/11/4 ... ok
2026-10-09T01:33:08.2600631Z test draft7/allOf.json/11/5 ... ok
2026-10-09T01:33:08.2600753Z test draft7/allOf.json/11/6 ... ok
2026-10-09T01:33:08.2600878Z test draft7/anyOf.json/0/0 ... ok
2026-10-09T01:33:08.2601000Z test draft7/anyOf.json/0/2 ... ok
2026-10-09T01:33:08.2601125Z test draft7/anyOf.json/0/1 ... ok
2026-10-09T01:33:08.2601247Z test draft7/anyOf.json/0/3 ... ok
2026-10-09T01:33:08.2601370Z test draft7/anyOf.json/1/0 ... ok
2026-10-09T01:33:08.2601496Z test draft7/anyOf.json/1/1 ... ok
2026-10-09T01:33:08.2601619Z test draft7/anyOf.json/1/2 ... ok
2026-10-09T01:33:08.2601740Z test draft7/anyOf.json/2/0 ... ok
2026-10-09T01:33:08.2601864Z test draft7/anyOf.json/3/0 ... ok
2026-10-09T01:33:08.2601986Z test draft7/anyOf.json/4/0 ... ok
2026-10-09T01:33:08.2602106Z test draft7/anyOf.json/5/0 ... ok
2026-10-09T01:33:08.2602228Z test draft7/anyOf.json/5/1 ... ok
2026-10-09T01:33:08.2602349Z test draft7/anyOf.json/6/0 ... ok
2026-10-09T01:33:08.2602472Z test draft7/anyOf.json/6/1 ... ok
2026-10-09T01:33:08.2602594Z test draft7/anyOf.json/5/2 ... ok
2026-10-09T01:33:08.2602714Z test draft7/anyOf.json/5/3 ... ok
2026-10-09T01:33:08.2602863Z test draft7/boolean_schema.json/0/0 ... ok
2026-10-09T01:33:08.2603010Z test draft7/boolean_schema.json/0/1 ... ok
2026-10-09T01:33:08.2603131Z test draft7/anyOf.json/7/1 ... ok
2026-10-09T01:33:08.2603277Z test draft7/boolean_schema.json/0/2 ... ok
2026-10-09T01:33:08.2603420Z test draft7/boolean_schema.json/0/4 ... ok
2026-10-09T01:33:08.2603648Z test draft7/boolean_schema.json/0/3 ... ok
2026-10-09T01:33:08.2603773Z test draft7/anyOf.json/7/0 ... ok
2026-10-09T01:33:08.2603913Z test draft7/boolean_schema.json/0/5 ... ok
2026-10-09T01:33:08.2604056Z test draft7/boolean_schema.json/0/6 ... ok
2026-10-09T01:33:08.2604197Z test draft7/boolean_schema.json/0/7 ... ok
2026-10-09T01:33:08.2604337Z test draft7/boolean_schema.json/0/8 ... ok
2026-10-09T01:33:08.2604479Z test draft7/boolean_schema.json/1/1 ... ok
2026-10-09T01:33:08.2604620Z test draft7/boolean_schema.json/1/0 ... ok
2026-10-09T01:33:08.2604759Z test draft7/boolean_schema.json/1/2 ... ok
2026-10-09T01:33:08.2604900Z test draft7/boolean_schema.json/1/3 ... ok
2026-10-09T01:33:08.2605183Z test draft7/boolean_schema.json/1/5 ... ok
2026-10-09T01:33:08.2605324Z test draft7/boolean_schema.json/1/6 ... ok
2026-10-09T01:33:08.2605464Z test draft7/boolean_schema.json/1/7 ... ok
2026-10-09T01:33:08.2605697Z test draft7/boolean_schema.json/1/8 ... ok
2026-10-09T01:33:08.2605842Z test draft7/boolean_schema.json/1/4 ... ok
2026-10-09T01:33:08.2605968Z test draft7/const.json/0/0 ... ok
2026-10-09T01:33:08.2606088Z test draft7/const.json/0/2 ... ok
2026-10-09T01:33:08.2606212Z test draft7/const.json/0/1 ... ok
2026-10-09T01:33:08.2606333Z test draft7/const.json/1/0 ... ok
2026-10-09T01:33:08.2606458Z test draft7/const.json/1/1 ... ok
2026-10-09T01:33:08.2606581Z test draft7/const.json/1/2 ... ok
2026-10-09T01:33:08.2606701Z test draft7/const.json/2/0 ... ok
2026-10-09T01:33:08.2606824Z test draft7/const.json/2/1 ... ok
2026-10-09T01:33:08.2606945Z test draft7/const.json/1/3 ... ok
2026-10-09T01:33:08.2607065Z test draft7/const.json/2/2 ... ok
2026-10-09T01:33:08.2607188Z test draft7/const.json/3/0 ... ok
2026-10-09T01:33:08.2607308Z test draft7/const.json/4/0 ... ok
2026-10-09T01:33:08.2607430Z test draft7/const.json/4/1 ... ok
2026-10-09T01:33:08.2607554Z test draft7/const.json/3/1 ... ok
2026-10-09T01:33:08.2607675Z test draft7/const.json/4/2 ... ok
2026-10-09T01:33:08.2607800Z test draft7/const.json/5/0 ... ok
2026-10-09T01:33:08.2607923Z test draft7/const.json/5/2 ... ok
2026-10-09T01:33:08.2608042Z test draft7/const.json/5/1 ... ok
2026-10-09T01:33:08.2608165Z test draft7/const.json/6/0 ... ok
2026-10-09T01:33:08.2608286Z test draft7/const.json/6/1 ... ok
2026-10-09T01:33:08.2608407Z test draft7/const.json/7/1 ... ok
2026-10-09T01:33:08.2608530Z test draft7/const.json/7/0 ... ok
2026-10-09T01:33:08.2608651Z test draft7/const.json/6/2 ... ok
2026-10-09T01:33:08.2608773Z test draft7/const.json/8/0 ... ok
2026-10-09T01:33:08.2608896Z test draft7/const.json/7/2 ... ok
2026-10-09T01:33:08.2609015Z test draft7/const.json/8/1 ... ok
2026-10-09T01:33:08.2609138Z test draft7/const.json/9/0 ... ok
2026-10-09T01:33:08.2609260Z test draft7/const.json/9/1 ... ok
2026-10-09T01:33:08.2609380Z test draft7/const.json/8/2 ... ok
2026-10-09T01:33:08.2609505Z test draft7/const.json/10/0 ... ok
2026-10-09T01:33:08.2609628Z test draft7/const.json/9/2 ... ok
2026-10-09T01:33:08.2609758Z test draft7/const.json/10/1 ... ok
2026-10-09T01:33:08.2609882Z test draft7/const.json/10/3 ... ok
2026-10-09T01:33:08.2610004Z test draft7/const.json/10/2 ... ok
2026-10-09T01:33:08.2610128Z test draft7/const.json/10/4 ... ok
2026-10-09T01:33:08.2610252Z test draft7/const.json/11/0 ... ok
2026-10-09T01:33:08.2610374Z test draft7/const.json/10/5 ... ok
2026-10-09T01:33:08.2610499Z test draft7/const.json/11/1 ... ok
2026-10-09T01:33:08.2610621Z test draft7/const.json/12/1 ... ok
2026-10-09T01:33:08.2610745Z test draft7/const.json/12/0 ... ok
2026-10-09T01:33:08.2610869Z test draft7/const.json/11/2 ... ok
2026-10-09T01:33:08.2610990Z test draft7/const.json/12/2 ... ok
2026-10-09T01:33:08.2611114Z test draft7/const.json/12/3 ... ok
2026-10-09T01:33:08.2611238Z test draft7/const.json/12/4 ... ok
2026-10-09T01:33:08.2611359Z test draft7/const.json/13/0 ... ok
2026-10-09T01:33:08.2611483Z test draft7/const.json/13/1 ... ok
2026-10-09T01:33:08.2611609Z test draft7/const.json/13/2 ... ok
2026-10-09T01:33:08.2611827Z test draft7/const.json/14/0 ... ok
2026-10-09T01:33:08.2611950Z test draft7/const.json/13/3 ... ok
2026-10-09T01:33:08.2612071Z test draft7/const.json/15/0 ... ok
2026-10-09T01:33:08.2612195Z test draft7/const.json/15/1 ... ok
2026-10-09T01:33:08.2612319Z test draft7/const.json/16/0 ... ok
2026-10-09T01:33:08.2612441Z test draft7/const.json/14/1 ... ok
2026-10-09T01:33:08.2612564Z test draft7/const.json/16/1 ... ok
2026-10-09T01:33:08.2612696Z test draft7/contains.json/0/0 ... ok
2026-10-09T01:33:08.2612822Z test draft7/contains.json/0/1 ... ok
2026-10-09T01:33:08.2612951Z test draft7/contains.json/0/2 ... ok
2026-10-09T01:33:08.2613076Z test draft7/contains.json/0/5 ... ok
2026-10-09T01:33:08.2613204Z test draft7/contains.json/0/4 ... ok
2026-10-09T01:33:08.2613333Z test draft7/contains.json/0/3 ... ok
2026-10-09T01:33:08.2613457Z test draft7/contains.json/1/0 ... ok
2026-10-09T01:33:08.2613585Z test draft7/contains.json/1/1 ... ok
2026-10-09T01:33:08.2613781Z test draft7/contains.json/2/0 ... ok
2026-10-09T01:33:08.2613909Z test draft7/contains.json/2/1 ... ok
2026-10-09T01:33:08.2614036Z test draft7/contains.json/3/0 ... ok
2026-10-09T01:33:08.2614162Z test draft7/contains.json/3/1 ... ok
2026-10-09T01:33:08.2614290Z test draft7/contains.json/1/2 ... ok
2026-10-09T01:33:08.2614418Z test draft7/contains.json/3/2 ... ok
2026-10-09T01:33:08.2614544Z test draft7/contains.json/4/2 ... ok
2026-10-09T01:33:08.2614671Z test draft7/contains.json/4/1 ... ok
2026-10-09T01:33:08.2614799Z test draft7/contains.json/4/0 ... ok
2026-10-09T01:33:08.2614924Z test draft7/contains.json/5/1 ... ok
2026-10-09T01:33:08.2615137Z test draft7/contains.json/6/0 ... ok
2026-10-09T01:33:08.2615258Z test draft7/contains.json/4/3 ... ok
2026-10-09T01:33:08.2615383Z test draft7/contains.json/5/0 ... ok
2026-10-09T01:33:08.2615514Z test draft7/default.json/0/1 ... ok
2026-10-09T01:33:08.2615638Z test draft7/default.json/1/1 ... ok
2026-10-09T01:33:08.2615767Z test draft7/default.json/0/0 ... ok
2026-10-09T01:33:08.2615894Z test draft7/default.json/1/0 ... ok
2026-10-09T01:33:08.2616020Z test draft7/default.json/2/1 ... ok
2026-10-09T01:33:08.2616146Z test draft7/default.json/2/2 ... ok
2026-10-09T01:33:08.2616287Z test draft7/definitions.json/0/0 ... ok
2026-10-09T01:33:08.2616428Z test draft7/dependencies.json/0/0 ... ok
2026-10-09T01:33:08.2616571Z test draft7/dependencies.json/0/1 ... ok
2026-10-09T01:33:08.2616708Z test draft7/dependencies.json/0/2 ... ok
2026-10-09T01:33:08.2616848Z test draft7/dependencies.json/0/3 ... ok
2026-10-09T01:33:08.2616989Z test draft7/dependencies.json/0/4 ... ok
2026-10-09T01:33:08.2617125Z test draft7/dependencies.json/0/5 ... ok
2026-10-09T01:33:08.2617265Z test draft7/dependencies.json/0/6 ... ok
2026-10-09T01:33:08.2617403Z test draft7/dependencies.json/1/0 ... ok
2026-10-09T01:33:08.2617539Z test draft7/dependencies.json/1/1 ... ok
2026-10-09T01:33:08.2617677Z test draft7/dependencies.json/1/2 ... ok
2026-10-09T01:33:08.2617817Z test draft7/dependencies.json/2/0 ... ok
2026-10-09T01:33:08.2617958Z test draft7/dependencies.json/2/1 ... ok
2026-10-09T01:33:08.2618096Z test draft7/dependencies.json/2/2 ... ok
2026-10-09T01:33:08.2618232Z test draft7/dependencies.json/2/3 ... ok
2026-10-09T01:33:08.2618370Z test draft7/dependencies.json/2/4 ... ok
2026-10-09T01:33:08.2618508Z test draft7/dependencies.json/2/5 ... ok
2026-10-09T01:33:08.2618644Z test draft7/dependencies.json/3/0 ... ok
2026-10-09T01:33:08.2618781Z test draft7/dependencies.json/3/1 ... ok
2026-10-09T01:33:08.2618919Z test draft7/dependencies.json/3/2 ... ok
2026-10-09T01:33:08.2619055Z test draft7/dependencies.json/3/3 ... ok
2026-10-09T01:33:08.2619193Z test draft7/dependencies.json/3/4 ... ok
2026-10-09T01:33:08.2619329Z test draft7/dependencies.json/4/0 ... ok
2026-10-09T01:33:08.2619467Z test draft7/dependencies.json/4/1 ... ok
2026-10-09T01:33:08.2619604Z test draft7/dependencies.json/4/2 ... ok
2026-10-09T01:33:08.2619738Z test draft7/dependencies.json/4/3 ... ok
2026-10-09T01:33:08.2619879Z test draft7/dependencies.json/5/0 ... ok
2026-10-09T01:33:08.2620121Z test draft7/dependencies.json/5/1 ... ok
2026-10-09T01:33:08.2620257Z test draft7/definitions.json/0/1 ... ok
2026-10-09T01:33:08.2620396Z test draft7/dependencies.json/5/2 ... ok
2026-10-09T01:33:08.2620533Z test draft7/dependencies.json/5/3 ... ok
2026-10-09T01:33:08.2620673Z test draft7/dependencies.json/5/4 ... ok
2026-10-09T01:33:08.2620811Z test draft7/dependencies.json/5/6 ... ok
2026-10-09T01:33:08.2620948Z test draft7/dependencies.json/5/5 ... ok
2026-10-09T01:33:08.2621085Z test draft7/dependencies.json/6/1 ... ok
2026-10-09T01:33:08.2621224Z test draft7/dependencies.json/6/0 ... ok
2026-10-09T01:33:08.2621360Z test draft7/dependencies.json/6/3 ... ok
2026-10-09T01:33:08.2621486Z test draft7/enum.json/0/0 ... ok
2026-10-09T01:33:08.2621610Z test draft7/enum.json/0/1 ... ok
2026-10-09T01:33:08.2621729Z test draft7/enum.json/1/0 ... ok
2026-10-09T01:33:08.2621849Z test draft7/enum.json/1/1 ... ok
2026-10-09T01:33:08.2622058Z test draft7/enum.json/1/2 ... ok
2026-10-09T01:33:08.2622202Z test draft7/dependencies.json/6/2 ... ok
2026-10-09T01:33:08.2622323Z test draft7/enum.json/1/3 ... ok
2026-10-09T01:33:08.2622440Z test draft7/enum.json/2/0 ... ok
2026-10-09T01:33:08.2622561Z test draft7/enum.json/2/1 ... ok
2026-10-09T01:33:08.2622680Z test draft7/enum.json/1/4 ... ok
2026-10-09T01:33:08.2622798Z test draft7/enum.json/2/2 ... ok
2026-10-09T01:33:08.2622918Z test draft7/enum.json/3/0 ... ok
2026-10-09T01:33:08.2623035Z test draft7/enum.json/3/1 ... ok
2026-10-09T01:33:08.2623154Z test draft7/enum.json/3/2 ... ok
2026-10-09T01:33:08.2623274Z test draft7/enum.json/3/3 ... ok
2026-10-09T01:33:08.2623391Z test draft7/enum.json/3/5 ... ok
2026-10-09T01:33:08.2623512Z test draft7/enum.json/4/0 ... ok
2026-10-09T01:33:08.2623632Z test draft7/enum.json/3/4 ... ok
2026-10-09T01:33:08.2623750Z test draft7/enum.json/4/1 ... ok
2026-10-09T01:33:08.2623870Z test draft7/enum.json/5/0 ... ok
2026-10-09T01:33:08.2623990Z test draft7/enum.json/4/2 ... ok
2026-10-09T01:33:08.2624111Z test draft7/enum.json/5/1 ... ok
2026-10-09T01:33:08.2624232Z test draft7/enum.json/5/2 ... ok
2026-10-09T01:33:08.2624350Z test draft7/enum.json/6/0 ... ok
2026-10-09T01:33:08.2624470Z test draft7/enum.json/6/1 ... ok
2026-10-09T01:33:08.2624589Z test draft7/enum.json/6/2 ... ok
2026-10-09T01:33:08.2624706Z test draft7/enum.json/7/1 ... ok
2026-10-09T01:33:08.2624827Z test draft7/enum.json/7/0 ... ok
2026-10-09T01:33:08.2625042Z test draft7/enum.json/7/2 ... ok
2026-10-09T01:33:08.2625163Z test draft7/enum.json/8/1 ... ok
2026-10-09T01:33:08.2625283Z test draft7/enum.json/8/0 ... ok
2026-10-09T01:33:08.2625401Z test draft7/enum.json/9/0 ... ok
2026-10-09T01:33:08.2625521Z test draft7/enum.json/8/2 ... ok
2026-10-09T01:33:08.2625641Z test draft7/enum.json/9/1 ... ok
2026-10-09T01:33:08.2625759Z test draft7/enum.json/9/2 ... ok
2026-10-09T01:33:08.2625885Z test draft7/enum.json/10/0 ... ok
2026-10-09T01:33:08.2626007Z test draft7/enum.json/10/1 ... ok
2026-10-09T01:33:08.2626133Z test draft7/enum.json/11/0 ... ok
2026-10-09T01:33:08.2626257Z test draft7/enum.json/10/2 ... ok
2026-10-09T01:33:08.2626377Z test draft7/enum.json/11/1 ... ok
2026-10-09T01:33:08.2626499Z test draft7/enum.json/11/2 ... ok
2026-10-09T01:33:08.2626620Z test draft7/enum.json/12/0 ... ok
2026-10-09T01:33:08.2626740Z test draft7/enum.json/12/1 ... ok
2026-10-09T01:33:08.2626862Z test draft7/enum.json/12/2 ... ok
2026-10-09T01:33:08.2626985Z test draft7/enum.json/13/0 ... ok
2026-10-09T01:33:08.2627104Z test draft7/enum.json/13/1 ... ok
2026-10-09T01:33:08.2627227Z test draft7/enum.json/14/0 ... ok
2026-10-09T01:33:08.2627347Z test draft7/enum.json/14/1 ... ok
2026-10-09T01:33:08.2627504Z test draft7/exclusiveMaximum.json/0/0 ... ok
2026-10-09T01:33:08.2627660Z test draft7/exclusiveMaximum.json/0/1 ... ok
2026-10-09T01:33:08.2627810Z test draft7/exclusiveMaximum.json/0/2 ... ok
2026-10-09T01:33:08.2627964Z test draft7/exclusiveMaximum.json/0/3 ... ok
2026-10-09T01:33:08.2628118Z test draft7/exclusiveMinimum.json/0/0 ... ok
2026-10-09T01:33:08.2628268Z test draft7/exclusiveMinimum.json/0/2 ... ok
2026-10-09T01:33:08.2628518Z test draft7/exclusiveMinimum.json/0/1 ... ok
2026-10-09T01:33:08.2628666Z test draft7/exclusiveMinimum.json/0/3 ... ok
2026-10-09T01:33:08.2628795Z test draft7/format.json/0/0 ... ok
2026-10-09T01:33:08.2628921Z test draft7/format.json/0/2 ... ok
2026-10-09T01:33:08.2629044Z test draft7/format.json/0/1 ... ok
2026-10-09T01:33:08.2629169Z test draft7/format.json/0/3 ... ok
2026-10-09T01:33:08.2629293Z test draft7/format.json/0/4 ... ok
2026-10-09T01:33:08.2629414Z test draft7/format.json/0/5 ... ok
2026-10-09T01:33:08.2629538Z test draft7/format.json/1/1 ... ok
2026-10-09T01:33:08.2629661Z test draft7/format.json/1/0 ... ok
2026-10-09T01:33:08.2629783Z test draft7/format.json/1/2 ... ok
2026-10-09T01:33:08.2629906Z test draft7/format.json/1/3 ... ok
2026-10-09T01:33:08.2630029Z test draft7/format.json/1/4 ... ok
2026-10-09T01:33:08.2630153Z test draft7/format.json/2/0 ... ok
2026-10-09T01:33:08.2630369Z test draft7/format.json/1/5 ... ok
2026-10-09T01:33:08.2630494Z test draft7/format.json/2/1 ... ok
2026-10-09T01:33:08.2630618Z test draft7/format.json/2/2 ... ok
2026-10-09T01:33:08.2630743Z test draft7/format.json/2/3 ... ok
2026-10-09T01:33:08.2630864Z test draft7/format.json/2/4 ... ok
2026-10-09T01:33:08.2630990Z test draft7/format.json/2/5 ... ok
2026-10-09T01:33:08.2631111Z test draft7/format.json/3/0 ... ok
2026-10-09T01:33:08.2631234Z test draft7/format.json/3/1 ... ok
2026-10-09T01:33:08.2631358Z test draft7/format.json/3/2 ... ok
2026-10-09T01:33:08.2631480Z test draft7/format.json/3/3 ... ok
2026-10-09T01:33:08.2631603Z test draft7/format.json/3/4 ... ok
2026-10-09T01:33:08.2631729Z test draft7/format.json/3/5 ... ok
2026-10-09T01:33:08.2631851Z test draft7/format.json/4/0 ... ok
2026-10-09T01:33:08.2631976Z test draft7/format.json/4/1 ... ok
2026-10-09T01:33:08.2632098Z test draft7/format.json/4/2 ... ok
2026-10-09T01:33:08.2632222Z test draft7/format.json/4/3 ... ok
2026-10-09T01:33:08.2632348Z test draft7/format.json/4/4 ... ok
2026-10-09T01:33:08.2632471Z test draft7/format.json/4/5 ... ok
2026-10-09T01:33:08.2632600Z test draft7/format.json/5/0 ... ok
2026-10-09T01:33:08.2632725Z test draft7/format.json/5/1 ... ok
2026-10-09T01:33:08.2632847Z test draft7/format.json/5/2 ... ok
2026-10-09T01:33:08.2632972Z test draft7/format.json/5/3 ... ok
2026-10-09T01:33:08.2633096Z test draft7/format.json/5/4 ... ok
2026-10-09T01:33:08.2633218Z test draft7/format.json/6/0 ... ok
2026-10-09T01:33:08.2633343Z test draft7/format.json/5/5 ... ok
2026-10-09T01:33:08.2633464Z test draft7/format.json/6/1 ... ok
2026-10-09T01:33:08.2633591Z test draft7/format.json/6/2 ... ok
2026-10-09T01:33:08.2633716Z test draft7/format.json/6/3 ... ok
2026-10-09T01:33:08.2633838Z test draft7/format.json/6/4 ... ok
2026-10-09T01:33:08.2633962Z test draft7/format.json/6/5 ... ok
2026-10-09T01:33:08.2634087Z test draft7/format.json/7/0 ... ok
2026-10-09T01:33:08.2634208Z test draft7/format.json/7/1 ... ok
2026-10-09T01:33:08.2634334Z test draft7/format.json/7/2 ... ok
2026-10-09T01:33:08.2634457Z test draft7/format.json/7/3 ... ok
2026-10-09T01:33:08.2634579Z test draft7/format.json/7/4 ... ok
2026-10-09T01:33:08.2634703Z test draft7/format.json/8/0 ... ok
2026-10-09T01:33:08.2634825Z test draft7/format.json/7/5 ... ok
2026-10-09T01:33:08.2635036Z test draft7/format.json/8/2 ... ok
2026-10-09T01:33:08.2635161Z test draft7/format.json/8/1 ... ok
2026-10-09T01:33:08.2635283Z test draft7/format.json/8/3 ... ok
2026-10-09T01:33:08.2635407Z test draft7/format.json/8/4 ... ok
2026-10-09T01:33:08.2635529Z test draft7/format.json/9/0 ... ok
2026-10-09T01:33:08.2635653Z test draft7/format.json/8/5 ... ok
2026-10-09T01:33:08.2635842Z test draft7/format.json/9/1 ... ok
2026-10-09T01:33:08.2635987Z test draft7/format.json/9/3 ... ok
2026-10-09T01:33:08.2636620Z test draft7/format.json/9/2 ... ok
2026-10-09T01:33:08.2636749Z test draft7/format.json/9/4 ... ok
2026-10-09T01:33:08.2636871Z test draft7/format.json/9/5 ... ok
2026-10-09T01:33:08.2637007Z test draft7/format.json/10/0 ... ok
2026-10-09T01:33:08.2637278Z test draft7/format.json/10/1 ... ok
2026-10-09T01:33:08.2637404Z test draft7/format.json/10/2 ... ok
2026-10-09T01:33:08.2637531Z test draft7/format.json/10/4 ... ok
2026-10-09T01:33:08.2637655Z test draft7/format.json/10/3 ... ok
2026-10-09T01:33:08.2637780Z test draft7/format.json/11/0 ... ok
2026-10-09T01:33:08.2637905Z test draft7/format.json/10/5 ... ok
2026-10-09T01:33:08.2638030Z test draft7/format.json/11/1 ... ok
2026-10-09T01:33:08.2638155Z test draft7/format.json/11/2 ... ok
2026-10-09T01:33:08.2638281Z test draft7/format.json/11/3 ... ok
2026-10-09T01:33:08.2638404Z test draft7/format.json/11/4 ... ok
2026-10-09T01:33:08.2638528Z test draft7/format.json/11/5 ... ok
2026-10-09T01:33:08.2638651Z test draft7/format.json/12/0 ... ok
2026-10-09T01:33:08.2638777Z test draft7/format.json/12/1 ... ok
2026-10-09T01:33:08.2638903Z test draft7/format.json/12/2 ... ok
2026-10-09T01:33:08.2639119Z test draft7/format.json/12/3 ... ok
2026-10-09T01:33:08.2639245Z test draft7/format.json/12/4 ... ok
2026-10-09T01:33:08.2639374Z test draft7/format.json/13/0 ... ok
2026-10-09T01:33:08.2639498Z test draft7/format.json/12/5 ... ok
2026-10-09T01:33:08.2639622Z test draft7/format.json/13/1 ... ok
2026-10-09T01:33:08.2639744Z test draft7/format.json/13/2 ... ok
2026-10-09T01:33:08.2639869Z test draft7/format.json/13/3 ... ok
2026-10-09T01:33:08.2639996Z test draft7/format.json/13/5 ... ok
2026-10-09T01:33:08.2640118Z test draft7/format.json/14/0 ... ok
2026-10-09T01:33:08.2640243Z test draft7/format.json/13/4 ... ok
2026-10-09T01:33:08.2640368Z test draft7/format.json/14/1 ... ok
2026-10-09T01:33:08.2640490Z test draft7/format.json/14/2 ... ok
2026-10-09T01:33:08.2640615Z test draft7/format.json/14/3 ... ok
2026-10-09T01:33:08.2640739Z test draft7/format.json/14/4 ... ok
2026-10-09T01:33:08.2640863Z test draft7/format.json/14/5 ... ok
2026-10-09T01:33:08.2640988Z test draft7/format.json/15/0 ... ok
2026-10-09T01:33:08.2641114Z test draft7/format.json/15/1 ... ok
2026-10-09T01:33:08.2641239Z test draft7/format.json/15/2 ... ok
2026-10-09T01:33:08.2641365Z test draft7/format.json/15/3 ... ok
2026-10-09T01:33:08.2641488Z test draft7/format.json/15/4 ... ok
2026-10-09T01:33:08.2641613Z test draft7/format.json/15/5 ... ok
2026-10-09T01:33:08.2641738Z test draft7/format.json/16/0 ... ok
2026-10-09T01:33:08.2641860Z test draft7/format.json/16/2 ... ok
2026-10-09T01:33:08.2641986Z test draft7/format.json/16/1 ... ok
2026-10-09T01:33:08.2642108Z test draft7/format.json/16/4 ... ok
2026-10-09T01:33:08.2642234Z test draft7/format.json/16/3 ... ok
2026-10-09T01:33:08.2642358Z test draft7/format.json/16/5 ... ok
2026-10-09T01:33:08.2642499Z test draft7/if-then-else.json/0/0 ... ok
2026-10-09T01:33:08.2642639Z test draft7/if-then-else.json/1/0 ... ok
2026-10-09T01:33:08.2642778Z test draft7/if-then-else.json/1/1 ... ok
2026-10-09T01:33:08.2642913Z test draft7/if-then-else.json/0/1 ... ok
2026-10-09T01:33:08.2643051Z test draft7/if-then-else.json/2/1 ... ok
2026-10-09T01:33:08.2643188Z test draft7/if-then-else.json/2/0 ... ok
2026-10-09T01:33:08.2643330Z test draft7/if-then-else.json/3/0 ... ok
2026-10-09T01:33:08.2643467Z test draft7/if-then-else.json/3/1 ... ok
2026-10-09T01:33:08.2643603Z test draft7/if-then-else.json/4/0 ... ok
2026-10-09T01:33:08.2643740Z test draft7/if-then-else.json/3/2 ... ok
2026-10-09T01:33:08.2643878Z test draft7/if-then-else.json/4/1 ... ok
2026-10-09T01:33:08.2644013Z test draft7/if-then-else.json/4/2 ... ok
2026-10-09T01:33:08.2644141Z test draft7/allOf.json/11/7 ... ok
2026-10-09T01:33:08.2644276Z test draft7/if-then-else.json/5/0 ... ok
2026-10-09T01:33:08.2644413Z test draft7/if-then-else.json/5/1 ... ok
2026-10-09T01:33:08.2644551Z test draft7/if-then-else.json/5/3 ... ok
2026-10-09T01:33:08.2644686Z test draft7/if-then-else.json/5/2 ... ok
2026-10-09T01:33:08.2644823Z test draft7/if-then-else.json/6/0 ... ok
2026-10-09T01:33:08.2645049Z test draft7/if-then-else.json/7/0 ... ok
2026-10-09T01:33:08.2645185Z test draft7/if-then-else.json/6/1 ... ok
2026-10-09T01:33:08.2645322Z test draft7/if-then-else.json/7/1 ... ok
2026-10-09T01:33:08.2645557Z test draft7/if-then-else.json/8/0 ... ok
2026-10-09T01:33:08.2645691Z test draft7/if-then-else.json/9/0 ... ok
2026-10-09T01:33:08.2645827Z test draft7/if-then-else.json/8/1 ... ok
2026-10-09T01:33:08.2645962Z test draft7/if-then-else.json/9/1 ... ok
2026-10-09T01:33:08.2646097Z test draft7/if-then-else.json/9/2 ... ok
2026-10-09T01:33:08.2646241Z test draft7/if-then-else.json/10/0 ... ok
2026-10-09T01:33:08.2646376Z test draft7/if-then-else.json/9/3 ... ok
2026-10-09T01:33:08.2646518Z test draft7/if-then-else.json/11/1 ... ok
2026-10-09T01:33:08.2646646Z test draft7/default.json/2/0 ... ok
2026-10-09T01:33:08.2646786Z test draft7/if-then-else.json/10/1 ... ok
2026-10-09T01:33:08.2646972Z test draft7/infinite-loop-detection.json/0/0 ... ok
2026-10-09T01:33:08.2647098Z test draft7/items.json/0/0 ... ok
2026-10-09T01:33:08.2647221Z test draft7/items.json/0/2 ... ok
2026-10-09T01:33:08.2647438Z test draft7/items.json/0/3 ... ok
2026-10-09T01:33:08.2647566Z test draft7/items.json/0/1 ... ok
2026-10-09T01:33:08.2647688Z test draft7/items.json/1/1 ... ok
2026-10-09T01:33:08.2647831Z test draft7/if-then-else.json/11/0 ... ok
2026-10-09T01:33:08.2647952Z test draft7/items.json/1/2 ... ok
2026-10-09T01:33:08.2648074Z test draft7/items.json/1/0 ... ok
2026-10-09T01:33:08.2648197Z test draft7/items.json/1/4 ... ok
2026-10-09T01:33:08.2648316Z test draft7/items.json/1/3 ... ok
2026-10-09T01:33:08.2648440Z test draft7/items.json/1/5 ... ok
2026-10-09T01:33:08.2648559Z test draft7/items.json/2/1 ... ok
2026-10-09T01:33:08.2648681Z test draft7/items.json/2/0 ... ok
2026-10-09T01:33:08.2648805Z test draft7/items.json/3/1 ... ok
2026-10-09T01:33:08.2648925Z test draft7/items.json/4/0 ... ok
2026-10-09T01:33:08.2649049Z test draft7/items.json/3/0 ... ok
2026-10-09T01:33:08.2649171Z test draft7/items.json/4/2 ... ok
2026-10-09T01:33:08.2649291Z test draft7/items.json/4/1 ... ok
2026-10-09T01:33:08.2649416Z test draft7/items.json/5/1 ... ok
2026-10-09T01:33:08.2649537Z test draft7/items.json/5/2 ... ok
2026-10-09T01:33:08.2649661Z test draft7/items.json/5/0 ... ok
2026-10-09T01:33:08.2649785Z test draft7/items.json/5/5 ... ok
2026-10-09T01:33:08.2649905Z test draft7/items.json/5/3 ... ok
2026-10-09T01:33:08.2650028Z test draft7/items.json/5/4 ... ok
2026-10-09T01:33:08.2650150Z test draft7/items.json/6/0 ... ok
2026-10-09T01:33:08.2650270Z test draft7/items.json/7/0 ... ok
2026-10-09T01:33:08.2650392Z test draft7/items.json/6/1 ... ok
2026-10-09T01:33:08.2650520Z test draft7/maxItems.json/0/0 ... ok
2026-10-09T01:33:08.2650650Z test draft7/maxItems.json/0/1 ... ok
2026-10-09T01:33:08.2650772Z test draft7/items.json/8/0 ... ok
2026-10-09T01:33:08.2650898Z test draft7/maxItems.json/0/2 ... ok
2026-10-09T01:33:08.2651021Z test draft7/items.json/6/2 ... ok
2026-10-09T01:33:08.2651150Z test draft7/maxItems.json/0/3 ... ok
2026-10-09T01:33:08.2651276Z test draft7/maxItems.json/1/0 ... ok
2026-10-09T01:33:08.2651412Z test draft7/maxLength.json/0/0 ... ok
2026-10-09T01:33:08.2651542Z test draft7/maxItems.json/1/1 ... ok
2026-10-09T01:33:08.2651673Z test draft7/maxLength.json/0/1 ... ok
2026-10-09T01:33:08.2651805Z test draft7/maxLength.json/0/2 ... ok
2026-10-09T01:33:08.2651935Z test draft7/maxLength.json/0/3 ... ok
2026-10-09T01:33:08.2652065Z test draft7/maxLength.json/0/4 ... ok
2026-10-09T01:33:08.2652196Z test draft7/maxLength.json/1/1 ... ok
2026-10-09T01:33:08.2652324Z test draft7/maxLength.json/1/0 ... ok
2026-10-09T01:33:08.2652471Z test draft7/maxProperties.json/0/1 ... ok
2026-10-09T01:33:08.2652615Z test draft7/maxProperties.json/0/2 ... ok
2026-10-09T01:33:08.2652756Z test draft7/maxProperties.json/0/0 ... ok
2026-10-09T01:33:08.2652900Z test draft7/maxProperties.json/0/4 ... ok
2026-10-09T01:33:08.2653041Z test draft7/maxProperties.json/0/5 ... ok
2026-10-09T01:33:08.2653182Z test draft7/maxProperties.json/0/3 ... ok
2026-10-09T01:33:08.2653324Z test draft7/maxProperties.json/1/0 ... ok
2026-10-09T01:33:08.2653465Z test draft7/maxProperties.json/2/0 ... ok
2026-10-09T01:33:08.2653666Z test draft7/maximum.json/0/0 ... ok
2026-10-09T01:33:08.2653809Z test draft7/maxProperties.json/2/1 ... ok
2026-10-09T01:33:08.2653949Z test draft7/maxProperties.json/1/1 ... ok
2026-10-09T01:33:08.2654079Z test draft7/maximum.json/0/1 ... ok
2026-10-09T01:33:08.2654208Z test draft7/maximum.json/0/3 ... ok
2026-10-09T01:33:08.2654334Z test draft7/maximum.json/0/2 ... ok
2026-10-09T01:33:08.2654461Z test draft7/maximum.json/1/0 ... ok
2026-10-09T01:33:08.2654584Z test draft7/maximum.json/1/1 ... ok
2026-10-09T01:33:08.2654715Z test draft7/minItems.json/0/0 ... ok
2026-10-09T01:33:08.2654843Z test draft7/maximum.json/1/2 ... ok
2026-10-09T01:33:08.2655063Z test draft7/maximum.json/1/3 ... ok
2026-10-09T01:33:08.2655194Z test draft7/minItems.json/0/1 ... ok
2026-10-09T01:33:08.2655324Z test draft7/minItems.json/0/2 ... ok
2026-10-09T01:33:08.2655450Z test draft7/minItems.json/0/3 ... ok
2026-10-09T01:33:08.2655673Z test draft7/minItems.json/1/0 ... ok
2026-10-09T01:33:08.2655799Z test draft7/minItems.json/1/1 ... ok
2026-10-09T01:33:08.2655934Z test draft7/minLength.json/0/0 ... ok
2026-10-09T01:33:08.2656068Z test draft7/minLength.json/0/1 ... ok
2026-10-09T01:33:08.2656198Z test draft7/minLength.json/0/2 ... ok
2026-10-09T01:33:08.2656329Z test draft7/minLength.json/0/3 ... ok
2026-10-09T01:33:08.2656461Z test draft7/minLength.json/0/4 ... ok
2026-10-09T01:33:08.2656590Z test draft7/minLength.json/1/0 ... ok
2026-10-09T01:33:08.2656733Z test draft7/minProperties.json/0/1 ... ok
2026-10-09T01:33:08.2656864Z test draft7/minLength.json/1/1 ... ok
2026-10-09T01:33:08.2657006Z test draft7/minProperties.json/0/0 ... ok
2026-10-09T01:33:08.2657150Z test draft7/minProperties.json/0/2 ... ok
2026-10-09T01:33:08.2657291Z test draft7/minProperties.json/0/3 ... ok
2026-10-09T01:33:08.2657434Z test draft7/minProperties.json/0/4 ... ok
2026-10-09T01:33:08.2657578Z test draft7/minProperties.json/0/5 ... ok
2026-10-09T01:33:08.2657719Z test draft7/minProperties.json/0/6 ... ok
2026-10-09T01:33:08.2657862Z test draft7/minProperties.json/0/7 ... ok
2026-10-09T01:33:08.2658008Z test draft7/minProperties.json/1/0 ... ok
2026-10-09T01:33:08.2658135Z test draft7/minimum.json/0/0 ... ok
2026-10-09T01:33:08.2658279Z test draft7/minProperties.json/1/1 ... ok
2026-10-09T01:33:08.2658405Z test draft7/minimum.json/0/3 ... ok
2026-10-09T01:33:08.2658534Z test draft7/minimum.json/0/1 ... ok
2026-10-09T01:33:08.2658662Z test draft7/minimum.json/0/2 ... ok
2026-10-09T01:33:08.2658787Z test draft7/minimum.json/1/0 ... ok
2026-10-09T01:33:08.2658914Z test draft7/minimum.json/1/1 ... ok
2026-10-09T01:33:08.2659041Z test draft7/minimum.json/1/2 ... ok
2026-10-09T01:33:08.2659164Z test draft7/minimum.json/1/3 ... ok
2026-10-09T01:33:08.2659291Z test draft7/minimum.json/1/5 ... ok
2026-10-09T01:33:08.2659417Z test draft7/minimum.json/1/4 ... ok
2026-10-09T01:33:08.2659541Z test draft7/minimum.json/1/6 ... ok
2026-10-09T01:33:08.2659679Z test draft7/multipleOf.json/0/0 ... ok
2026-10-09T01:33:08.2659815Z test draft7/multipleOf.json/0/2 ... ok
2026-10-09T01:33:08.2659955Z test draft7/multipleOf.json/0/1 ... ok
2026-10-09T01:33:08.2660091Z test draft7/multipleOf.json/1/0 ... ok
2026-10-09T01:33:08.2660224Z test draft7/multipleOf.json/1/1 ... ok
2026-10-09T01:33:08.2660358Z test draft7/multipleOf.json/1/2 ... ok
2026-10-09T01:33:08.2660492Z test draft7/multipleOf.json/2/0 ... ok
2026-10-09T01:33:08.2660623Z test draft7/multipleOf.json/1/3 ... ok
2026-10-09T01:33:08.2660759Z test draft7/multipleOf.json/2/1 ... ok
2026-10-09T01:33:08.2660879Z test draft7/not.json/0/0 ... ok
2026-10-09T01:33:08.2661013Z test draft7/multipleOf.json/3/0 ... ok
2026-10-09T01:33:08.2661147Z test draft7/multipleOf.json/4/0 ... ok
2026-10-09T01:33:08.2661266Z test draft7/not.json/0/1 ... ok
2026-10-09T01:33:08.2661386Z test draft7/not.json/1/1 ... ok
2026-10-09T01:33:08.2661505Z test draft7/not.json/1/0 ... ok
2026-10-09T01:33:08.2661621Z test draft7/not.json/1/2 ... ok
2026-10-09T01:33:08.2661742Z test draft7/not.json/2/0 ... ok
2026-10-09T01:33:08.2661857Z test draft7/not.json/2/1 ... ok
2026-10-09T01:33:08.2662071Z test draft7/not.json/2/2 ... ok
2026-10-09T01:33:08.2662189Z test draft7/not.json/3/0 ... ok
2026-10-09T01:33:08.2662304Z test draft7/not.json/3/1 ... ok
2026-10-09T01:33:08.2662472Z test draft7/not.json/4/0 ... ok
2026-10-09T01:33:08.2662590Z test draft7/not.json/4/1 ... ok
2026-10-09T01:33:08.2662704Z test draft7/not.json/4/2 ... ok
2026-10-09T01:33:08.2662823Z test draft7/not.json/4/3 ... ok
2026-10-09T01:33:08.2662939Z test draft7/not.json/4/4 ... ok
2026-10-09T01:33:08.2663056Z test draft7/not.json/4/5 ... ok
2026-10-09T01:33:08.2663174Z test draft7/not.json/4/6 ... ok
2026-10-09T01:33:08.2663290Z test draft7/not.json/4/8 ... ok
2026-10-09T01:33:08.2663407Z test draft7/not.json/4/7 ... ok
2026-10-09T01:33:08.2663525Z test draft7/not.json/5/0 ... ok
2026-10-09T01:33:08.2663640Z test draft7/not.json/5/1 ... ok
2026-10-09T01:33:08.2663758Z test draft7/not.json/5/2 ... ok
2026-10-09T01:33:08.2663938Z test draft7/not.json/5/4 ... ok
2026-10-09T01:33:08.2664054Z test draft7/not.json/5/3 ... ok
2026-10-09T01:33:08.2664174Z test draft7/not.json/5/5 ... ok
2026-10-09T01:33:08.2664290Z test draft7/not.json/5/6 ... ok
2026-10-09T01:33:08.2664408Z test draft7/not.json/5/7 ... ok
2026-10-09T01:33:08.2664527Z test draft7/not.json/5/8 ... ok
2026-10-09T01:33:08.2664642Z test draft7/not.json/6/0 ... ok
2026-10-09T01:33:08.2664760Z test draft7/not.json/6/1 ... ok
2026-10-09T01:33:08.2664878Z test draft7/not.json/6/2 ... ok
2026-10-09T01:33:08.2665090Z test draft7/not.json/6/3 ... ok
2026-10-09T01:33:08.2665210Z test draft7/not.json/6/4 ... ok
2026-10-09T01:33:08.2665326Z test draft7/not.json/6/6 ... ok
2026-10-09T01:33:08.2665444Z test draft7/not.json/6/5 ... ok
2026-10-09T01:33:08.2665564Z test draft7/not.json/6/7 ... ok
2026-10-09T01:33:08.2665679Z test draft7/not.json/6/8 ... ok
2026-10-09T01:33:08.2665798Z test draft7/not.json/7/0 ... ok
2026-10-09T01:33:08.2665923Z test draft7/oneOf.json/0/0 ... ok
2026-10-09T01:33:08.2666048Z test draft7/oneOf.json/0/1 ... ok
2026-10-09T01:33:08.2666175Z test draft7/oneOf.json/0/2 ... ok
2026-10-09T01:33:08.2666297Z test draft7/oneOf.json/1/1 ... ok
2026-10-09T01:33:08.2666419Z test draft7/oneOf.json/1/0 ... ok
2026-10-09T01:33:08.2666542Z test draft7/oneOf.json/0/3 ... ok
2026-10-09T01:33:08.2666661Z test draft7/oneOf.json/2/0 ... ok
2026-10-09T01:33:08.2666784Z test draft7/oneOf.json/1/2 ... ok
2026-10-09T01:33:08.2666905Z test draft7/oneOf.json/3/0 ... ok
2026-10-09T01:33:08.2667025Z test draft7/oneOf.json/4/0 ... ok
2026-10-09T01:33:08.2667149Z test draft7/oneOf.json/5/0 ... ok
2026-10-09T01:33:08.2667269Z test draft7/oneOf.json/6/0 ... ok
2026-10-09T01:33:08.2667392Z test draft7/oneOf.json/6/2 ... ok
2026-10-09T01:33:08.2667516Z test draft7/oneOf.json/6/3 ... ok
2026-10-09T01:33:08.2667637Z test draft7/oneOf.json/7/0 ... ok
2026-10-09T01:33:08.2667760Z test draft7/oneOf.json/7/1 ... ok
2026-10-09T01:33:08.2667884Z test draft7/oneOf.json/8/0 ... ok
2026-10-09T01:33:08.2668006Z test draft7/oneOf.json/8/1 ... ok
2026-10-09T01:33:08.2668128Z test draft7/oneOf.json/8/2 ... ok
2026-10-09T01:33:08.2668251Z test draft7/oneOf.json/8/3 ... ok
2026-10-09T01:33:08.2668374Z test draft7/oneOf.json/6/1 ... ok
2026-10-09T01:33:08.2668497Z test draft7/oneOf.json/9/0 ... ok
2026-10-09T01:33:08.2668617Z test draft7/oneOf.json/9/1 ... ok
2026-10-09T01:33:08.2668740Z test draft7/oneOf.json/9/2 ... ok
2026-10-09T01:33:08.2668863Z test draft7/oneOf.json/9/3 ... ok
2026-10-09T01:33:08.2668988Z test draft7/oneOf.json/10/0 ... ok
2026-10-09T01:33:08.2669139Z test draft7/optional/bignum.json/0/0 ... ok
2026-10-09T01:33:08.2669290Z test draft7/optional/bignum.json/1/0 ... ok
2026-10-09T01:33:08.2669434Z test draft7/optional/bignum.json/0/1 ... ok
2026-10-09T01:33:08.2669561Z test draft7/oneOf.json/10/1 ... ok
2026-10-09T01:33:08.2669705Z test draft7/optional/bignum.json/3/0 ... ok
2026-10-09T01:33:08.2669889Z test draft7/infinite-loop-detection.json/0/1 ... ok
2026-10-09T01:33:08.2670037Z test draft7/optional/bignum.json/2/0 ... ok
2026-10-09T01:33:08.2670180Z test draft7/optional/bignum.json/4/0 ... ok
2026-10-09T01:33:08.2670426Z test draft7/optional/bignum.json/5/0 ... ok
2026-10-09T01:33:08.2670571Z test draft7/optional/bignum.json/6/0 ... ok
2026-10-09T01:33:08.2670721Z test draft7/optional/content.json/0/0 ... ok
2026-10-09T01:33:08.2670873Z test draft7/optional/content.json/0/2 ... ok
2026-10-09T01:33:08.2671022Z test draft7/optional/content.json/0/1 ... ok
2026-10-09T01:33:08.2671170Z test draft7/optional/content.json/1/2 ... ok
2026-10-09T01:33:08.2671319Z test draft7/optional/content.json/1/0 ... ok
2026-10-09T01:33:08.2671466Z test draft7/optional/content.json/1/1 ... ok
2026-10-09T01:33:08.2671615Z test draft7/optional/content.json/2/1 ... ok
2026-10-09T01:33:08.2671763Z test draft7/optional/content.json/2/3 ... ok
2026-10-09T01:33:08.2671906Z test draft7/optional/bignum.json/1/1 ... ok
2026-10-09T01:33:08.2672073Z test draft7/optional/cross-draft.json/0/1 ... ok
2026-10-09T01:33:08.2672356Z test draft7/optional/ecmascript-regex.json/0/0 ... ok
2026-10-09T01:33:08.2672506Z test draft7/optional/content.json/2/2 ... ok
2026-10-09T01:33:08.2672655Z test draft7/optional/content.json/2/0 ... ok
2026-10-09T01:33:08.2672838Z test draft7/optional/ecmascript-regex.json/1/0 ... ok
2026-10-09T01:33:08.2673003Z test draft7/optional/cross-draft.json/0/0 ... ok
2026-10-09T01:33:08.2673189Z test draft7/optional/ecmascript-regex.json/2/0 ... ok
2026-10-09T01:33:08.2673369Z test draft7/optional/ecmascript-regex.json/3/0 ... ok
2026-10-09T01:33:08.2673551Z test draft7/optional/ecmascript-regex.json/1/1 ... ok
2026-10-09T01:33:08.2673734Z test draft7/optional/ecmascript-regex.json/2/1 ... ok
2026-10-09T01:33:08.2673914Z test draft7/optional/ecmascript-regex.json/4/1 ... ok
2026-10-09T01:33:08.2674095Z test draft7/optional/ecmascript-regex.json/4/2 ... ok
2026-10-09T01:33:08.2674275Z test draft7/optional/ecmascript-regex.json/3/1 ... ok
2026-10-09T01:33:08.2674453Z test draft7/optional/ecmascript-regex.json/4/0 ... ok
2026-10-09T01:33:08.2674639Z test draft7/optional/ecmascript-regex.json/5/0 ... ok
2026-10-09T01:33:08.2674822Z test draft7/optional/ecmascript-regex.json/5/2 ... ok
2026-10-09T01:33:08.2675098Z test draft7/optional/ecmascript-regex.json/6/1 ... ok
2026-10-09T01:33:08.2675280Z test draft7/optional/ecmascript-regex.json/7/0 ... ok
2026-10-09T01:33:08.2675460Z test draft7/optional/ecmascript-regex.json/7/1 ... ok
2026-10-09T01:33:08.2675641Z test draft7/optional/ecmascript-regex.json/6/0 ... ok
2026-10-09T01:33:08.2675826Z test draft7/optional/ecmascript-regex.json/8/0 ... ok
2026-10-09T01:33:08.2676005Z test draft7/optional/ecmascript-regex.json/8/2 ... ok
2026-10-09T01:33:08.2676188Z test draft7/optional/ecmascript-regex.json/8/1 ... ok
2026-10-09T01:33:08.2676371Z test draft7/optional/ecmascript-regex.json/8/3 ... ok
2026-10-09T01:33:08.2676551Z test draft7/optional/ecmascript-regex.json/8/4 ... ok
2026-10-09T01:33:08.2676733Z test draft7/optional/ecmascript-regex.json/8/6 ... ok
2026-10-09T01:33:08.2676917Z test draft7/optional/ecmascript-regex.json/8/5 ... ok
2026-10-09T01:33:08.2677099Z test draft7/optional/ecmascript-regex.json/8/7 ... ok
2026-10-09T01:33:08.2677281Z test draft7/optional/ecmascript-regex.json/8/9 ... ok
2026-10-09T01:33:08.2677466Z test draft7/optional/ecmascript-regex.json/8/10 ... ok
2026-10-09T01:33:08.2677648Z test draft7/optional/ecmascript-regex.json/0/1 ... ok
2026-10-09T01:33:08.2677829Z test draft7/optional/ecmascript-regex.json/9/0 ... ok
2026-10-09T01:33:08.2678009Z test draft7/optional/ecmascript-regex.json/9/2 ... ok
2026-10-09T01:33:08.2678189Z test draft7/optional/ecmascript-regex.json/9/3 ... ok
2026-10-09T01:33:08.2678370Z test draft7/optional/ecmascript-regex.json/9/4 ... ok
2026-10-09T01:33:08.2678549Z test draft7/optional/ecmascript-regex.json/9/5 ... ok
2026-10-09T01:33:08.2678730Z test draft7/optional/ecmascript-regex.json/9/6 ... ok
2026-10-09T01:33:08.2678911Z test draft7/optional/ecmascript-regex.json/9/7 ... ok
2026-10-09T01:33:08.2679093Z test draft7/optional/ecmascript-regex.json/9/1 ... ok
2026-10-09T01:33:08.2679274Z test draft7/optional/ecmascript-regex.json/9/8 ... ok
2026-10-09T01:33:08.2679553Z test draft7/optional/ecmascript-regex.json/9/10 ... ok
2026-10-09T01:33:08.2679734Z test draft7/optional/ecmascript-regex.json/9/9 ... ok
2026-10-09T01:33:08.2679920Z test draft7/optional/ecmascript-regex.json/10/0 ... ok
2026-10-09T01:33:08.2680103Z test draft7/optional/ecmascript-regex.json/10/2 ... ok
2026-10-09T01:33:08.2680289Z test draft7/optional/ecmascript-regex.json/10/3 ... ok
2026-10-09T01:33:08.2680474Z test draft7/optional/ecmascript-regex.json/10/1 ... ok
2026-10-09T01:33:08.2680654Z test draft7/optional/ecmascript-regex.json/8/8 ... ok
2026-10-09T01:33:08.2680838Z test draft7/optional/ecmascript-regex.json/11/0 ... ok
2026-10-09T01:33:08.2681022Z test draft7/optional/ecmascript-regex.json/11/3 ... ok
2026-10-09T01:33:08.2681204Z test draft7/optional/ecmascript-regex.json/12/0 ... ok
2026-10-09T01:33:08.2681386Z test draft7/optional/ecmascript-regex.json/11/2 ... ok
2026-10-09T01:33:08.2681662Z test draft7/optional/ecmascript-regex.json/12/1 ... ok
2026-10-09T01:33:08.2681845Z test draft7/optional/ecmascript-regex.json/13/0 ... ok
2026-10-09T01:33:08.2682028Z test draft7/optional/ecmascript-regex.json/13/1 ... ok
2026-10-09T01:33:08.2682207Z test draft7/optional/ecmascript-regex.json/13/2 ... ok
2026-10-09T01:33:08.2682389Z test draft7/optional/ecmascript-regex.json/14/0 ... ok
2026-10-09T01:33:08.2682573Z test draft7/optional/ecmascript-regex.json/14/1 ... ok
2026-10-09T01:33:08.2682754Z test draft7/optional/ecmascript-regex.json/12/2 ... ok
2026-10-09T01:33:08.2682937Z test draft7/optional/ecmascript-regex.json/14/2 ... ok
2026-10-09T01:33:08.2683122Z test draft7/optional/ecmascript-regex.json/5/1 ... ok
2026-10-09T01:33:08.2683303Z test draft7/optional/ecmascript-regex.json/15/0 ... ok
2026-10-09T01:33:08.2683486Z test draft7/optional/ecmascript-regex.json/15/3 ... ok
2026-10-09T01:33:08.2683669Z test draft7/optional/ecmascript-regex.json/11/1 ... ok
2026-10-09T01:33:08.2683853Z test draft7/optional/ecmascript-regex.json/15/2 ... ok
2026-10-09T01:33:08.2684038Z test draft7/optional/ecmascript-regex.json/16/0 ... ok
2026-10-09T01:33:08.2684220Z test draft7/optional/ecmascript-regex.json/16/3 ... ok
2026-10-09T01:33:08.2684404Z test draft7/optional/ecmascript-regex.json/16/2 ... ok
2026-10-09T01:33:08.2684586Z test draft7/optional/ecmascript-regex.json/17/0 ... ok
2026-10-09T01:33:08.2684766Z test draft7/optional/ecmascript-regex.json/17/2 ... ok
2026-10-09T01:33:08.2685042Z test draft7/optional/ecmascript-regex.json/17/1 ... ok
2026-10-09T01:33:08.2685228Z test draft7/optional/ecmascript-regex.json/18/0 ... ok
2026-10-09T01:33:08.2685408Z test draft7/optional/ecmascript-regex.json/18/2 ... ok
2026-10-09T01:33:08.2685593Z test draft7/optional/ecmascript-regex.json/18/1 ... ok
2026-10-09T01:33:08.2685778Z test draft7/optional/ecmascript-regex.json/19/1 ... ok
2026-10-09T01:33:08.2685958Z test draft7/optional/ecmascript-regex.json/16/1 ... ok
2026-10-09T01:33:08.2686135Z test draft7/optional/float-overflow.json/0/0 ... ok
2026-10-09T01:33:08.2686317Z test draft7/optional/format/date-time.json/0/0 ... ok
2026-10-09T01:33:08.2686504Z test draft7/optional/ecmascript-regex.json/19/2 ... ok
2026-10-09T01:33:08.2686683Z test draft7/optional/format/date-time.json/0/1 ... ok
2026-10-09T01:33:08.2686859Z test draft7/optional/format/date-time.json/0/2 ... ok
2026-10-09T01:33:08.2687036Z test draft7/optional/format/date-time.json/0/3 ... ok
2026-10-09T01:33:08.2687214Z test draft7/optional/format/date-time.json/0/4 ... ok
2026-10-09T01:33:08.2687392Z test draft7/optional/format/date-time.json/0/5 ... ok
2026-10-09T01:33:08.2687569Z test draft7/optional/format/date-time.json/0/7 ... ok
2026-10-09T01:33:08.2687746Z test draft7/optional/format/date-time.json/0/6 ... ok
2026-10-09T01:33:08.2687921Z test draft7/optional/format/date-time.json/0/8 ... ok
2026-10-09T01:33:08.2688099Z test draft7/optional/format/date-time.json/0/9 ... ok
2026-10-09T01:33:08.2688283Z test draft7/optional/format/date-time.json/0/10 ... ok
2026-10-09T01:33:08.2688461Z test draft7/optional/format/date-time.json/0/11 ... ok
2026-10-09T01:33:08.2688738Z test draft7/optional/format/date-time.json/0/12 ... ok
2026-10-09T01:33:08.2688916Z test draft7/optional/format/date-time.json/0/13 ... ok
2026-10-09T01:33:08.2689096Z test draft7/optional/format/date-time.json/0/14 ... ok
2026-10-09T01:33:08.2689276Z test draft7/optional/format/date-time.json/0/15 ... ok
2026-10-09T01:33:08.2689453Z test draft7/optional/format/date-time.json/0/16 ... ok
2026-10-09T01:33:08.2689634Z test draft7/optional/format/date-time.json/0/18 ... ok
2026-10-09T01:33:08.2689813Z test draft7/optional/format/date-time.json/0/17 ... ok
2026-10-09T01:33:08.2689992Z test draft7/optional/format/date-time.json/0/19 ... ok
2026-10-09T01:33:08.2690171Z test draft7/optional/format/date-time.json/0/21 ... ok
2026-10-09T01:33:08.2690351Z test draft7/optional/format/date-time.json/0/20 ... ok
2026-10-09T01:33:08.2690528Z test draft7/optional/format/date-time.json/0/22 ... ok
2026-10-09T01:33:08.2690800Z test draft7/optional/format/date-time.json/0/23 ... ok
2026-10-09T01:33:08.2690979Z test draft7/optional/format/date-time.json/0/24 ... ok
2026-10-09T01:33:08.2691158Z test draft7/optional/format/date-time.json/0/26 ... ok
2026-10-09T01:33:08.2691337Z test draft7/optional/format/date-time.json/0/25 ... ok
2026-10-09T01:33:08.2691513Z test draft7/optional/format/date-time.json/0/27 ... ok
2026-10-09T01:33:08.2691693Z test draft7/optional/format/date-time.json/0/29 ... ok
2026-10-09T01:33:08.2691872Z test draft7/optional/format/date-time.json/0/28 ... ok
2026-10-09T01:33:08.2692049Z test draft7/optional/format/date-time.json/0/30 ... ok
2026-10-09T01:33:08.2692228Z test draft7/optional/format/date-time.json/0/31 ... ok
2026-10-09T01:33:08.2692407Z test draft7/optional/format/date-time.json/0/32 ... ok
2026-10-09T01:33:08.2692584Z test draft7/optional/format/date-time.json/0/33 ... ok
2026-10-09T01:33:08.2692763Z test draft7/optional/format/date-time.json/0/34 ... ok
2026-10-09T01:33:08.2692939Z test draft7/optional/format/date-time.json/0/35 ... ok
2026-10-09T01:33:08.2693121Z test draft7/optional/format/date-time.json/0/37 ... ok
2026-10-09T01:33:08.2693302Z test draft7/optional/format/date-time.json/0/36 ... ok
2026-10-09T01:33:08.2693479Z test draft7/optional/format/date-time.json/0/38 ... ok
2026-10-09T01:33:08.2693659Z test draft7/optional/format/date-time.json/0/40 ... ok
2026-10-09T01:33:08.2693839Z test draft7/optional/format/date-time.json/0/39 ... ok
2026-10-09T01:33:08.2694016Z test draft7/optional/format/date-time.json/0/41 ... ok
2026-10-09T01:33:08.2694179Z test draft7/optional/format/date.json/0/0 ... ok
2026-10-09T01:33:08.2694358Z test draft7/optional/format/date-time.json/0/42 ... ok
2026-10-09T01:33:08.2694518Z test draft7/optional/format/date.json/0/1 ... ok
2026-10-09T01:33:08.2694680Z test draft7/optional/format/date.json/0/3 ... ok
2026-10-09T01:33:08.2694840Z test draft7/optional/format/date.json/0/2 ... ok
2026-10-09T01:33:08.2695089Z test draft7/optional/format/date.json/0/4 ... ok
2026-10-09T01:33:08.2695249Z test draft7/optional/format/date.json/0/6 ... ok
2026-10-09T01:33:08.2695410Z test draft7/optional/format/date.json/0/5 ... ok
2026-10-09T01:33:08.2695569Z test draft7/optional/format/date.json/0/7 ... ok
2026-10-09T01:33:08.2695729Z test draft7/optional/format/date.json/0/8 ... ok
2026-10-09T01:33:08.2695885Z test draft7/optional/format/date.json/0/9 ... ok
2026-10-09T01:33:08.2696049Z test draft7/optional/format/date.json/0/11 ... ok
2026-10-09T01:33:08.2696214Z test draft7/optional/format/date.json/0/10 ... ok
2026-10-09T01:33:08.2696375Z test draft7/optional/format/date.json/0/12 ... ok
2026-10-09T01:33:08.2696536Z test draft7/optional/format/date.json/0/13 ... ok
2026-10-09T01:33:08.2696698Z test draft7/optional/format/date.json/0/14 ... ok
2026-10-09T01:33:08.2696857Z test draft7/optional/format/date.json/0/16 ... ok
2026-10-09T01:33:08.2697019Z test draft7/optional/format/date.json/0/15 ... ok
2026-10-09T01:33:08.2697182Z test draft7/optional/format/date.json/0/17 ... ok
2026-10-09T01:33:08.2697344Z test draft7/optional/format/date.json/0/19 ... ok
2026-10-09T01:33:08.2697628Z test draft7/optional/format/date.json/0/18 ... ok
2026-10-09T01:33:08.2697786Z test draft7/optional/format/date.json/0/20 ... ok
2026-10-09T01:33:08.2697948Z test draft7/optional/format/date.json/0/22 ... ok
2026-10-09T01:33:08.2698109Z test draft7/optional/format/date.json/0/21 ... ok
2026-10-09T01:33:08.2698269Z test draft7/optional/format/date.json/0/23 ... ok
2026-10-09T01:33:08.2698431Z test draft7/optional/format/date.json/0/24 ... ok
2026-10-09T01:33:08.2698592Z test draft7/optional/format/date.json/0/25 ... ok
2026-10-09T01:33:08.2698751Z test draft7/optional/format/date.json/0/27 ... ok
2026-10-09T01:33:08.2698911Z test draft7/optional/format/date.json/0/26 ... ok
2026-10-09T01:33:08.2699070Z test draft7/optional/format/date.json/0/28 ... ok
2026-10-09T01:33:08.2699231Z test draft7/optional/format/date.json/0/29 ... ok
2026-10-09T01:33:08.2699522Z test draft7/optional/format/date.json/0/30 ... ok
2026-10-09T01:33:08.2699681Z test draft7/optional/format/date.json/0/31 ... ok
2026-10-09T01:33:08.2699846Z test draft7/optional/format/date.json/0/32 ... ok
2026-10-09T01:33:08.2700007Z test draft7/optional/format/date.json/0/34 ... ok
2026-10-09T01:33:08.2700165Z test draft7/optional/format/date.json/0/33 ... ok
2026-10-09T01:33:08.2700327Z test draft7/optional/format/date.json/0/35 ... ok
2026-10-09T01:33:08.2700488Z test draft7/optional/format/date.json/0/36 ... ok
2026-10-09T01:33:08.2700646Z test draft7/optional/format/date.json/0/37 ... ok
2026-10-09T01:33:08.2700807Z test draft7/optional/format/date.json/0/38 ... ok
2026-10-09T01:33:08.2700966Z test draft7/optional/format/date.json/0/39 ... ok
2026-10-09T01:33:08.2701129Z test draft7/optional/format/date.json/0/41 ... ok
2026-10-09T01:33:08.2701290Z test draft7/optional/format/date.json/0/40 ... ok
2026-10-09T01:33:08.2701449Z test draft7/optional/format/date.json/0/43 ... ok
2026-10-09T01:33:08.2701614Z test draft7/optional/format/date.json/0/44 ... ok
2026-10-09T01:33:08.2701778Z test draft7/optional/format/date.json/0/45 ... ok
2026-10-09T01:33:08.2701939Z test draft7/optional/format/date.json/0/46 ... ok
2026-10-09T01:33:08.2702101Z test draft7/optional/format/date.json/0/47 ... ok
2026-10-09T01:33:08.2702262Z test draft7/optional/format/date.json/0/48 ... ok
2026-10-09T01:33:08.2702422Z test draft7/optional/format/date.json/0/49 ... ok
2026-10-09T01:33:08.2702583Z test draft7/optional/format/date.json/0/50 ... ok
2026-10-09T01:33:08.2702744Z test draft7/optional/format/date.json/0/51 ... ok
2026-10-09T01:33:08.2702906Z test draft7/optional/format/date.json/0/52 ... ok
2026-10-09T01:33:08.2703069Z test draft7/optional/format/date.json/0/53 ... ok
2026-10-09T01:33:08.2703228Z test draft7/optional/format/date.json/0/54 ... ok
2026-10-09T01:33:08.2703391Z test draft7/optional/format/date.json/0/55 ... ok
2026-10-09T01:33:08.2703552Z test draft7/optional/format/date.json/0/56 ... ok
2026-10-09T01:33:08.2703714Z test draft7/optional/format/date.json/0/57 ... ok
2026-10-09T01:33:08.2703880Z test draft7/optional/format/date.json/0/58 ... ok
2026-10-09T01:33:08.2704041Z test draft7/optional/format/date.json/0/59 ... ok
2026-10-09T01:33:08.2704201Z test draft7/optional/format/date.json/0/60 ... ok
2026-10-09T01:33:08.2704362Z test draft7/optional/format/date.json/0/61 ... ok
2026-10-09T01:33:08.2704547Z test draft7/optional/ecmascript-regex.json/19/0 ... ok
2026-10-09T01:33:08.2704710Z test draft7/optional/format/date.json/0/62 ... ok
2026-10-09T01:33:08.2704873Z test draft7/optional/format/date.json/0/64 ... ok
2026-10-09T01:33:08.2705127Z test draft7/optional/format/date.json/0/65 ... ok
2026-10-09T01:33:08.2705291Z test draft7/optional/format/date.json/0/66 ... ok
2026-10-09T01:33:08.2705456Z test draft7/optional/format/date.json/0/67 ... ok
2026-10-09T01:33:08.2705615Z test draft7/optional/format/date.json/0/68 ... ok
2026-10-09T01:33:08.2705779Z test draft7/optional/format/date.json/0/69 ... ok
2026-10-09T01:33:08.2705943Z test draft7/optional/format/date.json/0/70 ... ok
2026-10-09T01:33:08.2706203Z test draft7/optional/format/date.json/0/71 ... ok
2026-10-09T01:33:08.2706365Z test draft7/optional/format/date.json/0/72 ... ok
2026-10-09T01:33:08.2706550Z test draft7/optional/ecmascript-regex.json/15/1 ... ok
2026-10-09T01:33:08.2706714Z test draft7/optional/format/date.json/0/74 ... ok
2026-10-09T01:33:08.2706877Z test draft7/optional/format/date.json/0/75 ... ok
2026-10-09T01:33:08.2707036Z test draft7/optional/format/date.json/0/76 ... ok
2026-10-09T01:33:08.2707198Z test draft7/optional/format/date.json/0/77 ... ok
2026-10-09T01:33:08.2707359Z test draft7/optional/format/date.json/0/78 ... ok
2026-10-09T01:33:08.2707518Z test draft7/optional/format/date.json/0/79 ... ok
2026-10-09T01:33:08.2707679Z test draft7/optional/format/date.json/0/63 ... ok
2026-10-09T01:33:08.2707841Z test draft7/optional/format/date.json/0/80 ... ok
2026-10-09T01:33:08.2708057Z test draft7/optional/format/ecmascript-regex.json/1/0 ... ok
2026-10-09T01:33:08.2708364Z test draft7/optional/format/ecmascript-regex.json/0/0 ... ok
2026-10-09T01:33:08.2708576Z test draft7/optional/format/ecmascript-regex.json/1/2 ... ok
2026-10-09T01:33:08.2708786Z test draft7/optional/format/ecmascript-regex.json/2/0 ... ok
2026-10-09T01:33:08.2708995Z test draft7/optional/format/ecmascript-regex.json/2/1 ... ok
2026-10-09T01:33:08.2709199Z test draft7/optional/format/ecmascript-regex.json/1/1 ... ok
2026-10-09T01:33:08.2709408Z test draft7/optional/format/ecmascript-regex.json/3/0 ... ok
2026-10-09T01:33:08.2709616Z test draft7/optional/format/ecmascript-regex.json/3/1 ... ok
2026-10-09T01:33:08.2709821Z test draft7/optional/format/ecmascript-regex.json/5/0 ... ok
2026-10-09T01:33:08.2710028Z test draft7/optional/format/ecmascript-regex.json/5/1 ... ok
2026-10-09T01:33:08.2710234Z test draft7/optional/format/ecmascript-regex.json/5/2 ... ok
2026-10-09T01:33:08.2710396Z test draft7/optional/format/date.json/0/42 ... ok
2026-10-09T01:33:08.2710561Z test draft7/optional/format/email.json/0/0 ... ok
2026-10-09T01:33:08.2710724Z test draft7/optional/format/email.json/0/1 ... ok
2026-10-09T01:33:08.2710888Z test draft7/optional/format/email.json/0/2 ... ok
2026-10-09T01:33:08.2711050Z test draft7/optional/format/email.json/0/3 ... ok
2026-10-09T01:33:08.2711210Z test draft7/optional/format/email.json/0/4 ... ok
2026-10-09T01:33:08.2711373Z test draft7/optional/format/email.json/0/5 ... ok
2026-10-09T01:33:08.2711535Z test draft7/optional/format/email.json/0/7 ... ok
2026-10-09T01:33:08.2711695Z test draft7/optional/format/email.json/0/6 ... ok
2026-10-09T01:33:08.2711858Z test draft7/optional/format/email.json/0/8 ... ok
2026-10-09T01:33:08.2712020Z test draft7/optional/format/email.json/0/9 ... ok
2026-10-09T01:33:08.2712185Z test draft7/optional/format/email.json/0/10 ... ok
2026-10-09T01:33:08.2712353Z test draft7/optional/format/email.json/0/11 ... ok
2026-10-09T01:33:08.2712519Z test draft7/optional/format/email.json/0/12 ... ok
2026-10-09T01:33:08.2712684Z test draft7/optional/format/email.json/0/13 ... ok
2026-10-09T01:33:08.2712850Z test draft7/optional/format/email.json/0/14 ... ok
2026-10-09T01:33:08.2713015Z test draft7/optional/format/email.json/0/16 ... ok
2026-10-09T01:33:08.2713182Z test draft7/optional/format/email.json/0/15 ... ok
2026-10-09T01:33:08.2713347Z test draft7/optional/format/email.json/0/17 ... ok
2026-10-09T01:33:08.2713509Z test draft7/optional/format/email.json/0/19 ... ok
2026-10-09T01:33:08.2713674Z test draft7/optional/format/email.json/0/18 ... ok
2026-10-09T01:33:08.2713839Z test draft7/optional/format/email.json/0/20 ... ok
2026-10-09T01:33:08.2714001Z test draft7/optional/format/email.json/0/21 ... ok
2026-10-09T01:33:08.2714166Z test draft7/optional/format/email.json/0/22 ... ok
2026-10-09T01:33:08.2714331Z test draft7/optional/format/email.json/0/24 ... ok
2026-10-09T01:33:08.2714493Z test draft7/optional/format/email.json/0/25 ... ok
2026-10-09T01:33:08.2714658Z test draft7/optional/format/email.json/0/26 ... ok
2026-10-09T01:33:08.2714823Z test draft7/optional/format/email.json/0/27 ... ok
2026-10-09T01:33:08.2715149Z test draft7/optional/format/email.json/0/23 ... ok
2026-10-09T01:33:08.2715315Z test draft7/optional/format/email.json/0/28 ... ok
2026-10-09T01:33:08.2715477Z test draft7/optional/format/email.json/0/29 ... ok
2026-10-09T01:33:08.2715642Z test draft7/optional/format/email.json/0/30 ... ok
2026-10-09T01:33:08.2715807Z test draft7/optional/format/email.json/0/31 ... ok
2026-10-09T01:33:08.2715969Z test draft7/optional/format/email.json/0/32 ... ok
2026-10-09T01:33:08.2716134Z test draft7/optional/format/email.json/0/34 ... ok
2026-10-09T01:33:08.2716299Z test draft7/optional/format/email.json/0/33 ... ok
2026-10-09T01:33:08.2716462Z test draft7/optional/format/email.json/0/35 ... ok
2026-10-09T01:33:08.2716627Z test draft7/optional/format/email.json/0/37 ... ok
2026-10-09T01:33:08.2716789Z test draft7/optional/format/email.json/0/38 ... ok
2026-10-09T01:33:08.2716954Z test draft7/optional/format/email.json/0/39 ... ok
2026-10-09T01:33:08.2717215Z test draft7/optional/format/email.json/0/36 ... ok
2026-10-09T01:33:08.2717380Z test draft7/optional/format/email.json/0/40 ... ok
2026-10-09T01:33:08.2717546Z test draft7/optional/format/email.json/0/41 ... ok
2026-10-09T01:33:08.2717712Z test draft7/optional/format/email.json/0/42 ... ok
2026-10-09T01:33:08.2717874Z test draft7/optional/format/email.json/0/43 ... ok
2026-10-09T01:33:08.2718039Z test draft7/optional/format/email.json/0/44 ... ok
2026-10-09T01:33:08.2718203Z test draft7/optional/format/email.json/0/45 ... ok
2026-10-09T01:33:08.2718365Z test draft7/optional/format/email.json/0/46 ... ok
2026-10-09T01:33:08.2718530Z test draft7/optional/format/email.json/0/48 ... ok
2026-10-09T01:33:08.2718692Z test draft7/optional/format/email.json/0/47 ... ok
2026-10-09T01:33:08.2718858Z test draft7/optional/format/email.json/0/49 ... ok
2026-10-09T01:33:08.2719024Z test draft7/optional/format/email.json/0/50 ... ok
2026-10-09T01:33:08.2719187Z test draft7/optional/format/email.json/0/51 ... ok
2026-10-09T01:33:08.2719356Z test draft7/optional/format/email.json/0/52 ... ok
2026-10-09T01:33:08.2719522Z test draft7/optional/format/email.json/0/53 ... ok
2026-10-09T01:33:08.2719685Z test draft7/optional/format/email.json/0/54 ... ok
2026-10-09T01:33:08.2719849Z test draft7/optional/format/email.json/0/55 ... ok
2026-10-09T01:33:08.2720014Z test draft7/optional/format/email.json/0/57 ... ok
2026-10-09T01:33:08.2720176Z test draft7/optional/format/email.json/0/56 ... ok
2026-10-09T01:33:08.2720342Z test draft7/optional/format/email.json/0/58 ... ok
2026-10-09T01:33:08.2720504Z test draft7/optional/format/email.json/0/59 ... ok
2026-10-09T01:33:08.2720667Z test draft7/optional/format/email.json/0/61 ... ok
2026-10-09T01:33:08.2720832Z test draft7/optional/format/email.json/0/60 ... ok
2026-10-09T01:33:08.2720993Z test draft7/optional/format/email.json/0/62 ... ok
2026-10-09T01:33:08.2721157Z test draft7/optional/format/email.json/0/63 ... ok
2026-10-09T01:33:08.2721322Z test draft7/optional/format/email.json/0/64 ... ok
2026-10-09T01:33:08.2721487Z test draft7/optional/format/email.json/0/65 ... ok
2026-10-09T01:33:08.2721655Z test draft7/optional/format/email.json/0/66 ... ok
2026-10-09T01:33:08.2721820Z test draft7/optional/format/email.json/0/68 ... ok
2026-10-09T01:33:08.2721982Z test draft7/optional/format/email.json/0/67 ... ok
2026-10-09T01:33:08.2722146Z test draft7/optional/format/email.json/0/69 ... ok
2026-10-09T01:33:08.2722310Z test draft7/optional/format/email.json/0/70 ... ok
2026-10-09T01:33:08.2722489Z test draft7/optional/format/hostname.json/0/0 ... ok
2026-10-09T01:33:08.2722668Z test draft7/optional/format/hostname.json/0/1 ... ok
2026-10-09T01:33:08.2722841Z test draft7/optional/format/hostname.json/0/2 ... ok
2026-10-09T01:33:08.2723016Z test draft7/optional/format/hostname.json/0/3 ... ok
2026-10-09T01:33:08.2723190Z test draft7/optional/format/hostname.json/0/4 ... ok
2026-10-09T01:33:08.2723361Z test draft7/optional/format/hostname.json/0/5 ... ok
2026-10-09T01:33:08.2723537Z test draft7/optional/format/hostname.json/0/6 ... ok
2026-10-09T01:33:08.2723803Z test draft7/optional/format/hostname.json/0/7 ... ok
2026-10-09T01:33:08.2723974Z test draft7/optional/format/hostname.json/0/8 ... ok
2026-10-09T01:33:08.2724149Z test draft7/optional/format/hostname.json/0/9 ... ok
2026-10-09T01:33:08.2724328Z test draft7/optional/format/hostname.json/0/10 ... ok
2026-10-09T01:33:08.2724509Z test draft7/optional/format/hostname.json/0/11 ... ok
2026-10-09T01:33:08.2724690Z test draft7/optional/format/hostname.json/0/12 ... ok
2026-10-09T01:33:08.2724866Z test draft7/optional/format/hostname.json/0/13 ... ok
2026-10-09T01:33:08.2725161Z test draft7/optional/format/hostname.json/0/14 ... ok
2026-10-09T01:33:08.2725339Z test draft7/optional/format/hostname.json/0/15 ... ok
2026-10-09T01:33:08.2725514Z test draft7/optional/format/hostname.json/0/16 ... ok
2026-10-09T01:33:08.2725691Z test draft7/optional/format/hostname.json/0/17 ... ok
2026-10-09T01:33:08.2725866Z test draft7/optional/format/hostname.json/0/18 ... ok
2026-10-09T01:33:08.2726134Z test draft7/optional/format/hostname.json/0/19 ... ok
2026-10-09T01:33:08.2726314Z test draft7/optional/format/hostname.json/0/21 ... ok
2026-10-09T01:33:08.2726490Z test draft7/optional/format/hostname.json/0/20 ... ok
2026-10-09T01:33:08.2726665Z test draft7/optional/format/hostname.json/0/22 ... ok
2026-10-09T01:33:08.2726842Z test draft7/optional/format/hostname.json/0/23 ... ok
2026-10-09T01:33:08.2727016Z test draft7/optional/format/hostname.json/0/24 ... ok
2026-10-09T01:33:08.2727193Z test draft7/optional/format/hostname.json/0/25 ... ok
2026-10-09T01:33:08.2727369Z test draft7/optional/format/hostname.json/1/0 ... ok
2026-10-09T01:33:08.2727543Z test draft7/optional/format/hostname.json/1/2 ... ok
2026-10-09T01:33:08.2727719Z test draft7/optional/format/hostname.json/1/3 ... ok
2026-10-09T01:33:08.2727895Z test draft7/optional/format/hostname.json/1/4 ... ok
2026-10-09T01:33:08.2728068Z test draft7/optional/format/hostname.json/1/1 ... ok
2026-10-09T01:33:08.2728246Z test draft7/optional/format/hostname.json/1/5 ... ok
2026-10-09T01:33:08.2728421Z test draft7/optional/format/hostname.json/1/6 ... ok
2026-10-09T01:33:08.2728592Z test draft7/optional/format/hostname.json/1/7 ... ok
2026-10-09T01:33:08.2728766Z test draft7/optional/format/hostname.json/1/9 ... ok
2026-10-09T01:33:08.2728938Z test draft7/optional/format/hostname.json/1/8 ... ok
2026-10-09T01:33:08.2729119Z test draft7/optional/format/hostname.json/1/11 ... ok
2026-10-09T01:33:08.2729299Z test draft7/optional/format/hostname.json/1/10 ... ok
2026-10-09T01:33:08.2729475Z test draft7/optional/format/hostname.json/1/12 ... ok
2026-10-09T01:33:08.2729653Z test draft7/optional/format/hostname.json/1/13 ... ok
2026-10-09T01:33:08.2729831Z test draft7/optional/format/hostname.json/1/15 ... ok
2026-10-09T01:33:08.2730006Z test draft7/optional/format/hostname.json/1/14 ... ok
2026-10-09T01:33:08.2730183Z test draft7/optional/format/hostname.json/1/16 ... ok
2026-10-09T01:33:08.2730363Z test draft7/optional/format/hostname.json/1/18 ... ok
2026-10-09T01:33:08.2730536Z test draft7/optional/format/hostname.json/1/17 ... ok
2026-10-09T01:33:08.2730715Z test draft7/optional/format/hostname.json/1/19 ... ok
2026-10-09T01:33:08.2730890Z test draft7/optional/format/hostname.json/1/21 ... ok
2026-10-09T01:33:08.2731068Z test draft7/optional/format/hostname.json/1/20 ... ok
2026-10-09T01:33:08.2731248Z test draft7/optional/format/hostname.json/1/22 ... ok
2026-10-09T01:33:08.2731421Z test draft7/optional/format/hostname.json/1/23 ... ok
2026-10-09T01:33:08.2731598Z test draft7/optional/format/hostname.json/1/24 ... ok
2026-10-09T01:33:08.2731778Z test draft7/optional/format/hostname.json/1/25 ... ok
2026-10-09T01:33:08.2731954Z test draft7/optional/format/hostname.json/1/26 ... ok
2026-10-09T01:33:08.2732132Z test draft7/optional/format/hostname.json/1/27 ... ok
2026-10-09T01:33:08.2732310Z test draft7/optional/format/hostname.json/1/28 ... ok
2026-10-09T01:33:08.2732485Z test draft7/optional/format/hostname.json/1/29 ... ok
2026-10-09T01:33:08.2732664Z test draft7/optional/format/hostname.json/1/31 ... ok
2026-10-09T01:33:08.2732937Z test draft7/optional/format/hostname.json/1/30 ... ok
2026-10-09T01:33:08.2733112Z test draft7/optional/format/hostname.json/1/32 ... ok
2026-10-09T01:33:08.2733289Z test draft7/optional/format/hostname.json/1/33 ... ok
2026-10-09T01:33:08.2733463Z test draft7/optional/format/hostname.json/1/35 ... ok
2026-10-09T01:33:08.2733640Z test draft7/optional/format/hostname.json/1/34 ... ok
2026-10-09T01:33:08.2733819Z test draft7/optional/format/hostname.json/1/37 ... ok
2026-10-09T01:33:08.2733995Z test draft7/optional/format/idn-email.json/0/0 ... ok
2026-10-09T01:33:08.2734175Z test draft7/optional/format/idn-email.json/0/1 ... ok
2026-10-09T01:33:08.2734353Z test draft7/optional/format/idn-email.json/0/2 ... ok
2026-10-09T01:33:08.2734528Z test draft7/optional/format/idn-email.json/0/3 ... ok
2026-10-09T01:33:08.2734708Z test draft7/optional/format/hostname.json/1/36 ... ok
2026-10-09T01:33:08.2735042Z test draft7/optional/format/idn-email.json/0/4 ... ok
2026-10-09T01:33:08.2735221Z test draft7/optional/format/idn-email.json/0/5 ... ok
2026-10-09T01:33:08.2735399Z test draft7/optional/format/idn-email.json/0/7 ... ok
2026-10-09T01:33:08.2735575Z test draft7/optional/format/idn-email.json/0/8 ... ok
2026-10-09T01:33:08.2735754Z test draft7/optional/format/idn-email.json/0/9 ... ok
2026-10-09T01:33:08.2735937Z test draft7/optional/format/idn-email.json/0/10 ... ok
2026-10-09T01:33:08.2736112Z test draft7/optional/format/idn-email.json/0/6 ... ok
2026-10-09T01:33:08.2736294Z test draft7/optional/format/idn-email.json/0/12 ... ok
2026-10-09T01:33:08.2736477Z test draft7/optional/format/idn-email.json/0/13 ... ok
2026-10-09T01:33:08.2743674Z test draft7/optional/format/idn-email.json/0/14 ... ok
2026-10-09T01:33:08.2743895Z test draft7/optional/format/idn-email.json/0/11 ... ok
2026-10-09T01:33:08.2744078Z test draft7/optional/format/idn-email.json/0/15 ... ok
2026-10-09T01:33:08.2744263Z test draft7/optional/format/idn-email.json/0/16 ... ok
2026-10-09T01:33:08.2744445Z test draft7/optional/format/idn-email.json/0/18 ... ok
2026-10-09T01:33:08.2744626Z test draft7/optional/format/idn-email.json/0/17 ... ok
2026-10-09T01:33:08.2744807Z test draft7/optional/format/idn-email.json/0/19 ... ok
2026-10-09T01:33:08.2745124Z test draft7/optional/format/idn-email.json/0/20 ... ok
2026-10-09T01:33:08.2745303Z test draft7/optional/format/idn-email.json/0/21 ... ok
2026-10-09T01:33:08.2745483Z test draft7/optional/format/idn-email.json/0/22 ... ok
2026-10-09T01:33:08.2745674Z test draft7/optional/format/idn-hostname.json/0/0 ... ok
2026-10-09T01:33:08.2745868Z test draft7/optional/format/idn-hostname.json/0/1 ... ok
2026-10-09T01:33:08.2746050Z test draft7/optional/format/idn-email.json/0/23 ... ok
2026-10-09T01:33:08.2746238Z test draft7/optional/format/idn-hostname.json/0/2 ... ok
2026-10-09T01:33:08.2746428Z test draft7/optional/format/idn-hostname.json/0/3 ... ok
2026-10-09T01:33:08.2746619Z test draft7/optional/format/idn-hostname.json/0/5 ... ok
2026-10-09T01:33:08.2746805Z test draft7/optional/format/idn-hostname.json/0/4 ... ok
2026-10-09T01:33:08.2746996Z test draft7/optional/format/idn-hostname.json/0/7 ... ok
2026-10-09T01:33:08.2747184Z test draft7/optional/format/idn-hostname.json/0/6 ... ok
2026-10-09T01:33:08.2747368Z test draft7/optional/format/idn-hostname.json/0/8 ... ok
2026-10-09T01:33:08.2747558Z test draft7/optional/format/idn-hostname.json/0/9 ... ok
2026-10-09T01:33:08.2747754Z test draft7/optional/format/idn-hostname.json/0/10 ... ok
2026-10-09T01:33:08.2747954Z test draft7/optional/format/idn-hostname.json/0/11 ... ok
2026-10-09T01:33:08.2748147Z test draft7/optional/format/idn-hostname.json/0/13 ... ok
2026-10-09T01:33:08.2748337Z test draft7/optional/format/idn-hostname.json/0/14 ... ok
2026-10-09T01:33:08.2748530Z test draft7/optional/format/idn-hostname.json/0/15 ... ok
2026-10-09T01:33:08.2748722Z test draft7/optional/format/idn-hostname.json/0/12 ... ok
2026-10-09T01:33:08.2748913Z test draft7/optional/format/idn-hostname.json/0/16 ... ok
2026-10-09T01:33:08.2749236Z test draft7/optional/format/idn-hostname.json/0/17 ... ok
2026-10-09T01:33:08.2749428Z test draft7/optional/format/idn-hostname.json/0/18 ... ok
2026-10-09T01:33:08.2749617Z test draft7/optional/format/idn-hostname.json/0/19 ... ok
2026-10-09T01:33:08.2749809Z test draft7/optional/format/idn-hostname.json/0/20 ... ok
2026-10-09T01:33:08.2750002Z test draft7/optional/format/idn-hostname.json/0/21 ... ok
2026-10-09T01:33:08.2750191Z test draft7/optional/format/idn-hostname.json/0/22 ... ok
2026-10-09T01:33:08.2750383Z test draft7/optional/format/idn-hostname.json/0/23 ... ok
2026-10-09T01:33:08.2750573Z test draft7/optional/format/idn-hostname.json/0/25 ... ok
2026-10-09T01:33:08.2750764Z test draft7/optional/format/idn-hostname.json/0/24 ... ok
2026-10-09T01:33:08.2750956Z test draft7/optional/format/idn-hostname.json/0/27 ... ok
2026-10-09T01:33:08.2751146Z test draft7/optional/format/idn-hostname.json/0/26 ... ok
2026-10-09T01:33:08.2751431Z test draft7/optional/format/idn-hostname.json/0/28 ... ok
2026-10-09T01:33:08.2751626Z test draft7/optional/format/idn-hostname.json/0/29 ... ok
2026-10-09T01:33:08.2751817Z test draft7/optional/format/idn-hostname.json/0/30 ... ok
2026-10-09T01:33:08.2752011Z test draft7/optional/format/idn-hostname.json/0/31 ... ok
2026-10-09T01:33:08.2752204Z test draft7/optional/format/idn-hostname.json/0/32 ... ok
2026-10-09T01:33:08.2752394Z test draft7/optional/format/idn-hostname.json/0/33 ... ok
2026-10-09T01:33:08.2752588Z test draft7/optional/format/idn-hostname.json/0/34 ... ok
2026-10-09T01:33:08.2752776Z test draft7/optional/format/idn-hostname.json/0/35 ... ok
2026-10-09T01:33:08.2752971Z test draft7/optional/format/idn-hostname.json/0/36 ... ok
2026-10-09T01:33:08.2753162Z test draft7/optional/format/idn-hostname.json/0/37 ... ok
2026-10-09T01:33:08.2753351Z test draft7/optional/format/idn-hostname.json/0/38 ... ok
2026-10-09T01:33:08.2753544Z test draft7/optional/format/idn-hostname.json/0/40 ... ok
2026-10-09T01:33:08.2753740Z test draft7/optional/format/idn-hostname.json/0/39 ... ok
2026-10-09T01:33:08.2753934Z test draft7/optional/format/idn-hostname.json/0/41 ... ok
2026-10-09T01:33:08.2754126Z test draft7/optional/format/idn-hostname.json/0/42 ... ok
2026-10-09T01:33:08.2754319Z test draft7/optional/format/idn-hostname.json/0/43 ... ok
2026-10-09T01:33:08.2754508Z test draft7/optional/format/idn-hostname.json/0/44 ... ok
2026-10-09T01:33:08.2754702Z test draft7/optional/format/idn-hostname.json/0/46 ... ok
2026-10-09T01:33:08.2754894Z test draft7/optional/format/idn-hostname.json/0/45 ... ok
2026-10-09T01:33:08.2755177Z test draft7/optional/format/idn-hostname.json/0/47 ... ok
2026-10-09T01:33:08.2755369Z test draft7/optional/format/idn-hostname.json/0/48 ... ok
2026-10-09T01:33:08.2755559Z test draft7/optional/format/idn-hostname.json/0/50 ... ok
2026-10-09T01:33:08.2755752Z test draft7/optional/format/idn-hostname.json/0/49 ... ok
2026-10-09T01:33:08.2755947Z test draft7/optional/format/idn-hostname.json/0/52 ... ok
2026-10-09T01:33:08.2756136Z test draft7/optional/format/idn-hostname.json/0/53 ... ok
2026-10-09T01:33:08.2756330Z test draft7/optional/format/idn-hostname.json/0/54 ... ok
2026-10-09T01:33:08.2756521Z test draft7/optional/format/idn-hostname.json/0/51 ... ok
2026-10-09T01:33:08.2756710Z test draft7/optional/format/idn-hostname.json/0/55 ... ok
2026-10-09T01:33:08.2756900Z test draft7/optional/format/idn-hostname.json/0/56 ... ok
2026-10-09T01:33:08.2757092Z test draft7/optional/format/idn-hostname.json/0/57 ... ok
2026-10-09T01:33:08.2757280Z test draft7/optional/format/idn-hostname.json/0/59 ... ok
2026-10-09T01:33:08.2757472Z test draft7/optional/format/idn-hostname.json/0/58 ... ok
2026-10-09T01:33:08.2757665Z test draft7/optional/format/idn-hostname.json/0/60 ... ok
2026-10-09T01:33:08.2757854Z test draft7/optional/format/idn-hostname.json/0/61 ... ok
2026-10-09T01:33:08.2758047Z test draft7/optional/format/idn-hostname.json/0/62 ... ok
2026-10-09T01:33:08.2758238Z test draft7/optional/format/idn-hostname.json/0/63 ... ok
2026-10-09T01:33:08.2758531Z test draft7/optional/format/idn-hostname.json/0/65 ... ok
2026-10-09T01:33:08.2758725Z test draft7/optional/format/idn-hostname.json/0/64 ... ok
2026-10-09T01:33:08.2758915Z test draft7/optional/format/idn-hostname.json/0/66 ... ok
2026-10-09T01:33:08.2759108Z test draft7/optional/format/idn-hostname.json/0/67 ... ok
2026-10-09T01:33:08.2759300Z test draft7/optional/format/idn-hostname.json/0/68 ... ok
2026-10-09T01:33:08.2759490Z test draft7/optional/format/idn-hostname.json/0/69 ... ok
2026-10-09T01:33:08.2759683Z test draft7/optional/format/idn-hostname.json/0/70 ... ok
2026-10-09T01:33:08.2759877Z test draft7/optional/format/idn-hostname.json/0/71 ... ok
2026-10-09T01:33:08.2760065Z test draft7/optional/format/idn-hostname.json/0/72 ... ok
2026-10-09T01:33:08.2760259Z test draft7/optional/format/idn-hostname.json/0/74 ... ok
2026-10-09T01:33:08.2760448Z test draft7/optional/format/idn-hostname.json/0/75 ... ok
2026-10-09T01:33:08.2760734Z test draft7/optional/format/idn-hostname.json/0/76 ... ok
2026-10-09T01:33:08.2760929Z test draft7/optional/format/idn-hostname.json/0/77 ... ok
2026-10-09T01:33:08.2761116Z test draft7/optional/format/idn-hostname.json/1/0 ... ok
2026-10-09T01:33:08.2761308Z test draft7/optional/format/idn-hostname.json/1/1 ... ok
2026-10-09T01:33:08.2761495Z test draft7/optional/format/idn-hostname.json/1/2 ... ok
2026-10-09T01:33:08.2761727Z test draft7/optional/format/idn-hostname.json/1/3 ... ok
2026-10-09T01:33:08.2761916Z test draft7/optional/format/idn-hostname.json/1/4 ... ok
2026-10-09T01:33:08.2762105Z test draft7/optional/format/idn-hostname.json/1/5 ... ok
2026-10-09T01:33:08.2762289Z test draft7/optional/format/idn-hostname.json/1/6 ... ok
2026-10-09T01:33:08.2762481Z test draft7/optional/format/idn-hostname.json/0/73 ... ok
2026-10-09T01:33:08.2762668Z test draft7/optional/format/idn-hostname.json/1/7 ... ok
2026-10-09T01:33:08.2762854Z test draft7/optional/format/idn-hostname.json/1/8 ... ok
2026-10-09T01:33:08.2763049Z test draft7/optional/format/idn-hostname.json/1/10 ... ok
2026-10-09T01:33:08.2763238Z test draft7/optional/format/idn-hostname.json/1/9 ... ok
2026-10-09T01:33:08.2763432Z test draft7/optional/format/idn-hostname.json/1/12 ... ok
2026-10-09T01:33:08.2763626Z test draft7/optional/format/idn-hostname.json/1/11 ... ok
2026-10-09T01:33:08.2763818Z test draft7/optional/format/idn-hostname.json/1/13 ... ok
2026-10-09T01:33:08.2764011Z test draft7/optional/format/idn-hostname.json/1/14 ... ok
2026-10-09T01:33:08.2764206Z test draft7/optional/format/idn-hostname.json/1/15 ... ok
2026-10-09T01:33:08.2764395Z test draft7/optional/format/idn-hostname.json/1/16 ... ok
2026-10-09T01:33:08.2764588Z test draft7/optional/format/idn-hostname.json/1/17 ... ok
2026-10-09T01:33:08.2764779Z test draft7/optional/format/idn-hostname.json/1/19 ... ok
2026-10-09T01:33:08.2765028Z test draft7/optional/format/ipv4.json/0/0 ... ok
2026-10-09T01:33:08.2765194Z test draft7/optional/format/ipv4.json/0/1 ... ok
2026-10-09T01:33:08.2765385Z test draft7/optional/format/idn-hostname.json/1/18 ... ok
2026-10-09T01:33:08.2765548Z test draft7/optional/format/ipv4.json/0/2 ... ok
2026-10-09T01:33:08.2765707Z test draft7/optional/format/ipv4.json/0/3 ... ok
2026-10-09T01:33:08.2765864Z test draft7/optional/format/ipv4.json/0/4 ... ok
2026-10-09T01:33:08.2766023Z test draft7/optional/format/ipv4.json/0/5 ... ok
2026-10-09T01:33:08.2766183Z test draft7/optional/format/ipv4.json/0/7 ... ok
2026-10-09T01:33:08.2766340Z test draft7/optional/format/ipv4.json/0/6 ... ok
2026-10-09T01:33:08.2766503Z test draft7/optional/format/ipv4.json/0/8 ... ok
2026-10-09T01:33:08.2766664Z test draft7/optional/format/ipv4.json/0/9 ... ok
2026-10-09T01:33:08.2766825Z test draft7/optional/format/ipv4.json/0/10 ... ok
2026-10-09T01:33:08.2766994Z test draft7/optional/format/ipv4.json/0/11 ... ok
2026-10-09T01:33:08.2767154Z test draft7/optional/format/ipv4.json/0/12 ... ok
2026-10-09T01:33:08.2767319Z test draft7/optional/format/ipv4.json/0/13 ... ok
2026-10-09T01:33:08.2767479Z test draft7/optional/format/ipv4.json/0/14 ... ok
2026-10-09T01:33:08.2767737Z test draft7/optional/format/ipv4.json/0/15 ... ok
2026-10-09T01:33:08.2767899Z test draft7/optional/format/ipv4.json/0/16 ... ok
2026-10-09T01:33:08.2768057Z test draft7/optional/format/ipv4.json/0/18 ... ok
2026-10-09T01:33:08.2768219Z test draft7/optional/format/ipv4.json/0/17 ... ok
2026-10-09T01:33:08.2768381Z test draft7/optional/format/ipv4.json/0/19 ... ok
2026-10-09T01:33:08.2768539Z test draft7/optional/format/ipv4.json/0/20 ... ok
2026-10-09T01:33:08.2768701Z test draft7/optional/format/ipv4.json/0/21 ... ok
2026-10-09T01:33:08.2768863Z test draft7/optional/format/ipv4.json/0/23 ... ok
2026-10-09T01:33:08.2769022Z test draft7/optional/format/ipv4.json/0/22 ... ok
2026-10-09T01:33:08.2769184Z test draft7/optional/format/ipv4.json/0/25 ... ok
2026-10-09T01:33:08.2769344Z test draft7/optional/format/ipv4.json/0/24 ... ok
2026-10-09T01:33:08.2769506Z test draft7/optional/format/ipv4.json/0/26 ... ok
2026-10-09T01:33:08.2769757Z test draft7/optional/format/ipv4.json/0/27 ... ok
2026-10-09T01:33:08.2769919Z test draft7/optional/format/ipv4.json/0/29 ... ok
2026-10-09T01:33:08.2770081Z test draft7/optional/format/ipv4.json/0/28 ... ok
2026-10-09T01:33:08.2770242Z test draft7/optional/format/ipv4.json/0/30 ... ok
2026-10-09T01:33:08.2770401Z test draft7/optional/format/ipv4.json/0/31 ... ok
2026-10-09T01:33:08.2770561Z test draft7/optional/format/ipv4.json/0/32 ... ok
2026-10-09T01:33:08.2770724Z test draft7/optional/format/ipv4.json/0/33 ... ok
2026-10-09T01:33:08.2770883Z test draft7/optional/format/ipv4.json/0/34 ... ok
2026-10-09T01:33:08.2771045Z test draft7/optional/format/ipv4.json/0/35 ... ok
2026-10-09T01:33:08.2771204Z test draft7/optional/format/ipv4.json/0/36 ... ok
2026-10-09T01:33:08.2771365Z test draft7/optional/format/ipv4.json/0/37 ... ok
2026-10-09T01:33:08.2771527Z test draft7/optional/format/ipv4.json/0/38 ... ok
2026-10-09T01:33:08.2771686Z test draft7/optional/format/ipv4.json/0/40 ... ok
2026-10-09T01:33:08.2771848Z test draft7/optional/format/ipv6.json/0/0 ... ok
2026-10-09T01:33:08.2772010Z test draft7/optional/format/ipv6.json/0/1 ... ok
2026-10-09T01:33:08.2772167Z test draft7/optional/format/ipv6.json/0/2 ... ok
2026-10-09T01:33:08.2772328Z test draft7/optional/format/ipv4.json/0/39 ... ok
2026-10-09T01:33:08.2772489Z test draft7/optional/format/ipv6.json/0/3 ... ok
2026-10-09T01:33:08.2772647Z test draft7/optional/format/ipv6.json/0/4 ... ok
2026-10-09T01:33:08.2772805Z test draft7/optional/format/ipv6.json/0/5 ... ok
2026-10-09T01:33:08.2772962Z test draft7/optional/format/ipv6.json/0/7 ... ok
2026-10-09T01:33:08.2773121Z test draft7/optional/format/ipv6.json/0/6 ... ok
2026-10-09T01:33:08.2773279Z test draft7/optional/format/ipv6.json/0/8 ... ok
2026-10-09T01:33:08.2773436Z test draft7/optional/format/ipv6.json/0/9 ... ok
2026-10-09T01:33:08.2773598Z test draft7/optional/format/ipv6.json/0/10 ... ok
2026-10-09T01:33:08.2773761Z test draft7/optional/format/ipv6.json/0/11 ... ok
2026-10-09T01:33:08.2773923Z test draft7/optional/format/ipv6.json/0/12 ... ok
2026-10-09T01:33:08.2774089Z test draft7/optional/format/ipv6.json/0/13 ... ok
2026-10-09T01:33:08.2774250Z test draft7/optional/format/ipv6.json/0/14 ... ok
2026-10-09T01:33:08.2774411Z test draft7/optional/format/ipv6.json/0/15 ... ok
2026-10-09T01:33:08.2774573Z test draft7/optional/format/ipv6.json/0/16 ... ok
2026-10-09T01:33:08.2774732Z test draft7/optional/format/ipv6.json/0/17 ... ok
2026-10-09T01:33:08.2774893Z test draft7/optional/format/ipv6.json/0/18 ... ok
2026-10-09T01:33:08.2775402Z test draft7/optional/format/ipv6.json/0/19 ... ok
2026-10-09T01:33:08.2775545Z test draft7/optional/format/ipv6.json/0/20 ... ok
2026-10-09T01:33:08.2775651Z test draft7/optional/format/ipv6.json/0/21 ... ok
2026-10-09T01:33:08.2775745Z test draft7/optional/format/ipv6.json/0/22 ... ok
2026-10-09T01:33:08.2775836Z test draft7/optional/format/ipv6.json/0/23 ... ok
2026-10-09T01:33:08.2775930Z test draft7/optional/format/ipv6.json/0/24 ... ok
2026-10-09T01:33:08.2776030Z test draft7/optional/format/ipv6.json/0/25 ... ok
2026-10-09T01:33:08.2776379Z test draft7/optional/format/ipv6.json/0/26 ... ok
2026-10-09T01:33:08.2776470Z test draft7/optional/format/ipv6.json/0/27 ... ok
2026-10-09T01:33:08.2776559Z test draft7/optional/format/ipv6.json/0/28 ... ok
2026-10-09T01:33:08.2776651Z test draft7/optional/format/ipv6.json/0/30 ... ok
2026-10-09T01:33:08.2776743Z test draft7/optional/format/ipv6.json/0/29 ... ok
2026-10-09T01:33:08.2776832Z test draft7/optional/format/ipv6.json/0/32 ... ok
2026-10-09T01:33:08.2776923Z test draft7/optional/format/ipv6.json/0/31 ... ok
2026-10-09T01:33:08.2777014Z test draft7/optional/format/ipv6.json/0/33 ... ok
2026-10-09T01:33:08.2777102Z test draft7/optional/format/ipv6.json/0/34 ... ok
2026-10-09T01:33:08.2777193Z test draft7/optional/format/ipv6.json/0/35 ... ok
2026-10-09T01:33:08.2777284Z test draft7/optional/format/ipv6.json/0/36 ... ok
2026-10-09T01:33:08.2777374Z test draft7/optional/format/ipv6.json/0/37 ... ok
2026-10-09T01:33:08.2777547Z test draft7/optional/format/ipv6.json/0/38 ... ok
2026-10-09T01:33:08.2777640Z test draft7/optional/format/ipv6.json/0/39 ... ok
2026-10-09T01:33:08.2777732Z test draft7/optional/format/ipv6.json/0/40 ... ok
2026-10-09T01:33:08.2777824Z test draft7/optional/format/ipv6.json/0/42 ... ok
2026-10-09T01:33:08.2777913Z test draft7/optional/format/ipv6.json/0/41 ... ok
2026-10-09T01:33:08.2778004Z test draft7/optional/format/ipv6.json/0/43 ... ok
2026-10-09T01:33:08.2778095Z test draft7/optional/format/ipv6.json/0/44 ... ok
2026-10-09T01:33:08.2778184Z test draft7/optional/format/ipv6.json/0/45 ... ok
2026-10-09T01:33:08.2778276Z test draft7/optional/format/ipv6.json/0/47 ... ok
2026-10-09T01:33:08.2778368Z test draft7/optional/format/ipv6.json/0/48 ... ok
2026-10-09T01:33:08.2778458Z test draft7/optional/format/ipv6.json/0/49 ... ok
2026-10-09T01:33:08.2778550Z test draft7/optional/format/ipv6.json/0/50 ... ok
2026-10-09T01:33:08.2778639Z test draft7/optional/format/ipv6.json/0/46 ... ok
2026-10-09T01:33:08.2778761Z test draft7/optional/format/iri-reference.json/0/0 ... ok
2026-10-09T01:33:08.2778878Z test draft7/optional/format/iri-reference.json/0/2 ... ok
2026-10-09T01:33:08.2778986Z test draft7/optional/format/iri-reference.json/0/1 ... ok
2026-10-09T01:33:08.2779093Z test draft7/optional/format/iri-reference.json/0/4 ... ok
2026-10-09T01:33:08.2779201Z test draft7/optional/format/iri-reference.json/0/3 ... ok
2026-10-09T01:33:08.2779307Z test draft7/optional/format/iri-reference.json/0/5 ... ok
2026-10-09T01:33:08.2779416Z test draft7/optional/format/iri-reference.json/0/6 ... ok
2026-10-09T01:33:08.2779524Z test draft7/optional/format/iri-reference.json/0/7 ... ok
2026-10-09T01:33:08.2779631Z test draft7/optional/format/iri-reference.json/0/8 ... ok
2026-10-09T01:33:08.2779739Z test draft7/optional/format/iri-reference.json/0/9 ... ok
2026-10-09T01:33:08.2779853Z test draft7/optional/format/iri-reference.json/0/11 ... ok
2026-10-09T01:33:08.2779965Z test draft7/optional/format/iri-reference.json/0/10 ... ok
2026-10-09T01:33:08.2780075Z test draft7/optional/format/iri-reference.json/0/12 ... ok
2026-10-09T01:33:08.2780185Z test draft7/optional/format/iri-reference.json/0/13 ... ok
2026-10-09T01:33:08.2780295Z test draft7/optional/format/iri-reference.json/0/14 ... ok
2026-10-09T01:33:08.2780406Z test draft7/optional/format/iri-reference.json/0/16 ... ok
2026-10-09T01:33:08.2780514Z test draft7/optional/format/iri-reference.json/0/15 ... ok
2026-10-09T01:33:08.2780624Z test draft7/optional/format/iri-reference.json/0/18 ... ok
2026-10-09T01:33:08.2780734Z test draft7/optional/format/iri-reference.json/0/17 ... ok
2026-10-09T01:33:08.2780841Z test draft7/optional/format/iri-reference.json/0/19 ... ok
2026-10-09T01:33:08.2780951Z test draft7/optional/format/iri-reference.json/0/20 ... ok
2026-10-09T01:33:08.2781045Z test draft7/optional/format/iri.json/0/0 ... ok
2026-10-09T01:33:08.2781137Z test draft7/optional/format/iri.json/0/1 ... ok
2026-10-09T01:33:08.2781228Z test draft7/optional/format/iri.json/0/2 ... ok
2026-10-09T01:33:08.2781315Z test draft7/optional/format/iri.json/0/4 ... ok
2026-10-09T01:33:08.2781460Z test draft7/optional/format/iri.json/0/5 ... ok
2026-10-09T01:33:08.2781548Z test draft7/optional/format/iri.json/0/6 ... ok
2026-10-09T01:33:08.2781641Z test draft7/optional/format/date.json/0/73 ... ok
2026-10-09T01:33:08.2781767Z test draft7/optional/format/ecmascript-regex.json/4/0 ... ok
2026-10-09T01:33:08.2781858Z test draft7/optional/format/iri.json/0/8 ... ok
2026-10-09T01:33:08.2781945Z test draft7/optional/format/iri.json/0/9 ... ok
2026-10-09T01:33:08.2782038Z test draft7/optional/format/iri.json/0/10 ... ok
2026-10-09T01:33:08.2782130Z test draft7/optional/format/iri.json/0/11 ... ok
2026-10-09T01:33:08.2782218Z test draft7/optional/format/iri.json/0/12 ... ok
2026-10-09T01:33:08.2782307Z test draft7/optional/format/iri.json/0/14 ... ok
2026-10-09T01:33:08.2782394Z test draft7/optional/format/iri.json/0/13 ... ok
2026-10-09T01:33:08.2782484Z test draft7/optional/format/iri.json/0/15 ... ok
2026-10-09T01:33:08.2782636Z test draft7/optional/format/iri.json/0/16 ... ok
2026-10-09T01:33:08.2782725Z test draft7/optional/format/iri.json/0/17 ... ok
2026-10-09T01:33:08.2782814Z test draft7/optional/format/iri.json/0/18 ... ok
2026-10-09T01:33:08.2782904Z test draft7/optional/format/iri.json/0/19 ... ok
2026-10-09T01:33:08.2782991Z test draft7/optional/format/iri.json/0/20 ... ok
2026-10-09T01:33:08.2783080Z test draft7/optional/format/iri.json/0/21 ... ok
2026-10-09T01:33:08.2783169Z test draft7/optional/format/iri.json/0/22 ... ok
2026-10-09T01:33:08.2783256Z test draft7/optional/format/iri.json/0/23 ... ok
2026-10-09T01:33:08.2783345Z test draft7/optional/format/iri.json/0/24 ... ok
2026-10-09T01:33:08.2783432Z test draft7/optional/format/iri.json/0/25 ... ok
2026-10-09T01:33:08.2783543Z test draft7/optional/format/json-pointer.json/0/0 ... ok
2026-10-09T01:33:08.2783653Z test draft7/optional/format/json-pointer.json/0/1 ... ok
2026-10-09T01:33:08.2783761Z test draft7/optional/format/json-pointer.json/0/2 ... ok
2026-10-09T01:33:08.2783867Z test draft7/optional/format/json-pointer.json/0/4 ... ok
2026-10-09T01:33:08.2783974Z test draft7/optional/format/json-pointer.json/0/3 ... ok
2026-10-09T01:33:08.2784077Z test draft7/optional/format/json-pointer.json/0/5 ... ok
2026-10-09T01:33:08.2784182Z test draft7/optional/format/json-pointer.json/0/6 ... ok
2026-10-09T01:33:08.2784287Z test draft7/optional/format/json-pointer.json/0/8 ... ok
2026-10-09T01:33:08.2784375Z test draft7/optional/format/iri.json/0/3 ... ok
2026-10-09T01:33:08.2784480Z test draft7/optional/format/json-pointer.json/0/9 ... ok
2026-10-09T01:33:08.2784589Z test draft7/optional/format/json-pointer.json/0/10 ... ok
2026-10-09T01:33:08.2784700Z test draft7/optional/format/json-pointer.json/0/11 ... ok
2026-10-09T01:33:08.2784811Z test draft7/optional/format/json-pointer.json/0/12 ... ok
2026-10-09T01:33:08.2784918Z test draft7/optional/format/json-pointer.json/0/13 ... ok
2026-10-09T01:33:08.2785179Z test draft7/optional/format/json-pointer.json/0/14 ... ok
2026-10-09T01:33:08.2785288Z test draft7/optional/format/json-pointer.json/0/15 ... ok
2026-10-09T01:33:08.2785397Z test draft7/optional/format/json-pointer.json/0/16 ... ok
2026-10-09T01:33:08.2785506Z test draft7/optional/format/json-pointer.json/0/17 ... ok
2026-10-09T01:33:08.2785614Z test draft7/optional/format/json-pointer.json/0/18 ... ok
2026-10-09T01:33:08.2785720Z test draft7/optional/format/json-pointer.json/0/19 ... ok
2026-10-09T01:33:08.2785829Z test draft7/optional/format/json-pointer.json/0/20 ... ok
2026-10-09T01:33:08.2785937Z test draft7/optional/format/json-pointer.json/0/21 ... ok
2026-10-09T01:33:08.2786043Z test draft7/optional/format/json-pointer.json/0/23 ... ok
2026-10-09T01:33:08.2786151Z test draft7/optional/format/json-pointer.json/0/22 ... ok
2026-10-09T01:33:08.2786257Z test draft7/optional/format/json-pointer.json/0/24 ... ok
2026-10-09T01:33:08.2786364Z test draft7/optional/format/json-pointer.json/0/25 ... ok
2026-10-09T01:33:08.2786474Z test draft7/optional/format/json-pointer.json/0/26 ... ok
2026-10-09T01:33:08.2786668Z test draft7/optional/format/json-pointer.json/0/27 ... ok
2026-10-09T01:33:08.2786775Z test draft7/optional/format/json-pointer.json/0/28 ... ok
2026-10-09T01:33:08.2786883Z test draft7/optional/format/json-pointer.json/0/29 ... ok
2026-10-09T01:33:08.2786989Z test draft7/optional/format/json-pointer.json/0/30 ... ok
2026-10-09T01:33:08.2787097Z test draft7/optional/format/json-pointer.json/0/31 ... ok
2026-10-09T01:33:08.2787210Z test draft7/optional/format/json-pointer.json/0/33 ... ok
2026-10-09T01:33:08.2787316Z test draft7/optional/format/json-pointer.json/0/32 ... ok
2026-10-09T01:33:08.2787422Z test draft7/optional/format/json-pointer.json/0/35 ... ok
2026-10-09T01:33:08.2787529Z test draft7/optional/format/json-pointer.json/0/34 ... ok
2026-10-09T01:33:08.2787636Z test draft7/optional/format/json-pointer.json/0/37 ... ok
2026-10-09T01:33:08.2787741Z test draft7/optional/format/json-pointer.json/0/36 ... ok
2026-10-09T01:33:08.2787928Z test draft7/optional/format/json-pointer.json/0/39 ... ok
2026-10-09T01:33:08.2788038Z test draft7/optional/format/json-pointer.json/0/38 ... ok
2026-10-09T01:33:08.2788130Z test draft7/optional/format/regex.json/0/0 ... ok
2026-10-09T01:33:08.2788223Z test draft7/optional/format/regex.json/0/1 ... ok
2026-10-09T01:33:08.2788314Z test draft7/optional/format/regex.json/0/2 ... ok
2026-10-09T01:33:08.2788403Z test draft7/optional/format/regex.json/0/3 ... ok
2026-10-09T01:33:08.2788494Z test draft7/optional/format/regex.json/0/4 ... ok
2026-10-09T01:33:08.2788584Z test draft7/optional/format/regex.json/0/5 ... ok
2026-10-09T01:33:08.2788677Z test draft7/optional/format/regex.json/0/7 ... ok
2026-10-09T01:33:08.2788767Z test draft7/optional/format/regex.json/0/6 ... ok
2026-10-09T01:33:08.2788900Z test draft7/optional/format/relative-json-pointer.json/0/0 ... ok
2026-10-09T01:33:08.2789031Z test draft7/optional/format/relative-json-pointer.json/0/1 ... ok
2026-10-09T01:33:08.2789161Z test draft7/optional/format/relative-json-pointer.json/0/2 ... ok
2026-10-09T01:33:08.2789287Z test draft7/optional/format/relative-json-pointer.json/0/3 ... ok
2026-10-09T01:33:08.2789414Z test draft7/optional/format/relative-json-pointer.json/0/4 ... ok
2026-10-09T01:33:08.2789540Z test draft7/optional/format/relative-json-pointer.json/0/6 ... ok
2026-10-09T01:33:08.2789664Z test draft7/optional/format/relative-json-pointer.json/0/5 ... ok
2026-10-09T01:33:08.2789789Z test draft7/optional/format/relative-json-pointer.json/0/7 ... ok
2026-10-09T01:33:08.2789915Z test draft7/optional/format/relative-json-pointer.json/0/8 ... ok
2026-10-09T01:33:08.2790038Z test draft7/optional/format/relative-json-pointer.json/0/9 ... ok
2026-10-09T01:33:08.2790172Z test draft7/optional/format/relative-json-pointer.json/0/10 ... ok
2026-10-09T01:33:08.2790302Z test draft7/optional/format/relative-json-pointer.json/0/11 ... ok
2026-10-09T01:33:08.2790431Z test draft7/optional/format/relative-json-pointer.json/0/13 ... ok
2026-10-09T01:33:08.2790561Z test draft7/optional/format/relative-json-pointer.json/0/12 ... ok
2026-10-09T01:33:08.2790690Z test draft7/optional/format/relative-json-pointer.json/0/14 ... ok
2026-10-09T01:33:08.2790818Z test draft7/optional/format/relative-json-pointer.json/0/15 ... ok
2026-10-09T01:33:08.2790945Z test draft7/optional/format/relative-json-pointer.json/0/16 ... ok
2026-10-09T01:33:08.2791071Z test draft7/optional/format/relative-json-pointer.json/0/18 ... ok
2026-10-09T01:33:08.2791197Z test draft7/optional/format/relative-json-pointer.json/0/17 ... ok
2026-10-09T01:33:08.2791325Z test draft7/optional/format/relative-json-pointer.json/0/20 ... ok
2026-10-09T01:33:08.2791450Z test draft7/optional/format/relative-json-pointer.json/0/19 ... ok
2026-10-09T01:33:08.2791577Z test draft7/optional/format/relative-json-pointer.json/0/21 ... ok
2026-10-09T01:33:08.2791704Z test draft7/optional/format/relative-json-pointer.json/0/22 ... ok
2026-10-09T01:33:08.2791830Z test draft7/optional/format/relative-json-pointer.json/0/23 ... ok
2026-10-09T01:33:08.2791959Z test draft7/optional/format/relative-json-pointer.json/0/24 ... ok
2026-10-09T01:33:08.2792107Z test draft7/optional/format/time.json/0/0 ... ok
2026-10-09T01:33:08.2792198Z test draft7/optional/format/time.json/0/1 ... ok
2026-10-09T01:33:08.2792289Z test draft7/optional/format/time.json/0/2 ... ok
2026-10-09T01:33:08.2792378Z test draft7/optional/format/time.json/0/3 ... ok
2026-10-09T01:33:08.2792468Z test draft7/optional/format/iri.json/0/7 ... ok
2026-10-09T01:33:08.2792558Z test draft7/optional/format/time.json/0/4 ... ok
2026-10-09T01:33:08.2792646Z test draft7/optional/format/time.json/0/6 ... ok
2026-10-09T01:33:08.2792734Z test draft7/optional/format/time.json/0/7 ... ok
2026-10-09T01:33:08.2792823Z test draft7/optional/format/time.json/0/8 ... ok
2026-10-09T01:33:08.2792951Z test draft7/optional/format/relative-json-pointer.json/0/25 ... ok
2026-10-09T01:33:08.2793043Z test draft7/optional/format/time.json/0/10 ... ok
2026-10-09T01:33:08.2793185Z test draft7/optional/format/time.json/0/9 ... ok
2026-10-09T01:33:08.2793279Z test draft7/optional/format/time.json/0/12 ... ok
2026-10-09T01:33:08.2793371Z test draft7/optional/format/time.json/0/11 ... ok
2026-10-09T01:33:08.2793460Z test draft7/optional/format/time.json/0/13 ... ok
2026-10-09T01:33:08.2793550Z test draft7/optional/format/time.json/0/14 ... ok
2026-10-09T01:33:08.2793641Z test draft7/optional/format/time.json/0/15 ... ok
2026-10-09T01:33:08.2793729Z test draft7/optional/format/time.json/0/16 ... ok
2026-10-09T01:33:08.2793819Z test draft7/optional/format/time.json/0/17 ... ok
2026-10-09T01:33:08.2793908Z test draft7/optional/format/time.json/0/19 ... ok
2026-10-09T01:33:08.2793997Z test draft7/optional/format/time.json/0/20 ... ok
2026-10-09T01:33:08.2794087Z test draft7/optional/format/time.json/0/21 ... ok
2026-10-09T01:33:08.2794176Z test draft7/optional/format/time.json/0/22 ... ok
2026-10-09T01:33:08.2794266Z test draft7/optional/format/time.json/0/23 ... ok
2026-10-09T01:33:08.2794358Z test draft7/optional/format/time.json/0/24 ... ok
2026-10-09T01:33:08.2794449Z test draft7/optional/format/time.json/0/25 ... ok
2026-10-09T01:33:08.2794539Z test draft7/optional/format/time.json/0/26 ... ok
2026-10-09T01:33:08.2794630Z test draft7/optional/format/time.json/0/27 ... ok
2026-10-09T01:33:08.2794718Z test draft7/optional/format/time.json/0/28 ... ok
2026-10-09T01:33:08.2794809Z test draft7/optional/format/time.json/0/29 ... ok
2026-10-09T01:33:08.2794899Z test draft7/optional/format/time.json/0/30 ... ok
2026-10-09T01:33:08.2795108Z test draft7/optional/format/time.json/0/31 ... ok
2026-10-09T01:33:08.2795201Z test draft7/optional/format/time.json/0/32 ... ok
2026-10-09T01:33:08.2795289Z test draft7/optional/format/time.json/0/33 ... ok
2026-10-09T01:33:08.2795379Z test draft7/optional/format/time.json/0/34 ... ok
2026-10-09T01:33:08.2795469Z test draft7/optional/format/time.json/0/35 ... ok
2026-10-09T01:33:08.2795557Z test draft7/optional/format/time.json/0/36 ... ok
2026-10-09T01:33:08.2795649Z test draft7/optional/format/time.json/0/18 ... ok
2026-10-09T01:33:08.2795741Z test draft7/optional/format/time.json/0/37 ... ok
2026-10-09T01:33:08.2795829Z test draft7/optional/format/time.json/0/38 ... ok
2026-10-09T01:33:08.2795920Z test draft7/optional/format/time.json/0/39 ... ok
2026-10-09T01:33:08.2796010Z test draft7/optional/format/time.json/0/40 ... ok
2026-10-09T01:33:08.2796098Z test draft7/optional/format/time.json/0/41 ... ok
2026-10-09T01:33:08.2796189Z test draft7/optional/format/time.json/0/42 ... ok
2026-10-09T01:33:08.2796277Z test draft7/optional/format/time.json/0/43 ... ok
2026-10-09T01:33:08.2796367Z test draft7/optional/format/time.json/0/44 ... ok
2026-10-09T01:33:08.2796458Z test draft7/optional/format/time.json/0/45 ... ok
2026-10-09T01:33:08.2796546Z test draft7/optional/format/time.json/0/47 ... ok
2026-10-09T01:33:08.2796636Z test draft7/optional/format/time.json/0/46 ... ok
2026-10-09T01:33:08.2796725Z test draft7/optional/format/time.json/0/48 ... ok
2026-10-09T01:33:08.2796815Z test draft7/optional/format/time.json/0/49 ... ok
2026-10-09T01:33:08.2796993Z test draft7/optional/format/time.json/0/50 ... ok
2026-10-09T01:33:08.2797083Z test draft7/optional/format/time.json/0/51 ... ok
2026-10-09T01:33:08.2797172Z test draft7/optional/format/time.json/0/52 ... ok
2026-10-09T01:33:08.2797262Z test draft7/optional/format/time.json/0/53 ... ok
2026-10-09T01:33:08.2797352Z test draft7/optional/format/time.json/0/54 ... ok
2026-10-09T01:33:08.2797448Z test draft7/optional/format/unknown.json/0/1 ... ok
2026-10-09T01:33:08.2797545Z test draft7/optional/format/unknown.json/0/0 ... ok
2026-10-09T01:33:08.2797639Z test draft7/optional/format/unknown.json/0/2 ... ok
2026-10-09T01:33:08.2797734Z test draft7/optional/format/unknown.json/0/3 ... ok
2026-10-09T01:33:08.2797828Z test draft7/optional/format/unknown.json/0/4 ... ok
2026-10-09T01:33:08.2797921Z test draft7/optional/format/unknown.json/0/5 ... ok
2026-10-09T01:33:08.2798014Z test draft7/optional/format/unknown.json/0/6 ... ok
2026-10-09T01:33:08.2798206Z test draft7/optional/format/uri-reference.json/0/0 ... ok
2026-10-09T01:33:08.2798318Z test draft7/optional/format/uri-reference.json/0/1 ... ok
2026-10-09T01:33:08.2798429Z test draft7/optional/format/uri-reference.json/0/3 ... ok
2026-10-09T01:33:08.2798538Z test draft7/optional/format/uri-reference.json/0/2 ... ok
2026-10-09T01:33:08.2798644Z test draft7/optional/format/uri-reference.json/0/4 ... ok
2026-10-09T01:33:08.2798750Z test draft7/optional/format/uri-reference.json/0/5 ... ok
2026-10-09T01:33:08.2798856Z test draft7/optional/format/uri-reference.json/0/7 ... ok
2026-10-09T01:33:08.2798963Z test draft7/optional/format/uri-reference.json/0/6 ... ok
2026-10-09T01:33:08.2799069Z test draft7/optional/format/uri-reference.json/0/8 ... ok
2026-10-09T01:33:08.2799175Z test draft7/optional/format/uri-reference.json/0/9 ... ok
2026-10-09T01:33:08.2799286Z test draft7/optional/format/uri-reference.json/0/10 ... ok
2026-10-09T01:33:08.2799397Z test draft7/optional/format/uri-reference.json/0/11 ... ok
2026-10-09T01:33:08.2799508Z test draft7/optional/format/uri-reference.json/0/12 ... ok
2026-10-09T01:33:08.2799621Z test draft7/optional/format/uri-reference.json/0/13 ... ok
2026-10-09T01:33:08.2799733Z test draft7/optional/format/uri-reference.json/0/15 ... ok
2026-10-09T01:33:08.2799840Z test draft7/optional/format/uri-reference.json/0/14 ... ok
2026-10-09T01:33:08.2799949Z test draft7/optional/format/uri-reference.json/0/16 ... ok
2026-10-09T01:33:08.2800056Z test draft7/optional/format/uri-reference.json/0/17 ... ok
2026-10-09T01:33:08.2800165Z test draft7/optional/format/uri-reference.json/0/18 ... ok
2026-10-09T01:33:08.2800274Z test draft7/optional/format/uri-reference.json/0/19 ... ok
2026-10-09T01:33:08.2800382Z test draft7/optional/format/uri-reference.json/0/20 ... ok
2026-10-09T01:33:08.2800490Z test draft7/optional/format/uri-reference.json/0/21 ... ok
2026-10-09T01:33:08.2800599Z test draft7/optional/format/uri-reference.json/0/22 ... ok
2026-10-09T01:33:08.2800708Z test draft7/optional/format/uri-reference.json/0/23 ... ok
2026-10-09T01:33:08.2800820Z test draft7/optional/format/uri-reference.json/0/24 ... ok
2026-10-09T01:33:08.2800928Z test draft7/optional/format/uri-reference.json/0/25 ... ok
2026-10-09T01:33:08.2801035Z test draft7/optional/format/uri-reference.json/0/26 ... ok
2026-10-09T01:33:08.2801144Z test draft7/optional/format/uri-reference.json/0/28 ... ok
2026-10-09T01:33:08.2801252Z test draft7/optional/format/uri-reference.json/0/27 ... ok
2026-10-09T01:33:08.2801360Z test draft7/optional/format/uri-reference.json/0/30 ... ok
2026-10-09T01:33:08.2801469Z test draft7/optional/format/uri-reference.json/0/29 ... ok
2026-10-09T01:33:08.2801575Z test draft7/optional/format/uri-template.json/0/0 ... ok
2026-10-09T01:33:08.2801684Z test draft7/optional/format/uri-template.json/0/1 ... ok
2026-10-09T01:33:08.2801791Z test draft7/optional/format/uri-template.json/0/2 ... ok
2026-10-09T01:33:08.2801896Z test draft7/optional/format/uri-template.json/0/3 ... ok
2026-10-09T01:33:08.2802004Z test draft7/optional/format/uri-template.json/0/4 ... ok
2026-10-09T01:33:08.2802164Z test draft7/optional/format/uri-template.json/0/5 ... ok
2026-10-09T01:33:08.2802267Z test draft7/optional/format/uri-template.json/0/7 ... ok
2026-10-09T01:33:08.2802372Z test draft7/optional/format/uri-template.json/0/6 ... ok
2026-10-09T01:33:08.2802477Z test draft7/optional/format/uri-template.json/0/8 ... ok
2026-10-09T01:33:08.2802579Z test draft7/optional/format/uri-template.json/0/9 ... ok
2026-10-09T01:33:08.2802688Z test draft7/optional/format/uri-template.json/0/10 ... ok
2026-10-09T01:33:08.2802797Z test draft7/optional/format/uri-template.json/0/11 ... ok
2026-10-09T01:33:08.2802905Z test draft7/optional/format/uri-template.json/0/12 ... ok
2026-10-09T01:33:08.2803013Z test draft7/optional/format/uri-template.json/0/14 ... ok
2026-10-09T01:33:08.2803118Z test draft7/optional/format/uri-template.json/0/13 ... ok
2026-10-09T01:33:08.2803225Z test draft7/optional/format/uri-template.json/0/15 ... ok
2026-10-09T01:33:08.2803388Z test draft7/optional/format/uri-template.json/0/16 ... ok
2026-10-09T01:33:08.2803496Z test draft7/optional/format/uri-template.json/0/18 ... ok
2026-10-09T01:33:08.2803603Z test draft7/optional/format/uri-template.json/0/17 ... ok
2026-10-09T01:33:08.2803709Z test draft7/optional/format/uri-template.json/0/19 ... ok
2026-10-09T01:33:08.2803815Z test draft7/optional/format/uri-template.json/0/20 ... ok
2026-10-09T01:33:08.2803921Z test draft7/optional/format/uri-template.json/0/21 ... ok
2026-10-09T01:33:08.2804028Z test draft7/optional/format/uri-template.json/0/22 ... ok
2026-10-09T01:33:08.2804133Z test draft7/optional/format/uri-template.json/0/23 ... ok
2026-10-09T01:33:08.2804241Z test draft7/optional/format/uri-template.json/0/24 ... ok
2026-10-09T01:33:08.2804346Z test draft7/optional/format/uri-template.json/0/25 ... ok
2026-10-09T01:33:08.2804452Z test draft7/optional/format/uri-template.json/0/26 ... ok
2026-10-09T01:33:08.2804559Z test draft7/optional/format/uri-template.json/0/27 ... ok
2026-10-09T01:33:08.2804666Z test draft7/optional/format/uri-template.json/0/29 ... ok
2026-10-09T01:33:08.2804774Z test draft7/optional/format/uri-template.json/0/28 ... ok
2026-10-09T01:33:08.2804881Z test draft7/optional/format/uri-template.json/0/30 ... ok
2026-10-09T01:33:08.2805057Z test draft7/optional/format/uri-template.json/0/31 ... ok
2026-10-09T01:33:08.2805164Z test draft7/optional/format/uri-template.json/0/32 ... ok
2026-10-09T01:33:08.2805270Z test draft7/optional/format/uri-template.json/0/33 ... ok
2026-10-09T01:33:08.2805375Z test draft7/optional/format/uri-template.json/0/34 ... ok
2026-10-09T01:33:08.2805481Z test draft7/optional/format/uri-template.json/0/36 ... ok
2026-10-09T01:33:08.2805588Z test draft7/optional/format/uri-template.json/0/35 ... ok
2026-10-09T01:33:08.2805693Z test draft7/optional/format/uri-template.json/0/37 ... ok
2026-10-09T01:33:08.2805799Z test draft7/optional/format/uri-template.json/0/38 ... ok
2026-10-09T01:33:08.2805906Z test draft7/optional/format/uri-template.json/0/39 ... ok
2026-10-09T01:33:08.2806012Z test draft7/optional/format/uri-template.json/0/40 ... ok
2026-10-09T01:33:08.2806122Z test draft7/optional/format/uri-template.json/0/41 ... ok
2026-10-09T01:33:08.2806228Z test draft7/optional/format/uri-template.json/0/43 ... ok
2026-10-09T01:33:08.2806335Z test draft7/optional/format/uri-template.json/0/42 ... ok
2026-10-09T01:33:08.2806442Z test draft7/optional/format/uri-template.json/0/44 ... ok
2026-10-09T01:33:08.2806547Z test draft7/optional/format/uri-template.json/0/45 ... ok
2026-10-09T01:33:08.2806640Z test draft7/optional/format/uri.json/0/0 ... ok
2026-10-09T01:33:08.2806746Z test draft7/optional/format/uri-template.json/0/46 ... ok
2026-10-09T01:33:08.2806835Z test draft7/optional/format/uri.json/0/1 ... ok
2026-10-09T01:33:08.2806925Z test draft7/optional/format/uri.json/0/2 ... ok
2026-10-09T01:33:08.2807012Z test draft7/optional/format/uri.json/0/3 ... ok
2026-10-09T01:33:08.2807100Z test draft7/optional/format/uri.json/0/4 ... ok
2026-10-09T01:33:08.2807189Z test draft7/optional/format/uri.json/0/5 ... ok
2026-10-09T01:33:08.2807359Z test draft7/optional/format/uri.json/0/6 ... ok
2026-10-09T01:33:08.2807445Z test draft7/optional/format/uri.json/0/7 ... ok
2026-10-09T01:33:08.2807531Z test draft7/optional/format/uri.json/0/8 ... ok
2026-10-09T01:33:08.2807616Z test draft7/optional/format/uri.json/0/9 ... ok
2026-10-09T01:33:08.2807707Z test draft7/optional/format/uri.json/0/10 ... ok
2026-10-09T01:33:08.2807797Z test draft7/optional/format/uri.json/0/11 ... ok
2026-10-09T01:33:08.2807886Z test draft7/optional/format/uri.json/0/12 ... ok
2026-10-09T01:33:08.2807975Z test draft7/optional/format/uri.json/0/13 ... ok
2026-10-09T01:33:08.2808063Z test draft7/optional/format/uri.json/0/14 ... ok
2026-10-09T01:33:08.2808151Z test draft7/optional/format/uri.json/0/15 ... ok
2026-10-09T01:33:08.2808239Z test draft7/optional/format/uri.json/0/16 ... ok
2026-10-09T01:33:08.2808326Z test draft7/optional/format/uri.json/0/17 ... ok
2026-10-09T01:33:08.2808493Z test draft7/optional/format/uri.json/0/18 ... ok
2026-10-09T01:33:08.2808584Z test draft7/optional/format/uri.json/0/20 ... ok
2026-10-09T01:33:08.2808671Z test draft7/optional/format/uri.json/0/19 ... ok
2026-10-09T01:33:08.2808758Z test draft7/optional/format/uri.json/0/21 ... ok
2026-10-09T01:33:08.2808846Z test draft7/optional/format/uri.json/0/22 ... ok
2026-10-09T01:33:08.2808932Z test draft7/optional/format/uri.json/0/23 ... ok
2026-10-09T01:33:08.2809021Z test draft7/optional/format/uri.json/0/25 ... ok
2026-10-09T01:33:08.2809107Z test draft7/optional/format/uri.json/0/24 ... ok
2026-10-09T01:33:08.2809196Z test draft7/optional/format/uri.json/0/26 ... ok
2026-10-09T01:33:08.2809284Z test draft7/optional/format/uri.json/0/27 ... ok
2026-10-09T01:33:08.2809372Z test draft7/optional/format/uri.json/0/28 ... ok
2026-10-09T01:33:08.2809462Z test draft7/optional/format/uri.json/0/29 ... ok
2026-10-09T01:33:08.2809551Z test draft7/optional/format/uri.json/0/30 ... ok
2026-10-09T01:33:08.2809641Z test draft7/optional/format/uri.json/0/31 ... ok
2026-10-09T01:33:08.2809731Z test draft7/optional/format/uri.json/0/32 ... ok
2026-10-09T01:33:08.2809818Z test draft7/optional/format/uri.json/0/33 ... ok
2026-10-09T01:33:08.2809907Z test draft7/optional/format/uri.json/0/35 ... ok
2026-10-09T01:33:08.2809996Z test draft7/optional/format/uri.json/0/34 ... ok
2026-10-09T01:33:08.2810085Z test draft7/optional/format/uri.json/0/37 ... ok
2026-10-09T01:33:08.2810173Z test draft7/optional/format/uri.json/0/36 ... ok
2026-10-09T01:33:08.2810263Z test draft7/optional/format/uri.json/0/38 ... ok
2026-10-09T01:33:08.2810350Z test draft7/optional/format/uri.json/0/39 ... ok
2026-10-09T01:33:08.2810438Z test draft7/optional/format/uri.json/0/40 ... ok
2026-10-09T01:33:08.2810525Z test draft7/optional/format/uri.json/0/41 ... ok
2026-10-09T01:33:08.2810612Z test draft7/optional/format/uri.json/0/42 ... ok
2026-10-09T01:33:08.2810699Z test draft7/optional/format/uri.json/0/43 ... ok
2026-10-09T01:33:08.2810789Z test draft7/optional/format/time.json/0/5 ... ok
2026-10-09T01:33:08.2810878Z test draft7/optional/format/uri.json/0/44 ... ok
2026-10-09T01:33:08.2810966Z test draft7/optional/format/uri.json/0/45 ... ok
2026-10-09T01:33:08.2811052Z test draft7/optional/format/uri.json/0/46 ... ok
2026-10-09T01:33:08.2811134Z test draft7/optional/id.json/0/1 ... ok
2026-10-09T01:33:08.2811211Z test draft7/optional/id.json/0/0 ... ok
2026-10-09T01:33:08.2811286Z test draft7/optional/id.json/1/0 ... ok
2026-10-09T01:33:08.2811362Z test draft7/optional/id.json/0/2 ... ok
2026-10-09T01:33:08.2811436Z test draft7/optional/id.json/2/0 ... ok
2026-10-09T01:33:08.2811509Z test draft7/optional/id.json/1/1 ... ok
2026-10-09T01:33:08.2811609Z test draft7/optional/non-bmp-regex.json/0/0 ... ok
2026-10-09T01:33:08.2811704Z test draft7/optional/non-bmp-regex.json/0/1 ... ok
2026-10-09T01:33:08.2811780Z test draft7/optional/id.json/2/1 ... ok
2026-10-09T01:33:08.2811876Z test draft7/optional/non-bmp-regex.json/0/3 ... ok
2026-10-09T01:33:08.2811971Z test draft7/optional/non-bmp-regex.json/0/5 ... ok
2026-10-09T01:33:08.2812121Z test draft7/optional/non-bmp-regex.json/0/6 ... ok
2026-10-09T01:33:08.2812215Z test draft7/optional/non-bmp-regex.json/0/4 ... ok
2026-10-09T01:33:08.2812322Z test draft7/optional/format/json-pointer.json/0/7 ... ok
2026-10-09T01:33:08.2812415Z test draft7/optional/non-bmp-regex.json/1/1 ... ok
2026-10-09T01:33:08.2812509Z test draft7/optional/non-bmp-regex.json/1/3 ... ok
2026-10-09T01:33:08.2812600Z test draft7/optional/non-bmp-regex.json/1/2 ... ok
2026-10-09T01:33:08.2812692Z test draft7/optional/non-bmp-regex.json/1/4 ... ok
2026-10-09T01:33:08.2812790Z test draft7/optional/unknownKeyword.json/0/0 ... ok
2026-10-09T01:33:08.2812888Z test draft7/optional/unknownKeyword.json/0/1 ... ok
2026-10-09T01:33:08.2812967Z test draft7/pattern.json/0/0 ... ok
2026-10-09T01:33:08.2813040Z test draft7/pattern.json/0/1 ... ok
2026-10-09T01:33:08.2813113Z test draft7/pattern.json/0/2 ... ok
2026-10-09T01:33:08.2813241Z test draft7/pattern.json/0/3 ... ok
2026-10-09T01:33:08.2813313Z test draft7/pattern.json/0/4 ... ok
2026-10-09T01:33:08.2813386Z test draft7/pattern.json/0/5 ... ok
2026-10-09T01:33:08.2813487Z test draft7/optional/unknownKeyword.json/0/2 ... ok
2026-10-09T01:33:08.2813557Z test draft7/pattern.json/0/6 ... ok
2026-10-09T01:33:08.2813629Z test draft7/pattern.json/0/7 ... ok
2026-10-09T01:33:08.2813698Z test draft7/pattern.json/1/0 ... ok
2026-10-09T01:33:08.2813794Z test draft7/patternProperties.json/0/0 ... ok
2026-10-09T01:33:08.2813887Z test draft7/patternProperties.json/0/2 ... ok
2026-10-09T01:33:08.2813976Z test draft7/patternProperties.json/0/3 ... ok
2026-10-09T01:33:08.2814065Z test draft7/patternProperties.json/0/4 ... ok
2026-10-09T01:33:08.2814154Z test draft7/patternProperties.json/0/5 ... ok
2026-10-09T01:33:08.2814241Z test draft7/patternProperties.json/0/6 ... ok
2026-10-09T01:33:08.2814329Z test draft7/patternProperties.json/0/1 ... ok
2026-10-09T01:33:08.2814417Z test draft7/patternProperties.json/1/0 ... ok
2026-10-09T01:33:08.2814505Z test draft7/patternProperties.json/1/1 ... ok
2026-10-09T01:33:08.2814594Z test draft7/patternProperties.json/1/2 ... ok
2026-10-09T01:33:08.2814681Z test draft7/patternProperties.json/1/3 ... ok
2026-10-09T01:33:08.2814769Z test draft7/patternProperties.json/1/4 ... ok
2026-10-09T01:33:08.2814857Z test draft7/patternProperties.json/1/5 ... ok
2026-10-09T01:33:08.2815023Z test draft7/patternProperties.json/2/0 ... ok
2026-10-09T01:33:08.2815112Z test draft7/patternProperties.json/2/2 ... ok
2026-10-09T01:33:08.2815200Z test draft7/patternProperties.json/2/3 ... ok
2026-10-09T01:33:08.2815287Z test draft7/patternProperties.json/2/1 ... ok
2026-10-09T01:33:08.2815384Z test draft7/optional/non-bmp-regex.json/1/0 ... ok
2026-10-09T01:33:08.2815472Z test draft7/patternProperties.json/3/1 ... ok
2026-10-09T01:33:08.2815569Z test draft7/optional/non-bmp-regex.json/0/2 ... ok
2026-10-09T01:33:08.2815656Z test draft7/patternProperties.json/3/3 ... ok
2026-10-09T01:33:08.2815746Z test draft7/patternProperties.json/3/2 ... ok
2026-10-09T01:33:08.2815825Z test draft7/properties.json/0/0 ... ok
2026-10-09T01:33:08.2815905Z test draft7/properties.json/0/1 ... ok
2026-10-09T01:33:08.2815994Z test draft7/patternProperties.json/3/4 ... ok
2026-10-09T01:33:08.2816070Z test draft7/properties.json/0/2 ... ok
2026-10-09T01:33:08.2816147Z test draft7/properties.json/0/3 ... ok
2026-10-09T01:33:08.2816222Z test draft7/properties.json/0/4 ... ok
2026-10-09T01:33:08.2816312Z test draft7/patternProperties.json/4/0 ... ok
2026-10-09T01:33:08.2816388Z test draft7/properties.json/0/5 ... ok
2026-10-09T01:33:08.2816464Z test draft7/properties.json/1/2 ... ok
2026-10-09T01:33:08.2816554Z test draft7/patternProperties.json/3/0 ... ok
2026-10-09T01:33:08.2816629Z test draft7/properties.json/1/1 ... ok
2026-10-09T01:33:08.2816705Z test draft7/properties.json/1/4 ... ok
2026-10-09T01:33:08.2816780Z test draft7/properties.json/1/6 ... ok
2026-10-09T01:33:08.2816854Z test draft7/properties.json/1/5 ... ok
2026-10-09T01:33:08.2816931Z test draft7/properties.json/2/0 ... ok
2026-10-09T01:33:08.2817125Z test draft7/properties.json/1/7 ... ok
2026-10-09T01:33:08.2817199Z test draft7/properties.json/2/1 ... ok
2026-10-09T01:33:08.2817274Z test draft7/properties.json/2/2 ... ok
2026-10-09T01:33:08.2817347Z test draft7/properties.json/2/3 ... ok
2026-10-09T01:33:08.2817422Z test draft7/properties.json/1/3 ... ok
2026-10-09T01:33:08.2817498Z test draft7/properties.json/4/0 ... ok
2026-10-09T01:33:08.2817572Z test draft7/properties.json/3/0 ... ok
2026-10-09T01:33:08.2817647Z test draft7/properties.json/5/0 ... ok
2026-10-09T01:33:08.2817722Z test draft7/properties.json/5/1 ... ok
2026-10-09T01:33:08.2817795Z test draft7/properties.json/5/2 ... ok
2026-10-09T01:33:08.2817870Z test draft7/properties.json/5/3 ... ok
2026-10-09T01:33:08.2817943Z test draft7/properties.json/5/4 ... ok
2026-10-09T01:33:08.2818017Z test draft7/properties.json/5/5 ... ok
2026-10-09T01:33:08.2818092Z test draft7/properties.json/3/1 ... ok
2026-10-09T01:33:08.2818256Z test draft7/propertyNames.json/0/0 ... ok
2026-10-09T01:33:08.2818344Z test draft7/propertyNames.json/0/2 ... ok
2026-10-09T01:33:08.2818421Z test draft7/properties.json/5/6 ... ok
2026-10-09T01:33:08.2818502Z test draft7/propertyNames.json/0/1 ... ok
2026-10-09T01:33:08.2818587Z test draft7/propertyNames.json/0/4 ... ok
2026-10-09T01:33:08.2818669Z test draft7/propertyNames.json/0/5 ... ok
2026-10-09T01:33:08.2818749Z test draft7/propertyNames.json/0/3 ... ok
2026-10-09T01:33:08.2818830Z test draft7/propertyNames.json/0/6 ... ok
2026-10-09T01:33:08.2818908Z test draft7/propertyNames.json/0/7 ... ok
2026-10-09T01:33:08.2818990Z test draft7/propertyNames.json/1/2 ... ok
2026-10-09T01:33:08.2819070Z test draft7/propertyNames.json/2/0 ... ok
2026-10-09T01:33:08.2819150Z test draft7/propertyNames.json/2/1 ... ok
2026-10-09T01:33:08.2819230Z test draft7/propertyNames.json/1/1 ... ok
2026-10-09T01:33:08.2819312Z test draft7/propertyNames.json/3/0 ... ok
2026-10-09T01:33:08.2819393Z test draft7/propertyNames.json/3/1 ... ok
2026-10-09T01:33:08.2819473Z test draft7/propertyNames.json/4/0 ... ok
2026-10-09T01:33:08.2819554Z test draft7/propertyNames.json/1/0 ... ok
2026-10-09T01:33:08.2819634Z test draft7/propertyNames.json/4/2 ... ok
2026-10-09T01:33:08.2819715Z test draft7/propertyNames.json/4/1 ... ok
2026-10-09T01:33:08.2819794Z test draft7/propertyNames.json/5/0 ... ok
2026-10-09T01:33:08.2819874Z test draft7/propertyNames.json/5/1 ... ok
2026-10-09T01:33:08.2819954Z test draft7/propertyNames.json/5/2 ... ok
2026-10-09T01:33:08.2820034Z test draft7/propertyNames.json/5/3 ... ok
2026-10-09T01:33:08.2820108Z test draft7/ref.json/0/2 ... ok
2026-10-09T01:33:08.2820180Z test draft7/ref.json/0/0 ... ok
2026-10-09T01:33:08.2820248Z test draft7/ref.json/1/0 ... ok
2026-10-09T01:33:08.2820316Z test draft7/ref.json/0/1 ... ok
2026-10-09T01:33:08.2820381Z test draft7/ref.json/0/3 ... ok
2026-10-09T01:33:08.2820448Z test draft7/ref.json/1/1 ... ok
2026-10-09T01:33:08.2820515Z test draft7/ref.json/2/0 ... ok
2026-10-09T01:33:08.2820582Z test draft7/ref.json/3/0 ... ok
2026-10-09T01:33:08.2820650Z test draft7/ref.json/2/1 ... ok
2026-10-09T01:33:08.2820717Z test draft7/ref.json/3/1 ... ok
2026-10-09T01:33:08.2820783Z test draft7/ref.json/3/2 ... ok
2026-10-09T01:33:08.2820850Z test draft7/ref.json/3/4 ... ok
2026-10-09T01:33:08.2820915Z test draft7/ref.json/3/3 ... ok
2026-10-09T01:33:08.2820982Z test draft7/ref.json/3/5 ... ok
2026-10-09T01:33:08.2821049Z test draft7/ref.json/4/0 ... ok
2026-10-09T01:33:08.2821113Z test draft7/ref.json/4/1 ... ok
2026-10-09T01:33:08.2821180Z test draft7/ref.json/5/0 ... ok
2026-10-09T01:33:08.2821247Z test draft7/ref.json/5/1 ... ok
2026-10-09T01:33:08.2821312Z test draft7/ref.json/5/2 ... ok
2026-10-09T01:33:08.2821378Z test draft7/ref.json/6/1 ... ok
2026-10-09T01:33:08.2821443Z test draft7/ref.json/6/0 ... ok
2026-10-09T01:33:08.2821510Z test draft7/ref.json/8/0 ... ok
2026-10-09T01:33:08.2821576Z test draft7/ref.json/8/1 ... ok
2026-10-09T01:33:08.2821641Z test draft7/ref.json/7/0 ... ok
2026-10-09T01:33:08.2821710Z test draft7/ref.json/9/0 ... ok
2026-10-09T01:33:08.2821842Z test draft7/ref.json/10/0 ... ok
2026-10-09T01:33:08.2821909Z test draft7/ref.json/9/1 ... ok
2026-10-09T01:33:08.2821979Z test draft7/ref.json/11/0 ... ok
2026-10-09T01:33:08.2822044Z test draft7/ref.json/7/1 ... ok
2026-10-09T01:33:08.2822113Z test draft7/ref.json/13/0 ... ok
2026-10-09T01:33:08.2822181Z test draft7/ref.json/13/1 ... ok
2026-10-09T01:33:08.2822247Z test draft7/ref.json/14/0 ... ok
2026-10-09T01:33:08.2822316Z test draft7/ref.json/14/1 ... ok
2026-10-09T01:33:08.2822383Z test draft7/ref.json/15/0 ... ok
2026-10-09T01:33:08.2822449Z test draft7/ref.json/15/1 ... ok
2026-10-09T01:33:08.2822517Z test draft7/ref.json/16/0 ... ok
2026-10-09T01:33:08.2822583Z test draft7/ref.json/16/1 ... ok
2026-10-09T01:33:08.2822650Z test draft7/ref.json/17/0 ... ok
2026-10-09T01:33:08.2822717Z test draft7/ref.json/17/1 ... ok
2026-10-09T01:33:08.2822783Z test draft7/ref.json/17/2 ... ok
2026-10-09T01:33:08.2822905Z test draft7/ref.json/12/0 ... ok
2026-10-09T01:33:08.2822975Z test draft7/ref.json/18/0 ... ok
2026-10-09T01:33:08.2823042Z test draft7/ref.json/12/1 ... ok
2026-10-09T01:33:08.2823113Z test draft7/ref.json/18/1 ... ok
2026-10-09T01:33:08.2823182Z test draft7/ref.json/18/2 ... ok
2026-10-09T01:33:08.2823248Z test draft7/ref.json/19/1 ... ok
2026-10-09T01:33:08.2823318Z test draft7/ref.json/19/0 ... ok
2026-10-09T01:33:08.2823384Z test draft7/ref.json/19/2 ... ok
2026-10-09T01:33:08.2823454Z test draft7/ref.json/20/0 ... ok
2026-10-09T01:33:08.2823521Z test draft7/ref.json/20/1 ... ok
2026-10-09T01:33:08.2823586Z test draft7/ref.json/21/0 ... ok
2026-10-09T01:33:08.2823654Z test draft7/ref.json/21/1 ... ok
2026-10-09T01:33:08.2823722Z test draft7/ref.json/23/0 ... ok
2026-10-09T01:33:08.2823787Z test draft7/ref.json/22/1 ... ok
2026-10-09T01:33:08.2823855Z test draft7/ref.json/24/0 ... ok
2026-10-09T01:33:08.2823921Z test draft7/ref.json/22/0 ... ok
2026-10-09T01:33:08.2823989Z test draft7/ref.json/23/1 ... ok
2026-10-09T01:33:08.2824058Z test draft7/ref.json/24/1 ... ok
2026-10-09T01:33:08.2824126Z test draft7/ref.json/25/0 ... ok
2026-10-09T01:33:08.2824194Z test draft7/ref.json/25/1 ... ok
2026-10-09T01:33:08.2824262Z test draft7/ref.json/26/0 ... ok
2026-10-09T01:33:08.2824327Z test draft7/ref.json/27/0 ... ok
2026-10-09T01:33:08.2824395Z test draft7/ref.json/26/1 ... ok
2026-10-09T01:33:08.2824460Z test draft7/ref.json/27/1 ... ok
2026-10-09T01:33:08.2824528Z test draft7/ref.json/28/0 ... ok
2026-10-09T01:33:08.2824596Z test draft7/ref.json/29/0 ... ok
2026-10-09T01:33:08.2824661Z test draft7/ref.json/28/1 ... ok
2026-10-09T01:33:08.2824729Z test draft7/ref.json/29/1 ... ok
2026-10-09T01:33:08.2824796Z test draft7/ref.json/30/0 ... ok
2026-10-09T01:33:08.2824862Z test draft7/ref.json/30/1 ... ok
2026-10-09T01:33:08.2825019Z test draft7/ref.json/31/0 ... ok
2026-10-09T01:33:08.2825120Z test draft7/ref.json/31/1 ... ok
2026-10-09T01:33:08.2825189Z test draft7/ref.json/32/0 ... ok
2026-10-09T01:33:08.2825257Z test draft7/ref.json/32/1 ... ok
2026-10-09T01:33:08.2825323Z test draft7/ref.json/33/0 ... ok
2026-10-09T01:33:08.2825392Z test draft7/ref.json/34/0 ... ok
2026-10-09T01:33:08.2825460Z test draft7/ref.json/33/1 ... ok
2026-10-09T01:33:08.2825525Z test draft7/ref.json/34/1 ... ok
2026-10-09T01:33:08.2825605Z test draft7/refRemote.json/0/0 ... ok
2026-10-09T01:33:08.2825681Z test draft7/refRemote.json/1/0 ... ok
2026-10-09T01:33:08.2825758Z test draft7/refRemote.json/0/1 ... ok
2026-10-09T01:33:08.2825833Z test draft7/refRemote.json/1/1 ... ok
2026-10-09T01:33:08.2825905Z test draft7/refRemote.json/2/0 ... ok
2026-10-09T01:33:08.2825979Z test draft7/refRemote.json/2/1 ... ok
2026-10-09T01:33:08.2826053Z test draft7/refRemote.json/3/0 ... ok
2026-10-09T01:33:08.2826125Z test draft7/refRemote.json/3/1 ... ok
2026-10-09T01:33:08.2826199Z test draft7/refRemote.json/4/0 ... ok
2026-10-09T01:33:08.2826273Z test draft7/refRemote.json/5/0 ... ok
2026-10-09T01:33:08.2826345Z test draft7/refRemote.json/4/1 ... ok
2026-10-09T01:33:08.2826420Z test draft7/refRemote.json/5/1 ... ok
2026-10-09T01:33:08.2826585Z test draft7/refRemote.json/6/0 ... ok
2026-10-09T01:33:08.2826659Z test draft7/refRemote.json/6/1 ... ok
2026-10-09T01:33:08.2826733Z test draft7/refRemote.json/7/1 ... ok
2026-10-09T01:33:08.2826805Z test draft7/refRemote.json/6/2 ... ok
2026-10-09T01:33:08.2826879Z test draft7/refRemote.json/7/0 ... ok
2026-10-09T01:33:08.2826953Z test draft7/refRemote.json/8/0 ... ok
2026-10-09T01:33:08.2827025Z test draft7/refRemote.json/8/1 ... ok
2026-10-09T01:33:08.2827104Z test draft7/refRemote.json/10/0 ... ok
2026-10-09T01:33:08.2827177Z test draft7/refRemote.json/9/1 ... ok
2026-10-09T01:33:08.2827251Z test draft7/refRemote.json/9/0 ... ok
2026-10-09T01:33:08.2827327Z test draft7/required.json/0/0 ... ok
2026-10-09T01:33:08.2827404Z test draft7/refRemote.json/10/1 ... ok
2026-10-09T01:33:08.2827479Z test draft7/required.json/0/1 ... ok
2026-10-09T01:33:08.2827553Z test draft7/required.json/0/2 ... ok
2026-10-09T01:33:08.2827702Z test draft7/required.json/0/3 ... ok
2026-10-09T01:33:08.2827777Z test draft7/required.json/0/4 ... ok
2026-10-09T01:33:08.2827852Z test draft7/required.json/0/5 ... ok
2026-10-09T01:33:08.2827923Z test draft7/required.json/0/6 ... ok
2026-10-09T01:33:08.2827995Z test draft7/required.json/2/0 ... ok
2026-10-09T01:33:08.2828065Z test draft7/required.json/1/0 ... ok
2026-10-09T01:33:08.2828144Z test draft7/required.json/4/0 ... ok
2026-10-09T01:33:08.2828217Z test draft7/required.json/3/0 ... ok
2026-10-09T01:33:08.2828287Z test draft7/required.json/4/1 ... ok
2026-10-09T01:33:08.2828360Z test draft7/required.json/3/1 ... ok
2026-10-09T01:33:08.2828432Z test draft7/required.json/4/3 ... ok
2026-10-09T01:33:08.2828502Z test draft7/required.json/4/2 ... ok
2026-10-09T01:33:08.2828574Z test draft7/required.json/4/4 ... ok
2026-10-09T01:33:08.2828642Z test draft7/type.json/0/0 ... ok
2026-10-09T01:33:08.2828715Z test draft7/required.json/4/5 ... ok
2026-10-09T01:33:08.2828788Z test draft7/required.json/4/6 ... ok
2026-10-09T01:33:08.2828857Z test draft7/type.json/0/1 ... ok
2026-10-09T01:33:08.2828929Z test draft7/type.json/0/3 ... ok
2026-10-09T01:33:08.2828999Z test draft7/type.json/0/4 ... ok
2026-10-09T01:33:08.2829066Z test draft7/type.json/0/2 ... ok
2026-10-09T01:33:08.2829134Z test draft7/type.json/0/6 ... ok
2026-10-09T01:33:08.2829201Z test draft7/type.json/0/5 ... ok
2026-10-09T01:33:08.2829269Z test draft7/type.json/0/7 ... ok
2026-10-09T01:33:08.2829337Z test draft7/type.json/1/0 ... ok
2026-10-09T01:33:08.2829404Z test draft7/type.json/0/8 ... ok
2026-10-09T01:33:08.2829472Z test draft7/type.json/1/1 ... ok
2026-10-09T01:33:08.2829540Z test draft7/type.json/1/2 ... ok
2026-10-09T01:33:08.2829606Z test draft7/type.json/1/3 ... ok
2026-10-09T01:33:08.2829674Z test draft7/type.json/1/4 ... ok
2026-10-09T01:33:08.2829740Z test draft7/type.json/1/5 ... ok
2026-10-09T01:33:08.2829808Z test draft7/type.json/1/6 ... ok
2026-10-09T01:33:08.2829877Z test draft7/type.json/1/7 ... ok
2026-10-09T01:33:08.2829946Z test draft7/type.json/2/1 ... ok
2026-10-09T01:33:08.2830014Z test draft7/type.json/1/8 ... ok
2026-10-09T01:33:08.2830085Z test draft7/type.json/2/0 ... ok
2026-10-09T01:33:08.2830151Z test draft7/type.json/2/2 ... ok
2026-10-09T01:33:08.2830219Z test draft7/type.json/2/4 ... ok
2026-10-09T01:33:08.2830286Z test draft7/type.json/2/3 ... ok
2026-10-09T01:33:08.2830354Z test draft7/type.json/2/5 ... ok
2026-10-09T01:33:08.2830423Z test draft7/type.json/2/6 ... ok
2026-10-09T01:33:08.2830489Z test draft7/type.json/2/7 ... ok
2026-10-09T01:33:08.2830558Z test draft7/type.json/2/8 ... ok
2026-10-09T01:33:08.2830625Z test draft7/type.json/3/0 ... ok
2026-10-09T01:33:08.2830692Z test draft7/type.json/3/2 ... ok
2026-10-09T01:33:08.2830760Z test draft7/type.json/3/3 ... ok
2026-10-09T01:33:08.2830829Z test draft7/type.json/3/1 ... ok
2026-10-09T01:33:08.2830895Z test draft7/type.json/3/4 ... ok
2026-10-09T01:33:08.2830963Z test draft7/type.json/3/6 ... ok
2026-10-09T01:33:08.2831029Z test draft7/type.json/3/5 ... ok
2026-10-09T01:33:08.2831100Z test draft7/type.json/4/0 ... ok
2026-10-09T01:33:08.2831227Z test draft7/type.json/4/1 ... ok
2026-10-09T01:33:08.2831293Z test draft7/type.json/4/2 ... ok
2026-10-09T01:33:08.2831361Z test draft7/type.json/4/3 ... ok
2026-10-09T01:33:08.2831429Z test draft7/type.json/4/4 ... ok
2026-10-09T01:33:08.2831494Z test draft7/type.json/4/5 ... ok
2026-10-09T01:33:08.2831562Z test draft7/type.json/4/6 ... ok
2026-10-09T01:33:08.2831628Z test draft7/type.json/5/0 ... ok
2026-10-09T01:33:08.2831696Z test draft7/type.json/5/1 ... ok
2026-10-09T01:33:08.2831764Z test draft7/type.json/5/2 ... ok
2026-10-09T01:33:08.2831830Z test draft7/type.json/5/3 ... ok
2026-10-09T01:33:08.2831898Z test draft7/type.json/5/4 ... ok
2026-10-09T01:33:08.2831966Z test draft7/type.json/5/5 ... ok
2026-10-09T01:33:08.2832032Z test draft7/type.json/5/7 ... ok
2026-10-09T01:33:08.2832100Z test draft7/type.json/5/8 ... ok
2026-10-09T01:33:08.2832166Z test draft7/type.json/5/6 ... ok
2026-10-09T01:33:08.2832290Z test draft7/type.json/5/9 ... ok
2026-10-09T01:33:08.2832360Z test draft7/type.json/6/0 ... ok
2026-10-09T01:33:08.2832429Z test draft7/type.json/6/1 ... ok
2026-10-09T01:33:08.2832496Z test draft7/type.json/6/3 ... ok
2026-10-09T01:33:08.2832564Z test draft7/type.json/6/2 ... ok
2026-10-09T01:33:08.2832630Z test draft7/type.json/6/4 ... ok
2026-10-09T01:33:08.2832698Z test draft7/type.json/6/5 ... ok
2026-10-09T01:33:08.2832764Z test draft7/type.json/6/6 ... ok
2026-10-09T01:33:08.2832833Z test draft7/type.json/6/7 ... ok
2026-10-09T01:33:08.2832901Z test draft7/type.json/6/9 ... ok
2026-10-09T01:33:08.2832968Z test draft7/type.json/7/0 ... ok
2026-10-09T01:33:08.2833036Z test draft7/type.json/6/8 ... ok
2026-10-09T01:33:08.2833104Z test draft7/type.json/7/1 ... ok
2026-10-09T01:33:08.2833170Z test draft7/type.json/7/3 ... ok
2026-10-09T01:33:08.2833238Z test draft7/type.json/7/4 ... ok
2026-10-09T01:33:08.2833304Z test draft7/type.json/7/2 ... ok
2026-10-09T01:33:08.2833372Z test draft7/type.json/8/0 ... ok
2026-10-09T01:33:08.2833442Z test draft7/type.json/7/5 ... ok
2026-10-09T01:33:08.2833509Z test draft7/type.json/7/6 ... ok
2026-10-09T01:33:08.2833578Z test draft7/type.json/9/0 ... ok
2026-10-09T01:33:08.2833646Z test draft7/type.json/9/1 ... ok
2026-10-09T01:33:08.2833712Z test draft7/type.json/8/1 ... ok
2026-10-09T01:33:08.2833780Z test draft7/type.json/9/2 ... ok
2026-10-09T01:33:08.2833846Z test draft7/type.json/9/3 ... ok
2026-10-09T01:33:08.2833918Z test draft7/type.json/10/0 ... ok
2026-10-09T01:33:08.2833987Z test draft7/type.json/9/4 ... ok
2026-10-09T01:33:08.2834056Z test draft7/type.json/10/1 ... ok
2026-10-09T01:33:08.2834127Z test draft7/type.json/10/2 ... ok
2026-10-09T01:33:08.2834197Z test draft7/type.json/10/4 ... ok
2026-10-09T01:33:08.2834265Z test draft7/type.json/10/3 ... ok
2026-10-09T01:33:08.2834346Z test draft7/uniqueItems.json/0/0 ... ok
2026-10-09T01:33:08.2834426Z test draft7/uniqueItems.json/0/1 ... ok
2026-10-09T01:33:08.2834504Z test draft7/uniqueItems.json/0/3 ... ok
2026-10-09T01:33:08.2834583Z test draft7/uniqueItems.json/0/2 ... ok
2026-10-09T01:33:08.2834660Z test draft7/uniqueItems.json/0/4 ... ok
2026-10-09T01:33:08.2834737Z test draft7/uniqueItems.json/0/5 ... ok
2026-10-09T01:33:08.2834813Z test draft7/uniqueItems.json/0/6 ... ok
2026-10-09T01:33:08.2834888Z test draft7/uniqueItems.json/0/7 ... ok
2026-10-09T01:33:08.2835035Z test draft7/uniqueItems.json/0/8 ... ok
2026-10-09T01:33:08.2835112Z test draft7/uniqueItems.json/0/9 ... ok
2026-10-09T01:33:08.2835192Z test draft7/uniqueItems.json/0/11 ... ok
2026-10-09T01:33:08.2835272Z test draft7/uniqueItems.json/0/10 ... ok
2026-10-09T01:33:08.2835350Z test draft7/uniqueItems.json/0/13 ... ok
2026-10-09T01:33:08.2835429Z test draft7/uniqueItems.json/0/12 ... ok
2026-10-09T01:33:08.2835506Z test draft7/uniqueItems.json/0/14 ... ok
2026-10-09T01:33:08.2835582Z test draft7/uniqueItems.json/0/15 ... ok
2026-10-09T01:33:08.2835659Z test draft7/uniqueItems.json/0/16 ... ok
2026-10-09T01:33:08.2835737Z test draft7/uniqueItems.json/0/17 ... ok
2026-10-09T01:33:08.2835814Z test draft7/uniqueItems.json/0/18 ... ok
2026-10-09T01:33:08.2835981Z test draft7/uniqueItems.json/0/19 ... ok
2026-10-09T01:33:08.2836059Z test draft7/uniqueItems.json/0/20 ... ok
2026-10-09T01:33:08.2836135Z test draft7/uniqueItems.json/0/21 ... ok
2026-10-09T01:33:08.2836212Z test draft7/uniqueItems.json/0/22 ... ok
2026-10-09T01:33:08.2836288Z test draft7/uniqueItems.json/0/23 ... ok
2026-10-09T01:33:08.2836365Z test draft7/uniqueItems.json/0/24 ... ok
2026-10-09T01:33:08.2836441Z test draft7/uniqueItems.json/0/25 ... ok
2026-10-09T01:33:08.2836517Z test draft7/uniqueItems.json/0/27 ... ok
2026-10-09T01:33:08.2836594Z test draft7/uniqueItems.json/0/26 ... ok
2026-10-09T01:33:08.2836672Z test draft7/uniqueItems.json/1/2 ... ok
2026-10-09T01:33:08.2836748Z test draft7/uniqueItems.json/1/0 ... ok
2026-10-09T01:33:08.2836825Z test draft7/uniqueItems.json/1/1 ... ok
2026-10-09T01:33:08.2836900Z test draft7/uniqueItems.json/1/3 ... ok
2026-10-09T01:33:08.2837056Z test draft7/uniqueItems.json/1/5 ... ok
2026-10-09T01:33:08.2837133Z test draft7/uniqueItems.json/1/4 ... ok
2026-10-09T01:33:08.2837209Z test draft7/uniqueItems.json/1/6 ... ok
2026-10-09T01:33:08.2837285Z test draft7/uniqueItems.json/1/7 ... ok
2026-10-09T01:33:08.2837385Z test draft7/uniqueItems.json/2/0 ... ok
2026-10-09T01:33:08.2837459Z test draft7/uniqueItems.json/2/1 ... ok
2026-10-09T01:33:08.2837536Z test draft7/uniqueItems.json/2/2 ... ok
2026-10-09T01:33:08.2837612Z test draft7/uniqueItems.json/2/3 ... ok
2026-10-09T01:33:08.2837687Z test draft7/uniqueItems.json/3/0 ... ok
2026-10-09T01:33:08.2837762Z test draft7/uniqueItems.json/3/1 ... ok
2026-10-09T01:33:08.2837836Z test draft7/uniqueItems.json/3/2 ... ok
2026-10-09T01:33:08.2837912Z test draft7/uniqueItems.json/3/3 ... ok
2026-10-09T01:33:08.2837988Z test draft7/uniqueItems.json/3/4 ... ok
2026-10-09T01:33:08.2838062Z test draft7/uniqueItems.json/3/6 ... ok
2026-10-09T01:33:08.2838138Z test draft7/uniqueItems.json/3/5 ... ok
2026-10-09T01:33:08.2838216Z test draft7/uniqueItems.json/2/4 ... ok
2026-10-09T01:33:08.2838292Z test draft7/uniqueItems.json/3/7 ... ok
2026-10-09T01:33:08.2838368Z test draft7/uniqueItems.json/3/8 ... ok
2026-10-09T01:33:08.2838446Z test draft7/uniqueItems.json/3/11 ... ok
2026-10-09T01:33:08.2838524Z test draft7/uniqueItems.json/3/10 ... ok
2026-10-09T01:33:08.2838601Z test draft7/uniqueItems.json/3/9 ... ok
2026-10-09T01:33:08.2838678Z test draft7/uniqueItems.json/3/12 ... ok
2026-10-09T01:33:08.2838756Z test draft7/uniqueItems.json/3/13 ... ok
2026-10-09T01:33:08.2838834Z test draft7/uniqueItems.json/3/14 ... ok
2026-10-09T01:33:08.2838910Z test draft7/uniqueItems.json/4/2 ... ok
2026-10-09T01:33:08.2838986Z test draft7/uniqueItems.json/4/0 ... ok
2026-10-09T01:33:08.2839062Z test draft7/uniqueItems.json/4/1 ... ok
2026-10-09T01:33:08.2839140Z test draft7/uniqueItems.json/4/3 ... ok
2026-10-09T01:33:08.2839215Z test draft7/uniqueItems.json/4/4 ... ok
2026-10-09T01:33:08.2839289Z test draft7/uniqueItems.json/4/5 ... ok
2026-10-09T01:33:08.2839367Z test draft7/uniqueItems.json/4/6 ... ok
2026-10-09T01:33:08.2839444Z test draft7/uniqueItems.json/4/7 ... ok
2026-10-09T01:33:08.2839518Z test draft7/uniqueItems.json/5/0 ... ok
2026-10-09T01:33:08.2839595Z test draft7/uniqueItems.json/5/1 ... ok
2026-10-09T01:33:08.2839670Z test draft7/uniqueItems.json/5/2 ... ok
2026-10-09T01:33:08.2839737Z test suite-inventory ... ok
2026-10-09T01:33:08.2839814Z test draft7/uniqueItems.json/5/3 ... ok
2026-10-09T01:33:08.2839888Z test draft7/uniqueItems.json/5/4 ... ok
2026-10-09T01:33:08.2839968Z test draft7/properties.json/1/0 ... ok
2026-10-09T01:33:08.2839976Z 
2026-10-09T01:33:08.2840180Z test result: ok. 1841 passed; 0 failed; 0 ignored; 0 measured; 0 filtered out; finished in 0.00s
2026-10-09T01:33:08.2840186Z 
2026-10-09T01:33:08.2840199Z 
2026-10-09T01:33:08.2840251Z running 2 tests
2026-10-09T01:33:08.2840377Z test reorder_and_composition_keep_actual_contributors ... ok
2026-10-09T01:33:08.3410878Z test official_all_columns ... ok
2026-10-09T01:33:08.3410895Z 
2026-10-09T01:33:08.3411240Z test result: ok. 2 passed; 0 failed; 0 ignored; 0 measured; 0 filtered out; finished in 0.08s
2026-10-09T01:33:08.3411577Z 
2026-10-09T01:33:08.3414371Z [1m[92m     Running[0m tests/unicode_normalization.rs (target/debug/build/purrdf-lex/d8c6c5d8d97dec58/out/unicode_normalization-d8c6c5d8d97dec58)
2026-10-09T01:33:08.3425107Z 
2026-10-09T01:33:08.3425274Z running 4 tests
2026-10-09T01:33:08.3689152Z test the_normalization_forms_replay_the_independent_answers_exactly ... ok
2026-10-09T01:33:08.6532025Z test composition_exclusions_agree_with_the_derived_property ... ok
2026-10-09T01:33:08.6929935Z test every_frozen_normalization_answer_is_reproduced ... ok
2026-10-09T01:33:08.8014492Z test normalization_test_every_line_every_column ... ok
2026-10-09T01:33:08.8014765Z 
2026-10-09T01:33:08.8015258Z test result: ok. 4 passed; 0 failed; 0 ignored; 0 measured; 0 filtered out; finished in 0.46s
2026-10-09T01:33:08.8015557Z 
2026-10-09T01:33:08.8163159Z [1m[92m     Running[0m tests/xmlconf.rs (target/debug/build/purrdf-lex/7a893a8bb1ecb482/out/xmlconf-7a893a8bb1ecb482)
2026-10-09T01:33:08.8173192Z 
2026-10-09T01:33:08.8173286Z running 1 test
2026-10-09T01:33:09.4653625Z acquired and verified 3386 file(s) from https://www.w3.org/XML/Test/xmlts20130923.tar.gz into /home/runner/work/purrdf/purrdf/target/conformance/xmlconf
2026-10-09T01:33:09.5052251Z test the_reader_is_graded_against_the_w3c_xml_conformance_suite ... ok
2026-10-09T01:33:09.5052562Z 
2026-10-09T01:33:09.5052886Z test result: ok. 1 passed; 0 failed; 0 ignored; 0 measured; 0 filtered out; finished in 0.69s
2026-10-09T01:33:09.5053186Z 
2026-10-09T01:33:09.5057367Z [1m[92m     Running[0m tests/yaml_reader_edges.rs (target/debug/build/purrdf-lex/678ba611a8879391/out/yaml_reader_edges-678ba611a8879391)
2026-10-09T01:33:09.5067471Z 
2026-10-09T01:33:09.5067555Z running 14 tests
2026-10-09T01:33:09.5070076Z test a_block_scalar_ending_the_stream_ends_its_last_line ... ok
2026-10-09T01:33:09.5070542Z test a_dash_before_a_flow_indicator_is_not_a_plain_scalar ... ok
2026-10-09T01:33:09.5071008Z test a_flow_collection_continues_on_lines_indented_past_its_block ... ok
2026-10-09T01:33:09.5071552Z test a_flow_entry_of_only_properties_or_only_an_indicator_is_an_empty_node_not_nothing ... ok
2026-10-09T01:33:09.5072138Z test a_quoted_scalar_continues_on_lines_indented_past_its_block_and_holds_no_marker ... ok
2026-10-09T01:33:09.5072709Z test a_tab_is_separation_before_a_flow_node_or_scalar_and_never_block_indentation ... ok
2026-10-09T01:33:09.5073158Z test a_stream_with_no_document_reads_as_null ... ok
2026-10-09T01:33:09.5073575Z test a_tab_in_a_block_scalar_is_content_once_the_indentation_is_there ... ok
2026-10-09T01:33:09.5074074Z test a_top_level_block_scalar_may_be_zero_indented_and_ends_at_a_marker ... ok
2026-10-09T01:33:09.5074583Z test an_anchor_may_not_precede_a_block_sequence_entry_on_its_line ... ok
2026-10-09T01:33:09.5075177Z test an_empty_line_may_not_hold_more_spaces_than_the_first_content_line ... ok
2026-10-09T01:33:09.5075701Z test properties_on_several_lines_split_between_a_mapping_and_its_first_key ... ok
2026-10-09T01:33:09.5076186Z test an_implicit_key_of_a_flow_sequence_pair_is_on_one_line ... ok
2026-10-09T01:33:09.5076535Z test directives_are_checked ... ok
2026-10-09T01:33:09.5076686Z 
2026-10-09T01:33:09.5076981Z test result: ok. 14 passed; 0 failed; 0 ignored; 0 measured; 0 filtered out; finished in 0.00s
2026-10-09T01:33:09.5077268Z 
2026-10-09T01:33:09.5077879Z [1m[92m     Running[0m tests/yaml_scalar_keys.rs (target/debug/build/purrdf-lex/3dd337e519d59ef3/out/yaml_scalar_keys-3dd337e519d59ef3)
2026-10-09T01:33:09.5084134Z 
2026-10-09T01:33:09.5084216Z running 3 tests
2026-10-09T01:33:09.5088168Z test by_default_a_number_boolean_or_null_key_is_refused_and_its_string_spelling_is_read ... ok
2026-10-09T01:33:09.5088719Z test with_scalar_keys_a_repeated_key_is_still_refused_and_a_collection_is_never_a_key ... ok
2026-10-09T01:33:09.5089077Z test with_scalar_keys_a_number_boolean_or_null_key_is_its_source_text ... ok
2026-10-09T01:33:09.5089335Z 
2026-10-09T01:33:09.5090037Z test result: ok. 3 passed; 0 failed; 0 ignored; 0 measured; 0 filtered out; finished in 0.00s
2026-10-09T01:33:09.5090338Z 
2026-10-09T01:33:09.5090912Z [1m[92m     Running[0m tests/yaml_test_suite.rs (target/debug/build/purrdf-lex/259c0064ed8c93f8/out/yaml_test_suite-259c0064ed8c93f8)
2026-10-09T01:33:09.5096282Z 
2026-10-09T01:33:09.5096363Z running 1 test
2026-10-09T01:33:09.5196226Z test the_reader_is_graded_against_the_yaml_test_suite ... ok
2026-10-09T01:33:09.5196370Z 
2026-10-09T01:33:09.5196551Z test result: ok. 1 passed; 0 failed; 0 ignored; 0 measured; 0 filtered out; finished in 0.01s
2026-10-09T01:33:09.5196727Z 
2026-10-09T01:33:09.5198567Z [1m[92m     Running[0m tests/slicer.rs (target/debug/build/purrdf-markdown/2681dc51766fee66/out/slicer-2681dc51766fee66)
2026-10-09T01:33:09.5207090Z 
2026-10-09T01:33:09.5207188Z running 102 tests
2026-10-09T01:33:09.5212943Z test a_byte_order_mark_after_the_first_byte_is_ordinary_content ... ok
2026-10-09T01:33:09.5218209Z test a_bound_under_the_widest_scalar_refuses_and_a_bound_of_four_slices_a_four_byte_scalar ... ok
2026-10-09T01:33:09.5218968Z test a_canon_base_that_is_no_iri_at_all_refuses_with_the_laws_own_finding ... ok
2026-10-09T01:33:09.5224575Z test a_c1_control_in_a_caller_iri_is_refused_by_the_iri_law_and_the_first_ucschar_still_mints ... ok
2026-10-09T01:33:09.5225741Z test a_concordance_with_a_subsection_lifts_exactly_what_the_flat_form_lifts ... ok
2026-10-09T01:33:09.5227954Z test a_content_anchor_quotes_a_unit_exactly_and_snaps_its_context_to_scalars_and_to_the_documents_edges ... ok
2026-10-09T01:33:09.5228816Z test a_cjk_anchor_lifts_under_a_canon_base_because_the_law_is_iri_lawfulness_not_ascii ... ok
2026-10-09T01:33:09.5236802Z test a_crlf_document_states_the_structure_its_lf_twin_states_and_keeps_the_return_in_its_text ... ok
2026-10-09T01:33:09.5248966Z test a_control_character_in_the_profile_name_refuses_and_a_worded_name_slices ... ok
2026-10-09T01:33:09.5259395Z test a_citation_node_is_content_addressed_over_the_row_and_the_unit_it_lifted_onto ... ok
2026-10-09T01:33:09.5260121Z test a_heading_at_the_end_of_the_document_needs_no_trailing_newline_to_open_a_section ... ok
2026-10-09T01:33:09.5260811Z test a_heading_of_nothing_but_hashes_states_an_empty_heading_and_still_opens_its_section ... ok
2026-10-09T01:33:09.5261471Z test a_heading_whose_title_is_empty_after_the_leading_run_states_that_empty_title ... ok
2026-10-09T01:33:09.5262110Z test a_document_admitted_under_a_canon_base_lifts_its_lawful_anchors_identically ... ok
2026-10-09T01:33:09.5262800Z test a_document_admitted_with_no_canon_base_renders_its_anchors_as_literals_and_mints_no_iri ... ok
2026-10-09T01:33:09.5263451Z test a_literal_is_escaped_by_purrdf_cores_canonical_writer_the_delete_included ... ok
2026-10-09T01:33:09.5263939Z test a_malformed_source_id_refuses_as_malformed_and_never_as_relative ... ok
2026-10-09T01:33:09.5264709Z test a_leading_byte_order_mark_shifts_every_span_and_changes_no_structure ... ok
2026-10-09T01:33:09.5265551Z test a_malformed_vocabulary_iri_refuses_as_malformed_and_names_the_field ... ok
2026-10-09T01:33:09.5266245Z test a_reification_is_spelled_the_way_purrdf_core_spells_one ... ok
2026-10-09T01:33:09.5266897Z test a_concordance_table_lifts_into_citations_with_and_without_a_canon_base ... ok
2026-10-09T01:33:09.5267560Z test a_relative_vocabulary_refuses_and_the_absolute_one_slices ... ok
2026-10-09T01:33:09.5268155Z test a_relative_source_id_refuses_and_an_absolute_one_slices ... ok
2026-10-09T01:33:09.5274830Z test a_row_states_its_own_anchors_beside_its_own_sources_which_the_flat_projection_cannot ... ok
2026-10-09T01:33:09.5275610Z test a_relative_canon_base_refuses_as_relative_and_an_absolute_one_lifts ... ok
2026-10-09T01:33:09.5295660Z test a_row_naming_the_whole_u64_range_answers_in_the_documents_own_terms ... ok
2026-10-09T01:33:09.5301233Z test a_row_too_malformed_to_read_is_reported_as_data_and_the_rows_beside_it_still_lift ... ok
2026-10-09T01:33:09.5301946Z test a_row_two_levels_under_the_concordance_heading_still_lifts ... ok
2026-10-09T01:33:09.5302913Z test a_row_whose_verses_are_not_in_this_document_lifts_nothing_here_and_is_not_an_error ... ok
2026-10-09T01:33:09.5303582Z test a_same_length_substitution_re_mints_only_the_unit_it_touches ... ok
2026-10-09T01:33:09.5304300Z test a_split_constant_moves_both_ids_and_a_term_or_a_canon_base_moves_only_the_contract_id ... ok
2026-10-09T01:33:09.5305169Z test a_rows_lifting_is_one_citation_node_carrying_every_edge_that_lifting_reified ... ok
2026-10-09T01:33:09.5305870Z test a_row_with_both_sources_and_anchors_lifts_exactly_what_it_always_lifted ... ok
2026-10-09T01:33:09.5306573Z test a_row_with_sources_and_no_anchors_states_a_typed_citation_node_bound_to_its_unit ... ok
2026-10-09T01:33:09.5313972Z test a_tab_in_the_leading_run_opens_no_marker_because_it_reaches_the_fourth_column ... ok
2026-10-09T01:33:09.5317678Z test a_tab_after_the_hashes_and_after_the_verse_dot_opens_a_heading_and_a_verse ... ok
2026-10-09T01:33:09.5318667Z test a_units_chunk_target_verifies_against_the_documents_own_bytes ... ok
2026-10-09T01:33:09.5319386Z test a_table_no_concordance_section_holds_lifts_nothing_and_is_no_defect ... ok
2026-10-09T01:33:09.5320098Z test a_units_scalar_span_counts_scalars_where_its_byte_span_counts_bytes ... ok
2026-10-09T01:33:09.5320774Z test a_units_scalar_offsets_and_content_digest_are_stated_as_data ... ok
2026-10-09T01:33:09.5321538Z test a_verse_number_over_the_bound_is_no_verse_number_and_the_largest_one_that_fits_still_is ... ok
2026-10-09T01:33:09.5334754Z test a_vocabulary_that_is_not_under_one_base_is_its_own_profile ... ok
2026-10-09T01:33:09.5335543Z test an_anchor_that_climbs_out_of_a_path_canon_base_refuses_and_a_plain_one_lifts ... ok
2026-10-09T01:33:09.5345110Z test an_anchor_that_extends_the_bases_host_into_another_authority_refuses ... ok
2026-10-09T01:33:09.5345915Z test an_empty_document_states_one_claim_and_it_is_the_document_itself ... ok
2026-10-09T01:33:09.5346804Z test a_verse_two_rows_cover_keeps_each_rows_sources_paired_with_that_rows_anchors ... ok
2026-10-09T01:33:09.5349093Z test an_empty_source_id_refuses_and_an_absolute_one_slices ... ok
2026-10-09T01:33:09.5349680Z test an_anchor_that_mints_no_iri_refuses_under_a_canon_base_and_names_the_row_that_wrote_it ... ok
2026-10-09T01:33:09.5350196Z test an_escaped_pipe_is_a_cell_value_and_never_a_delimiter ... ok
2026-10-09T01:33:09.5365846Z test an_overlap_at_the_bound_refuses_and_one_byte_under_it_slices ... ok
2026-10-09T01:33:09.5366373Z test an_insertion_shifts_every_later_span_by_its_length_and_changes_no_content ... ok
2026-10-09T01:33:09.5405820Z test an_indented_document_states_its_twins_structure_over_spans_shifted_by_the_leading_run ... ok
2026-10-09T01:33:09.5406625Z test analyzing_then_rendering_is_slicing_and_the_model_counts_what_the_claims_state ... ok
2026-10-09T01:33:09.5409671Z test each_marker_the_law_names_is_read_behind_a_leading_run_of_spaces ... ok
2026-10-09T01:33:09.5430791Z test an_oversize_unit_splits_at_the_bound_on_a_boundary_and_continues_from_the_snapped_overlap ... ok
2026-10-09T01:33:09.5467678Z test every_citation_node_of_a_slice_is_reachable_from_a_unit_by_a_walk_of_the_graph ... ok
2026-10-09T01:33:09.5478161Z test every_heading_and_movement_starts_a_section_with_its_level_ordinal_parent_and_span ... ok
2026-10-09T01:33:09.5525552Z test every_line_of_a_claim_is_its_own_node_or_a_citation_of_it ... ok
2026-10-09T01:33:09.5526291Z test every_claim_parses_as_turtle_and_canonicalizes_under_purrdf ... ok
2026-10-09T01:33:09.5526814Z test every_numbered_verse_is_one_unit_carrying_its_number ... ok
2026-10-09T01:33:09.5550391Z test at_the_narrowest_bounds_every_piece_stays_inside_the_bound_and_the_pieces_cover_their_unit ... ok
2026-10-09T01:33:09.5562663Z test inside_an_oversize_unit_the_two_edits_have_opposite_signatures ... ok
2026-10-09T01:33:09.5575556Z test multi_byte_text_keeps_its_boundaries_and_its_characters ... ok
2026-10-09T01:33:09.5595763Z test every_unit_literal_is_the_verbatim_span_and_the_only_plain_literal ... ok
2026-10-09T01:33:09.5596440Z test non_utf8_bytes_and_an_unwritable_source_id_refuse_typed ... ok
2026-10-09T01:33:09.5597395Z test nought_to_three_leading_spaces_open_a_marker_and_four_leave_an_ordinary_unit ... ok
2026-10-09T01:33:09.5598237Z test regenerate_goldens ... ignored, writes the golden fixtures; run it explicitly after an intended change
2026-10-09T01:33:09.5599024Z test render_takes_the_document_alone_and_applies_the_law_the_document_carries ... ok
2026-10-09T01:33:09.5599709Z test scalar_and_byte_offsets_convert_into_each_other_across_the_whole_guide ... ok
2026-10-09T01:33:09.5615736Z test the_anchor_lift_concatenates_never_resolves_and_walks_every_row_of_the_table ... ok
2026-10-09T01:33:09.5626926Z test no_iri_the_slicer_writes_is_both_a_predicate_and_a_datatype ... ok
2026-10-09T01:33:09.5628809Z test the_chunking_preimage_is_a_prefix_of_the_emission_one_and_both_state_the_canon_base_or_its_absence ... ok
2026-10-09T01:33:09.5642531Z test the_declared_profile_reproduces_its_goldens_byte_for_byte ... ok
2026-10-09T01:33:09.5654428Z test the_dialect_grammar_of_section_two_recognizes_exactly_what_it_states ... ok
2026-10-09T01:33:09.5663986Z test the_escape_law_answers_an_escaped_backslash_and_a_trailing_one ... ok
2026-10-09T01:33:09.5664871Z test the_lattice_answers_which_unit_holds_a_byte_which_units_a_range_touches_and_what_sits_under_a_section ... ok
2026-10-09T01:33:09.5666032Z test the_length_prefix_keeps_two_field_sequences_that_concatenate_alike_apart ... ok
2026-10-09T01:33:09.5683081Z test the_designated_heading_and_lineage_literals_carry_their_own_datatypes ... ok
2026-10-09T01:33:09.5686922Z test the_lineage_is_the_heading_stack_in_force_at_the_unit ... ok
2026-10-09T01:33:09.5692191Z test the_preimage_section_five_states_mints_the_very_ids_the_slicer_emits ... ok
2026-10-09T01:33:09.5694178Z test the_profiles_three_identities_are_stable_and_no_two_of_them_are_ever_each_other ... ok
2026-10-09T01:33:09.5696703Z test the_profile_id_states_itself_and_moves_with_every_constant_the_canon_base_among_them ... ok
2026-10-09T01:33:09.5715227Z test the_readmes_emission_examples_are_the_claims_the_law_emits ... ok
2026-10-09T01:33:09.5738485Z test the_same_bytes_and_profile_slice_to_byte_identical_claims ... ok
2026-10-09T01:33:09.5785614Z test the_same_refused_anchors_are_lawful_typed_literals_when_no_canon_base_is_declared ... ok
2026-10-09T01:33:09.5815786Z test the_section_iri_a_consumer_mints_is_the_section_iri_the_projection_emits ... ok
2026-10-09T01:33:09.5845611Z test the_specification_still_states_every_clause_this_suite_pins_and_carries_no_process ... ok
2026-10-09T01:33:09.5849044Z test the_standard_vocabulary_is_the_designated_namespace_term_for_term_and_slices_a_document ... ok
2026-10-09T01:33:09.5875609Z test the_structure_iri_a_consumer_mints_is_the_structure_iri_the_projection_emits ... ok
2026-10-09T01:33:09.5876474Z test the_term_set_is_inside_the_contract_id_and_the_dual_role_spelling_is_another_law ... ok
2026-10-09T01:33:09.5877208Z test the_thirteen_allen_relations_name_every_way_two_spans_can_lie ... ok
2026-10-09T01:33:09.5877844Z test the_whole_guide_slices_to_its_recorded_counts ... ok
2026-10-09T01:33:09.5878523Z test the_reader_and_the_law_agree_on_the_heading_stack_over_generated_level_sequences ... ok
2026-10-09T01:33:09.5879186Z test two_identical_paragraphs_are_two_distinct_nodes ... ok
2026-10-09T01:33:09.5884194Z test two_liftings_of_one_row_that_reify_different_terms_are_two_citation_nodes ... ok
2026-10-09T01:33:09.5895678Z test verify_unit_accepts_the_bytes_a_unit_was_minted_over ... ok
2026-10-09T01:33:09.5896358Z test verify_unit_refuses_a_span_that_is_not_inside_the_bytes ... ok
2026-10-09T01:33:09.5897089Z test verify_unit_refuses_a_tampered_byte_and_the_kernel_refuses_it_too ... ok
2026-10-09T01:33:09.5897837Z test where_a_split_overlaps_two_pieces_cover_a_byte_and_the_earlier_one_answers_for_it ... ok
2026-10-09T01:33:09.5935066Z test a_stretch_with_no_newline_cuts_at_a_scalar_boundary_and_never_inside_one ... ok
2026-10-09T01:33:09.5945939Z test three_profiles_that_differ_only_in_their_canon_base_are_three_contracts_under_one_chunking_law ... ok
2026-10-09T01:33:09.6238348Z test every_pair_of_profiles_that_agrees_on_the_contract_id_agrees_on_every_byte_it_emits ... ok
2026-10-09T01:33:09.6238562Z 
2026-10-09T01:33:09.6238764Z test result: ok. 101 passed; 0 failed; 1 ignored; 0 measured; 0 filtered out; finished in 0.10s
2026-10-09T01:33:09.6238951Z 
2026-10-09T01:33:09.6242904Z [1m[92m     Running[0m tests/scope_portable.rs (target/debug/build/purrdf-rdf/3599a1f8bc3bf3c3/out/scope_portable-3599a1f8bc3bf3c3)
2026-10-09T01:33:09.6255075Z 
2026-10-09T01:33:09.6255167Z running 1 test
2026-10-09T01:33:09.6377075Z test portable_inventory_preserves_scope_bags_columns_and_carrier_identity ... ok
2026-10-09T01:33:09.6377364Z 
2026-10-09T01:33:09.6377794Z test result: ok. 1 passed; 0 failed; 0 ignored; 0 measured; 0 filtered out; finished in 0.01s
2026-10-09T01:33:09.6378085Z 
2026-10-09T01:33:09.6381025Z [1m[92m     Running[0m tests/segmented_trig_roundtrip.rs (target/debug/build/purrdf-rdf/96f253029f4079c1/out/segmented_trig_roundtrip-96f253029f4079c1)
2026-10-09T01:33:09.6389036Z 
2026-10-09T01:33:09.6389139Z running 1 test
2026-10-09T01:33:09.6408378Z test persistent_trig_roundtrip_preserves_rdf12_streams_and_empty_graphs ... ok
2026-10-09T01:33:09.6408563Z 
2026-10-09T01:33:09.6408759Z test result: ok. 1 passed; 0 failed; 0 ignored; 0 measured; 0 filtered out; finished in 0.00s
2026-10-09T01:33:09.6408944Z 
2026-10-09T01:33:09.6410897Z [1m[92m     Running[0m tests/serialize_pack_parity.rs (target/debug/build/purrdf-rdf/0b8814e9632e70fe/out/serialize_pack_parity-0b8814e9632e70fe)
2026-10-09T01:33:09.6418789Z 
2026-10-09T01:33:09.6418884Z running 2 tests
2026-10-09T01:33:09.6428259Z test pack_view_serializes_identically_to_source_dataset ... ok
2026-10-09T01:33:09.6434186Z test configured_jsonld_surfaces_accept_any_dataset_view_and_reuse_contexts ... ok
2026-10-09T01:33:09.6434389Z 
2026-10-09T01:33:09.6434587Z test result: ok. 2 passed; 0 failed; 0 ignored; 0 measured; 0 filtered out; finished in 0.00s
2026-10-09T01:33:09.6434777Z 
2026-10-09T01:33:09.6436770Z [1m[92m     Running[0m tests/serialize_sink_parity.rs (target/debug/build/purrdf-rdf/141d0b5147211b31/out/serialize_sink_parity-141d0b5147211b31)
2026-10-09T01:33:09.6444023Z 
2026-10-09T01:33:09.6466192Z running 3 tests
2026-10-09T01:33:09.6466542Z test streaming_survives_a_one_byte_at_a_time_writer ... ok
2026-10-09T01:33:09.6471211Z test the_jsonld_options_axis_is_not_decorative ... ok
2026-10-09T01:33:13.8237122Z test streamed_serialization_is_byte_identical_to_eager_for_every_format ... ok
2026-10-09T01:33:13.8237352Z 
2026-10-09T01:33:13.8237563Z test result: ok. 3 passed; 0 failed; 0 ignored; 0 measured; 0 filtered out; finished in 4.18s
2026-10-09T01:33:13.8237759Z 
2026-10-09T01:33:13.8241479Z [1m[92m     Running[0m tests/sink_contract.rs (target/debug/build/purrdf-rdf/a75e039d67d5c12a/out/sink_contract-a75e039d67d5c12a)
2026-10-09T01:33:13.8252815Z 
2026-10-09T01:33:13.8253061Z running 2 tests
2026-10-09T01:33:13.8315226Z test a_second_document_appends_rather_than_replacing_the_first ... ok
2026-10-09T01:33:13.8772883Z test a_refusing_destination_stops_the_serializer ... ok
2026-10-09T01:33:13.8773062Z 
2026-10-09T01:33:13.8773278Z test result: ok. 2 passed; 0 failed; 0 ignored; 0 measured; 0 filtered out; finished in 0.05s
2026-10-09T01:33:13.8773479Z 
2026-10-09T01:33:13.8778008Z [1m[92m     Running[0m tests/streamable_vectors.rs (target/debug/build/purrdf-rdf/9cf73ff1dca53607/out/streamable_vectors-9cf73ff1dca53607)
2026-10-09T01:33:13.8789659Z 
2026-10-09T01:33:13.8789760Z running 4 tests
2026-10-09T01:33:13.8794754Z test frozen_vector_pins_no_pack_dictionary ... ok
2026-10-09T01:33:13.8802791Z test frozen_vector_folds_cleanly_and_carries_the_source_content ... ok
2026-10-09T01:33:13.8803286Z test frozen_vector_is_byte_identical_to_a_fresh_regeneration ... ok
2026-10-09T01:33:13.8806953Z test frozen_vector_independently_verifies_the_facets_this_repo_can_check ... ok
2026-10-09T01:33:13.8807182Z 
2026-10-09T01:33:13.8809429Z test result: ok. 4 passed; 0 failed; 0 ignored; 0 measured; 0 filtered out; finished in 0.00s
2026-10-09T01:33:13.8809989Z 
2026-10-09T01:33:13.8810536Z [1m[92m     Running[0m tests/turtle_kernel_emitter_egress.rs (target/debug/build/purrdf-rdf/f06df81f85b89c4d/out/turtle_kernel_emitter_egress-f06df81f85b89c4d)
2026-10-09T01:33:13.8820329Z 
2026-10-09T01:33:13.8820419Z running 2 tests
2026-10-09T01:33:13.8823318Z test emit_resource_property_object_round_trips_through_the_native_parser ... ok
2026-10-09T01:33:13.8823852Z test emit_reifier_annotation_object_round_trips_through_the_native_parser ... ok
2026-10-09T01:33:13.8824050Z 
2026-10-09T01:33:13.8824246Z test result: ok. 2 passed; 0 failed; 0 ignored; 0 measured; 0 filtered out; finished in 0.00s
2026-10-09T01:33:13.8824436Z 
2026-10-09T01:33:13.8825722Z [1m[92m     Running[0m tests/viz_cross_graph.rs (target/debug/build/purrdf-rdf/0a302dbb34f71f4e/out/viz_cross_graph-0a302dbb34f71f4e)
2026-10-09T01:33:13.8835253Z 
2026-10-09T01:33:13.8835335Z running 3 tests
2026-10-09T01:33:13.8840669Z test graph_filters_select_occurrences_without_reassigning_reifier_roles ... ok
2026-10-09T01:33:13.8841350Z test removing_and_restoring_reification_updates_roles_without_changing_properties ... ok
2026-10-09T01:33:13.8841730Z test parsed_added_and_explicit_inputs_share_cross_graph_visual_roles ... ok
2026-10-09T01:33:13.8841905Z 
2026-10-09T01:33:13.8842099Z test result: ok. 3 passed; 0 failed; 0 ignored; 0 measured; 0 filtered out; finished in 0.00s
2026-10-09T01:33:13.8842293Z 
2026-10-09T01:33:13.8843078Z [1m[92m     Running[0m tests/xml_character_roundtrip.rs (target/debug/build/purrdf-rdf/ad186b5b950484d6/out/xml_character_roundtrip-ad186b5b950484d6)
2026-10-09T01:33:13.8852196Z 
2026-10-09T01:33:13.8852284Z running 4 tests
2026-10-09T01:33:13.8856177Z test projection_attributes_survive_xml_attribute_normalization ... ok
2026-10-09T01:33:13.8856838Z test xml_literal_canonicalization_preserves_attribute_whitespace ... ok
2026-10-09T01:33:13.8859830Z test xml_writers_refuse_every_unrepresentable_scalar ... ok
2026-10-09T01:33:13.8860282Z test xml_writers_preserve_valid_scalars_and_line_endings ... ok
2026-10-09T01:33:13.8860516Z 
2026-10-09T01:33:13.8860830Z test result: ok. 4 passed; 0 failed; 0 ignored; 0 measured; 0 filtered out; finished in 0.00s
2026-10-09T01:33:13.8861025Z 
2026-10-09T01:33:13.8863099Z [1m[92m     Running[0m tests/yaml_mapping_keys.rs (target/debug/build/purrdf-rdf/e2dbab5f7eb96f7d/out/yaml_mapping_keys-e2dbab5f7eb96f7d)
2026-10-09T01:33:13.8871463Z 
2026-10-09T01:33:13.8871546Z running 2 tests
2026-10-09T01:33:13.8876568Z test okf_frontmatter_reads_scalar_keys_as_text_and_keeps_them_unique ... ok
2026-10-09T01:33:13.8878391Z test yamlld_refuses_a_number_boolean_or_null_key_and_reads_its_string_spellings ... ok
2026-10-09T01:33:13.8878696Z 
2026-10-09T01:33:13.8878955Z test result: ok. 2 passed; 0 failed; 0 ignored; 0 measured; 0 filtered out; finished in 0.00s
2026-10-09T01:33:13.8879176Z 
2026-10-09T01:33:13.8880591Z [1m[92m     Running[0m tests/yamlld_key_order_is_pinned.rs (target/debug/build/purrdf-rdf/cb75f7b0176563f8/out/yamlld_key_order_is_pinned-cb75f7b0176563f8)
2026-10-09T01:33:13.8888844Z 
2026-10-09T01:33:13.8889059Z running 2 tests
2026-10-09T01:33:13.8893801Z test the_fixture_would_expose_insertion_order ... ok
2026-10-09T01:33:13.8894079Z test yamlld_mapping_keys_are_sorted_within_each_block ... ok
2026-10-09T01:33:13.8894239Z 
2026-10-09T01:33:13.8894445Z test result: ok. 2 passed; 0 failed; 0 ignored; 0 measured; 0 filtered out; finished in 0.00s
2026-10-09T01:33:13.8894637Z 
2026-10-09T01:33:13.8896503Z [1m[92m     Running[0m tests/search.rs (target/debug/build/purrdf-retrieval/ba03d7c6d7d6fae9/out/search-ba03d7c6d7d6fae9)
2026-10-09T01:33:13.8906621Z 
2026-10-09T01:33:13.8906699Z running 26 tests
2026-10-09T01:33:13.8917476Z test a_profile_that_weights_some_strata_answers_from_those_and_names_the_rest ... ok
2026-10-09T01:33:13.8918062Z test a_profile_that_weights_every_stratum_sets_nothing_aside ... ok
2026-10-09T01:33:13.8922899Z test a_repeating_unique_relation_is_refused_through_search_naming_the_item_and_stratum ... ok
2026-10-09T01:33:13.8923561Z test a_fully_separated_plan_reports_itself_as_separated_rather_than_as_an_absence ... ok
2026-10-09T01:33:13.8924186Z test a_request_carrying_a_term_only_a_placement_free_producer_accepts_reports_it ... ok
2026-10-09T01:33:13.8924784Z test a_request_every_term_of_which_reached_a_producer_reports_nothing_unserved ... ok
2026-10-09T01:33:13.8927800Z test a_row_naming_a_block_outside_its_own_declaration_is_refused ... ok
2026-10-09T01:33:13.8929693Z test admission_error_propagates ... ok
2026-10-09T01:33:13.8930463Z test a_several_block_declaration_no_row_backs_is_refused ... ok
2026-10-09T01:33:13.8936859Z test an_answer_names_its_plan_even_when_no_stream_reached_the_fusion ... ok
2026-10-09T01:33:13.8940002Z test a_term_that_reached_no_producer_is_visible_in_the_plan_and_in_the_answer ... ok
2026-10-09T01:33:13.8940925Z test a_stratum_that_could_not_answer_is_named_in_the_trailer_beside_those_that_did ... ok
2026-10-09T01:33:13.8941629Z test an_allowed_stratum_keeps_the_read_its_repeats_need_and_answers_as_the_undeclared_one_does ... ok
2026-10-09T01:33:13.8942150Z test execution_error_maps_to_search_error ... ok
2026-10-09T01:33:13.8942478Z test fusion_error_propagates ... ok
2026-10-09T01:33:13.8942816Z test every_contributor_is_named_when_none_fail ... ok
2026-10-09T01:33:13.8943153Z test end_to_end_search_returns_expected_results ... ok
2026-10-09T01:33:13.8943369Z test plan_error_propagates ... ok
2026-10-09T01:33:13.8955960Z test search_reports_the_planned_resolution_the_compiled_plan_recorded ... ok
2026-10-09T01:33:13.8956821Z test the_same_repeating_relation_declaring_allowed_answers_once_through_search ... ok
2026-10-09T01:33:13.8957299Z test search_answers_under_a_profile_that_cannot_separate_every_planned_rank ... ok
2026-10-09T01:33:13.8957691Z test search_equals_manual_composition ... ok
2026-10-09T01:33:13.8961296Z test the_trailer_reports_the_candidate_domains_the_registry_declared ... ok
2026-10-09T01:33:13.8961847Z test the_bound_is_the_bound_and_a_larger_one_refuses_nothing ... ok
2026-10-09T01:33:13.8962360Z test two_streams_naming_one_candidate_from_two_blocks_are_refused ... ok
2026-10-09T01:33:13.8963882Z test the_unique_neighbour_keeps_its_bounded_read_and_the_answer_it_already_gave ... ok
2026-10-09T01:33:13.8964183Z 
2026-10-09T01:33:13.8964498Z test result: ok. 26 passed; 0 failed; 0 ignored; 0 measured; 0 filtered out; finished in 0.01s
2026-10-09T01:33:13.8964708Z 
2026-10-09T01:33:13.8968266Z [1m[92m     Running[0m tests/seed_whitespace.rs (target/debug/build/purrdf-retrieval/22f514e9ace495f6/out/seed_whitespace-22f514e9ace495f6)
2026-10-09T01:33:13.8976217Z 
2026-10-09T01:33:13.8976312Z running 2 tests
2026-10-09T01:33:13.8979490Z test the_decoded_seed_is_the_same_term_under_every_ws_separator ... ok
2026-10-09T01:33:13.8981729Z test form_feed_is_refused_where_the_four_ws_characters_are_accepted ... ok
2026-10-09T01:33:13.8981911Z 
2026-10-09T01:33:13.8982108Z test result: ok. 2 passed; 0 failed; 0 ignored; 0 measured; 0 filtered out; finished in 0.00s
2026-10-09T01:33:13.8982303Z 
2026-10-09T01:33:13.8984469Z [1m[92m     Running[0m tests/superseded_claims.rs (target/debug/build/purrdf-retrieval/61f888faf0fa5985/out/superseded_claims-61f888faf0fa5985)
2026-10-09T01:33:13.8991875Z 
2026-10-09T01:33:13.8991989Z running 3 tests
2026-10-09T01:33:13.8995552Z test every_ledger_entry_states_the_claim_the_belief_the_change_and_the_rule ... ok
2026-10-09T01:33:13.9000606Z test the_ladder_names_the_api_and_the_tallies_the_crate_actually_has ... ok
2026-10-09T01:33:13.9151076Z test no_document_re_states_a_claim_the_ledger_supersedes ... ok
2026-10-09T01:33:13.9151332Z 
2026-10-09T01:33:13.9151630Z test result: ok. 3 passed; 0 failed; 0 ignored; 0 measured; 0 filtered out; finished in 0.02s
2026-10-09T01:33:13.9151827Z 
2026-10-09T01:33:13.9154322Z [1m[92m     Running[0m tests/supplied_exclusion_lookup.rs (target/debug/build/purrdf-retrieval/0ed7a568989ecd9c/out/supplied_exclusion_lookup-0ed7a568989ecd9c)
2026-10-09T01:33:13.9165234Z 
2026-10-09T01:33:13.9165324Z running 20 tests
2026-10-09T01:33:13.9205976Z test a_candidate_bound_only_by_a_data_triple_fails_its_stratum_beside_its_neighbour ... ok
2026-10-09T01:33:13.9302420Z test a_filter_removing_many_leading_rows_counts_ranks_after_the_filter ... ok
2026-10-09T01:33:13.9365936Z test a_filter_over_the_call_is_looked_up_and_read_on_demand_and_its_unavailable_neighbour_drains ... ok
2026-10-09T01:33:13.9405604Z test a_driving_pattern_binding_no_input_excludes_every_candidate_and_answers_the_full_read ... ok
2026-10-09T01:33:13.9455812Z test a_group_by_condition_rebinding_the_candidate_is_refused_and_its_neighbours_answer_as_the_full_read ... ok
2026-10-09T01:33:13.9495709Z test a_join_of_calls_is_looked_up_through_each_call_and_answers_as_its_drained_neighbour ... ok
2026-10-09T01:33:13.9496924Z test a_lookup_driven_by_several_needles_asks_each_distinct_one_and_needs_all_to_exclude ... ok
2026-10-09T01:33:13.9565649Z test a_renamed_candidate_column_still_gets_its_lookup ... ok
2026-10-09T01:33:13.9713144Z test a_second_calls_lookup_from_a_moved_index_is_refused_and_one_at_the_pinned_generation_is_admitted ... ok
2026-10-09T01:33:13.9745453Z test a_supplied_basis_the_registry_does_not_declare_fails_its_own_stratum ... ok
2026-10-09T01:33:13.9775606Z test a_needle_from_values_or_bind_drives_its_lookup_as_the_data_needle_does ... ok
2026-10-09T01:33:13.9812664Z test a_supplied_text_whose_call_the_registry_does_not_register_fails_its_own_stratum ... ok
2026-10-09T01:33:13.9835685Z test a_needle_read_out_of_the_data_drives_its_lookup_and_answers_as_the_full_read ... ok
2026-10-09T01:33:13.9864089Z test a_supplied_one_call_text_is_looked_up_exactly_as_the_rendered_unit_is ... ok
2026-10-09T01:33:13.9955872Z test an_operator_that_lets_the_candidate_escape_its_calls_is_refused_beside_its_neighbour ... ok
2026-10-09T01:33:14.0066305Z test a_union_of_calls_asks_every_branch_and_answers_as_the_full_read ... ok
2026-10-09T01:33:14.0106930Z test the_shared_candidate_configuration_through_a_filter_reads_on_demand ... ok
2026-10-09T01:33:14.0766322Z test no_admitted_shape_excludes_a_candidate_its_stream_names ... ok
2026-10-09T01:33:14.1169096Z test a_needle_read_through_a_lateral_drives_its_lookup_with_the_text_s_own_pattern ... ok
2026-10-09T01:33:14.1701367Z test every_admitted_supplied_shape_answers_with_its_lookups_as_the_full_read_without ... ok
2026-10-09T01:33:14.1701591Z 
2026-10-09T01:33:14.1701859Z test result: ok. 20 passed; 0 failed; 0 ignored; 0 measured; 0 filtered out; finished in 0.25s
2026-10-09T01:33:14.1702148Z 
2026-10-09T01:33:14.1702808Z [1m[92m     Running[0m tests/text_exclusion_lookup.rs (target/debug/build/purrdf-retrieval/7df9427f85bdd16f/out/text_exclusion_lookup-7df9427f85bdd16f)
2026-10-09T01:33:14.1716740Z 
2026-10-09T01:33:14.1716823Z running 6 tests
2026-10-09T01:33:14.1805992Z test a_blank_node_candidate_is_one_bound_invocation_serving_at_most_one_row ... ok
2026-10-09T01:33:14.1855191Z test an_exclusion_lookup_is_one_bound_invocation_serving_at_most_one_row ... ok
2026-10-09T01:33:14.1869907Z test a_declared_basis_shortens_a_real_text_read_without_moving_the_answer ... ok
2026-10-09T01:33:14.1895625Z test a_fused_read_over_blank_node_candidates_is_answered_by_its_lookups ... ok
2026-10-09T01:33:14.2058968Z test a_lookup_answered_by_a_rebuilt_index_is_refused_and_one_at_the_pinned_generation_is_admitted ... ok
2026-10-09T01:33:14.2088936Z test the_evidence_binds_the_lookups_and_a_run_without_lookups_is_unchanged ... ok
2026-10-09T01:33:14.2089235Z 
2026-10-09T01:33:14.2089536Z test result: ok. 6 passed; 0 failed; 0 ignored; 0 measured; 0 filtered out; finished in 0.04s
2026-10-09T01:33:14.2089727Z 
2026-10-09T01:33:14.2094478Z [1m[92m     Running[0m tests/wasm_determinism.rs (target/debug/build/purrdf-retrieval/c5eebd40035ad3c3/out/wasm_determinism-c5eebd40035ad3c3)
2026-10-09T01:33:14.2103364Z 
2026-10-09T01:33:14.2103822Z running 6 tests
2026-10-09T01:33:14.2108396Z test a_collided_pair_fuses_to_the_same_order_on_both_targets ... ok
2026-10-09T01:33:14.2109082Z test a_declared_candidate_domain_bounds_the_same_read_on_both_targets ... ok
2026-10-09T01:33:14.2109401Z test a_fused_answer_is_the_same_rows_in_the_same_order_on_both_targets ... ok
2026-10-09T01:33:14.2109722Z test a_unit_weight_contribution_is_the_same_exact_decimal_on_both_targets ... ok
2026-10-09T01:33:14.2110022Z test a_fusion_profile_names_the_same_identity_on_both_targets ... ok
2026-10-09T01:33:14.2110317Z test an_evidence_identity_is_the_same_bytes_and_digest_on_both_targets ... ok
2026-10-09T01:33:14.2112189Z 
2026-10-09T01:33:14.2112623Z test result: ok. 6 passed; 0 failed; 0 ignored; 0 measured; 0 filtered out; finished in 0.00s
2026-10-09T01:33:14.2113566Z [1m[92m     Running[0m tests/scope_profiles.rs (target/debug/build/purrdf-shapes/52c0c24686a9f9f3/out/scope_profiles-52c0c24686a9f9f3)
2026-10-09T01:33:14.2113839Z 
2026-10-09T01:33:14.2124312Z 
2026-10-09T01:33:14.2124591Z running 2 tests
2026-10-09T01:33:14.2132815Z test legal_sparql_constructs_have_explicit_shacl_rejection_controls ... ok
2026-10-09T01:33:14.2133418Z test optional_exists_paths_and_projected_subqueries_remain_legal_constraints ... ok
2026-10-09T01:33:14.2133724Z 
2026-10-09T01:33:14.2134032Z test result: ok. 2 passed; 0 failed; 0 ignored; 0 measured; 0 filtered out; finished in 0.00s
2026-10-09T01:33:14.2134320Z 
2026-10-09T01:33:14.2136586Z [1m[92m     Running[0m tests/shacl_shacl_differential.rs (target/debug/build/purrdf-shapes/903da570d919fe98/out/shacl_shacl_differential-903da570d919fe98)
2026-10-09T01:33:14.2147244Z 
2026-10-09T01:33:14.2147333Z running 1 test
2026-10-09T01:33:15.5356723Z test purrdf_refuses_exactly_what_shacl_shacl_flags ... ok
2026-10-09T01:33:15.5356958Z 
2026-10-09T01:33:15.5357161Z test result: ok. 1 passed; 0 failed; 0 ignored; 0 measured; 0 filtered out; finished in 1.32s
2026-10-09T01:33:15.5357353Z 
2026-10-09T01:33:15.5365337Z [1m[92m     Running[0m tests/shapes_graph_well_formed_report.rs (target/debug/build/purrdf-shapes/15e2913b6af310ce/out/shapes_graph_well_formed_report-15e2913b6af310ce)
2026-10-09T01:33:15.5381065Z 
2026-10-09T01:33:15.5381175Z running 4 tests
2026-10-09T01:33:15.5391737Z test a_report_no_validation_produced_states_nothing ... ok
2026-10-09T01:33:15.5392425Z test every_report_states_the_shapes_graph_well_formed ... ok
2026-10-09T01:33:15.5416969Z test every_validation_reports_the_mandatory_diagnostic_beside_its_results ... ok
2026-10-09T01:33:15.5802354Z test lint_always_reports_an_empty_in_or_xone_list_by_rule_id ... ok
2026-10-09T01:33:15.5802655Z 
2026-10-09T01:33:15.5802971Z test result: ok. 4 passed; 0 failed; 0 ignored; 0 measured; 0 filtered out; finished in 0.04s
2026-10-09T01:33:15.5803247Z 
2026-10-09T01:33:15.5807851Z [1m[92m     Running[0m tests/shapes_graph_wellformedness.rs (target/debug/build/purrdf-shapes/4b03931fffbe6ed6/out/shapes_graph_wellformedness-4b03931fffbe6ed6)
2026-10-09T01:33:15.5821534Z 
2026-10-09T01:33:15.5821704Z running 72 tests
2026-10-09T01:33:15.5829193Z test a_blank_sparql_function_is_refused_and_a_named_one_loads ... ok
2026-10-09T01:33:15.5835718Z test a_class_list_is_a_disjunction_and_separate_values_a_conjunction ... ok
2026-10-09T01:33:15.5836286Z test a_datatype_list_projects_to_json_schema_any_of ... ok
2026-10-09T01:33:15.5836991Z test a_custom_target_the_engine_cannot_compute_is_refused_typed ... ok
2026-10-09T01:33:15.5837548Z test a_datatype_list_is_a_disjunction ... ok
2026-10-09T01:33:15.5841439Z test a_focus_node_absent_from_the_data_reaches_itself_along_a_reflexive_path ... ok
2026-10-09T01:33:15.5842230Z test a_literal_box_role_is_refused_and_an_iri_role_loads ... ok
2026-10-09T01:33:15.5842925Z test a_failure_inside_some_value_propagates_unless_a_value_conforms ... ok
2026-10-09T01:33:15.5844422Z test a_literal_class_or_target_is_refused_and_the_iri_loads ... ok
2026-10-09T01:33:15.5850406Z test a_literal_node_kind_is_refused_and_the_iri_loads ... ok
2026-10-09T01:33:15.5853157Z test a_literal_pair_value_is_refused_and_an_iri_path_loads ... ok
2026-10-09T01:33:15.5854373Z test a_literal_sh_shape_value_is_refused_and_an_iri_one_targets ... ok
2026-10-09T01:33:15.5855242Z test a_min_count_on_a_node_shape_is_refused_and_on_a_property_shape_loads ... ok
2026-10-09T01:33:15.5855822Z test a_malformed_blank_pair_path_is_refused_and_a_well_formed_one_loads ... ok
2026-10-09T01:33:15.5859186Z test a_member_shape_with_a_path_is_refused_and_a_node_shape_loads ... ok
2026-10-09T01:33:15.5859620Z test a_minus_expression_without_sh_nodes_is_refused ... ok
2026-10-09T01:33:15.5860043Z test a_misspelled_parameter_is_refused_and_the_real_one_loads ... ok
2026-10-09T01:33:15.5862212Z test a_node_kind_list_is_a_disjunction_of_basic_kinds ... ok
2026-10-09T01:33:15.5862816Z test a_non_integer_count_is_refused_and_an_integer_one_loads ... ok
2026-10-09T01:33:15.5864621Z test a_non_boolean_single_line_is_refused_and_a_boolean_loads ... ok
2026-10-09T01:33:15.5865887Z test a_one_valued_boolean_is_well_typed_and_is_not_true ... ok
2026-10-09T01:33:15.5869543Z test a_path_valued_less_than_on_a_node_shape_is_refused_and_on_a_property_shape_loads ... ok
2026-10-09T01:33:15.5870393Z test a_parameter_declarations_default_value_loads_and_its_values_is_refused ... ok
2026-10-09T01:33:15.5876027Z test a_path_node_with_a_second_form_is_refused_and_one_form_loads ... ok
2026-10-09T01:33:15.5876707Z test a_repeated_message_language_is_ill_formed_and_one_per_language_loads ... ok
2026-10-09T01:33:15.5888086Z test a_reifier_annotation_deactivates_its_constraint_and_a_non_validating_one_loads ... ok
2026-10-09T01:33:15.5888669Z test a_select_function_body_with_two_solutions_fails_the_call ... ok
2026-10-09T01:33:15.5889163Z test a_sequence_path_disjoint_is_evaluated_as_the_sequence ... ok
2026-10-09T01:33:15.5899496Z test a_sequence_path_less_than_orders_against_the_reached_nodes ... ok
2026-10-09T01:33:15.5906101Z test a_shacl_js_constraint_is_a_typed_refusal_and_its_sparql_equivalent_validates ... ok
2026-10-09T01:33:15.5910755Z test a_shape_with_every_non_validating_property_loads_and_validates_unchanged ... ok
2026-10-09T01:33:15.5925721Z test a_shacl_js_validator_is_ill_formed_and_its_ask_equivalent_validates ... ok
2026-10-09T01:33:15.5926445Z test a_string_closed_flag_is_refused_and_boolean_true_closes ... ok
2026-10-09T01:33:15.5927078Z test a_string_deactivation_is_refused_and_boolean_true_deactivates ... ok
2026-10-09T01:33:15.5927741Z test a_structured_target_node_is_evaluated_from_the_shape_and_an_iri_is_a_constant ... ok
2026-10-09T01:33:15.5928466Z test a_string_rule_deactivation_is_refused_and_boolean_true_deactivates_the_rule ... ok
2026-10-09T01:33:15.5935678Z test an_af_graph_with_functions_rules_and_node_expressions_loads_and_runs ... ok
2026-10-09T01:33:15.5938734Z test an_entailment_regime_is_refused_and_the_graph_without_it_loads ... ok
2026-10-09T01:33:15.5939381Z test a_validator_of_a_non_component_owner_is_judged_by_the_class_rules ... ok
2026-10-09T01:33:15.5940052Z test an_ill_formed_list_is_refused_and_a_well_formed_one_loads ... ok
2026-10-09T01:33:15.5940631Z test an_ill_typed_root_class_is_refused_and_iris_load ... ok
2026-10-09T01:33:15.5943565Z test an_inverse_path_equals_is_evaluated_as_the_inverse ... ok
2026-10-09T01:33:15.5965891Z test an_unknown_term_on_a_node_expression_is_refused_and_an_annotation_loads ... ok
2026-10-09T01:33:15.5995891Z test debug_severity_is_reported_without_blocking_and_warning_blocks ... ok
2026-10-09T01:33:15.6005471Z test an_other_iri_closed_value_is_refused_and_by_types_evaluates ... ok
2026-10-09T01:33:15.6035610Z test default_value_on_a_node_shape_is_refused_and_on_a_property_shape_it_computes ... ok
2026-10-09T01:33:15.6057608Z test declared_shacl_js_no_shape_reaches_is_inert_and_ordinary_constraints_fire ... ok
2026-10-09T01:33:15.6084604Z test every_shacl_js_construct_a_shape_reaches_is_a_typed_refusal ... ok
2026-10-09T01:33:15.6085224Z test iri_valued_property_pairs_answer_as_before ... ok
2026-10-09T01:33:15.6085693Z test list_lengths_are_checked_and_a_non_list_value_gets_a_result ... ok
2026-10-09T01:33:15.6086206Z test root_class_admits_the_root_and_its_subclasses_only ... ok
2026-10-09T01:33:15.6087043Z test root_class_is_reflexive_without_any_hierarchy ... ok
2026-10-09T01:33:15.6087412Z test root_class_list_admits_any_root ... ok
2026-10-09T01:33:15.6087903Z test select_expressions_and_target_types_answer_to_the_prebinding_restrictions ... ok
2026-10-09T01:33:15.6088471Z test shape_class_targets_its_instances_and_a_blank_one_is_refused ... ok
2026-10-09T01:33:15.6088906Z test single_line_false_admits_a_line_break ... ok
2026-10-09T01:33:15.6089338Z test single_line_true_reports_each_literal_with_a_line_break ... ok
2026-10-09T01:33:15.6089885Z test some_value_needs_one_conforming_value_and_reports_once_without_a_value ... ok
2026-10-09T01:33:15.6090399Z test some_value_on_a_node_shape_judges_the_focus_node ... ok
2026-10-09T01:33:15.6090828Z test subset_of_on_a_node_shape_judges_the_focus_node ... ok
2026-10-09T01:33:15.6091423Z test subset_of_reports_each_value_outside_the_reached_nodes ... ok
2026-10-09T01:33:15.6091969Z test target_where_selects_the_conforming_nodes_and_target_class_the_instances ... ok
2026-10-09T01:33:15.6092529Z test the_af_minus_expression_and_shnex_remove_answer_identically ... ok
2026-10-09T01:33:15.6093028Z test the_empty_target_node_targets_nothing_and_an_iri_targets ... ok
2026-10-09T01:33:15.6093421Z test triple_term_is_a_node_kind ... ok
2026-10-09T01:33:15.6093900Z test two_flags_and_a_non_literal_pattern_are_refused_and_one_string_pattern_loads ... ok
2026-10-09T01:33:15.6094378Z test two_values_are_refused_and_one_loads ... ok
2026-10-09T01:33:15.6094795Z test unique_members_and_member_shape_report_their_details ... ok
2026-10-09T01:33:15.6095412Z test values_on_a_non_iri_path_is_refused_and_on_an_iri_path_it_computes ... ok
2026-10-09T01:33:15.6095927Z test a_service_in_any_executed_shacl_sparql_query_is_refused ... ok
2026-10-09T01:33:15.6235351Z test ill_formed_declarations_refuse_the_load_whether_or_not_a_shape_reaches_them ... ok
2026-10-09T01:33:15.6537943Z test a_function_body_violating_prebinding_is_refused_only_where_a_call_executes_it ... ok
2026-10-09T01:33:15.6538172Z 
2026-10-09T01:33:15.6538371Z test result: ok. 72 passed; 0 failed; 0 ignored; 0 measured; 0 filtered out; finished in 0.07s
2026-10-09T01:33:15.6538559Z 
2026-10-09T01:33:15.6545524Z [1m[92m     Running[0m tests/shared_shapes_dataset.rs (target/debug/build/purrdf-shapes/d07c304e024abef3/out/shared_shapes_dataset-d07c304e024abef3)
2026-10-09T01:33:15.6558518Z 
2026-10-09T01:33:15.6558624Z running 3 tests
2026-10-09T01:33:15.6565452Z test the_accessor_returns_the_same_allocation_it_was_built_from ... ok
2026-10-09T01:33:15.6565810Z test the_text_entry_point_retains_its_parsed_dataset ... ok
2026-10-09T01:33:15.6568757Z test exposing_the_dataset_leaves_prefix_resolution_alone ... ok
2026-10-09T01:33:15.6568989Z 
2026-10-09T01:33:15.6569182Z test result: ok. 3 passed; 0 failed; 0 ignored; 0 measured; 0 filtered out; finished in 0.00s
2026-10-09T01:33:15.6569370Z 
2026-10-09T01:33:15.6572719Z [1m[92m     Running[0m tests/shared_validation_views.rs (target/debug/build/purrdf-shapes/43a7551865c42193/out/shared_validation_views-43a7551865c42193)
2026-10-09T01:33:15.6581083Z 
2026-10-09T01:33:15.6581173Z running 9 tests
2026-10-09T01:33:15.6590692Z test independently_scoped_composite_targets_remain_distinct ... ok
2026-10-09T01:33:15.6591193Z test borrowed_projection_matches_native_and_deduplicates_statement_layers ... ok
2026-10-09T01:33:15.6605646Z test prepared_delta_binding_observes_suppression_and_new_values_without_freezing_base ... ok
2026-10-09T01:33:15.6606240Z test prepared_sparql_constraints_probe_the_shared_graph_union ... ok
2026-10-09T01:33:15.6606784Z test same_document_blank_target_and_current_shape_keep_their_identity ... ok
2026-10-09T01:33:15.6607157Z test validation_handle_budget_is_admitted_before_mapping ... ok
2026-10-09T01:33:15.6607489Z test property_pair_constraints_borrow_every_shared_carrier_without_materialization ... ok
2026-10-09T01:33:15.6607864Z test sparql_statement_projection_deduplicates_without_flattening_shapes_graph ... ok
2026-10-09T01:33:15.6613723Z test prepared_probe_plans_preserve_graph_patterns_and_union_duplicates ... ok
2026-10-09T01:33:15.6613995Z 
2026-10-09T01:33:15.6614296Z test result: ok. 9 passed; 0 failed; 0 ignored; 0 measured; 0 filtered out; finished in 0.00s
2026-10-09T01:33:15.6614489Z 
2026-10-09T01:33:15.6618774Z [1m[92m     Running[0m tests/sparql_node_expressions.rs (target/debug/build/purrdf-shapes/737403173df28861/out/sparql_node_expressions-737403173df28861)
2026-10-09T01:33:15.6629640Z 
2026-10-09T01:33:15.6629736Z running 40 tests
2026-10-09T01:33:15.6636780Z test a_node_with_both_select_and_sparql_expr_is_ambiguous ... ok
2026-10-09T01:33:15.6641553Z test a_call_site_may_carry_the_annotations_an_expression_constraint_reads ... ok
2026-10-09T01:33:15.6643703Z test a_one_argument_call_may_omit_the_argument_list ... ok
2026-10-09T01:33:15.6644370Z test a_product_restore_keeps_the_authored_spelling ... ok
2026-10-09T01:33:15.6647773Z test a_sparql_based_expression_sees_the_value_node_in_its_scope ... ok
2026-10-09T01:33:15.6648368Z test a_sparql_ns_operator_with_the_wrong_arity_is_a_load_error ... ok
2026-10-09T01:33:15.6649132Z test a_select_expression_resolves_sh_prefixes_declared_on_the_shape ... ok
2026-10-09T01:33:15.6649824Z test an_undeclared_prefix_in_a_select_expression_is_still_a_load_error ... ok
2026-10-09T01:33:15.6650441Z test an_unknown_sparql_ns_name_is_a_load_error ... ok
2026-10-09T01:33:15.6651065Z test select_expression_projecting_two_variables_is_a_load_error ... ok
2026-10-09T01:33:15.6652134Z test select_expression_binds_this_to_the_focus_node ... ok
2026-10-09T01:33:15.6652570Z test select_expression_that_is_an_ask_is_a_load_error ... ok
2026-10-09T01:33:15.6653040Z test select_expression_resolves_prefixed_names_through_sh_prefixes ... ok
2026-10-09T01:33:15.6660367Z test select_expression_with_an_unparsable_query_is_a_load_error ... ok
2026-10-09T01:33:15.6660672Z test select_expression_preserves_the_query_s_own_order ... ok
2026-10-09T01:33:15.6660901Z test sparql_encode_is_encode_for_uri ... ok
2026-10-09T01:33:15.6661155Z test sparql_expr_expression_computes_the_focus_node_uri_length ... ok
2026-10-09T01:33:15.6662016Z test sparql_expr_and_its_expanded_select_agree ... ok
2026-10-09T01:33:15.6662409Z test sparql_expr_that_does_not_parse_is_a_load_error ... ok
2026-10-09T01:33:15.6662885Z test sh_prefixes_is_honoured_beside_the_builtin_declaration ... ok
2026-10-09T01:33:15.6663320Z test sparql_is_triple_recognises_a_constructed_triple_term ... ok
2026-10-09T01:33:15.6666082Z test sparql_ns_aggregate_name_is_a_load_error ... ok
2026-10-09T01:33:15.6666536Z test sparql_ns_call_resolves_encode_for_uri ... ok
2026-10-09T01:33:15.6668361Z test sparql_ns_call_arguments_are_node_expressions ... ok
2026-10-09T01:33:15.6668912Z test sparql_ns_call_resolves_a_plain_function_name ... ok
2026-10-09T01:33:15.6669413Z test sparql_ns_call_resolves_the_add_operator ... ok
2026-10-09T01:33:15.6671578Z test sparql_ns_call_resolves_the_if_functional_form ... ok
2026-10-09T01:33:15.6675784Z test sparql_ns_call_resolves_the_unary_minus_operator ... ok
2026-10-09T01:33:15.6676314Z test sparql_ns_call_resolves_strlen ... ok
2026-10-09T01:33:15.6676854Z test sparql_ns_call_resolves_the_in_membership_form ... ok
2026-10-09T01:33:15.6677410Z test sparql_ns_exists_functional_form_is_a_load_error ... ok
2026-10-09T01:33:15.6677965Z test sparql_ns_equality_names_all_lower_to_the_same_operator ... ok
2026-10-09T01:33:15.6678463Z test sparql_plus_is_the_add_operator ... ok
2026-10-09T01:33:15.6678936Z test sparql_object_reads_a_constructed_triple_term ... ok
2026-10-09T01:33:15.6685994Z test sparql_triple_constructs_an_rdf12_triple_term ... ok
2026-10-09T01:33:15.6686381Z test the_list_free_form_accepts_a_structured_argument ... ok
2026-10-09T01:33:15.6686783Z test the_builtin_sparql_expr_declaration_loads_and_evaluates_natively ... ok
2026-10-09T01:33:15.6687071Z test the_empty_and_multi_argument_list_forms_still_parse ... ok
2026-10-09T01:33:15.6687850Z test two_real_function_predicates_on_one_node_are_still_ambiguous ... ok
2026-10-09T01:33:15.6688545Z test the_spelling_aliases_do_not_admit_unknown_names ... ok
2026-10-09T01:33:15.6688753Z 
2026-10-09T01:33:15.6689059Z test result: ok. 40 passed; 0 failed; 0 ignored; 0 measured; 0 filtered out; finished in 0.01s
2026-10-09T01:33:15.6689346Z 
2026-10-09T01:33:15.6693165Z [1m[92m     Running[0m tests/sparql_path_alloc.rs (target/debug/build/purrdf-shapes/3462dd3d6b8ba869/out/sparql_path_alloc-3462dd3d6b8ba869)
2026-10-09T01:33:15.6705460Z 
2026-10-09T01:33:15.6705555Z running 8 tests
2026-10-09T01:33:15.9807750Z test ask_component_fallback_lane_costs_a_constant_per_conforming_focus_node ... ok
2026-10-09T01:33:15.9845273Z test every_registered_prose_site_quotes_the_measured_figures ... ok
2026-10-09T01:33:16.4475087Z test every_sparql_surface_costs_a_constant_per_conforming_focus_node ... ok
2026-10-09T01:33:18.7800231Z test every_sparql_surface_costs_a_constant_per_governed_change_focus_node ... ok
2026-10-09T01:33:18.7826231Z test every_sparql_surface_still_reports_its_violations ... ok
2026-10-09T01:33:18.7840862Z test every_sparql_surface_still_reports_its_violations_when_governed ... ok
2026-10-09T01:33:18.7895357Z test every_test_in_this_binary_takes_the_measure_lock_first ... ok
2026-10-09T01:33:18.7895722Z test the_fixture_gives_every_focus_node_two_value_nodes ... ok
2026-10-09T01:33:18.7895864Z 
2026-10-09T01:33:18.7896057Z test result: ok. 8 passed; 0 failed; 0 ignored; 0 measured; 0 filtered out; finished in 3.12s
2026-10-09T01:33:18.7896245Z 
2026-10-09T01:33:18.7907023Z [1m[92m     Running[0m tests/sparql_prefixes.rs (target/debug/build/purrdf-shapes/f164a8321b7b1348/out/sparql_prefixes-f164a8321b7b1348)
2026-10-09T01:33:18.7920309Z 
2026-10-09T01:33:18.7920395Z running 8 tests
2026-10-09T01:33:18.7931429Z test a_query_with_prefixes_does_not_use_the_implicit_declarations ... ok
2026-10-09T01:33:18.7938514Z test a_malformed_reached_declaration_is_refused ... ok
2026-10-09T01:33:18.7939113Z test a_prefix_in_one_query_literal_does_not_reach_another_query ... ok
2026-10-09T01:33:18.7939983Z test a_conflicting_prefix_is_refused_and_an_agreeing_one_loads ... ok
2026-10-09T01:33:18.7946046Z test an_unreached_conflict_is_not_read ... ok
2026-10-09T01:33:18.7946341Z test a_shapes_graph_declaration_supplies_a_query_without_prefixes ... ok
2026-10-09T01:33:18.7949704Z test the_prefixes_path_follows_version_iris_and_imports ... ok
2026-10-09T01:33:18.7950559Z [1m[92m     Running[0m tests/spec_census.rs (target/debug/build/purrdf-shapes/cb627b7f57d8593a/out/spec_census-cb627b7f57d8593a)
2026-10-09T01:33:18.7951195Z test a_redeclared_document_prefix_falls_back_to_its_last_binding ... ok
2026-10-09T01:33:18.7951449Z 
2026-10-09T01:33:18.7951643Z test result: ok. 8 passed; 0 failed; 0 ignored; 0 measured; 0 filtered out; finished in 0.00s
2026-10-09T01:33:18.7951825Z 
2026-10-09T01:33:18.7960086Z 
2026-10-09T01:33:18.7960177Z running 5 tests
2026-10-09T01:33:18.7963025Z test sites_follow_the_class ... ok
2026-10-09T01:33:18.7963517Z test census_counts_per_class_are_pinned ... ok
2026-10-09T01:33:18.8026856Z test every_declared_vocabulary_term_is_classified ... ok
2026-10-09T01:33:18.8086102Z test every_model_constant_is_classified ... ok
2026-10-09T01:33:18.8105560Z test the_census_classifies_nothing_outside_the_two_universes_but_shacl_js ... ok
2026-10-09T01:33:18.8105869Z 
2026-10-09T01:33:18.8106180Z test result: ok. 5 passed; 0 failed; 0 ignored; 0 measured; 0 filtered out; finished in 0.01s
2026-10-09T01:33:18.8106480Z 
2026-10-09T01:33:18.8109165Z [1m[92m     Running[0m tests/spec_linker.rs (target/debug/build/purrdf-shapes/c0ee415542f30cd2/out/spec_linker-c0ee415542f30cd2)
2026-10-09T01:33:18.8120544Z 
2026-10-09T01:33:18.8120633Z running 39 tests
2026-10-09T01:33:18.8128679Z test a_bodiless_non_builtin_in_the_sh_namespace_is_refused ... ok
2026-10-09T01:33:18.8129327Z test a_builtin_component_declared_as_a_function_is_a_kind_mismatch ... ok
2026-10-09T01:33:18.8129959Z test a_bodiless_custom_function_is_refused ... ok
2026-10-09T01:33:18.8134698Z test a_builtin_declaration_keying_a_non_key_parameter_is_a_signature_mismatch ... ok
2026-10-09T01:33:18.8135387Z test a_builtin_component_given_validators_binds_natively ... ok
2026-10-09T01:33:18.8138127Z test a_bodied_custom_function_loads_and_evaluates ... ok
2026-10-09T01:33:18.8138555Z test a_builtin_function_declared_as_a_component_is_a_kind_mismatch ... ok
2026-10-09T01:33:18.8139719Z test a_builtin_redefined_as_a_sparql_function_is_a_duplicate_definition ... ok
2026-10-09T01:33:18.8140288Z test a_builtin_function_given_a_body_is_a_duplicate_definition ... ok
2026-10-09T01:33:18.8140881Z test a_builtin_declaration_stating_a_foreign_parameter_is_a_signature_mismatch ... ok
2026-10-09T01:33:18.8141494Z test a_builtin_with_validators_and_a_foreign_parameter_is_a_signature_mismatch ... ok
2026-10-09T01:33:18.8147218Z test a_component_that_is_also_a_shape_plays_both_roles ... ok
2026-10-09T01:33:18.8148103Z test a_custom_components_javascript_validator_is_ill_formed_reached_or_not ... ok
2026-10-09T01:33:18.8148870Z test a_custom_key_that_is_a_builtin_key_is_refused ... ok
2026-10-09T01:33:18.8156228Z test a_custom_list_function_named_by_a_builtin_key_is_refused ... ok
2026-10-09T01:33:18.8156706Z test a_custom_key_of_its_own_evaluates ... ok
2026-10-09T01:33:18.8157112Z test a_list_builtin_declared_as_list_binds_and_evaluates ... ok
2026-10-09T01:33:18.8157616Z test a_javascript_validator_on_a_builtin_is_ill_formed_under_every_attachment ... ok
2026-10-09T01:33:18.8163323Z test a_list_builtin_declared_as_named_is_a_kind_mismatch ... ok
2026-10-09T01:33:18.8163776Z test a_query_on_a_builtin_component_itself_is_a_duplicate_definition ... ok
2026-10-09T01:33:18.8164275Z test a_selected_validator_calling_an_unknown_function_fails_validation ... ok
2026-10-09T01:33:18.8169157Z test a_semantic_statement_on_a_builtin_declaration_is_refused ... ok
2026-10-09T01:33:18.8175658Z test a_validator_on_a_native_component_is_a_superseded_alternative ... ok
2026-10-09T01:33:18.8176427Z test a_validator_on_unique_values_for_is_a_superseded_alternative ... ok
2026-10-09T01:33:18.8179330Z test colliding_custom_keys_are_refused_and_distinct_keys_load ... ok
2026-10-09T01:33:18.8179742Z test a_validator_on_a_plain_shape_is_refused ... ok
2026-10-09T01:33:18.8180125Z test an_ill_formed_alternative_on_a_builtin_is_refused ... ok
2026-10-09T01:33:18.8180491Z test every_call_site_names_what_it_bound_to ... ok
2026-10-09T01:33:18.8263234Z test every_declared_component_is_a_row_and_the_gap_is_exactly_pinned ... ok
2026-10-09T01:33:18.8275870Z test the_bare_builtin_component_declaration_binds_natively ... ok
2026-10-09T01:33:18.8276477Z test the_builtin_sparql_expr_declaration_loads ... ok
2026-10-09T01:33:18.8285821Z test every_declared_function_binds_with_its_declared_signature ... ok
2026-10-09T01:33:18.8382091Z test the_merged_vocabulary_indexes_and_registers_nothing ... ok
2026-10-09T01:33:18.8383399Z test the_sparql_expr_declaration_indexes_nothing ... ok
2026-10-09T01:33:18.8387659Z test the_table_renders_every_row_deterministically ... ok
2026-10-09T01:33:18.8396289Z test the_merged_vocabulary_loads_with_no_shape ... ok
2026-10-09T01:33:18.8396833Z test the_unique_values_for_declaration_binds_natively ... ok
2026-10-09T01:33:18.8610773Z test a_prebinding_violation_is_refused_only_where_the_query_executes ... ok
2026-10-09T01:33:18.8617725Z test lint_reports_superseded_alternatives_without_findings ... ok
2026-10-09T01:33:18.8617965Z 
2026-10-09T01:33:18.8618286Z test result: ok. 39 passed; 0 failed; 0 ignored; 0 measured; 0 filtered out; finished in 0.05s
2026-10-09T01:33:18.8618578Z 
2026-10-09T01:33:18.8626294Z [1m[92m     Running[0m tests/srl_language.rs (target/debug/build/purrdf-shapes/76ca1fb864f941a5/out/srl_language-76ca1fb864f941a5)
2026-10-09T01:33:18.8639619Z 
2026-10-09T01:33:18.8639709Z running 23 tests
2026-10-09T01:33:18.8643647Z test a_declaration_inside_a_rule_or_a_bodiless_rule_is_refused ... ok
2026-10-09T01:33:18.8661473Z test a_non_rdf_head_instantiation_is_refused ... ok
2026-10-09T01:33:18.8662060Z test a_negation_sees_only_earlier_variables ... ok
2026-10-09T01:33:18.8663034Z test an_assigned_blank_node_is_fresh_per_solution ... ok
2026-10-09T01:33:18.8663500Z test an_empty_head_generates_nothing ... ok
2026-10-09T01:33:18.8663994Z test an_assigned_variable_joins_a_later_pattern ... ok
2026-10-09T01:33:18.8664526Z test check_answers_each_level_and_refuses_by_stage ... ok
2026-10-09T01:33:18.8665118Z test builtins_are_srls_list ... ok
2026-10-09T01:33:18.8665547Z test check_resolves_imports_from_the_table ... ok
2026-10-09T01:33:18.8666097Z test computed_assignment_values_reach_negative_patterns ... ok
2026-10-09T01:33:18.8666639Z test data_block_blank_nodes_are_standardized_apart ... ok
2026-10-09T01:33:18.8667180Z test declarations_and_rule_blocks_interleave_freely ... ok
2026-10-09T01:33:18.8667699Z test imports_resolve_through_the_callers_resolver ... ok
2026-10-09T01:33:18.8671500Z test independent_guarded_components_preserve_both_blank_mints ... ok
2026-10-09T01:33:18.8676407Z test lang_dir_and_version ... ok
2026-10-09T01:33:18.8680592Z test multi_character_terminals_must_be_contiguous ... ok
2026-10-09T01:33:18.8681224Z test paths_expand_and_annotations_need_one_triple ... ok
2026-10-09T01:33:18.8681595Z test stages_are_typed ... ok
2026-10-09T01:33:18.8681915Z test the_version_announcement_is_made_early ... ok
2026-10-09T01:33:18.8682246Z test numeric_and_boolean_terms ... ok
2026-10-09T01:33:18.8682566Z test triple_term_dependencies_are_exact ... ok
2026-10-09T01:33:19.2648671Z test a_closure_deeper_than_the_floor_completes ... ok
2026-10-09T01:33:30.6867501Z test a_rule_nesting_triple_terms_every_round_is_refused_at_a_limit ... ok
2026-10-09T01:33:30.6867709Z 
2026-10-09T01:33:30.6867919Z test result: ok. 23 passed; 0 failed; 0 ignored; 0 measured; 0 filtered out; finished in 11.82s
2026-10-09T01:33:30.6868115Z 
2026-10-09T01:33:30.6872323Z [1m[92m     Running[0m tests/subclass_of_in_shapes_graph.rs (target/debug/build/purrdf-shapes/5b912efe60e4edbf/out/subclass_of_in_shapes_graph-5b912efe60e4edbf)
2026-10-09T01:33:30.6886058Z 
2026-10-09T01:33:30.6886209Z running 7 tests
2026-10-09T01:33:30.6894746Z test a_mutation_snapshot_binding_follows_the_shapes_graph_and_keeps_its_change_path ... ok
2026-10-09T01:33:30.6898993Z test a_shapes_graph_subclass_triple_is_not_data ... ok
2026-10-09T01:33:30.6899524Z test a_class_target_reached_through_the_shapes_graph_fires_only_when_on ... ok
2026-10-09T01:33:30.6900245Z test a_blank_intermediate_in_the_shapes_graph_connects_iri_classes ... ok
2026-10-09T01:33:30.6900703Z test a_blank_off_every_iri_path_creates_no_membership ... ok
2026-10-09T01:33:30.6904634Z test sh_class_follows_the_shapes_graph_only_when_on ... ok
2026-10-09T01:33:30.6906109Z test blank_chains_and_cycles_in_the_shapes_graph_compose_and_terminate ... ok
2026-10-09T01:33:30.6906383Z 
2026-10-09T01:33:30.6906683Z test result: ok. 7 passed; 0 failed; 0 ignored; 0 measured; 0 filtered out; finished in 0.00s
2026-10-09T01:33:30.6906971Z 
2026-10-09T01:33:30.6910040Z [1m[92m     Running[0m tests/target_discovery.rs (target/debug/build/purrdf-shapes/7c2977809e538830/out/target_discovery-7c2977809e538830)
2026-10-09T01:33:30.6920122Z 
2026-10-09T01:33:30.6920219Z running 4 tests
2026-10-09T01:33:30.6930305Z test missing_mandatory_targets_preserve_discovered_shapes_without_focus_nodes ... ok
2026-10-09T01:33:30.6946058Z test parameterized_targets_discover_untyped_node_and_standalone_property_shapes ... ok
2026-10-09T01:33:30.6946582Z test plain_targets_discover_untyped_node_and_standalone_property_shapes ... ok
2026-10-09T01:33:30.6959590Z test calendar_constructor_filters_preserve_sparql_target_focus_nodes ... ok
2026-10-09T01:33:30.6959868Z 
2026-10-09T01:33:30.6960168Z test result: ok. 4 passed; 0 failed; 0 ignored; 0 measured; 0 filtered out; finished in 0.00s
2026-10-09T01:33:30.6960455Z 
2026-10-09T01:33:30.6963643Z [1m[92m     Running[0m tests/target_parameters.rs (target/debug/build/purrdf-shapes/d66d9475902ff3d5/out/target_parameters-d66d9475902ff3d5)
2026-10-09T01:33:30.6973651Z 
2026-10-09T01:33:30.6973980Z running 7 tests
2026-10-09T01:33:30.6987719Z test repeated_target_parameter_values_are_errors_even_on_inactive_instances ... ok
2026-10-09T01:33:30.6995924Z test omitted_optional_target_parameter_stays_unbound ... ok
2026-10-09T01:33:30.6996575Z test false_optional_markers_and_absent_metadata_keep_target_parameters_mandatory ... ok
2026-10-09T01:33:30.7002402Z test supplied_optional_target_parameter_filters_the_focus_set ... ok
2026-10-09T01:33:30.7002852Z test target_optional_metadata_requires_one_boolean ... ok
2026-10-09T01:33:30.7003142Z test missing_mandatory_target_parameter_contributes_no_focus_nodes ... ok
2026-10-09T01:33:30.7003412Z test target_parameter_values_cannot_be_blank_nodes ... ok
2026-10-09T01:33:30.7003544Z 
2026-10-09T01:33:30.7003752Z test result: ok. 7 passed; 0 failed; 0 ignored; 0 measured; 0 filtered out; finished in 0.00s
2026-10-09T01:33:30.7003938Z 
2026-10-09T01:33:30.7006221Z [1m[92m     Running[0m tests/text_dataset_path_equivalence.rs (target/debug/build/purrdf-shapes/f386f060a696c04e/out/text_dataset_path_equivalence-f386f060a696c04e)
2026-10-09T01:33:30.7016459Z 
2026-10-09T01:33:30.7016541Z running 16 tests
2026-10-09T01:33:30.7027042Z test empty_data_and_shapes_agree ... ok
2026-10-09T01:33:30.7030532Z test cardinality_min_max_count_agrees ... ok
2026-10-09T01:33:30.7030858Z test and_or_xone_logical_constraints_agree ... ok
2026-10-09T01:33:30.7031152Z test inverse_path_agrees ... ok
2026-10-09T01:33:30.7034069Z test datatype_and_pattern_constraints_agree ... ok
2026-10-09T01:33:30.7034411Z test multi_focus_determinism_agrees ... ok
2026-10-09T01:33:30.7034720Z test node_shape_recursion_agrees ... ok
2026-10-09T01:33:30.7035322Z test reifier_shape_over_rdf12_triple_term_agrees ... ok
2026-10-09T01:33:30.7038120Z test sh_class_target_objects_of_agrees ... ok
2026-10-09T01:33:30.7042270Z test subclass_closure_agrees ... ok
2026-10-09T01:33:30.7046420Z test target_class_min_count_conforming_agrees ... ok
2026-10-09T01:33:30.7046664Z test target_class_min_count_violation_agrees ... ok
2026-10-09T01:33:30.7046869Z test sparql_constraint_agrees ... ok
2026-10-09T01:33:30.7047043Z test target_node_explicit_agrees ... ok
2026-10-09T01:33:30.7047233Z test target_subjects_objects_of_agrees ... ok
2026-10-09T01:33:30.7048421Z test sparql_target_agrees ... ok
2026-10-09T01:33:30.7048531Z 
2026-10-09T01:33:30.7048723Z test result: ok. 16 passed; 0 failed; 0 ignored; 0 measured; 0 filtered out; finished in 0.00s
2026-10-09T01:33:30.7048909Z 
2026-10-09T01:33:30.7052774Z [1m[92m     Running[0m tests/unique_values_for.rs (target/debug/build/purrdf-shapes/fcb978ee93dd0f64/out/unique_values_for-fcb978ee93dd0f64)
2026-10-09T01:33:30.7062453Z 
2026-10-09T01:33:30.7062533Z running 11 tests
2026-10-09T01:33:30.7071938Z test a_property_shape_without_targets_has_nothing_to_collide_with ... ok
2026-10-09T01:33:30.7073801Z test a_property_shape_compares_its_value_nodes_with_its_targets ... ok
2026-10-09T01:33:30.7074358Z test a_node_with_no_values_for_any_property_gets_no_result ... ok
2026-10-09T01:33:30.7075171Z test a_list_of_properties_compares_the_whole_tuple ... ok
2026-10-09T01:33:30.7075777Z test a_shape_reached_through_sh_node_keeps_its_own_targets ... ok
2026-10-09T01:33:30.7076989Z test an_ill_typed_parameter_is_refused_and_iris_load ... ok
2026-10-09T01:33:30.7078044Z test every_target_sharing_a_value_is_reported_and_a_non_target_is_not_compared ... ok
2026-10-09T01:33:30.7078570Z test literal_matching_is_exact ... ok
2026-10-09T01:33:30.7079530Z test changing_one_focus_nodes_value_revalidates_another ... ok
2026-10-09T01:33:30.7080099Z test the_prepared_focus_node_apis_compare_against_the_full_target_set ... ok
2026-10-09T01:33:30.7081599Z test values_are_compared_as_whole_sets ... ok
2026-10-09T01:33:30.7081721Z 
2026-10-09T01:33:30.7081914Z test result: ok. 11 passed; 0 failed; 0 ignored; 0 measured; 0 filtered out; finished in 0.00s
2026-10-09T01:33:30.7082097Z 
2026-10-09T01:33:30.7085357Z [1m[92m     Running[0m tests/values_default_compliance.rs (target/debug/build/purrdf-shapes/67da371062feb447/out/values_default_compliance-67da371062feb447)
2026-10-09T01:33:30.7095802Z 
2026-10-09T01:33:30.7095884Z running 15 tests
2026-10-09T01:33:30.7114312Z test a_literal_expected_predicate_is_refused_and_an_iri_loads ... ok
2026-10-09T01:33:30.7134448Z test a_parameter_declarations_default_value_is_documentation ... ok
2026-10-09T01:33:30.7135110Z test default_value_applies_only_when_the_value_set_is_empty ... ok
2026-10-09T01:33:30.7135536Z test a_derived_triple_a_rule_also_infers_is_kept ... ok
2026-10-09T01:33:30.7135953Z test default_value_is_not_added_when_values_produced_a_node ... ok
2026-10-09T01:33:30.7136383Z test a_prepared_product_carries_computed_values ... ok
2026-10-09T01:33:30.7136803Z test extension_usage_reads_the_sparql_inside_computed_values ... ok
2026-10-09T01:33:30.7149564Z test function_resolution_reports_the_calls_inside_computed_values ... ok
2026-10-09T01:33:30.7150281Z test default_value_is_a_derived_value_for_the_rules ... ok
2026-10-09T01:33:30.7150749Z test a_deleted_derived_triple_takes_its_reifier_with_it ... ok
2026-10-09T01:33:30.7155615Z test expected_predicate_makes_the_derived_triples_visible_to_the_rule ... ok
2026-10-09T01:33:30.7155934Z test sht_compliance_is_manifest_metadata_and_changes_nothing ... ok
2026-10-09T01:33:30.7156229Z test values_is_evaluated_at_the_focus_node_and_its_output_is_checked ... ok
2026-10-09T01:33:30.7156514Z test values_adds_the_expression_output_to_the_path_values ... ok
2026-10-09T01:33:30.7193658Z test sh_compliance_is_not_a_shacl_term_and_is_refused ... ok
2026-10-09T01:33:30.7193893Z 
2026-10-09T01:33:30.7194203Z test result: ok. 15 passed; 0 failed; 0 ignored; 0 measured; 0 filtered out; finished in 0.01s
2026-10-09T01:33:30.7194405Z 
2026-10-09T01:33:30.7198394Z [1m[92m     Running[0m tests/view_graph_membership.rs (target/debug/build/purrdf-shapes/00f364d06d8b5910/out/view_graph_membership-00f364d06d8b5910)
2026-10-09T01:33:30.7205829Z 
2026-10-09T01:33:30.7205919Z running 1 test
2026-10-09T01:33:30.7209100Z test shacl_views_answer_membership_like_their_enumeration ... ok
2026-10-09T01:33:30.7209354Z 
2026-10-09T01:33:30.7209670Z test result: ok. 1 passed; 0 failed; 0 ignored; 0 measured; 0 filtered out; finished in 0.00s
2026-10-09T01:33:30.7209959Z 
2026-10-09T01:33:30.7211271Z [1m[92m     Running[0m tests/vocabulary_import_invariance.rs (target/debug/build/purrdf-shapes/13993cdb55011108/out/vocabulary_import_invariance-13993cdb55011108)
2026-10-09T01:33:30.7221068Z 
2026-10-09T01:33:30.7221149Z running 2 tests
2026-10-09T01:33:30.7310059Z test the_vocabulary_alone_indexes_and_registers_nothing ... ok
2026-10-09T01:33:38.9175297Z test merging_the_vocabulary_changes_no_answer ... ok
2026-10-09T01:33:38.9175758Z 
2026-10-09T01:33:38.9176363Z test result: ok. 2 passed; 0 failed; 0 ignored; 0 measured; 0 filtered out; finished in 8.20s
2026-10-09T01:33:38.9176676Z 
2026-10-09T01:33:38.9187332Z [1m[92m     Running[0m tests/w3c12_conformance.rs (target/debug/build/purrdf-shapes/12bce6dbc1139ee7/out/w3c12_conformance-12bce6dbc1139ee7)
2026-10-09T01:33:38.9200926Z 
2026-10-09T01:33:38.9201098Z running 16 tests
2026-10-09T01:33:38.9223267Z test a_stale_unlisted_file_delta_is_refused ... ok
2026-10-09T01:33:38.9235764Z test canonical_substitution_is_scoped_to_the_table ... ok
2026-10-09T01:33:38.9236284Z test comparator_is_exact_term_equality ... ok
2026-10-09T01:33:38.9236773Z test comparator_order_and_cardinality ... ok
2026-10-09T01:33:38.9237375Z test engine_emits_the_canonical_decimal_lexical_form ... ok
2026-10-09T01:33:38.9245741Z test the_grader_grades_result_annotations_both_ways ... ok
2026-10-09T01:33:39.0049644Z test a_listed_entry_is_never_amended ... ok
2026-10-09T01:33:39.0095480Z test non_canonical_expectations_are_really_non_canonical ... ok
2026-10-09T01:33:39.0096056Z test the_grader_grades_the_source_shape_both_ways ... ok
2026-10-09T01:33:39.0113311Z test the_grader_grades_sh_detail_where_it_is_stated ... ok
2026-10-09T01:33:39.0775626Z test every_planned_inventory_id_passes ... ok
2026-10-09T01:33:39.0888267Z test unlisted_file_deltas_are_exact ... ok
2026-10-09T01:33:39.0888812Z test xfail_ledger_is_empty ... ok
2026-10-09T01:33:39.1156119Z test validator_001_passes_in_both_suites_with_no_import_supplied ... ok
2026-10-09T01:33:39.1485410Z test w3c_shacl12_unlisted_vendored_files ... ok
2026-10-09T01:33:39.1975363Z test w3c_shacl12_conformance ... ok
2026-10-09T01:33:39.1975552Z 
2026-10-09T01:33:39.1975878Z test result: ok. 16 passed; 0 failed; 0 ignored; 0 measured; 0 filtered out; finished in 0.28s
2026-10-09T01:33:39.1976133Z 
2026-10-09T01:33:39.1984658Z [1m[92m     Running[0m tests/w3c_conformance.rs (target/debug/build/purrdf-shapes/c2a72564b3c76a51/out/w3c_conformance-c2a72564b3c76a51)
2026-10-09T01:33:39.1997645Z 
2026-10-09T01:33:39.1997734Z running 2 tests
2026-10-09T01:33:39.2015049Z test w3c_shacl_proposed_unincluded_files ... ok
2026-10-09T01:33:39.2570618Z test w3c_shacl_conformance ... ok
2026-10-09T01:33:39.2570755Z 
2026-10-09T01:33:39.2571216Z test result: ok. 2 passed; 0 failed; 0 ignored; 0 measured; 0 filtered out; finished in 0.06s
2026-10-09T01:33:39.2571418Z 
2026-10-09T01:33:39.2576157Z [1m[92m     Running[0m tests/xpath_bundle.rs (target/debug/build/purrdf-shapes/87d86f08b5443b2b/out/xpath_bundle-87d86f08b5443b2b)
2026-10-09T01:33:39.2585047Z 
2026-10-09T01:33:39.2585126Z running 4 tests
2026-10-09T01:33:39.2587934Z test current_source_limits_are_not_replaced_by_a_bundles_default ... ok
2026-10-09T01:33:39.2588455Z test grammar_differences_are_executed_by_the_selected_native_home ... ok
2026-10-09T01:33:39.2589022Z test incompatible_override_is_typed_and_the_same_law_is_an_admitted_neighbor ... ok
2026-10-09T01:33:39.2589441Z test dated_bundles_resolve_to_their_native_laws_and_finite_limits ... ok
2026-10-09T01:33:39.2589676Z 
2026-10-09T01:33:39.2589931Z test result: ok. 4 passed; 0 failed; 0 ignored; 0 measured; 0 filtered out; finished in 0.00s
2026-10-09T01:33:39.2590112Z 
2026-10-09T01:33:39.2590576Z [1m[92m     Running[0m tests/scanner_boundary_sweep.rs (target/debug/build/purrdf-shex/d0c4c75b1a058e8c/out/scanner_boundary_sweep-d0c4c75b1a058e8c)
2026-10-09T01:33:39.2597656Z 
2026-10-09T01:33:39.2597735Z running 13 tests
2026-10-09T01:33:39.2599886Z test a_shape_map_literal_admits_a_raw_tab_and_refuses_a_raw_newline ... ok
2026-10-09T01:33:39.2600371Z test an_internal_dot_stays_in_the_name_and_a_trailing_run_does_not ... ok
2026-10-09T01:33:39.2600660Z test offence_is_a_property_of_the_position ... ok
2026-10-09T01:33:39.2601027Z test the_full_shape_map_scanner_sweep ... ignored, the whole 1,114,112-scalar space; the boundary corpus is the gated lane
2026-10-09T01:33:39.2615611Z test the_full_shexc_scanner_sweep ... ignored, the whole 1,114,112-scalar space; the boundary corpus is the gated lane
2026-10-09T01:33:39.2622875Z test the_locally_transcribed_ranges_are_the_snapshotted_ones ... ok
2026-10-09T01:33:39.2623591Z test the_shape_map_iriref_body_stops_at_the_scalars_the_production_excludes ... ok
2026-10-09T01:33:39.2681769Z test the_ogham_space_mark_is_the_only_whitespace_name_character ... ok
2026-10-09T01:33:39.2815295Z test the_byte_order_mark_is_a_lawful_name_character ... ok
2026-10-09T01:33:39.2855283Z test the_zero_width_joiners_are_lawful_and_their_neighbours_are_not ... ok
2026-10-09T01:33:39.3019466Z test the_shape_map_scanner_reads_where_the_productions_say ... ok
2026-10-09T01:33:39.3118557Z test the_shexc_scanner_splits_where_the_productions_say ... ok
2026-10-09T01:33:39.3463611Z test the_corpus_covers_every_boundary_and_all_of_unicode_whitespace ... ok
2026-10-09T01:33:39.3463981Z 
2026-10-09T01:33:39.3464427Z test result: ok. 11 passed; 0 failed; 2 ignored; 0 measured; 0 filtered out; finished in 0.09s
2026-10-09T01:33:39.3464615Z 
2026-10-09T01:33:39.3465922Z [1m[92m     Running[0m tests/semact_unit.rs (target/debug/build/purrdf-shex/be265c04c650429e/out/semact_unit-be265c04c650429e)
2026-10-09T01:33:39.3474922Z 
2026-10-09T01:33:39.3475118Z running 11 tests
2026-10-09T01:33:39.3478233Z test custom_extension_can_veto ... ok
2026-10-09T01:33:39.3478573Z test default_registry_ignores_actions ... ok
2026-10-09T01:33:39.3479255Z test custom_extension_fires_once_per_matched_arc_with_value_and_predicate ... ok
2026-10-09T01:33:39.3479759Z test group_act_in_unselected_oneof_branch_does_not_fire ... ok
2026-10-09T01:33:39.3480186Z test group_act_on_zero_rep_optional_group_does_not_fire ... ok
2026-10-09T01:33:39.3480616Z test group_act_on_matched_group_print_still_conforms ... ok
2026-10-09T01:33:39.3480979Z test group_act_on_matched_group_fires ... ok
2026-10-09T01:33:39.3481267Z test shape_action_fail_fails ... ok
2026-10-09T01:33:39.3481564Z test unregistered_extension_is_inert ... ok
2026-10-09T01:33:39.3481861Z test start_action_fail_fails ... ok
2026-10-09T01:33:39.3482180Z test triple_constraint_print_passes_fail_fails ... ok
2026-10-09T01:33:39.3482410Z 
2026-10-09T01:33:39.3482725Z test result: ok. 11 passed; 0 failed; 0 ignored; 0 measured; 0 filtered out; finished in 0.00s
2026-10-09T01:33:39.3483025Z 
2026-10-09T01:33:39.3484242Z [1m[92m     Running[0m tests/shapemap_unit.rs (target/debug/build/purrdf-shex/96752f8af6d21b9e/out/shapemap_unit-96752f8af6d21b9e)
2026-10-09T01:33:39.3492949Z 
2026-10-09T01:33:39.3493033Z running 26 tests
2026-10-09T01:33:39.3495234Z test a_decoded_uchar_is_judged_as_an_iri_not_as_iriref_source ... ok
2026-10-09T01:33:39.3496048Z test a_keyword_shaped_prefix_is_read_as_a_prefixed_name ... ok
2026-10-09T01:33:39.3496547Z test a_literal_datatype_is_diagnosed_as_an_iri_position ... ok
2026-10-09T01:33:39.3497028Z test a_malformed_iri_uchar_is_refused_rather_than_absorbed ... ok
2026-10-09T01:33:39.3497466Z test a_label_from_the_import_closure_counts_as_declared ... ok
2026-10-09T01:33:39.3497895Z test a_map_naming_start_on_a_startless_schema_is_refused ... ok
2026-10-09T01:33:39.3498405Z test a_map_naming_an_undeclared_shape_is_refused_not_answered_nonconformant ... ok
2026-10-09T01:33:39.3498974Z test a_prefixed_name_is_refused_with_the_grammar_reason_in_every_iri_position ... ok
2026-10-09T01:33:39.3499518Z test an_iri_uchar_escape_decodes_to_the_same_iri_as_the_plain_spelling ... ok
2026-10-09T01:33:39.3499938Z test anchored_subject_selects_its_objects ... ok
2026-10-09T01:33:39.3500400Z test an_undeclared_shape_is_refused_even_when_the_selector_matches_nothing ... ok
2026-10-09T01:33:39.3500809Z test focus_object_selects_objects ... ok
2026-10-09T01:33:39.3501143Z test focus_subject_selects_subjects_deduped ... ok
2026-10-09T01:33:39.3501531Z test focus_typed_subjects ... ok
2026-10-09T01:33:39.3501813Z test parses_nested_triple_term ... ok
2026-10-09T01:33:39.3502113Z test parses_query_and_explicit_forms ... ok
2026-10-09T01:33:39.3502403Z test parses_triple_term ... ok
2026-10-09T01:33:39.3502733Z test parses_triple_term_tolerates_extra_whitespace ... ok
2026-10-09T01:33:39.3503179Z test reifier_syntax_is_refused_not_read_as_a_triple_term ... ok
2026-10-09T01:33:39.3503677Z test parses_triple_term_with_blank_and_literal_positions ... ok
2026-10-09T01:33:39.3504089Z test relative_selector_with_no_base_is_refused ... ok
2026-10-09T01:33:39.3504414Z test resolve_then_validate ... ok
2026-10-09T01:33:39.3504803Z test the_admitted_forms_are_untouched_by_the_prefixed_name_check ... ok
2026-10-09T01:33:39.3505362Z test the_refusal_quotes_the_offending_prefixed_name ... ok
2026-10-09T01:33:39.3505740Z test triple_term_requires_closing_delimiter ... ok
2026-10-09T01:33:39.3506076Z test unknown_predicate_selects_nothing ... ok
2026-10-09T01:33:39.3506290Z 
2026-10-09T01:33:39.3506599Z test result: ok. 26 passed; 0 failed; 0 ignored; 0 measured; 0 filtered out; finished in 0.00s
2026-10-09T01:33:39.3506887Z 
2026-10-09T01:33:39.3507653Z [1m[92m     Running[0m tests/shexc_roundtrip.rs (target/debug/build/purrdf-shex/c9a5eafde96b860c/out/shexc_roundtrip-c9a5eafde96b860c)
2026-10-09T01:33:39.3514754Z 
2026-10-09T01:33:39.3514837Z running 2 tests
2026-10-09T01:33:39.3525664Z test diverse_documents_round_trip ... ok
2026-10-09T01:33:39.3585943Z test schemas_shexc_round_trip ... ok
2026-10-09T01:33:39.3586140Z 
2026-10-09T01:33:39.3586454Z test result: ok. 2 passed; 0 failed; 0 ignored; 0 measured; 0 filtered out; finished in 0.01s
2026-10-09T01:33:39.3586821Z 
2026-10-09T01:33:39.3588298Z [1m[92m     Running[0m tests/shexj_roundtrip.rs (target/debug/build/purrdf-shex/b14147c9cbbd1b54/out/shexj_roundtrip-b14147c9cbbd1b54)
2026-10-09T01:33:39.3595623Z 
2026-10-09T01:33:39.3595933Z running 2 tests
2026-10-09T01:33:39.3611585Z test diverse_documents_round_trip ... ok
2026-10-09T01:33:39.3703806Z test ground_truth_corpus_round_trips ... ok
2026-10-09T01:33:39.3703932Z 
2026-10-09T01:33:39.3704133Z test result: ok. 2 passed; 0 failed; 0 ignored; 0 measured; 0 filtered out; finished in 0.01s
2026-10-09T01:33:39.3704326Z 
2026-10-09T01:33:39.3706570Z [1m[92m     Running[0m tests/statement_layer_unit.rs (target/debug/build/purrdf-shex/f248ad05e1c8fdef/out/statement_layer_unit-f248ad05e1c8fdef)
2026-10-09T01:33:39.3714785Z 
2026-10-09T01:33:39.3714884Z running 17 tests
2026-10-09T01:33:39.3718439Z test inverse_arcs_over_an_ordinary_predicate_are_unchanged ... ok
2026-10-09T01:33:39.3718931Z test closed_over_a_reifier_no_longer_passes_vacuously ... ok
2026-10-09T01:33:39.3719534Z test inverse_annotation_predicate_from_an_annotation_object_finds_the_reifier ... ok
2026-10-09T01:33:39.3719858Z test closed_over_a_reifier_conforms_once_it_mentions_the_layer ... ok
2026-10-09T01:33:39.3720302Z test inverse_rdf_reifies_from_a_triple_term_finds_its_reifiers ... ok
2026-10-09T01:33:39.3720734Z test plain_dataset_validates_unchanged ... ok
2026-10-09T01:33:39.3721150Z test merged_arcs_are_order_stable_across_repeated_validations ... ok
2026-10-09T01:33:39.3721453Z test non_reifier_focus_gains_no_statement_arcs ... ok
2026-10-09T01:33:39.3722608Z test reifier_that_is_also_an_ordinary_subject_merges_both_layers ... ok
2026-10-09T01:33:39.3723116Z test reifier_focus_matches_reifies_and_annotation_arcs ... ok
2026-10-09T01:33:39.3723869Z test reifier_focus_value_expression_sees_the_triple_term ... ok
2026-10-09T01:33:39.3724305Z test selector_over_annotation_predicate_object_direction ... ok
2026-10-09T01:33:39.3724712Z test selector_over_ordinary_predicate_is_unchanged ... ok
2026-10-09T01:33:39.3725253Z test selector_over_annotation_predicate_selects_reifiers ... ok
2026-10-09T01:33:39.3725528Z test selector_over_annotation_predicate_with_object_anchor ... ok
2026-10-09T01:33:39.3725795Z test selector_over_rdf_reifies_both_directions ... ok
2026-10-09T01:33:39.3726031Z test validate_with_default_options_matches_validate ... ok
2026-10-09T01:33:39.3726165Z 
2026-10-09T01:33:39.3726358Z test result: ok. 17 passed; 0 failed; 0 ignored; 0 measured; 0 filtered out; finished in 0.00s
2026-10-09T01:33:39.3726571Z 
2026-10-09T01:33:39.3727235Z [1m[92m     Running[0m tests/syntax_conformance.rs (target/debug/build/purrdf-shex/fd7b652597cbc70e/out/syntax_conformance-fd7b652597cbc70e)
2026-10-09T01:33:39.3733927Z 
2026-10-09T01:33:39.3734006Z running 6 tests
2026-10-09T01:33:39.3776028Z test negative_structure_all_parse_then_fail_structure ... ok
2026-10-09T01:33:39.3776518Z test negative_syntax_all_rejected ... ok
2026-10-09T01:33:39.3777107Z test the_corpus_relative_shexj_document_resolves_exactly_as_its_shexc_twin ... ok
2026-10-09T01:33:39.3785748Z test schemas_shexc_all_parse ... ok
2026-10-09T01:33:39.3852425Z test schemas_shexj_all_parse ... ok
2026-10-09T01:33:39.3862675Z test schemas_shexc_matches_shexj_ground_truth ... ok
2026-10-09T01:33:39.3862899Z 
2026-10-09T01:33:39.3863211Z test result: ok. 6 passed; 0 failed; 0 ignored; 0 measured; 0 filtered out; finished in 0.01s
2026-10-09T01:33:39.3863465Z 
2026-10-09T01:33:39.3865310Z [1m[92m     Running[0m tests/terminal_classes_unit.rs (target/debug/build/purrdf-shex/7a0cee367dbccad5/out/terminal_classes_unit-7a0cee367dbccad5)
2026-10-09T01:33:39.3873906Z 
2026-10-09T01:33:39.3873986Z running 15 tests
2026-10-09T01:33:39.3876521Z test shape_map_keywords_abut_their_grammatical_follow_characters ... ok
2026-10-09T01:33:39.3876983Z test shape_map_bounds_a_blank_node_label_with_pn_chars ... ok
2026-10-09T01:33:39.3877569Z test shape_map_language_tags_follow_the_langtag_production ... ok
2026-10-09T01:33:39.3878244Z test a_no_break_space_separator_never_reaches_a_validation_result ... ok
2026-10-09T01:33:39.3878534Z test shape_map_quotes_a_decomposed_prefixed_name_verbatim ... ok
2026-10-09T01:33:39.3926458Z test shape_map_refuses_a_keyword_spliced_out_of_a_name ... ok
2026-10-09T01:33:39.3927089Z test shape_map_still_separates_terminals_with_the_four_ws_scalars ... ok
2026-10-09T01:33:39.3927920Z [1m[92m     Running[0m tests/triple_term_refusal.rs (target/debug/build/purrdf-shex/06847f9b6cea662f/out/triple_term_refusal-06847f9b6cea662f)
2026-10-09T01:33:39.3928739Z [1m[92m     Running[0m tests/validate_shape_map_unit.rs (target/debug/build/purrdf-shex/441a9db678d0d20a/out/validate_shape_map_unit-441a9db678d0d20a)
2026-10-09T01:33:39.3929374Z [1m[92m     Running[0m tests/validate_unit.rs (target/debug/build/purrdf-shex/c729b976e1bb2a6f/out/validate_unit-c729b976e1bb2a6f)
2026-10-09T01:33:39.3929926Z test shexc_accepts_middle_dot_inside_a_shape_label ... ok
2026-10-09T01:33:39.3930167Z test shape_map_refuses_form_feed_but_not_tab ... ok
2026-10-09T01:33:39.3930414Z test shexc_keeps_ogham_space_mark_inside_one_name_token ... ok
2026-10-09T01:33:39.3930700Z test shexc_refuses_form_feed_which_is_ascii_whitespace_but_not_ws ... ok
2026-10-09T01:33:39.3930993Z test shexc_still_separates_terminals_with_the_four_ws_scalars ... ok
2026-10-09T01:33:39.3931305Z test shape_map_refuses_every_unicode_whitespace_the_production_does_not_name ... ok
2026-10-09T01:33:39.3931639Z test shexc_accepts_a_combining_mark_in_a_shape_label_in_both_normal_forms ... ok
2026-10-09T01:33:39.3931967Z test shexc_refuses_every_unicode_whitespace_the_production_does_not_name ... ok
2026-10-09T01:33:39.3932141Z 
2026-10-09T01:33:39.3932332Z test result: ok. 15 passed; 0 failed; 0 ignored; 0 measured; 0 filtered out; finished in 0.00s
2026-10-09T01:33:39.3932521Z 
2026-10-09T01:33:39.3932524Z 
2026-10-09T01:33:39.3932582Z running 4 tests
2026-10-09T01:33:39.3932783Z test reifier_syntax_in_a_value_set_is_refused_precisely ... ok
2026-10-09T01:33:39.3933068Z test triple_term_syntax_as_a_node_constraint_is_refused_precisely ... ok
2026-10-09T01:33:39.3933353Z test triple_term_syntax_in_a_value_set_is_refused_precisely ... ok
2026-10-09T01:33:39.3933579Z test valid_neighbours_still_parse ... ok
2026-10-09T01:33:39.3933684Z 
2026-10-09T01:33:39.3933867Z test result: ok. 4 passed; 0 failed; 0 ignored; 0 measured; 0 filtered out; finished in 0.00s
2026-10-09T01:33:39.3934046Z 
2026-10-09T01:33:39.3934049Z 
2026-10-09T01:33:39.3934101Z running 3 tests
2026-10-09T01:33:39.3934250Z test parse_error_is_a_hard_err ... ok
2026-10-09T01:33:39.3934445Z test explicit_node_association_conforms ... ok
2026-10-09T01:33:39.3934661Z test query_selector_yields_mixed_conformance ... ok
2026-10-09T01:33:39.3934783Z 
2026-10-09T01:33:39.3935099Z test result: ok. 3 passed; 0 failed; 0 ignored; 0 measured; 0 filtered out; finished in 0.00s
2026-10-09T01:33:39.3935388Z 
2026-10-09T01:33:39.3936234Z 
2026-10-09T01:33:39.3936311Z running 20 tests
2026-10-09T01:33:39.3939531Z test bnode_focus_by_label ... ok
2026-10-09T01:33:39.3939853Z test closed_forbids_unmentioned_predicates ... ok
2026-10-09T01:33:39.3940172Z test boolean_algebra_and_start ... ok
2026-10-09T01:33:39.3940471Z test cyclic_data_conforms_coinductively ... ok
2026-10-09T01:33:39.3940824Z test eachof_partition_with_repeated_predicates ... ok
2026-10-09T01:33:39.3941239Z test detached_focus_validates_against_empty_neighbourhood ... ok
2026-10-09T01:33:39.3942460Z test datatype_requires_lexical_validity ... ok
2026-10-09T01:33:39.3942812Z test extra_tolerates_failing_and_vapid_values ... ok
2026-10-09T01:33:39.3945573Z test external_shapes_use_the_resolver_hook ... ok
2026-10-09T01:33:39.3945938Z test facets_apply_to_iri_and_bnode_lexical_forms ... ok
2026-10-09T01:33:39.3946234Z test numeric_facets_promote_across_types ... ok
2026-10-09T01:33:39.3946472Z test inverse_triple_constraint_matches_arcs_in ... ok
2026-10-09T01:33:39.3946809Z test language_stems_use_rfc4647_basic_filtering ... ok
2026-10-09T01:33:39.3947388Z test oneof_choice_with_group_repetition ... ok
2026-10-09T01:33:39.3948728Z test node_kind_families ... ok
2026-10-09T01:33:39.3949008Z test pattern_facet_is_partial_match ... ok
2026-10-09T01:33:39.3949304Z test value_set_stems_and_exclusions ... ok
2026-10-09T01:33:39.3949593Z test recursion_over_a_linked_list ... ok
2026-10-09T01:33:39.3949886Z test string_facets_count_scalar_values ... ok
2026-10-09T01:33:39.3961524Z test pattern_facet_xsd_dialect_through_shexj ... ok
2026-10-09T01:33:39.3961655Z 
2026-10-09T01:33:39.3961842Z test result: ok. 20 passed; 0 failed; 0 ignored; 0 measured; 0 filtered out; finished in 0.00s
2026-10-09T01:33:39.3962028Z 
2026-10-09T01:33:39.3964613Z [1m[92m     Running[0m tests/validation_conformance.rs (target/debug/build/purrdf-shex/f0121f696d530c56/out/validation_conformance-f0121f696d530c56)
2026-10-09T01:33:39.3973642Z 
2026-10-09T01:33:39.3973843Z running 1 test
2026-10-09T01:33:39.4589852Z test validation_conformance ... ok
2026-10-09T01:33:39.4600500Z 
2026-10-09T01:33:39.4600733Z test result: ok. 1 passed; 0 failed; 0 ignored; 0 measured; 0 filtered out; finished in 0.06s
2026-10-09T01:33:39.4600934Z 
2026-10-09T01:33:39.4604046Z [1m[92m     Running[0m tests/scanner_boundary_sweep.rs (target/debug/build/purrdf-sparql-algebra/51bfc5b37f0d2105/out/scanner_boundary_sweep-51bfc5b37f0d2105)
2026-10-09T01:33:39.4611479Z 
2026-10-09T01:33:39.4611560Z running 13 tests
2026-10-09T01:33:39.4635444Z test an_internal_dot_stays_in_the_name_and_a_trailing_run_does_not ... ok
2026-10-09T01:33:39.4665387Z test offence_is_a_property_of_the_position ... ok
2026-10-09T01:33:39.4666133Z test the_full_sparql_scanner_sweep ... ignored, the whole 1,114,112-scalar space; the boundary corpus is the gated lane
2026-10-09T01:33:39.4695613Z test the_full_turtle_scanner_sweep ... ignored, the whole 1,114,112-scalar space; the boundary corpus is the gated lane
2026-10-09T01:33:39.4725344Z test the_lexer_munches_a_language_tag_and_the_parser_validates_it ... ok
2026-10-09T01:33:39.4725932Z test the_byte_order_mark_is_a_lawful_name_character ... ok
2026-10-09T01:33:39.4755356Z test the_ogham_space_mark_is_the_only_whitespace_name_character ... ok
2026-10-09T01:33:39.5125701Z test the_derived_ranges_are_the_snapshotted_ones ... ok
2026-10-09T01:33:39.5227556Z test the_sparql_scanner_splits_where_the_productions_say ... ok
2026-10-09T01:33:39.5311901Z test the_zero_width_joiners_are_lawful_and_their_neighbours_are_not ... ok
2026-10-09T01:33:39.5315416Z test the_turtle_scanner_splits_where_the_productions_say ... ok
2026-10-09T01:33:39.5452707Z test the_corpus_covers_every_boundary_and_all_of_unicode_whitespace ... ok
2026-10-09T01:33:39.5534912Z test the_two_scan_entry_points_differ_only_in_the_slash ... ok
2026-10-09T01:33:39.5535193Z 
2026-10-09T01:33:39.5535394Z test result: ok. 11 passed; 0 failed; 2 ignored; 0 measured; 0 filtered out; finished in 0.09s
2026-10-09T01:33:39.5535596Z 
2026-10-09T01:33:39.5537532Z [1m[92m     Running[0m tests/scope_candidates.rs (target/debug/build/purrdf-sparql-algebra/1315f1eb169cd772/out/scope_candidates-1315f1eb169cd772)
2026-10-09T01:33:39.5543765Z 
2026-10-09T01:33:39.5543839Z running 13 tests
2026-10-09T01:33:39.5585679Z test recursive_term_claims_are_explicitly_unavailable ... ok
2026-10-09T01:33:39.5605441Z test ordinary_projection_and_graph_name_claims_are_explicitly_unavailable ... ok
2026-10-09T01:33:39.5605940Z scope_layout pointer_bytes=8 type=Variable bytes=16
2026-10-09T01:33:39.5606323Z scope_layout pointer_bytes=8 type=Binder bytes=12
2026-10-09T01:33:39.5606697Z scope_layout pointer_bytes=8 type=Identity bytes=40
2026-10-09T01:33:39.5607061Z scope_layout pointer_bytes=8 type=Atom bytes=64
2026-10-09T01:33:39.5607423Z scope_layout pointer_bytes=8 type=Contract bytes=72
2026-10-09T01:33:39.5607821Z scope_layout pointer_bytes=8 type=Evidence bytes=312
2026-10-09T01:33:39.5645509Z test structural_candidates_have_demonstrated_proof_limits ... ok
2026-10-09T01:33:39.5665373Z test copied_source_provenance_has_explicit_admission_boundaries ... ok
2026-10-09T01:33:39.5675553Z test template_graph_and_predicate_positions_have_explicit_proof_boundaries ... ok
2026-10-09T01:33:39.5676120Z test query_head_observers_have_explicit_proof_boundaries ... ok
2026-10-09T01:33:39.5676612Z test every_intentional_hazard_violates_the_frozen_contract ... ok
2026-10-09T01:33:39.5677089Z test every_legal_control_is_admitted_by_all_candidates ... ok
2026-10-09T01:33:39.5677512Z test property_partitions_cover_every_hazard ... ok
2026-10-09T01:33:39.6055928Z test intentional_hazards_survive_consistent_reencoding ... ok
2026-10-09T01:33:39.6299976Z test all_measured_inputs_are_stack_safe_and_reusable ... ok
2026-10-09T01:33:39.6462702Z test template_and_values_categories_survive_row_variation_and_binder_renumbering ... ok
2026-10-09T01:33:39.6889234Z test distribution_and_alpha_renaming_preserve_frozen_relationships ... ok
2026-10-09T01:33:39.6889532Z 
2026-10-09T01:33:39.6890235Z test result: ok. 13 passed; 0 failed; 0 ignored; 0 measured; 0 filtered out; finished in 0.13s
2026-10-09T01:33:39.6890466Z 
2026-10-09T01:33:39.6893162Z [1m[92m     Running[0m tests/scope_invariants.rs (target/debug/build/purrdf-sparql-algebra/aeb688cd29d73cfb/out/scope_invariants-aeb688cd29d73cfb)
2026-10-09T01:33:39.6903916Z 
2026-10-09T01:33:39.6904040Z running 8 tests
2026-10-09T01:33:39.6935722Z test describe_heads_report_the_target_position ... ok
2026-10-09T01:33:39.6936165Z test diagnostics_use_source_order_and_stable_node_addresses ... ok
2026-10-09T01:33:39.6936638Z test each_pattern_observer_has_a_typed_role_and_the_same_legacy_refusal ... ok
2026-10-09T01:33:39.6937987Z test nested_expression_observers_are_reached_through_every_owner ... ok
2026-10-09T01:33:39.6940143Z test match_values_quoted_terms_and_generated_unions_keep_hidden_connections ... ok
2026-10-09T01:33:39.6940797Z test template_observers_include_nested_quoted_slots_and_graph_names ... ok
2026-10-09T01:33:39.6941368Z test witness_names_do_not_capture_callers_or_other_internal_categories ... ok
2026-10-09T01:33:39.7175952Z test a_hundred_thousand_nested_scopes_are_checked_on_a_small_stack ... ok
2026-10-09T01:33:39.7176120Z 
2026-10-09T01:33:39.7176316Z test result: ok. 8 passed; 0 failed; 0 ignored; 0 measured; 0 filtered out; finished in 0.03s
2026-10-09T01:33:39.7176502Z 
2026-10-09T01:33:39.7178845Z [1m[92m     Running[0m tests/scoped_carriers.rs (target/debug/build/purrdf-sparql-algebra/46f7e6f9f9a9a0dc/out/scoped_carriers-46f7e6f9f9a9a0dc)
2026-10-09T01:33:39.7187714Z 
2026-10-09T01:33:39.7187803Z running 9 tests
2026-10-09T01:33:39.7191082Z test concrete_blank_cells_are_legal_algebra_and_refused_before_rendering ... ok
2026-10-09T01:33:39.7191671Z test canonical_source_endpoints_reconcile_raw_siblings_through_generated_union ... ok
2026-10-09T01:33:39.7192238Z test a_shared_owner_crossing_required_braces_uses_unprojected_collision_free_names ... ok
2026-10-09T01:33:39.7192808Z test authored_blank_alias_lookalikes_and_quoted_endpoints_cannot_capture ... ok
2026-10-09T01:33:39.7195697Z test quoted_ground_cells_are_admitted_until_a_concrete_blank_occurs ... ok
2026-10-09T01:33:39.7196271Z test independent_union_owners_receive_distinct_labels_deterministically ... ok
2026-10-09T01:33:39.7196873Z test opaque_raw_labels_receive_injective_legal_aliases_and_keep_repeated_identity ... ok
2026-10-09T01:33:39.7197469Z test positive_join_leaves_keep_one_blank_and_parsed_text_keeps_existing_bytes ... ok
2026-10-09T01:33:39.7422019Z test zero_column_and_deep_positive_carriers_preserve_witness_policy ... ok
2026-10-09T01:33:39.7422300Z 
2026-10-09T01:33:39.7422611Z test result: ok. 9 passed; 0 failed; 0 ignored; 0 measured; 0 filtered out; finished in 0.02s
2026-10-09T01:33:39.7422901Z 
2026-10-09T01:33:39.7429316Z [1m[92m     Running[0m tests/serializer_nesting_roundtrip.rs (target/debug/build/purrdf-sparql-algebra/5d812ab46c954f21/out/serializer_nesting_roundtrip-5d812ab46c954f21)
2026-10-09T01:33:39.7437114Z 
2026-10-09T01:33:39.7437222Z running 21 tests
2026-10-09T01:33:39.7465606Z test a_left_associative_chain_is_written_without_brackets ... ok
2026-10-09T01:33:39.7495766Z test a_left_spine_across_precedence_levels_brackets_only_what_the_source_did ... ok
2026-10-09T01:33:39.7515297Z test a_mixed_precedence_path_round_trips ... ok
2026-10-09T01:33:39.7525494Z test a_relational_operand_is_bracketted_on_either_side ... ok
2026-10-09T01:33:39.7555442Z test a_right_nested_operand_of_the_same_level_keeps_its_bracket ... ok
2026-10-09T01:33:39.7569911Z test a_generated_property_path_round_trips ... ok
2026-10-09T01:33:39.7570383Z test a_generated_expression_round_trips ... ok
2026-10-09T01:33:39.7604359Z test a_generated_path_pattern_has_a_normalized_roundtrip ... ok
2026-10-09T01:33:39.7636508Z test a_tighter_operand_needs_no_bracket_and_a_looser_one_keeps_it ... ok
2026-10-09T01:33:39.8716039Z test a_ten_thousand_operator_chain_round_trips_flat ... ok
2026-10-09T01:33:39.8735842Z test exists_nests_inside_expressions ... ok
2026-10-09T01:33:39.9155915Z test a_ten_thousand_step_path_round_trips_flat ... ok
2026-10-09T01:33:41.0717222Z test expression_families_forward_twenty_thousand_levels_deep ... ok
2026-10-09T01:33:41.0746834Z test in_lists_hold_whole_expressions ... ok
2026-10-09T01:33:41.0749214Z test negated_forms_are_written_the_way_the_parser_builds_them ... ok
2026-10-09T01:33:41.5116421Z test chained_clause_families_forward_four_thousand_elements_long ... ok
2026-10-09T01:33:41.5117344Z test property_paths_bracket_only_where_the_grammar_needs_it ... ok
2026-10-09T01:33:41.5118079Z test unary_operators_bracket_only_a_looser_operand ... ok
2026-10-09T01:33:41.5483681Z test a_ten_thousand_arm_union_round_trips_flat ... ok
2026-10-09T01:33:41.6768113Z test property_path_families_forward_twenty_thousand_levels_deep ... ok
2026-10-09T01:33:43.7054504Z test graph_pattern_families_forward_twenty_thousand_levels_deep ... ok
2026-10-09T01:33:43.7054720Z 
2026-10-09T01:33:43.7055077Z test result: ok. 21 passed; 0 failed; 0 ignored; 0 measured; 0 filtered out; finished in 3.96s
2026-10-09T01:33:43.7055324Z 
2026-10-09T01:33:43.7103257Z [1m[92m     Running[0m tests/serializer_roundtrip_sweep.rs (target/debug/build/purrdf-sparql-algebra/0478997d4c8dffd0/out/serializer_roundtrip_sweep-0478997d4c8dffd0)
2026-10-09T01:33:43.7114833Z 
2026-10-09T01:33:43.7115230Z running 4 tests
2026-10-09T01:33:43.7118140Z test contextual_application_normalization_preserves_policy_and_aliases_every_slot ... ok
2026-10-09T01:33:43.7126320Z test hidden_alpha_oracle_refuses_collisions_splits_merges_and_ordinary_renames ... ok
2026-10-09T01:33:43.7127049Z test update_carrier_aliases_reserve_template_only_variables_in_every_slot ... ok
2026-10-09T01:33:43.7602595Z test corpus_round_trips_through_the_serializer ... ok
2026-10-09T01:33:43.7602800Z 
2026-10-09T01:33:43.7603103Z test result: ok. 4 passed; 0 failed; 0 ignored; 0 measured; 0 filtered out; finished in 0.05s
2026-10-09T01:33:43.7603404Z 
2026-10-09T01:33:43.7606391Z [1m[92m     Running[0m tests/shipped_sparql_examples.rs (target/debug/build/purrdf-sparql-algebra/1760ab42f09e7ef0/out/shipped_sparql_examples-1760ab42f09e7ef0)
2026-10-09T01:33:43.7616728Z 
2026-10-09T01:33:43.7616819Z running 1 test
2026-10-09T01:33:44.0335796Z test every_shipped_sparql_example_parses ... ok
2026-10-09T01:33:44.0335998Z 
2026-10-09T01:33:44.0336215Z test result: ok. 1 passed; 0 failed; 0 ignored; 0 measured; 0 filtered out; finished in 0.27s
2026-10-09T01:33:44.0336412Z 
2026-10-09T01:33:44.0345282Z [1m[92m     Running[0m tests/update_corpus.rs (target/debug/build/purrdf-sparql-algebra/8827a54dd048dc86/out/update_corpus-8827a54dd048dc86)
2026-10-09T01:33:44.0355969Z 
2026-10-09T01:33:44.0356323Z running 2 tests
2026-10-09T01:33:44.0358917Z test update_display_writes_literals_in_term_syntax_and_round_trips ... ok
2026-10-09T01:33:44.0360251Z test update_corpus_parses ... ok
2026-10-09T01:33:44.0360388Z 
2026-10-09T01:33:44.0360613Z test result: ok. 2 passed; 0 failed; 0 ignored; 0 measured; 0 filtered out; finished in 0.00s
2026-10-09T01:33:44.0360801Z 
2026-10-09T01:33:44.0362821Z [1m[92m     Running[0m tests/sparql10_inventory.rs (target/debug/build/purrdf-sparql-conformance/2df864a719397a41/out/sparql10_inventory-2df864a719397a41)
2026-10-09T01:33:44.0373952Z 
2026-10-09T01:33:44.0374048Z running 5 tests
2026-10-09T01:33:44.0415780Z test the_extended_sort_case_is_graded_against_the_sparql12_order ... ok
2026-10-09T01:33:44.0839948Z test the_sparql10_payload_is_registered_with_its_exact_freeze_receipt ... ok
2026-10-09T01:33:44.1605610Z test every_data_r2_leaf_and_the_root_closure_have_the_exact_pinned_inventory ... ok
2026-10-09T01:33:44.2346693Z test every_vendored_data_r2_file_is_listed_or_an_exact_unlisted_remainder ... ok
2026-10-09T01:33:44.6390098Z test a_missing_or_malformed_freeze_registry_is_refused ... ok
2026-10-09T01:33:44.6390379Z 
2026-10-09T01:33:44.6390701Z test result: ok. 5 passed; 0 failed; 0 ignored; 0 measured; 0 filtered out; finished in 0.60s
2026-10-09T01:33:44.6391004Z 
2026-10-09T01:33:44.6397974Z [1m[92m     Running[0m tests/sparql_conformance.rs (target/debug/build/purrdf-sparql-conformance/e8006d0a028a5b89/out/sparql_conformance-e8006d0a028a5b89)
2026-10-09T01:33:44.7332527Z 
2026-10-09T01:33:44.7332818Z running 74 tests
2026-10-09T01:33:44.7380765Z [suite/purrdf-property-functions/manifest.ttl] 14 passed, 0 xfail, 0 unexpected-pass, 0 failed, 0 unmodeled
2026-10-09T01:33:44.7381863Z test run_manifest_case::purrdf-property-functions/manifest.ttl ... ok
2026-10-09T01:33:44.7398836Z [suite/purrdf-list-functions/manifest.ttl] 8 passed, 0 xfail, 0 unexpected-pass, 0 failed, 0 unmodeled
2026-10-09T01:33:44.7399683Z [suite/purrdf-update/manifest.ttl] 3 passed, 0 xfail, 0 unexpected-pass, 0 failed, 0 unmodeled
2026-10-09T01:33:44.7404888Z test run_manifest_case::purrdf-list-functions/manifest.ttl ... ok
2026-10-09T01:33:44.7405756Z test run_manifest_case::purrdf-update/manifest.ttl ... ok
2026-10-09T01:33:44.7419576Z [suite/w3c-sparql10/ask/manifest.ttl] 4 passed, 0 xfail, 0 unexpected-pass, 0 failed, 0 unmodeled
2026-10-09T01:33:44.7420158Z test run_manifest_case::w3c-sparql10/ask/manifest.ttl ... ok
2026-10-09T01:33:44.7424027Z [suite/purrdf-smoke/manifest.ttl] 9 passed, 0 xfail, 0 unexpected-pass, 0 failed, 0 unmodeled
2026-10-09T01:33:44.7424563Z test run_manifest_case::purrdf-smoke/manifest.ttl ... ok
2026-10-09T01:33:44.7442307Z [suite/w3c-sparql10/bnode-coreference/manifest.ttl] 1 passed, 0 xfail, 0 unexpected-pass, 0 failed, 0 unmodeled
2026-10-09T01:33:44.7461664Z test run_manifest_case::w3c-sparql10/bnode-coreference/manifest.ttl ... ok
2026-10-09T01:33:44.7485631Z [suite/w3c-sparql10/algebra/manifest.ttl] 14 passed, 0 xfail, 0 unexpected-pass, 0 failed, 0 unmodeled
2026-10-09T01:33:44.7486243Z test run_manifest_case::w3c-sparql10/algebra/manifest.ttl ... ok
2026-10-09T01:33:44.7486852Z [suite/w3c-sparql10/bound/manifest.ttl] 1 passed, 0 xfail, 0 unexpected-pass, 0 failed, 0 unmodeled
2026-10-09T01:33:44.7534067Z [suite/w3c-sparql10/boolean-effective-value/manifest.ttl] 7 passed, 0 xfail, 0 unexpected-pass, 0 failed, 0 unmodeled
2026-10-09T01:33:44.7534866Z [suite/purrdf-extend/manifest.ttl] 56 passed, 0 xfail, 0 unexpected-pass, 0 failed, 0 unmodeled
2026-10-09T01:33:44.7535704Z [suite/w3c-sparql10/cast/manifest.ttl] 7 passed, 0 xfail, 0 unexpected-pass, 0 failed, 0 unmodeled
2026-10-09T01:33:44.7536394Z [suite/w3c-sparql10/basic/manifest.ttl] 27 passed, 0 xfail, 0 unexpected-pass, 0 failed, 0 unmodeled
2026-10-09T01:33:44.7536946Z test run_manifest_case::w3c-sparql10/bound/manifest.ttl ... ok
2026-10-09T01:33:44.7537591Z [suite/w3c-sparql10/construct/manifest.ttl] 5 passed, 0 xfail, 0 unexpected-pass, 0 failed, 0 unmodeled
2026-10-09T01:33:44.7538230Z test run_manifest_case::w3c-sparql10/boolean-effective-value/manifest.ttl ... ok
2026-10-09T01:33:44.7578760Z [suite/w3c-sparql10/distinct/manifest.ttl] 11 passed, 0 xfail, 0 unexpected-pass, 0 failed, 0 unmodeled
2026-10-09T01:33:44.7579364Z test run_manifest_case::purrdf-extend/manifest.ttl ... ok
2026-10-09T01:33:44.7579988Z [suite/w3c-sparql10/dataset/manifest.ttl] 12 passed, 0 xfail, 0 unexpected-pass, 0 failed, 0 unmodeled
2026-10-09T01:33:44.7605579Z test run_manifest_case::w3c-sparql10/cast/manifest.ttl ... ok
2026-10-09T01:33:44.7606074Z test run_manifest_case::w3c-sparql10/basic/manifest.ttl ... ok
2026-10-09T01:33:44.7606529Z test run_manifest_case::w3c-sparql10/construct/manifest.ttl ... ok
2026-10-09T01:33:44.7607023Z test run_manifest_case::w3c-sparql10/distinct/manifest.ttl ... ok
2026-10-09T01:33:44.7635629Z [suite/w3c-sparql10/expr-ops/manifest.ttl] 18 passed, 0 xfail, 0 unexpected-pass, 0 failed, 0 unmodeled
2026-10-09T01:33:44.7636246Z test run_manifest_case::w3c-sparql10/dataset/manifest.ttl ... ok
2026-10-09T01:33:44.7636736Z test run_manifest_case::w3c-sparql10/expr-ops/manifest.ttl ... ok
2026-10-09T01:33:44.7660336Z test run_manifest_case::w3c-sparql10/expr-equals/manifest.ttl ... ok
2026-10-09T01:33:44.7676671Z [suite/w3c-sparql10/expr-equals/manifest.ttl] 15 passed, 0 xfail, 0 unexpected-pass, 0 failed, 0 unmodeled
2026-10-09T01:33:44.7677597Z test run_manifest_case::w3c-sparql10/i18n/manifest.ttl ... ok
2026-10-09T01:33:44.7705631Z [suite/w3c-sparql10/i18n/manifest.ttl] 5 passed, 0 xfail, 0 unexpected-pass, 0 failed, 0 unmodeled
2026-10-09T01:33:44.7706196Z test run_manifest_case::w3c-sparql10/graph/manifest.ttl ... ok
2026-10-09T01:33:44.7765653Z [suite/w3c-sparql10/graph/manifest.ttl] 17 passed, 0 xfail, 0 unexpected-pass, 0 failed, 0 unmodeled
2026-10-09T01:33:44.7766278Z test run_manifest_case::w3c-sparql10/expr-builtin/manifest.ttl ... ok
2026-10-09T01:33:44.7790574Z [suite/w3c-sparql10/expr-builtin/manifest.ttl] 25 passed, 0 xfail, 0 unexpected-pass, 0 failed, 0 unmodeled
2026-10-09T01:33:44.7791219Z test run_manifest_case::w3c-sparql10/reduced/manifest.ttl ... ok
2026-10-09T01:33:44.7815605Z [suite/w3c-sparql10/reduced/manifest.ttl] 2 passed, 0 xfail, 0 unexpected-pass, 0 failed, 0 unmodeled
2026-10-09T01:33:44.7816265Z test run_manifest_case::w3c-sparql10/optional-filter/manifest.ttl ... ok
2026-10-09T01:33:44.7855640Z [suite/w3c-sparql10/optional-filter/manifest.ttl] 5 passed, 0 xfail, 0 unexpected-pass, 0 failed, 0 unmodeled
2026-10-09T01:33:44.7856295Z test run_manifest_case::w3c-sparql10/optional/manifest.ttl ... ok
2026-10-09T01:33:44.7874229Z [suite/w3c-sparql10/optional/manifest.ttl] 7 passed, 0 xfail, 0 unexpected-pass, 0 failed, 0 unmodeled
2026-10-09T01:33:44.7874836Z test run_manifest_case::w3c-sparql10/open-world/manifest.ttl ... ok
2026-10-09T01:33:44.7880397Z test run_manifest_case::w3c-sparql10/solution-seq/manifest.ttl ... ok
2026-10-09T01:33:44.7915743Z [suite/w3c-sparql10/open-world/manifest.ttl] 18 passed, 0 xfail, 0 unexpected-pass, 0 failed, 0 unmodeled
2026-10-09T01:33:44.7916353Z test run_manifest_case::w3c-sparql10/regex/manifest.ttl ... ok
2026-10-09T01:33:44.7945652Z [suite/w3c-sparql10/solution-seq/manifest.ttl] 13 passed, 0 xfail, 0 unexpected-pass, 0 failed, 0 unmodeled
2026-10-09T01:33:44.7946274Z test run_manifest_case::w3c-sparql10/sort/manifest.ttl ... ok
2026-10-09T01:33:44.7975644Z [suite/w3c-sparql10/regex/manifest.ttl] 21 passed, 0 xfail, 0 unexpected-pass, 0 failed, 0 unmodeled
2026-10-09T01:33:44.7976292Z test run_manifest_case::w3c-sparql10/syntax-sparql4/manifest.ttl ... ok
2026-10-09T01:33:44.7985807Z [suite/w3c-sparql10/sort/manifest.ttl] 14 passed, 0 xfail, 0 unexpected-pass, 0 failed, 0 unmodeled
2026-10-09T01:33:44.7986452Z test run_manifest_case::w3c-sparql10/syntax-sparql5/manifest.ttl ... ok
2026-10-09T01:33:44.8005801Z [suite/w3c-sparql10/syntax-sparql4/manifest.ttl] 12 passed, 0 xfail, 0 unexpected-pass, 0 failed, 0 unmodeled
2026-10-09T01:33:44.8019433Z test run_manifest_case::w3c-sparql10/syntax-sparql2/manifest.ttl ... ok
2026-10-09T01:33:44.8032224Z [suite/w3c-sparql10/syntax-sparql5/manifest.ttl] 2 passed, 0 xfail, 0 unexpected-pass, 0 failed, 0 unmodeled
2026-10-09T01:33:44.8032888Z test run_manifest_case::w3c-sparql10/syntax-sparql3/manifest.ttl ... ok
2026-10-09T01:33:44.8041307Z [suite/w3c-sparql10/syntax-sparql2/manifest.ttl] 53 passed, 0 xfail, 0 unexpected-pass, 0 failed, 0 unmodeled
2026-10-09T01:33:44.8042233Z test run_manifest_case::w3c-sparql10/syntax-sparql1/manifest.ttl ... ok
2026-10-09T01:33:44.8075639Z [suite/w3c-sparql10/syntax-sparql3/manifest.ttl] 51 passed, 0 xfail, 0 unexpected-pass, 0 failed, 0 unmodeled
2026-10-09T01:33:44.8076334Z test run_manifest_case::w3c-sparql10/triple-match/manifest.ttl ... ok
2026-10-09T01:33:44.8085567Z [suite/w3c-sparql10/syntax-sparql1/manifest.ttl] 81 passed, 0 xfail, 0 unexpected-pass, 0 failed, 0 unmodeled
2026-10-09T01:33:44.8086183Z test run_manifest_case::w3c-sparql11/add/manifest.ttl ... ok
2026-10-09T01:33:44.8100242Z [suite/w3c-sparql10/triple-match/manifest.ttl] 4 passed, 0 xfail, 0 unexpected-pass, 0 failed, 0 unmodeled
2026-10-09T01:33:44.8100886Z test run_manifest_case::w3c-sparql11/basic-update/manifest.ttl ... ok
2026-10-09T01:33:44.8125521Z [suite/w3c-sparql11/add/manifest.ttl] 8 passed, 0 xfail, 0 unexpected-pass, 0 failed, 0 unmodeled
2026-10-09T01:33:44.8126362Z test run_manifest_case::w3c-sparql11/bind/manifest.ttl ... ok
2026-10-09T01:33:44.8155576Z [suite/w3c-sparql11/basic-update/manifest.ttl] 13 passed, 0 xfail, 0 unexpected-pass, 0 failed, 0 unmodeled
2026-10-09T01:33:44.8156187Z test run_manifest_case::w3c-sparql11/bindings/manifest.ttl ... ok
2026-10-09T01:33:44.8185396Z [suite/w3c-sparql11/bind/manifest.ttl] 10 passed, 0 xfail, 0 unexpected-pass, 0 failed, 0 unmodeled
2026-10-09T01:33:44.8185981Z test run_manifest_case::w3c-sparql11/cast/manifest.ttl ... ok
2026-10-09T01:33:44.8195552Z [suite/w3c-sparql11/bindings/manifest.ttl] 11 passed, 0 xfail, 0 unexpected-pass, 0 failed, 0 unmodeled
2026-10-09T01:33:44.8196171Z [suite/w3c-sparql11/cast/manifest.ttl] 6 passed, 0 xfail, 0 unexpected-pass, 0 failed, 0 unmodeled
2026-10-09T01:33:44.8196920Z [suite/w3c-sparql10/type-promotion/manifest.ttl] 30 passed, 0 xfail, 0 unexpected-pass, 0 failed, 0 unmodeled
2026-10-09T01:33:44.8197663Z [suite/w3c-sparql11/clear/manifest.ttl] 4 passed, 0 xfail, 0 unexpected-pass, 0 failed, 0 unmodeled
2026-10-09T01:33:44.8198275Z test run_manifest_case::w3c-sparql10/type-promotion/manifest.ttl ... ok
2026-10-09T01:33:44.8198928Z [suite/w3c-sparql11/aggregates/manifest.ttl] 47 passed, 0 xfail, 0 unexpected-pass, 0 failed, 0 unmodeled
2026-10-09T01:33:44.8225771Z [suite/w3c-sparql11/construct/manifest.ttl] 7 passed, 0 xfail, 0 unexpected-pass, 0 failed, 0 unmodeled
2026-10-09T01:33:44.8226374Z test run_manifest_case::w3c-sparql11/clear/manifest.ttl ... ok
2026-10-09T01:33:44.8255550Z test run_manifest_case::w3c-sparql11/aggregates/manifest.ttl ... ok
2026-10-09T01:33:44.8256190Z [suite/w3c-sparql11/copy/manifest.ttl] 6 passed, 0 xfail, 0 unexpected-pass, 0 failed, 0 unmodeled
2026-10-09T01:33:44.8256876Z [suite/w3c-sparql11/delete-data/manifest.ttl] 6 passed, 0 xfail, 0 unexpected-pass, 0 failed, 0 unmodeled
2026-10-09T01:33:44.8257612Z [suite/w3c-sparql11/delete-where/manifest.ttl] 6 passed, 0 xfail, 0 unexpected-pass, 0 failed, 0 unmodeled
2026-10-09T01:33:44.8258224Z test run_manifest_case::w3c-sparql11/construct/manifest.ttl ... ok
2026-10-09T01:33:44.8285775Z [suite/w3c-sparql11/delete-insert/manifest.ttl] 17 passed, 0 xfail, 0 unexpected-pass, 0 failed, 0 unmodeled
2026-10-09T01:33:44.8286396Z test run_manifest_case::w3c-sparql11/copy/manifest.ttl ... ok
2026-10-09T01:33:44.8315641Z [suite/w3c-sparql11/drop/manifest.ttl] 4 passed, 0 xfail, 0 unexpected-pass, 0 failed, 0 unmodeled
2026-10-09T01:33:44.8316260Z test run_manifest_case::w3c-sparql11/delete-data/manifest.ttl ... ok
2026-10-09T01:33:44.8345609Z [suite/w3c-sparql11/exists/manifest.ttl] 6 passed, 0 xfail, 0 unexpected-pass, 0 failed, 0 unmodeled
2026-10-09T01:33:44.8346252Z test run_manifest_case::w3c-sparql11/delete-where/manifest.ttl ... ok
2026-10-09T01:33:44.8375599Z [suite/w3c-sparql11/delete/manifest.ttl] 19 passed, 0 xfail, 0 unexpected-pass, 0 failed, 0 unmodeled
2026-10-09T01:33:44.8376255Z test run_manifest_case::w3c-sparql11/delete-insert/manifest.ttl ... ok
2026-10-09T01:33:44.8405582Z [suite/w3c-sparql11/grouping/manifest.ttl] 6 passed, 0 xfail, 0 unexpected-pass, 0 failed, 0 unmodeled
2026-10-09T01:33:44.8406443Z test run_manifest_case::w3c-sparql11/drop/manifest.ttl ... ok
2026-10-09T01:33:44.8435490Z test run_manifest_case::w3c-sparql11/exists/manifest.ttl ... ok
2026-10-09T01:33:44.8435955Z test run_manifest_case::w3c-sparql11/delete/manifest.ttl ... ok
2026-10-09T01:33:44.8436411Z test run_manifest_case::w3c-sparql11/grouping/manifest.ttl ... ok
2026-10-09T01:33:44.8436850Z test run_manifest_case::w3c-sparql11/move/manifest.ttl ... ok
2026-10-09T01:33:44.8437319Z test run_manifest_case::w3c-sparql11/project-expression/manifest.ttl ... ok
2026-10-09T01:33:44.8437977Z [suite/w3c-sparql11/move/manifest.ttl] 6 passed, 0 xfail, 0 unexpected-pass, 0 failed, 0 unmodeled
2026-10-09T01:33:44.8438535Z test run_manifest_case::w3c-sparql11/negation/manifest.ttl ... ok
2026-10-09T01:33:44.8445782Z [suite/w3c-sparql11/project-expression/manifest.ttl] 7 passed, 0 xfail, 0 unexpected-pass, 0 failed, 0 unmodeled
2026-10-09T01:33:44.8446684Z test run_manifest_case::w3c-sparql11/service/manifest.ttl ... ok
2026-10-09T01:33:44.8465501Z test run_manifest_case::w3c-sparql11/subquery/manifest.ttl ... ok
2026-10-09T01:33:44.8465996Z test run_manifest_case::w3c-sparql11/syntax-fed/manifest.ttl ... ok
2026-10-09T01:33:44.8466504Z test run_manifest_case::w3c-sparql11/property-path/manifest.ttl ... ok
2026-10-09T01:33:44.8467036Z test run_manifest_case::w3c-sparql11/syntax-update-1/manifest.ttl ... ok
2026-10-09T01:33:44.8467541Z test run_manifest_case::w3c-sparql11/syntax-query/manifest.ttl ... ok
2026-10-09T01:33:44.8468047Z test run_manifest_case::w3c-sparql11/syntax-update-2/manifest.ttl ... ok
2026-10-09T01:33:44.8468518Z test run_manifest_case::w3c-sparql11/functions/manifest.ttl ... ok
2026-10-09T01:33:44.8469079Z test run_manifest_case::w3c-sparql11/update-silent/manifest.ttl ... ok
2026-10-09T01:33:44.8469600Z test run_manifest_case::w3c-sparql12/codepoint-escapes/manifest.ttl ... ok
2026-10-09T01:33:44.8470093Z test run_manifest_case::w3c-sparql12/grouping/manifest.ttl ... ok
2026-10-09T01:33:44.8470567Z test run_manifest_case::w3c-sparql12/expression/manifest.ttl ... ok
2026-10-09T01:33:44.8471049Z test run_manifest_case::w3c-sparql12/rdf11/manifest.ttl ... ok
2026-10-09T01:33:44.8471477Z test run_manifest_case::w3c-sparql12/syntax/manifest.ttl ... ok
2026-10-09T01:33:44.8471931Z test run_manifest_case::w3c-sparql12/lang-basedir/manifest.ttl ... ok
2026-10-09T01:33:44.8472566Z [suite/w3c-sparql11/negation/manifest.ttl] 12 passed, 0 xfail, 0 unexpected-pass, 0 failed, 0 unmodeled
2026-10-09T01:33:44.8473310Z [suite/w3c-sparql11/service/manifest.ttl] 7 passed, 0 xfail, 0 unexpected-pass, 0 failed, 0 unmodeled
2026-10-09T01:33:44.8473992Z [suite/w3c-sparql11/subquery/manifest.ttl] 1 passed, 0 xfail, 0 unexpected-pass, 0 failed, 0 unmodeled
2026-10-09T01:33:44.8474700Z [suite/w3c-sparql11/syntax-fed/manifest.ttl] 3 passed, 0 xfail, 0 unexpected-pass, 0 failed, 0 unmodeled
2026-10-09T01:33:44.8475643Z [suite/w3c-sparql11/property-path/manifest.ttl] 33 passed, 0 xfail, 0 unexpected-pass, 0 failed, 0 unmodeled
2026-10-09T01:33:44.8476429Z [suite/w3c-sparql11/syntax-update-1/manifest.ttl] 54 passed, 0 xfail, 0 unexpected-pass, 0 failed, 0 unmodeled
2026-10-09T01:33:44.8477188Z [suite/w3c-sparql11/syntax-query/manifest.ttl] 94 passed, 0 xfail, 0 unexpected-pass, 0 failed, 0 unmodeled
2026-10-09T01:33:44.8477928Z [suite/w3c-sparql11/syntax-update-2/manifest.ttl] 1 passed, 0 xfail, 0 unexpected-pass, 0 failed, 0 unmodeled
2026-10-09T01:33:44.8478675Z [suite/w3c-sparql11/functions/manifest.ttl] 75 passed, 0 xfail, 0 unexpected-pass, 0 failed, 0 unmodeled
2026-10-09T01:33:44.8479426Z [suite/w3c-sparql11/update-silent/manifest.ttl] 13 passed, 0 xfail, 0 unexpected-pass, 0 failed, 0 unmodeled
2026-10-09T01:33:44.8480180Z [suite/w3c-sparql12/codepoint-escapes/manifest.ttl] 14 passed, 0 xfail, 0 unexpected-pass, 0 failed, 0 unmodeled
2026-10-09T01:33:44.8480961Z [suite/w3c-sparql12/grouping/manifest.ttl] 2 passed, 0 xfail, 0 unexpected-pass, 0 failed, 0 unmodeled
2026-10-09T01:33:44.8481662Z [suite/w3c-sparql12/expression/manifest.ttl] 5 passed, 0 xfail, 0 unexpected-pass, 0 failed, 0 unmodeled
2026-10-09T01:33:44.8482554Z [suite/w3c-sparql12/rdf11/manifest.ttl] 3 passed, 0 xfail, 0 unexpected-pass, 0 failed, 0 unmodeled
2026-10-09T01:33:44.8483220Z [suite/w3c-sparql12/syntax/manifest.ttl] 6 passed, 0 xfail, 0 unexpected-pass, 0 failed, 0 unmodeled
2026-10-09T01:33:44.8483918Z [suite/w3c-sparql12/lang-basedir/manifest.ttl] 11 passed, 0 xfail, 0 unexpected-pass, 0 failed, 0 unmodeled
2026-10-09T01:33:44.8489852Z test run_manifest_case::w3c-sparql12/syntax-triple-terms-negative/manifest.ttl ... ok
2026-10-09T01:33:44.8506088Z [suite/w3c-sparql12/syntax-triple-terms-negative/manifest.ttl] 65 passed, 0 xfail, 0 unexpected-pass, 0 failed, 0 unmodeled
2026-10-09T01:33:44.8506851Z [suite/w3c-sparql12/version/manifest.ttl] 9 passed, 0 xfail, 0 unexpected-pass, 0 failed, 0 unmodeled
2026-10-09T01:33:44.8507455Z [suite/w3c-sparql10/manifest.ttl] index of 29 manifests, each run as its own case
2026-10-09T01:33:44.8508213Z test run_manifest_case::w3c-sparql12/version/manifest.ttl ... ok
2026-10-09T01:33:44.8508654Z test index_manifest::w3c-sparql10/manifest.ttl ... ok
2026-10-09T01:33:44.8542464Z [suite/w3c-sparql12/eval-triple-terms/manifest.ttl] 41 passed, 0 xfail, 0 unexpected-pass, 0 failed, 0 unmodeled
2026-10-09T01:33:44.8545744Z test run_manifest_case::w3c-sparql12/eval-triple-terms/manifest.ttl ... ok
2026-10-09T01:33:44.8560077Z [suite/w3c-sparql12/syntax-triple-terms-positive/manifest.ttl] 113 passed, 0 xfail, 0 unexpected-pass, 0 failed, 0 unmodeled
2026-10-09T01:33:44.8560918Z test run_manifest_case::w3c-sparql12/syntax-triple-terms-positive/manifest.ttl ... ok
2026-10-09T01:33:44.9947174Z [suite/w3c-sparql11/entailment/manifest.ttl] 70 passed, 0 xfail, 0 unexpected-pass, 0 failed, 0 unmodeled
2026-10-09T01:33:44.9947737Z test run_manifest_case::w3c-sparql11/entailment/manifest.ttl ... ok
2026-10-09T01:33:44.9948030Z 
2026-10-09T01:33:44.9955769Z test result: ok. 74 passed; 0 failed; 0 ignored; 0 measured; 0 filtered out; finished in 0.26s
2026-10-09T01:33:44.9956205Z 
2026-10-09T01:33:44.9957281Z [1m[92m     Running[0m tests/suite_discovery.rs (target/debug/build/purrdf-sparql-conformance/25fd0e7a35f7ef82/out/suite_discovery-25fd0e7a35f7ef82)
2026-10-09T01:33:44.9967688Z 
2026-10-09T01:33:44.9967872Z running 10 tests
2026-10-09T01:33:44.9973421Z test a_root_that_is_a_file_is_a_typed_error ... ok
2026-10-09T01:33:44.9973908Z test a_missing_root_is_a_typed_error_naming_it ... ok
2026-10-09T01:33:44.9974507Z test an_empty_tree_is_an_empty_list_not_an_error ... ok
2026-10-09T01:33:44.9975213Z test a_manifest_below_a_non_utf8_component_is_a_typed_error ... ok
2026-10-09T01:33:44.9977280Z test an_unreadable_directory_is_reported_not_skipped ... ok
2026-10-09T01:33:44.9978003Z test the_manifest_name_is_manifest_ttl ... ok
2026-10-09T01:33:44.9980032Z test symbolic_links_are_followed_and_a_dangling_one_is_reported ... ok
2026-10-09T01:33:44.9984763Z test every_file_named_manifest_ttl_is_found_and_nothing_else ... ok
2026-10-09T01:33:44.9987320Z test the_order_is_by_components_compared_as_bytes ... ok
2026-10-09T01:33:45.0013737Z test the_live_suite_is_discovered_under_its_root ... ok
2026-10-09T01:33:45.0013962Z 
2026-10-09T01:33:45.0014268Z test result: ok. 10 passed; 0 failed; 0 ignored; 0 measured; 0 filtered out; finished in 0.00s
2026-10-09T01:33:45.0014579Z 
2026-10-09T01:33:45.0015981Z [1m[92m     Running[0m tests/suite_inventory.rs (target/debug/build/purrdf-sparql-conformance/5d7a24ef38fe4029/out/suite_inventory-5d7a24ef38fe4029)
2026-10-09T01:33:45.0027011Z 
2026-10-09T01:33:45.0027100Z running 10 tests
2026-10-09T01:33:45.0033478Z test broken_manifest_fixture_directory_does_not_leak_into_the_live_suite ... ok
2026-10-09T01:33:45.0038155Z test first_party_suite_inventory ... ok
2026-10-09T01:33:45.0038716Z test broken_manifest_with_an_undescribed_entry_is_rejected ... ok
2026-10-09T01:33:45.0048058Z test broken_manifest_with_a_described_entry_loads_cleanly ... ok
2026-10-09T01:33:45.0048651Z test the_first_party_query_form_corpora_live_outside_the_suite_root ... ok
2026-10-09T01:33:45.0049272Z test w3c_sparql11_inventory ... ok
2026-10-09T01:33:45.0049553Z test w3c_sparql12_inventory ... ok
2026-10-09T01:33:45.0049971Z test an_unmodelled_mf_requires_feature_is_refused_beside_a_modelled_one ... ok
2026-10-09T01:33:45.0069015Z test purrdf_extend_case_count_and_kinds ... ok
2026-10-09T01:33:45.0350689Z test sparql_cdt_inventory ... ok
2026-10-09T01:33:45.0350888Z 
2026-10-09T01:33:45.0354432Z test result: ok. 10 passed; 0 failed; 0 ignored; 0 measured; 0 filtered out; finished in 0.03s
2026-10-09T01:33:45.0354628Z 
2026-10-09T01:33:45.0356097Z [1m[92m     Running[0m tests/xfail_ledger.rs (target/debug/build/purrdf-sparql-conformance/18a60933b77ef131/out/xfail_ledger-18a60933b77ef131)
2026-10-09T01:33:45.0366344Z 
2026-10-09T01:33:45.0366430Z running 3 tests
2026-10-09T01:33:45.0368611Z test entry_matching_is_anchored_at_a_path_segment_boundary ... ok
2026-10-09T01:33:45.2347941Z test every_xfail_entry_matches_exactly_one_live_case ... ok
2026-10-09T01:33:45.2419839Z test no_live_case_is_matched_by_two_xfail_entries ... ok
2026-10-09T01:33:45.2420085Z 
2026-10-09T01:33:45.2420296Z test result: ok. 3 passed; 0 failed; 0 ignored; 0 measured; 0 filtered out; finished in 0.21s
2026-10-09T01:33:45.2425672Z 
2026-10-09T01:33:45.2428104Z [1m[92m     Running[0m tests/scope_interactions.rs (target/debug/build/purrdf-sparql-eval/7fc3f1f487b2d750/out/scope_interactions-7fc3f1f487b2d750)
2026-10-09T01:33:45.2440104Z 
2026-10-09T01:33:45.2440196Z running 16 tests
2026-10-09T01:33:45.2447689Z test bnode_allocation_is_fresh_against_default_scope_dataset_blank ... ok
2026-10-09T01:33:45.2448254Z test bnode_allocation_avoids_dataset_blanks_retained_only_inside_triple_terms ... ok
2026-10-09T01:33:45.2448771Z test concrete_blank_identity_inside_rdf12_triple_terms_is_structural ... ok
2026-10-09T01:33:45.2449277Z test bnode_memo_and_prepared_reuse_preserve_scoped_identity_partitions ... ok
2026-10-09T01:33:45.2457701Z test concrete_blank_prebindings_preserve_scope_and_never_become_existentials ... ok
2026-10-09T01:33:45.2460675Z test later_update_operations_avoid_blanks_retained_only_inside_new_terms ... ok
2026-10-09T01:33:45.2461322Z test load_then_insert_preserves_a_nested_identity_without_advancing_the_mint_counter ... ok
2026-10-09T01:33:45.2462009Z test copied_raw_blank_sites_keep_independent_graph_owners ... ok
2026-10-09T01:33:45.2462564Z test ordinary_construct_allocation_is_distinct_from_a_carried_dataset_blank ... ok
2026-10-09T01:33:45.2473888Z test construct_and_insert_allocate_per_duplicate_row_and_per_execution ... ok
2026-10-09T01:33:45.2477277Z test lost_connections_and_early_projection_have_independently_distinct_bags ... ok
2026-10-09T01:33:45.2477851Z test raw_late_values_cannot_capture_an_earlier_bnode_allocation ... ok
2026-10-09T01:33:45.2479236Z test service_bnode_results_have_response_identity_separation ... ok
2026-10-09T01:33:45.2480127Z test update_allocations_avoid_reserved_namespaces_and_honor_caller_prefix ... ok
2026-10-09T01:33:45.2483503Z test federation_names_preserve_caller_lookalikes_and_zero_column_bags ... ok
2026-10-09T01:33:45.2486128Z test property_functions_share_existentials_without_leaking_witness_columns ... ok
2026-10-09T01:33:45.2486419Z 
2026-10-09T01:33:45.2486784Z test result: ok. 16 passed; 0 failed; 0 ignored; 0 measured; 0 filtered out; finished in 0.00s
2026-10-09T01:33:45.2487028Z 
2026-10-09T01:33:45.2490440Z [1m[92m     Running[0m tests/segmented_query.rs (target/debug/build/purrdf-sparql-eval/fb8af384507603e2/out/segmented_query-fb8af384507603e2)
2026-10-09T01:33:45.2501258Z 
2026-10-09T01:33:45.2501347Z running 13 tests
2026-10-09T01:33:45.2524000Z test fallible_explain_refuses_tight_capacity_and_unpriced_algebra_before_probing ... ok
2026-10-09T01:33:45.2534034Z test fallible_explain_preserves_a_segmented_provider_fault_over_a_fired_stop ... ok
2026-10-09T01:33:45.2534713Z test dense_pages_price_only_the_exact_subject_range_and_preserve_source_refusal ... ok
2026-10-09T01:33:45.2535935Z test fallible_explain_refuses_unpriced_options_before_cache_lookup_or_data_reads ... ok
2026-10-09T01:33:45.2542909Z test fallible_explain_measures_the_segmented_store_within_its_certified_reservation ... ok
2026-10-09T01:33:45.2551998Z test long_host_refusal_keeps_its_typed_cause_without_unbounded_report_allocation ... ok
2026-10-09T01:33:45.2565690Z test scoped_and_prepared_engine_egresses_hold_the_reservation_through_consumption ... ok
2026-10-09T01:33:45.2571442Z test governed_refusal_prices_its_reporting_owner_before_allocating ... ok
2026-10-09T01:33:45.2572163Z test selective_join_matches_resident_and_actual_peak_stays_below_shared_ledger ... ok
2026-10-09T01:33:45.2585764Z test tiny_capacity_and_unpriced_order_refuse_before_any_row_probe_or_output ... ok
2026-10-09T01:33:45.2590884Z test unpriced_construct_refuses_before_allocating_a_destination_mint_prefix ... ok
2026-10-09T01:33:45.2598292Z test prepared_governed_cold_sessions_match_text_receipts_and_release_reporting ... ok
2026-10-09T01:33:45.2629759Z test unpriced_request_inputs_refuse_before_copying_parameter_metadata ... ok
2026-10-09T01:33:45.2630043Z 
2026-10-09T01:33:45.2630348Z test result: ok. 13 passed; 0 failed; 0 ignored; 0 measured; 0 filtered out; finished in 0.01s
2026-10-09T01:33:45.2630631Z 
2026-10-09T01:33:45.2635250Z [1m[92m     Running[0m tests/service_forwarded_text.rs (target/debug/build/purrdf-sparql-eval/67806c57d0da1822/out/service_forwarded_text-67806c57d0da1822)
2026-10-09T01:33:45.2644583Z 
2026-10-09T01:33:45.2644663Z running 3 tests
2026-10-09T01:33:45.2675639Z test a_silent_service_honours_a_long_operator_chain_in_its_body ... ok
2026-10-09T01:33:45.2682764Z test the_same_body_without_silent_answers_the_same_rows ... ok
2026-10-09T01:33:45.2703456Z test a_body_filter_that_excludes_everything_answers_no_rows ... ok
2026-10-09T01:33:45.2703697Z 
2026-10-09T01:33:45.2704010Z test result: ok. 3 passed; 0 failed; 0 ignored; 0 measured; 0 filtered out; finished in 0.01s
2026-10-09T01:33:45.2704298Z 
2026-10-09T01:33:45.2707216Z [1m[92m     Running[0m tests/service_live.rs (target/debug/build/purrdf-sparql-eval/5a338f182c639297/out/service_live-5a338f182c639297)
2026-10-09T01:33:45.2716198Z 
2026-10-09T01:33:45.2716287Z running 7 tests
2026-10-09T01:33:45.2718945Z test http_transport_cell_bound_decodes_no_limit_plus_one_row ... ok
2026-10-09T01:33:45.2720805Z test http_transport_decodes_remote_bindings ... ok
2026-10-09T01:33:45.2721211Z test missing_named_graph_does_not_execute_its_inner_service ... ok
2026-10-09T01:33:45.2721682Z test terminal_service_cannot_launder_a_stop_fired_during_a_deaf_exchange ... ok
2026-10-09T01:33:45.2722095Z test service_clause_federates_through_injected_http_transport ... ok
2026-10-09T01:33:45.2722536Z test the_stop_signal_travels_with_the_request_and_gates_it ... ok
2026-10-09T01:33:45.2722913Z test terminal_service_silent_cannot_launder_a_stop_fired_during_a_deaf_exchange ... ok
2026-10-09T01:33:45.2723097Z 
2026-10-09T01:33:45.2723293Z test result: ok. 7 passed; 0 failed; 0 ignored; 0 measured; 0 filtered out; finished in 0.00s
2026-10-09T01:33:45.2723503Z 
2026-10-09T01:33:45.2725343Z [1m[92m     Running[0m tests/service_resolver.rs (target/debug/build/purrdf-sparql-eval/8684eacb8bc18767/out/service_resolver-8684eacb8bc18767)
2026-10-09T01:33:45.2734618Z 
2026-10-09T01:33:45.2734708Z running 13 tests
2026-10-09T01:33:45.2741059Z test a_catalogued_profile_that_adds_nothing_also_sends_nothing_extra ... ok
2026-10-09T01:33:45.2741716Z test a_profiles_headers_and_credential_reach_the_transport_in_order ... ok
2026-10-09T01:33:45.2742082Z test a_catalog_gates_a_service_nested_inside_a_forwarded_body_too ... ok
2026-10-09T01:33:45.2743498Z test a_nested_capability_denial_reaches_the_outer_clause_as_a_denial ... ok
2026-10-09T01:33:45.2744044Z test a_relative_service_iri_is_refused_without_a_base_and_resolved_with_one ... ok
2026-10-09T01:33:45.2744610Z test an_in_process_service_is_answered_without_the_network_transport_being_touched ... ok
2026-10-09T01:33:45.2745771Z test a_source_with_no_catalog_sends_exactly_what_it_always_did ... ok
2026-10-09T01:33:45.2746524Z test an_unrouted_service_is_denied_by_the_router_and_silent_answers_it ... ok
2026-10-09T01:33:45.2747010Z test silent_swallows_an_unreachable_endpoint_through_both_resolvers ... ok
2026-10-09T01:33:45.2748626Z test the_silent_flag_reaches_the_resolver ... ok
2026-10-09T01:33:45.2749194Z test withholding_the_network_capability_prevents_the_exchange_rather_than_discarding_it ... ok
2026-10-09T01:33:45.2751113Z test fallible_explain_measures_its_request_source_and_preserves_service_outcomes ... ok
2026-10-09T01:33:45.2753722Z test silent_answers_a_capability_denial_with_the_join_identity_through_either_resolver ... ok
2026-10-09T01:33:45.2754043Z 
2026-10-09T01:33:45.2754287Z test result: ok. 13 passed; 0 failed; 0 ignored; 0 measured; 0 filtered out; finished in 0.00s
2026-10-09T01:33:45.2754474Z 
2026-10-09T01:33:45.2757114Z [1m[92m     Running[0m tests/sha3_e2e.rs (target/debug/build/purrdf-sparql-eval/b8f5fd9180b200c4/out/sha3_e2e-b8f5fd9180b200c4)
2026-10-09T01:33:45.2765904Z 
2026-10-09T01:33:45.2765996Z running 3 tests
2026-10-09T01:33:45.2771484Z test a_hyphenated_sha3_call_works_inside_a_filter ... ok
2026-10-09T01:33:45.2772079Z test each_sha3_name_reaches_its_own_digest_from_query_text ... ok
2026-10-09T01:33:45.2772763Z test sha3_does_not_collide_with_the_sha1_sha2_builtins ... ok
2026-10-09T01:33:45.2772980Z 
2026-10-09T01:33:45.2773272Z test result: ok. 3 passed; 0 failed; 0 ignored; 0 measured; 0 filtered out; finished in 0.00s
2026-10-09T01:33:45.2773525Z 
2026-10-09T01:33:45.2776238Z [1m[92m     Running[0m tests/solution_row_alloc.rs (target/debug/build/purrdf-sparql-eval/c332288da459cd1b/out/solution_row_alloc-c332288da459cd1b)
2026-10-09T01:33:45.2782704Z 
2026-10-09T01:33:45.2782791Z running 3 tests
2026-10-09T01:33:45.2785513Z test clone_then_push_allocation_count_is_explicit ... ok
2026-10-09T01:33:45.2785943Z test clone_has_inline_zero_and_spilled_one_allocation ... ok
2026-10-09T01:33:45.2786373Z test copy_from_slice_has_exact_allocation_budget ... ok
2026-10-09T01:33:45.2786580Z 
2026-10-09T01:33:45.2786888Z test result: ok. 3 passed; 0 failed; 0 ignored; 0 measured; 0 filtered out; finished in 0.00s
2026-10-09T01:33:45.2787080Z 
2026-10-09T01:33:45.2787711Z [1m[92m     Running[0m tests/source_header.rs (target/debug/build/purrdf-sparql-eval/768b4c8d4965d6a9/out/source_header-768b4c8d4965d6a9)
2026-10-09T01:33:45.2797361Z 
2026-10-09T01:33:45.2797439Z running 4 tests
2026-10-09T01:33:45.2803582Z test retained_source_header_is_charged_once_and_released_with_the_plan ... ok
2026-10-09T01:33:45.2813424Z test empty_and_governed_results_keep_the_compiler_header ... ok
2026-10-09T01:33:45.2813964Z test compiler_and_rewritten_plans_preserve_source_columns_and_duplicate_bags ... ok
2026-10-09T01:33:45.2814501Z test parameterized_interned_egress_keeps_textual_projection_order ... ok
2026-10-09T01:33:45.2814762Z 
2026-10-09T01:33:45.2815225Z test result: ok. 4 passed; 0 failed; 0 ignored; 0 measured; 0 filtered out; finished in 0.00s
2026-10-09T01:33:45.2815551Z 
2026-10-09T01:33:45.2817303Z [1m[92m     Running[0m tests/stack_refusal.rs (target/debug/build/purrdf-sparql-eval/816589f48afbcdd5/out/stack_refusal-816589f48afbcdd5)
2026-10-09T01:33:45.2825865Z 
2026-10-09T01:33:45.2825950Z running 1 test
2026-10-09T01:33:45.3023474Z test prepared_evaluation_refuses_the_actual_smaller_stack_without_poisoning_the_caller ... ok
2026-10-09T01:33:45.3023795Z 
2026-10-09T01:33:45.3024005Z test result: ok. 1 passed; 0 failed; 0 ignored; 0 measured; 0 filtered out; finished in 0.02s
2026-10-09T01:33:45.3024184Z 
2026-10-09T01:33:45.3030697Z [1m[92m     Running[0m tests/string_function_arguments.rs (target/debug/build/purrdf-sparql-eval/bff61b0044ca3c55/out/string_function_arguments-bff61b0044ca3c55)
2026-10-09T01:33:45.3040106Z 
2026-10-09T01:33:45.3040190Z running 17 tests
2026-10-09T01:33:45.3049709Z test langmatches_is_false_for_an_empty_tag_or_range ... ok
2026-10-09T01:33:45.3052080Z test regex_and_replace_patterns_are_simple_literals ... ok
2026-10-09T01:33:45.3052932Z test regex_supplied_flags_must_be_a_bound_simple_literal ... ok
2026-10-09T01:33:45.3055213Z test strbefore_and_strafter_share_the_compatibility_rule_and_keep_the_direction ... ok
2026-10-09T01:33:45.3055792Z test replace_supplied_flags_must_be_a_bound_simple_literal ... ok
2026-10-09T01:33:45.3056466Z test hash_built_ins_take_only_simple_literals ... ok
2026-10-09T01:33:45.3056881Z test simple_literal_arguments_refuse_tagged_strings ... ok
2026-10-09T01:33:45.3058243Z test strlangdir_refuses_a_tagged_lexical_form ... ok
2026-10-09T01:33:45.3058581Z test substr_bounds_do_not_overflow ... ok
2026-10-09T01:33:45.3058949Z test substr_keeps_the_language_tag_and_base_direction ... ok
2026-10-09T01:33:45.3059412Z test string_producers_keep_the_language_tag_and_base_direction ... ok
2026-10-09T01:33:45.3060918Z test substr_supplied_unbound_length_is_an_error_not_an_omitted_length ... ok
2026-10-09T01:33:45.3061653Z test substr_keeps_the_xpath_interval_for_starts_at_or_below_zero ... ok
2026-10-09T01:33:45.3069371Z test substring_predicates_answer_false_for_a_compatible_miss ... ok
2026-10-09T01:33:45.3069679Z test substring_predicates_check_compatibility_on_bound_values ... ok
2026-10-09T01:33:45.3069998Z test substring_predicates_require_compatible_arguments_including_direction ... ok
2026-10-09T01:33:45.3070296Z test w3c_lang_matches_queries_answer_their_expected_rows ... ok
2026-10-09T01:33:45.3070442Z 
2026-10-09T01:33:45.3070638Z test result: ok. 17 passed; 0 failed; 0 ignored; 0 measured; 0 filtered out; finished in 0.00s
2026-10-09T01:33:45.3070843Z 
2026-10-09T01:33:45.3072768Z [1m[92m     Running[0m tests/translated_property_paths.rs (target/debug/build/purrdf-sparql-eval/2b7f2a917eca0892/out/translated_property_paths-2b7f2a917eca0892)
2026-10-09T01:33:45.3082008Z 
2026-10-09T01:33:45.3082090Z running 8 tests
2026-10-09T01:33:45.3089220Z test an_inverse_join_witness_can_be_a_literal ... ok
2026-10-09T01:33:45.3089737Z test an_inverse_join_witness_can_be_an_rdf12_triple_term ... ok
2026-10-09T01:33:45.3090253Z test each_path_occurrence_has_fresh_hidden_witnesses_and_preserves_the_bag ... ok
2026-10-09T01:33:45.3091415Z test construct_and_update_where_accept_paths_without_accepting_path_templates ... ok
2026-10-09T01:33:45.3093257Z test inverse_groups_reverse_both_step_order_and_directions ... ok
2026-10-09T01:33:45.3093597Z test graph_scope_and_service_forwarding_keep_the_same_solution_bags ... ok
2026-10-09T01:33:45.3101122Z test linked_typed_endpoints_complete_under_a_linear_cell_ceiling ... ok
2026-10-09T01:33:45.3104333Z test group_operators_keep_the_translated_paths_in_their_own_scope ... ok
2026-10-09T01:33:45.3104504Z 
2026-10-09T01:33:45.3104746Z test result: ok. 8 passed; 0 failed; 0 ignored; 0 measured; 0 filtered out; finished in 0.00s
2026-10-09T01:33:45.3105371Z 
2026-10-09T01:33:45.3108406Z [1m[92m     Running[0m tests/union_join_positions.rs (target/debug/build/purrdf-sparql-eval/b5a8f3fd36dfad32/out/union_join_positions-b5a8f3fd36dfad32)
2026-10-09T01:33:45.3117761Z 
2026-10-09T01:33:45.3117850Z running 17 tests
2026-10-09T01:33:45.3127978Z test a_genuinely_disconnected_product_is_still_refused_before_work ... ok
2026-10-09T01:33:45.3128432Z test empty_native_seed_does_not_charge_a_unit_row ... ok
2026-10-09T01:33:45.3128795Z test all_eight_spo_masks_preserve_union_bags ... ok
2026-10-09T01:33:45.3146762Z test every_fuel_cut_is_a_complete_binding_lower_bound ... ok
2026-10-09T01:33:45.3185714Z test heterogeneous_union_bindings_choose_native_probes_per_row ... ok
2026-10-09T01:33:45.3186249Z test exact_report_having_alias_keeps_its_normative_empty_bag ... ok
2026-10-09T01:33:45.3186745Z test both_reported_alternatives_preserve_focus_and_duplicate_bags ... ok
2026-10-09T01:33:45.3187315Z test local_blank_working_width_is_refused_before_work_without_exposing_the_slot ... ok
2026-10-09T01:33:45.3187859Z test raw_projectless_select_does_not_restore_hidden_columns ... ok
2026-10-09T01:33:45.3188418Z test projectless_raw_local_blank_slots_do_not_reappear_after_a_positive_join ... ok
2026-10-09T01:33:45.3189252Z test retained_unit_order_preserves_the_structural_override_and_ordinary_cache_path ... ok
2026-10-09T01:33:45.3209627Z test four_arm_connector_keeps_twenty_ambient_attributes_connected ... ok
2026-10-09T01:33:45.3210866Z test independent_union_factors_run_once_and_preserve_cartesian_bags_and_cuts ... ok
2026-10-09T01:33:45.3237287Z test union_and_connected_predicates_are_position_independent_under_the_same_ceiling ... ok
2026-10-09T01:33:45.3265551Z test tiny_attributes_drive_large_union_without_changing_the_ceiling ... ok
2026-10-09T01:33:45.3280538Z test tiny_union_drives_large_attributes_without_changing_the_ceiling ... ok
2026-10-09T01:33:45.3331056Z test selective_attribute_components_connect_before_their_product ... ok
2026-10-09T01:33:45.3334650Z 
2026-10-09T01:33:45.3334900Z test result: ok. 17 passed; 0 failed; 0 ignored; 0 measured; 0 filtered out; finished in 0.02s
2026-10-09T01:33:45.3335259Z 
2026-10-09T01:33:45.3337061Z [1m[92m     Running[0m tests/update_graph_existence.rs (target/debug/build/purrdf-sparql-eval/2dd3a099a4566519/out/update_graph_existence-2dd3a099a4566519)
2026-10-09T01:33:45.3345596Z 
2026-10-09T01:33:45.3345683Z running 16 tests
2026-10-09T01:33:45.3356937Z test adding_an_empty_graph_creates_nothing ... ok
2026-10-09T01:33:45.3357496Z test an_unrelated_insert_keeps_the_declared_empty_graphs ... ok
2026-10-09T01:33:45.3358161Z test a_no_op_update_keeps_every_graph_including_the_declared_empty_ones ... ok
2026-10-09T01:33:45.3364283Z test a_graph_repopulated_after_drop_in_the_same_request_exists ... ok
2026-10-09T01:33:45.3364616Z test create_graph_registers_nothing ... ok
2026-10-09T01:33:45.3364808Z test clear_graph_is_drop_graph ... ok
2026-10-09T01:33:45.3365213Z test copy_of_an_empty_source_removes_its_destination ... ok
2026-10-09T01:33:45.3368200Z test deleting_part_of_a_graph_keeps_it ... ok
2026-10-09T01:33:45.3370444Z test drop_graph_removes_a_declared_empty_graph ... ok
2026-10-09T01:33:45.3370835Z test drop_all_and_clear_all_remove_everything ... ok
2026-10-09T01:33:45.3371249Z test deleting_the_last_quad_of_a_graph_removes_it ... ok
2026-10-09T01:33:45.3373898Z test drop_named_and_clear_named_remove_every_named_graph_and_keep_the_default ... ok
2026-10-09T01:33:45.3374386Z test drop_graph_removes_a_populated_graph ... ok
2026-10-09T01:33:45.3374856Z test dropping_the_default_graph_keeps_every_named_graph ... ok
2026-10-09T01:33:45.3376162Z test dropping_a_missing_graph_succeeds_and_changes_nothing ... ok
2026-10-09T01:33:45.3379088Z test move_removes_its_source_graph ... ok
2026-10-09T01:33:45.3379223Z 
2026-10-09T01:33:45.3379415Z test result: ok. 16 passed; 0 failed; 0 ignored; 0 measured; 0 filtered out; finished in 0.00s
2026-10-09T01:33:45.3379600Z 
2026-10-09T01:33:45.3382367Z [1m[92m     Running[0m tests/update_graph_modes.rs (target/debug/build/purrdf-sparql-eval/c6ceb382992cb54f/out/update_graph_modes-c6ceb382992cb54f)
2026-10-09T01:33:45.3393293Z 
2026-10-09T01:33:45.3393450Z running 488 tests
2026-10-09T01:33:45.3398055Z test transfer/distinct/ADD/Absent/Absent/RememberEmpty/silent=false ... ok
2026-10-09T01:33:45.3402884Z test transfer/distinct/COPY/Absent/Absent/Implicit/silent=false ... ok
2026-10-09T01:33:45.3403623Z test transfer/distinct/ADD/Absent/Absent/Implicit/silent=true ... ok
2026-10-09T01:33:45.3404182Z test transfer/distinct/COPY/Absent/Absent/RememberEmpty/silent=false ... ok
2026-10-09T01:33:45.3406239Z test transfer/distinct/COPY/Absent/Absent/Implicit/silent=true ... ok
2026-10-09T01:33:45.3406782Z test transfer/distinct/COPY/Absent/Absent/RememberEmpty/silent=true ... ok
2026-10-09T01:33:45.3408854Z test transfer/distinct/MOVE/Absent/Absent/Implicit/silent=true ... ok
2026-10-09T01:33:45.3409563Z test transfer/distinct/MOVE/Absent/Absent/Implicit/silent=false ... ok
2026-10-09T01:33:45.3410106Z test transfer/distinct/MOVE/Absent/Absent/RememberEmpty/silent=false ... ok
2026-10-09T01:33:45.3412082Z test transfer/distinct/ADD/Absent/Empty/Implicit/silent=false ... ok
2026-10-09T01:33:45.3412616Z test transfer/distinct/MOVE/Absent/Absent/RememberEmpty/silent=true ... ok
2026-10-09T01:33:45.3413688Z test transfer/distinct/ADD/Absent/Empty/RememberEmpty/silent=false ... ok
2026-10-09T01:33:45.3414861Z test transfer/distinct/ADD/Absent/Empty/Implicit/silent=true ... ok
2026-10-09T01:33:45.3415908Z test transfer/distinct/ADD/Absent/Empty/RememberEmpty/silent=true ... ok
2026-10-09T01:33:45.3418217Z test transfer/distinct/COPY/Absent/Empty/Implicit/silent=false ... ok
2026-10-09T01:33:45.3419077Z test transfer/distinct/COPY/Absent/Empty/RememberEmpty/silent=false ... ok
2026-10-09T01:33:45.3419611Z test transfer/distinct/COPY/Absent/Empty/Implicit/silent=true ... ok
2026-10-09T01:33:45.3421051Z test transfer/distinct/MOVE/Absent/Empty/Implicit/silent=false ... ok
2026-10-09T01:33:45.3446391Z test transfer/distinct/COPY/Absent/Empty/RememberEmpty/silent=true ... ok
2026-10-09T01:33:45.3473568Z test transfer/distinct/MOVE/Absent/Empty/RememberEmpty/silent=false ... ok
2026-10-09T01:33:45.3505700Z test transfer/distinct/MOVE/Absent/Empty/Implicit/silent=true ... ok
2026-10-09T01:33:45.3506255Z test transfer/distinct/ADD/Absent/Absent/Implicit/silent=false ... ok
2026-10-09T01:33:45.3535439Z test transfer/distinct/MOVE/Absent/Empty/RememberEmpty/silent=true ... ok
2026-10-09T01:33:45.3547568Z test transfer/distinct/ADD/Absent/Populated/RememberEmpty/silent=false ... ok
2026-10-09T01:33:45.3587720Z test transfer/distinct/ADD/Absent/Populated/Implicit/silent=false ... ok
2026-10-09T01:33:45.3605390Z test transfer/distinct/ADD/Absent/Populated/Implicit/silent=true ... ok
2026-10-09T01:33:45.3635421Z test transfer/distinct/ADD/Absent/Absent/RememberEmpty/silent=true ... ok
2026-10-09T01:33:45.3636016Z test transfer/distinct/COPY/Absent/Populated/RememberEmpty/silent=false ... ok
2026-10-09T01:33:45.3636591Z test transfer/distinct/ADD/Absent/Populated/RememberEmpty/silent=true ... ok
2026-10-09T01:33:45.3637140Z test transfer/distinct/COPY/Absent/Populated/Implicit/silent=true ... ok
2026-10-09T01:33:45.3637692Z test transfer/distinct/COPY/Absent/Populated/Implicit/silent=false ... ok
2026-10-09T01:33:45.3638250Z test transfer/distinct/MOVE/Absent/Populated/RememberEmpty/silent=false ... ok
2026-10-09T01:33:45.3638831Z test transfer/distinct/COPY/Absent/Populated/RememberEmpty/silent=true ... ok
2026-10-09T01:33:45.3639383Z test transfer/distinct/MOVE/Absent/Populated/Implicit/silent=false ... ok
2026-10-09T01:33:45.3639911Z test transfer/distinct/MOVE/Absent/Populated/Implicit/silent=true ... ok
2026-10-09T01:33:45.3640496Z test transfer/distinct/ADD/Absent/DefaultEmpty/RememberEmpty/silent=false ... ok
2026-10-09T01:33:45.3641070Z test transfer/distinct/ADD/Absent/DefaultEmpty/Implicit/silent=false ... ok
2026-10-09T01:33:45.3641641Z test transfer/distinct/MOVE/Absent/Populated/RememberEmpty/silent=true ... ok
2026-10-09T01:33:45.3642198Z test transfer/distinct/ADD/Absent/DefaultEmpty/Implicit/silent=true ... ok
2026-10-09T01:33:45.3642814Z test transfer/distinct/COPY/Absent/DefaultEmpty/RememberEmpty/silent=false ... ok
2026-10-09T01:33:45.3675453Z test transfer/distinct/ADD/Absent/DefaultEmpty/RememberEmpty/silent=true ... ok
2026-10-09T01:33:45.3705434Z test transfer/distinct/COPY/Absent/DefaultEmpty/Implicit/silent=false ... ok
2026-10-09T01:33:45.3745510Z test transfer/distinct/COPY/Absent/DefaultEmpty/Implicit/silent=true ... ok
2026-10-09T01:33:45.3746131Z test transfer/distinct/MOVE/Absent/DefaultEmpty/RememberEmpty/silent=false ... ok
2026-10-09T01:33:45.3746733Z test transfer/distinct/COPY/Absent/DefaultEmpty/RememberEmpty/silent=true ... ok
2026-10-09T01:33:45.3747313Z test transfer/distinct/MOVE/Absent/DefaultEmpty/Implicit/silent=false ... ok
2026-10-09T01:33:45.3747879Z test transfer/distinct/MOVE/Absent/DefaultEmpty/Implicit/silent=true ... ok
2026-10-09T01:33:45.3748477Z test transfer/distinct/ADD/Absent/DefaultPopulated/RememberEmpty/silent=false ... ok
2026-10-09T01:33:45.3749087Z test transfer/distinct/MOVE/Absent/DefaultEmpty/RememberEmpty/silent=true ... ok
2026-10-09T01:33:45.3749688Z test transfer/distinct/ADD/Absent/DefaultPopulated/Implicit/silent=false ... ok
2026-10-09T01:33:45.3750491Z test transfer/distinct/ADD/Absent/DefaultPopulated/Implicit/silent=true ... ok
2026-10-09T01:33:45.3751111Z test transfer/distinct/COPY/Absent/DefaultPopulated/RememberEmpty/silent=false ... ok
2026-10-09T01:33:45.3751739Z test transfer/distinct/ADD/Absent/DefaultPopulated/RememberEmpty/silent=true ... ok
2026-10-09T01:33:45.3752342Z test transfer/distinct/COPY/Absent/DefaultPopulated/Implicit/silent=false ... ok
2026-10-09T01:33:45.3752934Z test transfer/distinct/COPY/Absent/DefaultPopulated/Implicit/silent=true ... ok
2026-10-09T01:33:45.3753545Z test transfer/distinct/MOVE/Absent/DefaultPopulated/RememberEmpty/silent=false ... ok
2026-10-09T01:33:45.3754176Z test transfer/distinct/COPY/Absent/DefaultPopulated/RememberEmpty/silent=true ... ok
2026-10-09T01:33:45.3754790Z test transfer/distinct/MOVE/Absent/DefaultPopulated/Implicit/silent=false ... ok
2026-10-09T01:33:45.3755637Z test transfer/distinct/MOVE/Absent/DefaultPopulated/Implicit/silent=true ... ok
2026-10-09T01:33:45.3756256Z test transfer/distinct/MOVE/Absent/DefaultPopulated/RememberEmpty/silent=true ... ok
2026-10-09T01:33:45.3756839Z test transfer/distinct/ADD/Empty/Absent/RememberEmpty/silent=false ... ok
2026-10-09T01:33:45.3757358Z test transfer/distinct/ADD/Empty/Absent/Implicit/silent=false ... ok
2026-10-09T01:33:45.3757853Z test transfer/distinct/ADD/Empty/Absent/Implicit/silent=true ... ok
2026-10-09T01:33:45.3758367Z test transfer/distinct/ADD/Empty/Absent/RememberEmpty/silent=true ... ok
2026-10-09T01:33:45.3758881Z test transfer/distinct/COPY/Empty/Absent/Implicit/silent=false ... ok
2026-10-09T01:33:45.3759384Z test transfer/distinct/COPY/Empty/Absent/Implicit/silent=true ... ok
2026-10-09T01:33:45.3759909Z test transfer/distinct/COPY/Empty/Absent/RememberEmpty/silent=false ... ok
2026-10-09T01:33:45.3760445Z test transfer/distinct/COPY/Empty/Absent/RememberEmpty/silent=true ... ok
2026-10-09T01:33:45.3760972Z test transfer/distinct/MOVE/Empty/Absent/Implicit/silent=false ... ok
2026-10-09T01:33:45.3761479Z test transfer/distinct/MOVE/Empty/Absent/Implicit/silent=true ... ok
2026-10-09T01:33:45.3762000Z test transfer/distinct/MOVE/Empty/Absent/RememberEmpty/silent=false ... ok
2026-10-09T01:33:45.3762544Z test transfer/distinct/MOVE/Empty/Absent/RememberEmpty/silent=true ... ok
2026-10-09T01:33:45.3763059Z test transfer/distinct/ADD/Empty/Empty/Implicit/silent=false ... ok
2026-10-09T01:33:45.3763547Z test transfer/distinct/ADD/Empty/Empty/Implicit/silent=true ... ok
2026-10-09T01:33:45.3764058Z test transfer/distinct/ADD/Empty/Empty/RememberEmpty/silent=false ... ok
2026-10-09T01:33:45.3764589Z test transfer/distinct/ADD/Empty/Empty/RememberEmpty/silent=true ... ok
2026-10-09T01:33:45.3765199Z test transfer/distinct/COPY/Empty/Empty/Implicit/silent=false ... ok
2026-10-09T01:33:45.3765701Z test transfer/distinct/COPY/Empty/Empty/Implicit/silent=true ... ok
2026-10-09T01:33:45.3766224Z test transfer/distinct/COPY/Empty/Empty/RememberEmpty/silent=false ... ok
2026-10-09T01:33:45.3766754Z test transfer/distinct/COPY/Empty/Empty/RememberEmpty/silent=true ... ok
2026-10-09T01:33:45.3767272Z test transfer/distinct/MOVE/Empty/Empty/Implicit/silent=false ... ok
2026-10-09T01:33:45.3767767Z test transfer/distinct/MOVE/Empty/Empty/Implicit/silent=true ... ok
2026-10-09T01:33:45.3768280Z test transfer/distinct/MOVE/Empty/Empty/RememberEmpty/silent=false ... ok
2026-10-09T01:33:45.3768815Z test transfer/distinct/MOVE/Empty/Empty/RememberEmpty/silent=true ... ok
2026-10-09T01:33:45.3769337Z test transfer/distinct/ADD/Empty/Populated/Implicit/silent=false ... ok
2026-10-09T01:33:45.3769857Z test transfer/distinct/ADD/Empty/Populated/Implicit/silent=true ... ok
2026-10-09T01:33:45.3770393Z test transfer/distinct/ADD/Empty/Populated/RememberEmpty/silent=false ... ok
2026-10-09T01:33:45.3770961Z test transfer/distinct/ADD/Empty/Populated/RememberEmpty/silent=true ... ok
2026-10-09T01:33:45.3771510Z test transfer/distinct/COPY/Empty/Populated/Implicit/silent=false ... ok
2026-10-09T01:33:45.3772036Z test transfer/distinct/COPY/Empty/Populated/Implicit/silent=true ... ok
2026-10-09T01:33:45.3772725Z test transfer/distinct/COPY/Empty/Populated/RememberEmpty/silent=true ... ok
2026-10-09T01:33:45.3773262Z test transfer/distinct/MOVE/Empty/Populated/Implicit/silent=false ... ok
2026-10-09T01:33:45.3773787Z test transfer/distinct/MOVE/Empty/Populated/Implicit/silent=true ... ok
2026-10-09T01:33:45.3774334Z test transfer/distinct/MOVE/Empty/Populated/RememberEmpty/silent=false ... ok
2026-10-09T01:33:45.3774902Z test transfer/distinct/MOVE/Empty/Populated/RememberEmpty/silent=true ... ok
2026-10-09T01:33:45.3786176Z test transfer/distinct/COPY/Empty/Populated/RememberEmpty/silent=false ... ok
2026-10-09T01:33:45.3786738Z test transfer/distinct/ADD/Empty/DefaultEmpty/Implicit/silent=false ... ok
2026-10-09T01:33:45.3787279Z test transfer/distinct/ADD/Empty/DefaultEmpty/Implicit/silent=true ... ok
2026-10-09T01:33:45.3799432Z test transfer/distinct/ADD/Empty/DefaultEmpty/RememberEmpty/silent=true ... ok
2026-10-09T01:33:45.3800123Z test transfer/distinct/ADD/Empty/DefaultEmpty/RememberEmpty/silent=false ... ok
2026-10-09T01:33:45.3800704Z test transfer/distinct/COPY/Empty/DefaultEmpty/Implicit/silent=false ... ok
2026-10-09T01:33:45.3801284Z test transfer/distinct/COPY/Empty/DefaultEmpty/Implicit/silent=true ... ok
2026-10-09T01:33:45.3801879Z test transfer/distinct/COPY/Empty/DefaultEmpty/RememberEmpty/silent=false ... ok
2026-10-09T01:33:45.3802474Z test transfer/distinct/COPY/Empty/DefaultEmpty/RememberEmpty/silent=true ... ok
2026-10-09T01:33:45.3803051Z test transfer/distinct/MOVE/Empty/DefaultEmpty/Implicit/silent=false ... ok
2026-10-09T01:33:45.3803604Z test transfer/distinct/MOVE/Empty/DefaultEmpty/Implicit/silent=true ... ok
2026-10-09T01:33:45.3804178Z test transfer/distinct/MOVE/Empty/DefaultEmpty/RememberEmpty/silent=false ... ok
2026-10-09T01:33:45.3804747Z test transfer/distinct/MOVE/Empty/DefaultEmpty/RememberEmpty/silent=true ... ok
2026-10-09T01:33:45.3805450Z test transfer/distinct/ADD/Empty/DefaultPopulated/Implicit/silent=false ... ok
2026-10-09T01:33:45.3805975Z test transfer/distinct/ADD/Empty/DefaultPopulated/Implicit/silent=true ... ok
2026-10-09T01:33:45.3806431Z test transfer/distinct/ADD/Empty/DefaultPopulated/RememberEmpty/silent=false ... ok
2026-10-09T01:33:45.3806782Z test transfer/distinct/ADD/Empty/DefaultPopulated/RememberEmpty/silent=true ... ok
2026-10-09T01:33:45.3807121Z test transfer/distinct/COPY/Empty/DefaultPopulated/Implicit/silent=false ... ok
2026-10-09T01:33:45.3807452Z test transfer/distinct/COPY/Empty/DefaultPopulated/Implicit/silent=true ... ok
2026-10-09T01:33:45.3807820Z test transfer/distinct/COPY/Empty/DefaultPopulated/RememberEmpty/silent=false ... ok
2026-10-09T01:33:45.3808163Z test transfer/distinct/MOVE/Empty/DefaultPopulated/Implicit/silent=false ... ok
2026-10-09T01:33:45.3808676Z test transfer/distinct/COPY/Empty/DefaultPopulated/RememberEmpty/silent=true ... ok
2026-10-09T01:33:45.3809235Z test transfer/distinct/MOVE/Empty/DefaultPopulated/Implicit/silent=true ... ok
2026-10-09T01:33:45.3809811Z test transfer/distinct/MOVE/Empty/DefaultPopulated/RememberEmpty/silent=false ... ok
2026-10-09T01:33:45.3810344Z test transfer/distinct/MOVE/Empty/DefaultPopulated/RememberEmpty/silent=true ... ok
2026-10-09T01:33:45.3810669Z test transfer/distinct/ADD/Populated/Absent/Implicit/silent=false ... ok
2026-10-09T01:33:45.3810972Z test transfer/distinct/ADD/Populated/Absent/Implicit/silent=true ... ok
2026-10-09T01:33:45.3811330Z test transfer/distinct/ADD/Populated/Absent/RememberEmpty/silent=false ... ok
2026-10-09T01:33:45.3811750Z test transfer/distinct/ADD/Populated/Absent/RememberEmpty/silent=true ... ok
2026-10-09T01:33:45.3812061Z test transfer/distinct/COPY/Populated/Absent/Implicit/silent=false ... ok
2026-10-09T01:33:45.3812394Z test transfer/distinct/COPY/Populated/Absent/Implicit/silent=true ... ok
2026-10-09T01:33:45.3812709Z test transfer/distinct/COPY/Populated/Absent/RememberEmpty/silent=false ... ok
2026-10-09T01:33:45.3813037Z test transfer/distinct/COPY/Populated/Absent/RememberEmpty/silent=true ... ok
2026-10-09T01:33:45.3813499Z test transfer/distinct/MOVE/Populated/Absent/Implicit/silent=false ... ok
2026-10-09T01:33:45.3813800Z test transfer/distinct/MOVE/Populated/Absent/Implicit/silent=true ... ok
2026-10-09T01:33:45.3814113Z test transfer/distinct/MOVE/Populated/Absent/RememberEmpty/silent=true ... ok
2026-10-09T01:33:45.3814436Z test transfer/distinct/MOVE/Populated/Absent/RememberEmpty/silent=false ... ok
2026-10-09T01:33:45.3814747Z test transfer/distinct/ADD/Populated/Empty/Implicit/silent=false ... ok
2026-10-09T01:33:45.3815182Z test transfer/distinct/ADD/Populated/Empty/Implicit/silent=true ... ok
2026-10-09T01:33:45.3815490Z test transfer/distinct/ADD/Populated/Empty/RememberEmpty/silent=false ... ok
2026-10-09T01:33:45.3815812Z test transfer/distinct/ADD/Populated/Empty/RememberEmpty/silent=true ... ok
2026-10-09T01:33:45.3816264Z test transfer/distinct/COPY/Populated/Empty/Implicit/silent=false ... ok
2026-10-09T01:33:45.3816562Z test transfer/distinct/COPY/Populated/Empty/Implicit/silent=true ... ok
2026-10-09T01:33:45.3816873Z test transfer/distinct/COPY/Populated/Empty/RememberEmpty/silent=false ... ok
2026-10-09T01:33:45.3817181Z test transfer/distinct/MOVE/Populated/Empty/Implicit/silent=false ... ok
2026-10-09T01:33:45.3817496Z test transfer/distinct/COPY/Populated/Empty/RememberEmpty/silent=true ... ok
2026-10-09T01:33:45.3817939Z test transfer/distinct/MOVE/Populated/Empty/Implicit/silent=true ... ok
2026-10-09T01:33:45.3818421Z test transfer/distinct/MOVE/Populated/Empty/RememberEmpty/silent=false ... ok
2026-10-09T01:33:45.3818740Z test transfer/distinct/MOVE/Populated/Empty/RememberEmpty/silent=true ... ok
2026-10-09T01:33:45.3819059Z test transfer/distinct/ADD/Populated/Populated/Implicit/silent=false ... ok
2026-10-09T01:33:45.3819378Z test transfer/distinct/ADD/Populated/Populated/Implicit/silent=true ... ok
2026-10-09T01:33:45.3819924Z test transfer/distinct/ADD/Populated/Populated/RememberEmpty/silent=false ... ok
2026-10-09T01:33:45.3820478Z test transfer/distinct/ADD/Populated/Populated/RememberEmpty/silent=true ... ok
2026-10-09T01:33:45.3821019Z test transfer/distinct/COPY/Populated/Populated/Implicit/silent=false ... ok
2026-10-09T01:33:45.3821453Z test transfer/distinct/COPY/Populated/Populated/Implicit/silent=true ... ok
2026-10-09T01:33:45.3821877Z test transfer/distinct/COPY/Populated/Populated/RememberEmpty/silent=false ... ok
2026-10-09T01:33:45.3822421Z test transfer/distinct/COPY/Populated/Populated/RememberEmpty/silent=true ... ok
2026-10-09T01:33:45.3822769Z test transfer/distinct/MOVE/Populated/Populated/Implicit/silent=false ... ok
2026-10-09T01:33:45.3823089Z test transfer/distinct/MOVE/Populated/Populated/Implicit/silent=true ... ok
2026-10-09T01:33:45.3823417Z test transfer/distinct/MOVE/Populated/Populated/RememberEmpty/silent=false ... ok
2026-10-09T01:33:45.3823765Z test transfer/distinct/MOVE/Populated/Populated/RememberEmpty/silent=true ... ok
2026-10-09T01:33:45.3824099Z test transfer/distinct/ADD/Populated/DefaultEmpty/Implicit/silent=true ... ok
2026-10-09T01:33:45.3824428Z test transfer/distinct/ADD/Populated/DefaultEmpty/Implicit/silent=false ... ok
2026-10-09T01:33:45.3824767Z test transfer/distinct/ADD/Populated/DefaultEmpty/RememberEmpty/silent=false ... ok
2026-10-09T01:33:45.3825236Z test transfer/distinct/ADD/Populated/DefaultEmpty/RememberEmpty/silent=true ... ok
2026-10-09T01:33:45.3825572Z test transfer/distinct/COPY/Populated/DefaultEmpty/Implicit/silent=false ... ok
2026-10-09T01:33:45.3825902Z test transfer/distinct/COPY/Populated/DefaultEmpty/Implicit/silent=true ... ok
2026-10-09T01:33:45.3826243Z test transfer/distinct/COPY/Populated/DefaultEmpty/RememberEmpty/silent=false ... ok
2026-10-09T01:33:45.3826596Z test transfer/distinct/COPY/Populated/DefaultEmpty/RememberEmpty/silent=true ... ok
2026-10-09T01:33:45.3826934Z test transfer/distinct/MOVE/Populated/DefaultEmpty/Implicit/silent=false ... ok
2026-10-09T01:33:45.3827260Z test transfer/distinct/MOVE/Populated/DefaultEmpty/Implicit/silent=true ... ok
2026-10-09T01:33:45.3827704Z test transfer/distinct/MOVE/Populated/DefaultEmpty/RememberEmpty/silent=false ... ok
2026-10-09T01:33:45.3828053Z test transfer/distinct/MOVE/Populated/DefaultEmpty/RememberEmpty/silent=true ... ok
2026-10-09T01:33:45.3828400Z test transfer/distinct/ADD/Populated/DefaultPopulated/Implicit/silent=false ... ok
2026-10-09T01:33:45.3828744Z test transfer/distinct/ADD/Populated/DefaultPopulated/Implicit/silent=true ... ok
2026-10-09T01:33:45.3829095Z test transfer/distinct/ADD/Populated/DefaultPopulated/RememberEmpty/silent=true ... ok
2026-10-09T01:33:45.3829607Z test transfer/distinct/ADD/Populated/DefaultPopulated/RememberEmpty/silent=false ... ok
2026-10-09T01:33:45.3830128Z test transfer/distinct/COPY/Populated/DefaultPopulated/Implicit/silent=false ... ok
2026-10-09T01:33:45.3830659Z test transfer/distinct/COPY/Populated/DefaultPopulated/Implicit/silent=true ... ok
2026-10-09T01:33:45.3831341Z test transfer/distinct/COPY/Populated/DefaultPopulated/RememberEmpty/silent=false ... ok
2026-10-09T01:33:45.3831938Z test transfer/distinct/COPY/Populated/DefaultPopulated/RememberEmpty/silent=true ... ok
2026-10-09T01:33:45.3832508Z test transfer/distinct/MOVE/Populated/DefaultPopulated/Implicit/silent=false ... ok
2026-10-09T01:33:45.3833014Z test transfer/distinct/MOVE/Populated/DefaultPopulated/Implicit/silent=true ... ok
2026-10-09T01:33:45.3833585Z test transfer/distinct/MOVE/Populated/DefaultPopulated/RememberEmpty/silent=false ... ok
2026-10-09T01:33:45.3834119Z test transfer/distinct/MOVE/Populated/DefaultPopulated/RememberEmpty/silent=true ... ok
2026-10-09T01:33:45.3834486Z test transfer/distinct/ADD/DefaultEmpty/Absent/Implicit/silent=false ... ok
2026-10-09T01:33:45.3835032Z test transfer/distinct/ADD/DefaultEmpty/Absent/Implicit/silent=true ... ok
2026-10-09T01:33:45.3835563Z test transfer/distinct/ADD/DefaultEmpty/Absent/RememberEmpty/silent=false ... ok
2026-10-09T01:33:45.3836777Z test transfer/distinct/ADD/DefaultEmpty/Absent/RememberEmpty/silent=true ... ok
2026-10-09T01:33:45.3837300Z test transfer/distinct/COPY/DefaultEmpty/Absent/Implicit/silent=false ... ok
2026-10-09T01:33:45.3837799Z test transfer/distinct/COPY/DefaultEmpty/Absent/Implicit/silent=true ... ok
2026-10-09T01:33:45.3838361Z test transfer/distinct/COPY/DefaultEmpty/Absent/RememberEmpty/silent=false ... ok
2026-10-09T01:33:45.3838946Z test transfer/distinct/COPY/DefaultEmpty/Absent/RememberEmpty/silent=true ... ok
2026-10-09T01:33:45.3839377Z test transfer/distinct/MOVE/DefaultEmpty/Absent/Implicit/silent=false ... ok
2026-10-09T01:33:45.3839877Z test transfer/distinct/MOVE/DefaultEmpty/Absent/Implicit/silent=true ... ok
2026-10-09T01:33:45.3840269Z test transfer/distinct/MOVE/DefaultEmpty/Absent/RememberEmpty/silent=true ... ok
2026-10-09T01:33:45.3840803Z test transfer/distinct/MOVE/DefaultEmpty/Absent/RememberEmpty/silent=false ... ok
2026-10-09T01:33:45.3841200Z test transfer/distinct/ADD/DefaultEmpty/Empty/Implicit/silent=false ... ok
2026-10-09T01:33:45.3841509Z test transfer/distinct/ADD/DefaultEmpty/Empty/Implicit/silent=true ... ok
2026-10-09T01:33:45.3843300Z test transfer/distinct/ADD/DefaultEmpty/Empty/RememberEmpty/silent=false ... ok
2026-10-09T01:33:45.3843724Z test transfer/distinct/COPY/DefaultEmpty/Empty/Implicit/silent=false ... ok
2026-10-09T01:33:45.3844114Z test transfer/distinct/ADD/DefaultEmpty/Empty/RememberEmpty/silent=true ... ok
2026-10-09T01:33:45.3844628Z test transfer/distinct/COPY/DefaultEmpty/Empty/Implicit/silent=true ... ok
2026-10-09T01:33:45.3845256Z test transfer/distinct/COPY/DefaultEmpty/Empty/RememberEmpty/silent=false ... ok
2026-10-09T01:33:45.3845799Z test transfer/distinct/COPY/DefaultEmpty/Empty/RememberEmpty/silent=true ... ok
2026-10-09T01:33:45.3846316Z test transfer/distinct/MOVE/DefaultEmpty/Empty/Implicit/silent=true ... ok
2026-10-09T01:33:45.3846838Z test transfer/distinct/MOVE/DefaultEmpty/Empty/Implicit/silent=false ... ok
2026-10-09T01:33:45.3847218Z test transfer/distinct/MOVE/DefaultEmpty/Empty/RememberEmpty/silent=false ... ok
2026-10-09T01:33:45.3847657Z test transfer/distinct/MOVE/DefaultEmpty/Empty/RememberEmpty/silent=true ... ok
2026-10-09T01:33:45.3847982Z test transfer/distinct/ADD/DefaultEmpty/Populated/Implicit/silent=false ... ok
2026-10-09T01:33:45.3848303Z test transfer/distinct/ADD/DefaultEmpty/Populated/Implicit/silent=true ... ok
2026-10-09T01:33:45.3848638Z test transfer/distinct/ADD/DefaultEmpty/Populated/RememberEmpty/silent=false ... ok
2026-10-09T01:33:45.3848982Z test transfer/distinct/ADD/DefaultEmpty/Populated/RememberEmpty/silent=true ... ok
2026-10-09T01:33:45.3849317Z test transfer/distinct/COPY/DefaultEmpty/Populated/Implicit/silent=false ... ok
2026-10-09T01:33:45.3849642Z test transfer/distinct/COPY/DefaultEmpty/Populated/Implicit/silent=true ... ok
2026-10-09T01:33:45.3849977Z test transfer/distinct/COPY/DefaultEmpty/Populated/RememberEmpty/silent=true ... ok
2026-10-09T01:33:45.3850326Z test transfer/distinct/COPY/DefaultEmpty/Populated/RememberEmpty/silent=false ... ok
2026-10-09T01:33:45.3850751Z test transfer/distinct/MOVE/DefaultEmpty/Populated/Implicit/silent=false ... ok
2026-10-09T01:33:45.3851080Z test transfer/distinct/MOVE/DefaultEmpty/Populated/Implicit/silent=true ... ok
2026-10-09T01:33:45.3851411Z test transfer/distinct/MOVE/DefaultEmpty/Populated/RememberEmpty/silent=true ... ok
2026-10-09T01:33:45.3851757Z test transfer/distinct/MOVE/DefaultEmpty/Populated/RememberEmpty/silent=false ... ok
2026-10-09T01:33:45.3852095Z test transfer/distinct/ADD/DefaultPopulated/Absent/Implicit/silent=false ... ok
2026-10-09T01:33:45.3852421Z test transfer/distinct/ADD/DefaultPopulated/Absent/Implicit/silent=true ... ok
2026-10-09T01:33:45.3852754Z test transfer/distinct/ADD/DefaultPopulated/Absent/RememberEmpty/silent=true ... ok
2026-10-09T01:33:45.3853101Z test transfer/distinct/ADD/DefaultPopulated/Absent/RememberEmpty/silent=false ... ok
2026-10-09T01:33:45.3853441Z test transfer/distinct/COPY/DefaultPopulated/Absent/Implicit/silent=false ... ok
2026-10-09T01:33:45.3853770Z test transfer/distinct/COPY/DefaultPopulated/Absent/Implicit/silent=true ... ok
2026-10-09T01:33:45.3854118Z test transfer/distinct/COPY/DefaultPopulated/Absent/RememberEmpty/silent=false ... ok
2026-10-09T01:33:45.3854468Z test transfer/distinct/COPY/DefaultPopulated/Absent/RememberEmpty/silent=true ... ok
2026-10-09T01:33:45.3854807Z test transfer/distinct/MOVE/DefaultPopulated/Absent/Implicit/silent=false ... ok
2026-10-09T01:33:45.3855263Z test transfer/distinct/MOVE/DefaultPopulated/Absent/Implicit/silent=true ... ok
2026-10-09T01:33:45.3855604Z test transfer/distinct/MOVE/DefaultPopulated/Absent/RememberEmpty/silent=false ... ok
2026-10-09T01:33:45.3855945Z test transfer/distinct/ADD/DefaultPopulated/Empty/Implicit/silent=false ... ok
2026-10-09T01:33:45.3856333Z test transfer/distinct/MOVE/DefaultPopulated/Absent/RememberEmpty/silent=true ... ok
2026-10-09T01:33:45.3856879Z test transfer/distinct/ADD/DefaultPopulated/Empty/Implicit/silent=true ... ok
2026-10-09T01:33:45.3857439Z test transfer/distinct/ADD/DefaultPopulated/Empty/RememberEmpty/silent=false ... ok
2026-10-09T01:33:45.3858008Z test transfer/distinct/ADD/DefaultPopulated/Empty/RememberEmpty/silent=true ... ok
2026-10-09T01:33:45.3858596Z test transfer/distinct/COPY/DefaultPopulated/Empty/Implicit/silent=false ... ok
2026-10-09T01:33:45.3859054Z test transfer/distinct/COPY/DefaultPopulated/Empty/Implicit/silent=true ... ok
2026-10-09T01:33:45.3859488Z test transfer/distinct/COPY/DefaultPopulated/Empty/RememberEmpty/silent=false ... ok
2026-10-09T01:33:45.3860044Z test transfer/distinct/COPY/DefaultPopulated/Empty/RememberEmpty/silent=true ... ok
2026-10-09T01:33:45.3860400Z test transfer/distinct/MOVE/DefaultPopulated/Empty/Implicit/silent=false ... ok
2026-10-09T01:33:45.3860723Z test transfer/distinct/MOVE/DefaultPopulated/Empty/Implicit/silent=true ... ok
2026-10-09T01:33:45.3861074Z test transfer/distinct/MOVE/DefaultPopulated/Empty/RememberEmpty/silent=false ... ok
2026-10-09T01:33:45.3861425Z test transfer/distinct/ADD/DefaultPopulated/Populated/Implicit/silent=false ... ok
2026-10-09T01:33:45.3861876Z test transfer/distinct/MOVE/DefaultPopulated/Empty/RememberEmpty/silent=true ... ok
2026-10-09T01:33:45.3862220Z test transfer/distinct/ADD/DefaultPopulated/Populated/Implicit/silent=true ... ok
2026-10-09T01:33:45.3862574Z test transfer/distinct/ADD/DefaultPopulated/Populated/RememberEmpty/silent=false ... ok
2026-10-09T01:33:45.3862943Z test transfer/distinct/ADD/DefaultPopulated/Populated/RememberEmpty/silent=true ... ok
2026-10-09T01:33:45.3863296Z test transfer/distinct/COPY/DefaultPopulated/Populated/Implicit/silent=false ... ok
2026-10-09T01:33:45.3863643Z test transfer/distinct/COPY/DefaultPopulated/Populated/Implicit/silent=true ... ok
2026-10-09T01:33:45.3864000Z test transfer/distinct/COPY/DefaultPopulated/Populated/RememberEmpty/silent=false ... ok
2026-10-09T01:33:45.3864356Z test transfer/distinct/MOVE/DefaultPopulated/Populated/Implicit/silent=false ... ok
2026-10-09T01:33:45.3864811Z test transfer/distinct/COPY/DefaultPopulated/Populated/RememberEmpty/silent=true ... ok
2026-10-09T01:33:45.3865340Z test transfer/distinct/MOVE/DefaultPopulated/Populated/Implicit/silent=true ... ok
2026-10-09T01:33:45.3865695Z test transfer/distinct/MOVE/DefaultPopulated/Populated/RememberEmpty/silent=false ... ok
2026-10-09T01:33:45.3866010Z test transfer/self/ADD/Absent/RememberEmpty/silent=false ... ok
2026-10-09T01:33:45.3866268Z test transfer/self/ADD/Absent/Implicit/silent=false ... ok
2026-10-09T01:33:45.3866581Z test transfer/distinct/MOVE/DefaultPopulated/Populated/RememberEmpty/silent=true ... ok
2026-10-09T01:33:45.3866973Z test transfer/self/ADD/Absent/Implicit/silent=true ... ok
2026-10-09T01:33:45.3867366Z test transfer/self/ADD/Absent/RememberEmpty/silent=true ... ok
2026-10-09T01:33:45.3867728Z test transfer/self/COPY/Absent/Implicit/silent=false ... ok
2026-10-09T01:33:45.3868120Z test transfer/self/COPY/Absent/Implicit/silent=true ... ok
2026-10-09T01:33:45.3868557Z test transfer/self/COPY/Absent/RememberEmpty/silent=false ... ok
2026-10-09T01:33:45.3868975Z test transfer/self/COPY/Absent/RememberEmpty/silent=true ... ok
2026-10-09T01:33:45.3869392Z test transfer/self/MOVE/Absent/Implicit/silent=false ... ok
2026-10-09T01:33:45.3869799Z test transfer/self/MOVE/Absent/RememberEmpty/silent=false ... ok
2026-10-09T01:33:45.3870216Z test transfer/self/MOVE/Absent/Implicit/silent=true ... ok
2026-10-09T01:33:45.3870610Z test transfer/self/MOVE/Absent/RememberEmpty/silent=true ... ok
2026-10-09T01:33:45.3870999Z test transfer/self/ADD/Empty/Implicit/silent=false ... ok
2026-10-09T01:33:45.3871372Z test transfer/self/ADD/Empty/Implicit/silent=true ... ok
2026-10-09T01:33:45.3871796Z test transfer/self/ADD/Empty/RememberEmpty/silent=false ... ok
2026-10-09T01:33:45.3872209Z test transfer/self/ADD/Empty/RememberEmpty/silent=true ... ok
2026-10-09T01:33:45.3872601Z test transfer/self/COPY/Empty/Implicit/silent=false ... ok
2026-10-09T01:33:45.3872938Z test transfer/self/COPY/Empty/Implicit/silent=true ... ok
2026-10-09T01:33:45.3873191Z test transfer/self/COPY/Empty/RememberEmpty/silent=false ... ok
2026-10-09T01:33:45.3873534Z test transfer/self/COPY/Empty/RememberEmpty/silent=true ... ok
2026-10-09T01:33:45.3873947Z test transfer/self/MOVE/Empty/Implicit/silent=false ... ok
2026-10-09T01:33:45.3874339Z test transfer/self/MOVE/Empty/Implicit/silent=true ... ok
2026-10-09T01:33:45.3874755Z test transfer/self/MOVE/Empty/RememberEmpty/silent=false ... ok
2026-10-09T01:33:45.3875242Z test transfer/self/MOVE/Empty/RememberEmpty/silent=true ... ok
2026-10-09T01:33:45.3875550Z test transfer/self/ADD/Populated/Implicit/silent=true ... ok
2026-10-09T01:33:45.3875819Z test transfer/self/ADD/Populated/RememberEmpty/silent=false ... ok
2026-10-09T01:33:45.3876232Z test transfer/self/ADD/Populated/RememberEmpty/silent=true ... ok
2026-10-09T01:33:45.3876500Z test transfer/self/COPY/Populated/Implicit/silent=false ... ok
2026-10-09T01:33:45.3876771Z test transfer/self/COPY/Populated/RememberEmpty/silent=false ... ok
2026-10-09T01:33:45.3877041Z test transfer/self/COPY/Populated/Implicit/silent=true ... ok
2026-10-09T01:33:45.3877433Z test transfer/self/COPY/Populated/RememberEmpty/silent=true ... ok
2026-10-09T01:33:45.3877705Z test transfer/self/ADD/Populated/Implicit/silent=false ... ok
2026-10-09T01:33:45.3877962Z test transfer/self/MOVE/Populated/Implicit/silent=false ... ok
2026-10-09T01:33:45.3878215Z test transfer/self/MOVE/Populated/Implicit/silent=true ... ok
2026-10-09T01:33:45.3878485Z test transfer/self/MOVE/Populated/RememberEmpty/silent=false ... ok
2026-10-09T01:33:45.3878761Z test transfer/self/MOVE/Populated/RememberEmpty/silent=true ... ok
2026-10-09T01:33:45.3879035Z test transfer/self/ADD/DefaultEmpty/Implicit/silent=false ... ok
2026-10-09T01:33:45.3879304Z test transfer/self/ADD/DefaultEmpty/Implicit/silent=true ... ok
2026-10-09T01:33:45.3879581Z test transfer/self/ADD/DefaultEmpty/RememberEmpty/silent=false ... ok
2026-10-09T01:33:45.3879862Z test transfer/self/COPY/DefaultEmpty/Implicit/silent=false ... ok
2026-10-09T01:33:45.3880223Z test transfer/self/ADD/DefaultEmpty/RememberEmpty/silent=true ... ok
2026-10-09T01:33:45.3880500Z test transfer/self/COPY/DefaultEmpty/Implicit/silent=true ... ok
2026-10-09T01:33:45.3880782Z test transfer/self/COPY/DefaultEmpty/RememberEmpty/silent=false ... ok
2026-10-09T01:33:45.3881062Z test transfer/self/MOVE/DefaultEmpty/Implicit/silent=false ... ok
2026-10-09T01:33:45.3881338Z test transfer/self/COPY/DefaultEmpty/RememberEmpty/silent=true ... ok
2026-10-09T01:33:45.3881613Z test transfer/self/MOVE/DefaultEmpty/Implicit/silent=true ... ok
2026-10-09T01:33:45.3881888Z test transfer/self/MOVE/DefaultEmpty/RememberEmpty/silent=false ... ok
2026-10-09T01:33:45.3882178Z test transfer/self/MOVE/DefaultEmpty/RememberEmpty/silent=true ... ok
2026-10-09T01:33:45.3882461Z test transfer/self/ADD/DefaultPopulated/Implicit/silent=false ... ok
2026-10-09T01:33:45.3882860Z test transfer/self/ADD/DefaultPopulated/Implicit/silent=true ... ok
2026-10-09T01:33:45.3883327Z test transfer/self/ADD/DefaultPopulated/RememberEmpty/silent=false ... ok
2026-10-09T01:33:45.3883815Z test transfer/self/ADD/DefaultPopulated/RememberEmpty/silent=true ... ok
2026-10-09T01:33:45.3884296Z test transfer/self/COPY/DefaultPopulated/Implicit/silent=false ... ok
2026-10-09T01:33:45.3884788Z test transfer/self/COPY/DefaultPopulated/Implicit/silent=true ... ok
2026-10-09T01:33:45.3885399Z test transfer/self/COPY/DefaultPopulated/RememberEmpty/silent=false ... ok
2026-10-09T01:33:45.3885905Z test transfer/self/COPY/DefaultPopulated/RememberEmpty/silent=true ... ok
2026-10-09T01:33:45.3886404Z test transfer/self/MOVE/DefaultPopulated/Implicit/silent=false ... ok
2026-10-09T01:33:45.3886875Z test transfer/self/MOVE/DefaultPopulated/Implicit/silent=true ... ok
2026-10-09T01:33:45.3887332Z test transfer/self/MOVE/DefaultPopulated/RememberEmpty/silent=false ... ok
2026-10-09T01:33:45.3887830Z test transfer/self/MOVE/DefaultPopulated/RememberEmpty/silent=true ... ok
2026-10-09T01:33:45.3888231Z test create/Absent/Implicit/silent=false ... ok
2026-10-09T01:33:45.3888547Z test clear/one/CLEAR/Absent/Implicit/silent=false ... ok
2026-10-09T01:33:45.3888777Z test load/Absent/failed/Implicit/silent=false ... ok
2026-10-09T01:33:45.3888997Z test load/Absent/empty/Implicit/silent=false ... ok
2026-10-09T01:33:45.3889223Z test clear/one/DROP/Absent/Implicit/silent=false ... ok
2026-10-09T01:33:45.3889453Z test load/Absent/populated/Implicit/silent=false ... ok
2026-10-09T01:33:45.3889666Z test create/Empty/Implicit/silent=false ... ok
2026-10-09T01:33:45.3889884Z test clear/one/CLEAR/Empty/Implicit/silent=false ... ok
2026-10-09T01:33:45.3890105Z test load/Empty/failed/Implicit/silent=false ... ok
2026-10-09T01:33:45.3890331Z test clear/one/DROP/Empty/Implicit/silent=false ... ok
2026-10-09T01:33:45.3890549Z test load/Empty/empty/Implicit/silent=false ... ok
2026-10-09T01:33:45.3890772Z test load/Empty/populated/Implicit/silent=false ... ok
2026-10-09T01:33:45.3890989Z test create/Populated/Implicit/silent=false ... ok
2026-10-09T01:33:45.3891225Z test clear/one/CLEAR/Populated/Implicit/silent=false ... ok
2026-10-09T01:33:45.3891605Z test clear/one/DROP/Populated/Implicit/silent=false ... ok
2026-10-09T01:33:45.3891933Z test load/Populated/failed/Implicit/silent=false ... ok
2026-10-09T01:33:45.3892311Z test load/Populated/empty/Implicit/silent=false ... ok
2026-10-09T01:33:45.3892716Z test load/Populated/populated/Implicit/silent=false ... ok
2026-10-09T01:33:45.3893131Z test clear/one/DROP/DefaultEmpty/Implicit/silent=false ... ok
2026-10-09T01:33:45.3893564Z test clear/one/CLEAR/DefaultEmpty/Implicit/silent=false ... ok
2026-10-09T01:33:45.3893996Z test load/DefaultEmpty/failed/Implicit/silent=false ... ok
2026-10-09T01:33:45.3894415Z test load/DefaultEmpty/empty/Implicit/silent=false ... ok
2026-10-09T01:33:45.3894870Z test clear/one/DROP/DefaultPopulated/Implicit/silent=false ... ok
2026-10-09T01:33:45.3895550Z test load/DefaultEmpty/populated/Implicit/silent=false ... ok
2026-10-09T01:33:45.3896022Z test clear/one/CLEAR/DefaultPopulated/Implicit/silent=false ... ok
2026-10-09T01:33:45.3896622Z test load/DefaultPopulated/failed/Implicit/silent=false ... ok
2026-10-09T01:33:45.3897082Z test load/DefaultPopulated/empty/Implicit/silent=false ... ok
2026-10-09T01:33:45.3897547Z test clear/bulk/CLEAR/none/all=true/Implicit/silent=false ... ok
2026-10-09T01:33:45.3898011Z test clear/bulk/CLEAR/none/all=false/Implicit/silent=false ... ok
2026-10-09T01:33:45.3898484Z test load/DefaultPopulated/populated/Implicit/silent=false ... ok
2026-10-09T01:33:45.3898963Z test clear/bulk/CLEAR/empty/all=false/Implicit/silent=false ... ok
2026-10-09T01:33:45.3899436Z test clear/bulk/CLEAR/empty/all=true/Implicit/silent=false ... ok
2026-10-09T01:33:45.3899900Z test clear/bulk/CLEAR/mixed/all=false/Implicit/silent=false ... ok
2026-10-09T01:33:45.3900373Z test clear/bulk/CLEAR/mixed/all=true/Implicit/silent=false ... ok
2026-10-09T01:33:45.3900823Z test clear/bulk/DROP/none/all=false/Implicit/silent=false ... ok
2026-10-09T01:33:45.3901268Z test clear/bulk/DROP/none/all=true/Implicit/silent=false ... ok
2026-10-09T01:33:45.3901707Z test clear/bulk/DROP/empty/all=true/Implicit/silent=false ... ok
2026-10-09T01:33:45.3902157Z test clear/bulk/DROP/empty/all=false/Implicit/silent=false ... ok
2026-10-09T01:33:45.3902606Z test clear/bulk/DROP/mixed/all=false/Implicit/silent=false ... ok
2026-10-09T01:33:45.3903044Z test clear/bulk/DROP/mixed/all=true/Implicit/silent=false ... ok
2026-10-09T01:33:45.3903429Z test create/Absent/Implicit/silent=true ... ok
2026-10-09T01:33:45.3903784Z test clear/one/DROP/Absent/Implicit/silent=true ... ok
2026-10-09T01:33:45.3904173Z test clear/one/CLEAR/Absent/Implicit/silent=true ... ok
2026-10-09T01:33:45.3904539Z test load/Absent/empty/Implicit/silent=true ... ok
2026-10-09T01:33:45.3904902Z test load/Absent/failed/Implicit/silent=true ... ok
2026-10-09T01:33:45.3905469Z test load/Absent/populated/Implicit/silent=true ... ok
2026-10-09T01:33:45.3905868Z test clear/one/CLEAR/Empty/Implicit/silent=true ... ok
2026-10-09T01:33:45.3906239Z test create/Empty/Implicit/silent=true ... ok
2026-10-09T01:33:45.3906617Z test clear/one/DROP/Empty/Implicit/silent=true ... ok
2026-10-09T01:33:45.3906999Z test load/Empty/empty/Implicit/silent=true ... ok
2026-10-09T01:33:45.3907386Z test load/Empty/populated/Implicit/silent=true ... ok
2026-10-09T01:33:45.3907768Z test load/Empty/failed/Implicit/silent=true ... ok
2026-10-09T01:33:45.3908142Z test create/Populated/Implicit/silent=true ... ok
2026-10-09T01:33:45.3908546Z test clear/one/CLEAR/Populated/Implicit/silent=true ... ok
2026-10-09T01:33:45.3908976Z test clear/one/DROP/Populated/Implicit/silent=true ... ok
2026-10-09T01:33:45.3909383Z test load/Populated/empty/Implicit/silent=true ... ok
2026-10-09T01:33:45.3909809Z test clear/one/CLEAR/DefaultEmpty/Implicit/silent=true ... ok
2026-10-09T01:33:45.3910238Z test load/Populated/failed/Implicit/silent=true ... ok
2026-10-09T01:33:45.3910668Z test load/Populated/populated/Implicit/silent=true ... ok
2026-10-09T01:33:45.3911111Z test clear/one/DROP/DefaultEmpty/Implicit/silent=true ... ok
2026-10-09T01:33:45.3911547Z test load/DefaultEmpty/empty/Implicit/silent=true ... ok
2026-10-09T01:33:45.3912172Z test load/DefaultEmpty/failed/Implicit/silent=true ... ok
2026-10-09T01:33:45.3912608Z test load/DefaultEmpty/populated/Implicit/silent=true ... ok
2026-10-09T01:33:45.3913082Z test clear/one/CLEAR/DefaultPopulated/Implicit/silent=true ... ok
2026-10-09T01:33:45.3913567Z test clear/one/DROP/DefaultPopulated/Implicit/silent=true ... ok
2026-10-09T01:33:45.3914036Z test load/DefaultPopulated/empty/Implicit/silent=true ... ok
2026-10-09T01:33:45.3914505Z test load/DefaultPopulated/populated/Implicit/silent=true ... ok
2026-10-09T01:33:45.3915074Z test clear/bulk/CLEAR/none/all=false/Implicit/silent=true ... ok
2026-10-09T01:33:45.3915507Z test load/DefaultPopulated/failed/Implicit/silent=true ... ok
2026-10-09T01:33:45.3915966Z test clear/bulk/CLEAR/none/all=true/Implicit/silent=true ... ok
2026-10-09T01:33:45.3916443Z test clear/bulk/CLEAR/empty/all=false/Implicit/silent=true ... ok
2026-10-09T01:33:45.3917025Z test clear/bulk/CLEAR/empty/all=true/Implicit/silent=true ... ok
2026-10-09T01:33:45.3917495Z test clear/bulk/CLEAR/mixed/all=true/Implicit/silent=true ... ok
2026-10-09T01:33:45.3917958Z test clear/bulk/CLEAR/mixed/all=false/Implicit/silent=true ... ok
2026-10-09T01:33:45.3918416Z test clear/bulk/DROP/none/all=false/Implicit/silent=true ... ok
2026-10-09T01:33:45.3918880Z test clear/bulk/DROP/none/all=true/Implicit/silent=true ... ok
2026-10-09T01:33:45.3919348Z test clear/bulk/DROP/empty/all=false/Implicit/silent=true ... ok
2026-10-09T01:33:45.3919812Z test clear/bulk/DROP/empty/all=true/Implicit/silent=true ... ok
2026-10-09T01:33:45.3920276Z test clear/bulk/DROP/mixed/all=true/Implicit/silent=true ... ok
2026-10-09T01:33:45.3920737Z test clear/bulk/DROP/mixed/all=false/Implicit/silent=true ... ok
2026-10-09T01:33:45.3921088Z test row/0/Implicit ... ok
2026-10-09T01:33:45.3921331Z test row/1/Implicit ... ok
2026-10-09T01:33:45.3921571Z test row/3/Implicit ... ok
2026-10-09T01:33:45.3921810Z test row/2/Implicit ... ok
2026-10-09T01:33:45.3922044Z test row/4/Implicit ... ok
2026-10-09T01:33:45.3922279Z test roles/0/Implicit ... ok
2026-10-09T01:33:45.3922527Z test roles/1/Implicit ... ok
2026-10-09T01:33:45.3922892Z test clear/one/CLEAR/Absent/RememberEmpty/silent=false ... ok
2026-10-09T01:33:45.3923332Z test clear/one/DROP/Absent/RememberEmpty/silent=false ... ok
2026-10-09T01:33:45.3923646Z test roles/2/Implicit ... ok
2026-10-09T01:33:45.3923954Z test create/Absent/RememberEmpty/silent=false ... ok
2026-10-09T01:33:45.3924219Z test load/Absent/failed/RememberEmpty/silent=false ... ok
2026-10-09T01:33:45.3924448Z test create/Empty/RememberEmpty/silent=false ... ok
2026-10-09T01:33:45.3924678Z test load/Absent/empty/RememberEmpty/silent=false ... ok
2026-10-09T01:33:45.3924921Z test clear/one/CLEAR/Empty/RememberEmpty/silent=false ... ok
2026-10-09T01:33:45.3925303Z test clear/one/DROP/Empty/RememberEmpty/silent=false ... ok
2026-10-09T01:33:45.3925555Z test load/Absent/populated/RememberEmpty/silent=false ... ok
2026-10-09T01:33:45.3925795Z test load/Empty/failed/RememberEmpty/silent=false ... ok
2026-10-09T01:33:45.3926029Z test create/Populated/RememberEmpty/silent=false ... ok
2026-10-09T01:33:45.3926259Z test load/Empty/empty/RememberEmpty/silent=false ... ok
2026-10-09T01:33:45.3926498Z test load/Empty/populated/RememberEmpty/silent=false ... ok
2026-10-09T01:33:45.3926755Z test clear/one/CLEAR/Populated/RememberEmpty/silent=false ... ok
2026-10-09T01:33:45.3927017Z test clear/one/DROP/Populated/RememberEmpty/silent=false ... ok
2026-10-09T01:33:45.3927273Z test load/Populated/failed/RememberEmpty/silent=false ... ok
2026-10-09T01:33:45.3927523Z test load/Populated/empty/RememberEmpty/silent=false ... ok
2026-10-09T01:33:45.3927802Z test clear/one/CLEAR/DefaultEmpty/RememberEmpty/silent=false ... ok
2026-10-09T01:33:45.3928081Z test clear/one/DROP/DefaultEmpty/RememberEmpty/silent=false ... ok
2026-10-09T01:33:45.3928352Z test load/Populated/populated/RememberEmpty/silent=false ... ok
2026-10-09T01:33:45.3928621Z test load/DefaultEmpty/failed/RememberEmpty/silent=false ... ok
2026-10-09T01:33:45.3928989Z test load/DefaultEmpty/empty/RememberEmpty/silent=false ... ok
2026-10-09T01:33:45.3929276Z test clear/one/CLEAR/DefaultPopulated/RememberEmpty/silent=false ... ok
2026-10-09T01:33:45.3929573Z test clear/one/DROP/DefaultPopulated/RememberEmpty/silent=false ... ok
2026-10-09T01:33:45.3929862Z test load/DefaultPopulated/failed/RememberEmpty/silent=false ... ok
2026-10-09T01:33:45.3930144Z test load/DefaultPopulated/empty/RememberEmpty/silent=false ... ok
2026-10-09T01:33:45.3930422Z test load/DefaultEmpty/populated/RememberEmpty/silent=false ... ok
2026-10-09T01:33:45.3930702Z test clear/bulk/CLEAR/none/all=true/RememberEmpty/silent=false ... ok
2026-10-09T01:33:45.3930989Z test clear/bulk/CLEAR/none/all=false/RememberEmpty/silent=false ... ok
2026-10-09T01:33:45.3931856Z [1m[92m     Running[0m tests/xml_characters.rs (target/debug/build/purrdf-sparql-results/a8530cb82e804854/out/xml_characters-a8530cb82e804854)
2026-10-09T01:33:45.3932436Z [1m[92m     Running[0m tests/temp.rs (target/debug/build/purrdf-testkit/44580157ba02df2c/out/temp-44580157ba02df2c)
2026-10-09T01:33:45.3933040Z [1m[92m     Running[0m tests/vectors.rs (target/debug/build/purrdf-testkit/275b65bc8f7c2074/out/vectors-275b65bc8f7c2074)
2026-10-09T01:33:45.3933625Z [1m[92m     Running[0m tests/scoring.rs (target/debug/build/purrdf-text/cb2055d570a0c063/out/scoring-cb2055d570a0c063)
2026-10-09T01:33:45.3933995Z test clear/bulk/CLEAR/empty/all=false/RememberEmpty/silent=false ... ok
2026-10-09T01:33:45.3934292Z test load/DefaultPopulated/populated/RememberEmpty/silent=false ... ok
2026-10-09T01:33:45.3934588Z test clear/bulk/CLEAR/mixed/all=false/RememberEmpty/silent=false ... ok
2026-10-09T01:33:45.3934875Z test clear/bulk/DROP/none/all=false/RememberEmpty/silent=false ... ok
2026-10-09T01:33:45.3935361Z test clear/bulk/CLEAR/mixed/all=true/RememberEmpty/silent=false ... ok
2026-10-09T01:33:45.3935730Z test clear/bulk/DROP/none/all=true/RememberEmpty/silent=false ... ok
2026-10-09T01:33:45.3936204Z test clear/bulk/DROP/empty/all=false/RememberEmpty/silent=false ... ok
2026-10-09T01:33:45.3936681Z test clear/bulk/DROP/empty/all=true/RememberEmpty/silent=false ... ok
2026-10-09T01:33:45.3937087Z test clear/bulk/DROP/mixed/all=false/RememberEmpty/silent=false ... ok
2026-10-09T01:33:45.3937373Z test clear/bulk/DROP/mixed/all=true/RememberEmpty/silent=false ... ok
2026-10-09T01:33:45.3937625Z test create/Absent/RememberEmpty/silent=true ... ok
2026-10-09T01:33:45.3937960Z test clear/one/CLEAR/Absent/RememberEmpty/silent=true ... ok
2026-10-09T01:33:45.3938252Z test clear/one/DROP/Absent/RememberEmpty/silent=true ... ok
2026-10-09T01:33:45.3938494Z test load/Absent/failed/RememberEmpty/silent=true ... ok
2026-10-09T01:33:45.3938728Z test load/Absent/empty/RememberEmpty/silent=true ... ok
2026-10-09T01:33:45.3938970Z test load/Absent/populated/RememberEmpty/silent=true ... ok
2026-10-09T01:33:45.3939203Z test create/Empty/RememberEmpty/silent=true ... ok
2026-10-09T01:33:45.3939435Z test clear/one/DROP/Empty/RememberEmpty/silent=true ... ok
2026-10-09T01:33:45.3939680Z test clear/one/CLEAR/Empty/RememberEmpty/silent=true ... ok
2026-10-09T01:33:45.3939918Z test load/Empty/empty/RememberEmpty/silent=true ... ok
2026-10-09T01:33:45.3940149Z test load/Empty/failed/RememberEmpty/silent=true ... ok
2026-10-09T01:33:45.3940386Z test load/Empty/populated/RememberEmpty/silent=true ... ok
2026-10-09T01:33:45.3940620Z test create/Populated/RememberEmpty/silent=true ... ok
2026-10-09T01:33:45.3940866Z test clear/one/DROP/Populated/RememberEmpty/silent=true ... ok
2026-10-09T01:33:45.3941128Z test clear/one/CLEAR/Populated/RememberEmpty/silent=true ... ok
2026-10-09T01:33:45.3941386Z test load/Populated/empty/RememberEmpty/silent=true ... ok
2026-10-09T01:33:45.3941640Z test load/Populated/populated/RememberEmpty/silent=true ... ok
2026-10-09T01:33:45.3941896Z test load/Populated/failed/RememberEmpty/silent=true ... ok
2026-10-09T01:33:45.3942162Z test clear/one/CLEAR/DefaultEmpty/RememberEmpty/silent=true ... ok
2026-10-09T01:33:45.3942539Z test load/DefaultEmpty/empty/RememberEmpty/silent=true ... ok
2026-10-09T01:33:45.3942809Z test clear/one/DROP/DefaultEmpty/RememberEmpty/silent=true ... ok
2026-10-09T01:33:45.3943083Z test load/DefaultEmpty/populated/RememberEmpty/silent=true ... ok
2026-10-09T01:33:45.3943365Z test clear/bulk/CLEAR/empty/all=true/RememberEmpty/silent=false ... ok
2026-10-09T01:33:45.3943639Z test load/DefaultEmpty/failed/RememberEmpty/silent=true ... ok
2026-10-09T01:33:45.3943917Z test clear/one/CLEAR/DefaultPopulated/RememberEmpty/silent=true ... ok
2026-10-09T01:33:45.3944208Z test clear/one/DROP/DefaultPopulated/RememberEmpty/silent=true ... ok
2026-10-09T01:33:45.3944492Z test load/DefaultPopulated/empty/RememberEmpty/silent=true ... ok
2026-10-09T01:33:45.3944774Z test load/DefaultPopulated/populated/RememberEmpty/silent=true ... ok
2026-10-09T01:33:45.3945193Z test load/DefaultPopulated/failed/RememberEmpty/silent=true ... ok
2026-10-09T01:33:45.3945558Z test clear/bulk/CLEAR/none/all=true/RememberEmpty/silent=true ... ok
2026-10-09T01:33:45.3945842Z test clear/bulk/CLEAR/none/all=false/RememberEmpty/silent=true ... ok
2026-10-09T01:33:45.3946125Z test clear/bulk/CLEAR/empty/all=false/RememberEmpty/silent=true ... ok
2026-10-09T01:33:45.3946404Z test clear/bulk/CLEAR/empty/all=true/RememberEmpty/silent=true ... ok
2026-10-09T01:33:45.3946681Z test clear/bulk/CLEAR/mixed/all=true/RememberEmpty/silent=true ... ok
2026-10-09T01:33:45.3947052Z test clear/bulk/CLEAR/mixed/all=false/RememberEmpty/silent=true ... ok
2026-10-09T01:33:45.3947332Z test clear/bulk/DROP/none/all=false/RememberEmpty/silent=true ... ok
2026-10-09T01:33:45.3947700Z test clear/bulk/DROP/none/all=true/RememberEmpty/silent=true ... ok
2026-10-09T01:33:45.3948174Z test clear/bulk/DROP/empty/all=false/RememberEmpty/silent=true ... ok
2026-10-09T01:33:45.3948617Z test clear/bulk/DROP/empty/all=true/RememberEmpty/silent=true ... ok
2026-10-09T01:33:45.3949059Z test clear/bulk/DROP/mixed/all=true/RememberEmpty/silent=true ... ok
2026-10-09T01:33:45.3949540Z test clear/bulk/DROP/mixed/all=false/RememberEmpty/silent=true ... ok
2026-10-09T01:33:45.3949912Z test row/0/RememberEmpty ... ok
2026-10-09T01:33:45.3950177Z test row/1/RememberEmpty ... ok
2026-10-09T01:33:45.3950434Z test row/2/RememberEmpty ... ok
2026-10-09T01:33:45.3950692Z test row/3/RememberEmpty ... ok
2026-10-09T01:33:45.3950945Z test row/4/RememberEmpty ... ok
2026-10-09T01:33:45.3951210Z test roles/0/RememberEmpty ... ok
2026-10-09T01:33:45.3951475Z test roles/1/RememberEmpty ... ok
2026-10-09T01:33:45.3951749Z test roles/2/RememberEmpty ... ok
2026-10-09T01:33:45.3951900Z 
2026-10-09T01:33:45.3952202Z test result: ok. 488 passed; 0 failed; 0 ignored; 0 measured; 0 filtered out; finished in 0.04s
2026-10-09T01:33:45.3952481Z 
2026-10-09T01:33:45.3952486Z 
2026-10-09T01:33:45.3952571Z running 2 tests
2026-10-09T01:33:45.3952825Z test invalid_scalars_are_refused_by_name ... ok
2026-10-09T01:33:45.3953173Z test text_and_attribute_whitespace_round_trip ... ok
2026-10-09T01:33:45.3953368Z 
2026-10-09T01:33:45.3953661Z test result: ok. 2 passed; 0 failed; 0 ignored; 0 measured; 0 filtered out; finished in 0.00s
2026-10-09T01:33:45.3953944Z 
2026-10-09T01:33:45.3953949Z 
2026-10-09T01:33:45.3954026Z running 7 tests
2026-10-09T01:33:45.3954339Z test a_directory_the_test_removed_itself_is_not_a_drop_failure ... ok
2026-10-09T01:33:45.3954709Z test a_prefix_names_the_directory ... ok
2026-10-09T01:33:45.3955166Z test a_file_is_writable_and_removed_on_drop ... ok
2026-10-09T01:33:45.3955614Z test a_prefix_that_is_not_a_plain_name_is_refused_and_a_plain_one_is_accepted ... ok
2026-10-09T01:33:45.3956163Z test the_unit_test_root_is_the_directory_cargo_names_for_integration_tests ... ok
2026-10-09T01:33:45.3956672Z test a_root_that_is_a_file_is_an_error_and_a_directory_root_is_accepted ... ok
2026-10-09T01:33:45.3956994Z test sixteen_threads_get_sixteen_distinct_directories_all_removed_on_drop ... ok
2026-10-09T01:33:45.3957164Z 
2026-10-09T01:33:45.3957348Z test result: ok. 7 passed; 0 failed; 0 ignored; 0 measured; 0 filtered out; finished in 0.00s
2026-10-09T01:33:45.3957671Z 
2026-10-09T01:33:45.3957674Z 
2026-10-09T01:33:45.3957727Z running 9 tests
2026-10-09T01:33:45.3957981Z test a_disagreement_names_the_first_differing_record ... ok
2026-10-09T01:33:45.3958364Z test a_missing_digest_header_is_refused ... ok
2026-10-09T01:33:45.3958690Z test a_recorded_file_parses_and_replays ... ok
2026-10-09T01:33:45.3959140Z test a_second_spelling_of_a_field_is_refused_and_the_canonical_one_accepted ... ok
2026-10-09T01:33:45.3959661Z test a_removed_record_fails_the_count_and_an_unedited_file_passes ... ok
2026-10-09T01:33:45.3960070Z test the_digest_is_the_sha256_of_the_body_lines ... ok
2026-10-09T01:33:45.3960511Z test every_one_byte_edit_of_the_body_fails_the_self_hash_check ... ok
2026-10-09T01:33:45.3960963Z test the_field_encoding_round_trips_with_one_spelling ... ok
2026-10-09T01:33:45.3961593Z test the_recorder_refuses_unencoded_fields_and_accepts_encoded_ones ... ok
2026-10-09T01:33:45.3961870Z 
2026-10-09T01:33:45.3962180Z test result: ok. 9 passed; 0 failed; 0 ignored; 0 measured; 0 filtered out; finished in 0.00s
2026-10-09T01:33:45.3962478Z 
2026-10-09T01:33:45.3962483Z 
2026-10-09T01:33:45.3962564Z running 20 tests
2026-10-09T01:33:45.3962830Z test a_needle_analyzing_to_zero_terms ... ok
2026-10-09T01:33:45.3963153Z test a_bound_rank_selects_that_rank ... ok
2026-10-09T01:33:45.3963515Z test a_bound_rank_applies_to_every_admitted_partition ... ok
2026-10-09T01:33:45.3963909Z test a_partition_filter_selects_without_changing_any_rank ... ok
2026-10-09T01:33:45.3964142Z test an_out_of_range_rank_yields_nothing ... ok
2026-10-09T01:33:45.3964347Z test an_unknown_partition_scores_nothing ... ok
2026-10-09T01:33:45.3964547Z test bm25_matches_a_hand_computed_golden ... ok
2026-10-09T01:33:45.3964783Z test each_term_contribution_matches_the_hand_computation ... ok
2026-10-09T01:33:45.3965264Z test explain_reports_a_term_the_document_does_not_hold ... ok
2026-10-09T01:33:45.3965682Z test explaining_an_unknown_document_is_a_data_error ... ok
2026-10-09T01:33:45.3966083Z test matched_counts_distinct_needle_terms_present ... ok
2026-10-09T01:33:45.3966551Z test order_by_score_and_order_by_rank_can_disagree_under_rounding ... ok
2026-10-09T01:33:45.3967040Z test equal_scores_are_broken_by_document_id_deterministically ... ok
2026-10-09T01:33:45.3967424Z test rank_is_per_partition_not_global ... ok
2026-10-09T01:33:45.3967799Z test explain_contributions_sum_exactly_to_the_score ... ok
2026-10-09T01:33:45.3968187Z test statistics_are_not_pooled_across_partitions ... ok
2026-10-09T01:33:45.3968558Z test the_published_text_identities_are_frozen ... ok
2026-10-09T01:33:45.3968924Z test two_independently_built_indexes_rank_identically ... ok
2026-10-09T01:33:45.3969303Z test bounded_heap_equals_the_full_sort_prefix ... ok
2026-10-09T01:33:45.3970146Z [1m[92m     Running[0m tests/search_property_function.rs (target/debug/build/purrdf-text/7af2319e706fc905/out/search_property_function-7af2319e706fc905)
2026-10-09T01:33:45.3970556Z test score_is_a_pure_function_of_index_and_needle ... ok
2026-10-09T01:33:45.3970683Z 
2026-10-09T01:33:45.3970871Z test result: ok. 20 passed; 0 failed; 0 ignored; 0 measured; 0 filtered out; finished in 0.01s
2026-10-09T01:33:45.3971056Z 
2026-10-09T01:33:45.3971060Z 
2026-10-09T01:33:45.3971109Z running 16 tests
2026-10-09T01:33:45.3971291Z test a_free_needle_has_no_feasible_evaluation_order ... ok
2026-10-09T01:33:45.3971515Z test a_bound_doc_returns_its_single_row ... ok
2026-10-09T01:33:45.3971736Z test a_bound_language_filters_without_changing_rank ... ok
2026-10-09T01:33:45.3972054Z test a_document_subject_joins_back_by_bgp ... ok
2026-10-09T01:33:45.3972466Z test a_namespace_declared_with_an_unregistered_iri_is_a_hard_error ... ok
2026-10-09T01:33:45.3972885Z test an_arity_mismatch_at_the_call_site_is_an_error ... ok
2026-10-09T01:33:45.3973275Z test an_iri_declared_but_unregistered_is_a_hard_error ... ok
2026-10-09T01:33:45.3973683Z test an_iri_in_neither_is_an_ordinary_triple_pattern ... ok
2026-10-09T01:33:45.3974335Z test an_empty_index_answers_with_no_rows_and_attests_its_own_generation ... ok
2026-10-09T01:33:45.3974791Z test annotation_text_is_searchable_through_sparql ... ok
2026-10-09T01:33:45.3975262Z test ranked_rows_for_a_needle ... ok
2026-10-09T01:33:45.3975587Z test matched_expresses_conjunctive_retrieval ... ok
2026-10-09T01:33:45.3975954Z test order_by_rank_is_the_reproducing_idiom ... ok
2026-10-09T01:33:45.3976837Z test values_rank_selects_those_ranks ... ok
2026-10-09T01:33:45.3977672Z test the_same_rows_under_a_different_ranking_law_attest_a_different_generation ... ok
2026-10-09T01:33:45.3979810Z test two_builds_of_one_corpus_attest_one_generation_and_a_new_document_moves_it ... ok
2026-10-09T01:33:45.3980109Z 
2026-10-09T01:33:45.3980411Z test result: ok. 16 passed; 0 failed; 0 ignored; 0 measured; 0 filtered out; finished in 0.00s
2026-10-09T01:33:45.3980702Z 
2026-10-09T01:33:45.3983682Z [1m[92m     Running[0m tests/segmentation.rs (target/debug/build/purrdf-text/f9b8a281fc018f26/out/segmentation-f9b8a281fc018f26)
2026-10-09T01:33:45.3991600Z 
2026-10-09T01:33:45.3991691Z running 23 tests
2026-10-09T01:33:45.3999319Z test artifacts_validate_physical_semantic_canonical_and_resource_contracts ... ok
2026-10-09T01:33:45.4000016Z test complete_coverage_wins_over_a_greedy_longest_match ... ok
2026-10-09T01:33:45.4000742Z test canonical_words_and_equal_cost_duplicates_have_one_identity ... ok
2026-10-09T01:33:45.4001384Z test dictionaries_segment_each_requested_script_and_mixed_japanese ... ok
2026-10-09T01:33:45.4001923Z test dictionary_edges_cannot_split_a_base_from_its_marks ... ok
2026-10-09T01:33:45.4002428Z test empty_dictionary_respects_unicode_units_in_every_script ... ok
2026-10-09T01:33:45.4007101Z test integer_lexical_costs_resolve_chinese_ambiguity_and_are_fingerprinted ... ok
2026-10-09T01:33:45.4025330Z test invalid_dictionary_entries_are_hard_errors ... ok
2026-10-09T01:33:45.4074636Z test lattice_agrees_with_exhaustive_partition_ranking_on_small_chinese_corpora ... ok
2026-10-09T01:33:45.4095525Z test lexical_weights_are_canonical_and_reusable_for_profile_normalization ... ok
2026-10-09T01:33:45.4155488Z test other_scripts_keep_native_word_boundaries_and_scratch_can_be_reused ... ok
2026-10-09T01:33:45.4156103Z test property_vectors_distinguish_nonspacing_from_combining_class_and_marks ... ok
2026-10-09T01:33:45.4156679Z test punctuation_and_separators_do_not_fabricate_dictionary_matches ... ok
2026-10-09T01:33:45.4157227Z test ranked_minimal_automaton_preserves_costs_and_all_prefix_matches ... ok
2026-10-09T01:33:45.4157791Z test rare_han_extensions_are_script_data_not_a_frozen_block_approximation ... ok
2026-10-09T01:33:45.4158341Z test surface_dictionary_edges_retain_internal_periods_and_colons ... ok
2026-10-09T01:33:45.4158923Z test technical_chinese_words_can_mix_scripts_digits_and_internal_punctuation ... ok
2026-10-09T01:33:45.4159539Z test transparent_controls_retain_full_token_coverage_and_punctuation_barriers ... ok
2026-10-09T01:33:45.4160135Z test unknown_units_obey_extended_graphemes_not_combining_mark_heuristics ... ok
2026-10-09T01:33:45.4160692Z test zero_costs_and_exact_ties_have_a_total_insertion_independent_order ... ok
2026-10-09T01:33:45.7792773Z test generated_analysis_properties_match_the_ucd_for_every_scalar ... ok
2026-10-09T01:33:45.9015762Z test all_five_full_baseline_artifacts_preserve_every_canonical_key_and_cost ... ok
2026-10-09T01:33:48.1939535Z test baseline_artifact_resolution ... ok
2026-10-09T01:33:48.1939727Z 
2026-10-09T01:33:48.1939936Z test result: ok. 23 passed; 0 failed; 0 ignored; 0 measured; 0 filtered out; finished in 2.79s
2026-10-09T01:33:48.1940129Z 
2026-10-09T01:33:48.1955907Z [1m[92m     Running[0m tests/stemming.rs (target/debug/build/purrdf-text/bcea0cc1d6a72ac9/out/stemming-bcea0cc1d6a72ac9)
2026-10-09T01:33:48.1966523Z 
2026-10-09T01:33:48.1966654Z running 6 tests
2026-10-09T01:33:48.1969222Z test non_latin_words_and_short_inputs_are_preserved ... ok
2026-10-09T01:33:48.1969835Z test latin_domain_uses_scalar_regions_and_preserves_non_ascii_consonants ... ok
2026-10-09T01:33:48.1970916Z test version_and_new_snowball_exceptions_are_pinned ... ok
2026-10-09T01:33:48.1971618Z test y_is_marked_as_a_consonant_only_in_the_defined_positions ... ok
2026-10-09T01:33:48.1978868Z test arbitrarily_long_admitted_tokens_do_not_recurse_or_grow ... ok
2026-10-09T01:33:48.2201422Z test every_official_snowball_english_vector ... ok
2026-10-09T01:33:48.2201635Z 
2026-10-09T01:33:48.2201836Z test result: ok. 6 passed; 0 failed; 0 ignored; 0 measured; 0 filtered out; finished in 0.02s
2026-10-09T01:33:48.2202023Z 
2026-10-09T01:33:48.2204344Z [1m[92m     Running[0m tests/surface.rs (target/debug/build/purrdf-text/8c7413a5369df846/out/surface-8c7413a5369df846)
2026-10-09T01:33:48.2212633Z 
2026-10-09T01:33:48.2212782Z running 14 tests
2026-10-09T01:33:48.2218838Z test repeated_grams_require_distinct_relative_positions_and_keep_overlap ... ok
2026-10-09T01:33:48.2219798Z test positional_alignment_narrows_universal_gram_membership ... ok
2026-10-09T01:33:48.2220331Z test singletons_and_universal_candidates_require_explicit_exhaustion ... ok
2026-10-09T01:33:48.2220891Z test missing_gram_and_empty_index_are_complete_empty_without_posting_work ... ok
2026-10-09T01:33:48.2221435Z test timestamp_punctuation_short_fragments_and_interior_word_match ... ok
2026-10-09T01:33:48.2221947Z test each_budget_refuses_atomically_at_its_first_excess_charge ... ok
2026-10-09T01:33:48.2222482Z test retained_controls_remain_searchable_and_do_not_form_false_adjacencies ... ok
2026-10-09T01:33:48.2222990Z test source_offsets_never_masquerade_as_normalized_offsets ... ok
2026-10-09T01:33:48.2223427Z test emoji_endpoints_are_filtered_before_selectivity ... ok
2026-10-09T01:33:48.2223922Z test html_composition_and_multiscalar_entities_retain_original_contributors ... ok
2026-10-09T01:33:48.2224484Z test repeated_literals_and_input_order_have_canonical_identity_and_evidence ... ok
2026-10-09T01:33:48.2225222Z test phonetics_refine_the_same_canonical_widened_spelling_they_encode ... ok
2026-10-09T01:33:48.2225780Z test oversized_first_grapheme_has_full_positions_and_source_evidence ... ok
2026-10-09T01:33:48.2241146Z test every_small_scalar_query_matches_an_independent_exhaustive_oracle ... ok
2026-10-09T01:33:48.2241419Z 
2026-10-09T01:33:48.2241715Z test result: ok. 14 passed; 0 failed; 0 ignored; 0 measured; 0 filtered out; finished in 0.00s
2026-10-09T01:33:48.2242005Z 
2026-10-09T01:33:48.2244363Z [1m[92m     Running[0m tests/unicode_conformance.rs (target/debug/build/purrdf-text/e2349aeace572db0/out/unicode_conformance-e2349aeace572db0)
2026-10-09T01:33:48.2252356Z 
2026-10-09T01:33:48.2252437Z running 5 tests
2026-10-09T01:33:48.2255182Z test compare_agrees_with_the_built_form ... ok
2026-10-09T01:33:48.2255652Z test the_analysis_form_composes_the_public_operations ... ok
2026-10-09T01:33:48.2269657Z test word_break_test_every_line ... ok
2026-10-09T01:33:48.2828491Z test the_fold_is_case_folding_txt_c_and_f_for_every_scalar ... ok
2026-10-09T01:33:48.5247844Z test is_alphanumeric_is_alphabetic_or_a_number_for_every_scalar ... ok
2026-10-09T01:33:48.5248166Z 
2026-10-09T01:33:48.5248482Z test result: ok. 5 passed; 0 failed; 0 ignored; 0 measured; 0 filtered out; finished in 0.30s
2026-10-09T01:33:48.5248777Z 
2026-10-09T01:33:48.5367540Z [1m[92m     Running[0m tests/unicode_differential.rs (target/debug/build/purrdf-text/d95da5918204fd9d/out/unicode_differential-d95da5918204fd9d)
2026-10-09T01:33:48.5377894Z 
2026-10-09T01:33:48.5377981Z running 2 tests
2026-10-09T01:33:48.5920878Z test the_case_fold_replays_except_where_17_0_0_folds_differently ... ok
2026-10-09T01:33:48.7868078Z test the_word_segmentation_and_analysis_form_replay ... ok
2026-10-09T01:33:48.7868312Z 
2026-10-09T01:33:48.7868628Z test result: ok. 2 passed; 0 failed; 0 ignored; 0 measured; 0 filtered out; finished in 0.25s
2026-10-09T01:33:48.7868919Z 
2026-10-09T01:33:48.7872202Z [1m[92m     Running[0m tests/wasm_determinism.rs (target/debug/build/purrdf-text/95e37bd477a7238e/out/wasm_determinism-95e37bd477a7238e)
2026-10-09T01:33:48.7881817Z 
2026-10-09T01:33:48.7881910Z running 3 tests
2026-10-09T01:33:48.7884646Z test the_integer_logarithm_agrees_with_its_hand_values_on_this_target ... ok
2026-10-09T01:33:48.7887085Z test the_pinned_ranking_is_reproduced_on_this_target ... ok
2026-10-09T01:33:48.7890470Z test the_independent_fielded_reference_is_reproduced_on_this_target ... ok
2026-10-09T01:33:48.7890733Z 
2026-10-09T01:33:48.7891032Z test result: ok. 3 passed; 0 failed; 0 ignored; 0 measured; 0 filtered out; finished in 0.00s
2026-10-09T01:33:48.7891339Z 
2026-10-09T01:33:48.7892758Z [1m[92m     Running[0m tests/sarif_components.rs (target/debug/build/purrdf-validate/44b8a3cadb2fa95f/out/sarif_components-44b8a3cadb2fa95f)
2026-10-09T01:33:48.7903048Z 
2026-10-09T01:33:48.7903186Z running 11 tests
2026-10-09T01:33:48.7912644Z test sarif_closed_by_types ... ok
2026-10-09T01:33:48.7913264Z test sarif_max_list_length ... ok
2026-10-09T01:33:48.7913778Z test sarif_member_shape ... ok
2026-10-09T01:33:48.7917955Z test sarif_min_list_length ... ok
2026-10-09T01:33:48.7918353Z test sarif_detail_related_locations ... ok
2026-10-09T01:33:48.7918690Z test sarif_single_line ... ok
2026-10-09T01:33:48.7919157Z test sarif_root_class ... ok
2026-10-09T01:33:48.7920468Z test sarif_some_value ... ok
2026-10-09T01:33:48.7920907Z test sarif_subset_of ... ok
2026-10-09T01:33:48.7923658Z test sarif_unique_members ... ok
2026-10-09T01:33:48.7923955Z test sarif_unique_values_for ... ok
2026-10-09T01:33:48.7924114Z 
2026-10-09T01:33:48.7924427Z test result: ok. 11 passed; 0 failed; 0 ignored; 0 measured; 0 filtered out; finished in 0.00s
2026-10-09T01:33:48.7924720Z 
2026-10-09T01:33:48.7927784Z [1m[92m     Running[0m tests/shapes_graph_iri.rs (target/debug/build/purrdf-validate/bf9f1cb398862bda/out/shapes_graph_iri-bf9f1cb398862bda)
2026-10-09T01:33:48.7937885Z 
2026-10-09T01:33:48.7938049Z running 4 tests
2026-10-09T01:33:48.7972312Z test shapes_graph_001_through_the_change_path ... ok
2026-10-09T01:33:48.7973117Z test shapes_graph_001_through_the_text_boundary ... ok
2026-10-09T01:33:48.7975692Z test shapes_graph_001_through_parsed_prepared_and_packed_shapes ... ok
2026-10-09T01:33:48.8066272Z test a_relative_shapes_graph_with_no_base_is_refused ... ok
2026-10-09T01:33:48.8066441Z 
2026-10-09T01:33:48.8066646Z test result: ok. 4 passed; 0 failed; 0 ignored; 0 measured; 0 filtered out; finished in 0.01s
2026-10-09T01:33:48.8066832Z 
2026-10-09T01:33:48.8071911Z [1m[92m     Running[0m tests/shapes_graph_links.rs (target/debug/build/purrdf-validate/a2c6b8f51a21e8e0/out/shapes_graph_links-a2c6b8f51a21e8e0)
2026-10-09T01:33:48.8081901Z 
2026-10-09T01:33:48.8081993Z running 12 tests
2026-10-09T01:33:48.8101808Z test a_linked_graphs_own_imports_are_followed ... ok
2026-10-09T01:33:48.8102419Z test a_link_via_version_iri_resolves ... ok
2026-10-09T01:33:48.8102771Z test a_link_on_a_non_anchor_node_is_data ... ok
2026-10-09T01:33:48.8103144Z test a_non_iri_link_is_refused_and_non_anchor_literal_is_data ... ok
2026-10-09T01:33:48.8103385Z test a_link_a_change_adds_is_followed ... ok
2026-10-09T01:33:48.8103644Z test an_empty_shapes_document_validates_against_the_linked_graphs ... ok
2026-10-09T01:33:48.8103909Z test a_prepared_shapes_graph_must_hold_every_link ... ok
2026-10-09T01:33:48.8104137Z test the_data_graphs_loaded_iri_anchors_a_link ... ok
2026-10-09T01:33:48.8104349Z test an_unsupplied_link_is_refused_by_name ... ok
2026-10-09T01:33:48.8104538Z test two_links_are_unioned ... ok
2026-10-09T01:33:48.8104744Z test a_supplied_link_is_unioned_and_its_shape_fires ... ok
2026-10-09T01:33:48.8110414Z test a_product_holds_every_graph_it_absorbed ... ok
2026-10-09T01:33:48.8110618Z 
2026-10-09T01:33:48.8110930Z test result: ok. 12 passed; 0 failed; 0 ignored; 0 measured; 0 filtered out; finished in 0.00s
2026-10-09T01:33:48.8111224Z 
2026-10-09T01:33:48.8114321Z [1m[92m     Running[0m tests/shapes_owl_imports.rs (target/debug/build/purrdf-validate/11b1c0735eb8802a/out/shapes_owl_imports-11b1c0735eb8802a)
2026-10-09T01:33:48.8124047Z 
2026-10-09T01:33:48.8124145Z running 9 tests
2026-10-09T01:33:48.8133493Z test a_table_entry_nothing_imports_is_refused_and_a_reached_one_is_not ... ok
2026-10-09T01:33:48.8134219Z test a_prepared_preparation_of_the_closure_matches_a_fresh_parse ... ok
2026-10-09T01:33:48.8135776Z test an_ontology_declared_in_place_resolves_and_its_neighbour_does_not ... ok
2026-10-09T01:33:48.8140145Z test a_document_validated_as_data_enacts_no_import_and_loaded_as_shapes_it_does ... ok
2026-10-09T01:33:48.8143446Z test engine_constructors_and_text_entry_points_agree ... ok
2026-10-09T01:33:48.8154489Z test the_shapes_documents_own_iri_resolves_a_self_import_and_another_does_not ... ok
2026-10-09T01:33:48.8155410Z test the_shacl_prefix_idiom_resolves_with_no_table_and_a_header_import_does_not ... ok
2026-10-09T01:33:48.8317463Z test every_boundary_entry_point_refuses_without_the_table_and_applies_it_with ... ok
2026-10-09T01:33:48.8399345Z test free_expression_and_lint_agree ... ok
2026-10-09T01:33:48.8399538Z 
2026-10-09T01:33:48.8399839Z test result: ok. 9 passed; 0 failed; 0 ignored; 0 measured; 0 filtered out; finished in 0.03s
2026-10-09T01:33:48.8400117Z 
2026-10-09T01:33:48.8404777Z [1m[92m     Running[0m tests/srl_imports.rs (target/debug/build/purrdf-validate/9d04f8a99b7ae973/out/srl_imports-9d04f8a99b7ae973)
2026-10-09T01:33:48.8414640Z 
2026-10-09T01:33:48.8414723Z running 3 tests
2026-10-09T01:33:48.8419324Z test an_srl_import_the_table_does_not_supply_is_refused_by_name ... ok
2026-10-09T01:33:48.8421845Z test an_import_table_entry_nothing_imports_is_refused_as_unused ... ok
2026-10-09T01:33:48.8422280Z test an_srl_import_resolves_from_the_import_table ... ok
2026-10-09T01:33:48.8422481Z 
2026-10-09T01:33:48.8422789Z test result: ok. 3 passed; 0 failed; 0 ignored; 0 measured; 0 filtered out; finished in 0.00s
2026-10-09T01:33:48.8423075Z 
2026-10-09T01:33:48.8425147Z [1m[92m     Running[0m tests/xpath_regex.rs (target/debug/build/purrdf-validate/7733ab9af2df41ae/out/xpath_regex-7733ab9af2df41ae)
2026-10-09T01:33:48.8435110Z 
2026-10-09T01:33:48.8435193Z running 7 tests
2026-10-09T01:33:48.8439768Z test only_an_exact_name_selects_a_law ... ok
2026-10-09T01:33:48.8465920Z test product_validation_follows_the_selected_law ... ok
2026-10-09T01:33:48.8525598Z test rules_entailment_and_node_expressions_follow_the_selected_law ... ok
2026-10-09T01:33:48.8545885Z test whole_graph_and_change_validation_follow_the_selected_law ... ok
2026-10-09T01:33:48.8751543Z test a_product_refusal_keeps_its_dimension_and_a_law_refusal_is_its_own ... ok
2026-10-09T01:33:48.8898333Z test a_validation_resource_refusal_writes_no_log_and_the_neighbour_does ... ok
2026-10-09T01:33:48.9090636Z test a_rules_or_expression_resource_refusal_answers_nothing_and_the_neighbour_answers ... ok
2026-10-09T01:33:48.9090922Z 
2026-10-09T01:33:48.9091122Z test result: ok. 7 passed; 0 failed; 0 ignored; 0 measured; 0 filtered out; finished in 0.07s
2026-10-09T01:33:48.9091342Z 
2026-10-09T01:33:48.9100052Z [1m[92m     Running[0m tests/value_space.rs (target/debug/build/purrdf-xsd/9d52eaf26a0b1fdd/out/value_space-9d52eaf26a0b1fdd)
2026-10-09T01:33:48.9110417Z 
2026-10-09T01:33:48.9110507Z running 29 tests
2026-10-09T01:33:48.9112671Z test base64_binary_canonical_vectors ... ok
2026-10-09T01:33:48.9112988Z test base64_binary_negative_vectors ... ok
2026-10-09T01:33:48.9113316Z test binary_canonical_is_idempotent ... ok
2026-10-09T01:33:48.9113976Z test determinate_orderings ... ok
2026-10-09T01:33:48.9114424Z test binary_parse_by_iri_contract ... ok
2026-10-09T01:33:48.9115255Z test double_extreme_canonical_roundtrip ... ok
2026-10-09T01:33:48.9115581Z test double_extreme_canonical_vectors ... ok
2026-10-09T01:33:48.9115961Z test canonical_lexical_round_trips ... ok
2026-10-09T01:33:48.9116321Z test canonical_is_idempotent ... ok
2026-10-09T01:33:48.9116629Z test gregorian_canonical_is_idempotent ... ok
2026-10-09T01:33:48.9117133Z test gregorian_ordering ... ok
2026-10-09T01:33:48.9117511Z test gregorian_canonical_round_trips ... ok
2026-10-09T01:33:48.9118253Z test gregorian_invalid_lexicals_are_hard_errors ... ok
2026-10-09T01:33:48.9118590Z test gregorian_valid_lexicals_parse_ok ... ok
2026-10-09T01:33:48.9118889Z test hex_binary_canonical_vectors ... ok
2026-10-09T01:33:48.9119197Z test int_leading_zeros_strip_to_canonical ... ok
2026-10-09T01:33:48.9119546Z test hex_binary_case_insensitive_value_equality ... ok
2026-10-09T01:33:48.9125514Z test hex_binary_negative_vectors ... ok
2026-10-09T01:33:48.9125926Z test integer_range_negative_vectors_are_hard_errors ... ok
2026-10-09T01:33:48.9126315Z test integer_range_positive_vectors_parse_ok ... ok
2026-10-09T01:33:48.9126756Z test integer_values_past_i128_are_exact_and_derived_bounds_still_refuse ... ok
2026-10-09T01:33:48.9127142Z test parse_by_iri_contract ... ok
2026-10-09T01:33:48.9127412Z test partial_order_edge_cases ... ok
2026-10-09T01:33:48.9127761Z test prop::decimal_canonical_idempotent ... ok
2026-10-09T01:33:48.9128370Z test temporal_calendar_invalid_lexicals_are_hard_errors ... ok
2026-10-09T01:33:48.9128742Z test year_width_valid_lexicals_parse_ok ... ok
2026-10-09T01:33:48.9129080Z test temporal_calendar_valid_lexicals_parse_ok ... ok
2026-10-09T01:33:48.9129421Z test prop::integer_canonical_idempotent ... ok
2026-10-09T01:33:48.9129772Z test year_width_invalid_lexicals_are_hard_errors ... ok
2026-10-09T01:33:48.9129971Z 
2026-10-09T01:33:48.9130272Z test result: ok. 29 passed; 0 failed; 0 ignored; 0 measured; 0 filtered out; finished in 0.00s
2026-10-09T01:33:48.9130559Z 
2026-10-09T01:33:48.9265572Z Post job cleanup.
2026-10-09T01:33:49.0114285Z Post job cleanup.
2026-10-09T01:33:49.1779770Z (node:12194) [DEP0040] DeprecationWarning: The `punycode` module is deprecated. Please use a userland alternative instead.
2026-10-09T01:33:49.1780224Z (Use `node --trace-deprecation ...` to show where the warning was created)
2026-10-09T01:33:49.1918681Z Post job cleanup.
2026-10-09T01:33:49.2437979Z [command]/usr/bin/git version
2026-10-09T01:33:49.2465511Z git version 2.55.0
2026-10-09T01:33:49.2485381Z Temporarily overriding HOME='/home/runner/work/_temp/64ca66bd-df19-46a2-9b35-b2465b1ffb03' before making global git config changes
2026-10-09T01:33:49.2486165Z Adding repository directory to the temporary git global config as a safe directory
2026-10-09T01:33:49.2488984Z [command]/usr/bin/git config --global --add safe.directory /home/runner/work/purrdf/purrdf
2026-10-09T01:33:49.2512461Z Removing SSH command configuration
2026-10-09T01:33:49.2516162Z [command]/usr/bin/git config --local --name-only --get-regexp core\.sshCommand
2026-10-09T01:33:49.2541649Z [command]/usr/bin/git submodule foreach --recursive sh -c "git config --local --name-only --get-regexp 'core\.sshCommand' && git config --local --unset-all 'core.sshCommand' || :"
2026-10-09T01:33:49.2725273Z Removing HTTP extra header
2026-10-09T01:33:49.2728789Z [command]/usr/bin/git config --local --name-only --get-regexp http\.https\:\/\/github\.com\/\.extraheader
2026-10-09T01:33:49.2752377Z [command]/usr/bin/git submodule foreach --recursive sh -c "git config --local --name-only --get-regexp 'http\.https\:\/\/github\.com\/\.extraheader' && git config --local --unset-all 'http.https://github.com/.extraheader' || :"
2026-10-09T01:33:49.2927792Z Removing includeIf entries pointing to credentials config files
2026-10-09T01:33:49.2931906Z [command]/usr/bin/git config --local --name-only --get-regexp ^includeIf\.gitdir:
2026-10-09T01:33:49.2955739Z [command]/usr/bin/git submodule foreach --recursive git config --local --show-origin --name-only --get-regexp remote.origin.url
2026-10-09T01:33:49.3252683Z Cleaning up orphan processes
