Refreshing checks status every 30 seconds. Press Ctrl+C to quit.

Analyze (rust)	pending	0	https://github.com/Blackcat-Informatics/purrdf/actions/runs/37834531943/job/113508072414	
Build The PurRDF Book	pending	0	https://github.com/Blackcat-Informatics/purrdf/actions/runs/37834536825/job/113508082688	
CodeRabbit	pending	0		Review in progress
aarch64	pending	0	https://github.com/Blackcat-Informatics/purrdf/actions/runs/37834537108/job/113508084782	
capi	pending	0	https://github.com/Blackcat-Informatics/purrdf/actions/runs/37834537108/job/113508084389	
conformance (core)	pending	0	https://github.com/Blackcat-Informatics/purrdf/actions/runs/37834537108/job/113508085120	
conformance (python)	pending	0	https://github.com/Blackcat-Informatics/purrdf/actions/runs/37834537108/job/113508084936	
cross-arch	pending	0	https://github.com/Blackcat-Informatics/purrdf/actions/runs/37834537108/job/113508084822	
cross-arch-riscv64 (determinism-more-workers)	pending	0	https://github.com/Blackcat-Informatics/purrdf/actions/runs/37834537108/job/113508084800	
cross-arch-riscv64 (determinism-one-worker)	pending	0	https://github.com/Blackcat-Informatics/purrdf/actions/runs/37834537108/job/113508084916	
cross-arch-riscv64 (determinism-serial)	pending	0	https://github.com/Blackcat-Informatics/purrdf/actions/runs/37834537108/job/113508084814	
cross-arch-riscv64 (suites)	pending	0	https://github.com/Blackcat-Informatics/purrdf/actions/runs/37834537108/job/113508084856	
miri	pending	0	https://github.com/Blackcat-Informatics/purrdf/actions/runs/37834537108/job/113508084876	
pytest	pending	0	https://github.com/Blackcat-Informatics/purrdf/actions/runs/37834537108/job/113508084904	
simd-asm-config (aarch64)	pending	0	https://github.com/Blackcat-Informatics/purrdf/actions/runs/37834537108/job/113508084745	
simd-asm-config (aarch64-neoverse-v1)	pending	0	https://github.com/Blackcat-Informatics/purrdf/actions/runs/37834537108/job/113508084979	
simd-asm-config (wasm32-simd128)	pending	0	https://github.com/Blackcat-Informatics/purrdf/actions/runs/37834537108/job/113508085019	
test (doc)	pending	0	https://github.com/Blackcat-Informatics/purrdf/actions/runs/37834537108/job/113508084743	
test (integration-1)	pending	0	https://github.com/Blackcat-Informatics/purrdf/actions/runs/37834537108/job/113508084675	
test (integration-2)	pending	0	https://github.com/Blackcat-Informatics/purrdf/actions/runs/37834537108/job/113508084585	
test (integration-3)	pending	0	https://github.com/Blackcat-Informatics/purrdf/actions/runs/37834537108/job/113508084618	
msrv	pass	1m29s	https://github.com/Blackcat-Informatics/purrdf/actions/runs/37834537108/job/113508084734	
workspace	pending	0	https://github.com/Blackcat-Informatics/purrdf/actions/runs/37834537108/job/113508084629	
simd-asm-projection	skipping	0	https://github.com/Blackcat-Informatics/purrdf/actions/runs/37834537108/job/113508086125	
avx512-sde	pass	4m14s	https://github.com/Blackcat-Informatics/purrdf/actions/runs/37834537108/job/113508084594	
Analyze (python)	pass	1m21s	https://github.com/Blackcat-Informatics/purrdf/actions/runs/37834531943/job/113508072871	
Analyze (actions)	pass	49s	https://github.com/Blackcat-Informatics/purrdf/actions/runs/37834531943/job/113508072817	
conformance (sparql)	pass	6m12s	https://github.com/Blackcat-Informatics/purrdf/actions/runs/37834537108/job/113508086127	
Analyze (c-cpp)	pass	1m8s	https://github.com/Blackcat-Informatics/purrdf/actions/runs/37834531943/job/113508072687	
Analyze (javascript-typescript)	pass	57s	https://github.com/Blackcat-Informatics/purrdf/actions/runs/37834531943/job/113508072901	
wasm-package	pending	0	https://github.com/Blackcat-Informatics/purrdf/actions/runs/37834537108/job/113508084909	
doc	pass	1m21s	https://github.com/Blackcat-Informatics/purrdf/actions/runs/37834537108/job/113508084171	
CodeQL	skipping	7s	https://github.com/Blackcat-Informatics/purrdf/runs/113508420731	
test (integration-4)	pending	0	https://github.com/Blackcat-Informatics/purrdf/actions/runs/37834537108/job/113508084509	
conformance (shapes)	pass	6m2s	https://github.com/Blackcat-Informatics/purrdf/actions/runs/37834537108/job/113508085005	
test (lib)	pending	0	https://github.com/Blackcat-Informatics/purrdf/actions/runs/37834537108/job/113508084678	
projection-oracles	pass	6m12s	https://github.com/Blackcat-Informatics/purrdf/actions/runs/37834537108/job/113508084428	
python-publisher	pass	19s	https://github.com/Blackcat-Informatics/purrdf/actions/runs/37834537108/job/113508084858	
simd-asm-config (wasm32)	pass	5m43s	https://github.com/Blackcat-Informatics/purrdf/actions/runs/37834537108/job/113508084828	
simd-asm-config (x86_64)	pass	5m36s	https://github.com/Blackcat-Informatics/purrdf/actions/runs/37834537108/job/113508084888	
simd-asm-config (x86_64-v3)	pass	5m40s	https://github.com/Blackcat-Informatics/purrdf/actions/runs/37834537108/job/113508085024	
simd-asm-config (x86_64-v4)	pass	5m42s	https://github.com/Blackcat-Informatics/purrdf/actions/runs/37834537108/job/113508085043	
wasm	pass	5m1s	https://github.com/Blackcat-Informatics/purrdf/actions/runs/37834537108/job/113508084708	
wasm-exec	pass	3m22s	https://github.com/Blackcat-Informatics/purrdf/actions/runs/37834537108/job/113508084777	
wasm-schema-oracles	pass	4m40s	https://github.com/Blackcat-Informatics/purrdf/actions/runs/37834537108/job/113508084832	
windows-mtime	pass	1m39s	https://github.com/Blackcat-Informatics/purrdf/actions/runs/37834537108/job/113508084922	
Refreshing checks status every 30 seconds. Press Ctrl+C to quit.

Analyze (rust)	pending	0	https://github.com/Blackcat-Informatics/purrdf/actions/runs/37834531943/job/113508072414	
Build The PurRDF Book	pending	0	https://github.com/Blackcat-Informatics/purrdf/actions/runs/37834536825/job/113508082688	
CodeRabbit	pending	0		Review in progress
aarch64	pending	0	https://github.com/Blackcat-Informatics/purrdf/actions/runs/37834537108/job/113508084782	
capi	pending	0	https://github.com/Blackcat-Informatics/purrdf/actions/runs/37834537108/job/113508084389	
conformance (core)	pending	0	https://github.com/Blackcat-Informatics/purrdf/actions/runs/37834537108/job/113508085120	
conformance (python)	pending	0	https://github.com/Blackcat-Informatics/purrdf/actions/runs/37834537108/job/113508084936	
cross-arch	pending	0	https://github.com/Blackcat-Informatics/purrdf/actions/runs/37834537108/job/113508084822	
cross-arch-riscv64 (determinism-more-workers)	pending	0	https://github.com/Blackcat-Informatics/purrdf/actions/runs/37834537108/job/113508084800	
cross-arch-riscv64 (determinism-one-worker)	pending	0	https://github.com/Blackcat-Informatics/purrdf/actions/runs/37834537108/job/113508084916	
cross-arch-riscv64 (determinism-serial)	pending	0	https://github.com/Blackcat-Informatics/purrdf/actions/runs/37834537108/job/113508084814	
cross-arch-riscv64 (suites)	pending	0	https://github.com/Blackcat-Informatics/purrdf/actions/runs/37834537108/job/113508084856	
miri	pending	0	https://github.com/Blackcat-Informatics/purrdf/actions/runs/37834537108/job/113508084876	
pytest	pending	0	https://github.com/Blackcat-Informatics/purrdf/actions/runs/37834537108/job/113508084904	
simd-asm-config (aarch64)	pending	0	https://github.com/Blackcat-Informatics/purrdf/actions/runs/37834537108/job/113508084745	
simd-asm-config (aarch64-neoverse-v1)	pending	0	https://github.com/Blackcat-Informatics/purrdf/actions/runs/37834537108/job/113508084979	
test (doc)	pending	0	https://github.com/Blackcat-Informatics/purrdf/actions/runs/37834537108/job/113508084743	
test (integration-1)	pending	0	https://github.com/Blackcat-Informatics/purrdf/actions/runs/37834537108/job/113508084675	
test (integration-2)	pending	0	https://github.com/Blackcat-Informatics/purrdf/actions/runs/37834537108/job/113508084585	
test (integration-3)	pending	0	https://github.com/Blackcat-Informatics/purrdf/actions/runs/37834537108/job/113508084618	
CodeQL	skipping	7s	https://github.com/Blackcat-Informatics/purrdf/runs/113508420731	
simd-asm-config (x86_64)	pass	5m36s	https://github.com/Blackcat-Informatics/purrdf/actions/runs/37834537108/job/113508084888	
workspace	pending	0	https://github.com/Blackcat-Informatics/purrdf/actions/runs/37834537108/job/113508084629	
simd-asm-config (x86_64-v4)	pass	5m42s	https://github.com/Blackcat-Informatics/purrdf/actions/runs/37834537108/job/113508085043	
wasm	pass	5m1s	https://github.com/Blackcat-Informatics/purrdf/actions/runs/37834537108/job/113508084708	
conformance (sparql)	pass	6m12s	https://github.com/Blackcat-Informatics/purrdf/actions/runs/37834537108/job/113508086127	
windows-mtime	pass	1m39s	https://github.com/Blackcat-Informatics/purrdf/actions/runs/37834537108/job/113508084922	
simd-asm-config (wasm32-simd128)	pass	6m29s	https://github.com/Blackcat-Informatics/purrdf/actions/runs/37834537108/job/113508085019	
projection-oracles	pass	6m12s	https://github.com/Blackcat-Informatics/purrdf/actions/runs/37834537108/job/113508084428	
wasm-exec	pass	3m22s	https://github.com/Blackcat-Informatics/purrdf/actions/runs/37834537108/job/113508084777	
python-publisher	pass	19s	https://github.com/Blackcat-Informatics/purrdf/actions/runs/37834537108/job/113508084858	
simd-asm-config (wasm32)	pass	5m43s	https://github.com/Blackcat-Informatics/purrdf/actions/runs/37834537108/job/113508084828	
avx512-sde	pass	4m14s	https://github.com/Blackcat-Informatics/purrdf/actions/runs/37834537108/job/113508084594	
simd-asm-config (x86_64-v3)	pass	5m40s	https://github.com/Blackcat-Informatics/purrdf/actions/runs/37834537108/job/113508085024	
conformance (shapes)	pass	6m2s	https://github.com/Blackcat-Informatics/purrdf/actions/runs/37834537108/job/113508085005	
test (lib)	pending	0	https://github.com/Blackcat-Informatics/purrdf/actions/runs/37834537108/job/113508084678	
test (integration-4)	pending	0	https://github.com/Blackcat-Informatics/purrdf/actions/runs/37834537108/job/113508084509	
doc	pass	1m21s	https://github.com/Blackcat-Informatics/purrdf/actions/runs/37834537108/job/113508084171	
wasm-package	pending	0	https://github.com/Blackcat-Informatics/purrdf/actions/runs/37834537108/job/113508084909	
msrv	pass	1m29s	https://github.com/Blackcat-Informatics/purrdf/actions/runs/37834537108/job/113508084734	
Analyze (javascript-typescript)	pass	57s	https://github.com/Blackcat-Informatics/purrdf/actions/runs/37834531943/job/113508072901	
Analyze (c-cpp)	pass	1m8s	https://github.com/Blackcat-Informatics/purrdf/actions/runs/37834531943/job/113508072687	
Analyze (actions)	pass	49s	https://github.com/Blackcat-Informatics/purrdf/actions/runs/37834531943/job/113508072817	
Analyze (python)	pass	1m21s	https://github.com/Blackcat-Informatics/purrdf/actions/runs/37834531943/job/113508072871	
wasm-schema-oracles	pass	4m40s	https://github.com/Blackcat-Informatics/purrdf/actions/runs/37834537108/job/113508084832	
simd-asm-projection	skipping	0	https://github.com/Blackcat-Informatics/purrdf/actions/runs/37834537108/job/113508086125	
Refreshing checks status every 30 seconds. Press Ctrl+C to quit.

Analyze (rust)	pending	0	https://github.com/Blackcat-Informatics/purrdf/actions/runs/37834531943/job/113508072414	
Build The PurRDF Book	pending	0	https://github.com/Blackcat-Informatics/purrdf/actions/runs/37834536825/job/113508082688	
CodeRabbit	pending	0		Review in progress
aarch64	pending	0	https://github.com/Blackcat-Informatics/purrdf/actions/runs/37834537108/job/113508084782	
capi	pending	0	https://github.com/Blackcat-Informatics/purrdf/actions/runs/37834537108/job/113508084389	
conformance (core)	pending	0	https://github.com/Blackcat-Informatics/purrdf/actions/runs/37834537108/job/113508085120	
conformance (python)	pending	0	https://github.com/Blackcat-Informatics/purrdf/actions/runs/37834537108/job/113508084936	
cross-arch	pending	0	https://github.com/Blackcat-Informatics/purrdf/actions/runs/37834537108/job/113508084822	
cross-arch-riscv64 (determinism-more-workers)	pending	0	https://github.com/Blackcat-Informatics/purrdf/actions/runs/37834537108/job/113508084800	
cross-arch-riscv64 (determinism-one-worker)	pending	0	https://github.com/Blackcat-Informatics/purrdf/actions/runs/37834537108/job/113508084916	
cross-arch-riscv64 (determinism-serial)	pending	0	https://github.com/Blackcat-Informatics/purrdf/actions/runs/37834537108/job/113508084814	
cross-arch-riscv64 (suites)	pending	0	https://github.com/Blackcat-Informatics/purrdf/actions/runs/37834537108/job/113508084856	
miri	pending	0	https://github.com/Blackcat-Informatics/purrdf/actions/runs/37834537108/job/113508084876	
pytest	pending	0	https://github.com/Blackcat-Informatics/purrdf/actions/runs/37834537108/job/113508084904	
simd-asm-config (aarch64)	pending	0	https://github.com/Blackcat-Informatics/purrdf/actions/runs/37834537108/job/113508084745	
simd-asm-config (aarch64-neoverse-v1)	pending	0	https://github.com/Blackcat-Informatics/purrdf/actions/runs/37834537108/job/113508084979	
test (doc)	pending	0	https://github.com/Blackcat-Informatics/purrdf/actions/runs/37834537108/job/113508084743	
test (integration-1)	pending	0	https://github.com/Blackcat-Informatics/purrdf/actions/runs/37834537108/job/113508084675	
test (integration-2)	pending	0	https://github.com/Blackcat-Informatics/purrdf/actions/runs/37834537108/job/113508084585	
test (integration-3)	pending	0	https://github.com/Blackcat-Informatics/purrdf/actions/runs/37834537108/job/113508084618	
CodeQL	skipping	7s	https://github.com/Blackcat-Informatics/purrdf/runs/113508420731	
simd-asm-config (x86_64)	pass	5m36s	https://github.com/Blackcat-Informatics/purrdf/actions/runs/37834537108/job/113508084888	
workspace	pending	0	https://github.com/Blackcat-Informatics/purrdf/actions/runs/37834537108/job/113508084629	
simd-asm-config (x86_64-v4)	pass	5m42s	https://github.com/Blackcat-Informatics/purrdf/actions/runs/37834537108/job/113508085043	
wasm	pass	5m1s	https://github.com/Blackcat-Informatics/purrdf/actions/runs/37834537108/job/113508084708	
conformance (sparql)	pass	6m12s	https://github.com/Blackcat-Informatics/purrdf/actions/runs/37834537108/job/113508086127	
windows-mtime	pass	1m39s	https://github.com/Blackcat-Informatics/purrdf/actions/runs/37834537108/job/113508084922	
simd-asm-config (wasm32-simd128)	pass	6m29s	https://github.com/Blackcat-Informatics/purrdf/actions/runs/37834537108/job/113508085019	
projection-oracles	pass	6m12s	https://github.com/Blackcat-Informatics/purrdf/actions/runs/37834537108/job/113508084428	
wasm-exec	pass	3m22s	https://github.com/Blackcat-Informatics/purrdf/actions/runs/37834537108/job/113508084777	
python-publisher	pass	19s	https://github.com/Blackcat-Informatics/purrdf/actions/runs/37834537108/job/113508084858	
simd-asm-config (wasm32)	pass	5m43s	https://github.com/Blackcat-Informatics/purrdf/actions/runs/37834537108/job/113508084828	
avx512-sde	pass	4m14s	https://github.com/Blackcat-Informatics/purrdf/actions/runs/37834537108/job/113508084594	
simd-asm-config (x86_64-v3)	pass	5m40s	https://github.com/Blackcat-Informatics/purrdf/actions/runs/37834537108/job/113508085024	
conformance (shapes)	pass	6m2s	https://github.com/Blackcat-Informatics/purrdf/actions/runs/37834537108/job/113508085005	
test (lib)	pending	0	https://github.com/Blackcat-Informatics/purrdf/actions/runs/37834537108/job/113508084678	
test (integration-4)	pending	0	https://github.com/Blackcat-Informatics/purrdf/actions/runs/37834537108/job/113508084509	
doc	pass	1m21s	https://github.com/Blackcat-Informatics/purrdf/actions/runs/37834537108/job/113508084171	
wasm-package	pending	0	https://github.com/Blackcat-Informatics/purrdf/actions/runs/37834537108/job/113508084909	
msrv	pass	1m29s	https://github.com/Blackcat-Informatics/purrdf/actions/runs/37834537108/job/113508084734	
Analyze (javascript-typescript)	pass	57s	https://github.com/Blackcat-Informatics/purrdf/actions/runs/37834531943/job/113508072901	
Analyze (c-cpp)	pass	1m8s	https://github.com/Blackcat-Informatics/purrdf/actions/runs/37834531943/job/113508072687	
Analyze (actions)	pass	49s	https://github.com/Blackcat-Informatics/purrdf/actions/runs/37834531943/job/113508072817	
Analyze (python)	pass	1m21s	https://github.com/Blackcat-Informatics/purrdf/actions/runs/37834531943/job/113508072871	
wasm-schema-oracles	pass	4m40s	https://github.com/Blackcat-Informatics/purrdf/actions/runs/37834537108/job/113508084832	
simd-asm-projection	skipping	0	https://github.com/Blackcat-Informatics/purrdf/actions/runs/37834537108/job/113508086125	
Refreshing checks status every 30 seconds. Press Ctrl+C to quit.

Analyze (rust)	pending	0	https://github.com/Blackcat-Informatics/purrdf/actions/runs/37834531943/job/113508072414	
Build The PurRDF Book	pending	0	https://github.com/Blackcat-Informatics/purrdf/actions/runs/37834536825/job/113508082688	
CodeRabbit	pending	0		Review in progress
aarch64	pending	0	https://github.com/Blackcat-Informatics/purrdf/actions/runs/37834537108/job/113508084782	
capi	pending	0	https://github.com/Blackcat-Informatics/purrdf/actions/runs/37834537108/job/113508084389	
conformance (python)	pending	0	https://github.com/Blackcat-Informatics/purrdf/actions/runs/37834537108/job/113508084936	
cross-arch	pending	0	https://github.com/Blackcat-Informatics/purrdf/actions/runs/37834537108/job/113508084822	
cross-arch-riscv64 (determinism-more-workers)	pending	0	https://github.com/Blackcat-Informatics/purrdf/actions/runs/37834537108/job/113508084800	
cross-arch-riscv64 (determinism-one-worker)	pending	0	https://github.com/Blackcat-Informatics/purrdf/actions/runs/37834537108/job/113508084916	
cross-arch-riscv64 (determinism-serial)	pending	0	https://github.com/Blackcat-Informatics/purrdf/actions/runs/37834537108/job/113508084814	
cross-arch-riscv64 (suites)	pending	0	https://github.com/Blackcat-Informatics/purrdf/actions/runs/37834537108/job/113508084856	
miri	pending	0	https://github.com/Blackcat-Informatics/purrdf/actions/runs/37834537108/job/113508084876	
pytest	pending	0	https://github.com/Blackcat-Informatics/purrdf/actions/runs/37834537108/job/113508084904	
simd-asm-config (aarch64-neoverse-v1)	pending	0	https://github.com/Blackcat-Informatics/purrdf/actions/runs/37834537108/job/113508084979	
test (doc)	pending	0	https://github.com/Blackcat-Informatics/purrdf/actions/runs/37834537108/job/113508084743	
test (integration-1)	pending	0	https://github.com/Blackcat-Informatics/purrdf/actions/runs/37834537108/job/113508084675	
test (integration-2)	pending	0	https://github.com/Blackcat-Informatics/purrdf/actions/runs/37834537108/job/113508084585	
test (integration-3)	pending	0	https://github.com/Blackcat-Informatics/purrdf/actions/runs/37834537108/job/113508084618	
projection-oracles	pass	6m12s	https://github.com/Blackcat-Informatics/purrdf/actions/runs/37834537108/job/113508084428	
conformance (core)	pass	7m45s	https://github.com/Blackcat-Informatics/purrdf/actions/runs/37834537108/job/113508085120	
avx512-sde	pass	4m14s	https://github.com/Blackcat-Informatics/purrdf/actions/runs/37834537108/job/113508084594	
simd-asm-projection	skipping	0	https://github.com/Blackcat-Informatics/purrdf/actions/runs/37834537108/job/113508086125	
workspace	pending	0	https://github.com/Blackcat-Informatics/purrdf/actions/runs/37834537108/job/113508084629	
Analyze (python)	pass	1m21s	https://github.com/Blackcat-Informatics/purrdf/actions/runs/37834531943/job/113508072871	
conformance (sparql)	pass	6m12s	https://github.com/Blackcat-Informatics/purrdf/actions/runs/37834537108/job/113508086127	
Analyze (actions)	pass	49s	https://github.com/Blackcat-Informatics/purrdf/actions/runs/37834531943/job/113508072817	
Analyze (c-cpp)	pass	1m8s	https://github.com/Blackcat-Informatics/purrdf/actions/runs/37834531943/job/113508072687	
Analyze (javascript-typescript)	pass	57s	https://github.com/Blackcat-Informatics/purrdf/actions/runs/37834531943/job/113508072901	
CodeQL	skipping	7s	https://github.com/Blackcat-Informatics/purrdf/runs/113508420731	
msrv	pass	1m29s	https://github.com/Blackcat-Informatics/purrdf/actions/runs/37834537108/job/113508084734	
wasm-package	pending	0	https://github.com/Blackcat-Informatics/purrdf/actions/runs/37834537108/job/113508084909	
doc	pass	1m21s	https://github.com/Blackcat-Informatics/purrdf/actions/runs/37834537108/job/113508084171	
test (integration-4)	pending	0	https://github.com/Blackcat-Informatics/purrdf/actions/runs/37834537108/job/113508084509	
conformance (shapes)	pass	6m2s	https://github.com/Blackcat-Informatics/purrdf/actions/runs/37834537108/job/113508085005	
test (lib)	pending	0	https://github.com/Blackcat-Informatics/purrdf/actions/runs/37834537108/job/113508084678	
python-publisher	pass	19s	https://github.com/Blackcat-Informatics/purrdf/actions/runs/37834537108/job/113508084858	
simd-asm-config (aarch64)	pass	7m26s	https://github.com/Blackcat-Informatics/purrdf/actions/runs/37834537108/job/113508084745	
simd-asm-config (wasm32)	pass	5m43s	https://github.com/Blackcat-Informatics/purrdf/actions/runs/37834537108/job/113508084828	
simd-asm-config (wasm32-simd128)	pass	6m29s	https://github.com/Blackcat-Informatics/purrdf/actions/runs/37834537108/job/113508085019	
simd-asm-config (x86_64)	pass	5m36s	https://github.com/Blackcat-Informatics/purrdf/actions/runs/37834537108/job/113508084888	
simd-asm-config (x86_64-v3)	pass	5m40s	https://github.com/Blackcat-Informatics/purrdf/actions/runs/37834537108/job/113508085024	
simd-asm-config (x86_64-v4)	pass	5m42s	https://github.com/Blackcat-Informatics/purrdf/actions/runs/37834537108/job/113508085043	
wasm	pass	5m1s	https://github.com/Blackcat-Informatics/purrdf/actions/runs/37834537108/job/113508084708	
wasm-exec	pass	3m22s	https://github.com/Blackcat-Informatics/purrdf/actions/runs/37834537108/job/113508084777	
wasm-schema-oracles	pass	4m40s	https://github.com/Blackcat-Informatics/purrdf/actions/runs/37834537108/job/113508084832	
windows-mtime	pass	1m39s	https://github.com/Blackcat-Informatics/purrdf/actions/runs/37834537108/job/113508084922	
Refreshing checks status every 30 seconds. Press Ctrl+C to quit.

Analyze (rust)	pending	0	https://github.com/Blackcat-Informatics/purrdf/actions/runs/37834531943/job/113508072414	
Build The PurRDF Book	pending	0	https://github.com/Blackcat-Informatics/purrdf/actions/runs/37834536825/job/113508082688	
CodeRabbit	pending	0		Review in progress
aarch64	pending	0	https://github.com/Blackcat-Informatics/purrdf/actions/runs/37834537108/job/113508084782	
capi	pending	0	https://github.com/Blackcat-Informatics/purrdf/actions/runs/37834537108/job/113508084389	
conformance (python)	pending	0	https://github.com/Blackcat-Informatics/purrdf/actions/runs/37834537108/job/113508084936	
cross-arch	pending	0	https://github.com/Blackcat-Informatics/purrdf/actions/runs/37834537108/job/113508084822	
cross-arch-riscv64 (determinism-more-workers)	pending	0	https://github.com/Blackcat-Informatics/purrdf/actions/runs/37834537108/job/113508084800	
cross-arch-riscv64 (determinism-one-worker)	pending	0	https://github.com/Blackcat-Informatics/purrdf/actions/runs/37834537108/job/113508084916	
cross-arch-riscv64 (determinism-serial)	pending	0	https://github.com/Blackcat-Informatics/purrdf/actions/runs/37834537108/job/113508084814	
cross-arch-riscv64 (suites)	pending	0	https://github.com/Blackcat-Informatics/purrdf/actions/runs/37834537108/job/113508084856	
miri	pending	0	https://github.com/Blackcat-Informatics/purrdf/actions/runs/37834537108/job/113508084876	
pytest	pending	0	https://github.com/Blackcat-Informatics/purrdf/actions/runs/37834537108/job/113508084904	
test (doc)	pending	0	https://github.com/Blackcat-Informatics/purrdf/actions/runs/37834537108/job/113508084743	
test (integration-1)	pending	0	https://github.com/Blackcat-Informatics/purrdf/actions/runs/37834537108/job/113508084675	
test (integration-2)	pending	0	https://github.com/Blackcat-Informatics/purrdf/actions/runs/37834537108/job/113508084585	
test (integration-3)	pending	0	https://github.com/Blackcat-Informatics/purrdf/actions/runs/37834537108/job/113508084618	
simd-asm	pass	25s	https://github.com/Blackcat-Informatics/purrdf/actions/runs/37834537108/job/113511411456	
conformance (core)	pass	7m45s	https://github.com/Blackcat-Informatics/purrdf/actions/runs/37834537108/job/113508085120	
conformance (sparql)	pass	6m12s	https://github.com/Blackcat-Informatics/purrdf/actions/runs/37834537108/job/113508086127	
projection-oracles	pass	6m12s	https://github.com/Blackcat-Informatics/purrdf/actions/runs/37834537108/job/113508084428	
CodeQL	skipping	7s	https://github.com/Blackcat-Informatics/purrdf/runs/113508420731	
workspace	pending	0	https://github.com/Blackcat-Informatics/purrdf/actions/runs/37834537108/job/113508084629	
simd-asm-projection	skipping	0	https://github.com/Blackcat-Informatics/purrdf/actions/runs/37834537108/job/113508086125	
Analyze (c-cpp)	pass	1m8s	https://github.com/Blackcat-Informatics/purrdf/actions/runs/37834531943/job/113508072687	
avx512-sde	pass	4m14s	https://github.com/Blackcat-Informatics/purrdf/actions/runs/37834537108/job/113508084594	
Analyze (python)	pass	1m21s	https://github.com/Blackcat-Informatics/purrdf/actions/runs/37834531943/job/113508072871	
Analyze (javascript-typescript)	pass	57s	https://github.com/Blackcat-Informatics/purrdf/actions/runs/37834531943/job/113508072901	
msrv	pass	1m29s	https://github.com/Blackcat-Informatics/purrdf/actions/runs/37834537108/job/113508084734	
conformance (shapes)	pass	6m2s	https://github.com/Blackcat-Informatics/purrdf/actions/runs/37834537108/job/113508085005	
doc	pass	1m21s	https://github.com/Blackcat-Informatics/purrdf/actions/runs/37834537108/job/113508084171	
wasm-package	pending	0	https://github.com/Blackcat-Informatics/purrdf/actions/runs/37834537108/job/113508084909	
python-publisher	pass	19s	https://github.com/Blackcat-Informatics/purrdf/actions/runs/37834537108/job/113508084858	
Analyze (actions)	pass	49s	https://github.com/Blackcat-Informatics/purrdf/actions/runs/37834531943/job/113508072817	
test (integration-4)	pending	0	https://github.com/Blackcat-Informatics/purrdf/actions/runs/37834537108/job/113508084509	
test (lib)	pending	0	https://github.com/Blackcat-Informatics/purrdf/actions/runs/37834537108/job/113508084678	
simd-asm-config (aarch64)	pass	7m26s	https://github.com/Blackcat-Informatics/purrdf/actions/runs/37834537108/job/113508084745	
simd-asm-config (aarch64-neoverse-v1)	pass	7m44s	https://github.com/Blackcat-Informatics/purrdf/actions/runs/37834537108/job/113508084979	
simd-asm-config (wasm32)	pass	5m43s	https://github.com/Blackcat-Informatics/purrdf/actions/runs/37834537108/job/113508084828	
simd-asm-config (wasm32-simd128)	pass	6m29s	https://github.com/Blackcat-Informatics/purrdf/actions/runs/37834537108/job/113508085019	
simd-asm-config (x86_64)	pass	5m36s	https://github.com/Blackcat-Informatics/purrdf/actions/runs/37834537108/job/113508084888	
simd-asm-config (x86_64-v3)	pass	5m40s	https://github.com/Blackcat-Informatics/purrdf/actions/runs/37834537108/job/113508085024	
simd-asm-config (x86_64-v4)	pass	5m42s	https://github.com/Blackcat-Informatics/purrdf/actions/runs/37834537108/job/113508085043	
wasm	pass	5m1s	https://github.com/Blackcat-Informatics/purrdf/actions/runs/37834537108/job/113508084708	
wasm-exec	pass	3m22s	https://github.com/Blackcat-Informatics/purrdf/actions/runs/37834537108/job/113508084777	
wasm-schema-oracles	pass	4m40s	https://github.com/Blackcat-Informatics/purrdf/actions/runs/37834537108/job/113508084832	
windows-mtime	pass	1m39s	https://github.com/Blackcat-Informatics/purrdf/actions/runs/37834537108/job/113508084922	
Refreshing checks status every 30 seconds. Press Ctrl+C to quit.

Analyze (rust)	pending	0	https://github.com/Blackcat-Informatics/purrdf/actions/runs/37834531943/job/113508072414	
Build The PurRDF Book	pending	0	https://github.com/Blackcat-Informatics/purrdf/actions/runs/37834536825/job/113508082688	
CodeRabbit	pending	0		Review in progress
aarch64	pending	0	https://github.com/Blackcat-Informatics/purrdf/actions/runs/37834537108/job/113508084782	
capi	pending	0	https://github.com/Blackcat-Informatics/purrdf/actions/runs/37834537108/job/113508084389	
conformance (python)	pending	0	https://github.com/Blackcat-Informatics/purrdf/actions/runs/37834537108/job/113508084936	
cross-arch	pending	0	https://github.com/Blackcat-Informatics/purrdf/actions/runs/37834537108/job/113508084822	
cross-arch-riscv64 (determinism-more-workers)	pending	0	https://github.com/Blackcat-Informatics/purrdf/actions/runs/37834537108/job/113508084800	
cross-arch-riscv64 (determinism-one-worker)	pending	0	https://github.com/Blackcat-Informatics/purrdf/actions/runs/37834537108/job/113508084916	
cross-arch-riscv64 (determinism-serial)	pending	0	https://github.com/Blackcat-Informatics/purrdf/actions/runs/37834537108/job/113508084814	
cross-arch-riscv64 (suites)	pending	0	https://github.com/Blackcat-Informatics/purrdf/actions/runs/37834537108/job/113508084856	
miri	pending	0	https://github.com/Blackcat-Informatics/purrdf/actions/runs/37834537108/job/113508084876	
pytest	pending	0	https://github.com/Blackcat-Informatics/purrdf/actions/runs/37834537108/job/113508084904	
test (doc)	pending	0	https://github.com/Blackcat-Informatics/purrdf/actions/runs/37834537108/job/113508084743	
test (integration-1)	pending	0	https://github.com/Blackcat-Informatics/purrdf/actions/runs/37834537108/job/113508084675	
test (integration-2)	pending	0	https://github.com/Blackcat-Informatics/purrdf/actions/runs/37834537108/job/113508084585	
test (integration-3)	pending	0	https://github.com/Blackcat-Informatics/purrdf/actions/runs/37834537108/job/113508084618	
simd-asm	pass	25s	https://github.com/Blackcat-Informatics/purrdf/actions/runs/37834537108/job/113511411456	
conformance (core)	pass	7m45s	https://github.com/Blackcat-Informatics/purrdf/actions/runs/37834537108/job/113508085120	
conformance (sparql)	pass	6m12s	https://github.com/Blackcat-Informatics/purrdf/actions/runs/37834537108/job/113508086127	
projection-oracles	pass	6m12s	https://github.com/Blackcat-Informatics/purrdf/actions/runs/37834537108/job/113508084428	
CodeQL	skipping	7s	https://github.com/Blackcat-Informatics/purrdf/runs/113508420731	
workspace	pending	0	https://github.com/Blackcat-Informatics/purrdf/actions/runs/37834537108/job/113508084629	
simd-asm-projection	skipping	0	https://github.com/Blackcat-Informatics/purrdf/actions/runs/37834537108/job/113508086125	
Analyze (c-cpp)	pass	1m8s	https://github.com/Blackcat-Informatics/purrdf/actions/runs/37834531943/job/113508072687	
avx512-sde	pass	4m14s	https://github.com/Blackcat-Informatics/purrdf/actions/runs/37834537108/job/113508084594	
Analyze (python)	pass	1m21s	https://github.com/Blackcat-Informatics/purrdf/actions/runs/37834531943/job/113508072871	
Analyze (javascript-typescript)	pass	57s	https://github.com/Blackcat-Informatics/purrdf/actions/runs/37834531943/job/113508072901	
msrv	pass	1m29s	https://github.com/Blackcat-Informatics/purrdf/actions/runs/37834537108/job/113508084734	
conformance (shapes)	pass	6m2s	https://github.com/Blackcat-Informatics/purrdf/actions/runs/37834537108/job/113508085005	
doc	pass	1m21s	https://github.com/Blackcat-Informatics/purrdf/actions/runs/37834537108/job/113508084171	
wasm-package	pending	0	https://github.com/Blackcat-Informatics/purrdf/actions/runs/37834537108/job/113508084909	
python-publisher	pass	19s	https://github.com/Blackcat-Informatics/purrdf/actions/runs/37834537108/job/113508084858	
Analyze (actions)	pass	49s	https://github.com/Blackcat-Informatics/purrdf/actions/runs/37834531943/job/113508072817	
test (integration-4)	pending	0	https://github.com/Blackcat-Informatics/purrdf/actions/runs/37834537108/job/113508084509	
test (lib)	pending	0	https://github.com/Blackcat-Informatics/purrdf/actions/runs/37834537108/job/113508084678	
simd-asm-config (aarch64)	pass	7m26s	https://github.com/Blackcat-Informatics/purrdf/actions/runs/37834537108/job/113508084745	
simd-asm-config (aarch64-neoverse-v1)	pass	7m44s	https://github.com/Blackcat-Informatics/purrdf/actions/runs/37834537108/job/113508084979	
simd-asm-config (wasm32)	pass	5m43s	https://github.com/Blackcat-Informatics/purrdf/actions/runs/37834537108/job/113508084828	
simd-asm-config (wasm32-simd128)	pass	6m29s	https://github.com/Blackcat-Informatics/purrdf/actions/runs/37834537108/job/113508085019	
simd-asm-config (x86_64)	pass	5m36s	https://github.com/Blackcat-Informatics/purrdf/actions/runs/37834537108/job/113508084888	
simd-asm-config (x86_64-v3)	pass	5m40s	https://github.com/Blackcat-Informatics/purrdf/actions/runs/37834537108/job/113508085024	
simd-asm-config (x86_64-v4)	pass	5m42s	https://github.com/Blackcat-Informatics/purrdf/actions/runs/37834537108/job/113508085043	
wasm	pass	5m1s	https://github.com/Blackcat-Informatics/purrdf/actions/runs/37834537108/job/113508084708	
wasm-exec	pass	3m22s	https://github.com/Blackcat-Informatics/purrdf/actions/runs/37834537108/job/113508084777	
wasm-schema-oracles	pass	4m40s	https://github.com/Blackcat-Informatics/purrdf/actions/runs/37834537108/job/113508084832	
windows-mtime	pass	1m39s	https://github.com/Blackcat-Informatics/purrdf/actions/runs/37834537108/job/113508084922	
Refreshing checks status every 30 seconds. Press Ctrl+C to quit.

Analyze (rust)	pending	0	https://github.com/Blackcat-Informatics/purrdf/actions/runs/37834531943/job/113508072414	
CodeRabbit	pending	0		Review in progress
aarch64	pending	0	https://github.com/Blackcat-Informatics/purrdf/actions/runs/37834537108/job/113508084782	
capi	pending	0	https://github.com/Blackcat-Informatics/purrdf/actions/runs/37834537108/job/113508084389	
conformance (python)	pending	0	https://github.com/Blackcat-Informatics/purrdf/actions/runs/37834537108/job/113508084936	
cross-arch	pending	0	https://github.com/Blackcat-Informatics/purrdf/actions/runs/37834537108/job/113508084822	
cross-arch-riscv64 (determinism-more-workers)	pending	0	https://github.com/Blackcat-Informatics/purrdf/actions/runs/37834537108/job/113508084800	
cross-arch-riscv64 (determinism-one-worker)	pending	0	https://github.com/Blackcat-Informatics/purrdf/actions/runs/37834537108/job/113508084916	
cross-arch-riscv64 (determinism-serial)	pending	0	https://github.com/Blackcat-Informatics/purrdf/actions/runs/37834537108/job/113508084814	
cross-arch-riscv64 (suites)	pending	0	https://github.com/Blackcat-Informatics/purrdf/actions/runs/37834537108/job/113508084856	
miri	pending	0	https://github.com/Blackcat-Informatics/purrdf/actions/runs/37834537108/job/113508084876	
pytest	pending	0	https://github.com/Blackcat-Informatics/purrdf/actions/runs/37834537108/job/113508084904	
test (doc)	pending	0	https://github.com/Blackcat-Informatics/purrdf/actions/runs/37834537108/job/113508084743	
test (integration-1)	pending	0	https://github.com/Blackcat-Informatics/purrdf/actions/runs/37834537108/job/113508084675	
test (integration-2)	pending	0	https://github.com/Blackcat-Informatics/purrdf/actions/runs/37834537108/job/113508084585	
test (integration-3)	pending	0	https://github.com/Blackcat-Informatics/purrdf/actions/runs/37834537108/job/113508084618	
test (integration-4)	pending	0	https://github.com/Blackcat-Informatics/purrdf/actions/runs/37834537108/job/113508084509	
test (lib)	pending	0	https://github.com/Blackcat-Informatics/purrdf/actions/runs/37834537108/job/113508084678	
wasm-package	pending	0	https://github.com/Blackcat-Informatics/purrdf/actions/runs/37834537108/job/113508084909	
workspace	pending	0	https://github.com/Blackcat-Informatics/purrdf/actions/runs/37834537108/job/113508084629	
conformance (shapes)	pass	6m2s	https://github.com/Blackcat-Informatics/purrdf/actions/runs/37834537108/job/113508085005	
conformance (core)	pass	7m45s	https://github.com/Blackcat-Informatics/purrdf/actions/runs/37834537108/job/113508085120	
simd-asm-projection	skipping	0	https://github.com/Blackcat-Informatics/purrdf/actions/runs/37834537108/job/113508086125	
Analyze (c-cpp)	pass	1m8s	https://github.com/Blackcat-Informatics/purrdf/actions/runs/37834531943/job/113508072687	
Deploy to GitHub Pages	skipping	0	https://github.com/Blackcat-Informatics/purrdf/actions/runs/37834536825/job/113511972236	
Analyze (python)	pass	1m21s	https://github.com/Blackcat-Informatics/purrdf/actions/runs/37834531943/job/113508072871	
Analyze (javascript-typescript)	pass	57s	https://github.com/Blackcat-Informatics/purrdf/actions/runs/37834531943/job/113508072901	
Build The PurRDF Book	pass	9m8s	https://github.com/Blackcat-Informatics/purrdf/actions/runs/37834536825/job/113508082688	
CodeQL	skipping	7s	https://github.com/Blackcat-Informatics/purrdf/runs/113508420731	
Analyze (actions)	pass	49s	https://github.com/Blackcat-Informatics/purrdf/actions/runs/37834531943/job/113508072817	
avx512-sde	pass	4m14s	https://github.com/Blackcat-Informatics/purrdf/actions/runs/37834537108/job/113508084594	
conformance (sparql)	pass	6m12s	https://github.com/Blackcat-Informatics/purrdf/actions/runs/37834537108/job/113508086127	
doc	pass	1m21s	https://github.com/Blackcat-Informatics/purrdf/actions/runs/37834537108/job/113508084171	
msrv	pass	1m29s	https://github.com/Blackcat-Informatics/purrdf/actions/runs/37834537108/job/113508084734	
projection-oracles	pass	6m12s	https://github.com/Blackcat-Informatics/purrdf/actions/runs/37834537108/job/113508084428	
python-publisher	pass	19s	https://github.com/Blackcat-Informatics/purrdf/actions/runs/37834537108/job/113508084858	
simd-asm	pass	25s	https://github.com/Blackcat-Informatics/purrdf/actions/runs/37834537108/job/113511411456	
simd-asm-config (aarch64)	pass	7m26s	https://github.com/Blackcat-Informatics/purrdf/actions/runs/37834537108/job/113508084745	
simd-asm-config (aarch64-neoverse-v1)	pass	7m44s	https://github.com/Blackcat-Informatics/purrdf/actions/runs/37834537108/job/113508084979	
simd-asm-config (wasm32)	pass	5m43s	https://github.com/Blackcat-Informatics/purrdf/actions/runs/37834537108/job/113508084828	
simd-asm-config (wasm32-simd128)	pass	6m29s	https://github.com/Blackcat-Informatics/purrdf/actions/runs/37834537108/job/113508085019	
simd-asm-config (x86_64)	pass	5m36s	https://github.com/Blackcat-Informatics/purrdf/actions/runs/37834537108/job/113508084888	
simd-asm-config (x86_64-v3)	pass	5m40s	https://github.com/Blackcat-Informatics/purrdf/actions/runs/37834537108/job/113508085024	
simd-asm-config (x86_64-v4)	pass	5m42s	https://github.com/Blackcat-Informatics/purrdf/actions/runs/37834537108/job/113508085043	
wasm	pass	5m1s	https://github.com/Blackcat-Informatics/purrdf/actions/runs/37834537108/job/113508084708	
wasm-exec	pass	3m22s	https://github.com/Blackcat-Informatics/purrdf/actions/runs/37834537108/job/113508084777	
wasm-schema-oracles	pass	4m40s	https://github.com/Blackcat-Informatics/purrdf/actions/runs/37834537108/job/113508084832	
windows-mtime	pass	1m39s	https://github.com/Blackcat-Informatics/purrdf/actions/runs/37834537108/job/113508084922	
Refreshing checks status every 30 seconds. Press Ctrl+C to quit.

Analyze (rust)	pending	0	https://github.com/Blackcat-Informatics/purrdf/actions/runs/37834531943/job/113508072414	
CodeRabbit	pending	0		Review in progress
aarch64	pending	0	https://github.com/Blackcat-Informatics/purrdf/actions/runs/37834537108/job/113508084782	
capi	pending	0	https://github.com/Blackcat-Informatics/purrdf/actions/runs/37834537108/job/113508084389	
conformance (python)	pending	0	https://github.com/Blackcat-Informatics/purrdf/actions/runs/37834537108/job/113508084936	
cross-arch	pending	0	https://github.com/Blackcat-Informatics/purrdf/actions/runs/37834537108/job/113508084822	
cross-arch-riscv64 (determinism-more-workers)	pending	0	https://github.com/Blackcat-Informatics/purrdf/actions/runs/37834537108/job/113508084800	
cross-arch-riscv64 (determinism-one-worker)	pending	0	https://github.com/Blackcat-Informatics/purrdf/actions/runs/37834537108/job/113508084916	
cross-arch-riscv64 (determinism-serial)	pending	0	https://github.com/Blackcat-Informatics/purrdf/actions/runs/37834537108/job/113508084814	
cross-arch-riscv64 (suites)	pending	0	https://github.com/Blackcat-Informatics/purrdf/actions/runs/37834537108/job/113508084856	
pytest	pending	0	https://github.com/Blackcat-Informatics/purrdf/actions/runs/37834537108/job/113508084904	
test (doc)	pending	0	https://github.com/Blackcat-Informatics/purrdf/actions/runs/37834537108/job/113508084743	
test (integration-1)	pending	0	https://github.com/Blackcat-Informatics/purrdf/actions/runs/37834537108/job/113508084675	
test (integration-2)	pending	0	https://github.com/Blackcat-Informatics/purrdf/actions/runs/37834537108/job/113508084585	
test (integration-3)	pending	0	https://github.com/Blackcat-Informatics/purrdf/actions/runs/37834537108/job/113508084618	
test (integration-4)	pending	0	https://github.com/Blackcat-Informatics/purrdf/actions/runs/37834537108/job/113508084509	
test (lib)	pending	0	https://github.com/Blackcat-Informatics/purrdf/actions/runs/37834537108/job/113508084678	
wasm-package	pending	0	https://github.com/Blackcat-Informatics/purrdf/actions/runs/37834537108/job/113508084909	
workspace	pending	0	https://github.com/Blackcat-Informatics/purrdf/actions/runs/37834537108/job/113508084629	
simd-asm-config (wasm32)	pass	5m43s	https://github.com/Blackcat-Informatics/purrdf/actions/runs/37834537108/job/113508084828	
simd-asm	pass	25s	https://github.com/Blackcat-Informatics/purrdf/actions/runs/37834537108/job/113511411456	
conformance (core)	pass	7m45s	https://github.com/Blackcat-Informatics/purrdf/actions/runs/37834537108/job/113508085120	
simd-asm-projection	skipping	0	https://github.com/Blackcat-Informatics/purrdf/actions/runs/37834537108/job/113508086125	
Analyze (c-cpp)	pass	1m8s	https://github.com/Blackcat-Informatics/purrdf/actions/runs/37834531943/job/113508072687	
Deploy to GitHub Pages	skipping	0	https://github.com/Blackcat-Informatics/purrdf/actions/runs/37834536825/job/113511972236	
conformance (sparql)	pass	6m12s	https://github.com/Blackcat-Informatics/purrdf/actions/runs/37834537108/job/113508086127	
projection-oracles	pass	6m12s	https://github.com/Blackcat-Informatics/purrdf/actions/runs/37834537108/job/113508084428	
Build The PurRDF Book	pass	9m8s	https://github.com/Blackcat-Informatics/purrdf/actions/runs/37834536825/job/113508082688	
Analyze (python)	pass	1m21s	https://github.com/Blackcat-Informatics/purrdf/actions/runs/37834531943/job/113508072871	
Analyze (javascript-typescript)	pass	57s	https://github.com/Blackcat-Informatics/purrdf/actions/runs/37834531943/job/113508072901	
avx512-sde	pass	4m14s	https://github.com/Blackcat-Informatics/purrdf/actions/runs/37834537108/job/113508084594	
doc	pass	1m21s	https://github.com/Blackcat-Informatics/purrdf/actions/runs/37834537108/job/113508084171	
CodeQL	skipping	7s	https://github.com/Blackcat-Informatics/purrdf/runs/113508420731	
miri	pass	9m23s	https://github.com/Blackcat-Informatics/purrdf/actions/runs/37834537108/job/113508084876	
conformance (shapes)	pass	6m2s	https://github.com/Blackcat-Informatics/purrdf/actions/runs/37834537108/job/113508085005	
simd-asm-config (aarch64-neoverse-v1)	pass	7m44s	https://github.com/Blackcat-Informatics/purrdf/actions/runs/37834537108/job/113508084979	
simd-asm-config (aarch64)	pass	7m26s	https://github.com/Blackcat-Informatics/purrdf/actions/runs/37834537108/job/113508084745	
Analyze (actions)	pass	49s	https://github.com/Blackcat-Informatics/purrdf/actions/runs/37834531943/job/113508072817	
msrv	pass	1m29s	https://github.com/Blackcat-Informatics/purrdf/actions/runs/37834537108/job/113508084734	
python-publisher	pass	19s	https://github.com/Blackcat-Informatics/purrdf/actions/runs/37834537108/job/113508084858	
simd-asm-config (wasm32-simd128)	pass	6m29s	https://github.com/Blackcat-Informatics/purrdf/actions/runs/37834537108/job/113508085019	
simd-asm-config (x86_64)	pass	5m36s	https://github.com/Blackcat-Informatics/purrdf/actions/runs/37834537108/job/113508084888	
simd-asm-config (x86_64-v3)	pass	5m40s	https://github.com/Blackcat-Informatics/purrdf/actions/runs/37834537108/job/113508085024	
simd-asm-config (x86_64-v4)	pass	5m42s	https://github.com/Blackcat-Informatics/purrdf/actions/runs/37834537108/job/113508085043	
wasm	pass	5m1s	https://github.com/Blackcat-Informatics/purrdf/actions/runs/37834537108/job/113508084708	
wasm-exec	pass	3m22s	https://github.com/Blackcat-Informatics/purrdf/actions/runs/37834537108/job/113508084777	
wasm-schema-oracles	pass	4m40s	https://github.com/Blackcat-Informatics/purrdf/actions/runs/37834537108/job/113508084832	
windows-mtime	pass	1m39s	https://github.com/Blackcat-Informatics/purrdf/actions/runs/37834537108/job/113508084922	
Refreshing checks status every 30 seconds. Press Ctrl+C to quit.

Analyze (rust)	pending	0	https://github.com/Blackcat-Informatics/purrdf/actions/runs/37834531943/job/113508072414	
CodeRabbit	pending	0		Review in progress
aarch64	pending	0	https://github.com/Blackcat-Informatics/purrdf/actions/runs/37834537108/job/113508084782	
capi	pending	0	https://github.com/Blackcat-Informatics/purrdf/actions/runs/37834537108/job/113508084389	
conformance	pending	0	https://github.com/Blackcat-Informatics/purrdf/actions/runs/37834537108/job/113512398691	
cross-arch	pending	0	https://github.com/Blackcat-Informatics/purrdf/actions/runs/37834537108/job/113508084822	
cross-arch-riscv64 (determinism-more-workers)	pending	0	https://github.com/Blackcat-Informatics/purrdf/actions/runs/37834537108/job/113508084800	
cross-arch-riscv64 (determinism-one-worker)	pending	0	https://github.com/Blackcat-Informatics/purrdf/actions/runs/37834537108/job/113508084916	
cross-arch-riscv64 (determinism-serial)	pending	0	https://github.com/Blackcat-Informatics/purrdf/actions/runs/37834537108/job/113508084814	
cross-arch-riscv64 (suites)	pending	0	https://github.com/Blackcat-Informatics/purrdf/actions/runs/37834537108/job/113508084856	
pytest	pending	0	https://github.com/Blackcat-Informatics/purrdf/actions/runs/37834537108/job/113508084904	
test (doc)	pending	0	https://github.com/Blackcat-Informatics/purrdf/actions/runs/37834537108/job/113508084743	
test (integration-1)	pending	0	https://github.com/Blackcat-Informatics/purrdf/actions/runs/37834537108/job/113508084675	
test (integration-2)	pending	0	https://github.com/Blackcat-Informatics/purrdf/actions/runs/37834537108/job/113508084585	
test (integration-4)	pending	0	https://github.com/Blackcat-Informatics/purrdf/actions/runs/37834537108/job/113508084509	
test (lib)	pending	0	https://github.com/Blackcat-Informatics/purrdf/actions/runs/37834537108/job/113508084678	
wasm-package	pending	0	https://github.com/Blackcat-Informatics/purrdf/actions/runs/37834537108/job/113508084909	
workspace	pending	0	https://github.com/Blackcat-Informatics/purrdf/actions/runs/37834537108/job/113508084629	
python-publisher	pass	19s	https://github.com/Blackcat-Informatics/purrdf/actions/runs/37834537108/job/113508084858	
conformance (core)	pass	7m45s	https://github.com/Blackcat-Informatics/purrdf/actions/runs/37834537108/job/113508085120	
miri	pass	9m23s	https://github.com/Blackcat-Informatics/purrdf/actions/runs/37834537108/job/113508084876	
Deploy to GitHub Pages	skipping	0	https://github.com/Blackcat-Informatics/purrdf/actions/runs/37834536825/job/113511972236	
simd-asm-projection	skipping	0	https://github.com/Blackcat-Informatics/purrdf/actions/runs/37834537108/job/113508086125	
Analyze (c-cpp)	pass	1m8s	https://github.com/Blackcat-Informatics/purrdf/actions/runs/37834531943/job/113508072687	
conformance (sparql)	pass	6m12s	https://github.com/Blackcat-Informatics/purrdf/actions/runs/37834537108/job/113508086127	
conformance (python)	pass	10m9s	https://github.com/Blackcat-Informatics/purrdf/actions/runs/37834537108/job/113508084936	
avx512-sde	pass	4m14s	https://github.com/Blackcat-Informatics/purrdf/actions/runs/37834537108/job/113508084594	
projection-oracles	pass	6m12s	https://github.com/Blackcat-Informatics/purrdf/actions/runs/37834537108/job/113508084428	
Analyze (javascript-typescript)	pass	57s	https://github.com/Blackcat-Informatics/purrdf/actions/runs/37834531943/job/113508072901	
Build The PurRDF Book	pass	9m8s	https://github.com/Blackcat-Informatics/purrdf/actions/runs/37834536825/job/113508082688	
Analyze (python)	pass	1m21s	https://github.com/Blackcat-Informatics/purrdf/actions/runs/37834531943/job/113508072871	
msrv	pass	1m29s	https://github.com/Blackcat-Informatics/purrdf/actions/runs/37834537108/job/113508084734	
doc	pass	1m21s	https://github.com/Blackcat-Informatics/purrdf/actions/runs/37834537108/job/113508084171	
conformance (shapes)	pass	6m2s	https://github.com/Blackcat-Informatics/purrdf/actions/runs/37834537108/job/113508085005	
CodeQL	skipping	7s	https://github.com/Blackcat-Informatics/purrdf/runs/113508420731	
Analyze (actions)	pass	49s	https://github.com/Blackcat-Informatics/purrdf/actions/runs/37834531943/job/113508072817	
simd-asm	pass	25s	https://github.com/Blackcat-Informatics/purrdf/actions/runs/37834537108/job/113511411456	
simd-asm-config (aarch64)	pass	7m26s	https://github.com/Blackcat-Informatics/purrdf/actions/runs/37834537108/job/113508084745	
simd-asm-config (aarch64-neoverse-v1)	pass	7m44s	https://github.com/Blackcat-Informatics/purrdf/actions/runs/37834537108/job/113508084979	
simd-asm-config (wasm32)	pass	5m43s	https://github.com/Blackcat-Informatics/purrdf/actions/runs/37834537108/job/113508084828	
simd-asm-config (wasm32-simd128)	pass	6m29s	https://github.com/Blackcat-Informatics/purrdf/actions/runs/37834537108/job/113508085019	
simd-asm-config (x86_64)	pass	5m36s	https://github.com/Blackcat-Informatics/purrdf/actions/runs/37834537108/job/113508084888	
simd-asm-config (x86_64-v3)	pass	5m40s	https://github.com/Blackcat-Informatics/purrdf/actions/runs/37834537108/job/113508085024	
simd-asm-config (x86_64-v4)	pass	5m42s	https://github.com/Blackcat-Informatics/purrdf/actions/runs/37834537108/job/113508085043	
test (integration-3)	pass	10m13s	https://github.com/Blackcat-Informatics/purrdf/actions/runs/37834537108/job/113508084618	
wasm	pass	5m1s	https://github.com/Blackcat-Informatics/purrdf/actions/runs/37834537108/job/113508084708	
wasm-exec	pass	3m22s	https://github.com/Blackcat-Informatics/purrdf/actions/runs/37834537108/job/113508084777	
wasm-schema-oracles	pass	4m40s	https://github.com/Blackcat-Informatics/purrdf/actions/runs/37834537108/job/113508084832	
windows-mtime	pass	1m39s	https://github.com/Blackcat-Informatics/purrdf/actions/runs/37834537108/job/113508084922	
Refreshing checks status every 30 seconds. Press Ctrl+C to quit.

Analyze (rust)	pending	0	https://github.com/Blackcat-Informatics/purrdf/actions/runs/37834531943/job/113508072414	
CodeRabbit	pending	0		Review in progress
aarch64	pending	0	https://github.com/Blackcat-Informatics/purrdf/actions/runs/37834537108/job/113508084782	
capi	pending	0	https://github.com/Blackcat-Informatics/purrdf/actions/runs/37834537108/job/113508084389	
cross-arch	pending	0	https://github.com/Blackcat-Informatics/purrdf/actions/runs/37834537108/job/113508084822	
cross-arch-riscv64 (determinism-more-workers)	pending	0	https://github.com/Blackcat-Informatics/purrdf/actions/runs/37834537108/job/113508084800	
cross-arch-riscv64 (determinism-one-worker)	pending	0	https://github.com/Blackcat-Informatics/purrdf/actions/runs/37834537108/job/113508084916	
cross-arch-riscv64 (determinism-serial)	pending	0	https://github.com/Blackcat-Informatics/purrdf/actions/runs/37834537108/job/113508084814	
cross-arch-riscv64 (suites)	pending	0	https://github.com/Blackcat-Informatics/purrdf/actions/runs/37834537108/job/113508084856	
pytest	pending	0	https://github.com/Blackcat-Informatics/purrdf/actions/runs/37834537108/job/113508084904	
test (doc)	pending	0	https://github.com/Blackcat-Informatics/purrdf/actions/runs/37834537108/job/113508084743	
test (integration-1)	pending	0	https://github.com/Blackcat-Informatics/purrdf/actions/runs/37834537108/job/113508084675	
test (integration-2)	pending	0	https://github.com/Blackcat-Informatics/purrdf/actions/runs/37834537108/job/113508084585	
test (integration-4)	pending	0	https://github.com/Blackcat-Informatics/purrdf/actions/runs/37834537108/job/113508084509	
test (lib)	pending	0	https://github.com/Blackcat-Informatics/purrdf/actions/runs/37834537108/job/113508084678	
wasm-package	pending	0	https://github.com/Blackcat-Informatics/purrdf/actions/runs/37834537108/job/113508084909	
workspace	pending	0	https://github.com/Blackcat-Informatics/purrdf/actions/runs/37834537108/job/113508084629	
conformance (shapes)	pass	6m2s	https://github.com/Blackcat-Informatics/purrdf/actions/runs/37834537108/job/113508085005	
Deploy to GitHub Pages	skipping	0	https://github.com/Blackcat-Informatics/purrdf/actions/runs/37834536825/job/113511972236	
conformance (core)	pass	7m45s	https://github.com/Blackcat-Informatics/purrdf/actions/runs/37834537108/job/113508085120	
simd-asm-projection	skipping	0	https://github.com/Blackcat-Informatics/purrdf/actions/runs/37834537108/job/113508086125	
Analyze (c-cpp)	pass	1m8s	https://github.com/Blackcat-Informatics/purrdf/actions/runs/37834531943/job/113508072687	
Analyze (javascript-typescript)	pass	57s	https://github.com/Blackcat-Informatics/purrdf/actions/runs/37834531943/job/113508072901	
Analyze (python)	pass	1m21s	https://github.com/Blackcat-Informatics/purrdf/actions/runs/37834531943/job/113508072871	
conformance	pass	25s	https://github.com/Blackcat-Informatics/purrdf/actions/runs/37834537108/job/113512398691	
conformance (python)	pass	10m9s	https://github.com/Blackcat-Informatics/purrdf/actions/runs/37834537108/job/113508084936	
avx512-sde	pass	4m14s	https://github.com/Blackcat-Informatics/purrdf/actions/runs/37834537108/job/113508084594	
CodeQL	skipping	7s	https://github.com/Blackcat-Informatics/purrdf/runs/113508420731	
Analyze (actions)	pass	49s	https://github.com/Blackcat-Informatics/purrdf/actions/runs/37834531943/job/113508072817	
Build The PurRDF Book	pass	9m8s	https://github.com/Blackcat-Informatics/purrdf/actions/runs/37834536825/job/113508082688	
conformance (sparql)	pass	6m12s	https://github.com/Blackcat-Informatics/purrdf/actions/runs/37834537108/job/113508086127	
doc	pass	1m21s	https://github.com/Blackcat-Informatics/purrdf/actions/runs/37834537108/job/113508084171	
miri	pass	9m23s	https://github.com/Blackcat-Informatics/purrdf/actions/runs/37834537108/job/113508084876	
msrv	pass	1m29s	https://github.com/Blackcat-Informatics/purrdf/actions/runs/37834537108/job/113508084734	
projection-oracles	pass	6m12s	https://github.com/Blackcat-Informatics/purrdf/actions/runs/37834537108/job/113508084428	
python-publisher	pass	19s	https://github.com/Blackcat-Informatics/purrdf/actions/runs/37834537108/job/113508084858	
simd-asm	pass	25s	https://github.com/Blackcat-Informatics/purrdf/actions/runs/37834537108/job/113511411456	
simd-asm-config (aarch64)	pass	7m26s	https://github.com/Blackcat-Informatics/purrdf/actions/runs/37834537108/job/113508084745	
simd-asm-config (aarch64-neoverse-v1)	pass	7m44s	https://github.com/Blackcat-Informatics/purrdf/actions/runs/37834537108/job/113508084979	
simd-asm-config (wasm32)	pass	5m43s	https://github.com/Blackcat-Informatics/purrdf/actions/runs/37834537108/job/113508084828	
simd-asm-config (wasm32-simd128)	pass	6m29s	https://github.com/Blackcat-Informatics/purrdf/actions/runs/37834537108/job/113508085019	
simd-asm-config (x86_64)	pass	5m36s	https://github.com/Blackcat-Informatics/purrdf/actions/runs/37834537108/job/113508084888	
simd-asm-config (x86_64-v3)	pass	5m40s	https://github.com/Blackcat-Informatics/purrdf/actions/runs/37834537108/job/113508085024	
simd-asm-config (x86_64-v4)	pass	5m42s	https://github.com/Blackcat-Informatics/purrdf/actions/runs/37834537108/job/113508085043	
test (integration-3)	pass	10m13s	https://github.com/Blackcat-Informatics/purrdf/actions/runs/37834537108/job/113508084618	
wasm	pass	5m1s	https://github.com/Blackcat-Informatics/purrdf/actions/runs/37834537108/job/113508084708	
wasm-exec	pass	3m22s	https://github.com/Blackcat-Informatics/purrdf/actions/runs/37834537108/job/113508084777	
wasm-schema-oracles	pass	4m40s	https://github.com/Blackcat-Informatics/purrdf/actions/runs/37834537108/job/113508084832	
windows-mtime	pass	1m39s	https://github.com/Blackcat-Informatics/purrdf/actions/runs/37834537108/job/113508084922	
Refreshing checks status every 30 seconds. Press Ctrl+C to quit.

Analyze (rust)	pending	0	https://github.com/Blackcat-Informatics/purrdf/actions/runs/37834531943/job/113508072414	
CodeRabbit	pending	0		Review in progress
aarch64	pending	0	https://github.com/Blackcat-Informatics/purrdf/actions/runs/37834537108/job/113508084782	
capi	pending	0	https://github.com/Blackcat-Informatics/purrdf/actions/runs/37834537108/job/113508084389	
cross-arch	pending	0	https://github.com/Blackcat-Informatics/purrdf/actions/runs/37834537108/job/113508084822	
cross-arch-riscv64 (determinism-more-workers)	pending	0	https://github.com/Blackcat-Informatics/purrdf/actions/runs/37834537108/job/113508084800	
cross-arch-riscv64 (determinism-one-worker)	pending	0	https://github.com/Blackcat-Informatics/purrdf/actions/runs/37834537108/job/113508084916	
cross-arch-riscv64 (determinism-serial)	pending	0	https://github.com/Blackcat-Informatics/purrdf/actions/runs/37834537108/job/113508084814	
cross-arch-riscv64 (suites)	pending	0	https://github.com/Blackcat-Informatics/purrdf/actions/runs/37834537108/job/113508084856	
pytest	pending	0	https://github.com/Blackcat-Informatics/purrdf/actions/runs/37834537108/job/113508084904	
test (integration-1)	pending	0	https://github.com/Blackcat-Informatics/purrdf/actions/runs/37834537108/job/113508084675	
test (integration-2)	pending	0	https://github.com/Blackcat-Informatics/purrdf/actions/runs/37834537108/job/113508084585	
test (integration-4)	pending	0	https://github.com/Blackcat-Informatics/purrdf/actions/runs/37834537108/job/113508084509	
test (lib)	pending	0	https://github.com/Blackcat-Informatics/purrdf/actions/runs/37834537108/job/113508084678	
wasm-package	pending	0	https://github.com/Blackcat-Informatics/purrdf/actions/runs/37834537108/job/113508084909	
workspace	pending	0	https://github.com/Blackcat-Informatics/purrdf/actions/runs/37834537108/job/113508084629	
wasm-exec	pass	3m22s	https://github.com/Blackcat-Informatics/purrdf/actions/runs/37834537108/job/113508084777	
conformance (sparql)	pass	6m12s	https://github.com/Blackcat-Informatics/purrdf/actions/runs/37834537108/job/113508086127	
wasm	pass	5m1s	https://github.com/Blackcat-Informatics/purrdf/actions/runs/37834537108/job/113508084708	
conformance (core)	pass	7m45s	https://github.com/Blackcat-Informatics/purrdf/actions/runs/37834537108/job/113508085120	
miri	pass	9m23s	https://github.com/Blackcat-Informatics/purrdf/actions/runs/37834537108/job/113508084876	
Deploy to GitHub Pages	skipping	0	https://github.com/Blackcat-Informatics/purrdf/actions/runs/37834536825/job/113511972236	
simd-asm-config (x86_64)	pass	5m36s	https://github.com/Blackcat-Informatics/purrdf/actions/runs/37834537108/job/113508084888	
simd-asm-config (x86_64-v3)	pass	5m40s	https://github.com/Blackcat-Informatics/purrdf/actions/runs/37834537108/job/113508085024	
conformance	pass	25s	https://github.com/Blackcat-Informatics/purrdf/actions/runs/37834537108/job/113512398691	
projection-oracles	pass	6m12s	https://github.com/Blackcat-Informatics/purrdf/actions/runs/37834537108/job/113508084428	
avx512-sde	pass	4m14s	https://github.com/Blackcat-Informatics/purrdf/actions/runs/37834537108/job/113508084594	
Build The PurRDF Book	pass	9m8s	https://github.com/Blackcat-Informatics/purrdf/actions/runs/37834536825/job/113508082688	
simd-asm-config (wasm32-simd128)	pass	6m29s	https://github.com/Blackcat-Informatics/purrdf/actions/runs/37834537108/job/113508085019	
test (integration-3)	pass	10m13s	https://github.com/Blackcat-Informatics/purrdf/actions/runs/37834537108/job/113508084618	
simd-asm-config (x86_64-v4)	pass	5m42s	https://github.com/Blackcat-Informatics/purrdf/actions/runs/37834537108/job/113508085043	
conformance (shapes)	pass	6m2s	https://github.com/Blackcat-Informatics/purrdf/actions/runs/37834537108/job/113508085005	
conformance (python)	pass	10m9s	https://github.com/Blackcat-Informatics/purrdf/actions/runs/37834537108/job/113508084936	
test (doc)	pass	10m55s	https://github.com/Blackcat-Informatics/purrdf/actions/runs/37834537108/job/113508084743	
simd-asm-config (aarch64-neoverse-v1)	pass	7m44s	https://github.com/Blackcat-Informatics/purrdf/actions/runs/37834537108/job/113508084979	
Analyze (actions)	pass	49s	https://github.com/Blackcat-Informatics/purrdf/actions/runs/37834531943/job/113508072817	
simd-asm-config (wasm32)	pass	5m43s	https://github.com/Blackcat-Informatics/purrdf/actions/runs/37834537108/job/113508084828	
simd-asm-projection	skipping	0	https://github.com/Blackcat-Informatics/purrdf/actions/runs/37834537108/job/113508086125	
simd-asm-config (aarch64)	pass	7m26s	https://github.com/Blackcat-Informatics/purrdf/actions/runs/37834537108/job/113508084745	
python-publisher	pass	19s	https://github.com/Blackcat-Informatics/purrdf/actions/runs/37834537108/job/113508084858	
CodeQL	skipping	7s	https://github.com/Blackcat-Informatics/purrdf/runs/113508420731	
doc	pass	1m21s	https://github.com/Blackcat-Informatics/purrdf/actions/runs/37834537108/job/113508084171	
msrv	pass	1m29s	https://github.com/Blackcat-Informatics/purrdf/actions/runs/37834537108/job/113508084734	
Analyze (python)	pass	1m21s	https://github.com/Blackcat-Informatics/purrdf/actions/runs/37834531943/job/113508072871	
simd-asm	pass	25s	https://github.com/Blackcat-Informatics/purrdf/actions/runs/37834537108/job/113511411456	
Analyze (javascript-typescript)	pass	57s	https://github.com/Blackcat-Informatics/purrdf/actions/runs/37834531943/job/113508072901	
Analyze (c-cpp)	pass	1m8s	https://github.com/Blackcat-Informatics/purrdf/actions/runs/37834531943/job/113508072687	
wasm-schema-oracles	pass	4m40s	https://github.com/Blackcat-Informatics/purrdf/actions/runs/37834537108/job/113508084832	
windows-mtime	pass	1m39s	https://github.com/Blackcat-Informatics/purrdf/actions/runs/37834537108/job/113508084922	
Refreshing checks status every 30 seconds. Press Ctrl+C to quit.

Analyze (rust)	pending	0	https://github.com/Blackcat-Informatics/purrdf/actions/runs/37834531943/job/113508072414	
CodeRabbit	pending	0		Review in progress
aarch64	pending	0	https://github.com/Blackcat-Informatics/purrdf/actions/runs/37834537108/job/113508084782	
capi	pending	0	https://github.com/Blackcat-Informatics/purrdf/actions/runs/37834537108/job/113508084389	
cross-arch	pending	0	https://github.com/Blackcat-Informatics/purrdf/actions/runs/37834537108/job/113508084822	
cross-arch-riscv64 (determinism-more-workers)	pending	0	https://github.com/Blackcat-Informatics/purrdf/actions/runs/37834537108/job/113508084800	
cross-arch-riscv64 (determinism-one-worker)	pending	0	https://github.com/Blackcat-Informatics/purrdf/actions/runs/37834537108/job/113508084916	
cross-arch-riscv64 (determinism-serial)	pending	0	https://github.com/Blackcat-Informatics/purrdf/actions/runs/37834537108/job/113508084814	
cross-arch-riscv64 (suites)	pending	0	https://github.com/Blackcat-Informatics/purrdf/actions/runs/37834537108/job/113508084856	
pytest	pending	0	https://github.com/Blackcat-Informatics/purrdf/actions/runs/37834537108/job/113508084904	
test (integration-1)	pending	0	https://github.com/Blackcat-Informatics/purrdf/actions/runs/37834537108/job/113508084675	
test (integration-2)	pending	0	https://github.com/Blackcat-Informatics/purrdf/actions/runs/37834537108/job/113508084585	
test (integration-4)	pending	0	https://github.com/Blackcat-Informatics/purrdf/actions/runs/37834537108/job/113508084509	
test (lib)	pending	0	https://github.com/Blackcat-Informatics/purrdf/actions/runs/37834537108/job/113508084678	
wasm-package	pending	0	https://github.com/Blackcat-Informatics/purrdf/actions/runs/37834537108/job/113508084909	
workspace	pending	0	https://github.com/Blackcat-Informatics/purrdf/actions/runs/37834537108/job/113508084629	
wasm-exec	pass	3m22s	https://github.com/Blackcat-Informatics/purrdf/actions/runs/37834537108/job/113508084777	
conformance (sparql)	pass	6m12s	https://github.com/Blackcat-Informatics/purrdf/actions/runs/37834537108/job/113508086127	
wasm	pass	5m1s	https://github.com/Blackcat-Informatics/purrdf/actions/runs/37834537108/job/113508084708	
conformance (core)	pass	7m45s	https://github.com/Blackcat-Informatics/purrdf/actions/runs/37834537108/job/113508085120	
miri	pass	9m23s	https://github.com/Blackcat-Informatics/purrdf/actions/runs/37834537108/job/113508084876	
Deploy to GitHub Pages	skipping	0	https://github.com/Blackcat-Informatics/purrdf/actions/runs/37834536825/job/113511972236	
simd-asm-config (x86_64)	pass	5m36s	https://github.com/Blackcat-Informatics/purrdf/actions/runs/37834537108/job/113508084888	
simd-asm-config (x86_64-v3)	pass	5m40s	https://github.com/Blackcat-Informatics/purrdf/actions/runs/37834537108/job/113508085024	
conformance	pass	25s	https://github.com/Blackcat-Informatics/purrdf/actions/runs/37834537108/job/113512398691	
projection-oracles	pass	6m12s	https://github.com/Blackcat-Informatics/purrdf/actions/runs/37834537108/job/113508084428	
avx512-sde	pass	4m14s	https://github.com/Blackcat-Informatics/purrdf/actions/runs/37834537108/job/113508084594	
Build The PurRDF Book	pass	9m8s	https://github.com/Blackcat-Informatics/purrdf/actions/runs/37834536825/job/113508082688	
simd-asm-config (wasm32-simd128)	pass	6m29s	https://github.com/Blackcat-Informatics/purrdf/actions/runs/37834537108/job/113508085019	
test (integration-3)	pass	10m13s	https://github.com/Blackcat-Informatics/purrdf/actions/runs/37834537108/job/113508084618	
simd-asm-config (x86_64-v4)	pass	5m42s	https://github.com/Blackcat-Informatics/purrdf/actions/runs/37834537108/job/113508085043	
conformance (shapes)	pass	6m2s	https://github.com/Blackcat-Informatics/purrdf/actions/runs/37834537108/job/113508085005	
conformance (python)	pass	10m9s	https://github.com/Blackcat-Informatics/purrdf/actions/runs/37834537108/job/113508084936	
test (doc)	pass	10m55s	https://github.com/Blackcat-Informatics/purrdf/actions/runs/37834537108/job/113508084743	
simd-asm-config (aarch64-neoverse-v1)	pass	7m44s	https://github.com/Blackcat-Informatics/purrdf/actions/runs/37834537108/job/113508084979	
Analyze (actions)	pass	49s	https://github.com/Blackcat-Informatics/purrdf/actions/runs/37834531943/job/113508072817	
simd-asm-config (wasm32)	pass	5m43s	https://github.com/Blackcat-Informatics/purrdf/actions/runs/37834537108/job/113508084828	
simd-asm-projection	skipping	0	https://github.com/Blackcat-Informatics/purrdf/actions/runs/37834537108/job/113508086125	
simd-asm-config (aarch64)	pass	7m26s	https://github.com/Blackcat-Informatics/purrdf/actions/runs/37834537108/job/113508084745	
python-publisher	pass	19s	https://github.com/Blackcat-Informatics/purrdf/actions/runs/37834537108/job/113508084858	
CodeQL	skipping	7s	https://github.com/Blackcat-Informatics/purrdf/runs/113508420731	
doc	pass	1m21s	https://github.com/Blackcat-Informatics/purrdf/actions/runs/37834537108/job/113508084171	
msrv	pass	1m29s	https://github.com/Blackcat-Informatics/purrdf/actions/runs/37834537108/job/113508084734	
Analyze (python)	pass	1m21s	https://github.com/Blackcat-Informatics/purrdf/actions/runs/37834531943/job/113508072871	
simd-asm	pass	25s	https://github.com/Blackcat-Informatics/purrdf/actions/runs/37834537108/job/113511411456	
Analyze (javascript-typescript)	pass	57s	https://github.com/Blackcat-Informatics/purrdf/actions/runs/37834531943/job/113508072901	
Analyze (c-cpp)	pass	1m8s	https://github.com/Blackcat-Informatics/purrdf/actions/runs/37834531943/job/113508072687	
wasm-schema-oracles	pass	4m40s	https://github.com/Blackcat-Informatics/purrdf/actions/runs/37834537108/job/113508084832	
windows-mtime	pass	1m39s	https://github.com/Blackcat-Informatics/purrdf/actions/runs/37834537108/job/113508084922	
Refreshing checks status every 30 seconds. Press Ctrl+C to quit.

Analyze (rust)	pending	0	https://github.com/Blackcat-Informatics/purrdf/actions/runs/37834531943/job/113508072414	
CodeRabbit	pending	0		Review in progress
capi	pending	0	https://github.com/Blackcat-Informatics/purrdf/actions/runs/37834537108/job/113508084389	
cross-arch	pending	0	https://github.com/Blackcat-Informatics/purrdf/actions/runs/37834537108/job/113508084822	
cross-arch-riscv64 (determinism-more-workers)	pending	0	https://github.com/Blackcat-Informatics/purrdf/actions/runs/37834537108/job/113508084800	
cross-arch-riscv64 (determinism-serial)	pending	0	https://github.com/Blackcat-Informatics/purrdf/actions/runs/37834537108/job/113508084814	
cross-arch-riscv64 (suites)	pending	0	https://github.com/Blackcat-Informatics/purrdf/actions/runs/37834537108/job/113508084856	
pytest	pending	0	https://github.com/Blackcat-Informatics/purrdf/actions/runs/37834537108/job/113508084904	
test (integration-1)	pending	0	https://github.com/Blackcat-Informatics/purrdf/actions/runs/37834537108/job/113508084675	
test (integration-2)	pending	0	https://github.com/Blackcat-Informatics/purrdf/actions/runs/37834537108/job/113508084585	
test (lib)	pending	0	https://github.com/Blackcat-Informatics/purrdf/actions/runs/37834537108/job/113508084678	
wasm-package	pending	0	https://github.com/Blackcat-Informatics/purrdf/actions/runs/37834537108/job/113508084909	
workspace	pending	0	https://github.com/Blackcat-Informatics/purrdf/actions/runs/37834537108/job/113508084629	
test (doc)	pass	10m55s	https://github.com/Blackcat-Informatics/purrdf/actions/runs/37834537108/job/113508084743	
projection-oracles	pass	6m12s	https://github.com/Blackcat-Informatics/purrdf/actions/runs/37834537108/job/113508084428	
Deploy to GitHub Pages	skipping	0	https://github.com/Blackcat-Informatics/purrdf/actions/runs/37834536825/job/113511972236	
conformance (python)	pass	10m9s	https://github.com/Blackcat-Informatics/purrdf/actions/runs/37834537108/job/113508084936	
conformance (sparql)	pass	6m12s	https://github.com/Blackcat-Informatics/purrdf/actions/runs/37834537108/job/113508086127	
simd-asm-projection	skipping	0	https://github.com/Blackcat-Informatics/purrdf/actions/runs/37834537108/job/113508086125	
conformance (core)	pass	7m45s	https://github.com/Blackcat-Informatics/purrdf/actions/runs/37834537108/job/113508085120	
miri	pass	9m23s	https://github.com/Blackcat-Informatics/purrdf/actions/runs/37834537108/job/113508084876	
Analyze (c-cpp)	pass	1m8s	https://github.com/Blackcat-Informatics/purrdf/actions/runs/37834531943/job/113508072687	
simd-asm-config (x86_64)	pass	5m36s	https://github.com/Blackcat-Informatics/purrdf/actions/runs/37834537108/job/113508084888	
simd-asm-config (x86_64-v3)	pass	5m40s	https://github.com/Blackcat-Informatics/purrdf/actions/runs/37834537108/job/113508085024	
conformance	pass	25s	https://github.com/Blackcat-Informatics/purrdf/actions/runs/37834537108/job/113512398691	
simd-asm-config (x86_64-v4)	pass	5m42s	https://github.com/Blackcat-Informatics/purrdf/actions/runs/37834537108/job/113508085043	
avx512-sde	pass	4m14s	https://github.com/Blackcat-Informatics/purrdf/actions/runs/37834537108/job/113508084594	
conformance (shapes)	pass	6m2s	https://github.com/Blackcat-Informatics/purrdf/actions/runs/37834537108/job/113508085005	
simd-asm-config (wasm32-simd128)	pass	6m29s	https://github.com/Blackcat-Informatics/purrdf/actions/runs/37834537108/job/113508085019	
cross-arch-riscv64 (determinism-one-worker)	pass	12m0s	https://github.com/Blackcat-Informatics/purrdf/actions/runs/37834537108/job/113508084916	
aarch64	pass	12m9s	https://github.com/Blackcat-Informatics/purrdf/actions/runs/37834537108/job/113508084782	
Build The PurRDF Book	pass	9m8s	https://github.com/Blackcat-Informatics/purrdf/actions/runs/37834536825/job/113508082688	
Analyze (javascript-typescript)	pass	57s	https://github.com/Blackcat-Informatics/purrdf/actions/runs/37834531943/job/113508072901	
simd-asm-config (aarch64-neoverse-v1)	pass	7m44s	https://github.com/Blackcat-Informatics/purrdf/actions/runs/37834537108/job/113508084979	
Analyze (actions)	pass	49s	https://github.com/Blackcat-Informatics/purrdf/actions/runs/37834531943/job/113508072817	
simd-asm	pass	25s	https://github.com/Blackcat-Informatics/purrdf/actions/runs/37834537108/job/113511411456	
simd-asm-config (wasm32)	pass	5m43s	https://github.com/Blackcat-Informatics/purrdf/actions/runs/37834537108/job/113508084828	
Analyze (python)	pass	1m21s	https://github.com/Blackcat-Informatics/purrdf/actions/runs/37834531943/job/113508072871	
simd-asm-config (aarch64)	pass	7m26s	https://github.com/Blackcat-Informatics/purrdf/actions/runs/37834537108/job/113508084745	
python-publisher	pass	19s	https://github.com/Blackcat-Informatics/purrdf/actions/runs/37834537108/job/113508084858	
CodeQL	skipping	7s	https://github.com/Blackcat-Informatics/purrdf/runs/113508420731	
doc	pass	1m21s	https://github.com/Blackcat-Informatics/purrdf/actions/runs/37834537108/job/113508084171	
msrv	pass	1m29s	https://github.com/Blackcat-Informatics/purrdf/actions/runs/37834537108/job/113508084734	
test (integration-3)	pass	10m13s	https://github.com/Blackcat-Informatics/purrdf/actions/runs/37834537108/job/113508084618	
test (integration-4)	pass	12m9s	https://github.com/Blackcat-Informatics/purrdf/actions/runs/37834537108/job/113508084509	
wasm	pass	5m1s	https://github.com/Blackcat-Informatics/purrdf/actions/runs/37834537108/job/113508084708	
wasm-exec	pass	3m22s	https://github.com/Blackcat-Informatics/purrdf/actions/runs/37834537108/job/113508084777	
wasm-schema-oracles	pass	4m40s	https://github.com/Blackcat-Informatics/purrdf/actions/runs/37834537108/job/113508084832	
windows-mtime	pass	1m39s	https://github.com/Blackcat-Informatics/purrdf/actions/runs/37834537108/job/113508084922	
Refreshing checks status every 30 seconds. Press Ctrl+C to quit.

Analyze (rust)	pending	0	https://github.com/Blackcat-Informatics/purrdf/actions/runs/37834531943/job/113508072414	
CodeRabbit	pending	0		Review in progress
capi	pending	0	https://github.com/Blackcat-Informatics/purrdf/actions/runs/37834537108/job/113508084389	
cross-arch	pending	0	https://github.com/Blackcat-Informatics/purrdf/actions/runs/37834537108/job/113508084822	
cross-arch-riscv64 (determinism-more-workers)	pending	0	https://github.com/Blackcat-Informatics/purrdf/actions/runs/37834537108/job/113508084800	
cross-arch-riscv64 (determinism-serial)	pending	0	https://github.com/Blackcat-Informatics/purrdf/actions/runs/37834537108/job/113508084814	
cross-arch-riscv64 (suites)	pending	0	https://github.com/Blackcat-Informatics/purrdf/actions/runs/37834537108/job/113508084856	
pytest	pending	0	https://github.com/Blackcat-Informatics/purrdf/actions/runs/37834537108/job/113508084904	
test (integration-1)	pending	0	https://github.com/Blackcat-Informatics/purrdf/actions/runs/37834537108/job/113508084675	
test (integration-2)	pending	0	https://github.com/Blackcat-Informatics/purrdf/actions/runs/37834537108/job/113508084585	
test (lib)	pending	0	https://github.com/Blackcat-Informatics/purrdf/actions/runs/37834537108/job/113508084678	
wasm-package	pending	0	https://github.com/Blackcat-Informatics/purrdf/actions/runs/37834537108/job/113508084909	
workspace	pending	0	https://github.com/Blackcat-Informatics/purrdf/actions/runs/37834537108/job/113508084629	
test (doc)	pass	10m55s	https://github.com/Blackcat-Informatics/purrdf/actions/runs/37834537108/job/113508084743	
projection-oracles	pass	6m12s	https://github.com/Blackcat-Informatics/purrdf/actions/runs/37834537108/job/113508084428	
Deploy to GitHub Pages	skipping	0	https://github.com/Blackcat-Informatics/purrdf/actions/runs/37834536825/job/113511972236	
conformance (python)	pass	10m9s	https://github.com/Blackcat-Informatics/purrdf/actions/runs/37834537108/job/113508084936	
conformance (sparql)	pass	6m12s	https://github.com/Blackcat-Informatics/purrdf/actions/runs/37834537108/job/113508086127	
simd-asm-projection	skipping	0	https://github.com/Blackcat-Informatics/purrdf/actions/runs/37834537108/job/113508086125	
conformance (core)	pass	7m45s	https://github.com/Blackcat-Informatics/purrdf/actions/runs/37834537108/job/113508085120	
miri	pass	9m23s	https://github.com/Blackcat-Informatics/purrdf/actions/runs/37834537108/job/113508084876	
Analyze (c-cpp)	pass	1m8s	https://github.com/Blackcat-Informatics/purrdf/actions/runs/37834531943/job/113508072687	
simd-asm-config (x86_64)	pass	5m36s	https://github.com/Blackcat-Informatics/purrdf/actions/runs/37834537108/job/113508084888	
simd-asm-config (x86_64-v3)	pass	5m40s	https://github.com/Blackcat-Informatics/purrdf/actions/runs/37834537108/job/113508085024	
conformance	pass	25s	https://github.com/Blackcat-Informatics/purrdf/actions/runs/37834537108/job/113512398691	
simd-asm-config (x86_64-v4)	pass	5m42s	https://github.com/Blackcat-Informatics/purrdf/actions/runs/37834537108/job/113508085043	
avx512-sde	pass	4m14s	https://github.com/Blackcat-Informatics/purrdf/actions/runs/37834537108/job/113508084594	
conformance (shapes)	pass	6m2s	https://github.com/Blackcat-Informatics/purrdf/actions/runs/37834537108/job/113508085005	
simd-asm-config (wasm32-simd128)	pass	6m29s	https://github.com/Blackcat-Informatics/purrdf/actions/runs/37834537108/job/113508085019	
cross-arch-riscv64 (determinism-one-worker)	pass	12m0s	https://github.com/Blackcat-Informatics/purrdf/actions/runs/37834537108/job/113508084916	
aarch64	pass	12m9s	https://github.com/Blackcat-Informatics/purrdf/actions/runs/37834537108/job/113508084782	
Build The PurRDF Book	pass	9m8s	https://github.com/Blackcat-Informatics/purrdf/actions/runs/37834536825/job/113508082688	
Analyze (javascript-typescript)	pass	57s	https://github.com/Blackcat-Informatics/purrdf/actions/runs/37834531943/job/113508072901	
simd-asm-config (aarch64-neoverse-v1)	pass	7m44s	https://github.com/Blackcat-Informatics/purrdf/actions/runs/37834537108/job/113508084979	
Analyze (actions)	pass	49s	https://github.com/Blackcat-Informatics/purrdf/actions/runs/37834531943/job/113508072817	
simd-asm	pass	25s	https://github.com/Blackcat-Informatics/purrdf/actions/runs/37834537108/job/113511411456	
simd-asm-config (wasm32)	pass	5m43s	https://github.com/Blackcat-Informatics/purrdf/actions/runs/37834537108/job/113508084828	
Analyze (python)	pass	1m21s	https://github.com/Blackcat-Informatics/purrdf/actions/runs/37834531943/job/113508072871	
simd-asm-config (aarch64)	pass	7m26s	https://github.com/Blackcat-Informatics/purrdf/actions/runs/37834537108/job/113508084745	
python-publisher	pass	19s	https://github.com/Blackcat-Informatics/purrdf/actions/runs/37834537108/job/113508084858	
CodeQL	skipping	7s	https://github.com/Blackcat-Informatics/purrdf/runs/113508420731	
doc	pass	1m21s	https://github.com/Blackcat-Informatics/purrdf/actions/runs/37834537108/job/113508084171	
msrv	pass	1m29s	https://github.com/Blackcat-Informatics/purrdf/actions/runs/37834537108/job/113508084734	
test (integration-3)	pass	10m13s	https://github.com/Blackcat-Informatics/purrdf/actions/runs/37834537108/job/113508084618	
test (integration-4)	pass	12m9s	https://github.com/Blackcat-Informatics/purrdf/actions/runs/37834537108/job/113508084509	
wasm	pass	5m1s	https://github.com/Blackcat-Informatics/purrdf/actions/runs/37834537108/job/113508084708	
wasm-exec	pass	3m22s	https://github.com/Blackcat-Informatics/purrdf/actions/runs/37834537108/job/113508084777	
wasm-schema-oracles	pass	4m40s	https://github.com/Blackcat-Informatics/purrdf/actions/runs/37834537108/job/113508084832	
windows-mtime	pass	1m39s	https://github.com/Blackcat-Informatics/purrdf/actions/runs/37834537108/job/113508084922	
Refreshing checks status every 30 seconds. Press Ctrl+C to quit.

Analyze (rust)	pending	0	https://github.com/Blackcat-Informatics/purrdf/actions/runs/37834531943/job/113508072414	
CodeRabbit	pending	0		Review in progress
capi	pending	0	https://github.com/Blackcat-Informatics/purrdf/actions/runs/37834537108/job/113508084389	
cross-arch	pending	0	https://github.com/Blackcat-Informatics/purrdf/actions/runs/37834537108/job/113508084822	
cross-arch-riscv64 (determinism-more-workers)	pending	0	https://github.com/Blackcat-Informatics/purrdf/actions/runs/37834537108/job/113508084800	
cross-arch-riscv64 (determinism-serial)	pending	0	https://github.com/Blackcat-Informatics/purrdf/actions/runs/37834537108/job/113508084814	
cross-arch-riscv64 (suites)	pending	0	https://github.com/Blackcat-Informatics/purrdf/actions/runs/37834537108/job/113508084856	
pytest	pending	0	https://github.com/Blackcat-Informatics/purrdf/actions/runs/37834537108/job/113508084904	
test (integration-1)	pending	0	https://github.com/Blackcat-Informatics/purrdf/actions/runs/37834537108/job/113508084675	
test (integration-2)	pending	0	https://github.com/Blackcat-Informatics/purrdf/actions/runs/37834537108/job/113508084585	
test (lib)	pending	0	https://github.com/Blackcat-Informatics/purrdf/actions/runs/37834537108/job/113508084678	
wasm-package	pending	0	https://github.com/Blackcat-Informatics/purrdf/actions/runs/37834537108/job/113508084909	
workspace	pending	0	https://github.com/Blackcat-Informatics/purrdf/actions/runs/37834537108/job/113508084629	
test (doc)	pass	10m55s	https://github.com/Blackcat-Informatics/purrdf/actions/runs/37834537108/job/113508084743	
projection-oracles	pass	6m12s	https://github.com/Blackcat-Informatics/purrdf/actions/runs/37834537108/job/113508084428	
Deploy to GitHub Pages	skipping	0	https://github.com/Blackcat-Informatics/purrdf/actions/runs/37834536825/job/113511972236	
conformance (python)	pass	10m9s	https://github.com/Blackcat-Informatics/purrdf/actions/runs/37834537108/job/113508084936	
conformance (sparql)	pass	6m12s	https://github.com/Blackcat-Informatics/purrdf/actions/runs/37834537108/job/113508086127	
simd-asm-projection	skipping	0	https://github.com/Blackcat-Informatics/purrdf/actions/runs/37834537108/job/113508086125	
conformance (core)	pass	7m45s	https://github.com/Blackcat-Informatics/purrdf/actions/runs/37834537108/job/113508085120	
miri	pass	9m23s	https://github.com/Blackcat-Informatics/purrdf/actions/runs/37834537108/job/113508084876	
Analyze (c-cpp)	pass	1m8s	https://github.com/Blackcat-Informatics/purrdf/actions/runs/37834531943/job/113508072687	
simd-asm-config (x86_64)	pass	5m36s	https://github.com/Blackcat-Informatics/purrdf/actions/runs/37834537108/job/113508084888	
simd-asm-config (x86_64-v3)	pass	5m40s	https://github.com/Blackcat-Informatics/purrdf/actions/runs/37834537108/job/113508085024	
conformance	pass	25s	https://github.com/Blackcat-Informatics/purrdf/actions/runs/37834537108/job/113512398691	
simd-asm-config (x86_64-v4)	pass	5m42s	https://github.com/Blackcat-Informatics/purrdf/actions/runs/37834537108/job/113508085043	
avx512-sde	pass	4m14s	https://github.com/Blackcat-Informatics/purrdf/actions/runs/37834537108/job/113508084594	
conformance (shapes)	pass	6m2s	https://github.com/Blackcat-Informatics/purrdf/actions/runs/37834537108/job/113508085005	
simd-asm-config (wasm32-simd128)	pass	6m29s	https://github.com/Blackcat-Informatics/purrdf/actions/runs/37834537108/job/113508085019	
cross-arch-riscv64 (determinism-one-worker)	pass	12m0s	https://github.com/Blackcat-Informatics/purrdf/actions/runs/37834537108/job/113508084916	
aarch64	pass	12m9s	https://github.com/Blackcat-Informatics/purrdf/actions/runs/37834537108/job/113508084782	
Build The PurRDF Book	pass	9m8s	https://github.com/Blackcat-Informatics/purrdf/actions/runs/37834536825/job/113508082688	
Analyze (javascript-typescript)	pass	57s	https://github.com/Blackcat-Informatics/purrdf/actions/runs/37834531943/job/113508072901	
simd-asm-config (aarch64-neoverse-v1)	pass	7m44s	https://github.com/Blackcat-Informatics/purrdf/actions/runs/37834537108/job/113508084979	
Analyze (actions)	pass	49s	https://github.com/Blackcat-Informatics/purrdf/actions/runs/37834531943/job/113508072817	
simd-asm	pass	25s	https://github.com/Blackcat-Informatics/purrdf/actions/runs/37834537108/job/113511411456	
simd-asm-config (wasm32)	pass	5m43s	https://github.com/Blackcat-Informatics/purrdf/actions/runs/37834537108/job/113508084828	
Analyze (python)	pass	1m21s	https://github.com/Blackcat-Informatics/purrdf/actions/runs/37834531943/job/113508072871	
simd-asm-config (aarch64)	pass	7m26s	https://github.com/Blackcat-Informatics/purrdf/actions/runs/37834537108/job/113508084745	
python-publisher	pass	19s	https://github.com/Blackcat-Informatics/purrdf/actions/runs/37834537108/job/113508084858	
CodeQL	skipping	7s	https://github.com/Blackcat-Informatics/purrdf/runs/113508420731	
doc	pass	1m21s	https://github.com/Blackcat-Informatics/purrdf/actions/runs/37834537108/job/113508084171	
msrv	pass	1m29s	https://github.com/Blackcat-Informatics/purrdf/actions/runs/37834537108/job/113508084734	
test (integration-3)	pass	10m13s	https://github.com/Blackcat-Informatics/purrdf/actions/runs/37834537108/job/113508084618	
test (integration-4)	pass	12m9s	https://github.com/Blackcat-Informatics/purrdf/actions/runs/37834537108/job/113508084509	
wasm	pass	5m1s	https://github.com/Blackcat-Informatics/purrdf/actions/runs/37834537108/job/113508084708	
wasm-exec	pass	3m22s	https://github.com/Blackcat-Informatics/purrdf/actions/runs/37834537108/job/113508084777	
wasm-schema-oracles	pass	4m40s	https://github.com/Blackcat-Informatics/purrdf/actions/runs/37834537108/job/113508084832	
windows-mtime	pass	1m39s	https://github.com/Blackcat-Informatics/purrdf/actions/runs/37834537108/job/113508084922	
Refreshing checks status every 30 seconds. Press Ctrl+C to quit.

Analyze (rust)	pending	0	https://github.com/Blackcat-Informatics/purrdf/actions/runs/37834531943/job/113508072414	
capi	pending	0	https://github.com/Blackcat-Informatics/purrdf/actions/runs/37834537108/job/113508084389	
cross-arch	pending	0	https://github.com/Blackcat-Informatics/purrdf/actions/runs/37834537108/job/113508084822	
cross-arch-riscv64 (determinism-more-workers)	pending	0	https://github.com/Blackcat-Informatics/purrdf/actions/runs/37834537108/job/113508084800	
cross-arch-riscv64 (determinism-serial)	pending	0	https://github.com/Blackcat-Informatics/purrdf/actions/runs/37834537108/job/113508084814	
pytest	pending	0	https://github.com/Blackcat-Informatics/purrdf/actions/runs/37834537108/job/113508084904	
test (integration-1)	pending	0	https://github.com/Blackcat-Informatics/purrdf/actions/runs/37834537108/job/113508084675	
test (integration-2)	pending	0	https://github.com/Blackcat-Informatics/purrdf/actions/runs/37834537108/job/113508084585	
test (lib)	pending	0	https://github.com/Blackcat-Informatics/purrdf/actions/runs/37834537108/job/113508084678	
wasm-package	pending	0	https://github.com/Blackcat-Informatics/purrdf/actions/runs/37834537108/job/113508084909	
workspace	pending	0	https://github.com/Blackcat-Informatics/purrdf/actions/runs/37834537108/job/113508084629	
miri	pass	9m23s	https://github.com/Blackcat-Informatics/purrdf/actions/runs/37834537108/job/113508084876	
CodeRabbit	pass	0		Review completed
Build The PurRDF Book	pass	9m8s	https://github.com/Blackcat-Informatics/purrdf/actions/runs/37834536825/job/113508082688	
simd-asm-projection	skipping	0	https://github.com/Blackcat-Informatics/purrdf/actions/runs/37834537108/job/113508086125	
conformance (shapes)	pass	6m2s	https://github.com/Blackcat-Informatics/purrdf/actions/runs/37834537108/job/113508085005	
conformance (python)	pass	10m9s	https://github.com/Blackcat-Informatics/purrdf/actions/runs/37834537108/job/113508084936	
conformance (sparql)	pass	6m12s	https://github.com/Blackcat-Informatics/purrdf/actions/runs/37834537108/job/113508086127	
Analyze (c-cpp)	pass	1m8s	https://github.com/Blackcat-Informatics/purrdf/actions/runs/37834531943/job/113508072687	
conformance (core)	pass	7m45s	https://github.com/Blackcat-Informatics/purrdf/actions/runs/37834537108/job/113508085120	
Analyze (javascript-typescript)	pass	57s	https://github.com/Blackcat-Informatics/purrdf/actions/runs/37834531943/job/113508072901	
Deploy to GitHub Pages	skipping	0	https://github.com/Blackcat-Informatics/purrdf/actions/runs/37834536825/job/113511972236	
Analyze (python)	pass	1m21s	https://github.com/Blackcat-Informatics/purrdf/actions/runs/37834531943/job/113508072871	
doc	pass	1m21s	https://github.com/Blackcat-Informatics/purrdf/actions/runs/37834537108/job/113508084171	
conformance	pass	25s	https://github.com/Blackcat-Informatics/purrdf/actions/runs/37834537108/job/113512398691	
aarch64	pass	12m9s	https://github.com/Blackcat-Informatics/purrdf/actions/runs/37834537108/job/113508084782	
avx512-sde	pass	4m14s	https://github.com/Blackcat-Informatics/purrdf/actions/runs/37834537108/job/113508084594	
CodeQL	skipping	7s	https://github.com/Blackcat-Informatics/purrdf/runs/113508420731	
Analyze (actions)	pass	49s	https://github.com/Blackcat-Informatics/purrdf/actions/runs/37834531943/job/113508072817	
cross-arch-riscv64 (determinism-one-worker)	pass	12m0s	https://github.com/Blackcat-Informatics/purrdf/actions/runs/37834537108/job/113508084916	
cross-arch-riscv64 (suites)	pass	13m27s	https://github.com/Blackcat-Informatics/purrdf/actions/runs/37834537108/job/113508084856	
msrv	pass	1m29s	https://github.com/Blackcat-Informatics/purrdf/actions/runs/37834537108/job/113508084734	
projection-oracles	pass	6m12s	https://github.com/Blackcat-Informatics/purrdf/actions/runs/37834537108/job/113508084428	
python-publisher	pass	19s	https://github.com/Blackcat-Informatics/purrdf/actions/runs/37834537108/job/113508084858	
simd-asm	pass	25s	https://github.com/Blackcat-Informatics/purrdf/actions/runs/37834537108/job/113511411456	
simd-asm-config (aarch64)	pass	7m26s	https://github.com/Blackcat-Informatics/purrdf/actions/runs/37834537108/job/113508084745	
simd-asm-config (aarch64-neoverse-v1)	pass	7m44s	https://github.com/Blackcat-Informatics/purrdf/actions/runs/37834537108/job/113508084979	
simd-asm-config (wasm32)	pass	5m43s	https://github.com/Blackcat-Informatics/purrdf/actions/runs/37834537108/job/113508084828	
simd-asm-config (wasm32-simd128)	pass	6m29s	https://github.com/Blackcat-Informatics/purrdf/actions/runs/37834537108/job/113508085019	
simd-asm-config (x86_64)	pass	5m36s	https://github.com/Blackcat-Informatics/purrdf/actions/runs/37834537108/job/113508084888	
simd-asm-config (x86_64-v3)	pass	5m40s	https://github.com/Blackcat-Informatics/purrdf/actions/runs/37834537108/job/113508085024	
simd-asm-config (x86_64-v4)	pass	5m42s	https://github.com/Blackcat-Informatics/purrdf/actions/runs/37834537108/job/113508085043	
test (doc)	pass	10m55s	https://github.com/Blackcat-Informatics/purrdf/actions/runs/37834537108/job/113508084743	
test (integration-3)	pass	10m13s	https://github.com/Blackcat-Informatics/purrdf/actions/runs/37834537108/job/113508084618	
test (integration-4)	pass	12m9s	https://github.com/Blackcat-Informatics/purrdf/actions/runs/37834537108/job/113508084509	
wasm	pass	5m1s	https://github.com/Blackcat-Informatics/purrdf/actions/runs/37834537108/job/113508084708	
wasm-exec	pass	3m22s	https://github.com/Blackcat-Informatics/purrdf/actions/runs/37834537108/job/113508084777	
wasm-schema-oracles	pass	4m40s	https://github.com/Blackcat-Informatics/purrdf/actions/runs/37834537108/job/113508084832	
windows-mtime	pass	1m39s	https://github.com/Blackcat-Informatics/purrdf/actions/runs/37834537108/job/113508084922	
Refreshing checks status every 30 seconds. Press Ctrl+C to quit.

Analyze (rust)	pending	0	https://github.com/Blackcat-Informatics/purrdf/actions/runs/37834531943/job/113508072414	
capi	pending	0	https://github.com/Blackcat-Informatics/purrdf/actions/runs/37834537108/job/113508084389	
cross-arch	pending	0	https://github.com/Blackcat-Informatics/purrdf/actions/runs/37834537108/job/113508084822	
cross-arch-riscv64 (determinism-more-workers)	pending	0	https://github.com/Blackcat-Informatics/purrdf/actions/runs/37834537108/job/113508084800	
cross-arch-riscv64 (determinism-serial)	pending	0	https://github.com/Blackcat-Informatics/purrdf/actions/runs/37834537108/job/113508084814	
pytest	pending	0	https://github.com/Blackcat-Informatics/purrdf/actions/runs/37834537108/job/113508084904	
test (integration-1)	pending	0	https://github.com/Blackcat-Informatics/purrdf/actions/runs/37834537108/job/113508084675	
test (integration-2)	pending	0	https://github.com/Blackcat-Informatics/purrdf/actions/runs/37834537108/job/113508084585	
test (lib)	pending	0	https://github.com/Blackcat-Informatics/purrdf/actions/runs/37834537108/job/113508084678	
wasm-package	pending	0	https://github.com/Blackcat-Informatics/purrdf/actions/runs/37834537108/job/113508084909	
workspace	pending	0	https://github.com/Blackcat-Informatics/purrdf/actions/runs/37834537108/job/113508084629	
miri	pass	9m23s	https://github.com/Blackcat-Informatics/purrdf/actions/runs/37834537108/job/113508084876	
CodeRabbit	pass	0		Review completed
Build The PurRDF Book	pass	9m8s	https://github.com/Blackcat-Informatics/purrdf/actions/runs/37834536825/job/113508082688	
simd-asm-projection	skipping	0	https://github.com/Blackcat-Informatics/purrdf/actions/runs/37834537108/job/113508086125	
conformance (shapes)	pass	6m2s	https://github.com/Blackcat-Informatics/purrdf/actions/runs/37834537108/job/113508085005	
conformance (python)	pass	10m9s	https://github.com/Blackcat-Informatics/purrdf/actions/runs/37834537108/job/113508084936	
conformance (sparql)	pass	6m12s	https://github.com/Blackcat-Informatics/purrdf/actions/runs/37834537108/job/113508086127	
Analyze (c-cpp)	pass	1m8s	https://github.com/Blackcat-Informatics/purrdf/actions/runs/37834531943/job/113508072687	
conformance (core)	pass	7m45s	https://github.com/Blackcat-Informatics/purrdf/actions/runs/37834537108/job/113508085120	
Analyze (javascript-typescript)	pass	57s	https://github.com/Blackcat-Informatics/purrdf/actions/runs/37834531943/job/113508072901	
Deploy to GitHub Pages	skipping	0	https://github.com/Blackcat-Informatics/purrdf/actions/runs/37834536825/job/113511972236	
Analyze (python)	pass	1m21s	https://github.com/Blackcat-Informatics/purrdf/actions/runs/37834531943/job/113508072871	
doc	pass	1m21s	https://github.com/Blackcat-Informatics/purrdf/actions/runs/37834537108/job/113508084171	
conformance	pass	25s	https://github.com/Blackcat-Informatics/purrdf/actions/runs/37834537108/job/113512398691	
aarch64	pass	12m9s	https://github.com/Blackcat-Informatics/purrdf/actions/runs/37834537108/job/113508084782	
avx512-sde	pass	4m14s	https://github.com/Blackcat-Informatics/purrdf/actions/runs/37834537108/job/113508084594	
CodeQL	skipping	7s	https://github.com/Blackcat-Informatics/purrdf/runs/113508420731	
Analyze (actions)	pass	49s	https://github.com/Blackcat-Informatics/purrdf/actions/runs/37834531943/job/113508072817	
cross-arch-riscv64 (determinism-one-worker)	pass	12m0s	https://github.com/Blackcat-Informatics/purrdf/actions/runs/37834537108/job/113508084916	
cross-arch-riscv64 (suites)	pass	13m27s	https://github.com/Blackcat-Informatics/purrdf/actions/runs/37834537108/job/113508084856	
msrv	pass	1m29s	https://github.com/Blackcat-Informatics/purrdf/actions/runs/37834537108/job/113508084734	
projection-oracles	pass	6m12s	https://github.com/Blackcat-Informatics/purrdf/actions/runs/37834537108/job/113508084428	
python-publisher	pass	19s	https://github.com/Blackcat-Informatics/purrdf/actions/runs/37834537108/job/113508084858	
simd-asm	pass	25s	https://github.com/Blackcat-Informatics/purrdf/actions/runs/37834537108/job/113511411456	
simd-asm-config (aarch64)	pass	7m26s	https://github.com/Blackcat-Informatics/purrdf/actions/runs/37834537108/job/113508084745	
simd-asm-config (aarch64-neoverse-v1)	pass	7m44s	https://github.com/Blackcat-Informatics/purrdf/actions/runs/37834537108/job/113508084979	
simd-asm-config (wasm32)	pass	5m43s	https://github.com/Blackcat-Informatics/purrdf/actions/runs/37834537108/job/113508084828	
simd-asm-config (wasm32-simd128)	pass	6m29s	https://github.com/Blackcat-Informatics/purrdf/actions/runs/37834537108/job/113508085019	
simd-asm-config (x86_64)	pass	5m36s	https://github.com/Blackcat-Informatics/purrdf/actions/runs/37834537108/job/113508084888	
simd-asm-config (x86_64-v3)	pass	5m40s	https://github.com/Blackcat-Informatics/purrdf/actions/runs/37834537108/job/113508085024	
simd-asm-config (x86_64-v4)	pass	5m42s	https://github.com/Blackcat-Informatics/purrdf/actions/runs/37834537108/job/113508085043	
test (doc)	pass	10m55s	https://github.com/Blackcat-Informatics/purrdf/actions/runs/37834537108/job/113508084743	
test (integration-3)	pass	10m13s	https://github.com/Blackcat-Informatics/purrdf/actions/runs/37834537108/job/113508084618	
test (integration-4)	pass	12m9s	https://github.com/Blackcat-Informatics/purrdf/actions/runs/37834537108/job/113508084509	
wasm	pass	5m1s	https://github.com/Blackcat-Informatics/purrdf/actions/runs/37834537108/job/113508084708	
wasm-exec	pass	3m22s	https://github.com/Blackcat-Informatics/purrdf/actions/runs/37834537108/job/113508084777	
wasm-schema-oracles	pass	4m40s	https://github.com/Blackcat-Informatics/purrdf/actions/runs/37834537108/job/113508084832	
windows-mtime	pass	1m39s	https://github.com/Blackcat-Informatics/purrdf/actions/runs/37834537108/job/113508084922	
Refreshing checks status every 30 seconds. Press Ctrl+C to quit.

Analyze (actions)	pass	49s	https://github.com/Blackcat-Informatics/purrdf/actions/runs/37834531943/job/113508072817	
Analyze (c-cpp)	pass	1m8s	https://github.com/Blackcat-Informatics/purrdf/actions/runs/37834531943/job/113508072687	
Analyze (javascript-typescript)	pass	57s	https://github.com/Blackcat-Informatics/purrdf/actions/runs/37834531943/job/113508072901	
Analyze (python)	pass	1m21s	https://github.com/Blackcat-Informatics/purrdf/actions/runs/37834531943/job/113508072871	
Analyze (rust)	pass	14m57s	https://github.com/Blackcat-Informatics/purrdf/actions/runs/37834531943/job/113508072414	
Build The PurRDF Book	pass	9m8s	https://github.com/Blackcat-Informatics/purrdf/actions/runs/37834536825/job/113508082688	
CodeQL	pass	7s	https://github.com/Blackcat-Informatics/purrdf/runs/113508420731	
CodeRabbit	pass	0		Review completed
aarch64	pass	12m9s	https://github.com/Blackcat-Informatics/purrdf/actions/runs/37834537108/job/113508084782	
avx512-sde	pass	4m14s	https://github.com/Blackcat-Informatics/purrdf/actions/runs/37834537108/job/113508084594	
conformance	pass	25s	https://github.com/Blackcat-Informatics/purrdf/actions/runs/37834537108/job/113512398691	
conformance (core)	pass	7m45s	https://github.com/Blackcat-Informatics/purrdf/actions/runs/37834537108/job/113508085120	
conformance (python)	pass	10m9s	https://github.com/Blackcat-Informatics/purrdf/actions/runs/37834537108/job/113508084936	
conformance (shapes)	pass	6m2s	https://github.com/Blackcat-Informatics/purrdf/actions/runs/37834537108/job/113508085005	
conformance (sparql)	pass	6m12s	https://github.com/Blackcat-Informatics/purrdf/actions/runs/37834537108/job/113508086127	
cross-arch-riscv64 (determinism-one-worker)	pass	12m0s	https://github.com/Blackcat-Informatics/purrdf/actions/runs/37834537108/job/113508084916	
cross-arch-riscv64 (suites)	pass	13m27s	https://github.com/Blackcat-Informatics/purrdf/actions/runs/37834537108/job/113508084856	
doc	pass	1m21s	https://github.com/Blackcat-Informatics/purrdf/actions/runs/37834537108/job/113508084171	
miri	pass	9m23s	https://github.com/Blackcat-Informatics/purrdf/actions/runs/37834537108/job/113508084876	
msrv	pass	1m29s	https://github.com/Blackcat-Informatics/purrdf/actions/runs/37834537108/job/113508084734	
projection-oracles	pass	6m12s	https://github.com/Blackcat-Informatics/purrdf/actions/runs/37834537108/job/113508084428	
python-publisher	pass	19s	https://github.com/Blackcat-Informatics/purrdf/actions/runs/37834537108/job/113508084858	
simd-asm	pass	25s	https://github.com/Blackcat-Informatics/purrdf/actions/runs/37834537108/job/113511411456	
simd-asm-config (aarch64)	pass	7m26s	https://github.com/Blackcat-Informatics/purrdf/actions/runs/37834537108/job/113508084745	
simd-asm-config (aarch64-neoverse-v1)	pass	7m44s	https://github.com/Blackcat-Informatics/purrdf/actions/runs/37834537108/job/113508084979	
simd-asm-config (wasm32)	pass	5m43s	https://github.com/Blackcat-Informatics/purrdf/actions/runs/37834537108/job/113508084828	
simd-asm-config (wasm32-simd128)	pass	6m29s	https://github.com/Blackcat-Informatics/purrdf/actions/runs/37834537108/job/113508085019	
simd-asm-config (x86_64)	pass	5m36s	https://github.com/Blackcat-Informatics/purrdf/actions/runs/37834537108/job/113508084888	
simd-asm-config (x86_64-v3)	pass	5m40s	https://github.com/Blackcat-Informatics/purrdf/actions/runs/37834537108/job/113508085024	
simd-asm-config (x86_64-v4)	pass	5m42s	https://github.com/Blackcat-Informatics/purrdf/actions/runs/37834537108/job/113508085043	
test (doc)	pass	10m55s	https://github.com/Blackcat-Informatics/purrdf/actions/runs/37834537108/job/113508084743	
test (integration-3)	pass	10m13s	https://github.com/Blackcat-Informatics/purrdf/actions/runs/37834537108/job/113508084618	
cross-arch	pending	0	https://github.com/Blackcat-Informatics/purrdf/actions/runs/37834537108/job/113508084822	
Deploy to GitHub Pages	skipping	0	https://github.com/Blackcat-Informatics/purrdf/actions/runs/37834536825/job/113511972236	
simd-asm-projection	skipping	0	https://github.com/Blackcat-Informatics/purrdf/actions/runs/37834537108/job/113508086125	
test (integration-4)	pass	12m9s	https://github.com/Blackcat-Informatics/purrdf/actions/runs/37834537108/job/113508084509	
wasm-exec	pass	3m22s	https://github.com/Blackcat-Informatics/purrdf/actions/runs/37834537108/job/113508084777	
test (lib)	pass	14m37s	https://github.com/Blackcat-Informatics/purrdf/actions/runs/37834537108/job/113508084678	
wasm-schema-oracles	pass	4m40s	https://github.com/Blackcat-Informatics/purrdf/actions/runs/37834537108/job/113508084832	
capi	pending	0	https://github.com/Blackcat-Informatics/purrdf/actions/runs/37834537108/job/113508084389	
wasm	pass	5m1s	https://github.com/Blackcat-Informatics/purrdf/actions/runs/37834537108/job/113508084708	
workspace	pass	14m56s	https://github.com/Blackcat-Informatics/purrdf/actions/runs/37834537108/job/113508084629	
windows-mtime	pass	1m39s	https://github.com/Blackcat-Informatics/purrdf/actions/runs/37834537108/job/113508084922	
cross-arch-riscv64 (determinism-more-workers)	pending	0	https://github.com/Blackcat-Informatics/purrdf/actions/runs/37834537108/job/113508084800	
cross-arch-riscv64 (determinism-serial)	pending	0	https://github.com/Blackcat-Informatics/purrdf/actions/runs/37834537108/job/113508084814	
pytest	pending	0	https://github.com/Blackcat-Informatics/purrdf/actions/runs/37834537108/job/113508084904	
test (integration-1)	pending	0	https://github.com/Blackcat-Informatics/purrdf/actions/runs/37834537108/job/113508084675	
test (integration-2)	pending	0	https://github.com/Blackcat-Informatics/purrdf/actions/runs/37834537108/job/113508084585	
wasm-package	pending	0	https://github.com/Blackcat-Informatics/purrdf/actions/runs/37834537108/job/113508084909	
Refreshing checks status every 30 seconds. Press Ctrl+C to quit.

Analyze (actions)	pass	49s	https://github.com/Blackcat-Informatics/purrdf/actions/runs/37834531943/job/113508072817	
Analyze (c-cpp)	pass	1m8s	https://github.com/Blackcat-Informatics/purrdf/actions/runs/37834531943/job/113508072687	
Analyze (javascript-typescript)	pass	57s	https://github.com/Blackcat-Informatics/purrdf/actions/runs/37834531943/job/113508072901	
Analyze (python)	pass	1m21s	https://github.com/Blackcat-Informatics/purrdf/actions/runs/37834531943/job/113508072871	
Analyze (rust)	pass	14m57s	https://github.com/Blackcat-Informatics/purrdf/actions/runs/37834531943/job/113508072414	
Build The PurRDF Book	pass	9m8s	https://github.com/Blackcat-Informatics/purrdf/actions/runs/37834536825/job/113508082688	
CodeQL	pass	7s	https://github.com/Blackcat-Informatics/purrdf/runs/113508420731	
CodeRabbit	pass	0		Review completed
aarch64	pass	12m9s	https://github.com/Blackcat-Informatics/purrdf/actions/runs/37834537108/job/113508084782	
avx512-sde	pass	4m14s	https://github.com/Blackcat-Informatics/purrdf/actions/runs/37834537108/job/113508084594	
conformance	pass	25s	https://github.com/Blackcat-Informatics/purrdf/actions/runs/37834537108/job/113512398691	
conformance (core)	pass	7m45s	https://github.com/Blackcat-Informatics/purrdf/actions/runs/37834537108/job/113508085120	
conformance (python)	pass	10m9s	https://github.com/Blackcat-Informatics/purrdf/actions/runs/37834537108/job/113508084936	
conformance (shapes)	pass	6m2s	https://github.com/Blackcat-Informatics/purrdf/actions/runs/37834537108/job/113508085005	
conformance (sparql)	pass	6m12s	https://github.com/Blackcat-Informatics/purrdf/actions/runs/37834537108/job/113508086127	
cross-arch-riscv64 (determinism-one-worker)	pass	12m0s	https://github.com/Blackcat-Informatics/purrdf/actions/runs/37834537108/job/113508084916	
cross-arch-riscv64 (suites)	pass	13m27s	https://github.com/Blackcat-Informatics/purrdf/actions/runs/37834537108/job/113508084856	
doc	pass	1m21s	https://github.com/Blackcat-Informatics/purrdf/actions/runs/37834537108/job/113508084171	
miri	pass	9m23s	https://github.com/Blackcat-Informatics/purrdf/actions/runs/37834537108/job/113508084876	
msrv	pass	1m29s	https://github.com/Blackcat-Informatics/purrdf/actions/runs/37834537108/job/113508084734	
projection-oracles	pass	6m12s	https://github.com/Blackcat-Informatics/purrdf/actions/runs/37834537108/job/113508084428	
python-publisher	pass	19s	https://github.com/Blackcat-Informatics/purrdf/actions/runs/37834537108/job/113508084858	
simd-asm	pass	25s	https://github.com/Blackcat-Informatics/purrdf/actions/runs/37834537108/job/113511411456	
simd-asm-config (aarch64)	pass	7m26s	https://github.com/Blackcat-Informatics/purrdf/actions/runs/37834537108/job/113508084745	
simd-asm-config (aarch64-neoverse-v1)	pass	7m44s	https://github.com/Blackcat-Informatics/purrdf/actions/runs/37834537108/job/113508084979	
simd-asm-config (wasm32)	pass	5m43s	https://github.com/Blackcat-Informatics/purrdf/actions/runs/37834537108/job/113508084828	
simd-asm-config (wasm32-simd128)	pass	6m29s	https://github.com/Blackcat-Informatics/purrdf/actions/runs/37834537108/job/113508085019	
simd-asm-config (x86_64)	pass	5m36s	https://github.com/Blackcat-Informatics/purrdf/actions/runs/37834537108/job/113508084888	
simd-asm-config (x86_64-v3)	pass	5m40s	https://github.com/Blackcat-Informatics/purrdf/actions/runs/37834537108/job/113508085024	
simd-asm-config (x86_64-v4)	pass	5m42s	https://github.com/Blackcat-Informatics/purrdf/actions/runs/37834537108/job/113508085043	
test (doc)	pass	10m55s	https://github.com/Blackcat-Informatics/purrdf/actions/runs/37834537108/job/113508084743	
test (integration-1)	pass	15m11s	https://github.com/Blackcat-Informatics/purrdf/actions/runs/37834537108/job/113508084675	
test (integration-3)	pass	10m13s	https://github.com/Blackcat-Informatics/purrdf/actions/runs/37834537108/job/113508084618	
capi	pending	0	https://github.com/Blackcat-Informatics/purrdf/actions/runs/37834537108/job/113508084389	
Deploy to GitHub Pages	skipping	0	https://github.com/Blackcat-Informatics/purrdf/actions/runs/37834536825/job/113511972236	
test (integration-4)	pass	12m9s	https://github.com/Blackcat-Informatics/purrdf/actions/runs/37834537108/job/113508084509	
wasm-exec	pass	3m22s	https://github.com/Blackcat-Informatics/purrdf/actions/runs/37834537108/job/113508084777	
test (lib)	pass	14m37s	https://github.com/Blackcat-Informatics/purrdf/actions/runs/37834537108/job/113508084678	
simd-asm-projection	skipping	0	https://github.com/Blackcat-Informatics/purrdf/actions/runs/37834537108/job/113508086125	
wasm-schema-oracles	pass	4m40s	https://github.com/Blackcat-Informatics/purrdf/actions/runs/37834537108/job/113508084832	
wasm	pass	5m1s	https://github.com/Blackcat-Informatics/purrdf/actions/runs/37834537108/job/113508084708	
windows-mtime	pass	1m39s	https://github.com/Blackcat-Informatics/purrdf/actions/runs/37834537108/job/113508084922	
workspace	pass	14m56s	https://github.com/Blackcat-Informatics/purrdf/actions/runs/37834537108/job/113508084629	
cross-arch	pending	0	https://github.com/Blackcat-Informatics/purrdf/actions/runs/37834537108/job/113508084822	
cross-arch-riscv64 (determinism-more-workers)	pending	0	https://github.com/Blackcat-Informatics/purrdf/actions/runs/37834537108/job/113508084800	
cross-arch-riscv64 (determinism-serial)	pending	0	https://github.com/Blackcat-Informatics/purrdf/actions/runs/37834537108/job/113508084814	
pytest	pending	0	https://github.com/Blackcat-Informatics/purrdf/actions/runs/37834537108/job/113508084904	
test (integration-2)	pending	0	https://github.com/Blackcat-Informatics/purrdf/actions/runs/37834537108/job/113508084585	
wasm-package	pending	0	https://github.com/Blackcat-Informatics/purrdf/actions/runs/37834537108/job/113508084909	
Refreshing checks status every 30 seconds. Press Ctrl+C to quit.

Analyze (actions)	pass	49s	https://github.com/Blackcat-Informatics/purrdf/actions/runs/37834531943/job/113508072817	
Analyze (c-cpp)	pass	1m8s	https://github.com/Blackcat-Informatics/purrdf/actions/runs/37834531943/job/113508072687	
Analyze (javascript-typescript)	pass	57s	https://github.com/Blackcat-Informatics/purrdf/actions/runs/37834531943/job/113508072901	
Analyze (python)	pass	1m21s	https://github.com/Blackcat-Informatics/purrdf/actions/runs/37834531943/job/113508072871	
Analyze (rust)	pass	14m57s	https://github.com/Blackcat-Informatics/purrdf/actions/runs/37834531943/job/113508072414	
Build The PurRDF Book	pass	9m8s	https://github.com/Blackcat-Informatics/purrdf/actions/runs/37834536825/job/113508082688	
CodeQL	pass	7s	https://github.com/Blackcat-Informatics/purrdf/runs/113508420731	
CodeRabbit	pass	0		Review completed
aarch64	pass	12m9s	https://github.com/Blackcat-Informatics/purrdf/actions/runs/37834537108/job/113508084782	
avx512-sde	pass	4m14s	https://github.com/Blackcat-Informatics/purrdf/actions/runs/37834537108/job/113508084594	
conformance	pass	25s	https://github.com/Blackcat-Informatics/purrdf/actions/runs/37834537108/job/113512398691	
conformance (core)	pass	7m45s	https://github.com/Blackcat-Informatics/purrdf/actions/runs/37834537108/job/113508085120	
conformance (python)	pass	10m9s	https://github.com/Blackcat-Informatics/purrdf/actions/runs/37834537108/job/113508084936	
conformance (shapes)	pass	6m2s	https://github.com/Blackcat-Informatics/purrdf/actions/runs/37834537108/job/113508085005	
conformance (sparql)	pass	6m12s	https://github.com/Blackcat-Informatics/purrdf/actions/runs/37834537108/job/113508086127	
cross-arch-riscv64 (determinism-one-worker)	pass	12m0s	https://github.com/Blackcat-Informatics/purrdf/actions/runs/37834537108/job/113508084916	
cross-arch-riscv64 (determinism-serial)	pass	16m1s	https://github.com/Blackcat-Informatics/purrdf/actions/runs/37834537108/job/113508084814	
cross-arch-riscv64 (suites)	pass	13m27s	https://github.com/Blackcat-Informatics/purrdf/actions/runs/37834537108/job/113508084856	
doc	pass	1m21s	https://github.com/Blackcat-Informatics/purrdf/actions/runs/37834537108/job/113508084171	
miri	pass	9m23s	https://github.com/Blackcat-Informatics/purrdf/actions/runs/37834537108/job/113508084876	
msrv	pass	1m29s	https://github.com/Blackcat-Informatics/purrdf/actions/runs/37834537108/job/113508084734	
projection-oracles	pass	6m12s	https://github.com/Blackcat-Informatics/purrdf/actions/runs/37834537108/job/113508084428	
python-publisher	pass	19s	https://github.com/Blackcat-Informatics/purrdf/actions/runs/37834537108/job/113508084858	
simd-asm	pass	25s	https://github.com/Blackcat-Informatics/purrdf/actions/runs/37834537108/job/113511411456	
simd-asm-config (aarch64)	pass	7m26s	https://github.com/Blackcat-Informatics/purrdf/actions/runs/37834537108/job/113508084745	
simd-asm-config (aarch64-neoverse-v1)	pass	7m44s	https://github.com/Blackcat-Informatics/purrdf/actions/runs/37834537108/job/113508084979	
simd-asm-config (wasm32)	pass	5m43s	https://github.com/Blackcat-Informatics/purrdf/actions/runs/37834537108/job/113508084828	
simd-asm-config (wasm32-simd128)	pass	6m29s	https://github.com/Blackcat-Informatics/purrdf/actions/runs/37834537108/job/113508085019	
simd-asm-config (x86_64)	pass	5m36s	https://github.com/Blackcat-Informatics/purrdf/actions/runs/37834537108/job/113508084888	
simd-asm-config (x86_64-v3)	pass	5m40s	https://github.com/Blackcat-Informatics/purrdf/actions/runs/37834537108/job/113508085024	
simd-asm-config (x86_64-v4)	pass	5m42s	https://github.com/Blackcat-Informatics/purrdf/actions/runs/37834537108/job/113508085043	
test (doc)	pass	10m55s	https://github.com/Blackcat-Informatics/purrdf/actions/runs/37834537108/job/113508084743	
test (integration-1)	pass	15m11s	https://github.com/Blackcat-Informatics/purrdf/actions/runs/37834537108/job/113508084675	
test (integration-3)	pass	10m13s	https://github.com/Blackcat-Informatics/purrdf/actions/runs/37834537108/job/113508084618	
test (integration-2)	pending	0	https://github.com/Blackcat-Informatics/purrdf/actions/runs/37834537108/job/113508084585	
test (integration-4)	pass	12m9s	https://github.com/Blackcat-Informatics/purrdf/actions/runs/37834537108/job/113508084509	
wasm-exec	pass	3m22s	https://github.com/Blackcat-Informatics/purrdf/actions/runs/37834537108/job/113508084777	
test (lib)	pass	14m37s	https://github.com/Blackcat-Informatics/purrdf/actions/runs/37834537108/job/113508084678	
cross-arch	pending	0	https://github.com/Blackcat-Informatics/purrdf/actions/runs/37834537108/job/113508084822	
cross-arch-riscv64 (determinism-more-workers)	pending	0	https://github.com/Blackcat-Informatics/purrdf/actions/runs/37834537108/job/113508084800	
Deploy to GitHub Pages	skipping	0	https://github.com/Blackcat-Informatics/purrdf/actions/runs/37834536825/job/113511972236	
pytest	pending	0	https://github.com/Blackcat-Informatics/purrdf/actions/runs/37834537108/job/113508084904	
workspace	pass	14m56s	https://github.com/Blackcat-Informatics/purrdf/actions/runs/37834537108/job/113508084629	
windows-mtime	pass	1m39s	https://github.com/Blackcat-Informatics/purrdf/actions/runs/37834537108/job/113508084922	
wasm	pass	5m1s	https://github.com/Blackcat-Informatics/purrdf/actions/runs/37834537108/job/113508084708	
capi	pending	0	https://github.com/Blackcat-Informatics/purrdf/actions/runs/37834537108/job/113508084389	
wasm-schema-oracles	pass	4m40s	https://github.com/Blackcat-Informatics/purrdf/actions/runs/37834537108/job/113508084832	
simd-asm-projection	skipping	0	https://github.com/Blackcat-Informatics/purrdf/actions/runs/37834537108/job/113508086125	
wasm-package	pending	0	https://github.com/Blackcat-Informatics/purrdf/actions/runs/37834537108/job/113508084909	
Refreshing checks status every 30 seconds. Press Ctrl+C to quit.

Analyze (actions)	pass	49s	https://github.com/Blackcat-Informatics/purrdf/actions/runs/37834531943/job/113508072817	
Analyze (c-cpp)	pass	1m8s	https://github.com/Blackcat-Informatics/purrdf/actions/runs/37834531943/job/113508072687	
Analyze (javascript-typescript)	pass	57s	https://github.com/Blackcat-Informatics/purrdf/actions/runs/37834531943/job/113508072901	
Analyze (python)	pass	1m21s	https://github.com/Blackcat-Informatics/purrdf/actions/runs/37834531943/job/113508072871	
Analyze (rust)	pass	14m57s	https://github.com/Blackcat-Informatics/purrdf/actions/runs/37834531943/job/113508072414	
Build The PurRDF Book	pass	9m8s	https://github.com/Blackcat-Informatics/purrdf/actions/runs/37834536825/job/113508082688	
CodeQL	pass	7s	https://github.com/Blackcat-Informatics/purrdf/runs/113508420731	
CodeRabbit	pass	0		Review completed
aarch64	pass	12m9s	https://github.com/Blackcat-Informatics/purrdf/actions/runs/37834537108/job/113508084782	
avx512-sde	pass	4m14s	https://github.com/Blackcat-Informatics/purrdf/actions/runs/37834537108/job/113508084594	
capi	pass	16m23s	https://github.com/Blackcat-Informatics/purrdf/actions/runs/37834537108/job/113508084389	
conformance	pass	25s	https://github.com/Blackcat-Informatics/purrdf/actions/runs/37834537108/job/113512398691	
conformance (core)	pass	7m45s	https://github.com/Blackcat-Informatics/purrdf/actions/runs/37834537108/job/113508085120	
conformance (python)	pass	10m9s	https://github.com/Blackcat-Informatics/purrdf/actions/runs/37834537108/job/113508084936	
conformance (shapes)	pass	6m2s	https://github.com/Blackcat-Informatics/purrdf/actions/runs/37834537108/job/113508085005	
conformance (sparql)	pass	6m12s	https://github.com/Blackcat-Informatics/purrdf/actions/runs/37834537108/job/113508086127	
cross-arch	pass	16m8s	https://github.com/Blackcat-Informatics/purrdf/actions/runs/37834537108/job/113508084822	
cross-arch-riscv64 (determinism-one-worker)	pass	12m0s	https://github.com/Blackcat-Informatics/purrdf/actions/runs/37834537108/job/113508084916	
cross-arch-riscv64 (determinism-serial)	pass	16m1s	https://github.com/Blackcat-Informatics/purrdf/actions/runs/37834537108/job/113508084814	
cross-arch-riscv64 (suites)	pass	13m27s	https://github.com/Blackcat-Informatics/purrdf/actions/runs/37834537108/job/113508084856	
doc	pass	1m21s	https://github.com/Blackcat-Informatics/purrdf/actions/runs/37834537108/job/113508084171	
miri	pass	9m23s	https://github.com/Blackcat-Informatics/purrdf/actions/runs/37834537108/job/113508084876	
msrv	pass	1m29s	https://github.com/Blackcat-Informatics/purrdf/actions/runs/37834537108/job/113508084734	
projection-oracles	pass	6m12s	https://github.com/Blackcat-Informatics/purrdf/actions/runs/37834537108/job/113508084428	
python-publisher	pass	19s	https://github.com/Blackcat-Informatics/purrdf/actions/runs/37834537108/job/113508084858	
simd-asm	pass	25s	https://github.com/Blackcat-Informatics/purrdf/actions/runs/37834537108/job/113511411456	
simd-asm-config (aarch64)	pass	7m26s	https://github.com/Blackcat-Informatics/purrdf/actions/runs/37834537108/job/113508084745	
simd-asm-config (aarch64-neoverse-v1)	pass	7m44s	https://github.com/Blackcat-Informatics/purrdf/actions/runs/37834537108/job/113508084979	
simd-asm-config (wasm32)	pass	5m43s	https://github.com/Blackcat-Informatics/purrdf/actions/runs/37834537108/job/113508084828	
simd-asm-config (wasm32-simd128)	pass	6m29s	https://github.com/Blackcat-Informatics/purrdf/actions/runs/37834537108/job/113508085019	
simd-asm-config (x86_64)	pass	5m36s	https://github.com/Blackcat-Informatics/purrdf/actions/runs/37834537108/job/113508084888	
simd-asm-config (x86_64-v3)	pass	5m40s	https://github.com/Blackcat-Informatics/purrdf/actions/runs/37834537108/job/113508085024	
simd-asm-config (x86_64-v4)	pass	5m42s	https://github.com/Blackcat-Informatics/purrdf/actions/runs/37834537108/job/113508085043	
test (doc)	pass	10m55s	https://github.com/Blackcat-Informatics/purrdf/actions/runs/37834537108/job/113508084743	
test (integration-1)	pass	15m11s	https://github.com/Blackcat-Informatics/purrdf/actions/runs/37834537108/job/113508084675	
test (integration-3)	pass	10m13s	https://github.com/Blackcat-Informatics/purrdf/actions/runs/37834537108/job/113508084618	
pytest	pending	0	https://github.com/Blackcat-Informatics/purrdf/actions/runs/37834537108/job/113508084904	
test (lib)	pass	14m37s	https://github.com/Blackcat-Informatics/purrdf/actions/runs/37834537108/job/113508084678	
Deploy to GitHub Pages	skipping	0	https://github.com/Blackcat-Informatics/purrdf/actions/runs/37834536825/job/113511972236	
wasm-exec	pass	3m22s	https://github.com/Blackcat-Informatics/purrdf/actions/runs/37834537108/job/113508084777	
simd-asm-projection	skipping	0	https://github.com/Blackcat-Informatics/purrdf/actions/runs/37834537108/job/113508086125	
cross-arch-riscv64 (determinism-more-workers)	pending	0	https://github.com/Blackcat-Informatics/purrdf/actions/runs/37834537108/job/113508084800	
test (integration-4)	pass	12m9s	https://github.com/Blackcat-Informatics/purrdf/actions/runs/37834537108/job/113508084509	
workspace	pass	14m56s	https://github.com/Blackcat-Informatics/purrdf/actions/runs/37834537108/job/113508084629	
windows-mtime	pass	1m39s	https://github.com/Blackcat-Informatics/purrdf/actions/runs/37834537108/job/113508084922	
wasm	pass	5m1s	https://github.com/Blackcat-Informatics/purrdf/actions/runs/37834537108/job/113508084708	
wasm-schema-oracles	pass	4m40s	https://github.com/Blackcat-Informatics/purrdf/actions/runs/37834537108/job/113508084832	
test (integration-2)	pending	0	https://github.com/Blackcat-Informatics/purrdf/actions/runs/37834537108/job/113508084585	
wasm-package	pending	0	https://github.com/Blackcat-Informatics/purrdf/actions/runs/37834537108/job/113508084909	
Refreshing checks status every 30 seconds. Press Ctrl+C to quit.

Analyze (actions)	pass	49s	https://github.com/Blackcat-Informatics/purrdf/actions/runs/37834531943/job/113508072817	
Analyze (c-cpp)	pass	1m8s	https://github.com/Blackcat-Informatics/purrdf/actions/runs/37834531943/job/113508072687	
Analyze (javascript-typescript)	pass	57s	https://github.com/Blackcat-Informatics/purrdf/actions/runs/37834531943/job/113508072901	
Analyze (python)	pass	1m21s	https://github.com/Blackcat-Informatics/purrdf/actions/runs/37834531943/job/113508072871	
Analyze (rust)	pass	14m57s	https://github.com/Blackcat-Informatics/purrdf/actions/runs/37834531943/job/113508072414	
Build The PurRDF Book	pass	9m8s	https://github.com/Blackcat-Informatics/purrdf/actions/runs/37834536825/job/113508082688	
CodeQL	pass	7s	https://github.com/Blackcat-Informatics/purrdf/runs/113508420731	
CodeRabbit	pass	0		Review completed
aarch64	pass	12m9s	https://github.com/Blackcat-Informatics/purrdf/actions/runs/37834537108/job/113508084782	
avx512-sde	pass	4m14s	https://github.com/Blackcat-Informatics/purrdf/actions/runs/37834537108/job/113508084594	
capi	pass	16m23s	https://github.com/Blackcat-Informatics/purrdf/actions/runs/37834537108/job/113508084389	
conformance	pass	25s	https://github.com/Blackcat-Informatics/purrdf/actions/runs/37834537108/job/113512398691	
conformance (core)	pass	7m45s	https://github.com/Blackcat-Informatics/purrdf/actions/runs/37834537108/job/113508085120	
conformance (python)	pass	10m9s	https://github.com/Blackcat-Informatics/purrdf/actions/runs/37834537108/job/113508084936	
conformance (shapes)	pass	6m2s	https://github.com/Blackcat-Informatics/purrdf/actions/runs/37834537108/job/113508085005	
conformance (sparql)	pass	6m12s	https://github.com/Blackcat-Informatics/purrdf/actions/runs/37834537108/job/113508086127	
cross-arch	pass	16m8s	https://github.com/Blackcat-Informatics/purrdf/actions/runs/37834537108/job/113508084822	
cross-arch-riscv64 (determinism-one-worker)	pass	12m0s	https://github.com/Blackcat-Informatics/purrdf/actions/runs/37834537108/job/113508084916	
cross-arch-riscv64 (determinism-serial)	pass	16m1s	https://github.com/Blackcat-Informatics/purrdf/actions/runs/37834537108/job/113508084814	
cross-arch-riscv64 (suites)	pass	13m27s	https://github.com/Blackcat-Informatics/purrdf/actions/runs/37834537108/job/113508084856	
doc	pass	1m21s	https://github.com/Blackcat-Informatics/purrdf/actions/runs/37834537108/job/113508084171	
miri	pass	9m23s	https://github.com/Blackcat-Informatics/purrdf/actions/runs/37834537108/job/113508084876	
msrv	pass	1m29s	https://github.com/Blackcat-Informatics/purrdf/actions/runs/37834537108/job/113508084734	
projection-oracles	pass	6m12s	https://github.com/Blackcat-Informatics/purrdf/actions/runs/37834537108/job/113508084428	
python-publisher	pass	19s	https://github.com/Blackcat-Informatics/purrdf/actions/runs/37834537108/job/113508084858	
simd-asm	pass	25s	https://github.com/Blackcat-Informatics/purrdf/actions/runs/37834537108/job/113511411456	
simd-asm-config (aarch64)	pass	7m26s	https://github.com/Blackcat-Informatics/purrdf/actions/runs/37834537108/job/113508084745	
simd-asm-config (aarch64-neoverse-v1)	pass	7m44s	https://github.com/Blackcat-Informatics/purrdf/actions/runs/37834537108/job/113508084979	
simd-asm-config (wasm32)	pass	5m43s	https://github.com/Blackcat-Informatics/purrdf/actions/runs/37834537108/job/113508084828	
simd-asm-config (wasm32-simd128)	pass	6m29s	https://github.com/Blackcat-Informatics/purrdf/actions/runs/37834537108/job/113508085019	
simd-asm-config (x86_64)	pass	5m36s	https://github.com/Blackcat-Informatics/purrdf/actions/runs/37834537108/job/113508084888	
simd-asm-config (x86_64-v3)	pass	5m40s	https://github.com/Blackcat-Informatics/purrdf/actions/runs/37834537108/job/113508085024	
simd-asm-config (x86_64-v4)	pass	5m42s	https://github.com/Blackcat-Informatics/purrdf/actions/runs/37834537108/job/113508085043	
test (doc)	pass	10m55s	https://github.com/Blackcat-Informatics/purrdf/actions/runs/37834537108/job/113508084743	
test (integration-1)	pass	15m11s	https://github.com/Blackcat-Informatics/purrdf/actions/runs/37834537108/job/113508084675	
test (integration-3)	pass	10m13s	https://github.com/Blackcat-Informatics/purrdf/actions/runs/37834537108/job/113508084618	
pytest	pending	0	https://github.com/Blackcat-Informatics/purrdf/actions/runs/37834537108/job/113508084904	
test (lib)	pass	14m37s	https://github.com/Blackcat-Informatics/purrdf/actions/runs/37834537108/job/113508084678	
Deploy to GitHub Pages	skipping	0	https://github.com/Blackcat-Informatics/purrdf/actions/runs/37834536825/job/113511972236	
wasm-exec	pass	3m22s	https://github.com/Blackcat-Informatics/purrdf/actions/runs/37834537108/job/113508084777	
simd-asm-projection	skipping	0	https://github.com/Blackcat-Informatics/purrdf/actions/runs/37834537108/job/113508086125	
cross-arch-riscv64 (determinism-more-workers)	pending	0	https://github.com/Blackcat-Informatics/purrdf/actions/runs/37834537108/job/113508084800	
test (integration-4)	pass	12m9s	https://github.com/Blackcat-Informatics/purrdf/actions/runs/37834537108/job/113508084509	
workspace	pass	14m56s	https://github.com/Blackcat-Informatics/purrdf/actions/runs/37834537108/job/113508084629	
windows-mtime	pass	1m39s	https://github.com/Blackcat-Informatics/purrdf/actions/runs/37834537108/job/113508084922	
wasm	pass	5m1s	https://github.com/Blackcat-Informatics/purrdf/actions/runs/37834537108/job/113508084708	
wasm-schema-oracles	pass	4m40s	https://github.com/Blackcat-Informatics/purrdf/actions/runs/37834537108/job/113508084832	
test (integration-2)	pending	0	https://github.com/Blackcat-Informatics/purrdf/actions/runs/37834537108/job/113508084585	
wasm-package	pending	0	https://github.com/Blackcat-Informatics/purrdf/actions/runs/37834537108/job/113508084909	
Refreshing checks status every 30 seconds. Press Ctrl+C to quit.

Analyze (actions)	pass	49s	https://github.com/Blackcat-Informatics/purrdf/actions/runs/37834531943/job/113508072817	
Analyze (c-cpp)	pass	1m8s	https://github.com/Blackcat-Informatics/purrdf/actions/runs/37834531943/job/113508072687	
Analyze (javascript-typescript)	pass	57s	https://github.com/Blackcat-Informatics/purrdf/actions/runs/37834531943/job/113508072901	
Analyze (python)	pass	1m21s	https://github.com/Blackcat-Informatics/purrdf/actions/runs/37834531943/job/113508072871	
Analyze (rust)	pass	14m57s	https://github.com/Blackcat-Informatics/purrdf/actions/runs/37834531943/job/113508072414	
Build The PurRDF Book	pass	9m8s	https://github.com/Blackcat-Informatics/purrdf/actions/runs/37834536825/job/113508082688	
CodeQL	pass	7s	https://github.com/Blackcat-Informatics/purrdf/runs/113508420731	
CodeRabbit	pass	0		Review completed
aarch64	pass	12m9s	https://github.com/Blackcat-Informatics/purrdf/actions/runs/37834537108/job/113508084782	
avx512-sde	pass	4m14s	https://github.com/Blackcat-Informatics/purrdf/actions/runs/37834537108/job/113508084594	
capi	pass	16m23s	https://github.com/Blackcat-Informatics/purrdf/actions/runs/37834537108/job/113508084389	
conformance	pass	25s	https://github.com/Blackcat-Informatics/purrdf/actions/runs/37834537108/job/113512398691	
conformance (core)	pass	7m45s	https://github.com/Blackcat-Informatics/purrdf/actions/runs/37834537108/job/113508085120	
conformance (python)	pass	10m9s	https://github.com/Blackcat-Informatics/purrdf/actions/runs/37834537108/job/113508084936	
conformance (shapes)	pass	6m2s	https://github.com/Blackcat-Informatics/purrdf/actions/runs/37834537108/job/113508085005	
conformance (sparql)	pass	6m12s	https://github.com/Blackcat-Informatics/purrdf/actions/runs/37834537108/job/113508086127	
cross-arch	pass	16m8s	https://github.com/Blackcat-Informatics/purrdf/actions/runs/37834537108/job/113508084822	
cross-arch-riscv64 (determinism-one-worker)	pass	12m0s	https://github.com/Blackcat-Informatics/purrdf/actions/runs/37834537108/job/113508084916	
cross-arch-riscv64 (determinism-serial)	pass	16m1s	https://github.com/Blackcat-Informatics/purrdf/actions/runs/37834537108/job/113508084814	
cross-arch-riscv64 (suites)	pass	13m27s	https://github.com/Blackcat-Informatics/purrdf/actions/runs/37834537108/job/113508084856	
doc	pass	1m21s	https://github.com/Blackcat-Informatics/purrdf/actions/runs/37834537108/job/113508084171	
miri	pass	9m23s	https://github.com/Blackcat-Informatics/purrdf/actions/runs/37834537108/job/113508084876	
msrv	pass	1m29s	https://github.com/Blackcat-Informatics/purrdf/actions/runs/37834537108/job/113508084734	
projection-oracles	pass	6m12s	https://github.com/Blackcat-Informatics/purrdf/actions/runs/37834537108/job/113508084428	
python-publisher	pass	19s	https://github.com/Blackcat-Informatics/purrdf/actions/runs/37834537108/job/113508084858	
simd-asm	pass	25s	https://github.com/Blackcat-Informatics/purrdf/actions/runs/37834537108/job/113511411456	
simd-asm-config (aarch64)	pass	7m26s	https://github.com/Blackcat-Informatics/purrdf/actions/runs/37834537108/job/113508084745	
simd-asm-config (aarch64-neoverse-v1)	pass	7m44s	https://github.com/Blackcat-Informatics/purrdf/actions/runs/37834537108/job/113508084979	
simd-asm-config (wasm32)	pass	5m43s	https://github.com/Blackcat-Informatics/purrdf/actions/runs/37834537108/job/113508084828	
simd-asm-config (wasm32-simd128)	pass	6m29s	https://github.com/Blackcat-Informatics/purrdf/actions/runs/37834537108/job/113508085019	
simd-asm-config (x86_64)	pass	5m36s	https://github.com/Blackcat-Informatics/purrdf/actions/runs/37834537108/job/113508084888	
simd-asm-config (x86_64-v3)	pass	5m40s	https://github.com/Blackcat-Informatics/purrdf/actions/runs/37834537108/job/113508085024	
simd-asm-config (x86_64-v4)	pass	5m42s	https://github.com/Blackcat-Informatics/purrdf/actions/runs/37834537108/job/113508085043	
test (doc)	pass	10m55s	https://github.com/Blackcat-Informatics/purrdf/actions/runs/37834537108/job/113508084743	
test (integration-1)	pass	15m11s	https://github.com/Blackcat-Informatics/purrdf/actions/runs/37834537108/job/113508084675	
test (integration-3)	pass	10m13s	https://github.com/Blackcat-Informatics/purrdf/actions/runs/37834537108/job/113508084618	
pytest	pending	0	https://github.com/Blackcat-Informatics/purrdf/actions/runs/37834537108/job/113508084904	
test (lib)	pass	14m37s	https://github.com/Blackcat-Informatics/purrdf/actions/runs/37834537108/job/113508084678	
Deploy to GitHub Pages	skipping	0	https://github.com/Blackcat-Informatics/purrdf/actions/runs/37834536825/job/113511972236	
wasm-exec	pass	3m22s	https://github.com/Blackcat-Informatics/purrdf/actions/runs/37834537108/job/113508084777	
simd-asm-projection	skipping	0	https://github.com/Blackcat-Informatics/purrdf/actions/runs/37834537108/job/113508086125	
cross-arch-riscv64 (determinism-more-workers)	pending	0	https://github.com/Blackcat-Informatics/purrdf/actions/runs/37834537108/job/113508084800	
test (integration-4)	pass	12m9s	https://github.com/Blackcat-Informatics/purrdf/actions/runs/37834537108/job/113508084509	
workspace	pass	14m56s	https://github.com/Blackcat-Informatics/purrdf/actions/runs/37834537108/job/113508084629	
windows-mtime	pass	1m39s	https://github.com/Blackcat-Informatics/purrdf/actions/runs/37834537108/job/113508084922	
wasm	pass	5m1s	https://github.com/Blackcat-Informatics/purrdf/actions/runs/37834537108/job/113508084708	
wasm-schema-oracles	pass	4m40s	https://github.com/Blackcat-Informatics/purrdf/actions/runs/37834537108/job/113508084832	
test (integration-2)	pending	0	https://github.com/Blackcat-Informatics/purrdf/actions/runs/37834537108/job/113508084585	
wasm-package	pending	0	https://github.com/Blackcat-Informatics/purrdf/actions/runs/37834537108/job/113508084909	
Refreshing checks status every 30 seconds. Press Ctrl+C to quit.

Analyze (actions)	pass	49s	https://github.com/Blackcat-Informatics/purrdf/actions/runs/37834531943/job/113508072817	
Analyze (c-cpp)	pass	1m8s	https://github.com/Blackcat-Informatics/purrdf/actions/runs/37834531943/job/113508072687	
Analyze (javascript-typescript)	pass	57s	https://github.com/Blackcat-Informatics/purrdf/actions/runs/37834531943/job/113508072901	
Analyze (python)	pass	1m21s	https://github.com/Blackcat-Informatics/purrdf/actions/runs/37834531943/job/113508072871	
Analyze (rust)	pass	14m57s	https://github.com/Blackcat-Informatics/purrdf/actions/runs/37834531943/job/113508072414	
Build The PurRDF Book	pass	9m8s	https://github.com/Blackcat-Informatics/purrdf/actions/runs/37834536825/job/113508082688	
CodeQL	pass	7s	https://github.com/Blackcat-Informatics/purrdf/runs/113508420731	
CodeRabbit	pass	0		Review completed
aarch64	pass	12m9s	https://github.com/Blackcat-Informatics/purrdf/actions/runs/37834537108/job/113508084782	
avx512-sde	pass	4m14s	https://github.com/Blackcat-Informatics/purrdf/actions/runs/37834537108/job/113508084594	
capi	pass	16m23s	https://github.com/Blackcat-Informatics/purrdf/actions/runs/37834537108/job/113508084389	
conformance	pass	25s	https://github.com/Blackcat-Informatics/purrdf/actions/runs/37834537108/job/113512398691	
conformance (core)	pass	7m45s	https://github.com/Blackcat-Informatics/purrdf/actions/runs/37834537108/job/113508085120	
conformance (python)	pass	10m9s	https://github.com/Blackcat-Informatics/purrdf/actions/runs/37834537108/job/113508084936	
conformance (shapes)	pass	6m2s	https://github.com/Blackcat-Informatics/purrdf/actions/runs/37834537108/job/113508085005	
conformance (sparql)	pass	6m12s	https://github.com/Blackcat-Informatics/purrdf/actions/runs/37834537108/job/113508086127	
cross-arch	pass	16m8s	https://github.com/Blackcat-Informatics/purrdf/actions/runs/37834537108/job/113508084822	
cross-arch-riscv64 (determinism-one-worker)	pass	12m0s	https://github.com/Blackcat-Informatics/purrdf/actions/runs/37834537108/job/113508084916	
cross-arch-riscv64 (determinism-serial)	pass	16m1s	https://github.com/Blackcat-Informatics/purrdf/actions/runs/37834537108/job/113508084814	
cross-arch-riscv64 (suites)	pass	13m27s	https://github.com/Blackcat-Informatics/purrdf/actions/runs/37834537108/job/113508084856	
doc	pass	1m21s	https://github.com/Blackcat-Informatics/purrdf/actions/runs/37834537108/job/113508084171	
miri	pass	9m23s	https://github.com/Blackcat-Informatics/purrdf/actions/runs/37834537108/job/113508084876	
msrv	pass	1m29s	https://github.com/Blackcat-Informatics/purrdf/actions/runs/37834537108/job/113508084734	
projection-oracles	pass	6m12s	https://github.com/Blackcat-Informatics/purrdf/actions/runs/37834537108/job/113508084428	
python-publisher	pass	19s	https://github.com/Blackcat-Informatics/purrdf/actions/runs/37834537108/job/113508084858	
simd-asm	pass	25s	https://github.com/Blackcat-Informatics/purrdf/actions/runs/37834537108/job/113511411456	
simd-asm-config (aarch64)	pass	7m26s	https://github.com/Blackcat-Informatics/purrdf/actions/runs/37834537108/job/113508084745	
simd-asm-config (aarch64-neoverse-v1)	pass	7m44s	https://github.com/Blackcat-Informatics/purrdf/actions/runs/37834537108/job/113508084979	
simd-asm-config (wasm32)	pass	5m43s	https://github.com/Blackcat-Informatics/purrdf/actions/runs/37834537108/job/113508084828	
simd-asm-config (wasm32-simd128)	pass	6m29s	https://github.com/Blackcat-Informatics/purrdf/actions/runs/37834537108/job/113508085019	
simd-asm-config (x86_64)	pass	5m36s	https://github.com/Blackcat-Informatics/purrdf/actions/runs/37834537108/job/113508084888	
simd-asm-config (x86_64-v3)	pass	5m40s	https://github.com/Blackcat-Informatics/purrdf/actions/runs/37834537108/job/113508085024	
simd-asm-config (x86_64-v4)	pass	5m42s	https://github.com/Blackcat-Informatics/purrdf/actions/runs/37834537108/job/113508085043	
test (doc)	pass	10m55s	https://github.com/Blackcat-Informatics/purrdf/actions/runs/37834537108/job/113508084743	
test (integration-1)	pass	15m11s	https://github.com/Blackcat-Informatics/purrdf/actions/runs/37834537108/job/113508084675	
test (integration-3)	pass	10m13s	https://github.com/Blackcat-Informatics/purrdf/actions/runs/37834537108/job/113508084618	
pytest	pending	0	https://github.com/Blackcat-Informatics/purrdf/actions/runs/37834537108/job/113508084904	
test (lib)	pass	14m37s	https://github.com/Blackcat-Informatics/purrdf/actions/runs/37834537108/job/113508084678	
Deploy to GitHub Pages	skipping	0	https://github.com/Blackcat-Informatics/purrdf/actions/runs/37834536825/job/113511972236	
wasm-exec	pass	3m22s	https://github.com/Blackcat-Informatics/purrdf/actions/runs/37834537108/job/113508084777	
simd-asm-projection	skipping	0	https://github.com/Blackcat-Informatics/purrdf/actions/runs/37834537108/job/113508086125	
cross-arch-riscv64 (determinism-more-workers)	pending	0	https://github.com/Blackcat-Informatics/purrdf/actions/runs/37834537108/job/113508084800	
test (integration-4)	pass	12m9s	https://github.com/Blackcat-Informatics/purrdf/actions/runs/37834537108/job/113508084509	
workspace	pass	14m56s	https://github.com/Blackcat-Informatics/purrdf/actions/runs/37834537108/job/113508084629	
windows-mtime	pass	1m39s	https://github.com/Blackcat-Informatics/purrdf/actions/runs/37834537108/job/113508084922	
wasm	pass	5m1s	https://github.com/Blackcat-Informatics/purrdf/actions/runs/37834537108/job/113508084708	
wasm-schema-oracles	pass	4m40s	https://github.com/Blackcat-Informatics/purrdf/actions/runs/37834537108/job/113508084832	
test (integration-2)	pending	0	https://github.com/Blackcat-Informatics/purrdf/actions/runs/37834537108/job/113508084585	
wasm-package	pending	0	https://github.com/Blackcat-Informatics/purrdf/actions/runs/37834537108/job/113508084909	
Refreshing checks status every 30 seconds. Press Ctrl+C to quit.

Analyze (actions)	pass	49s	https://github.com/Blackcat-Informatics/purrdf/actions/runs/37834531943/job/113508072817	
Analyze (c-cpp)	pass	1m8s	https://github.com/Blackcat-Informatics/purrdf/actions/runs/37834531943/job/113508072687	
Analyze (javascript-typescript)	pass	57s	https://github.com/Blackcat-Informatics/purrdf/actions/runs/37834531943/job/113508072901	
Analyze (python)	pass	1m21s	https://github.com/Blackcat-Informatics/purrdf/actions/runs/37834531943/job/113508072871	
Analyze (rust)	pass	14m57s	https://github.com/Blackcat-Informatics/purrdf/actions/runs/37834531943/job/113508072414	
Build The PurRDF Book	pass	9m8s	https://github.com/Blackcat-Informatics/purrdf/actions/runs/37834536825/job/113508082688	
CodeQL	pass	7s	https://github.com/Blackcat-Informatics/purrdf/runs/113508420731	
CodeRabbit	pass	0		Review completed
aarch64	pass	12m9s	https://github.com/Blackcat-Informatics/purrdf/actions/runs/37834537108/job/113508084782	
avx512-sde	pass	4m14s	https://github.com/Blackcat-Informatics/purrdf/actions/runs/37834537108/job/113508084594	
capi	pass	16m23s	https://github.com/Blackcat-Informatics/purrdf/actions/runs/37834537108/job/113508084389	
conformance	pass	25s	https://github.com/Blackcat-Informatics/purrdf/actions/runs/37834537108/job/113512398691	
conformance (core)	pass	7m45s	https://github.com/Blackcat-Informatics/purrdf/actions/runs/37834537108/job/113508085120	
conformance (python)	pass	10m9s	https://github.com/Blackcat-Informatics/purrdf/actions/runs/37834537108/job/113508084936	
conformance (shapes)	pass	6m2s	https://github.com/Blackcat-Informatics/purrdf/actions/runs/37834537108/job/113508085005	
conformance (sparql)	pass	6m12s	https://github.com/Blackcat-Informatics/purrdf/actions/runs/37834537108/job/113508086127	
cross-arch	pass	16m8s	https://github.com/Blackcat-Informatics/purrdf/actions/runs/37834537108/job/113508084822	
cross-arch-riscv64 (determinism-more-workers)	pass	18m28s	https://github.com/Blackcat-Informatics/purrdf/actions/runs/37834537108/job/113508084800	
cross-arch-riscv64 (determinism-one-worker)	pass	12m0s	https://github.com/Blackcat-Informatics/purrdf/actions/runs/37834537108/job/113508084916	
cross-arch-riscv64 (determinism-serial)	pass	16m1s	https://github.com/Blackcat-Informatics/purrdf/actions/runs/37834537108/job/113508084814	
cross-arch-riscv64 (suites)	pass	13m27s	https://github.com/Blackcat-Informatics/purrdf/actions/runs/37834537108/job/113508084856	
doc	pass	1m21s	https://github.com/Blackcat-Informatics/purrdf/actions/runs/37834537108/job/113508084171	
miri	pass	9m23s	https://github.com/Blackcat-Informatics/purrdf/actions/runs/37834537108/job/113508084876	
msrv	pass	1m29s	https://github.com/Blackcat-Informatics/purrdf/actions/runs/37834537108/job/113508084734	
projection-oracles	pass	6m12s	https://github.com/Blackcat-Informatics/purrdf/actions/runs/37834537108/job/113508084428	
python-publisher	pass	19s	https://github.com/Blackcat-Informatics/purrdf/actions/runs/37834537108/job/113508084858	
simd-asm	pass	25s	https://github.com/Blackcat-Informatics/purrdf/actions/runs/37834537108/job/113511411456	
simd-asm-config (aarch64)	pass	7m26s	https://github.com/Blackcat-Informatics/purrdf/actions/runs/37834537108/job/113508084745	
simd-asm-config (aarch64-neoverse-v1)	pass	7m44s	https://github.com/Blackcat-Informatics/purrdf/actions/runs/37834537108/job/113508084979	
simd-asm-config (wasm32)	pass	5m43s	https://github.com/Blackcat-Informatics/purrdf/actions/runs/37834537108/job/113508084828	
simd-asm-config (wasm32-simd128)	pass	6m29s	https://github.com/Blackcat-Informatics/purrdf/actions/runs/37834537108/job/113508085019	
simd-asm-config (x86_64)	pass	5m36s	https://github.com/Blackcat-Informatics/purrdf/actions/runs/37834537108/job/113508084888	
simd-asm-config (x86_64-v3)	pass	5m40s	https://github.com/Blackcat-Informatics/purrdf/actions/runs/37834537108/job/113508085024	
simd-asm-config (x86_64-v4)	pass	5m42s	https://github.com/Blackcat-Informatics/purrdf/actions/runs/37834537108/job/113508085043	
test (doc)	pass	10m55s	https://github.com/Blackcat-Informatics/purrdf/actions/runs/37834537108/job/113508084743	
test (integration-1)	pass	15m11s	https://github.com/Blackcat-Informatics/purrdf/actions/runs/37834537108/job/113508084675	
test (integration-3)	pass	10m13s	https://github.com/Blackcat-Informatics/purrdf/actions/runs/37834537108/job/113508084618	
test (integration-4)	pass	12m9s	https://github.com/Blackcat-Informatics/purrdf/actions/runs/37834537108/job/113508084509	
test (lib)	pass	14m37s	https://github.com/Blackcat-Informatics/purrdf/actions/runs/37834537108/job/113508084678	
test (integration-2)	pending	0	https://github.com/Blackcat-Informatics/purrdf/actions/runs/37834537108/job/113508084585	
wasm-package	pending	0	https://github.com/Blackcat-Informatics/purrdf/actions/runs/37834537108/job/113508084909	
wasm-exec	pass	3m22s	https://github.com/Blackcat-Informatics/purrdf/actions/runs/37834537108/job/113508084777	
pytest	pending	0	https://github.com/Blackcat-Informatics/purrdf/actions/runs/37834537108/job/113508084904	
wasm	pass	5m1s	https://github.com/Blackcat-Informatics/purrdf/actions/runs/37834537108/job/113508084708	
wasm-schema-oracles	pass	4m40s	https://github.com/Blackcat-Informatics/purrdf/actions/runs/37834537108/job/113508084832	
windows-mtime	pass	1m39s	https://github.com/Blackcat-Informatics/purrdf/actions/runs/37834537108/job/113508084922	
workspace	pass	14m56s	https://github.com/Blackcat-Informatics/purrdf/actions/runs/37834537108/job/113508084629	
Deploy to GitHub Pages	skipping	0	https://github.com/Blackcat-Informatics/purrdf/actions/runs/37834536825/job/113511972236	
simd-asm-projection	skipping	0	https://github.com/Blackcat-Informatics/purrdf/actions/runs/37834537108/job/113508086125	
Refreshing checks status every 30 seconds. Press Ctrl+C to quit.

Analyze (actions)	pass	49s	https://github.com/Blackcat-Informatics/purrdf/actions/runs/37834531943/job/113508072817	
Analyze (c-cpp)	pass	1m8s	https://github.com/Blackcat-Informatics/purrdf/actions/runs/37834531943/job/113508072687	
Analyze (javascript-typescript)	pass	57s	https://github.com/Blackcat-Informatics/purrdf/actions/runs/37834531943/job/113508072901	
Analyze (python)	pass	1m21s	https://github.com/Blackcat-Informatics/purrdf/actions/runs/37834531943/job/113508072871	
Analyze (rust)	pass	14m57s	https://github.com/Blackcat-Informatics/purrdf/actions/runs/37834531943/job/113508072414	
Build The PurRDF Book	pass	9m8s	https://github.com/Blackcat-Informatics/purrdf/actions/runs/37834536825/job/113508082688	
CodeQL	pass	7s	https://github.com/Blackcat-Informatics/purrdf/runs/113508420731	
CodeRabbit	pass	0		Review completed
aarch64	pass	12m9s	https://github.com/Blackcat-Informatics/purrdf/actions/runs/37834537108/job/113508084782	
avx512-sde	pass	4m14s	https://github.com/Blackcat-Informatics/purrdf/actions/runs/37834537108/job/113508084594	
capi	pass	16m23s	https://github.com/Blackcat-Informatics/purrdf/actions/runs/37834537108/job/113508084389	
conformance	pass	25s	https://github.com/Blackcat-Informatics/purrdf/actions/runs/37834537108/job/113512398691	
conformance (core)	pass	7m45s	https://github.com/Blackcat-Informatics/purrdf/actions/runs/37834537108/job/113508085120	
conformance (python)	pass	10m9s	https://github.com/Blackcat-Informatics/purrdf/actions/runs/37834537108/job/113508084936	
conformance (shapes)	pass	6m2s	https://github.com/Blackcat-Informatics/purrdf/actions/runs/37834537108/job/113508085005	
conformance (sparql)	pass	6m12s	https://github.com/Blackcat-Informatics/purrdf/actions/runs/37834537108/job/113508086127	
cross-arch	pass	16m8s	https://github.com/Blackcat-Informatics/purrdf/actions/runs/37834537108/job/113508084822	
cross-arch-riscv64 (determinism-more-workers)	pass	18m28s	https://github.com/Blackcat-Informatics/purrdf/actions/runs/37834537108/job/113508084800	
cross-arch-riscv64 (determinism-one-worker)	pass	12m0s	https://github.com/Blackcat-Informatics/purrdf/actions/runs/37834537108/job/113508084916	
cross-arch-riscv64 (determinism-serial)	pass	16m1s	https://github.com/Blackcat-Informatics/purrdf/actions/runs/37834537108/job/113508084814	
cross-arch-riscv64 (suites)	pass	13m27s	https://github.com/Blackcat-Informatics/purrdf/actions/runs/37834537108/job/113508084856	
doc	pass	1m21s	https://github.com/Blackcat-Informatics/purrdf/actions/runs/37834537108/job/113508084171	
miri	pass	9m23s	https://github.com/Blackcat-Informatics/purrdf/actions/runs/37834537108/job/113508084876	
msrv	pass	1m29s	https://github.com/Blackcat-Informatics/purrdf/actions/runs/37834537108/job/113508084734	
projection-oracles	pass	6m12s	https://github.com/Blackcat-Informatics/purrdf/actions/runs/37834537108/job/113508084428	
python-publisher	pass	19s	https://github.com/Blackcat-Informatics/purrdf/actions/runs/37834537108/job/113508084858	
simd-asm	pass	25s	https://github.com/Blackcat-Informatics/purrdf/actions/runs/37834537108/job/113511411456	
simd-asm-config (aarch64)	pass	7m26s	https://github.com/Blackcat-Informatics/purrdf/actions/runs/37834537108/job/113508084745	
simd-asm-config (aarch64-neoverse-v1)	pass	7m44s	https://github.com/Blackcat-Informatics/purrdf/actions/runs/37834537108/job/113508084979	
simd-asm-config (wasm32)	pass	5m43s	https://github.com/Blackcat-Informatics/purrdf/actions/runs/37834537108/job/113508084828	
simd-asm-config (wasm32-simd128)	pass	6m29s	https://github.com/Blackcat-Informatics/purrdf/actions/runs/37834537108/job/113508085019	
simd-asm-config (x86_64)	pass	5m36s	https://github.com/Blackcat-Informatics/purrdf/actions/runs/37834537108/job/113508084888	
simd-asm-config (x86_64-v3)	pass	5m40s	https://github.com/Blackcat-Informatics/purrdf/actions/runs/37834537108/job/113508085024	
simd-asm-config (x86_64-v4)	pass	5m42s	https://github.com/Blackcat-Informatics/purrdf/actions/runs/37834537108/job/113508085043	
test (doc)	pass	10m55s	https://github.com/Blackcat-Informatics/purrdf/actions/runs/37834537108/job/113508084743	
test (integration-1)	pass	15m11s	https://github.com/Blackcat-Informatics/purrdf/actions/runs/37834537108/job/113508084675	
test (integration-3)	pass	10m13s	https://github.com/Blackcat-Informatics/purrdf/actions/runs/37834537108/job/113508084618	
test (integration-4)	pass	12m9s	https://github.com/Blackcat-Informatics/purrdf/actions/runs/37834537108/job/113508084509	
test (lib)	pass	14m37s	https://github.com/Blackcat-Informatics/purrdf/actions/runs/37834537108/job/113508084678	
test (integration-2)	pending	0	https://github.com/Blackcat-Informatics/purrdf/actions/runs/37834537108/job/113508084585	
wasm-package	pending	0	https://github.com/Blackcat-Informatics/purrdf/actions/runs/37834537108/job/113508084909	
wasm-exec	pass	3m22s	https://github.com/Blackcat-Informatics/purrdf/actions/runs/37834537108/job/113508084777	
pytest	pending	0	https://github.com/Blackcat-Informatics/purrdf/actions/runs/37834537108/job/113508084904	
wasm	pass	5m1s	https://github.com/Blackcat-Informatics/purrdf/actions/runs/37834537108/job/113508084708	
wasm-schema-oracles	pass	4m40s	https://github.com/Blackcat-Informatics/purrdf/actions/runs/37834537108/job/113508084832	
windows-mtime	pass	1m39s	https://github.com/Blackcat-Informatics/purrdf/actions/runs/37834537108/job/113508084922	
workspace	pass	14m56s	https://github.com/Blackcat-Informatics/purrdf/actions/runs/37834537108/job/113508084629	
Deploy to GitHub Pages	skipping	0	https://github.com/Blackcat-Informatics/purrdf/actions/runs/37834536825/job/113511972236	
simd-asm-projection	skipping	0	https://github.com/Blackcat-Informatics/purrdf/actions/runs/37834537108/job/113508086125	
Refreshing checks status every 30 seconds. Press Ctrl+C to quit.

Analyze (actions)	pass	49s	https://github.com/Blackcat-Informatics/purrdf/actions/runs/37834531943/job/113508072817	
Analyze (c-cpp)	pass	1m8s	https://github.com/Blackcat-Informatics/purrdf/actions/runs/37834531943/job/113508072687	
Analyze (javascript-typescript)	pass	57s	https://github.com/Blackcat-Informatics/purrdf/actions/runs/37834531943/job/113508072901	
Analyze (python)	pass	1m21s	https://github.com/Blackcat-Informatics/purrdf/actions/runs/37834531943/job/113508072871	
Analyze (rust)	pass	14m57s	https://github.com/Blackcat-Informatics/purrdf/actions/runs/37834531943/job/113508072414	
Build The PurRDF Book	pass	9m8s	https://github.com/Blackcat-Informatics/purrdf/actions/runs/37834536825/job/113508082688	
CodeQL	pass	7s	https://github.com/Blackcat-Informatics/purrdf/runs/113508420731	
CodeRabbit	pass	0		Review completed
aarch64	pass	12m9s	https://github.com/Blackcat-Informatics/purrdf/actions/runs/37834537108/job/113508084782	
avx512-sde	pass	4m14s	https://github.com/Blackcat-Informatics/purrdf/actions/runs/37834537108/job/113508084594	
capi	pass	16m23s	https://github.com/Blackcat-Informatics/purrdf/actions/runs/37834537108/job/113508084389	
conformance	pass	25s	https://github.com/Blackcat-Informatics/purrdf/actions/runs/37834537108/job/113512398691	
conformance (core)	pass	7m45s	https://github.com/Blackcat-Informatics/purrdf/actions/runs/37834537108/job/113508085120	
conformance (python)	pass	10m9s	https://github.com/Blackcat-Informatics/purrdf/actions/runs/37834537108/job/113508084936	
conformance (shapes)	pass	6m2s	https://github.com/Blackcat-Informatics/purrdf/actions/runs/37834537108/job/113508085005	
conformance (sparql)	pass	6m12s	https://github.com/Blackcat-Informatics/purrdf/actions/runs/37834537108/job/113508086127	
cross-arch	pass	16m8s	https://github.com/Blackcat-Informatics/purrdf/actions/runs/37834537108/job/113508084822	
cross-arch-riscv64 (determinism-more-workers)	pass	18m28s	https://github.com/Blackcat-Informatics/purrdf/actions/runs/37834537108/job/113508084800	
cross-arch-riscv64 (determinism-one-worker)	pass	12m0s	https://github.com/Blackcat-Informatics/purrdf/actions/runs/37834537108/job/113508084916	
cross-arch-riscv64 (determinism-serial)	pass	16m1s	https://github.com/Blackcat-Informatics/purrdf/actions/runs/37834537108/job/113508084814	
cross-arch-riscv64 (suites)	pass	13m27s	https://github.com/Blackcat-Informatics/purrdf/actions/runs/37834537108/job/113508084856	
doc	pass	1m21s	https://github.com/Blackcat-Informatics/purrdf/actions/runs/37834537108/job/113508084171	
miri	pass	9m23s	https://github.com/Blackcat-Informatics/purrdf/actions/runs/37834537108/job/113508084876	
msrv	pass	1m29s	https://github.com/Blackcat-Informatics/purrdf/actions/runs/37834537108/job/113508084734	
projection-oracles	pass	6m12s	https://github.com/Blackcat-Informatics/purrdf/actions/runs/37834537108/job/113508084428	
python-publisher	pass	19s	https://github.com/Blackcat-Informatics/purrdf/actions/runs/37834537108/job/113508084858	
simd-asm	pass	25s	https://github.com/Blackcat-Informatics/purrdf/actions/runs/37834537108/job/113511411456	
simd-asm-config (aarch64)	pass	7m26s	https://github.com/Blackcat-Informatics/purrdf/actions/runs/37834537108/job/113508084745	
simd-asm-config (aarch64-neoverse-v1)	pass	7m44s	https://github.com/Blackcat-Informatics/purrdf/actions/runs/37834537108/job/113508084979	
simd-asm-config (wasm32)	pass	5m43s	https://github.com/Blackcat-Informatics/purrdf/actions/runs/37834537108/job/113508084828	
simd-asm-config (wasm32-simd128)	pass	6m29s	https://github.com/Blackcat-Informatics/purrdf/actions/runs/37834537108/job/113508085019	
simd-asm-config (x86_64)	pass	5m36s	https://github.com/Blackcat-Informatics/purrdf/actions/runs/37834537108/job/113508084888	
simd-asm-config (x86_64-v3)	pass	5m40s	https://github.com/Blackcat-Informatics/purrdf/actions/runs/37834537108/job/113508085024	
simd-asm-config (x86_64-v4)	pass	5m42s	https://github.com/Blackcat-Informatics/purrdf/actions/runs/37834537108/job/113508085043	
test (doc)	pass	10m55s	https://github.com/Blackcat-Informatics/purrdf/actions/runs/37834537108/job/113508084743	
test (integration-1)	pass	15m11s	https://github.com/Blackcat-Informatics/purrdf/actions/runs/37834537108/job/113508084675	
test (integration-3)	pass	10m13s	https://github.com/Blackcat-Informatics/purrdf/actions/runs/37834537108/job/113508084618	
test (integration-4)	pass	12m9s	https://github.com/Blackcat-Informatics/purrdf/actions/runs/37834537108/job/113508084509	
test (lib)	pass	14m37s	https://github.com/Blackcat-Informatics/purrdf/actions/runs/37834537108/job/113508084678	
test (integration-2)	pending	0	https://github.com/Blackcat-Informatics/purrdf/actions/runs/37834537108/job/113508084585	
wasm-package	pending	0	https://github.com/Blackcat-Informatics/purrdf/actions/runs/37834537108/job/113508084909	
wasm-exec	pass	3m22s	https://github.com/Blackcat-Informatics/purrdf/actions/runs/37834537108/job/113508084777	
pytest	pending	0	https://github.com/Blackcat-Informatics/purrdf/actions/runs/37834537108/job/113508084904	
wasm	pass	5m1s	https://github.com/Blackcat-Informatics/purrdf/actions/runs/37834537108/job/113508084708	
wasm-schema-oracles	pass	4m40s	https://github.com/Blackcat-Informatics/purrdf/actions/runs/37834537108/job/113508084832	
windows-mtime	pass	1m39s	https://github.com/Blackcat-Informatics/purrdf/actions/runs/37834537108/job/113508084922	
workspace	pass	14m56s	https://github.com/Blackcat-Informatics/purrdf/actions/runs/37834537108/job/113508084629	
Deploy to GitHub Pages	skipping	0	https://github.com/Blackcat-Informatics/purrdf/actions/runs/37834536825/job/113511972236	
simd-asm-projection	skipping	0	https://github.com/Blackcat-Informatics/purrdf/actions/runs/37834537108/job/113508086125	
Refreshing checks status every 30 seconds. Press Ctrl+C to quit.

Analyze (actions)	pass	49s	https://github.com/Blackcat-Informatics/purrdf/actions/runs/37834531943/job/113508072817	
Analyze (c-cpp)	pass	1m8s	https://github.com/Blackcat-Informatics/purrdf/actions/runs/37834531943/job/113508072687	
Analyze (javascript-typescript)	pass	57s	https://github.com/Blackcat-Informatics/purrdf/actions/runs/37834531943/job/113508072901	
Analyze (python)	pass	1m21s	https://github.com/Blackcat-Informatics/purrdf/actions/runs/37834531943/job/113508072871	
Analyze (rust)	pass	14m57s	https://github.com/Blackcat-Informatics/purrdf/actions/runs/37834531943/job/113508072414	
Build The PurRDF Book	pass	9m8s	https://github.com/Blackcat-Informatics/purrdf/actions/runs/37834536825/job/113508082688	
CodeQL	pass	7s	https://github.com/Blackcat-Informatics/purrdf/runs/113508420731	
CodeRabbit	pass	0		Review completed
aarch64	pass	12m9s	https://github.com/Blackcat-Informatics/purrdf/actions/runs/37834537108/job/113508084782	
avx512-sde	pass	4m14s	https://github.com/Blackcat-Informatics/purrdf/actions/runs/37834537108/job/113508084594	
capi	pass	16m23s	https://github.com/Blackcat-Informatics/purrdf/actions/runs/37834537108/job/113508084389	
conformance	pass	25s	https://github.com/Blackcat-Informatics/purrdf/actions/runs/37834537108/job/113512398691	
conformance (core)	pass	7m45s	https://github.com/Blackcat-Informatics/purrdf/actions/runs/37834537108/job/113508085120	
conformance (python)	pass	10m9s	https://github.com/Blackcat-Informatics/purrdf/actions/runs/37834537108/job/113508084936	
conformance (shapes)	pass	6m2s	https://github.com/Blackcat-Informatics/purrdf/actions/runs/37834537108/job/113508085005	
conformance (sparql)	pass	6m12s	https://github.com/Blackcat-Informatics/purrdf/actions/runs/37834537108/job/113508086127	
cross-arch	pass	16m8s	https://github.com/Blackcat-Informatics/purrdf/actions/runs/37834537108/job/113508084822	
cross-arch-riscv64 (determinism-more-workers)	pass	18m28s	https://github.com/Blackcat-Informatics/purrdf/actions/runs/37834537108/job/113508084800	
cross-arch-riscv64 (determinism-one-worker)	pass	12m0s	https://github.com/Blackcat-Informatics/purrdf/actions/runs/37834537108/job/113508084916	
cross-arch-riscv64 (determinism-serial)	pass	16m1s	https://github.com/Blackcat-Informatics/purrdf/actions/runs/37834537108/job/113508084814	
cross-arch-riscv64 (suites)	pass	13m27s	https://github.com/Blackcat-Informatics/purrdf/actions/runs/37834537108/job/113508084856	
doc	pass	1m21s	https://github.com/Blackcat-Informatics/purrdf/actions/runs/37834537108/job/113508084171	
miri	pass	9m23s	https://github.com/Blackcat-Informatics/purrdf/actions/runs/37834537108/job/113508084876	
msrv	pass	1m29s	https://github.com/Blackcat-Informatics/purrdf/actions/runs/37834537108/job/113508084734	
projection-oracles	pass	6m12s	https://github.com/Blackcat-Informatics/purrdf/actions/runs/37834537108/job/113508084428	
python-publisher	pass	19s	https://github.com/Blackcat-Informatics/purrdf/actions/runs/37834537108/job/113508084858	
simd-asm	pass	25s	https://github.com/Blackcat-Informatics/purrdf/actions/runs/37834537108/job/113511411456	
simd-asm-config (aarch64)	pass	7m26s	https://github.com/Blackcat-Informatics/purrdf/actions/runs/37834537108/job/113508084745	
simd-asm-config (aarch64-neoverse-v1)	pass	7m44s	https://github.com/Blackcat-Informatics/purrdf/actions/runs/37834537108/job/113508084979	
simd-asm-config (wasm32)	pass	5m43s	https://github.com/Blackcat-Informatics/purrdf/actions/runs/37834537108/job/113508084828	
simd-asm-config (wasm32-simd128)	pass	6m29s	https://github.com/Blackcat-Informatics/purrdf/actions/runs/37834537108/job/113508085019	
simd-asm-config (x86_64)	pass	5m36s	https://github.com/Blackcat-Informatics/purrdf/actions/runs/37834537108/job/113508084888	
simd-asm-config (x86_64-v3)	pass	5m40s	https://github.com/Blackcat-Informatics/purrdf/actions/runs/37834537108/job/113508085024	
simd-asm-config (x86_64-v4)	pass	5m42s	https://github.com/Blackcat-Informatics/purrdf/actions/runs/37834537108/job/113508085043	
test (doc)	pass	10m55s	https://github.com/Blackcat-Informatics/purrdf/actions/runs/37834537108/job/113508084743	
test (integration-1)	pass	15m11s	https://github.com/Blackcat-Informatics/purrdf/actions/runs/37834537108/job/113508084675	
test (integration-3)	pass	10m13s	https://github.com/Blackcat-Informatics/purrdf/actions/runs/37834537108/job/113508084618	
test (integration-4)	pass	12m9s	https://github.com/Blackcat-Informatics/purrdf/actions/runs/37834537108/job/113508084509	
test (lib)	pass	14m37s	https://github.com/Blackcat-Informatics/purrdf/actions/runs/37834537108/job/113508084678	
test (integration-2)	pending	0	https://github.com/Blackcat-Informatics/purrdf/actions/runs/37834537108/job/113508084585	
wasm-package	pending	0	https://github.com/Blackcat-Informatics/purrdf/actions/runs/37834537108/job/113508084909	
wasm-exec	pass	3m22s	https://github.com/Blackcat-Informatics/purrdf/actions/runs/37834537108/job/113508084777	
pytest	pending	0	https://github.com/Blackcat-Informatics/purrdf/actions/runs/37834537108/job/113508084904	
wasm	pass	5m1s	https://github.com/Blackcat-Informatics/purrdf/actions/runs/37834537108/job/113508084708	
wasm-schema-oracles	pass	4m40s	https://github.com/Blackcat-Informatics/purrdf/actions/runs/37834537108/job/113508084832	
windows-mtime	pass	1m39s	https://github.com/Blackcat-Informatics/purrdf/actions/runs/37834537108/job/113508084922	
workspace	pass	14m56s	https://github.com/Blackcat-Informatics/purrdf/actions/runs/37834537108/job/113508084629	
Deploy to GitHub Pages	skipping	0	https://github.com/Blackcat-Informatics/purrdf/actions/runs/37834536825/job/113511972236	
simd-asm-projection	skipping	0	https://github.com/Blackcat-Informatics/purrdf/actions/runs/37834537108/job/113508086125	
Refreshing checks status every 30 seconds. Press Ctrl+C to quit.

Analyze (actions)	pass	49s	https://github.com/Blackcat-Informatics/purrdf/actions/runs/37834531943/job/113508072817	
Analyze (c-cpp)	pass	1m8s	https://github.com/Blackcat-Informatics/purrdf/actions/runs/37834531943/job/113508072687	
Analyze (javascript-typescript)	pass	57s	https://github.com/Blackcat-Informatics/purrdf/actions/runs/37834531943/job/113508072901	
Analyze (python)	pass	1m21s	https://github.com/Blackcat-Informatics/purrdf/actions/runs/37834531943/job/113508072871	
Analyze (rust)	pass	14m57s	https://github.com/Blackcat-Informatics/purrdf/actions/runs/37834531943/job/113508072414	
Build The PurRDF Book	pass	9m8s	https://github.com/Blackcat-Informatics/purrdf/actions/runs/37834536825/job/113508082688	
CodeQL	pass	7s	https://github.com/Blackcat-Informatics/purrdf/runs/113508420731	
CodeRabbit	pass	0		Review completed
aarch64	pass	12m9s	https://github.com/Blackcat-Informatics/purrdf/actions/runs/37834537108/job/113508084782	
avx512-sde	pass	4m14s	https://github.com/Blackcat-Informatics/purrdf/actions/runs/37834537108/job/113508084594	
capi	pass	16m23s	https://github.com/Blackcat-Informatics/purrdf/actions/runs/37834537108/job/113508084389	
conformance	pass	25s	https://github.com/Blackcat-Informatics/purrdf/actions/runs/37834537108/job/113512398691	
conformance (core)	pass	7m45s	https://github.com/Blackcat-Informatics/purrdf/actions/runs/37834537108/job/113508085120	
conformance (python)	pass	10m9s	https://github.com/Blackcat-Informatics/purrdf/actions/runs/37834537108/job/113508084936	
conformance (shapes)	pass	6m2s	https://github.com/Blackcat-Informatics/purrdf/actions/runs/37834537108/job/113508085005	
conformance (sparql)	pass	6m12s	https://github.com/Blackcat-Informatics/purrdf/actions/runs/37834537108/job/113508086127	
cross-arch	pass	16m8s	https://github.com/Blackcat-Informatics/purrdf/actions/runs/37834537108/job/113508084822	
cross-arch-riscv64 (determinism-more-workers)	pass	18m28s	https://github.com/Blackcat-Informatics/purrdf/actions/runs/37834537108/job/113508084800	
cross-arch-riscv64 (determinism-one-worker)	pass	12m0s	https://github.com/Blackcat-Informatics/purrdf/actions/runs/37834537108/job/113508084916	
cross-arch-riscv64 (determinism-serial)	pass	16m1s	https://github.com/Blackcat-Informatics/purrdf/actions/runs/37834537108/job/113508084814	
cross-arch-riscv64 (suites)	pass	13m27s	https://github.com/Blackcat-Informatics/purrdf/actions/runs/37834537108/job/113508084856	
doc	pass	1m21s	https://github.com/Blackcat-Informatics/purrdf/actions/runs/37834537108/job/113508084171	
miri	pass	9m23s	https://github.com/Blackcat-Informatics/purrdf/actions/runs/37834537108/job/113508084876	
msrv	pass	1m29s	https://github.com/Blackcat-Informatics/purrdf/actions/runs/37834537108/job/113508084734	
projection-oracles	pass	6m12s	https://github.com/Blackcat-Informatics/purrdf/actions/runs/37834537108/job/113508084428	
python-publisher	pass	19s	https://github.com/Blackcat-Informatics/purrdf/actions/runs/37834537108/job/113508084858	
simd-asm	pass	25s	https://github.com/Blackcat-Informatics/purrdf/actions/runs/37834537108/job/113511411456	
simd-asm-config (aarch64)	pass	7m26s	https://github.com/Blackcat-Informatics/purrdf/actions/runs/37834537108/job/113508084745	
simd-asm-config (aarch64-neoverse-v1)	pass	7m44s	https://github.com/Blackcat-Informatics/purrdf/actions/runs/37834537108/job/113508084979	
simd-asm-config (wasm32)	pass	5m43s	https://github.com/Blackcat-Informatics/purrdf/actions/runs/37834537108/job/113508084828	
simd-asm-config (wasm32-simd128)	pass	6m29s	https://github.com/Blackcat-Informatics/purrdf/actions/runs/37834537108/job/113508085019	
simd-asm-config (x86_64)	pass	5m36s	https://github.com/Blackcat-Informatics/purrdf/actions/runs/37834537108/job/113508084888	
simd-asm-config (x86_64-v3)	pass	5m40s	https://github.com/Blackcat-Informatics/purrdf/actions/runs/37834537108/job/113508085024	
simd-asm-config (x86_64-v4)	pass	5m42s	https://github.com/Blackcat-Informatics/purrdf/actions/runs/37834537108/job/113508085043	
test (doc)	pass	10m55s	https://github.com/Blackcat-Informatics/purrdf/actions/runs/37834537108/job/113508084743	
test (integration-1)	pass	15m11s	https://github.com/Blackcat-Informatics/purrdf/actions/runs/37834537108/job/113508084675	
test (integration-2)	pass	20m35s	https://github.com/Blackcat-Informatics/purrdf/actions/runs/37834537108/job/113508084585	
test (integration-3)	pass	10m13s	https://github.com/Blackcat-Informatics/purrdf/actions/runs/37834537108/job/113508084618	
test (integration-4)	pass	12m9s	https://github.com/Blackcat-Informatics/purrdf/actions/runs/37834537108/job/113508084509	
test	pending	0	https://github.com/Blackcat-Informatics/purrdf/actions/runs/37834537108/job/113516857066	
wasm-exec	pass	3m22s	https://github.com/Blackcat-Informatics/purrdf/actions/runs/37834537108/job/113508084777	
wasm-package	pending	0	https://github.com/Blackcat-Informatics/purrdf/actions/runs/37834537108/job/113508084909	
workspace	pass	14m56s	https://github.com/Blackcat-Informatics/purrdf/actions/runs/37834537108/job/113508084629	
pytest	pending	0	https://github.com/Blackcat-Informatics/purrdf/actions/runs/37834537108/job/113508084904	
test (lib)	pass	14m37s	https://github.com/Blackcat-Informatics/purrdf/actions/runs/37834537108/job/113508084678	
wasm	pass	5m1s	https://github.com/Blackcat-Informatics/purrdf/actions/runs/37834537108/job/113508084708	
wasm-schema-oracles	pass	4m40s	https://github.com/Blackcat-Informatics/purrdf/actions/runs/37834537108/job/113508084832	
windows-mtime	pass	1m39s	https://github.com/Blackcat-Informatics/purrdf/actions/runs/37834537108/job/113508084922	
Deploy to GitHub Pages	skipping	0	https://github.com/Blackcat-Informatics/purrdf/actions/runs/37834536825/job/113511972236	
simd-asm-projection	skipping	0	https://github.com/Blackcat-Informatics/purrdf/actions/runs/37834537108/job/113508086125	
Refreshing checks status every 30 seconds. Press Ctrl+C to quit.

Analyze (actions)	pass	49s	https://github.com/Blackcat-Informatics/purrdf/actions/runs/37834531943/job/113508072817	
Analyze (c-cpp)	pass	1m8s	https://github.com/Blackcat-Informatics/purrdf/actions/runs/37834531943/job/113508072687	
Analyze (javascript-typescript)	pass	57s	https://github.com/Blackcat-Informatics/purrdf/actions/runs/37834531943/job/113508072901	
Analyze (python)	pass	1m21s	https://github.com/Blackcat-Informatics/purrdf/actions/runs/37834531943/job/113508072871	
Analyze (rust)	pass	14m57s	https://github.com/Blackcat-Informatics/purrdf/actions/runs/37834531943/job/113508072414	
Build The PurRDF Book	pass	9m8s	https://github.com/Blackcat-Informatics/purrdf/actions/runs/37834536825/job/113508082688	
CodeQL	pass	7s	https://github.com/Blackcat-Informatics/purrdf/runs/113508420731	
CodeRabbit	pass	0		Review completed
aarch64	pass	12m9s	https://github.com/Blackcat-Informatics/purrdf/actions/runs/37834537108/job/113508084782	
avx512-sde	pass	4m14s	https://github.com/Blackcat-Informatics/purrdf/actions/runs/37834537108/job/113508084594	
capi	pass	16m23s	https://github.com/Blackcat-Informatics/purrdf/actions/runs/37834537108/job/113508084389	
conformance	pass	25s	https://github.com/Blackcat-Informatics/purrdf/actions/runs/37834537108/job/113512398691	
conformance (core)	pass	7m45s	https://github.com/Blackcat-Informatics/purrdf/actions/runs/37834537108/job/113508085120	
conformance (python)	pass	10m9s	https://github.com/Blackcat-Informatics/purrdf/actions/runs/37834537108/job/113508084936	
conformance (shapes)	pass	6m2s	https://github.com/Blackcat-Informatics/purrdf/actions/runs/37834537108/job/113508085005	
conformance (sparql)	pass	6m12s	https://github.com/Blackcat-Informatics/purrdf/actions/runs/37834537108/job/113508086127	
cross-arch	pass	16m8s	https://github.com/Blackcat-Informatics/purrdf/actions/runs/37834537108/job/113508084822	
cross-arch-riscv64 (determinism-more-workers)	pass	18m28s	https://github.com/Blackcat-Informatics/purrdf/actions/runs/37834537108/job/113508084800	
cross-arch-riscv64 (determinism-one-worker)	pass	12m0s	https://github.com/Blackcat-Informatics/purrdf/actions/runs/37834537108/job/113508084916	
cross-arch-riscv64 (determinism-serial)	pass	16m1s	https://github.com/Blackcat-Informatics/purrdf/actions/runs/37834537108/job/113508084814	
cross-arch-riscv64 (suites)	pass	13m27s	https://github.com/Blackcat-Informatics/purrdf/actions/runs/37834537108/job/113508084856	
doc	pass	1m21s	https://github.com/Blackcat-Informatics/purrdf/actions/runs/37834537108/job/113508084171	
miri	pass	9m23s	https://github.com/Blackcat-Informatics/purrdf/actions/runs/37834537108/job/113508084876	
msrv	pass	1m29s	https://github.com/Blackcat-Informatics/purrdf/actions/runs/37834537108/job/113508084734	
projection-oracles	pass	6m12s	https://github.com/Blackcat-Informatics/purrdf/actions/runs/37834537108/job/113508084428	
pytest	pass	20m56s	https://github.com/Blackcat-Informatics/purrdf/actions/runs/37834537108/job/113508084904	
python-publisher	pass	19s	https://github.com/Blackcat-Informatics/purrdf/actions/runs/37834537108/job/113508084858	
simd-asm	pass	25s	https://github.com/Blackcat-Informatics/purrdf/actions/runs/37834537108/job/113511411456	
simd-asm-config (aarch64)	pass	7m26s	https://github.com/Blackcat-Informatics/purrdf/actions/runs/37834537108/job/113508084745	
simd-asm-config (aarch64-neoverse-v1)	pass	7m44s	https://github.com/Blackcat-Informatics/purrdf/actions/runs/37834537108/job/113508084979	
simd-asm-config (wasm32)	pass	5m43s	https://github.com/Blackcat-Informatics/purrdf/actions/runs/37834537108/job/113508084828	
simd-asm-config (wasm32-simd128)	pass	6m29s	https://github.com/Blackcat-Informatics/purrdf/actions/runs/37834537108/job/113508085019	
simd-asm-config (x86_64)	pass	5m36s	https://github.com/Blackcat-Informatics/purrdf/actions/runs/37834537108/job/113508084888	
simd-asm-config (x86_64-v3)	pass	5m40s	https://github.com/Blackcat-Informatics/purrdf/actions/runs/37834537108/job/113508085024	
simd-asm-config (x86_64-v4)	pass	5m42s	https://github.com/Blackcat-Informatics/purrdf/actions/runs/37834537108/job/113508085043	
test	pass	4s	https://github.com/Blackcat-Informatics/purrdf/actions/runs/37834537108/job/113516857066	
test (doc)	pass	10m55s	https://github.com/Blackcat-Informatics/purrdf/actions/runs/37834537108/job/113508084743	
test (integration-1)	pass	15m11s	https://github.com/Blackcat-Informatics/purrdf/actions/runs/37834537108/job/113508084675	
test (integration-2)	pass	20m35s	https://github.com/Blackcat-Informatics/purrdf/actions/runs/37834537108/job/113508084585	
test (integration-3)	pass	10m13s	https://github.com/Blackcat-Informatics/purrdf/actions/runs/37834537108/job/113508084618	
wasm-exec	pass	3m22s	https://github.com/Blackcat-Informatics/purrdf/actions/runs/37834537108/job/113508084777	
wasm-package	pending	0	https://github.com/Blackcat-Informatics/purrdf/actions/runs/37834537108/job/113508084909	
test (integration-4)	pass	12m9s	https://github.com/Blackcat-Informatics/purrdf/actions/runs/37834537108/job/113508084509	
test (lib)	pass	14m37s	https://github.com/Blackcat-Informatics/purrdf/actions/runs/37834537108/job/113508084678	
wasm	pass	5m1s	https://github.com/Blackcat-Informatics/purrdf/actions/runs/37834537108/job/113508084708	
wasm-schema-oracles	pass	4m40s	https://github.com/Blackcat-Informatics/purrdf/actions/runs/37834537108/job/113508084832	
windows-mtime	pass	1m39s	https://github.com/Blackcat-Informatics/purrdf/actions/runs/37834537108/job/113508084922	
workspace	pass	14m56s	https://github.com/Blackcat-Informatics/purrdf/actions/runs/37834537108/job/113508084629	
Deploy to GitHub Pages	skipping	0	https://github.com/Blackcat-Informatics/purrdf/actions/runs/37834536825/job/113511972236	
simd-asm-projection	skipping	0	https://github.com/Blackcat-Informatics/purrdf/actions/runs/37834537108/job/113508086125	
Refreshing checks status every 30 seconds. Press Ctrl+C to quit.

Analyze (actions)	pass	49s	https://github.com/Blackcat-Informatics/purrdf/actions/runs/37834531943/job/113508072817	
Analyze (c-cpp)	pass	1m8s	https://github.com/Blackcat-Informatics/purrdf/actions/runs/37834531943/job/113508072687	
Analyze (javascript-typescript)	pass	57s	https://github.com/Blackcat-Informatics/purrdf/actions/runs/37834531943/job/113508072901	
Analyze (python)	pass	1m21s	https://github.com/Blackcat-Informatics/purrdf/actions/runs/37834531943/job/113508072871	
Analyze (rust)	pass	14m57s	https://github.com/Blackcat-Informatics/purrdf/actions/runs/37834531943/job/113508072414	
Build The PurRDF Book	pass	9m8s	https://github.com/Blackcat-Informatics/purrdf/actions/runs/37834536825/job/113508082688	
CodeQL	pass	7s	https://github.com/Blackcat-Informatics/purrdf/runs/113508420731	
CodeRabbit	pass	0		Review completed
aarch64	pass	12m9s	https://github.com/Blackcat-Informatics/purrdf/actions/runs/37834537108/job/113508084782	
avx512-sde	pass	4m14s	https://github.com/Blackcat-Informatics/purrdf/actions/runs/37834537108/job/113508084594	
capi	pass	16m23s	https://github.com/Blackcat-Informatics/purrdf/actions/runs/37834537108/job/113508084389	
conformance	pass	25s	https://github.com/Blackcat-Informatics/purrdf/actions/runs/37834537108/job/113512398691	
conformance (core)	pass	7m45s	https://github.com/Blackcat-Informatics/purrdf/actions/runs/37834537108/job/113508085120	
conformance (python)	pass	10m9s	https://github.com/Blackcat-Informatics/purrdf/actions/runs/37834537108/job/113508084936	
conformance (shapes)	pass	6m2s	https://github.com/Blackcat-Informatics/purrdf/actions/runs/37834537108/job/113508085005	
conformance (sparql)	pass	6m12s	https://github.com/Blackcat-Informatics/purrdf/actions/runs/37834537108/job/113508086127	
cross-arch	pass	16m8s	https://github.com/Blackcat-Informatics/purrdf/actions/runs/37834537108/job/113508084822	
cross-arch-riscv64 (determinism-more-workers)	pass	18m28s	https://github.com/Blackcat-Informatics/purrdf/actions/runs/37834537108/job/113508084800	
cross-arch-riscv64 (determinism-one-worker)	pass	12m0s	https://github.com/Blackcat-Informatics/purrdf/actions/runs/37834537108/job/113508084916	
cross-arch-riscv64 (determinism-serial)	pass	16m1s	https://github.com/Blackcat-Informatics/purrdf/actions/runs/37834537108/job/113508084814	
cross-arch-riscv64 (suites)	pass	13m27s	https://github.com/Blackcat-Informatics/purrdf/actions/runs/37834537108/job/113508084856	
doc	pass	1m21s	https://github.com/Blackcat-Informatics/purrdf/actions/runs/37834537108/job/113508084171	
miri	pass	9m23s	https://github.com/Blackcat-Informatics/purrdf/actions/runs/37834537108/job/113508084876	
msrv	pass	1m29s	https://github.com/Blackcat-Informatics/purrdf/actions/runs/37834537108/job/113508084734	
projection-oracles	pass	6m12s	https://github.com/Blackcat-Informatics/purrdf/actions/runs/37834537108/job/113508084428	
pytest	pass	20m56s	https://github.com/Blackcat-Informatics/purrdf/actions/runs/37834537108/job/113508084904	
python-publisher	pass	19s	https://github.com/Blackcat-Informatics/purrdf/actions/runs/37834537108/job/113508084858	
simd-asm	pass	25s	https://github.com/Blackcat-Informatics/purrdf/actions/runs/37834537108/job/113511411456	
simd-asm-config (aarch64)	pass	7m26s	https://github.com/Blackcat-Informatics/purrdf/actions/runs/37834537108/job/113508084745	
simd-asm-config (aarch64-neoverse-v1)	pass	7m44s	https://github.com/Blackcat-Informatics/purrdf/actions/runs/37834537108/job/113508084979	
simd-asm-config (wasm32)	pass	5m43s	https://github.com/Blackcat-Informatics/purrdf/actions/runs/37834537108/job/113508084828	
simd-asm-config (wasm32-simd128)	pass	6m29s	https://github.com/Blackcat-Informatics/purrdf/actions/runs/37834537108/job/113508085019	
simd-asm-config (x86_64)	pass	5m36s	https://github.com/Blackcat-Informatics/purrdf/actions/runs/37834537108/job/113508084888	
simd-asm-config (x86_64-v3)	pass	5m40s	https://github.com/Blackcat-Informatics/purrdf/actions/runs/37834537108/job/113508085024	
simd-asm-config (x86_64-v4)	pass	5m42s	https://github.com/Blackcat-Informatics/purrdf/actions/runs/37834537108/job/113508085043	
test	pass	4s	https://github.com/Blackcat-Informatics/purrdf/actions/runs/37834537108/job/113516857066	
test (doc)	pass	10m55s	https://github.com/Blackcat-Informatics/purrdf/actions/runs/37834537108/job/113508084743	
test (integration-1)	pass	15m11s	https://github.com/Blackcat-Informatics/purrdf/actions/runs/37834537108/job/113508084675	
test (integration-2)	pass	20m35s	https://github.com/Blackcat-Informatics/purrdf/actions/runs/37834537108/job/113508084585	
test (integration-3)	pass	10m13s	https://github.com/Blackcat-Informatics/purrdf/actions/runs/37834537108/job/113508084618	
wasm-exec	pass	3m22s	https://github.com/Blackcat-Informatics/purrdf/actions/runs/37834537108/job/113508084777	
wasm-package	pending	0	https://github.com/Blackcat-Informatics/purrdf/actions/runs/37834537108/job/113508084909	
test (integration-4)	pass	12m9s	https://github.com/Blackcat-Informatics/purrdf/actions/runs/37834537108/job/113508084509	
test (lib)	pass	14m37s	https://github.com/Blackcat-Informatics/purrdf/actions/runs/37834537108/job/113508084678	
wasm	pass	5m1s	https://github.com/Blackcat-Informatics/purrdf/actions/runs/37834537108/job/113508084708	
wasm-schema-oracles	pass	4m40s	https://github.com/Blackcat-Informatics/purrdf/actions/runs/37834537108/job/113508084832	
windows-mtime	pass	1m39s	https://github.com/Blackcat-Informatics/purrdf/actions/runs/37834537108/job/113508084922	
workspace	pass	14m56s	https://github.com/Blackcat-Informatics/purrdf/actions/runs/37834537108/job/113508084629	
Deploy to GitHub Pages	skipping	0	https://github.com/Blackcat-Informatics/purrdf/actions/runs/37834536825/job/113511972236	
simd-asm-projection	skipping	0	https://github.com/Blackcat-Informatics/purrdf/actions/runs/37834537108/job/113508086125	
Refreshing checks status every 30 seconds. Press Ctrl+C to quit.

Analyze (actions)	pass	49s	https://github.com/Blackcat-Informatics/purrdf/actions/runs/37834531943/job/113508072817	
Analyze (c-cpp)	pass	1m8s	https://github.com/Blackcat-Informatics/purrdf/actions/runs/37834531943/job/113508072687	
Analyze (javascript-typescript)	pass	57s	https://github.com/Blackcat-Informatics/purrdf/actions/runs/37834531943/job/113508072901	
Analyze (python)	pass	1m21s	https://github.com/Blackcat-Informatics/purrdf/actions/runs/37834531943/job/113508072871	
Analyze (rust)	pass	14m57s	https://github.com/Blackcat-Informatics/purrdf/actions/runs/37834531943/job/113508072414	
Build The PurRDF Book	pass	9m8s	https://github.com/Blackcat-Informatics/purrdf/actions/runs/37834536825/job/113508082688	
CodeQL	pass	7s	https://github.com/Blackcat-Informatics/purrdf/runs/113508420731	
CodeRabbit	pass	0		Review completed
aarch64	pass	12m9s	https://github.com/Blackcat-Informatics/purrdf/actions/runs/37834537108/job/113508084782	
avx512-sde	pass	4m14s	https://github.com/Blackcat-Informatics/purrdf/actions/runs/37834537108/job/113508084594	
capi	pass	16m23s	https://github.com/Blackcat-Informatics/purrdf/actions/runs/37834537108/job/113508084389	
conformance	pass	25s	https://github.com/Blackcat-Informatics/purrdf/actions/runs/37834537108/job/113512398691	
conformance (core)	pass	7m45s	https://github.com/Blackcat-Informatics/purrdf/actions/runs/37834537108/job/113508085120	
conformance (python)	pass	10m9s	https://github.com/Blackcat-Informatics/purrdf/actions/runs/37834537108/job/113508084936	
conformance (shapes)	pass	6m2s	https://github.com/Blackcat-Informatics/purrdf/actions/runs/37834537108/job/113508085005	
conformance (sparql)	pass	6m12s	https://github.com/Blackcat-Informatics/purrdf/actions/runs/37834537108/job/113508086127	
cross-arch	pass	16m8s	https://github.com/Blackcat-Informatics/purrdf/actions/runs/37834537108/job/113508084822	
cross-arch-riscv64 (determinism-more-workers)	pass	18m28s	https://github.com/Blackcat-Informatics/purrdf/actions/runs/37834537108/job/113508084800	
cross-arch-riscv64 (determinism-one-worker)	pass	12m0s	https://github.com/Blackcat-Informatics/purrdf/actions/runs/37834537108/job/113508084916	
cross-arch-riscv64 (determinism-serial)	pass	16m1s	https://github.com/Blackcat-Informatics/purrdf/actions/runs/37834537108/job/113508084814	
cross-arch-riscv64 (suites)	pass	13m27s	https://github.com/Blackcat-Informatics/purrdf/actions/runs/37834537108/job/113508084856	
doc	pass	1m21s	https://github.com/Blackcat-Informatics/purrdf/actions/runs/37834537108/job/113508084171	
miri	pass	9m23s	https://github.com/Blackcat-Informatics/purrdf/actions/runs/37834537108/job/113508084876	
msrv	pass	1m29s	https://github.com/Blackcat-Informatics/purrdf/actions/runs/37834537108/job/113508084734	
projection-oracles	pass	6m12s	https://github.com/Blackcat-Informatics/purrdf/actions/runs/37834537108/job/113508084428	
pytest	pass	20m56s	https://github.com/Blackcat-Informatics/purrdf/actions/runs/37834537108/job/113508084904	
python-publisher	pass	19s	https://github.com/Blackcat-Informatics/purrdf/actions/runs/37834537108/job/113508084858	
simd-asm	pass	25s	https://github.com/Blackcat-Informatics/purrdf/actions/runs/37834537108/job/113511411456	
simd-asm-config (aarch64)	pass	7m26s	https://github.com/Blackcat-Informatics/purrdf/actions/runs/37834537108/job/113508084745	
simd-asm-config (aarch64-neoverse-v1)	pass	7m44s	https://github.com/Blackcat-Informatics/purrdf/actions/runs/37834537108/job/113508084979	
simd-asm-config (wasm32)	pass	5m43s	https://github.com/Blackcat-Informatics/purrdf/actions/runs/37834537108/job/113508084828	
simd-asm-config (wasm32-simd128)	pass	6m29s	https://github.com/Blackcat-Informatics/purrdf/actions/runs/37834537108/job/113508085019	
simd-asm-config (x86_64)	pass	5m36s	https://github.com/Blackcat-Informatics/purrdf/actions/runs/37834537108/job/113508084888	
simd-asm-config (x86_64-v3)	pass	5m40s	https://github.com/Blackcat-Informatics/purrdf/actions/runs/37834537108/job/113508085024	
simd-asm-config (x86_64-v4)	pass	5m42s	https://github.com/Blackcat-Informatics/purrdf/actions/runs/37834537108/job/113508085043	
test	pass	4s	https://github.com/Blackcat-Informatics/purrdf/actions/runs/37834537108/job/113516857066	
test (doc)	pass	10m55s	https://github.com/Blackcat-Informatics/purrdf/actions/runs/37834537108/job/113508084743	
test (integration-1)	pass	15m11s	https://github.com/Blackcat-Informatics/purrdf/actions/runs/37834537108/job/113508084675	
test (integration-2)	pass	20m35s	https://github.com/Blackcat-Informatics/purrdf/actions/runs/37834537108/job/113508084585	
test (integration-3)	pass	10m13s	https://github.com/Blackcat-Informatics/purrdf/actions/runs/37834537108/job/113508084618	
wasm-exec	pass	3m22s	https://github.com/Blackcat-Informatics/purrdf/actions/runs/37834537108/job/113508084777	
wasm-package	pending	0	https://github.com/Blackcat-Informatics/purrdf/actions/runs/37834537108/job/113508084909	
test (integration-4)	pass	12m9s	https://github.com/Blackcat-Informatics/purrdf/actions/runs/37834537108/job/113508084509	
test (lib)	pass	14m37s	https://github.com/Blackcat-Informatics/purrdf/actions/runs/37834537108/job/113508084678	
wasm	pass	5m1s	https://github.com/Blackcat-Informatics/purrdf/actions/runs/37834537108/job/113508084708	
wasm-schema-oracles	pass	4m40s	https://github.com/Blackcat-Informatics/purrdf/actions/runs/37834537108/job/113508084832	
windows-mtime	pass	1m39s	https://github.com/Blackcat-Informatics/purrdf/actions/runs/37834537108/job/113508084922	
workspace	pass	14m56s	https://github.com/Blackcat-Informatics/purrdf/actions/runs/37834537108/job/113508084629	
Deploy to GitHub Pages	skipping	0	https://github.com/Blackcat-Informatics/purrdf/actions/runs/37834536825/job/113511972236	
simd-asm-projection	skipping	0	https://github.com/Blackcat-Informatics/purrdf/actions/runs/37834537108/job/113508086125	
Refreshing checks status every 30 seconds. Press Ctrl+C to quit.

Analyze (actions)	pass	49s	https://github.com/Blackcat-Informatics/purrdf/actions/runs/37834531943/job/113508072817	
Analyze (c-cpp)	pass	1m8s	https://github.com/Blackcat-Informatics/purrdf/actions/runs/37834531943/job/113508072687	
Analyze (javascript-typescript)	pass	57s	https://github.com/Blackcat-Informatics/purrdf/actions/runs/37834531943/job/113508072901	
Analyze (python)	pass	1m21s	https://github.com/Blackcat-Informatics/purrdf/actions/runs/37834531943/job/113508072871	
Analyze (rust)	pass	14m57s	https://github.com/Blackcat-Informatics/purrdf/actions/runs/37834531943/job/113508072414	
Build The PurRDF Book	pass	9m8s	https://github.com/Blackcat-Informatics/purrdf/actions/runs/37834536825/job/113508082688	
CodeQL	pass	7s	https://github.com/Blackcat-Informatics/purrdf/runs/113508420731	
CodeRabbit	pass	0		Review completed
aarch64	pass	12m9s	https://github.com/Blackcat-Informatics/purrdf/actions/runs/37834537108/job/113508084782	
avx512-sde	pass	4m14s	https://github.com/Blackcat-Informatics/purrdf/actions/runs/37834537108/job/113508084594	
capi	pass	16m23s	https://github.com/Blackcat-Informatics/purrdf/actions/runs/37834537108/job/113508084389	
conformance	pass	25s	https://github.com/Blackcat-Informatics/purrdf/actions/runs/37834537108/job/113512398691	
conformance (core)	pass	7m45s	https://github.com/Blackcat-Informatics/purrdf/actions/runs/37834537108/job/113508085120	
conformance (python)	pass	10m9s	https://github.com/Blackcat-Informatics/purrdf/actions/runs/37834537108/job/113508084936	
conformance (shapes)	pass	6m2s	https://github.com/Blackcat-Informatics/purrdf/actions/runs/37834537108/job/113508085005	
conformance (sparql)	pass	6m12s	https://github.com/Blackcat-Informatics/purrdf/actions/runs/37834537108/job/113508086127	
cross-arch	pass	16m8s	https://github.com/Blackcat-Informatics/purrdf/actions/runs/37834537108/job/113508084822	
cross-arch-riscv64 (determinism-more-workers)	pass	18m28s	https://github.com/Blackcat-Informatics/purrdf/actions/runs/37834537108/job/113508084800	
cross-arch-riscv64 (determinism-one-worker)	pass	12m0s	https://github.com/Blackcat-Informatics/purrdf/actions/runs/37834537108/job/113508084916	
cross-arch-riscv64 (determinism-serial)	pass	16m1s	https://github.com/Blackcat-Informatics/purrdf/actions/runs/37834537108/job/113508084814	
cross-arch-riscv64 (suites)	pass	13m27s	https://github.com/Blackcat-Informatics/purrdf/actions/runs/37834537108/job/113508084856	
doc	pass	1m21s	https://github.com/Blackcat-Informatics/purrdf/actions/runs/37834537108/job/113508084171	
miri	pass	9m23s	https://github.com/Blackcat-Informatics/purrdf/actions/runs/37834537108/job/113508084876	
msrv	pass	1m29s	https://github.com/Blackcat-Informatics/purrdf/actions/runs/37834537108/job/113508084734	
projection-oracles	pass	6m12s	https://github.com/Blackcat-Informatics/purrdf/actions/runs/37834537108/job/113508084428	
pytest	pass	20m56s	https://github.com/Blackcat-Informatics/purrdf/actions/runs/37834537108/job/113508084904	
python-publisher	pass	19s	https://github.com/Blackcat-Informatics/purrdf/actions/runs/37834537108/job/113508084858	
simd-asm	pass	25s	https://github.com/Blackcat-Informatics/purrdf/actions/runs/37834537108/job/113511411456	
simd-asm-config (aarch64)	pass	7m26s	https://github.com/Blackcat-Informatics/purrdf/actions/runs/37834537108/job/113508084745	
simd-asm-config (aarch64-neoverse-v1)	pass	7m44s	https://github.com/Blackcat-Informatics/purrdf/actions/runs/37834537108/job/113508084979	
simd-asm-config (wasm32)	pass	5m43s	https://github.com/Blackcat-Informatics/purrdf/actions/runs/37834537108/job/113508084828	
simd-asm-config (wasm32-simd128)	pass	6m29s	https://github.com/Blackcat-Informatics/purrdf/actions/runs/37834537108/job/113508085019	
simd-asm-config (x86_64)	pass	5m36s	https://github.com/Blackcat-Informatics/purrdf/actions/runs/37834537108/job/113508084888	
simd-asm-config (x86_64-v3)	pass	5m40s	https://github.com/Blackcat-Informatics/purrdf/actions/runs/37834537108/job/113508085024	
simd-asm-config (x86_64-v4)	pass	5m42s	https://github.com/Blackcat-Informatics/purrdf/actions/runs/37834537108/job/113508085043	
test	pass	4s	https://github.com/Blackcat-Informatics/purrdf/actions/runs/37834537108/job/113516857066	
test (doc)	pass	10m55s	https://github.com/Blackcat-Informatics/purrdf/actions/runs/37834537108/job/113508084743	
test (integration-1)	pass	15m11s	https://github.com/Blackcat-Informatics/purrdf/actions/runs/37834537108/job/113508084675	
test (integration-2)	pass	20m35s	https://github.com/Blackcat-Informatics/purrdf/actions/runs/37834537108/job/113508084585	
test (integration-3)	pass	10m13s	https://github.com/Blackcat-Informatics/purrdf/actions/runs/37834537108/job/113508084618	
wasm-exec	pass	3m22s	https://github.com/Blackcat-Informatics/purrdf/actions/runs/37834537108/job/113508084777	
wasm-package	pending	0	https://github.com/Blackcat-Informatics/purrdf/actions/runs/37834537108/job/113508084909	
test (integration-4)	pass	12m9s	https://github.com/Blackcat-Informatics/purrdf/actions/runs/37834537108/job/113508084509	
test (lib)	pass	14m37s	https://github.com/Blackcat-Informatics/purrdf/actions/runs/37834537108/job/113508084678	
wasm	pass	5m1s	https://github.com/Blackcat-Informatics/purrdf/actions/runs/37834537108/job/113508084708	
wasm-schema-oracles	pass	4m40s	https://github.com/Blackcat-Informatics/purrdf/actions/runs/37834537108/job/113508084832	
windows-mtime	pass	1m39s	https://github.com/Blackcat-Informatics/purrdf/actions/runs/37834537108/job/113508084922	
workspace	pass	14m56s	https://github.com/Blackcat-Informatics/purrdf/actions/runs/37834537108/job/113508084629	
Deploy to GitHub Pages	skipping	0	https://github.com/Blackcat-Informatics/purrdf/actions/runs/37834536825/job/113511972236	
simd-asm-projection	skipping	0	https://github.com/Blackcat-Informatics/purrdf/actions/runs/37834537108/job/113508086125	
Refreshing checks status every 30 seconds. Press Ctrl+C to quit.

Analyze (actions)	pass	49s	https://github.com/Blackcat-Informatics/purrdf/actions/runs/37834531943/job/113508072817	
Analyze (c-cpp)	pass	1m8s	https://github.com/Blackcat-Informatics/purrdf/actions/runs/37834531943/job/113508072687	
Analyze (javascript-typescript)	pass	57s	https://github.com/Blackcat-Informatics/purrdf/actions/runs/37834531943/job/113508072901	
Analyze (python)	pass	1m21s	https://github.com/Blackcat-Informatics/purrdf/actions/runs/37834531943/job/113508072871	
Analyze (rust)	pass	14m57s	https://github.com/Blackcat-Informatics/purrdf/actions/runs/37834531943/job/113508072414	
Build The PurRDF Book	pass	9m8s	https://github.com/Blackcat-Informatics/purrdf/actions/runs/37834536825/job/113508082688	
CodeQL	pass	7s	https://github.com/Blackcat-Informatics/purrdf/runs/113508420731	
CodeRabbit	pass	0		Review completed
aarch64	pass	12m9s	https://github.com/Blackcat-Informatics/purrdf/actions/runs/37834537108/job/113508084782	
avx512-sde	pass	4m14s	https://github.com/Blackcat-Informatics/purrdf/actions/runs/37834537108/job/113508084594	
capi	pass	16m23s	https://github.com/Blackcat-Informatics/purrdf/actions/runs/37834537108/job/113508084389	
conformance	pass	25s	https://github.com/Blackcat-Informatics/purrdf/actions/runs/37834537108/job/113512398691	
conformance (core)	pass	7m45s	https://github.com/Blackcat-Informatics/purrdf/actions/runs/37834537108/job/113508085120	
conformance (python)	pass	10m9s	https://github.com/Blackcat-Informatics/purrdf/actions/runs/37834537108/job/113508084936	
conformance (shapes)	pass	6m2s	https://github.com/Blackcat-Informatics/purrdf/actions/runs/37834537108/job/113508085005	
conformance (sparql)	pass	6m12s	https://github.com/Blackcat-Informatics/purrdf/actions/runs/37834537108/job/113508086127	
cross-arch	pass	16m8s	https://github.com/Blackcat-Informatics/purrdf/actions/runs/37834537108/job/113508084822	
cross-arch-riscv64 (determinism-more-workers)	pass	18m28s	https://github.com/Blackcat-Informatics/purrdf/actions/runs/37834537108/job/113508084800	
cross-arch-riscv64 (determinism-one-worker)	pass	12m0s	https://github.com/Blackcat-Informatics/purrdf/actions/runs/37834537108/job/113508084916	
cross-arch-riscv64 (determinism-serial)	pass	16m1s	https://github.com/Blackcat-Informatics/purrdf/actions/runs/37834537108/job/113508084814	
cross-arch-riscv64 (suites)	pass	13m27s	https://github.com/Blackcat-Informatics/purrdf/actions/runs/37834537108/job/113508084856	
doc	pass	1m21s	https://github.com/Blackcat-Informatics/purrdf/actions/runs/37834537108/job/113508084171	
miri	pass	9m23s	https://github.com/Blackcat-Informatics/purrdf/actions/runs/37834537108/job/113508084876	
msrv	pass	1m29s	https://github.com/Blackcat-Informatics/purrdf/actions/runs/37834537108/job/113508084734	
projection-oracles	pass	6m12s	https://github.com/Blackcat-Informatics/purrdf/actions/runs/37834537108/job/113508084428	
pytest	pass	20m56s	https://github.com/Blackcat-Informatics/purrdf/actions/runs/37834537108/job/113508084904	
python-publisher	pass	19s	https://github.com/Blackcat-Informatics/purrdf/actions/runs/37834537108/job/113508084858	
simd-asm	pass	25s	https://github.com/Blackcat-Informatics/purrdf/actions/runs/37834537108/job/113511411456	
simd-asm-config (aarch64)	pass	7m26s	https://github.com/Blackcat-Informatics/purrdf/actions/runs/37834537108/job/113508084745	
simd-asm-config (aarch64-neoverse-v1)	pass	7m44s	https://github.com/Blackcat-Informatics/purrdf/actions/runs/37834537108/job/113508084979	
simd-asm-config (wasm32)	pass	5m43s	https://github.com/Blackcat-Informatics/purrdf/actions/runs/37834537108/job/113508084828	
simd-asm-config (wasm32-simd128)	pass	6m29s	https://github.com/Blackcat-Informatics/purrdf/actions/runs/37834537108/job/113508085019	
simd-asm-config (x86_64)	pass	5m36s	https://github.com/Blackcat-Informatics/purrdf/actions/runs/37834537108/job/113508084888	
simd-asm-config (x86_64-v3)	pass	5m40s	https://github.com/Blackcat-Informatics/purrdf/actions/runs/37834537108/job/113508085024	
simd-asm-config (x86_64-v4)	pass	5m42s	https://github.com/Blackcat-Informatics/purrdf/actions/runs/37834537108/job/113508085043	
test	pass	4s	https://github.com/Blackcat-Informatics/purrdf/actions/runs/37834537108/job/113516857066	
test (doc)	pass	10m55s	https://github.com/Blackcat-Informatics/purrdf/actions/runs/37834537108/job/113508084743	
test (integration-1)	pass	15m11s	https://github.com/Blackcat-Informatics/purrdf/actions/runs/37834537108/job/113508084675	
test (integration-2)	pass	20m35s	https://github.com/Blackcat-Informatics/purrdf/actions/runs/37834537108/job/113508084585	
test (integration-3)	pass	10m13s	https://github.com/Blackcat-Informatics/purrdf/actions/runs/37834537108/job/113508084618	
wasm-exec	pass	3m22s	https://github.com/Blackcat-Informatics/purrdf/actions/runs/37834537108/job/113508084777	
wasm-package	pending	0	https://github.com/Blackcat-Informatics/purrdf/actions/runs/37834537108/job/113508084909	
test (integration-4)	pass	12m9s	https://github.com/Blackcat-Informatics/purrdf/actions/runs/37834537108/job/113508084509	
test (lib)	pass	14m37s	https://github.com/Blackcat-Informatics/purrdf/actions/runs/37834537108/job/113508084678	
wasm	pass	5m1s	https://github.com/Blackcat-Informatics/purrdf/actions/runs/37834537108/job/113508084708	
wasm-schema-oracles	pass	4m40s	https://github.com/Blackcat-Informatics/purrdf/actions/runs/37834537108/job/113508084832	
windows-mtime	pass	1m39s	https://github.com/Blackcat-Informatics/purrdf/actions/runs/37834537108/job/113508084922	
workspace	pass	14m56s	https://github.com/Blackcat-Informatics/purrdf/actions/runs/37834537108/job/113508084629	
Deploy to GitHub Pages	skipping	0	https://github.com/Blackcat-Informatics/purrdf/actions/runs/37834536825/job/113511972236	
simd-asm-projection	skipping	0	https://github.com/Blackcat-Informatics/purrdf/actions/runs/37834537108/job/113508086125	
Refreshing checks status every 30 seconds. Press Ctrl+C to quit.

Analyze (actions)	pass	49s	https://github.com/Blackcat-Informatics/purrdf/actions/runs/37834531943/job/113508072817	
Analyze (c-cpp)	pass	1m8s	https://github.com/Blackcat-Informatics/purrdf/actions/runs/37834531943/job/113508072687	
Analyze (javascript-typescript)	pass	57s	https://github.com/Blackcat-Informatics/purrdf/actions/runs/37834531943/job/113508072901	
Analyze (python)	pass	1m21s	https://github.com/Blackcat-Informatics/purrdf/actions/runs/37834531943/job/113508072871	
Analyze (rust)	pass	14m57s	https://github.com/Blackcat-Informatics/purrdf/actions/runs/37834531943/job/113508072414	
Build The PurRDF Book	pass	9m8s	https://github.com/Blackcat-Informatics/purrdf/actions/runs/37834536825/job/113508082688	
CodeQL	pass	7s	https://github.com/Blackcat-Informatics/purrdf/runs/113508420731	
CodeRabbit	pass	0		Review completed
aarch64	pass	12m9s	https://github.com/Blackcat-Informatics/purrdf/actions/runs/37834537108/job/113508084782	
avx512-sde	pass	4m14s	https://github.com/Blackcat-Informatics/purrdf/actions/runs/37834537108/job/113508084594	
capi	pass	16m23s	https://github.com/Blackcat-Informatics/purrdf/actions/runs/37834537108/job/113508084389	
conformance	pass	25s	https://github.com/Blackcat-Informatics/purrdf/actions/runs/37834537108/job/113512398691	
conformance (core)	pass	7m45s	https://github.com/Blackcat-Informatics/purrdf/actions/runs/37834537108/job/113508085120	
conformance (python)	pass	10m9s	https://github.com/Blackcat-Informatics/purrdf/actions/runs/37834537108/job/113508084936	
conformance (shapes)	pass	6m2s	https://github.com/Blackcat-Informatics/purrdf/actions/runs/37834537108/job/113508085005	
conformance (sparql)	pass	6m12s	https://github.com/Blackcat-Informatics/purrdf/actions/runs/37834537108/job/113508086127	
cross-arch	pass	16m8s	https://github.com/Blackcat-Informatics/purrdf/actions/runs/37834537108/job/113508084822	
cross-arch-riscv64 (determinism-more-workers)	pass	18m28s	https://github.com/Blackcat-Informatics/purrdf/actions/runs/37834537108/job/113508084800	
cross-arch-riscv64 (determinism-one-worker)	pass	12m0s	https://github.com/Blackcat-Informatics/purrdf/actions/runs/37834537108/job/113508084916	
cross-arch-riscv64 (determinism-serial)	pass	16m1s	https://github.com/Blackcat-Informatics/purrdf/actions/runs/37834537108/job/113508084814	
cross-arch-riscv64 (suites)	pass	13m27s	https://github.com/Blackcat-Informatics/purrdf/actions/runs/37834537108/job/113508084856	
doc	pass	1m21s	https://github.com/Blackcat-Informatics/purrdf/actions/runs/37834537108/job/113508084171	
miri	pass	9m23s	https://github.com/Blackcat-Informatics/purrdf/actions/runs/37834537108/job/113508084876	
msrv	pass	1m29s	https://github.com/Blackcat-Informatics/purrdf/actions/runs/37834537108/job/113508084734	
projection-oracles	pass	6m12s	https://github.com/Blackcat-Informatics/purrdf/actions/runs/37834537108/job/113508084428	
pytest	pass	20m56s	https://github.com/Blackcat-Informatics/purrdf/actions/runs/37834537108/job/113508084904	
python-publisher	pass	19s	https://github.com/Blackcat-Informatics/purrdf/actions/runs/37834537108/job/113508084858	
simd-asm	pass	25s	https://github.com/Blackcat-Informatics/purrdf/actions/runs/37834537108/job/113511411456	
simd-asm-config (aarch64)	pass	7m26s	https://github.com/Blackcat-Informatics/purrdf/actions/runs/37834537108/job/113508084745	
simd-asm-config (aarch64-neoverse-v1)	pass	7m44s	https://github.com/Blackcat-Informatics/purrdf/actions/runs/37834537108/job/113508084979	
simd-asm-config (wasm32)	pass	5m43s	https://github.com/Blackcat-Informatics/purrdf/actions/runs/37834537108/job/113508084828	
simd-asm-config (wasm32-simd128)	pass	6m29s	https://github.com/Blackcat-Informatics/purrdf/actions/runs/37834537108/job/113508085019	
simd-asm-config (x86_64)	pass	5m36s	https://github.com/Blackcat-Informatics/purrdf/actions/runs/37834537108/job/113508084888	
simd-asm-config (x86_64-v3)	pass	5m40s	https://github.com/Blackcat-Informatics/purrdf/actions/runs/37834537108/job/113508085024	
simd-asm-config (x86_64-v4)	pass	5m42s	https://github.com/Blackcat-Informatics/purrdf/actions/runs/37834537108/job/113508085043	
test	pass	4s	https://github.com/Blackcat-Informatics/purrdf/actions/runs/37834537108/job/113516857066	
test (doc)	pass	10m55s	https://github.com/Blackcat-Informatics/purrdf/actions/runs/37834537108/job/113508084743	
test (integration-1)	pass	15m11s	https://github.com/Blackcat-Informatics/purrdf/actions/runs/37834537108/job/113508084675	
test (integration-2)	pass	20m35s	https://github.com/Blackcat-Informatics/purrdf/actions/runs/37834537108/job/113508084585	
test (integration-3)	pass	10m13s	https://github.com/Blackcat-Informatics/purrdf/actions/runs/37834537108/job/113508084618	
wasm-exec	pass	3m22s	https://github.com/Blackcat-Informatics/purrdf/actions/runs/37834537108/job/113508084777	
wasm-package	pending	0	https://github.com/Blackcat-Informatics/purrdf/actions/runs/37834537108/job/113508084909	
test (integration-4)	pass	12m9s	https://github.com/Blackcat-Informatics/purrdf/actions/runs/37834537108/job/113508084509	
test (lib)	pass	14m37s	https://github.com/Blackcat-Informatics/purrdf/actions/runs/37834537108/job/113508084678	
wasm	pass	5m1s	https://github.com/Blackcat-Informatics/purrdf/actions/runs/37834537108/job/113508084708	
wasm-schema-oracles	pass	4m40s	https://github.com/Blackcat-Informatics/purrdf/actions/runs/37834537108/job/113508084832	
windows-mtime	pass	1m39s	https://github.com/Blackcat-Informatics/purrdf/actions/runs/37834537108/job/113508084922	
workspace	pass	14m56s	https://github.com/Blackcat-Informatics/purrdf/actions/runs/37834537108/job/113508084629	
Deploy to GitHub Pages	skipping	0	https://github.com/Blackcat-Informatics/purrdf/actions/runs/37834536825/job/113511972236	
simd-asm-projection	skipping	0	https://github.com/Blackcat-Informatics/purrdf/actions/runs/37834537108/job/113508086125	
Refreshing checks status every 30 seconds. Press Ctrl+C to quit.

Analyze (actions)	pass	49s	https://github.com/Blackcat-Informatics/purrdf/actions/runs/37834531943/job/113508072817	
Analyze (c-cpp)	pass	1m8s	https://github.com/Blackcat-Informatics/purrdf/actions/runs/37834531943/job/113508072687	
Analyze (javascript-typescript)	pass	57s	https://github.com/Blackcat-Informatics/purrdf/actions/runs/37834531943/job/113508072901	
Analyze (python)	pass	1m21s	https://github.com/Blackcat-Informatics/purrdf/actions/runs/37834531943/job/113508072871	
Analyze (rust)	pass	14m57s	https://github.com/Blackcat-Informatics/purrdf/actions/runs/37834531943/job/113508072414	
Build The PurRDF Book	pass	9m8s	https://github.com/Blackcat-Informatics/purrdf/actions/runs/37834536825/job/113508082688	
CodeQL	pass	7s	https://github.com/Blackcat-Informatics/purrdf/runs/113508420731	
CodeRabbit	pass	0		Review completed
aarch64	pass	12m9s	https://github.com/Blackcat-Informatics/purrdf/actions/runs/37834537108/job/113508084782	
avx512-sde	pass	4m14s	https://github.com/Blackcat-Informatics/purrdf/actions/runs/37834537108/job/113508084594	
capi	pass	16m23s	https://github.com/Blackcat-Informatics/purrdf/actions/runs/37834537108/job/113508084389	
conformance	pass	25s	https://github.com/Blackcat-Informatics/purrdf/actions/runs/37834537108/job/113512398691	
conformance (core)	pass	7m45s	https://github.com/Blackcat-Informatics/purrdf/actions/runs/37834537108/job/113508085120	
conformance (python)	pass	10m9s	https://github.com/Blackcat-Informatics/purrdf/actions/runs/37834537108/job/113508084936	
conformance (shapes)	pass	6m2s	https://github.com/Blackcat-Informatics/purrdf/actions/runs/37834537108/job/113508085005	
conformance (sparql)	pass	6m12s	https://github.com/Blackcat-Informatics/purrdf/actions/runs/37834537108/job/113508086127	
cross-arch	pass	16m8s	https://github.com/Blackcat-Informatics/purrdf/actions/runs/37834537108/job/113508084822	
cross-arch-riscv64 (determinism-more-workers)	pass	18m28s	https://github.com/Blackcat-Informatics/purrdf/actions/runs/37834537108/job/113508084800	
cross-arch-riscv64 (determinism-one-worker)	pass	12m0s	https://github.com/Blackcat-Informatics/purrdf/actions/runs/37834537108/job/113508084916	
cross-arch-riscv64 (determinism-serial)	pass	16m1s	https://github.com/Blackcat-Informatics/purrdf/actions/runs/37834537108/job/113508084814	
cross-arch-riscv64 (suites)	pass	13m27s	https://github.com/Blackcat-Informatics/purrdf/actions/runs/37834537108/job/113508084856	
doc	pass	1m21s	https://github.com/Blackcat-Informatics/purrdf/actions/runs/37834537108/job/113508084171	
miri	pass	9m23s	https://github.com/Blackcat-Informatics/purrdf/actions/runs/37834537108/job/113508084876	
msrv	pass	1m29s	https://github.com/Blackcat-Informatics/purrdf/actions/runs/37834537108/job/113508084734	
projection-oracles	pass	6m12s	https://github.com/Blackcat-Informatics/purrdf/actions/runs/37834537108/job/113508084428	
pytest	pass	20m56s	https://github.com/Blackcat-Informatics/purrdf/actions/runs/37834537108/job/113508084904	
python-publisher	pass	19s	https://github.com/Blackcat-Informatics/purrdf/actions/runs/37834537108/job/113508084858	
simd-asm	pass	25s	https://github.com/Blackcat-Informatics/purrdf/actions/runs/37834537108/job/113511411456	
simd-asm-config (aarch64)	pass	7m26s	https://github.com/Blackcat-Informatics/purrdf/actions/runs/37834537108/job/113508084745	
simd-asm-config (aarch64-neoverse-v1)	pass	7m44s	https://github.com/Blackcat-Informatics/purrdf/actions/runs/37834537108/job/113508084979	
simd-asm-config (wasm32)	pass	5m43s	https://github.com/Blackcat-Informatics/purrdf/actions/runs/37834537108/job/113508084828	
simd-asm-config (wasm32-simd128)	pass	6m29s	https://github.com/Blackcat-Informatics/purrdf/actions/runs/37834537108/job/113508085019	
simd-asm-config (x86_64)	pass	5m36s	https://github.com/Blackcat-Informatics/purrdf/actions/runs/37834537108/job/113508084888	
simd-asm-config (x86_64-v3)	pass	5m40s	https://github.com/Blackcat-Informatics/purrdf/actions/runs/37834537108/job/113508085024	
simd-asm-config (x86_64-v4)	pass	5m42s	https://github.com/Blackcat-Informatics/purrdf/actions/runs/37834537108/job/113508085043	
test	pass	4s	https://github.com/Blackcat-Informatics/purrdf/actions/runs/37834537108/job/113516857066	
test (doc)	pass	10m55s	https://github.com/Blackcat-Informatics/purrdf/actions/runs/37834537108/job/113508084743	
test (integration-1)	pass	15m11s	https://github.com/Blackcat-Informatics/purrdf/actions/runs/37834537108/job/113508084675	
test (integration-2)	pass	20m35s	https://github.com/Blackcat-Informatics/purrdf/actions/runs/37834537108/job/113508084585	
test (integration-3)	pass	10m13s	https://github.com/Blackcat-Informatics/purrdf/actions/runs/37834537108/job/113508084618	
wasm-exec	pass	3m22s	https://github.com/Blackcat-Informatics/purrdf/actions/runs/37834537108/job/113508084777	
wasm-package	pending	0	https://github.com/Blackcat-Informatics/purrdf/actions/runs/37834537108/job/113508084909	
test (integration-4)	pass	12m9s	https://github.com/Blackcat-Informatics/purrdf/actions/runs/37834537108/job/113508084509	
test (lib)	pass	14m37s	https://github.com/Blackcat-Informatics/purrdf/actions/runs/37834537108/job/113508084678	
wasm	pass	5m1s	https://github.com/Blackcat-Informatics/purrdf/actions/runs/37834537108/job/113508084708	
wasm-schema-oracles	pass	4m40s	https://github.com/Blackcat-Informatics/purrdf/actions/runs/37834537108/job/113508084832	
windows-mtime	pass	1m39s	https://github.com/Blackcat-Informatics/purrdf/actions/runs/37834537108/job/113508084922	
workspace	pass	14m56s	https://github.com/Blackcat-Informatics/purrdf/actions/runs/37834537108/job/113508084629	
Deploy to GitHub Pages	skipping	0	https://github.com/Blackcat-Informatics/purrdf/actions/runs/37834536825/job/113511972236	
simd-asm-projection	skipping	0	https://github.com/Blackcat-Informatics/purrdf/actions/runs/37834537108/job/113508086125	
Analyze (actions)	pass	49s	https://github.com/Blackcat-Informatics/purrdf/actions/runs/37834531943/job/113508072817	
Analyze (c-cpp)	pass	1m8s	https://github.com/Blackcat-Informatics/purrdf/actions/runs/37834531943/job/113508072687	
Analyze (javascript-typescript)	pass	57s	https://github.com/Blackcat-Informatics/purrdf/actions/runs/37834531943/job/113508072901	
Analyze (python)	pass	1m21s	https://github.com/Blackcat-Informatics/purrdf/actions/runs/37834531943/job/113508072871	
Analyze (rust)	pass	14m57s	https://github.com/Blackcat-Informatics/purrdf/actions/runs/37834531943/job/113508072414	
Build The PurRDF Book	pass	9m8s	https://github.com/Blackcat-Informatics/purrdf/actions/runs/37834536825/job/113508082688	
CodeQL	pass	7s	https://github.com/Blackcat-Informatics/purrdf/runs/113508420731	
CodeRabbit	pass	0		Review completed
aarch64	pass	12m9s	https://github.com/Blackcat-Informatics/purrdf/actions/runs/37834537108/job/113508084782	
avx512-sde	pass	4m14s	https://github.com/Blackcat-Informatics/purrdf/actions/runs/37834537108/job/113508084594	
capi	pass	16m23s	https://github.com/Blackcat-Informatics/purrdf/actions/runs/37834537108/job/113508084389	
conformance	pass	25s	https://github.com/Blackcat-Informatics/purrdf/actions/runs/37834537108/job/113512398691	
conformance (core)	pass	7m45s	https://github.com/Blackcat-Informatics/purrdf/actions/runs/37834537108/job/113508085120	
conformance (python)	pass	10m9s	https://github.com/Blackcat-Informatics/purrdf/actions/runs/37834537108/job/113508084936	
conformance (shapes)	pass	6m2s	https://github.com/Blackcat-Informatics/purrdf/actions/runs/37834537108/job/113508085005	
conformance (sparql)	pass	6m12s	https://github.com/Blackcat-Informatics/purrdf/actions/runs/37834537108/job/113508086127	
cross-arch	pass	16m8s	https://github.com/Blackcat-Informatics/purrdf/actions/runs/37834537108/job/113508084822	
cross-arch-riscv64 (determinism-more-workers)	pass	18m28s	https://github.com/Blackcat-Informatics/purrdf/actions/runs/37834537108/job/113508084800	
cross-arch-riscv64 (determinism-one-worker)	pass	12m0s	https://github.com/Blackcat-Informatics/purrdf/actions/runs/37834537108/job/113508084916	
cross-arch-riscv64 (determinism-serial)	pass	16m1s	https://github.com/Blackcat-Informatics/purrdf/actions/runs/37834537108/job/113508084814	
cross-arch-riscv64 (suites)	pass	13m27s	https://github.com/Blackcat-Informatics/purrdf/actions/runs/37834537108/job/113508084856	
doc	pass	1m21s	https://github.com/Blackcat-Informatics/purrdf/actions/runs/37834537108/job/113508084171	
miri	pass	9m23s	https://github.com/Blackcat-Informatics/purrdf/actions/runs/37834537108/job/113508084876	
msrv	pass	1m29s	https://github.com/Blackcat-Informatics/purrdf/actions/runs/37834537108/job/113508084734	
projection-oracles	pass	6m12s	https://github.com/Blackcat-Informatics/purrdf/actions/runs/37834537108/job/113508084428	
pytest	pass	20m56s	https://github.com/Blackcat-Informatics/purrdf/actions/runs/37834537108/job/113508084904	
python-publisher	pass	19s	https://github.com/Blackcat-Informatics/purrdf/actions/runs/37834537108/job/113508084858	
simd-asm	pass	25s	https://github.com/Blackcat-Informatics/purrdf/actions/runs/37834537108/job/113511411456	
simd-asm-config (aarch64)	pass	7m26s	https://github.com/Blackcat-Informatics/purrdf/actions/runs/37834537108/job/113508084745	
simd-asm-config (aarch64-neoverse-v1)	pass	7m44s	https://github.com/Blackcat-Informatics/purrdf/actions/runs/37834537108/job/113508084979	
simd-asm-config (wasm32)	pass	5m43s	https://github.com/Blackcat-Informatics/purrdf/actions/runs/37834537108/job/113508084828	
simd-asm-config (wasm32-simd128)	pass	6m29s	https://github.com/Blackcat-Informatics/purrdf/actions/runs/37834537108/job/113508085019	
simd-asm-config (x86_64)	pass	5m36s	https://github.com/Blackcat-Informatics/purrdf/actions/runs/37834537108/job/113508084888	
simd-asm-config (x86_64-v3)	pass	5m40s	https://github.com/Blackcat-Informatics/purrdf/actions/runs/37834537108/job/113508085024	
simd-asm-config (x86_64-v4)	pass	5m42s	https://github.com/Blackcat-Informatics/purrdf/actions/runs/37834537108/job/113508085043	
test	pass	4s	https://github.com/Blackcat-Informatics/purrdf/actions/runs/37834537108/job/113516857066	
test (doc)	pass	10m55s	https://github.com/Blackcat-Informatics/purrdf/actions/runs/37834537108/job/113508084743	
test (integration-1)	pass	15m11s	https://github.com/Blackcat-Informatics/purrdf/actions/runs/37834537108/job/113508084675	
test (integration-2)	pass	20m35s	https://github.com/Blackcat-Informatics/purrdf/actions/runs/37834537108/job/113508084585	
test (integration-3)	pass	10m13s	https://github.com/Blackcat-Informatics/purrdf/actions/runs/37834537108/job/113508084618	
test (integration-4)	pass	12m9s	https://github.com/Blackcat-Informatics/purrdf/actions/runs/37834537108/job/113508084509	
test (lib)	pass	14m37s	https://github.com/Blackcat-Informatics/purrdf/actions/runs/37834537108/job/113508084678	
wasm	pass	5m1s	https://github.com/Blackcat-Informatics/purrdf/actions/runs/37834537108/job/113508084708	
wasm-exec	pass	3m22s	https://github.com/Blackcat-Informatics/purrdf/actions/runs/37834537108/job/113508084777	
wasm-package	pass	24m19s	https://github.com/Blackcat-Informatics/purrdf/actions/runs/37834537108/job/113508084909	
wasm-schema-oracles	pass	4m40s	https://github.com/Blackcat-Informatics/purrdf/actions/runs/37834537108/job/113508084832	
windows-mtime	pass	1m39s	https://github.com/Blackcat-Informatics/purrdf/actions/runs/37834537108/job/113508084922	
workspace	pass	14m56s	https://github.com/Blackcat-Informatics/purrdf/actions/runs/37834537108/job/113508084629	
Deploy to GitHub Pages	skipping	0	https://github.com/Blackcat-Informatics/purrdf/actions/runs/37834536825/job/113511972236	
simd-asm-projection	skipping	0	https://github.com/Blackcat-Informatics/purrdf/actions/runs/37834537108/job/113508086125	
Analyze (actions)	pass	49s	https://github.com/Blackcat-Informatics/purrdf/actions/runs/37834531943/job/113508072817	
Analyze (c-cpp)	pass	1m8s	https://github.com/Blackcat-Informatics/purrdf/actions/runs/37834531943/job/113508072687	
Analyze (javascript-typescript)	pass	57s	https://github.com/Blackcat-Informatics/purrdf/actions/runs/37834531943/job/113508072901	
Analyze (python)	pass	1m21s	https://github.com/Blackcat-Informatics/purrdf/actions/runs/37834531943/job/113508072871	
Analyze (rust)	pass	14m57s	https://github.com/Blackcat-Informatics/purrdf/actions/runs/37834531943/job/113508072414	
Build The PurRDF Book	pass	9m8s	https://github.com/Blackcat-Informatics/purrdf/actions/runs/37834536825/job/113508082688	
CodeQL	pass	7s	https://github.com/Blackcat-Informatics/purrdf/runs/113508420731	
CodeRabbit	pass	0		Review completed
aarch64	pass	12m9s	https://github.com/Blackcat-Informatics/purrdf/actions/runs/37834537108/job/113508084782	
avx512-sde	pass	4m14s	https://github.com/Blackcat-Informatics/purrdf/actions/runs/37834537108/job/113508084594	
capi	pass	16m23s	https://github.com/Blackcat-Informatics/purrdf/actions/runs/37834537108/job/113508084389	
conformance	pass	25s	https://github.com/Blackcat-Informatics/purrdf/actions/runs/37834537108/job/113512398691	
conformance (core)	pass	7m45s	https://github.com/Blackcat-Informatics/purrdf/actions/runs/37834537108/job/113508085120	
conformance (python)	pass	10m9s	https://github.com/Blackcat-Informatics/purrdf/actions/runs/37834537108/job/113508084936	
conformance (shapes)	pass	6m2s	https://github.com/Blackcat-Informatics/purrdf/actions/runs/37834537108/job/113508085005	
conformance (sparql)	pass	6m12s	https://github.com/Blackcat-Informatics/purrdf/actions/runs/37834537108/job/113508086127	
cross-arch	pass	16m8s	https://github.com/Blackcat-Informatics/purrdf/actions/runs/37834537108/job/113508084822	
cross-arch-riscv64 (determinism-more-workers)	pass	18m28s	https://github.com/Blackcat-Informatics/purrdf/actions/runs/37834537108/job/113508084800	
cross-arch-riscv64 (determinism-one-worker)	pass	12m0s	https://github.com/Blackcat-Informatics/purrdf/actions/runs/37834537108/job/113508084916	
cross-arch-riscv64 (determinism-serial)	pass	16m1s	https://github.com/Blackcat-Informatics/purrdf/actions/runs/37834537108/job/113508084814	
cross-arch-riscv64 (suites)	pass	13m27s	https://github.com/Blackcat-Informatics/purrdf/actions/runs/37834537108/job/113508084856	
doc	pass	1m21s	https://github.com/Blackcat-Informatics/purrdf/actions/runs/37834537108/job/113508084171	
miri	pass	9m23s	https://github.com/Blackcat-Informatics/purrdf/actions/runs/37834537108/job/113508084876	
msrv	pass	1m29s	https://github.com/Blackcat-Informatics/purrdf/actions/runs/37834537108/job/113508084734	
projection-oracles	pass	6m12s	https://github.com/Blackcat-Informatics/purrdf/actions/runs/37834537108/job/113508084428	
pytest	pass	20m56s	https://github.com/Blackcat-Informatics/purrdf/actions/runs/37834537108/job/113508084904	
python-publisher	pass	19s	https://github.com/Blackcat-Informatics/purrdf/actions/runs/37834537108/job/113508084858	
simd-asm	pass	25s	https://github.com/Blackcat-Informatics/purrdf/actions/runs/37834537108/job/113511411456	
simd-asm-config (aarch64)	pass	7m26s	https://github.com/Blackcat-Informatics/purrdf/actions/runs/37834537108/job/113508084745	
simd-asm-config (aarch64-neoverse-v1)	pass	7m44s	https://github.com/Blackcat-Informatics/purrdf/actions/runs/37834537108/job/113508084979	
simd-asm-config (wasm32)	pass	5m43s	https://github.com/Blackcat-Informatics/purrdf/actions/runs/37834537108/job/113508084828	
simd-asm-config (wasm32-simd128)	pass	6m29s	https://github.com/Blackcat-Informatics/purrdf/actions/runs/37834537108/job/113508085019	
simd-asm-config (x86_64)	pass	5m36s	https://github.com/Blackcat-Informatics/purrdf/actions/runs/37834537108/job/113508084888	
simd-asm-config (x86_64-v3)	pass	5m40s	https://github.com/Blackcat-Informatics/purrdf/actions/runs/37834537108/job/113508085024	
simd-asm-config (x86_64-v4)	pass	5m42s	https://github.com/Blackcat-Informatics/purrdf/actions/runs/37834537108/job/113508085043	
test	pass	4s	https://github.com/Blackcat-Informatics/purrdf/actions/runs/37834537108/job/113516857066	
test (doc)	pass	10m55s	https://github.com/Blackcat-Informatics/purrdf/actions/runs/37834537108/job/113508084743	
test (integration-1)	pass	15m11s	https://github.com/Blackcat-Informatics/purrdf/actions/runs/37834537108/job/113508084675	
test (integration-2)	pass	20m35s	https://github.com/Blackcat-Informatics/purrdf/actions/runs/37834537108/job/113508084585	
test (integration-3)	pass	10m13s	https://github.com/Blackcat-Informatics/purrdf/actions/runs/37834537108/job/113508084618	
test (integration-4)	pass	12m9s	https://github.com/Blackcat-Informatics/purrdf/actions/runs/37834537108/job/113508084509	
test (lib)	pass	14m37s	https://github.com/Blackcat-Informatics/purrdf/actions/runs/37834537108/job/113508084678	
wasm	pass	5m1s	https://github.com/Blackcat-Informatics/purrdf/actions/runs/37834537108/job/113508084708	
wasm-exec	pass	3m22s	https://github.com/Blackcat-Informatics/purrdf/actions/runs/37834537108/job/113508084777	
wasm-package	pass	24m19s	https://github.com/Blackcat-Informatics/purrdf/actions/runs/37834537108/job/113508084909	
wasm-schema-oracles	pass	4m40s	https://github.com/Blackcat-Informatics/purrdf/actions/runs/37834537108/job/113508084832	
windows-mtime	pass	1m39s	https://github.com/Blackcat-Informatics/purrdf/actions/runs/37834537108/job/113508084922	
workspace	pass	14m56s	https://github.com/Blackcat-Informatics/purrdf/actions/runs/37834537108/job/113508084629	
Deploy to GitHub Pages	skipping	0	https://github.com/Blackcat-Informatics/purrdf/actions/runs/37834536825/job/113511972236	
simd-asm-projection	skipping	0	https://github.com/Blackcat-Informatics/purrdf/actions/runs/37834537108/job/113508086125	
