+ rustc -Vv
rustc 1.100.0-nightly (4b6d04e70 2026-09-13)
binary: rustc
commit-hash: 4b6d04e706108ccfeafe2547fbe857dfe8972bad
commit-date: 2026-09-13
host: x86_64-unknown-linux-gnu
release: 1.100.0-nightly
LLVM version: 23.1.1
+ cargo fmt --all
+ cargo fmt --all -- --check
+ cargo clippy --locked -p purrdf-xsd -p purrdf-entail -p purrdf-validate -p purrdf-sparql-eval -p purrdf-capi --all-targets -- -D warnings
    Checking purrdf-core v3.0.1 (/home/paudley/Active/purrdf/.worktrees/499-entailment-prepare-schema-invariant/crates/rdf-core)
    Checking purrdf-sparql-results v3.0.1 (/home/paudley/Active/purrdf/.worktrees/499-entailment-prepare-schema-invariant/crates/sparql-results)
    Checking purrdf-datalog v3.0.1 (/home/paudley/Active/purrdf/.worktrees/499-entailment-prepare-schema-invariant/crates/datalog)
    Checking purrdf-shex v3.0.1 (/home/paudley/Active/purrdf/.worktrees/499-entailment-prepare-schema-invariant/crates/shex)
    Checking purrdf-columnar v3.0.1 (/home/paudley/Active/purrdf/.worktrees/499-entailment-prepare-schema-invariant/crates/columnar)
    Checking purrdf-sparql-eval v3.0.1 (/home/paudley/Active/purrdf/.worktrees/499-entailment-prepare-schema-invariant/crates/sparql-eval)
    Checking purrdf-entail v3.0.1 (/home/paudley/Active/purrdf/.worktrees/499-entailment-prepare-schema-invariant/crates/entail)
    Checking purrdf-mime v3.0.1 (/home/paudley/Active/purrdf/.worktrees/499-entailment-prepare-schema-invariant/crates/mime)
    Checking purrdf-markdown v3.0.1 (/home/paudley/Active/purrdf/.worktrees/499-entailment-prepare-schema-invariant/crates/markdown)
    Checking purrdf-json v3.0.1 (/home/paudley/Active/purrdf/.worktrees/499-entailment-prepare-schema-invariant/crates/json)
    Checking purrdf-rdf v3.0.1 (/home/paudley/Active/purrdf/.worktrees/499-entailment-prepare-schema-invariant/crates/rdf)
    Checking purrdf-text v3.0.1 (/home/paudley/Active/purrdf/.worktrees/499-entailment-prepare-schema-invariant/crates/text)
    Checking purrdf-hnsw v3.0.1 (/home/paudley/Active/purrdf/.worktrees/499-entailment-prepare-schema-invariant/crates/hnsw)
    Checking purrdf-geo v3.0.1 (/home/paudley/Active/purrdf/.worktrees/499-entailment-prepare-schema-invariant/crates/geo)
    Checking purrdf-retrieval v3.0.1 (/home/paudley/Active/purrdf/.worktrees/499-entailment-prepare-schema-invariant/crates/retrieval)
    Checking purrdf-slice v3.0.1 (/home/paudley/Active/purrdf/.worktrees/499-entailment-prepare-schema-invariant/crates/slice)
    Checking purrdf-shapes v3.0.1 (/home/paudley/Active/purrdf/.worktrees/499-entailment-prepare-schema-invariant/crates/shapes)
    Checking purrdf-validate v3.0.1 (/home/paudley/Active/purrdf/.worktrees/499-entailment-prepare-schema-invariant/crates/validate)
    Checking purrdf v3.0.1 (/home/paudley/Active/purrdf/.worktrees/499-entailment-prepare-schema-invariant/crates/purrdf)
    Checking purrdf-capi v3.0.1 (/home/paudley/Active/purrdf/.worktrees/499-entailment-prepare-schema-invariant/crates/rdf-capi)
    Finished `dev` profile [optimized + debuginfo] target(s) in 1m 42s
+ cargo test --locked --no-fail-fast -p purrdf-xsd -p purrdf-entail -p purrdf-validate --lib --tests
   Compiling purrdf-hash v3.0.1 (/home/paudley/Active/purrdf/.worktrees/499-entailment-prepare-schema-invariant/crates/hash)
   Compiling purrdf-lex v3.0.1 (/home/paudley/Active/purrdf/.worktrees/499-entailment-prepare-schema-invariant/crates/lex)
   Compiling purrdf-testkit v3.0.1 (/home/paudley/Active/purrdf/.worktrees/499-entailment-prepare-schema-invariant/crates/testkit)
   Compiling purrdf-deflate v3.0.1 (/home/paudley/Active/purrdf/.worktrees/499-entailment-prepare-schema-invariant/crates/deflate)
   Compiling purrdf-ed25519 v3.0.1 (/home/paudley/Active/purrdf/.worktrees/499-entailment-prepare-schema-invariant/crates/ed25519)
   Compiling purrdf-xsd v3.0.1 (/home/paudley/Active/purrdf/.worktrees/499-entailment-prepare-schema-invariant/crates/xsd)
   Compiling purrdf-iri v3.0.1 (/home/paudley/Active/purrdf/.worktrees/499-entailment-prepare-schema-invariant/crates/iri)
   Compiling purrdf-cdt v3.0.1 (/home/paudley/Active/purrdf/.worktrees/499-entailment-prepare-schema-invariant/crates/cdt)
   Compiling purrdf-gts v3.0.1 (/home/paudley/Active/purrdf/.worktrees/499-entailment-prepare-schema-invariant/crates/gts)
   Compiling purrdf-core v3.0.1 (/home/paudley/Active/purrdf/.worktrees/499-entailment-prepare-schema-invariant/crates/rdf-core)
   Compiling purrdf-sparql-algebra v3.0.1 (/home/paudley/Active/purrdf/.worktrees/499-entailment-prepare-schema-invariant/crates/sparql-algebra)
   Compiling purrdf-datalog v3.0.1 (/home/paudley/Active/purrdf/.worktrees/499-entailment-prepare-schema-invariant/crates/datalog)
   Compiling purrdf-sparql-results v3.0.1 (/home/paudley/Active/purrdf/.worktrees/499-entailment-prepare-schema-invariant/crates/sparql-results)
   Compiling purrdf-sparql-eval v3.0.1 (/home/paudley/Active/purrdf/.worktrees/499-entailment-prepare-schema-invariant/crates/sparql-eval)
   Compiling purrdf-entail v3.0.1 (/home/paudley/Active/purrdf/.worktrees/499-entailment-prepare-schema-invariant/crates/entail)
   Compiling purrdf-rdf v3.0.1 (/home/paudley/Active/purrdf/.worktrees/499-entailment-prepare-schema-invariant/crates/rdf)
   Compiling purrdf-slice v3.0.1 (/home/paudley/Active/purrdf/.worktrees/499-entailment-prepare-schema-invariant/crates/slice)
   Compiling purrdf-shapes v3.0.1 (/home/paudley/Active/purrdf/.worktrees/499-entailment-prepare-schema-invariant/crates/shapes)
   Compiling purrdf-validate v3.0.1 (/home/paudley/Active/purrdf/.worktrees/499-entailment-prepare-schema-invariant/crates/validate)
    Finished `test` profile [optimized] target(s) in 5m 20s
     Running unittests src/lib.rs (/opt/purrdf-schema-499-qualification/build/debug/build/purrdf-entail/3da08415a3b5efb2/out/purrdf_entail-3da08415a3b5efb2)

running 711 tests
test axioms::tests::every_axiom_term_is_rdf_or_rdfs_vocabulary ... ok
test axioms::tests::no_container_membership_property_is_transcribed ... ok
test axioms::tests::only_the_rdfs_lane_asserts_axioms ... ok
test axioms::tests::the_axiom_tables_are_duplicate_free_and_disjoint ... ok
test axioms::tests::the_rdf_axioms_license_nothing_the_rdf_lane_does_not_already_draw ... ok
test axioms::tests::the_rdfs_table_has_the_specified_shape ... ok
test calculus::tests::clash_markers_are_distinct_and_internal ... ok
test calculus::tests::indices_are_dense_and_unique ... ok
test calculus::tests::lane_membership_is_pinned ... ok
test calculus::tests::no_lane_both_states_an_existential_and_a_constraint ... ok
test calculus::tests::different_rule_sets_have_different_identities ... ok
test calculus::tests::the_constraint_marker_matches_the_clauses ... ok
test calculus::tests::the_attribution_indexes_the_published_program ... ok
test calculus::tests::the_extensions_are_in_no_specification_table ... ok
test calculus::tests::the_fired_rule_ids_are_exactly_the_inventory ... ok
test calculus::tests::the_contract_hash_is_datalogs_over_the_declared_program ... ok
test calculus::tests::the_owl_rl_extras_have_no_owl_rule_id ... ok
test calculus::tests::the_lowering_preserves_the_declared_body ... ok
test calculus::tests::the_rdfs_family_is_concatenated_first ... ok
test calculus::tests::the_contract_hashes_are_pinned ... ok
test combined::tests::a_builtin_class_in_a_subclass_axiom_disqualifies ... ok
test combined::tests::a_builtin_role_in_a_restriction_disqualifies ... ok
test combined::tests::a_quad_outside_the_default_graph_disqualifies ... ok
test combined::tests::a_cyclic_existential_schema_is_not_applicable ... ok
test combined::tests::a_some_values_from_axiom_lowers_to_one_existential_clause ... ok
test combined::tests::an_equivalent_class_axiom_is_outside_the_fragment ... ok
test combined::tests::a_sub_property_axiom_disqualifies_the_ontology ... ok
test calculus::tests::every_declared_program_is_admissible_to_the_engine_that_runs_it ... ok
test combined::tests::an_unknown_reserved_term_disqualifies ... ok
test combined::tests::ordinary_data_and_annotations_stay_in_the_fragment ... ok
test combined::tests::every_formerly_missed_construct_class_disqualifies ... ok
test datatypes::tests::an_ill_typed_literal_is_named_and_not_valued ... ok
test combined::tests::an_ontology_with_no_existential_axiom_succeeds_with_no_witnesses ... ok
test calculus::tests::the_program_is_deterministic_and_pinned ... ok
test datatypes::tests::an_integer_is_found_in_the_integer_tower ... ok
test datatypes::tests::an_unmodelled_datatype_is_not_judged ... ok
test datatypes::tests::two_spellings_of_one_value_are_equal ... ok
test combined::tests::the_combined_materialization_carries_a_witness_related_to_the_named_individual ... ok
test datatypes::tests::equality_with_a_double_is_exact_at_any_size ... ok
test engine::tests::a_clause_constant_and_a_dataset_iri_share_one_surface ... ok
test engine::tests::a_cyclic_collection_refuses_the_run_rather_than_hanging ... ok
test engine::term_walk_tests::the_bridge_and_the_surface_agree_with_their_recursive_references ... ok
test engine::tests::a_blank_node_graph_name_survives_the_closure ... ok
test engine::tests::distinct_terms_render_to_distinct_surfaces ... ok
test engine::tests::every_clause_literal_is_declared_or_internal ... ok
test engine::tests::a_malformed_collection_refuses_the_run ... ok
test engine::tests::a_warm_plan_and_a_cold_one_close_a_graph_identically ... ok
test engine::tests::no_internal_id_reaches_a_serialized_closure ... ok
test engine::tests::no_term_of_the_closure_is_internal ... ok
test engine::tests::the_default_graph_is_the_empty_surface_on_both_sides ... ok
test engine::tests::the_positional_guards_match_rdf_12 ... ok
test engine::tests::the_declared_programs_read_and_write_the_default_graph_only ... ok
test entails::comprehension::tests::a_cardinality_must_be_a_non_negative_integer ... ok
test entails::comprehension::tests::a_conclusion_naming_the_dl_fresh_prefix_does_not_alias ... ok
test entails::comprehension::tests::a_comprehension_warrant_does_not_replay ... ok
test engine::tests::one_call_compiles_the_calculus_once_however_many_graphs_it_holds ... ok
test entails::comprehension::tests::a_conclusion_naming_this_modules_prefix_does_not_alias ... ok
test entails::comprehension::tests::an_anonymous_restriction_is_comprehended ... ok
test entails::comprehension::tests::an_ordinary_conclusion_is_not_applicable ... ok
test entails::comprehension::tests::an_anonymous_union_is_comprehended_and_the_warrant_verifies ... ok
test entails::comprehension::tests::every_unrecognized_shape_disqualifies ... ok
test entails::comprehension::tests::an_operand_that_is_not_a_class_is_not_comprehended ... ok
test entails::comprehension::tests::materialization_still_does_not_produce_these_conclusions ... ok
test entails::comprehension::tests::the_comprehension_lane_adds_no_rule ... ok
test entails::comprehension::tests::every_conjunct_decides_membership_in_a_comprehended_intersection ... ok
test entails::comprehension::tests::one_disjunct_decides_membership_in_a_comprehended_union ... ok
test entails::comprehension::tests::two_scaffold_nodes_sharing_one_witness_do_not_replay ... ok
test entails::comprehension::tests::the_comprehension_lane_is_deterministic ... ok
test entails::datarange::tests::a_data_range_warrant_does_not_replay ... ok
test entails::datarange::tests::a_declared_range_widens_to_a_containing_datatype ... ok
test entails::datarange::tests::a_disjoint_range_is_not_established ... ok
test entails::datarange::tests::a_pattern_facet_is_undecided_rather_than_refuted ... ok
test entails::datarange::tests::an_undeclared_property_gets_no_range ... ok
test entails::datarange::tests::a_narrowing_is_undecided_rather_than_refuted ... ok
test entails::datarange::tests::an_unreadable_target_range_is_not_this_modules_question ... ok
test entails::datarange::tests::materialization_still_does_not_produce_these_conclusions ... ok
test engine::term_walk_tests::a_hundred_thousand_level_term_is_spelled_on_a_128_kib_thread ... ok
test entails::datarange::tests::the_data_range_lane_adds_no_rule ... ok
test entails::datarange::tests::only_the_owl_rl_lane_decides_containment ... ok
test entails::freeze::tests::a_blank_named_position_is_declined_rather_than_dropped ... ok
test entails::datarange::tests::the_data_range_lane_is_deterministic ... ok
test entails::freeze::tests::a_conclusion_past_the_budget_is_undecided ... ok
test entails::freeze::tests::a_declined_shape_survives_an_axiom_established_in_the_same_reading ... ok
test entails::freeze::tests::a_list_valued_predicate_is_refused ... ok
test entails::datarange::tests::declared_ranges_intersect_before_they_are_contained ... ok
test entails::freeze::tests::a_read_axiom_carries_the_shape_that_recognized_it ... ok
test entails::freeze::tests::a_freeze_warrant_does_not_replay ... ok
test entails::freeze::tests::a_property_chain_entails_transitivity_and_the_warrant_verifies ... ok
test entails::freeze::tests::an_ordinary_conclusion_is_not_applicable ... ok
test entails::freeze::tests::a_subclass_inclusion_is_established_by_freezing_an_instance ... ok
test entails::freeze::tests::an_empty_property_is_symmetric_vacuously ... ok
test entails::freeze::tests::an_untyped_term_fails_the_membership_half ... ok
test entails::datarange::tests::tagged_and_datetime_stamp_declared_ranges_use_the_public_containment_lane ... ok
test entails::freeze::tests::the_freeze_lane_adds_no_rule ... ok
test entails::freeze::tests::an_unconstrained_property_is_undecided_rather_than_refuted ... ok
test entails::freeze::tests::materialization_still_does_not_produce_these_conclusions ... ok
test entails::freeze::tests::the_shape_table_is_well_formed ... ok
test entails::fresh::term_walk_tests::the_survey_agrees_with_its_recursive_reference_on_generated_terms ... ok
test entails::fresh::tests::a_colliding_input_lengthens_the_prefix ... ok
test entails::fresh::tests::a_colliding_label_in_a_reifier_position_lengthens_the_prefix ... ok
test entails::fresh::tests::a_collision_in_another_scope_still_counts ... ok
test entails::fresh::tests::a_label_in_a_side_table_or_a_graph_declaration_is_collected ... ok
test entails::fresh::tests::every_observed_dataset_is_avoided ... ok
test entails::fresh::tests::minted_nodes_are_distinct_and_absent_from_the_input ... ok
test entails::fresh::tests::the_recheck_looks_inside_a_triple_term ... ok
test entails::freeze::tests::the_frozen_constants_occur_in_neither_document ... ok
test entails::graph::term_walk_tests::the_rendering_agrees_with_its_recursive_reference_on_generated_terms ... ok
test entails::graph::tests::a_distinguishing_datatype_is_rendered ... ok
test entails::graph::tests::a_triple_term_renders_its_object_by_the_same_rule ... ok
test entails::graph::tests::an_implicit_datatype_is_dropped ... ok
test entails::graph::tests::direction_is_rendered_and_its_datatype_is_not ... ok
test entails::freeze::tests::only_the_owl_rl_lane_freezes ... ok
test entails::homomorphism::term_walk_tests::unification_and_substitution_agree_with_their_recursive_references ... ok
test entails::freeze::tests::the_freeze_lane_is_deterministic ... ok
test entails::homomorphism::tests::a_miss_names_the_orphan_or_the_joint_failure ... ok
test entails::homomorphism::tests::a_projected_variable_enumerates_its_bindings ... ok
test entails::homomorphism::tests::a_repeated_blank_must_map_consistently ... ok
test entails::homomorphism::tests::a_variable_predicate_scans_every_bucket ... ok
test entails::homomorphism::tests::an_absent_predicate_short_circuits ... ok
test entails::graph::term_walk_tests::a_hundred_thousand_level_term_renders_on_a_128_kib_thread ... ok
test entails::homomorphism::tests::blank_nodes_are_existentials ... ok
test entails::homomorphism::tests::ground_target_must_be_present ... ok
test entails::homomorphism::tests::literals_compare_on_datatype_too ... ok
test entails::homomorphism::tests::matching_backtracks_over_a_bad_first_choice ... ok
test entails::homomorphism::tests::the_closure_holds_exactly_what_it_was_given ... ok
test entails::imports::tests::a_blank_header_and_a_versioning_node_import_and_their_neighbours_do_not ... ok
test entails::imports::tests::a_data_graph_only_node_imports_nothing_in_entailment ... ok
test entails::imports::tests::a_non_anchor_owl_imports_is_a_premise_triple_and_a_header_one_is_an_import ... ok
test entails::imports::tests::a_premise_blank_node_that_occurs_only_as_a_reifier_is_not_overwritten ... ok
test entails::imports::tests::a_premise_that_imports_nothing_is_not_copied ... ok
test entails::imports::tests::a_resolved_import_is_a_different_boundary_from_an_unresolved_one ... ok
test entails::imports::tests::a_shapes_graph_node_imports_in_entailment_as_in_validation ... ok
test entails::imports::tests::absent_import_is_unresolved ... ok
test entails::imports::tests::an_import_on_the_loaded_iri_counts_and_without_it_the_triple_is_data ... ok
test entails::imports::tests::an_import_present_in_the_premise_needs_no_map_and_reports_resolved ... ok
test entails::imports::tests::an_imported_document_is_itself_checked_for_imports ... ok
test entails::imports::tests::an_unreached_entry_is_refused_and_an_anchored_import_of_it_merges ... ok
test entails::imports::tests::an_unresolvable_import_names_the_document ... ok
test entails::imports::tests::import_present_in_graph_is_resolved ... ok
test entails::imports::tests::materialize_raises_the_import_boundary_for_a_header_import_only ... ok
test entails::homomorphism::term_walk_tests::a_hundred_thousand_level_pattern_unifies_on_a_128_kib_thread ... ok
test entails::imports::tests::merged_documents_are_standardized_apart_and_the_premise_is_not_moved ... ok
test entails::imports::tests::self_import_is_resolved ... ok
test entails::imports::tests::the_import_closure_is_transitive_and_cycle_safe ... ok
test entails::imports::tests::the_map_resolves_a_rif_import_the_same_way ... ok
test entails::imports::tests::the_resolution_rule_is_transitive_over_the_import_closure ... ok
test entails::imports::tests::two_versions_of_one_series_are_refused_and_one_version_merges ... ok
test entails::imports::tests::version_iri_resolves ... ok
test entails::membership::tests::a_bare_property_typing_does_not_establish_an_object_property ... ok
test entails::membership::tests::a_doubly_typed_term_cites_the_first_accepted_typing ... ok
test entails::membership::tests::an_untyped_or_wrongly_typed_term_establishes_nothing ... ok
test entails::membership::tests::each_accepted_typing_establishes_its_set ... ok
test entails::negation::tests::a_complement_typing_consumes_its_scaffold_and_leaves_the_rest ... ok
test entails::negation::tests::a_cyclic_member_list_refuses ... ok
test entails::negation::tests::a_different_from_lowers_to_one_pair ... ok
test entails::negation::tests::a_member_list_whose_cells_are_typed_rdf_list_lowers ... ok
test entails::negation::tests::an_all_different_collection_lowers_to_every_pair ... ok
test entails::negation::tests::an_ordinary_conclusion_is_not_applicable ... ok
test entails::negation::tests::every_fact_renders ... ok
test entails::negation::tests::every_unrecognized_shape_disqualifies ... ok
test entails::negation::tests::the_lowering_is_deterministic ... ok
test entails::homomorphism::tests::a_deep_question_is_answered_rather_than_overflowing_the_stack ... ok
test entails::imports::tests::materialize_with_imports_closes_over_the_merge_and_refuses_what_it_cannot_use ... ok
test entails::precondition::term_walk_tests::the_survey_agrees_with_its_recursive_reference_on_generated_patterns ... ok
test entails::precondition::tests::container_membership_properties_are_recognized_by_shape ... ok
test entails::precondition::tests::every_reason_renders ... ok
test entails::precondition::tests::the_rdf_namespace_does_not_drift ... ok
test entails::pattern::term_walk_tests::the_pattern_walks_agree_with_their_recursive_references_on_generated_nodes ... ok
test entails::reflexivity::tests::a_declined_self_loop_survives_a_mint_made_in_the_same_pass ... ok
test entails::reflexivity::tests::a_reflexive_property_does_not_relate_two_terms ... ok
test entails::reflexivity::tests::a_reflexive_property_entails_the_self_loop_and_the_warrant_verifies ... ok
test entails::reflexivity::tests::a_reflexivity_warrant_does_not_replay ... ok
test entails::reflexivity::tests::a_self_loop_over_an_existential_is_declined_by_name ... ok
test entails::reflexivity::tests::a_term_only_the_conclusion_names_still_self_loops ... ok
test entails::reflexivity::tests::an_undeclared_property_does_not_self_loop ... ok
test entails::reflexivity::tests::an_unmatched_residual_triple_sinks_the_conclusion ... ok
test entails::reflexivity::tests::strict_materialization_is_unchanged ... ok
test entails::reflexivity::tests::only_the_owl_rl_lane_self_loops ... ok
test entails::reflexivity::tests::the_reflexivity_lane_adds_no_rule ... ok
test entails::reflexivity::tests::the_premise_is_outside_rl_and_the_conclusion_is_still_established ... ok
test entails::reflexivity::tests::the_reflexivity_lane_is_deterministic ... ok
test entails::refutation::tests::a_complement_membership_is_reached_by_refutation_and_the_warrant_verifies ... ok
test entails::refutation::tests::a_conclusion_past_the_budget_is_undecided ... ok
test entails::refutation::tests::a_negation_stays_inside_the_rl_syntax ... ok
test entails::refutation::tests::a_different_from_is_reached_through_a_derived_body_instance ... ok
test entails::refutation::tests::an_added_assertion_never_disturbs_a_pre_pass ... ok
test entails::refutation::tests::a_refutation_warrant_does_not_replay ... ok
test entails::pattern::term_walk_tests::a_hundred_thousand_level_pattern_is_walked_on_a_128_kib_thread ... ok
test entails::refutation::tests::an_inconsistent_premise_never_reaches_the_refutation_lane ... ok
test entails::refutation::tests::an_unforced_difference_is_not_entailed ... ok
test entails::refutation::tests::an_all_different_with_one_unforced_pair_is_not_entailed ... ok
test entails::refutation::tests::only_the_owl_rl_lane_refutes ... ok
test entails::refutation::tests::the_refutation_lane_adds_no_rule ... ok
test entails::refutation::tests::materialization_still_does_not_produce_these_conclusions ... ok
test entails::term_walk_tests::the_spine_walks_agree_with_their_recursive_references_on_generated_patterns ... ok
test entails::refutation::tests::an_all_different_collection_needs_every_pair_to_refute ... ok
test entails::tests::a_conclusion_blank_node_is_bound_and_the_binding_is_the_warrant ... ok
test entails::tests::a_derived_conclusion_is_entailed_and_the_warrant_verifies ... ok
test entails::tests::a_name_used_inside_and_outside_a_triple_term_is_one_variable ... ok
test entails::tests::a_composite_warrant_does_not_replay ... ok
test entails::tests::a_non_distinguished_predicate_is_withheld_from_the_survey_like_a_projected_one ... ok
test entails::tests::a_non_rl_premise_is_undecided_rather_than_refuted ... ok
test entails::tests::a_pattern_no_lane_reads_is_still_exhaustive ... ok
test entails::tests::a_projected_variable_over_a_refutation_is_a_named_limit ... ok
test entails::tests::a_regime_this_service_cannot_serve_is_named ... ok
test entails::tests::a_schema_conclusion_no_lane_reads_is_undecided_and_names_the_triple ... ok
test entails::tests::a_whitelist_refused_constructor_is_undecided_and_names_the_construct ... ok
test entails::tests::a_withheld_predicate_never_shrinks_the_question_a_verdict_is_decided_against ... ok
test entails::tests::a_permuted_conclusion_returns_the_identical_warrant ... ok
test entails::refutation::tests::the_refutation_lane_is_deterministic ... ok
test entails::tests::an_inconsistent_premise_refuses_rather_than_entailing_everything ... ok
test entails::tests::an_open_predicate_does_not_silence_the_survey_of_its_neighbours ... ok
test entails::tests::an_assertional_conclusion_over_an_rl_premise_is_still_refuted ... ok
test entails::tests::an_existential_negative_fact_is_undecided_and_names_the_construct ... ok
test entails::tests::an_rl_premise_refutes_and_names_the_missing_triple ... ok
test entails::tests::an_open_predicate_is_a_limit_naming_the_position ... ok
test entails::tests::certain_answers_enumerate_entailed_bindings_and_disclose_completeness ... ok
test entails::tests::simple_entailment_refutes_without_a_precondition ... ok
test entails::tests::the_d_lane_proves_but_does_not_refute ... ok
test entails::tests::each_unreachable_lane_names_itself_in_a_limit ... ok
test entails::tests::three_mechanisms_compose_over_one_conclusion ... ok
test entails::tests::two_mechanisms_and_a_residual_compose_into_one_warrant ... ok
test entails::warrant::tests::every_mechanism_has_a_name_and_a_reason_of_its_own ... ok
test entails::warrant::tests::the_mechanism_spellings_are_pinned ... ok
test entails::tests::the_two_entry_points_agree_under_every_served_regime ... ok
test explain::tests::a_class_assertion_keeps_the_instance_and_the_chain ... ok
test explain::tests::a_chase_proof_digest_addresses_its_content ... ok
test explain::tests::a_derived_conclusion_carries_a_checkable_derivation ... ok
test explain::tests::a_justification_is_sufficient_and_minimal ... ok
test explain::tests::a_forged_proof_does_not_check ... ok
test explain::tests::a_non_minimal_subset_fails_the_minimality_check ... ok
test explain::tests::an_asserted_axiom_justifies_itself ... ok
test explain::tests::an_asserted_conclusion_is_explained_as_given ... ok
test explain::tests::a_named_graph_conclusion_is_explained_in_its_own_graph ... ok
test explain::tests::an_insufficient_subset_fails_the_sufficiency_check ... ok
test explain::tests::an_existential_rule_elsewhere_in_the_table_does_not_refuse_the_conclusion ... ok
test explain::tests::an_unentailed_axiom_is_refused_rather_than_justified_emptily ... ok
test explain::tests::an_underivable_conclusion_is_refused ... ok
test explain::tests::the_decision_count_is_the_measured_cost ... ok
test explain::tests::the_justification_digest_addresses_its_content ... ok
test interner::term_walk_tests::interning_agrees_with_its_recursive_reference_on_generated_terms ... ok
test interner::tests::blank_closure_follows_blank_objects_once_and_ignores_named_terms ... ok
test interner::tests::intern_into_is_idempotent_for_a_triple_term ... ok
test interner::tests::intern_into_preserves_a_literal_base_direction ... ok
test interner::tests::intern_into_round_trips_a_nested_triple_term ... ok
test interner::tests::intern_into_round_trips_every_term_kind ... ok
test interner::tests::is_subject_admits_iris_and_blanks_and_refuses_literals_and_triple_terms ... ok
test interner::tests::literals_differing_only_in_direction_are_distinct_terms ... ok
test lists::tests::a_cyclic_list_is_a_hard_error ... ok
test lists::tests::a_list_that_never_reaches_nil_is_refused ... ok
test lists::tests::a_well_formed_list_walks_to_one_row_per_member ... ok
test lists::tests::an_unreferenced_collection_is_left_alone ... ok
test lists::tests::every_malformation_is_refused_and_named ... ok
test lists::tests::internal_relations_are_disjoint_from_the_term_space ... ok
test lists::tests::rdf_nil_is_the_empty_collection_and_is_not_an_error ... ok
test lists::tests::the_list_valued_predicates_are_owl_vocabulary ... ok
test owl_dl::absorb::tests::a_conjunctive_consequent_splits ... ok
test owl_dl::absorb::tests::a_disjunctive_antecedent_splits ... ok
test owl_dl::absorb::tests::a_domain_axiom_stays_rooted_at_the_node_it_constrains ... ok
test owl_dl::absorb::tests::a_mixed_conjunction_absorbs_partially ... ok
test owl_dl::absorb::tests::a_named_antecedent_becomes_a_one_atom_guard ... ok
test owl_dl::absorb::tests::a_negative_antecedent_is_internalized ... ok
test owl_dl::absorb::tests::a_nested_existential_antecedent_inverts_the_whole_path ... ok
test owl_dl::absorb::tests::a_range_axiom_becomes_an_edge_clause_and_seeds_no_label ... ok
test owl_dl::absorb::tests::a_valid_inclusion_produces_nothing ... ok
test owl_dl::absorb::tests::an_enumerated_antecedent_splits_into_one_clause_per_member ... ok
test owl_dl::absorb::tests::an_existential_antecedent_is_rerooted_at_its_filler ... ok
test owl_dl::absorb::tests::the_absence_shaped_antecedents_are_internalized ... ok
test owl_dl::absorb::tests::the_internalizing_encoding_absorbs_nothing ... ok
test owl_dl::absorption_tests::a_tbox_clause_does_not_fire_on_a_node_of_the_data_domain ... ok
test owl_dl::absorption_tests::an_existential_antecedent_fires_from_the_edge_and_not_from_a_label ... ok
test owl_dl::absorption_tests::domain_bottom_roles_and_finite_class_cycles_agree_with_the_reference_core ... ok
test owl_dl::boundary_tests::a_data_property_assertion_is_ingested_without_naming_its_literal ... ok
test owl_dl::boundary_tests::a_number_restriction_over_a_transitive_role_is_bounded ... ok
test owl_dl::boundary_tests::a_property_chain_is_bounded_rather_than_ingested_as_a_role_assertion ... ok
test owl_dl::boundary_tests::a_range_axiom_becomes_an_edge_clause_rather_than_a_label ... ok
test owl_dl::boundary_tests::the_role_characteristics_reach_the_knowledge_base ... ok
test owl_dl::bounds::owner_tests::compiled_schema_guards_borrow_original_admitted_products_without_allocation ... ok
test owl_dl::bounds::owner_tests::original_preparation_layouts_cover_allocator_peak_and_retained_evidence ... ok
test owl_dl::clause::tests::a_conjunction_derives_one_conjunctive_head ... ok
test owl_dl::clause::tests::a_disjunction_derives_a_disjunctive_head ... ok
test owl_dl::clause::tests::a_large_cardinality_derives_one_schematic_clause ... ok
test owl_dl::clause::tests::a_min_restriction_derives_an_existential_head ... ok
test owl_dl::clause::tests::a_nominal_derives_an_identification_per_member ... ok
test owl_dl::clause::tests::an_absorbed_existential_antecedent_is_triggered_by_its_filler ... ok
test owl_dl::clause::tests::an_at_most_restriction_derives_a_choose_clause_and_a_counting_clause ... ok
test owl_dl::clause::tests::every_derived_clause_is_matchable ... ok
test owl_dl::clause::tests::only_the_class_free_guards_are_untriggered_and_role_first_clauses_are_edge_indexed ... ok
test owl_dl::clause::tests::the_absorbed_tbox_becomes_triggered_atomic_clauses ... ok
test owl_dl::clause::tests::the_clash_clauses_have_empty_heads ... ok
test owl_dl::concept::tests::a_conjunction_is_flattened_constant_folded_deduped_and_sorted ... ok
test owl_dl::concept::tests::a_disjunction_is_flattened_constant_folded_deduped_and_sorted ... ok
test owl_dl::concept::tests::de_morgan_interns_to_one_id_over_the_generated_corpus ... ok
test owl_dl::concept::tests::internalizing_a_top_subsumption_leaves_no_branch_point ... ok
test owl_dl::concept::tests::interning_is_stable_and_negation_is_involutive ... ok
test owl_dl::concept::tests::negation_is_involutive_over_the_generated_corpus ... ok
test owl_dl::concept::tests::nnf_cardinality_negation ... ok
test owl_dl::concept::tests::nnf_demorgan_and_quantifier_duals ... ok
test owl_dl::concept::tests::nnf_double_negation_and_bottoms ... ok
test owl_dl::concept::tests::normalization_is_idempotent_and_order_insensitive ... ok
test owl_dl::constructs::tests::an_unrecognized_reserved_term_raises_a_boundary_rather_than_ok ... ok
test owl_dl::constructs::tests::bounded_entries_name_an_owl_direct_construct ... ok
test owl_dl::constructs::tests::every_listed_term_is_reserved ... ok
test owl_dl::constructs::tests::every_owl2_construct_is_handled_or_bounded ... ok
test owl_dl::constructs::tests::support_is_total_over_the_reserved_vocabulary_and_only_there ... ok
test owl_dl::constructs::tests::the_inventory_names_each_term_once ... ok
test owl_dl::constructs::tests::user_vocabulary_is_read_as_data_and_raises_nothing ... ok
test owl_dl::data::tests::a_complement_of_the_data_domain_is_empty ... ok
test owl_dl::data::tests::a_datatype_intersected_with_a_wider_one_of_its_own_space_is_inhabited ... ok
test owl_dl::data::tests::a_datatype_intersected_with_its_own_complement_is_empty ... ok
test owl_dl::data::tests::a_decidable_data_range_leaves_the_run_exact ... ok
test owl_dl::data::tests::a_functional_data_property_counts_values_rather_than_lexical_forms ... ok
test owl_dl::data::tests::a_functional_data_property_separates_two_language_tagged_values ... ok
test owl_dl::data::tests::a_functional_property_tells_sixty_digit_values_apart ... ok
test owl_dl::data::tests::a_literal_outside_its_property_range_is_inconsistent ... ok
test owl_dl::data::tests::a_min_cardinality_over_a_smaller_enumeration_is_inconsistent ... ok
test owl_dl::data::tests::a_pattern_facet_is_reported_rather_than_guessed ... ok
test owl_dl::data::tests::a_satisfiable_facet_range_stays_satisfiable ... ok
test owl_dl::data::tests::an_empty_facet_range_makes_the_ontology_inconsistent ... ok
test owl_dl::data::tests::an_ill_typed_literal_makes_the_ontology_inconsistent ... ok
test owl_dl::data::tests::an_ontology_without_a_literal_holds_no_data_range ... ok
test owl_dl::data::tests::an_unmodelled_datatype_is_reported_rather_than_guessed ... ok
test owl_dl::data::tests::facet_ranges_past_machine_integers_are_judged_exactly ... ok
test owl_dl::data::tests::the_numeric_tower_identifies_only_what_the_datatype_map_nests ... ok
test owl_dl::graph::tests::a_persistent_vector_behaves_as_a_vector_and_its_clones_stay_put ... ok
test interner::term_walk_tests::a_hundred_thousand_level_term_interns_on_a_128_kib_thread ... ok
test entails::tests::entails_and_certain_answers_never_disagree ... ok
test owl_dl::graph::tests::an_early_stopping_read_never_charges_more_than_the_full_read ... ok
test owl_dl::graph::tests::max_clique_exhaustion_is_deterministic_run_to_run ... ok
test owl_dl::graph::tests::max_clique_runs_the_whole_wide_scan_when_the_meter_is_ample ... ok
test owl_dl::graph::tests::max_clique_stops_a_wide_incompatible_scan_when_the_meter_is_narrow ... ok
test owl_dl::graph::tests::achievers_polls_the_role_closure_walk_and_never_caches_a_truncated_one ... ok
test owl_dl::graph::tests::neighbourhood_reads_allocate_nothing_in_steady_state ... ok
test owl_dl::graph::tests::the_adjacency_index_equals_the_full_edge_scan_under_random_pushes_and_merges ... ok
test owl_dl::graph::tests::neighbors_stops_the_edge_scan_when_the_bulk_charge_exhausts_the_meter ... ok
test owl_dl::hyper::tests::a_change_at_the_end_of_a_transitive_chain_reaches_its_start ... ok
test owl_dl::graph::tests::cached_closures_follow_appended_edges_and_merges ... ok
test owl_dl::hyper::tests::a_decision_is_byte_identical_run_to_run ... ok
test owl_dl::hyper::tests::a_disjunct_that_forces_witnesses_is_authored_last ... ok
test owl_dl::hyper::tests::a_disjunction_is_generating_only_when_every_alternative_is ... ok
test owl_dl::hyper::tests::a_label_change_at_the_end_of_a_transitive_chain_reaches_a_guarded_clause ... ok
test owl_dl::hyper::tests::a_recorded_decision_is_identical_to_an_unrecorded_one ... ok
test owl_dl::hyper::tests::a_recorded_merge_names_the_clause_instance_that_licensed_it ... ok
test owl_dl::hyper::tests::a_recorded_refutation_carries_a_clash_witness ... ok
test owl_dl::hyper::tests::a_recorded_run_writes_down_its_branch_points_and_its_completion ... ok
test owl_dl::hyper::tests::a_choice_touches_the_same_beside_a_small_and_a_large_abox ... ok
test owl_dl::hyper::tests::an_appended_edge_between_existing_nodes_is_new_to_the_closures_it_extends ... ok
test owl_dl::hyper::tests::an_edge_between_existing_nodes_reaches_the_closures_it_extends ... ok
test owl_dl::hyper::tests::delta_saturation_agrees_with_a_full_rematch_over_long_role_chains ... ok
test owl_dl::hyper::tests::nn_ni_spy_point_decision_is_deterministic_and_charged ... ok
test owl_dl::hyper::tests::round_stops_visiting_nodes_once_the_work_meter_is_exhausted ... ok
test owl_dl::hyper::tests::the_branch_point_is_the_first_open_disjunction_in_derivation_order ... ok
test owl_dl::hyper::tests::the_generating_closure_follows_a_chain_of_absorbed_clauses ... ok
test owl_dl::oracle::a_complemented_disjunction_excludes_each_disjunct ... ok
test owl_dl::oracle::a_literal_outside_its_data_propertys_range_is_unsatisfiable ... ok
test owl_dl::graph::tests::the_stamped_neighbourhood_read_matches_the_reference_read ... ok
test owl_dl::oracle::a_random_knowledge_base_is_consistent_whenever_the_oracle_exhibits_a_model ... ok
test owl_dl::oracle::a_range_axiom_narrows_a_counting_question_over_a_data_property ... ok
test owl_dl::oracle::a_sub_role_edge_is_a_step_of_its_transitive_super_role ... ok
test owl_dl::oracle::a_value_in_two_disjoint_datatypes_is_unsatisfiable ... ok
test owl_dl::oracle::a_witness_a_nominal_absorbs_generates_nothing_of_its_own ... ok
test owl_dl::oracle::a_witness_awaiting_a_nominal_choice_generates_nothing_of_its_own ... ok
test owl_dl::oracle::an_inverse_partner_edge_is_a_step_of_its_transitive_role ... ok
test owl_dl::oracle::an_inverse_role_into_a_nominal_is_an_edge_out_of_it ... ok
test owl_dl::oracle::an_irreflexive_role_forbids_an_asserted_self_loop ... ok
test owl_dl::oracle::an_unconditional_consequent_is_withdrawn_from_a_node_that_denotes_a_value ... ok
test owl_dl::oracle::asymmetry_forbids_a_self_loop ... ok
test owl_dl::oracle::a_random_knowledge_base_agrees_with_the_oracle_over_a_three_element_domain ... ok
test owl_dl::oracle::counting_a_sub_role_does_count_towards_its_super_role ... ok
test owl_dl::oracle::counting_a_super_role_does_not_count_its_sub_role ... ok
test owl_dl::oracle::counting_literal_values_counts_values_rather_than_terms ... ok
test owl_dl::oracle::counting_more_values_than_a_data_range_holds_is_unsatisfiable ... ok
test owl_dl::oracle::cyclic_equivalences_agree_with_the_oracle ... ok
test owl_dl::oracle::disjoint_roles_reject_a_shared_pair ... ok
test entails::homomorphism::tests::an_exploding_search_still_refuses_by_budget ... ok
test owl_dl::oracle::inverse_universal_chains_decide_identically_in_both_cores ... ok
test owl_dl::oracle::label_only_blocking_builds_a_smaller_graph_than_the_pairwise_condition ... ok
test owl_dl::oracle::label_only_blocking_decides_the_inverse_universal_chains_identically ... ok
test owl_dl::oracle::membership_in_an_enumeration_clashes_when_apart_from_every_member ... ok
test owl_dl::oracle::membership_in_an_enumeration_makes_no_unique_name_assumption ... ok
test owl_dl::oracle::complement_against_disjunction_agrees_with_the_oracle ... ok
test owl_dl::oracle::multi_member_nominals_against_distinctness_agree_with_the_oracle ... ok
test owl_dl::oracle::nominals_under_inverse_roles_and_cardinality_agree_with_the_oracle ... ok
test owl_dl::oracle::recorded_proof_terms_corroborate_against_both_references ... ok
test owl_dl::hyper::tests::a_recorded_service_question_decides_identically_to_an_unrecorded_one ... ok
test owl_dl::oracle::the_case_the_branch_selection_was_measured_on_costs_exactly_what_it_is_pinned_to ... ok
test owl_dl::oracle::the_absorbable_inclusion_shapes_agree_with_the_oracle ... ok
test owl_dl::oracle::the_concrete_domains_arithmetic_is_pinned ... ok
test owl_dl::oracle::the_enumerated_search_spaces_are_pinned ... ok
test owl_dl::oracle::the_concrete_domain_shapes_agree_across_the_encodings_and_the_calculi ... ok
test owl_dl::oracle::transitive_roles_under_a_role_hierarchy_agree_with_the_oracle ... ok
test owl_dl::oracle::transitivity_supplies_the_composed_edge ... ok
test owl_dl::oracle::two_witnesses_inside_a_singleton_nominal_is_unsatisfiable ... ok
test owl_dl::parser::tests::a_cardinality_bound_collapses_over_xml_s_and_not_unicode_whitespace ... ok
test owl_dl::parser::tests::has_self_reads_a_truth_value_only_from_the_boolean_lexical_space ... ok
test owl_dl::oracle::qualified_cardinality_under_a_role_hierarchy_agrees_with_the_oracle ... ok
test owl_dl::proof::schema_tests::derived_membership_cannot_be_laundered_as_an_asserted_fact ... ok
test owl_dl::proof::schema_tests::refusing_native_support_keeps_search_parity_and_a_typed_incomplete_proof ... ok
test owl_dl::proof::schema_tests::retained_schema_proof_clones_release_their_original_allocations_after_the_context_dies ... ok
test owl_dl::proof::schema_tests::schema_layout_without_its_evidence_is_not_a_second_encoding_of_a_legacy_proof ... ok
test owl_dl::proof::schema_tests::source_restrictions_qualifiers_and_each_actual_support_head_are_checked ... ok
test owl_dl::proof::schema_tests::the_consumers_stop_signal_preserves_operational_refusal_instead_of_a_bad_proof_verdict ... ok
test owl_dl::proof::tests::a_blocked_completion_model_checks_and_names_what_blocking_deferred ... ok
test owl_dl::proof::tests::a_blocking_pair_that_blocks_a_node_with_itself_is_rejected ... ok
test owl_dl::proof::tests::a_branch_closed_on_a_clash_that_is_not_there_is_rejected ... ok
test owl_dl::proof::tests::a_branch_closed_on_a_merge_that_did_not_clash_is_rejected ... ok
test owl_dl::proof::tests::a_branch_licensed_merge_naming_an_absent_alternative_is_rejected ... ok
test owl_dl::proof::tests::a_branch_licensed_merge_with_a_forged_pair_is_rejected ... ok
test owl_dl::proof::tests::a_branch_outcome_pointing_backwards_is_rejected ... ok
test owl_dl::proof::tests::a_branch_point_citing_a_clause_that_generates_no_disjunction_is_rejected ... ok
test owl_dl::proof::tests::a_branch_point_citing_an_absent_clause_is_rejected ... ok
test owl_dl::proof::tests::a_branch_point_with_a_short_frame_is_rejected ... ok
test owl_dl::proof::tests::a_branch_point_with_a_short_outcome_list_is_rejected ... ok
test owl_dl::proof::tests::a_branching_and_a_completing_proof_are_byte_identical_run_to_run ... ok
test owl_dl::proof::tests::a_clash_citing_a_clause_the_ontology_does_not_have_is_rejected ... ok
test owl_dl::proof::tests::a_clash_index_past_the_end_is_rejected ... ok
test owl_dl::proof::tests::a_clash_replay_separates_what_it_re_derived_from_what_it_trusts ... ok
test owl_dl::proof::tests::a_clash_repointed_at_a_non_empty_headed_clause_is_rejected ... ok
test owl_dl::proof::tests::a_clash_whose_body_is_asserted_attests_every_atom_of_it ... ok
test owl_dl::proof::tests::a_completion_check_that_runs_out_of_budget_reports_unattested_rather_than_passing ... ok
test owl_dl::proof::tests::a_completion_does_not_check_against_a_different_ontology ... ok
test owl_dl::proof::tests::a_completion_edge_naming_an_absent_node_is_rejected ... ok
test owl_dl::proof::tests::a_completion_where_a_clause_is_not_satisfied_is_rejected ... ok
test owl_dl::proof::tests::a_completion_with_a_concealed_clash_is_rejected ... ok
test owl_dl::proof::tests::a_concrete_domain_closure_is_a_record_and_does_not_close_a_refutation ... ok
test owl_dl::proof::tests::a_consistent_answer_carries_a_completion_that_model_checks ... ok
test owl_dl::proof::tests::a_consistent_answer_carries_no_clash_and_says_so ... ok
test owl_dl::proof::tests::a_consistent_proof_with_no_completion_is_refused ... ok
test owl_dl::proof::tests::a_derived_witness_atom_is_reported_unattested_rather_than_attested ... ok
test owl_dl::proof::tests::a_dropped_alternative_deep_in_the_tree_is_rejected ... ok
test owl_dl::proof::tests::a_dropped_alternative_is_rejected ... ok
test owl_dl::proof::tests::a_duplicated_completion_node_is_rejected ... ok
test owl_dl::proof::tests::a_foreign_encoding_tag_is_rejected ... ok
test owl_dl::proof::tests::a_forged_blocking_pair_is_rejected ... ok
test owl_dl::proof::tests::a_forged_branch_point_in_a_partial_trace_is_rejected ... ok
test owl_dl::proof::tests::a_forged_nominal_introduction_alternative_is_rejected ... ok
test owl_dl::proof::tests::a_merge_citing_an_atom_that_is_not_there_is_rejected ... ok
test owl_dl::proof::tests::a_merge_closure_is_licensed_but_does_not_close_the_refutation ... ok
test owl_dl::proof::tests::a_merge_index_past_the_end_is_rejected ... ok
test owl_dl::proof::tests::a_merge_licensed_by_a_clause_that_identifies_nothing_is_rejected ... ok
test owl_dl::proof::tests::a_merge_licensed_by_a_disjunctive_clause_is_rejected ... ok
test owl_dl::proof::tests::a_merge_licensed_by_a_short_frame_is_rejected ... ok
test owl_dl::proof::tests::a_merge_licensed_by_an_absent_clause_is_rejected ... ok
test owl_dl::proof::tests::a_merge_whose_recorded_nodes_the_licence_never_identified_is_rejected ... ok
test owl_dl::proof::tests::a_merge_with_a_relabelled_cause_is_rejected ... ok
test owl_dl::proof::tests::a_merge_with_no_licence_is_refused ... ok
test owl_dl::proof::tests::a_non_canonical_boolean_is_rejected ... ok
test owl_dl::proof::tests::a_proof_does_not_check_against_a_different_ontology ... ok
test owl_dl::proof::tests::a_proof_stating_another_trust_base_is_rejected ... ok
test owl_dl::proof::tests::a_proof_term_is_byte_identical_run_to_run ... ok
test owl_dl::proof::tests::a_proof_term_round_trips_through_its_own_encoding ... ok
test owl_dl::proof::tests::a_recorded_branch_point_regenerates_against_the_callers_own_ontology ... ok
test owl_dl::proof::tests::a_recorded_clash_replays_against_the_callers_own_ontology ... ok
test owl_dl::proof::tests::a_recorded_merge_licence_replays_against_the_callers_own_ontology ... ok
test owl_dl::proof::tests::a_refutation_tree_closes_with_every_leaf_replayed ... ok
test owl_dl::proof::tests::a_refutation_with_no_case_split_is_a_single_replayed_leaf ... ok
test owl_dl::proof::tests::a_relabelled_clash_node_is_rejected ... ok
test owl_dl::proof::tests::a_reordered_alternative_list_is_rejected ... ok
test owl_dl::proof::tests::a_rewritten_alternative_atom_is_rejected ... ok
test owl_dl::proof::tests::a_spurious_alternative_is_rejected ... ok
test owl_dl::proof::tests::a_tampered_contract_is_rejected ... ok
test owl_dl::proof::tests::a_tampered_data_clash_record_changes_the_digest ... ok
test owl_dl::proof::tests::a_tampered_frame_is_rejected ... ok
test owl_dl::proof::tests::a_tampered_merge_record_changes_the_digest ... ok
test owl_dl::proof::tests::a_tampered_witness_atom_is_rejected ... ok
test owl_dl::proof::tests::a_truncated_recording_is_refused_by_the_whole_trace_checks ... ok
test owl_dl::proof::tests::a_truncated_stream_is_rejected ... ok
test owl_dl::proof::tests::a_truncated_witness_is_rejected ... ok
test owl_dl::proof::tests::a_two_level_refutation_tree_walks_from_the_root ... ok
test owl_dl::proof::tests::a_whole_trace_check_refuses_a_proof_bound_to_the_other_answer ... ok
test owl_dl::proof::tests::an_alternative_that_did_not_close_is_rejected ... ok
test owl_dl::proof::tests::an_at_most_merge_is_licensed_by_the_counted_successors_the_clause_bound ... ok
test owl_dl::proof::tests::an_empty_frame_is_rejected ... ok
test owl_dl::proof::tests::an_orphaned_branch_point_is_rejected ... ok
test owl_dl::proof::tests::an_out_of_range_boundary_ordinal_is_rejected ... ok
test owl_dl::proof::tests::an_out_of_range_trust_base_ordinal_is_rejected ... ok
test owl_dl::proof::tests::an_undecided_run_replays_its_recorded_prefix ... ok
test owl_dl::proof::tests::an_unknown_node_kind_is_rejected ... ok
test owl_dl::proof::tests::an_unreadable_ontology_is_reported_rather_than_panicking ... ok
test owl_dl::proof::tests::an_unrecorded_closure_is_not_a_closed_refutation ... ok
test owl_dl::proof::tests::forging_the_input_identity_still_fails_the_contract ... ok
test owl_dl::proof::tests::no_single_byte_edit_decodes_back_to_the_same_proof ... ok
test owl_dl::proof::tests::of_ontology_refuses_a_reserved_vocabulary_ontology_as_a_value ... ok
test owl_dl::proof::tests::prove_consistency_refuses_a_reserved_vocabulary_ontology_as_a_value ... ok
test owl_dl::proof::tests::record_capped_keeps_steps_up_to_the_ceiling_and_marks_the_first_drop ... ok
test owl_dl::proof::tests::rewriting_the_answer_changes_the_digest ... ok
test owl_dl::proof::tests::rewriting_the_boundary_set_changes_the_digest ... ok
test owl_dl::proof::tests::the_checker_consumes_only_an_ontology_and_a_byte_string ... ok
test owl_dl::proof::tests::the_input_identity_is_the_canonical_ontology_and_not_the_clause_set ... ok
test owl_dl::proof::tests::the_partial_trace_check_refuses_a_decided_proof ... ok
test owl_dl::proof::tests::the_proof_digest_and_contract_are_frozen ... ok
test owl_dl::proof::tests::the_trust_base_is_pinned ... ok
test owl_dl::proof::tests::the_trust_base_travels_in_the_proof_and_is_digested ... ok
test owl_dl::proof::tests::trailing_bytes_are_rejected ... ok
test owl_dl::query::tests::a_default_graph_ontology_raises_no_named_graph_boundary ... ok
test owl_dl::query::tests::a_named_graph_quad_raises_the_boundary_on_the_dl_lane ... ok
test owl_dl::support::tests::scalar_branch_predecessors_share_one_admitted_application_arena ... ok
test owl_dl::support::tests::support_metadata_refusal_precedes_payload_allocation_and_keeps_original_cause ... ok
test owl_dl::tableau::tests::a_composite_complementary_pair_is_unsat ... ok
test owl_dl::tableau::tests::atomic_contradiction_is_unsat ... ok
test owl_dl::tableau::tests::cyclic_gci_is_consistent_and_terminates ... ok
test owl_dl::tableau::tests::disjointness_clash ... ok
test owl_dl::tableau::tests::instance_check_via_role_and_some ... ok
test owl_dl::tableau::tests::min_one_over_nominal_is_consistent ... ok
test owl_dl::tableau::tests::min_two_max_one_is_unsat ... ok
test owl_dl::tableau::tests::min_two_over_single_nominal_is_unsat ... ok
test owl_dl::tableau::tests::multi_member_nominal_branches_over_its_members ... ok
test owl_dl::parser::tests::whitespace_collapse_trim_strips_exactly_the_four_code_points_the_facet_names ... ok
test owl_dl::tableau::tests::nn_does_not_trigger_on_an_anonymous_witness ... ok
test owl_dl::tableau::tests::nn_does_not_trigger_on_an_ordinary_successor ... ok
test owl_dl::tableau::tests::nn_spy_point_named_inverse_is_consistent_when_the_bound_fits ... ok
test owl_dl::tableau::tests::nn_spy_point_named_inverse_is_inconsistent ... ok
test owl_dl::tableau::tests::nn_spy_point_over_inverse_is_consistent_when_the_bound_fits ... ok
test owl_dl::tableau::tests::nn_spy_point_over_inverse_is_inconsistent ... ok
test owl_dl::tableau::tests::oneof_membership_clashes_when_apart_from_every_member ... ok
test owl_dl::tableau::tests::oneof_membership_makes_no_unique_name_assumption ... ok
test owl_dl::tableau::tests::some_and_all_bottom_is_unsat ... ok
test owl_dl::tableau::tests::sub_cardinalities_are_pre_interned_for_every_at_most ... ok
test owl_dl::tests::finalizing_again_after_interning_more_concepts_does_not_re_absorb ... ok
test owl_dl::tests::governed_construction_installs_stop_before_key_inference ... ok
test owl_dl::tests::governed_construction_refuses_an_already_cancelled_request_before_parsing ... ok
test owl_dl::tests::governed_construction_stops_during_reverse_mapping ... ok
test owl_dl::tests::parent_existential_instance_retrieval ... ok
test owl_dl::tests::simple_instance_retrieval ... ok
test owl_dl::tests::subsumption_reflexive_and_bottom ... ok
test reasoner::certificate::tests::a_stopped_decision_is_reported_as_stopped_not_exhausted ... ok
test reasoner::certificate::tests::refutes_answers_unknown_rather_than_a_guessed_verdict_when_stopped ... ok
test reasoner::certificate::tests::session_certificate_reports_a_stopped_run_as_budget_exhausted_and_says_why ... ok
test owl_dl::tableau::tests::nn_cyclic_counting_on_inverse_terminates ... ok
test reasoner::classify::tests::no_direct_taxonomy_edge_is_implied_by_another ... ok
test reasoner::classify::tests::the_derived_taxonomy_costs_strictly_fewer_decisions_than_the_refuted_one ... ok
test reasoner::classify::tests::the_fragment_predicate_separates_the_corpus ... ok
test reasoner::classify::tests::the_injected_relation_agrees_with_the_tableau ... ok
test reasoner::classify::tests::the_saturation_agrees_with_the_tableau_pair_by_pair ... ok
test reasoner::classify::tests::the_two_decision_cores_agree_on_every_subsumption_of_every_fixture ... ok
test reasoner::proof::current::tests::a_fresh_class_refutation_cannot_be_relabelled_as_an_ontology_contradiction ... ok
test reasoner::proof::current::tests::equivalence_requires_both_refutation_directions_not_two_copies_of_one ... ok
test reasoner::proof::term_walk_tests::a_hundred_thousand_level_term_encodes_on_a_128_kib_thread ... ok
test reasoner::proof::term_walk_tests::the_encoding_agrees_with_its_recursive_reference_on_generated_terms ... ok
test reasoner::proof::tests::a_boolean_answer_binds_through_its_claim_or_through_its_absence ... ok
test reasoner::proof::tests::a_boundary_no_construct_spells_is_rejected ... ok
test reasoner::proof::tests::a_claim_naming_a_run_that_answered_otherwise_is_rejected ... ok
test reasoner::proof::tests::a_claim_naming_an_absent_run_is_rejected ... ok
test reasoner::proof::tests::a_claim_refuted_by_no_run_is_rejected ... ok
test reasoner::proof::tests::a_claim_resting_on_a_model_whose_run_closed_is_rejected ... ok
test reasoner::proof::tests::a_classification_proof_binds_every_subsumption_it_reports ... ok
test reasoner::proof::tests::a_classify_proof_missing_a_reported_subsumption_is_rejected ... ok
test reasoner::proof::tests::a_classify_proof_stating_a_subsumption_the_answer_omits_is_rejected ... ok
test reasoner::proof::tests::a_consistency_proof_does_not_check_as_a_classification ... ok
test reasoner::proof::tests::a_decided_answer_carries_no_stopping_receipt ... ok
test reasoner::proof::tests::a_decided_answer_carrying_a_truncated_trace_is_rejected ... ok
test reasoner::proof::tests::a_foreign_service_proof_encoding_tag_is_rejected ... ok
test reasoner::proof::tests::a_module_extraction_proof_binds_its_question_and_reports_no_search ... ok
test reasoner::proof::tests::a_module_proof_does_not_check_against_a_different_notion ... ok
test reasoner::proof::tests::a_module_proof_does_not_cover_a_different_extraction ... ok
test reasoner::proof::tests::a_non_canonical_boolean_in_a_service_proof_is_rejected ... ok
test reasoner::proof::tests::a_non_utf8_text_field_in_a_service_proof_is_rejected ... ok
test reasoner::proof::tests::a_proofs_off_answer_carries_no_proof_and_cannot_be_presented_as_a_verified_one ... ok
test reasoner::proof::tests::a_proofs_off_service_answer_is_identical_to_a_proofs_on_one ... ok
test reasoner::proof::tests::a_realization_proof_binds_every_type_it_reports ... ok
test reasoner::proof::tests::a_receipt_beside_a_decided_certificate_is_rejected ... ok
test reasoner::proof::tests::a_receipt_beside_a_proof_whose_runs_all_decided_is_rejected_without_a_certificate ... ok
test reasoner::proof::tests::a_receipt_checked_against_no_certificate_is_refused ... ok
test reasoner::proof::tests::a_receipt_claiming_a_budget_that_was_not_exhausted_is_rejected ... ok
test reasoner::proof::tests::a_receipt_inventing_a_caller_cancellation_is_rejected ... ok
test reasoner::proof::tests::a_receipt_naming_a_run_that_decided_is_rejected ... ok
test reasoner::proof::tests::a_receipt_naming_an_absent_run_is_rejected ... ok
test reasoner::proof::tests::a_receipt_pointed_at_a_deciding_run_is_rejected ... ok
test reasoner::proof::tests::a_receipt_whose_boundary_set_is_not_the_certificates_is_rejected ... ok
test reasoner::proof::tests::a_receipt_whose_partial_trace_understates_the_branch_points_is_rejected ... ok
test reasoner::proof::tests::a_receipt_whose_run_costs_more_than_the_service_is_rejected ... ok
test reasoner::proof::tests::a_run_whose_answer_contradicts_its_trace_is_rejected ... ok
test reasoner::proof::tests::a_runless_proof_still_refuses_a_different_ontology ... ok
test reasoner::proof::tests::a_service_proof_does_not_check_against_a_different_ontology ... ok
test reasoner::proof::tests::a_service_proof_is_byte_identical_run_to_run ... ok
test reasoner::proof::tests::a_service_proof_literal_is_held_to_the_language_tag_grammar ... ok
test reasoner::proof::tests::a_service_proof_refuses_a_reserved_vocabulary_checking_ontology_as_a_value ... ok
test reasoner::proof::tests::a_service_proof_round_trips_through_its_own_encoding ... ok
test reasoner::proof::tests::a_service_proof_stating_another_trust_base_is_rejected ... ok
test reasoner::proof::tests::a_service_proof_that_travelled_as_bytes_still_verifies ... ok
test reasoner::proof::tests::a_service_proof_whose_service_is_not_its_questions_is_rejected ... ok
test reasoner::proof::tests::a_term_nested_past_the_ceiling_is_rejected ... ok
test reasoner::classify::tests::classification_is_byte_identical_across_a_hundred_runs ... ok
test reasoner::proof::tests::a_zero_run_proof_is_a_different_answer_from_no_proof_at_all ... ok
test reasoner::proof::tests::an_entails_proof_does_not_check_against_a_different_axiom ... ok
test reasoner::proof::tests::an_instance_retrieval_proof_binds_the_individuals_it_returns ... ok
test reasoner::proof::tests::an_out_of_range_module_method_ordinal_is_rejected ... ok
test reasoner::proof::tests::an_out_of_range_service_ordinal_is_rejected ... ok
test reasoner::proof::tests::an_out_of_range_service_trust_base_ordinal_is_rejected ... ok
test reasoner::proof::tests::an_undecided_answer_carries_a_stopping_receipt_bound_to_its_counters ... ok
test reasoner::proof::tests::an_undecided_run_with_no_receipt_is_rejected ... ok
test reasoner::proof::tests::an_unknown_service_proof_discriminant_is_rejected ... ok
test reasoner::proof::tests::every_certified_service_carries_a_proof_bound_to_its_own_question ... ok
test reasoner::proof::tests::every_part_of_a_service_proof_is_digested ... ok
test reasoner::proof::tests::every_service_proof_digest_is_frozen ... ok
test reasoner::proof::tests::extract_module_with_proofs_refuses_a_reserved_vocabulary_ontology_as_a_value ... ok
test reasoner::proof::tests::extract_module_with_proofs_still_admits_the_ordinary_taxonomy ... ok
test reasoner::proof::tests::a_truncated_service_proof_stream_is_rejected ... ok
test reasoner::proof::tests::signed_judgements_preserve_wire_terms_and_refuse_subject_substitution ... ok
test reasoner::proof::tests::trailing_bytes_after_a_service_proof_are_rejected ... ok
test reasoner::schema_tests::a_class_name_does_not_assert_an_inhabitant_but_the_question_supplies_one ... ok
test reasoner::schema_tests::actual_long_datatype_temporaries_share_the_preparation_owner ... ok
test reasoner::schema_tests::asserted_subsumed_equivalent_role_derived_and_existential_membership_are_checked ... ok
test reasoner::schema_tests::cached_and_uncached_native_membership_paths_agree_and_check_the_same_premises ... ok
test reasoner::schema_tests::exact_data_spaces_and_finite_extents_are_prepared_without_opaque_transfer ... ok
test reasoner::schema_tests::exact_qualifier_and_role_sources_are_part_of_the_bound_not_current_edges ... ok
test reasoner::schema_tests::nominal_identification_and_distinct_successors_remain_per_individual ... ok
test reasoner::schema_tests::nominal_names_do_not_supply_cached_distinctness_or_ignore_current_identification ... ok
test reasoner::schema_tests::qualified_containment_is_directional_and_has_no_unrelated_transfer ... ok
test reasoner::schema_tests::refused_entries_are_typed_incomplete_and_sufficient_retry_finishes_the_same_source ... ok
test reasoner::schema_tests::retraction_purge_and_source_replacement_cannot_reuse_a_prepared_proof ... ok
test reasoner::schema_tests::schema_preparation_o3_scaling ... ignored, report-only O3 time/allocation sweeps, run after semantic qualification
test reasoner::proof::tests::no_single_byte_edit_of_a_service_proof_decodes_back_to_the_same_proof ... ok
test reasoner::schema_tests::stopping_an_existing_owner_does_not_publish_clear_or_detach_pins ... ok
test reasoner::tests::a_stopped_class_satisfiability_check_answers_unknown_not_a_refutation ... ok
test reasoner::tests::a_stopped_consistency_check_answers_unknown_not_false ... ok
test reasoner::tests::open_reports_a_stopped_session_as_unusable_rather_than_unsatisfiable ... ok
test reasoner::tests::with_proofs_refuses_a_reserved_vocabulary_dataset_as_a_value ... ok
test reasoner::tests::with_proofs_still_admits_an_ordinary_dataset ... ok
test report::tests::an_attached_boundary_lands_in_declaration_order ... ok
test report::tests::an_import_with_no_iri_object_names_no_document ... ok
test report::tests::attaching_a_boundary_is_idempotent ... ok
test report::tests::every_construct_is_attachable_and_narrows_completeness ... ok
test report::tests::survey_reports_each_flag_independently_of_the_others ... ok
test report::tests::the_non_horn_tbox_boundary_narrows_the_report_it_is_attached_to ... ok
test rif::eval::tests::a_bodiless_rule_derives_nothing ... ok
test rif::eval::tests::a_default_graph_run_raises_no_boundary ... ok
test reasoner::schema_tests::shared_instances_prepare_once_and_warm_no_clash_calls_do_not_copy_proofs ... ok
test rif::eval::tests::a_named_graph_quad_raises_the_boundary_rather_than_vanishing ... ok
test rif::eval::tests::a_repeated_variable_binds_one_value ... ok
test owl_dl::oracle::the_forall_equivalence_shape_agrees_with_the_oracle ... ok
test rif::eval::tests::a_variable_predicate_and_a_recursive_rule_reach_the_fixpoint ... ok
test rif::eval::tests::an_already_stopped_rif_run_refuses_before_preparation ... ok
test rif::eval::tests::frames_discount_rule ... ok
test rif::eval::tests::indexed_joins_avoid_cartesian_fact_scans ... ok
test rif::eval::tests::unbound_head_variable_is_rejected ... ok
test rif::eval::tests::uncle_rule_forward_chains ... ok
test rif_xml::tests::a_non_absolute_caller_base_is_refused_at_the_boundary ... ok
test rif_xml::tests::a_relative_iri_with_no_base_in_scope_is_a_hard_error ... ok
test rif_xml::tests::accepts_rif_metadata_without_interpreting_it ... ok
test rif_xml::tests::an_in_document_xml_base_outranks_the_caller_base ... ok
test rif_xml::tests::an_inner_xml_base_scopes_only_its_own_subtree ... ok
test rif_xml::tests::expands_internal_entities_and_refuses_external_ones ... ok
test rif_xml::tests::maps_import_profiles_to_rule_table_lanes ... ok
test rif_xml::tests::parses_fact_and_leaves_import_to_caller ... ok
test rif_xml::tests::rejects_unknown_construct ... ok
test rif_xml::tests::resolves_imports_and_merges_default_graph_facts ... ok
test rif_xml::tests::the_caller_base_resolves_a_document_with_no_xml_base ... ok
test rif_xml::tests::xml_base_governs_iri_valued_content ... ok
test rules::tests::as_str_and_from_str_round_trip_for_every_variant ... ok
test rules::tests::current_gap_is_pinned_as_a_ratchet ... ok
test rules::tests::each_owl_rl_table_has_its_specified_size ... ok
test rules::tests::every_spelling_is_unique ... ok
test rules::tests::extension_lists_are_pinned_exactly ... ok
test rules::tests::implemented_is_a_subsequence_of_the_spec_rules ... ok
test rules::tests::implemented_lists_are_pinned_exactly ... ok
test rules::tests::legacy_spellings_parse_to_their_current_variant ... ok
test rules::tests::owl_rl_rule_list_is_the_six_tables_concatenated_in_order ... ok
test rules::tests::rule_lists_are_duplicate_free ... ok
test rules::tests::rule_lists_are_stable_across_calls ... ok
test rules::tests::spec_rdf_and_rdfs_18_equals_the_rdfs_rule_set ... ok
test rules::tests::spec_rl_78_equals_the_owl_rl_rule_set ... ok
test rules::tests::the_extension_prefix_is_disjoint_from_the_specification_names ... ok
test rules::tests::unknown_spellings_are_rejected_with_the_offending_text ... ok
test surrogates::tests::a_triple_term_is_observed_and_paired_with_rdfs_proposition ... ok
test surrogates::tests::only_a_recognized_datatype_is_observed ... ok
test surrogates::tests::the_named_iris_cover_every_object_the_pre_pass_emits ... ok
test tests::a_consistent_run_reports_no_inconsistency ... ok
test tests::a_datatyped_literal_makes_the_withheld_surrogate_count_move ... ok
test tests::a_default_graph_conclusion_is_not_restated_in_a_named_graph ... ok
test tests::a_disjointness_violation_is_a_refusal_with_a_witness ... ok
test tests::a_functional_data_property_with_two_values_is_inconsistent ... ok
test tests::a_named_graph_is_closed_against_itself_and_the_default_graph ... ok
test tests::a_subproperty_rewrite_carries_a_nested_triple_term_through ... ok
test tests::a_subproperty_rewrite_carries_a_triple_term_object_through ... ok
test tests::a_subproperty_rewrite_preserves_a_literal_base_direction ... ok
test tests::a_triple_term_the_rules_cannot_conclude_into_fabricates_no_term ... ok
test rif::eval::tests::a_large_legitimate_closure_succeeds_under_the_default_limits ... ok
test tests::an_ill_typed_literal_is_a_refusal_under_the_datatype_lanes ... ok
test tests::an_inconsistency_in_a_named_graph_names_that_graph ... ok
test tests::an_inconsistent_run_still_returns_its_report ... ok
test tests::blank_nodes_survive_the_closure_and_their_scopes_do_not_collapse ... ok
test tests::boundaries_are_emitted_for_real_constructs ... ok
test tests::boundaries_beside_exact_is_unconstructible ... ok
test tests::completeness_is_derived_from_the_inventory_and_pinned ... ok
test tests::d_is_a_rule_table_lane_like_any_other ... ok
test tests::equality_does_not_substitute_inside_a_triple_term ... ok
test tests::equality_substitutes_in_the_predicate_position ... ok
test rif::eval::tests::a_run_past_a_limit_is_refused_and_a_raised_limit_admits_it ... ok
test tests::every_materialization_plan_answers ... ok
test tests::inverse_of_mirrors_both_directions ... ok
test tests::operational_failure_returns_no_partial_closure_or_report ... ok
test tests::owl_transitive_and_symmetric ... ok
test tests::rdf_regime_types_predicates_as_property ... ok
test tests::rdfs_domain_and_range_type_endpoints ... ok
test tests::rdfs_emission_order_is_deterministic ... ok
test tests::rdfs_subclass_is_transitive_and_types_instances ... ok
test tests::no_emitted_report_says_exact_beside_a_boundary ... ok
test tests::rules_fired_is_ordered_attributed_and_adds_up ... ok
test tests::simple_regime_is_identity ... ok
test tests::the_budget_reports_what_the_run_consumed ... ok
test tests::the_budget_sums_the_work_and_peaks_the_occupancy ... ok
test tests::the_contract_hash_names_the_calculus ... ok
test tests::reports_are_byte_identical_across_runs ... ok
test tests::the_different_from_extension_decides_no_new_run ... ok
test tests::the_inconsistency_witness_is_deterministic ... ok
test tests::the_different_from_extension_fires_and_is_labelled_as_one ... ok
test tests::the_missing_rules_are_named ... ok
test tests::the_termination_certificate_is_reported_where_a_chase_ran ... ok
test owl_dl::oracle::four_co_typed_definitions_on_one_individual_agree_with_the_oracle ... ok
test tests::an_exhausted_budget_is_a_refusal_with_an_accurate_report ... ok

test result: ok. 710 passed; 0 failed; 1 ignored; 0 measured; 0 filtered out; finished in 17.63s

     Running tests/oracle.rs (/opt/purrdf-schema-499-qualification/build/debug/build/purrdf-entail/a46481ce40d72067/out/oracle-a46481ce40d72067)

running 24 tests
test a_deep_subclass_chain_needs_several_rounds ... ok
test a_derived_triple_term_object_is_carried_through_not_folded ... ok
test a_reified_triple_is_not_asserted_by_reifying_it ... ok
test a_reifier_range_conclusion_over_a_triple_term_is_abandoned_and_reported ... ok
test a_named_graph_is_closed_and_its_conclusions_land_in_it ... ok
test a_shared_conclusion_is_credited_once ... ok
test a_would_be_literal_subject_is_abandoned_and_reported ... ok
test a_reifier_side_table_round_trips_through_materialize ... ok
test a_terminology_in_the_default_graph_types_instances_in_a_named_graph ... ok
test every_reifier_interaction_has_a_positive_and_a_near_miss ... ok
test fixture_exercise_lists_name_real_rules ... ok
test every_clash_golden_shows_a_refusal_with_a_named_witness ... ok
test no_clause_of_any_lane_mentions_the_reifier_property ... ok
test every_rule_is_registered_or_declared_unimplemented ... ok
test regenerate_goldens ... ignored, maintainer-only: rewrites the committed goldens; run deliberately
test every_rule_the_chase_fires_is_credited_somewhere_in_the_corpus ... ok
test the_goldens_directory_is_exactly_the_corpus ... ok
test no_report_over_the_corpus_says_exact_beside_a_boundary ... ok
test the_reflexive_rules_fire_on_their_licensed_premises_and_the_axioms_supply_them ... ok
test the_registry_and_the_corpus_agree ... ok
test the_registry_shape_is_pinned ... ok
test goldens_match_the_current_engine ... ok
test the_rdfs_closure_of_every_fixture_contains_the_empty_one ... ok
test rendering_is_byte_stable_within_a_run ... ok

test result: ok. 23 passed; 0 failed; 1 ignored; 0 measured; 0 filtered out; finished in 5.32s

     Running tests/owlrl_oracle.rs (/opt/purrdf-schema-499-qualification/build/debug/build/purrdf-entail/68bd3c19f3381990/out/owlrl_oracle-68bd3c19f3381990)

running 13 tests
test fixture_exercise_lists_name_real_rules ... ok
test corpus_directory_is_exactly_the_fixture_table ... ok
test divergence_triple_count_is_pinned ... ok
test golden_directory_is_exactly_the_fixture_table ... ok
test ledger_entries_carry_a_citation_and_description ... ok
test ledger_entries_name_real_rules ... ok
test corpus_inputs_match_fixtures ... ok
test ledger_entry_count_is_pinned ... ok
test rewrite_owlrl_divergence_artifact ... ignored, regenerates a committed artifact; run deliberately, never as part of the suite
test write_owlrl_corpus_inputs ... ignored, maintainer-only: rewrites the committed corpus inputs; run deliberately
test goldens_embed_the_input_they_were_generated_from ... ok
test goldens_match_owlrl_reference ... ok
test rendering_is_byte_stable_within_a_run ... ok

test result: ok. 11 passed; 0 failed; 2 ignored; 0 measured; 0 filtered out; finished in 0.18s

     Running tests/pack_view_parity.rs (/opt/purrdf-schema-499-qualification/build/debug/build/purrdf-entail/eb0cd3bef3357496/out/pack_view_parity-eb0cd3bef3357496)

running 3 tests
test simple_copy_is_identical_over_pack_view_and_dataset ... ok
test owl_rl_closure_is_identical_over_pack_view_and_dataset ... ok
test rdfs_closure_is_identical_over_pack_view_and_dataset ... ok

test result: ok. 3 passed; 0 failed; 0 ignored; 0 measured; 0 filtered out; finished in 0.04s

     Running tests/reasoner.rs (/opt/purrdf-schema-499-qualification/build/debug/build/purrdf-entail/2050a96dd3e82d89/out/reasoner-2050a96dd3e82d89)

running 56 tests
test a_bare_hierarchy_certifies_every_profile ... ok
test a_consistent_ontology_is_reported_consistent_and_decided ... ok
test a_construct_locality_does_not_decide_is_kept_conservatively_and_reported ... ok
test a_class_forced_into_an_empty_datatype_range_is_unsatisfiable ... ok
test a_class_expression_scaffold_blank_node_is_not_a_non_distinguished_variable ... ok
test a_malformed_operand_collection_blocks_dl ... ok
test a_contradictory_ontology_is_reported_inconsistent_rather_than_thrown ... ok
test a_module_carries_the_whole_class_expression_under_a_kept_axiom ... ok
test a_finite_tagged_enumeration_cannot_supply_two_distinct_qualified_values ... ok
test a_narrowed_budget_reports_unknown_rather_than_a_false_negative ... ok
test a_narrowed_work_budget_reports_unknown_through_the_same_channel ... ok
test a_property_chain_blocks_dl_because_regularity_is_not_decided ... ok
test a_nominal_class_is_subsumed_through_an_assertion ... ok
test a_refutation_symbol_avoids_a_colliding_blank_label_in_the_data ... ok
test a_reserved_term_the_mapping_does_not_know_blocks_dl ... ok
test a_query_blank_node_outside_a_class_expression_raises_the_residue_boundary ... ok
test a_satisfiable_datatype_range_is_reported_consistent_and_decided ... ok
test a_union_is_in_rl_beneath_an_inclusion_and_in_neither_el_nor_ql ... ok
test an_axiom_whose_only_signature_contact_is_inside_its_complex_left_side_is_kept ... ok
test an_empty_seed_extracts_an_empty_module ... ok
test an_empty_datatype_range_is_reported_inconsistent_and_decided ... ok
test an_existential_is_in_el_and_in_rl_only_beneath_an_inclusion ... ok
test an_ontology_carrying_a_bounded_construct_is_never_reported_decided ... ok
test an_undecidable_facet_is_reported_within_boundaries_rather_than_guessed ... ok
test an_unplaceable_class_expression_is_checked_against_both_positions ... ok
test bot_follows_the_chain_upward_and_top_follows_it_downward ... ok
test class_satisfiability_decides_thing_nothing_and_a_forced_empty_class ... ok
test classification_computes_the_transitive_relation_and_its_reduction ... ok
test classification_finds_an_equivalence_and_an_unsatisfiable_class ... ok
test counting_a_transitive_role_blocks_dl ... ok
test bottom_roles_are_empty_through_assertions_subroles_and_restrictions ... ok
test el_admits_a_singleton_enumeration_and_refuses_a_larger_one ... ok
test datetime_stamp_ranges_check_timezone_and_value_identity_without_a_boundary ... ok
test every_axiom_form_is_decided_by_refutation ... ok
test every_service_is_reproducible_answer_and_certificate_alike ... ok
test finite_cyclic_class_equations_have_meaningful_positive_and_negative_models ... ok
test instance_retrieval_reaches_a_class_nothing_asserts ... ok
test malformed_lists_and_cyclic_data_ranges_keep_their_structural_refusals ... ok
test module_extraction_is_reproducible ... ok
test language_enumeration_and_complement_are_checked_on_stored_literal_singletons ... ok
test one_iri_declared_both_an_object_and_a_data_property_blocks_dl ... ok
test owl_full_is_certified_unconditionally ... ok
test ql_excludes_equality_functionality_transitivity_and_keys ... ok
test profile_certification_is_reproducible ... ok
test rl_admits_a_max_cardinality_of_one_and_refuses_a_max_of_two ... ok
test realization_reports_every_entailed_type_and_the_most_specific_ones ... ok
test tagged_value_identity_counts_normalized_tags_and_base_directions ... ok
test tagged_string_range_clashes_are_exact_in_both_rdf_language_spaces ... ok
test the_augmentation_states_a_role_assertion_the_property_hierarchy_entails ... ok
test the_augmentation_states_a_role_assertion_transitivity_entails ... ok
test the_augmentation_states_a_subsumption_only_an_assertion_entails ... ok
test the_object_domain_is_nonempty_even_without_an_abox ... ok
test the_step_cap_can_be_narrowed_and_never_widened ... ok
test the_work_cap_can_be_narrowed_and_never_widened ... ok
test a_narrow_work_cap_exhausts_promptly_over_a_large_role_scan_and_is_deterministic ... ok
test a_module_entails_everything_the_full_ontology_entails_over_its_signature ... ok

test result: ok. 56 passed; 0 failed; 0 ignored; 0 measured; 0 filtered out; finished in 0.07s

     Running tests/report_order.rs (/opt/purrdf-schema-499-qualification/build/debug/build/purrdf-entail/07206cbedb4b3be5/out/report_order-07206cbedb4b3be5)

running 2 tests
test profile_violations_list_nodes_in_term_value_order ... ok
test instance_retrieval_lists_individuals_in_term_value_order ... ok

test result: ok. 2 passed; 0 failed; 0 ignored; 0 measured; 0 filtered out; finished in 0.00s

     Running tests/schema_cardinality_boundary.rs (/opt/purrdf-schema-499-qualification/build/debug/build/purrdf-entail/1fce5a73dbb18afd/out/schema_cardinality_boundary-1fce5a73dbb18afd)

running 1 test
test largest_supported_bound_uses_prepared_clash_and_next_count_is_a_typed_refusal ... ok

test result: ok. 1 passed; 0 failed; 0 ignored; 0 measured; 0 filtered out; finished in 0.00s

     Running unittests src/lib.rs (/opt/purrdf-schema-499-qualification/build/debug/build/purrdf-validate/ffec923868e5d6a8/out/purrdf_validate-ffec923868e5d6a8)

running 201 tests
test build::tests::complex_path_renders_as_sparql_path_syntax ... ok
test build::tests::caller_times_emit_an_invocation_and_default_omits_it ... ok
test build::tests::attribution_resolves_unit_id_to_slice_iri_and_never_leaks_numeric_id ... ok
test build::tests::a_completed_run_that_found_nothing_serializes_an_empty_results_array ... ok
test build::tests::emitted_sarif_satisfies_structural_invariants ... ok
test build::tests::diagnostic_location_becomes_physical_location ... ok
test build::tests::diagnostic_source_root_uri_stamps_base_id ... ok
test build::tests::registered_rules_carry_spec_metadata ... ok
test build::tests::results_are_sorted_and_rules_deduplicated ... ok
test build::tests::sarif_carries_every_message_with_its_language ... ok
test build::tests::sarif_carries_result_annotations ... ok
test build::tests::sarif_debug_and_trace_are_informational_level_none ... ok
test build::tests::sarif_run_properties_carry_conforms_and_the_disallow_set ... ok
test build::tests::sarif_run_properties_carry_shapes_graph_well_formed ... ok
test build::tests::severity_maps_and_other_is_non_lossy ... ok
test build::tests::physical_location_traces_focus_to_source_line ... ok
test build::tests::source_root_uri_wires_base_id_and_original_uri_base_ids ... ok
test build::tests::physical_location_emits_zero_byte_offset ... ok
test build::tests::source_shape_is_a_related_location ... ok
test build::tests::structured_diagnostic_arguments_survive_sarif_independently_of_prose ... ok
test build::tests::synthesized_message_is_actionable_not_a_bare_iri ... ok
test build::tests::default_emits_no_base_id_and_no_original_uri_base_ids ... ok
test entail::tests::an_ordinary_object_iri_neighbouring_the_reserved_one_still_entails ... ok
test entail::tests::entail_materializes_the_inferred_triple ... ok
test entail::tests::malformed_shapes_is_an_error ... ok
test entail::tests::entail_is_deterministic ... ok
test governors::tests::a_ceiling_beside_no_ceiling_is_refused_naming_its_dimension ... ok
test entail::tests::entail_refuses_a_reserved_vocabulary_dataset_as_a_value_not_a_panic ... ok
test governors::tests::an_update_refuses_an_answer_cap_and_accepts_every_other_ceiling ... ok
test governors::tests::each_ceiling_lands_on_its_own_dimension_over_the_metered_base ... ok
test entail::tests::the_python_binding_repoint_is_byte_identical ... ok
test governors::tests::no_ceiling_is_unbounded ... ok
test governors::tests::naming_nothing_is_metered ... ok
test governors::tests::no_ceiling_keeps_a_stop_signal ... ok
test governors::tests::the_refusals_read_as_sentences ... ok
test model::tests::matches_golden ... ok
test model::tests::property_bag_keys_are_sorted ... ok
test model::tests::property_bag_sorts_members_of_nested_objects ... ok
test model::tests::serialization_is_byte_deterministic ... ok
test path_syntax::tests::alternative ... ok
test path_syntax::tests::closures_and_grouping ... ok
test path_syntax::tests::inverse_and_sequence ... ok
test path_syntax::tests::plain_predicate ... ok
test governors::tests::no_ceiling_accepts_and_the_metered_default_reports_its_cost ... ok
test governors::tests::the_default_refuses_over_cap_and_completes_at_the_cap ... ok
test product::tests::a_corrupt_product_is_refused_on_a_named_dimension ... ok
test product::tests::a_self_import_packs_under_its_own_base ... ok
test product::tests::a_product_round_trips_through_every_reader ... ok
test product::tests::a_product_validation_honours_the_request_disallow_set ... ok
test product::tests::a_shapes_parse_failure_names_no_dimension ... ok
test product::tests::accepts_a_graph_with_no_imports_neighbour ... ok
test product::tests::a_supplied_import_is_packed_into_the_product ... ok
test product::tests::accepts_packing_a_named_injected_population_neighbour ... ok
test product::tests::accepts_the_expected_product_neighbour ... ok
test product::tests::accepts_the_expected_product_neighbour_on_rebuild_validation ... ok
test product::tests::an_identity_component_renders_empty_as_quoted_text_and_bytes_as_hex ... ok
test product::tests::accepts_the_expected_product_neighbour_on_rebuild ... ok
test product::tests::accepts_the_same_implementation_build_neighbour ... ok
test product::tests::refuses_a_product_that_is_not_the_expected_one ... ok
test product::tests::refuses_a_rebuild_validation_that_is_not_the_expected_one ... ok
test product::tests::refuses_a_restore_under_another_implementation_build ... ok
test product::tests::refuses_a_rebuilt_product_that_is_not_the_expected_one ... ok
test product::tests::refuses_an_unresolved_import_with_the_typed_import_error ... ok
test product::tests::refuses_a_selector_that_is_not_a_digest ... ok
test product::tests::refuses_packing_an_injected_population_with_no_build ... ok
test product::tests::the_dataset_entry_point_matches_the_text_entry_point_with_a_base ... ok
test product::tests::the_dataset_entry_point_matches_the_text_entry_point_byte_for_byte ... ok
test product::tests::the_rendered_selector_is_the_accepted_selector ... ok
test query::tests::a_namespace_carries_the_query_hash_and_the_engine_label ... ok
test query::tests::no_namespace_leaves_the_output_pure_w3c ... ok
test query::tests::the_empty_query_hashes_to_the_empty_digest ... ok
test query::tests::the_hash_is_of_the_exact_text_and_not_of_the_namespace ... ok
test regime::proof_tests::a_document_that_is_not_a_proof_is_refused ... ok
test regime::proof_tests::a_proof_body_edited_by_one_hex_digit_is_refused ... ok
test regime::proof_tests::a_proof_body_that_is_not_lowercase_hex_is_refused ... ok
test regime::proof_tests::a_proof_for_another_ontology_is_refused_at_the_boundary ... ok
test regime::proof_tests::a_proof_that_does_not_cover_the_answer_beside_it_is_refused ... ok
test product::tests::unresolved_import_refused ... ok
test regime::proof_tests::a_proved_session_answers_exactly_what_an_unproved_one_answers ... ok
test regime::proof_tests::a_receipt_checked_against_another_runs_certificate_is_refused ... ok
test regime::proof_tests::a_recorded_zero_run_proof_is_a_different_document_from_an_absent_one ... ok
test regime::proof_tests::a_rewritten_proof_header_is_refused ... ok
test regime::proof_tests::a_session_that_records_nothing_refuses_to_prove ... ok
test regime::proof_tests::an_absent_proof_is_never_presented_as_a_verified_one_natively ... ok
test regime::proof_tests::an_argument_a_service_does_not_take_is_refused ... ok
test regime::proof_tests::an_entails_proof_for_another_axiom_is_refused_at_the_boundary ... ok
test regime::proof_tests::a_rendered_proof_is_byte_identical_run_to_run ... ok
test regime::proof_tests::an_unknown_proof_service_names_the_accepted_set ... ok
test regime::proof_tests::an_undecided_proof_needs_the_certificate_it_arrived_beside ... ok
test regime::proof_tests::scalar_answer_subjects_cannot_be_substituted ... ok
test regime::proof_tests::every_proof_bearing_service_produces_a_checkable_proof ... ok
test entail::tests::entail_is_bounded_by_the_four_limits_named_in_each_hosts_terms ... ok
test regime::proof_tests::the_proof_banners_are_all_distinct ... ok
test regime::proof_tests::scalar_proofs_bind_all_three_verdicts ... ok
test regime::schema_vectors::tests::seal_schema_vectors ... ignored, one-time native sealing after independent semantic/owner checks
test regime::term_walk_tests::a_deep_malformed_term_renders_on_a_128_kib_thread ... ok
test regime::tests::a_caller_writing_the_stand_in_is_not_read_as_a_variable ... ok
test regime::term_walk_tests::the_walks_agree_with_their_recursive_references_on_generated_terms ... ok
test regime::proof_tests::the_dl_proof_golden_vector_matches_natively ... ok
test regime::tests::a_declined_lane_renders_a_limit_line_naming_itself ... ok
test regime::tests::a_malformed_artifact_is_rejected ... ok
test regime::tests::a_malformed_document_is_an_error ... ok
test regime::tests::a_malformed_import_table_is_refused_by_entry ... ok
test product::tests::merged_vocabulary_packs ... ok
test regime::tests::a_nested_malformed_predicate_renders_structurally_not_as_a_fabricated_empty_iri ... ok
test regime::tests::a_named_graph_survives_the_boundary ... ok
test regime::tests::a_predicate_variable_binds_over_the_widened_closure ... ok
test regime::tests::a_profile_violation_names_its_term_and_reason ... ok
test regime::tests::a_question_mark_that_is_not_a_variable_stays_where_it_was ... ok
test regime::tests::a_reserved_vocabulary_closure_is_refused_as_a_value_not_a_panic ... ok
test regime::tests::a_rif_import_is_refused_with_its_location ... ok
test regime::tests::a_rule_document_belongs_to_rif_and_is_refused_elsewhere ... ok
test regime::tests::a_session_answers_the_same_as_a_fresh_one_whatever_ran_before ... ok
test regime::tests::a_variable_in_a_literal_datatype_is_refused_rather_than_matched ... ok
test regime::tests::a_variable_inside_a_triple_term_is_a_variable_of_the_pattern ... ok
test regime::tests::a_variable_is_projected_from_every_position ... ok
test regime::tests::a_variable_used_inside_and_outside_a_triple_term_is_one_variable ... ok
test regime::tests::an_endlessly_nested_expression_is_refused_by_name ... ok
test regime::tests::an_escaped_question_mark_is_not_a_variable_either ... ok
test regime::tests::an_exhausted_budget_is_unknown_and_never_false ... ok
test regime::tests::a_premise_that_imports_its_own_iri_resolves_when_the_host_names_it ... ok
test regime::tests::an_inconsistent_input_is_refused_with_its_report ... ok
test regime::tests::an_ordinary_object_iri_neighbouring_the_reserved_one_still_materializes ... ok
test regime::tests::an_unentailed_axiom_has_no_justification ... ok
test regime::tests::an_unexplainable_conclusion_is_refused_by_name ... ok
test regime::tests::a_disjunctive_abox_is_decided_rather_than_overflowing_the_stack ... ok
test regime::tests::an_unknown_module_method_names_the_accepted_set ... ok
test regime::tests::an_unknown_regime_names_the_accepted_set ... ok
test regime::tests::an_unsatisfiable_ontology_is_refused_rather_than_answered_vacuously ... ok
test regime::tests::an_unsupplied_import_still_refuses_by_name ... ok
test regime::tests::classify_emits_the_closure_and_its_reduction ... ok
test regime::tests::counting_boundaries_refuse_or_exhaust_but_never_answer_wrongly ... ok
test regime::tests::counting_on_inverse_is_decided_by_nominal_introduction ... ok
test regime::tests::entails_decides_both_directions ... ok
test regime::tests::an_open_predicate_renders_a_limit_rather_than_an_exhaustive_answer ... ok
test regime::tests::boundary_lines_carry_the_reason ... ok
test regime::tests::every_conclusion_directed_service_refuses_an_unreached_import_entry ... ok
test regime::tests::every_regime_spelling_round_trips ... ok
test regime::tests::every_service_carries_its_certificate ... ok
test regime::tests::every_regime_spelling_materializes ... ok
test regime::tests::extract_module_is_smaller_than_the_ontology ... ok
test regime::tests::extract_module_refuses_a_reserved_vocabulary_module_as_a_value ... ok
test regime::tests::extract_module_still_admits_the_ordinary_taxonomy ... ok
test regime::tests::extract_module_with_proofs_refuses_a_reserved_vocabulary_ontology_as_a_value ... ok
test regime::tests::extract_module_with_proofs_still_admits_the_ordinary_taxonomy ... ok
test regime::tests::every_conclusion_directed_service_resolves_the_callers_imports ... ok
test regime::tests::instances_retrieves_through_the_hierarchy ... ok
test regime::tests::justify_refuses_a_reserved_vocabulary_justification_as_a_value ... ok
test regime::tests::justify_re_decides_both_halves_of_its_claim ... ok
test regime::tests::malformed_boundary_input_is_an_error ... ok
test regime::tests::explain_conclusion_re_derives_rather_than_re_reads ... ok
test regime::tests::justify_still_admits_the_ordinary_taxonomy ... ok
test regime::tests::one_iri_two_spellings_is_one_answer ... ok
test regime::tests::opening_a_session_does_not_build_a_knowledge_base ... ok
test regime::tests::profile_certifies_most_restrictive_first ... ok
test regime::tests::realize_marks_the_most_specific_type ... ok
test regime::tests::regenerate_regime_golden_vectors ... ignored, writes the committed golden vector; run deliberately
test regime::tests::terms_round_trip_through_the_boundary_syntax ... ok
test regime::tests::the_axiom_encoding_is_the_owl_2_rdf_mapping ... ok
test regime::tests::the_backward_check_confirms_on_the_regimes_it_completes_over ... ok
test regime::tests::the_backward_check_reports_skipped_where_it_does_not_run ... ok
test regime::tests::materialization_and_consistency_close_over_the_import_table ... ok
test regime::tests::the_closure_infers_under_rdfs_and_not_under_simple ... ok
test regime::tests::the_contract_hash_distinguishes_the_calculi ... ok
test regime::tests::the_golden_vector_is_well_formed ... ok
test regime::tests::nothing_to_project_answers_as_the_entailment_question_it_is ... ok
test regime::tests::the_import_resolution_reaches_a_fixpoint ... ok
test regime::tests::the_inventory_strings_are_the_specification_tables ... ok
test regime::tests::the_missing_lines_are_the_inventory_difference ... ok
test regime::tests::the_dl_renderings_are_byte_stable_across_calls ... ok
test regime::tests::the_golden_vector_matches ... ok
test regime::tests::the_rif_lane_entails_under_the_supplied_rules ... ok
test regime::tests::the_three_services_agree_on_error_precedence ... ok
test regime::tests::the_rendering_has_the_documented_shape ... ok
test regime::tests::the_two_lanes_render_different_certificates ... ok
test regime::tests::the_withheld_surrogate_count_moves_with_the_lane ... ok
test rules::tests::curated_components_resolve_to_live_spec_anchors ... ok
test rules::tests::diagnostic_code_gets_a_description ... ok
test rules::tests::every_declared_component_has_a_curated_summary ... ok
test rules::tests::shacl_component_gets_spec_anchor ... ok
test rules::tests::unknown_id_is_bare_but_valid ... ok
test rules::tests::unknown_shacl_component_still_gets_a_help_uri ... ok
test shacl::tests::a_malformed_document_on_any_leg_is_an_error ... ok
test shacl::tests::a_mandatory_diagnostic_is_a_note_level_tool_execution_notification ... ok
test shacl::tests::a_removed_row_moves_the_verdict_too ... ok
test shacl::tests::an_added_row_is_validated_against_the_graph_it_joins ... ok
test shacl::tests::an_empty_change_expands_to_nothing ... ok
test shacl::tests::an_unbounded_footprint_falls_back_to_a_full_validation_and_says_so ... ok
test shacl::tests::imported_property_component_preserves_all_fifteen_property_constraints ... ok
test shacl::tests::malformed_shapes_is_an_error ... ok
test shacl::tests::malformed_singleton_parameter_propagates_the_engine_error ... ok
test shacl::tests::repeated_custom_parameters_preserve_every_sarif_result ... ok
test shacl::tests::validate_to_sarif_string_emits_2_1_0_error ... ok
test shacl::tests::validate_to_sarif_string_honours_conformance_disallows ... ok
test xpath_regex::tests::a_neighbouring_name_is_refused_naming_every_accepted_one ... ok
test xpath_regex::tests::a_refusal_is_identified_by_its_resource_code ... ok
test xpath_regex::tests::a_selection_reaches_the_request_options ... ok
test xpath_regex::tests::each_exact_name_selects_its_law_and_no_name_selects_none ... ok
test regime::tests::the_variable_stand_in_never_reaches_a_caller ... ok
test regime::tests::the_rendering_is_byte_stable_across_calls ... ok
test regime::tests::a_large_conclusion_is_decided_rather_than_overflowing_the_stack ... ok

test result: ok. 199 passed; 0 failed; 2 ignored; 0 measured; 0 filtered out; finished in 0.80s

     Running tests/complete_shacl.rs (/opt/purrdf-schema-499-qualification/build/debug/build/purrdf-validate/a8e4a86fa25d4f5f/out/complete_shacl-a8e4a86fa25d4f5f)

running 9 tests
test deliberate_shared_source_alias_is_serialized_once_with_both_roles ... ok
test native_allocation_refusals_keep_resource_status_across_pattern_and_query ... ok
test full_payload_keeps_report_root_and_distinct_authored_blank_domains ... ok
test existing_default_sarif_body_is_the_complete_compatibility_projection ... ok
test one_complete_result_carries_every_validation_result_property ... ok
test reached_native_query_resources_use_machine_codes_and_recover_with_current_limits ... ok
test unsupported_admission_semantic_and_resource_refusals_are_not_verdicts ... ok
test dated_some_value_discards_ordinary_query_failures_but_retains_resource_refusals ... ok
test shared_product_doors_apply_the_current_bundle_before_source_admission ... ok

test result: ok. 9 passed; 0 failed; 0 ignored; 0 measured; 0 filtered out; finished in 0.02s

     Running tests/dl_consistency_search_budget.rs (/opt/purrdf-schema-499-qualification/build/debug/build/purrdf-validate/426939b536a6026f/out/dl_consistency_search_budget-426939b536a6026f)

running 1 test
test an_ordinary_ontology_decides_far_inside_its_step_budget ... ok

test result: ok. 1 passed; 0 failed; 0 ignored; 0 measured; 0 filtered out; finished in 0.00s

     Running tests/dl_nominal_witnesses.rs (/opt/purrdf-schema-499-qualification/build/debug/build/purrdf-validate/a4c6a6dd7409c7c8/out/dl_nominal_witnesses-a4c6a6dd7409c7c8)

running 2 tests
test every_absorbed_witness_shape_decides_consistent ... ok
test every_other_witness_order_loses_one_of_these ... ok

test result: ok. 2 passed; 0 failed; 0 ignored; 0 measured; 0 filtered out; finished in 2.07s

     Running tests/dl_step_ledger.rs (/opt/purrdf-schema-499-qualification/build/debug/build/purrdf-validate/b412235658d5699f/out/dl_step_ledger-b412235658d5699f)

running 4 tests
test the_cardinality_only_control_is_a_distinct_ontology_from_the_both_moved_variant ... ok
test every_decided_ledgered_search_stays_far_inside_its_budget ... ok
test every_ledgered_search_costs_exactly_what_it_is_pinned_to ... ok
test every_ledgered_search_renders_identically_twice ... ok

test result: ok. 4 passed; 0 failed; 0 ignored; 0 measured; 0 filtered out; finished in 0.01s

     Running tests/dl_work_budget.rs (/opt/purrdf-schema-499-qualification/build/debug/build/purrdf-validate/666d75e8b9e3119f/out/dl_work_budget-666d75e8b9e3119f)

running 4 tests
test two_co_typed_copies_decide_inside_both_budgets ... ok
test ten_co_typed_copies_answer_unknown_at_a_narrowed_work_cap ... ok
test the_exhausted_answer_is_identical_twice ... ok
test ten_co_typed_copies_decide_inside_the_derived_work_cap ... ok

test result: ok. 4 passed; 0 failed; 0 ignored; 0 measured; 0 filtered out; finished in 1.06s

     Running tests/evaluation_limits.rs (/opt/purrdf-schema-499-qualification/build/debug/build/purrdf-validate/583046f00635b39c/out/evaluation_limits-583046f00635b39c)

running 4 tests
test a_rules_refusal_names_the_hosts_knob_and_the_neighbour_completes ... ok
test the_limits_in_force_reach_the_reports_contract_hash ... ok
test a_conclusion_directed_refusal_names_the_services_knob_and_the_neighbour_answers ... ok
test a_materialization_refusal_names_the_hosts_knob_and_the_neighbour_completes ... ok

test result: ok. 4 passed; 0 failed; 0 ignored; 0 measured; 0 filtered out; finished in 0.18s

     Running tests/identity_empty_component.rs (/opt/purrdf-schema-499-qualification/build/debug/build/purrdf-validate/2521134903860b26/out/identity_empty_component-2521134903860b26)

running 3 tests
test explain_renders_the_empty_component_as_quoted_empty_text ... ok
test diff_renders_the_empty_component_on_either_side_and_beside_a_missing_one ... ok
test an_admission_refusal_renders_the_empty_component_as_quoted_empty_text ... ok

test result: ok. 3 passed; 0 failed; 0 ignored; 0 measured; 0 filtered out; finished in 0.01s

     Running tests/import_key_policy.rs (/opt/purrdf-schema-499-qualification/build/debug/build/purrdf-validate/a8c197fec1a1972f/out/import_key_policy-a8c197fec1a1972f)

running 4 tests
test a_relative_or_empty_key_is_refused_by_both_boundaries ... ok
test the_empty_key_is_refused_by_both_boundaries ... ok
test a_repeated_key_is_refused_by_both_boundaries ... ok
test two_distinct_absolute_keys_are_accepted_by_both_boundaries ... ok

test result: ok. 4 passed; 0 failed; 0 ignored; 0 measured; 0 filtered out; finished in 0.00s

     Running tests/node_expr_selectors.rs (/opt/purrdf-schema-499-qualification/build/debug/build/purrdf-validate/03b9566c506bc88f/out/node_expr_selectors-03b9566c506bc88f)

running 8 tests
test a_host_names_exactly_one_selector ... ok
test a_walk_is_decided_before_any_document ... ok
test an_inline_expression_has_exactly_one_root ... ok
test an_evaluation_reports_the_mandatory_diagnostic ... ok
test a_walk_names_an_anonymous_expression ... ok
test the_node_form_still_names_the_node ... ok
test an_inline_expression_binds_into_the_shapes_graph ... ok
test an_inline_expression_is_standardized_apart ... ok

test result: ok. 8 passed; 0 failed; 0 ignored; 0 measured; 0 filtered out; finished in 0.01s

     Running tests/premise_iri_policy.rs (/opt/purrdf-schema-499-qualification/build/debug/build/purrdf-validate/8a133df8843e021b/out/premise_iri_policy-8a133df8843e021b)

running 5 tests
test every_absolute_premise_iri_passes_the_check ... ok
test premise_iris_are_judged_before_the_import_table ... ok
test a_premise_iri_that_is_not_absolute_is_refused_by_every_service ... ok
test the_presentation_nests_the_iri_parser_condition ... ok
test an_absolute_premise_iri_is_accepted_by_every_service ... ok

test result: ok. 5 passed; 0 failed; 0 ignored; 0 measured; 0 filtered out; finished in 0.02s

     Running tests/rules_shapes_graph_iri.rs (/opt/purrdf-schema-499-qualification/build/debug/build/purrdf-validate/b6e0e6b8bf338cb0/out/rules_shapes_graph_iri-b6e0e6b8bf338cb0)

running 4 tests
test a_shapes_graph_iri_beside_a_sparql_rl_rule_set_is_refused ... ok
test a_relative_shapes_graph_iri_resolves_against_the_shapes_base ... ok
test a_sparql_rule_sees_the_shapes_graph_iri_it_is_given_and_an_ordinary_variable_without ... ok
test entailment_sees_the_shapes_graph_iri_it_is_given ... ok

test result: ok. 4 passed; 0 failed; 0 ignored; 0 measured; 0 filtered out; finished in 0.02s

     Running tests/sarif_components.rs (/opt/purrdf-schema-499-qualification/build/debug/build/purrdf-validate/5f9d008c68b56408/out/sarif_components-5f9d008c68b56408)

running 11 tests
test sarif_closed_by_types ... ok
test sarif_max_list_length ... ok
test sarif_member_shape ... ok
test sarif_min_list_length ... ok
test sarif_root_class ... ok
test sarif_detail_related_locations ... ok
test sarif_some_value ... ok
test sarif_subset_of ... ok
test sarif_single_line ... ok
test sarif_unique_members ... ok
test sarif_unique_values_for ... ok

test result: ok. 11 passed; 0 failed; 0 ignored; 0 measured; 0 filtered out; finished in 0.01s

     Running tests/shapes_graph_iri.rs (/opt/purrdf-schema-499-qualification/build/debug/build/purrdf-validate/ce1d785c9a9431b4/out/shapes_graph_iri-ce1d785c9a9431b4)

running 4 tests
test shapes_graph_001_through_the_change_path ... ok
test shapes_graph_001_through_the_text_boundary ... ok
test shapes_graph_001_through_parsed_prepared_and_packed_shapes ... ok
test a_relative_shapes_graph_with_no_base_is_refused ... ok

test result: ok. 4 passed; 0 failed; 0 ignored; 0 measured; 0 filtered out; finished in 0.04s

     Running tests/shapes_graph_links.rs (/opt/purrdf-schema-499-qualification/build/debug/build/purrdf-validate/8323cce9397d69b3/out/shapes_graph_links-8323cce9397d69b3)

running 12 tests
test a_linked_graphs_own_imports_are_followed ... ok
test a_link_a_change_adds_is_followed ... ok
test a_link_on_a_non_anchor_node_is_data ... ok
test a_link_via_version_iri_resolves ... ok
test a_non_iri_link_is_refused_and_non_anchor_literal_is_data ... ok
test a_prepared_shapes_graph_must_hold_every_link ... ok
test an_empty_shapes_document_validates_against_the_linked_graphs ... ok
test the_data_graphs_loaded_iri_anchors_a_link ... ok
test a_supplied_link_is_unioned_and_its_shape_fires ... ok
test an_unsupplied_link_is_refused_by_name ... ok
test two_links_are_unioned ... ok
test a_product_holds_every_graph_it_absorbed ... ok

test result: ok. 12 passed; 0 failed; 0 ignored; 0 measured; 0 filtered out; finished in 0.01s

     Running tests/shapes_owl_imports.rs (/opt/purrdf-schema-499-qualification/build/debug/build/purrdf-validate/dd7587ce8f5cff1f/out/shapes_owl_imports-dd7587ce8f5cff1f)

running 9 tests
test a_table_entry_nothing_imports_is_refused_and_a_reached_one_is_not ... ok
test a_prepared_preparation_of_the_closure_matches_a_fresh_parse ... ok
test an_ontology_declared_in_place_resolves_and_its_neighbour_does_not ... ok
test a_document_validated_as_data_enacts_no_import_and_loaded_as_shapes_it_does ... ok
test engine_constructors_and_text_entry_points_agree ... ok
test the_shapes_documents_own_iri_resolves_a_self_import_and_another_does_not ... ok
test the_shacl_prefix_idiom_resolves_with_no_table_and_a_header_import_does_not ... ok
test every_boundary_entry_point_refuses_without_the_table_and_applies_it_with ... ok
test free_expression_and_lint_agree ... ok

test result: ok. 9 passed; 0 failed; 0 ignored; 0 measured; 0 filtered out; finished in 0.04s

     Running tests/srl_imports.rs (/opt/purrdf-schema-499-qualification/build/debug/build/purrdf-validate/e01384e9589319b4/out/srl_imports-e01384e9589319b4)

running 3 tests
test an_srl_import_the_table_does_not_supply_is_refused_by_name ... ok
test an_import_table_entry_nothing_imports_is_refused_as_unused ... ok
test an_srl_import_resolves_from_the_import_table ... ok

test result: ok. 3 passed; 0 failed; 0 ignored; 0 measured; 0 filtered out; finished in 0.01s

     Running tests/xpath_regex.rs (/opt/purrdf-schema-499-qualification/build/debug/build/purrdf-validate/de6f3acd04342cd0/out/xpath_regex-de6f3acd04342cd0)

running 7 tests
test only_an_exact_name_selects_a_law ... ok
test product_validation_follows_the_selected_law ... ok
test rules_entailment_and_node_expressions_follow_the_selected_law ... ok
test whole_graph_and_change_validation_follow_the_selected_law ... ok
test a_product_refusal_keeps_its_dimension_and_a_law_refusal_is_its_own ... ok
test a_validation_resource_refusal_writes_no_log_and_the_neighbour_does ... ok
test a_rules_or_expression_resource_refusal_answers_nothing_and_the_neighbour_answers ... ok

test result: ok. 7 passed; 0 failed; 0 ignored; 0 measured; 0 filtered out; finished in 0.11s

     Running unittests src/lib.rs (/opt/purrdf-schema-499-qualification/build/debug/build/purrdf-xsd/22ff188ffb44de7d/out/purrdf_xsd-22ff188ffb44de7d)

running 312 tests
test bigint::arithmetic_tests::tests::pow_gcd_and_decimal_shapes ... ok
test bigint::scratch::tests::held_immutable_values_refuse_without_fallback_and_return_last_slot ... ok
test bigint::scratch::tests::values_outlive_context_and_concurrent_final_drops_recycle_destination ... ok
test bigint::scratch::tests::bounded_original_arithmetic_matches_unbounded_without_allocating ... ok
test bigint::tests::admitted_ratio_roots_match_and_refuse_without_heap_fallback ... ok
test bigint::tests::common_normalized_division_and_gcd_keep_inline_storage ... ok
test bigint::tests::decimal_byte_parser_validates_without_a_string_intermediate ... ok
test bigint::arithmetic_tests::tests::div_rem_reconstructs_the_dividend ... ok
test bigint::tests::detaching_owned_coefficients_returns_their_reusable_destinations ... ok
test bigint::tests::inline_magnitude_survives_carry_borrow_and_spill ... ok
test bigint::tests::normalized_division_corrects_estimate_and_addback_edges ... ok
test bigint::tests::inplace_binary_gcd_preserves_exact_common_factors ... ok
test bigint::tests::binary_grid_division_matches_reconstruction_across_limb_edges ... ok
test bigint::tests::scaled_rational_square_root_is_exact_at_boundaries ... ok
test bigint::tower_tests::tests::addition_is_commutative_and_order_independent ... ok
test bigint::tower_tests::tests::adds_within_i128_exactly ... ok
test bigint::tower_tests::tests::cancels_back_into_i128_range ... ok
test bigint::tower_tests::tests::div_rem_u64_matches_i128_division_within_i128_range ... ok
test bigint::tower_tests::tests::div_rem_u64_rejects_zero_divisor ... ok
test bigint::tower_tests::tests::exceeds_i128_and_still_renders_exactly ... ok
test bigint::tests::normalized_division_reconstructs_all_limb_normalizations ... ok
test bigint::tower_tests::tests::float_conversions_overflow_exactly_at_the_rounding_boundary ... ok
test bigint::tower_tests::tests::from_binary_writes_dyadic_values_out_in_full ... ok
test bigint::tower_tests::tests::from_digits_reads_signed_digit_runs_and_refuses_anything_else ... ok
test bigint::tower_tests::tests::from_u128_reaches_the_magnitude_no_i128_can_hold ... ok
test bigint::tower_tests::tests::mul_and_rem_match_i128_arithmetic ... ok
test bigint::tower_tests::tests::mul_pow10_is_exact_across_a_limb_boundary ... ok
test bigint::tower_tests::tests::mul_pow10_then_div_rem_u64_reproduces_exact_decimal_division ... ok
test bigint::tower_tests::tests::mul_pow2_is_exact_across_chunk_boundaries ... ok
test bigint::tower_tests::tests::mul_pow5_and_mul_pow2_compose_to_mul_pow10 ... ok
test bigint::tower_tests::tests::negative_exceeds_i128_and_still_renders_exactly ... ok
test bigint::tower_tests::tests::ord_agrees_with_i128_and_survives_the_i128_ceiling ... ok
test bigint::tower_tests::tests::parity_and_negation ... ok
test bigint::tower_tests::tests::pinned_horner_witness_rounds_correctly ... ok
test bigint::tower_tests::tests::rem_by_a_multi_limb_divisor_recovers_the_remainder ... ok
test bigint::tower_tests::tests::roundtrips_i128_extremes ... ok
test bigint::arithmetic_tests::tests::karatsuba_agrees_with_schoolbook_across_the_threshold ... ok
test bigint::tower_tests::tests::to_decimal_lexical_exceeds_i128_and_still_renders_exactly ... ok
test bigint::tower_tests::tests::to_decimal_lexical_matches_decimal_canonical_lexical_shape ... ok
test bigint::tower_tests::tests::to_f32_rounds_once_where_narrowing_to_f64_would_round_twice ... ok
test bigint::tower_tests::tests::zero_is_canonical ... ok
test binary::tests::base64_aaaa_is_zero_bytes ... ok
test binary::tests::base64_bad_char_at_sign_is_error ... ok
test binary::tests::base64_canonical_empty ... ok
test binary::tests::base64_canonical_man ... ok
test binary::tests::base64_canonical_one_pad ... ok
test bigint::tower_tests::tests::the_old_horner_conversion_is_refused_and_the_new_one_matches_the_oracle ... ok
test binary::tests::base64_canonical_two_pads ... ok
test binary::tests::base64_empty ... ok
test binary::tests::base64_four_equals_is_error ... ok
test binary::tests::base64_full_alphabet_round_trip ... ok
test binary::tests::base64_internal_pad_is_error ... ok
test binary::tests::base64_length_not_multiple_of_4_is_error ... ok
test binary::tests::base64_m_with_two_pads ... ok
test binary::tests::base64_ma_with_one_pad ... ok
test binary::tests::base64_man ... ok
test binary::tests::base64_over_pad_is_error ... ok
test binary::tests::base64_padding_bits_must_be_zero ... ok
test binary::tests::base64_whitespace_only_is_empty ... ok
test binary::tests::base64_whitespace_tolerant_mid ... ok
test binary::tests::base64_whitespace_tolerant_newline ... ok
test binary::tests::canonical_base64_matches_the_rfc_4648_test_vectors ... ok
test binary::tests::hex_all_byte_values_round_trip ... ok
test binary::tests::hex_bad_char_is_error ... ok
test binary::tests::hex_canonical_is_uppercase ... ok
test binary::tests::hex_canonical_of_lowercase_input ... ok
test binary::tests::hex_case_insensitive_value_equality ... ok
test binary::tests::hex_decode_basic ... ok
test binary::tests::hex_decode_empty ... ok
test binary::tests::hex_decode_lowercase ... ok
test binary::tests::hex_odd_length_is_error ... ok
test binary::tests::hex_whitespace_is_error ... ok
test binary::tests::hex_zz_is_error ... ok
test binary::tests::parse_binary_dispatches_base64 ... ok
test binary::tests::parse_binary_dispatches_hex ... ok
test binary::tests::parse_binary_wrong_datatype_is_error ... ok
test datatype::tests::integer_range_table ... ok
test datatype::tests::iri_constants_are_byte_exact ... ok
test datatype::tests::iri_round_trips_for_every_datatype ... ok
test datatype::tests::non_xsd_iri_is_none ... ok
test datatype::tests::vocabulary_constants_are_namespace_plus_local_name ... ok
test decimal_float::tests::f32_rounds_once_where_narrowing_f64_rounds_twice ... ok
test decimal_float::tests::f32_subnormals_round_once ... ok
test decimal_float::tests::pinned_two_rounding_witness_rounds_correctly ... ok
test decimal_float::tests::exact_ties_and_their_neighbours_round_to_even ... ok
test decimal_float::tests::the_old_two_rounding_conversion_is_refused_and_the_new_one_matches ... ok
test decimal_float::tests::zero_is_positive_zero_at_every_scale ... ok
test exact::cost::comparison_bounds_tests::extreme_digit_and_scale_bounds_preserve_containment ... ok
test decimal_float::tests::random_decimals_match_the_oracle_across_mantissa_sizes_and_scales ... ok
test bigint::tower_tests::tests::float_conversions_are_correctly_rounded_across_bit_lengths ... ok
test ieee::tests::binary32_subnormal_products_and_quotients_equal_the_software_reference ... ok
test ieee::tests::every_binary32_witness_rounds_twice_at_24_bits_and_once_under_the_scope ... ok
test ieee::tests::every_binary64_witness_rounds_twice_through_the_register_and_once_under_the_scope ... ok
test ieee::tests::every_successor_midpoint_is_exact ... ok
test ieee::tests::binary32_operations_equal_the_software_reference ... ok
test ieee::tests::binary64_operations_equal_the_software_reference ... ok
test ieee::tests::the_reference_rounds_twice_the_way_the_x87_does ... ok
test ieee::tests::the_significand_power_model_reproduces_the_published_misreadings ... ok
test json_number::tests::a_bare_point_is_refused_and_a_digit_after_it_accepted ... ok
test json_number::tests::a_leading_plus_is_refused_and_the_unsigned_spelling_accepted ... ok
test json_number::tests::a_leading_zero_before_digits_is_refused_and_a_lone_zero_accepted ... ok
test json_number::tests::an_empty_exponent_is_refused_and_a_signed_one_accepted ... ok
test json_number::tests::close_values_are_ordered_exactly ... ok
test json_number::tests::counts_saturate ... ok
test json_number::tests::equal_values_hash_alike ... ok
test json_number::tests::equal_values_with_different_spellings_compare_equal ... ok
test json_number::tests::exact_divisibility ... ok
test json_number::tests::integrality_is_decided_by_value_not_spelling ... ok
test json_number::tests::text_outside_the_grammar_is_refused_and_a_number_accepted ... ok
test numeric::tests::a_float_operand_is_compared_as_the_dyadic_rational_it_is ... ok
test numeric::tests::add_decimal_float_promotes_to_float ... ok
test numeric::tests::add_integer_double_promotes_to_double ... ok
test numeric::tests::add_integer_integer ... ok
test numeric::tests::add_integer_overflow ... ok
test numeric::tests::an_integer_beyond_the_double_significand_stays_distinct ... ok
test numeric::tests::bigint_avg_answers_when_the_dividend_exceeds_i128_but_the_quotient_does_not ... ok
test numeric::tests::bigint_avg_decimal_lexical_answers_exactly_where_bigint_avg_decimal_poisons ... ok
test numeric::tests::bigint_avg_matches_numeric_div_within_i128_range ... ok
test numeric::tests::bigint_avg_poisons_when_the_mantissa_still_does_not_fit_i128 ... ok
test numeric::tests::binary_arithmetic_equals_the_software_reference ... ok
test numeric::tests::binary_arithmetic_rounds_once_on_double_rounding_witnesses ... ok
test numeric::tests::canonical_lexical_matches_reference_over_mantissa_scale_grid ... ok
test numeric::tests::cmp_exact_cross_scale_equal ... ok
test numeric::tests::cmp_exact_cross_scale_strict ... ok
test numeric::tests::cmp_exact_large_f64_collapse_cross_scale_regression ... ok
test numeric::tests::cmp_exact_large_f64_collapse_regression ... ok
test numeric::tests::cmp_exact_large_mantissa_no_overflow ... ok
test numeric::tests::cmp_exact_mixed_signs ... ok
test numeric::tests::cmp_exact_negative_cross_scale ... ok
test numeric::tests::cmp_exact_zero_any_scale ... ok
test numeric::tests::decimal_add_exact_no_float_error ... ok
test numeric::tests::decimal_alignment_overflow_is_exact_and_its_neighbour_adds ... ok
test numeric::tests::decimal_div_has_no_dead_truncating_branch ... ok
test numeric::tests::decimal_div_raw_rejects_a_zero_divisor_without_a_callers_precheck ... ok
test bigint::tower_tests::tests::float_conversions_are_correctly_rounded_at_powers_of_two_and_ties ... ok
test numeric::tests::decimal_exact_comparison_across_scales ... ok
test numeric::tests::decimal_mantissa_spans_the_whole_i128_range ... ok
test numeric::tests::decimal_negation_and_abs_of_the_smallest_mantissa_are_exact ... ok
test numeric::tests::decimal_parse_and_canonical ... ok
test numeric::tests::decimal_promotion_rounds_once_to_double_and_to_float ... ok
test numeric::tests::decimal_to_double_fast_path_rounds_once_on_a_double_rounding_witness ... ok
test numeric::tests::div_1_3_is_18_digit_decimal ... ok
test numeric::tests::div_4_2_is_decimal_two ... ok
test numeric::tests::div_decimal_by_zero_is_error ... ok
test numeric::tests::div_double_by_zero_is_inf_not_error ... ok
test numeric::tests::div_double_zero_by_zero_is_nan_not_error ... ok
test numeric::tests::div_integer_by_zero_is_error ... ok
test numeric::tests::div_integer_integer_returns_decimal ... ok
test numeric::tests::double_specials_and_canonical ... ok
test ieee::tests::square_roots_that_round_twice_through_64_bits_round_once_here ... ok
test numeric::tests::integer_parse_and_bounds ... ok
test numeric::tests::magnitudes_outside_and_inside_the_aliasing_window_both_decide_exactly ... ok
test numeric::tests::mul_integer_decimal_promotes_to_decimal ... ok
test numeric::tests::numeric_promotion ... ok
test numeric::tests::parse_double_still_accepts_plus_inf ... ok
test numeric::tests::parse_double_xsd10_accepts_xsd10_lexicals ... ok
test numeric::tests::parse_double_xsd10_rejects_plus_inf ... ok
test numeric::tests::parse_float_still_accepts_plus_inf ... ok
test numeric::tests::parse_float_xsd10_accepts_xsd10_lexicals ... ok
test numeric::tests::parse_float_xsd10_rejects_plus_inf ... ok
test numeric::tests::parse_integer_typed_range_checks ... ok
test numeric::tests::round_decimal_nearest_ties_toward_positive_infinity ... ok
test numeric::tests::the_bigint_fallback_answers_the_pairs_that_overflow_a_u128 ... ok
test numeric::tests::the_exact_numeric_order_is_a_total_order_over_the_whole_tower ... ok
test numeric::tests::the_promotion_based_operator_relation_is_untouched ... ok
test numeric::tests::the_promotion_cycle_at_nineteen_significant_digits_is_closed ... ok
test numeric::tests::the_specials_and_the_zeroes_order_as_the_value_space_says ... ok
test numeric::tests::unary_minus_decimal ... ok
test numeric::tests::unary_minus_double ... ok
test numeric::tests::unary_minus_float ... ok
test numeric::tests::unary_minus_integer ... ok
test numeric::tests::unary_plus_is_identity_for_numerics ... ok
test numeric::tests::unary_plus_non_numeric_is_error ... ok
test numeric::tests::value_parse_xsd10_rejects_plus_inf_for_float_and_double ... ok
test numeric::tests::value_parse_xsd10_unaffected_for_non_float_double_datatypes ... ok
test ops::tests::duration_equality_is_total_while_ordering_is_partial ... ok
test ops::tests::effective_boolean_values ... ok
test ops::tests::operator_mapping_table ... ok
test ops::tests::sep0002_operator_table ... ok
test ops::tests::sep0002_rejected_pairs ... ok
test ops::tests::value_eq_incomparable_is_false_not_error ... ok
test ops::tests::value_equal_is_total_for_durations_and_a_cmp_passthrough_otherwise ... ok
test range::tests::a_length_zero_string_space_holds_exactly_the_empty_string ... ok
test range::tests::a_pattern_facet_leaves_containment_undecided ... ok
test range::tests::an_intersection_can_be_contained_where_no_operand_is ... ok
test range::tests::an_opaque_operand_is_undecided_and_says_so ... ok
test range::tests::an_unsigned_long_span_past_i64_is_counted_exactly ... ok
test range::tests::complement_of_a_closed_interval_is_its_two_gaps ... ok
test range::tests::complement_of_the_full_set_is_empty_and_back ... ok
test range::tests::containment_follows_the_integer_tower ... ok
test range::tests::containment_is_reflexive_and_the_empty_range_is_least ... ok
test range::tests::counting_lattice_loses_exactness_but_not_soundness ... ok
test range::tests::disjoint_value_spaces_contain_nothing_of_each_other ... ok
test range::tests::end_of_day_time_is_midnight ... ok
test range::tests::every_datatype_lands_in_a_space ... ok
test range::tests::exclusive_integer_bounds_step_past_the_endpoint ... ok
test range::tests::identity_agrees_with_value_eq_inside_one_space ... ok
test range::tests::identity_holds_only_within_one_value_space ... ok
test range::tests::integral_window_rounds_bounds_inward ... ok
test range::tests::intersection_takes_the_tighter_end_of_each_side ... ok
test range::tests::kleene_lattice_keeps_proofs ... ok
test range::tests::length_set_complement_swaps_lengths_and_the_two_finite_lists ... ok
test range::tests::octet_lengths_count_exactly ... ok
test range::tests::one_nan_per_value_space ... ok
test range::tests::the_finite_gregorian_spaces_have_exact_sizes ... ok
test range::tests::the_two_zeros_of_a_float_space_share_one_ordered_point ... ok
test range::tests::timezone_shifted_datetimes_are_one_value ... ok
test range::tests::touching_intervals_merge_and_separated_ones_do_not ... ok
test range::tests::unbounded_integer_ends_stay_unbounded ... ok
test rational::tests::a_decimal_and_a_rational_denoting_one_value_are_equal ... ok
test rational::tests::malformed_and_zero_denominator_lexicals_are_refused_by_name ... ok
test rational::tests::negatives_normalize_and_order_exactly ... ok
test rational::tests::ordering_survives_extreme_magnitudes ... ok
test rational::tests::the_shared_entry_point_still_reports_rational_unsupported ... ok
test rational::tests::the_tower_nests_integers_and_excludes_floats ... ok
test simple::tests::boolean_lexicals ... ok
test simple::tests::byte_scan_collapse_matches_char_reference ... ok
test simple::tests::byte_scan_replace_matches_char_reference ... ok
test simple::tests::chunked_collapse_matches_the_byte_scan_and_char_references ... ok
test simple::tests::chunked_replace_matches_the_byte_scan_and_char_references ... ok
test simple::tests::collapse_collapses_runs_and_strips_ends ... ok
test simple::tests::collapse_edge_cases ... ok
test simple::tests::collapse_leading_trailing_interior ... ok
test simple::tests::collapse_precheck_sees_adjacent_spaces_across_chunk_seams ... ok
test simple::tests::replace_leaves_non_xsd_whitespace_untouched ... ok
test simple::tests::replace_maps_each_xsd_whitespace_to_space ... ok
test simple::tests::replace_preserves_length_and_does_not_collapse_or_trim ... ok
test temporal::tests::a_duration_follows_the_lexical_grammar ... ok
test temporal::tests::a_duration_tag_join_keeps_a_subtype_only_when_both_sides_declare_it ... ok
test temporal::tests::a_timezone_offset_inside_a_multibyte_character_is_refused_not_a_panic ... ok
test temporal::tests::a_too_wide_field_is_out_of_range_only_in_an_otherwise_valid_lexical ... ok
test temporal::tests::add_year_month_duration_clamps_to_month_end ... ok
test temporal::tests::adjust_date_rolls_over_and_removes ... ok
test temporal::tests::adjust_datetime_removes_timezone ... ok
test temporal::tests::adjust_datetime_shifts_same_instant ... ok
test temporal::tests::adjust_datetime_timezone_boundary ... ok
test temporal::tests::adjust_datetime_without_timezone_attaches_no_shift ... ok
test temporal::tests::adjust_time_wraps_and_removes ... ok
test temporal::tests::calendar_action_driver_matches_the_classifier_table_for_all_eight_sorts ... ok
test temporal::tests::calendar_casts_cover_the_defined_pairs_and_refuse_missing_fields ... ok
test temporal::tests::calendar_casts_keep_local_dates_timezones_and_normalize_end_of_day ... ok
test temporal::tests::component_order_is_months_before_seconds ... ok
test temporal::tests::date_plus_subday_duration_truncates_at_midnight ... ok
test temporal::tests::datetime_accessors_work ... ok
test temporal::tests::datetime_from_unix_seconds_epoch ... ok
test temporal::tests::datetime_from_unix_seconds_known_timestamp ... ok
test temporal::tests::datetime_indeterminate_when_one_lacks_timezone ... ok
test temporal::tests::datetime_ordering_with_timezones ... ok
test temporal::tests::datetime_parse_canonical_roundtrip ... ok
test temporal::tests::day_time_duration_add_subtract_datetime ... ok
test temporal::tests::day_time_duration_add_to_date_rolls_over ... ok
test temporal::tests::day_time_duration_add_to_time_with_fractional_seconds ... ok
test temporal::tests::day_time_duration_add_to_time_wraps ... ok
test temporal::tests::day_time_duration_add_with_fractional_seconds ... ok
test temporal::tests::day_time_duration_divided_by_day_time_duration ... ok
test temporal::tests::decimal_div_past_the_scaled_intermediate_is_exact ... ok
test temporal::tests::divide_durations_is_commensurability_not_tags ... ok
test temporal::tests::duration_add_mixes_subtypes_into_general_duration ... ok
test temporal::tests::duration_add_subtract_same_subtype ... ok
test temporal::tests::duration_canonical ... ok
test temporal::tests::duration_component_accessors ... ok
test temporal::tests::duration_divide_by_zero_is_error ... ok
test temporal::tests::duration_month_overflow_is_out_of_range ... ok
test temporal::tests::duration_multiply_and_divide ... ok
test temporal::tests::duration_partial_order ... ok
test temporal::tests::duration_scale_rounds_months_not_truncates ... ok
test temporal::tests::duration_subtype_pattern_facets_are_enforced ... ok
test temporal::tests::duration_to_calendar_arithmetic_rejects_wrong_subtype ... ok
test temporal::tests::duration_zero_lexical_is_subtype_correct ... ok
test temporal::tests::fmt_year_is_total_and_boundary_year_round_trips ... ok
test numeric::tests::from_f64_closest_matches_the_exact_expansion ... ok
test temporal::tests::general_duration_applies_to_instants ... ok
test temporal::tests::gmonth_cycle_wraps_without_overflow ... ok
test ieee::tests::the_decimal_witness_generators_find_what_they_claim ... ok
test temporal::tests::gday_shift_agrees_with_the_anchored_oracle ... ok
test temporal::tests::gmonthday_month_shift_agrees_with_the_anchored_oracle ... ok
test temporal::tests::gregorian_cmp_same_type ... ok
test temporal::tests::gregorian_cross_type_incomparable ... ok
test temporal::tests::gregorian_duration_matrix ... ok
test temporal::tests::gregorian_parse_roundtrip ... ok
test temporal::tests::gregorian_subtraction_is_negate_then_add ... ok
test temporal::tests::gregorian_zero_duration_preserves_timezone ... ok
test temporal::tests::mixed_sign_duration_is_unconstructible ... ok
test temporal::tests::mixed_subtype_sum_is_the_general_duration ... ok
test temporal::tests::rejects_garbage ... ok
test temporal::tests::relaxed_guards_accept_pure_component_general_durations ... ok
test temporal::tests::signed_or_short_temporal_fields_are_rejected ... ok
test temporal::tests::subtract_dates_and_times ... ok
test temporal::tests::subtract_dates_indeterminate_mix_is_error ... ok
test temporal::tests::subtract_datetimes_across_timezones ... ok
test temporal::tests::subtract_datetimes_indeterminate_mix_is_error ... ok
test temporal::tests::subtract_datetimes_with_fractional_seconds ... ok
test temporal::tests::subtract_times_indeterminate_mix_is_error ... ok
test temporal::tests::subtract_times_with_fractional_seconds ... ok
test temporal::tests::subtract_year_month_duration_clamps_to_month_end ... ok
test temporal::tests::time_plus_months_is_a_type_error ... ok
test temporal::tests::two_digit_fields_refuse_outside_their_range_and_accept_its_edges ... ok
test temporal::tests::unary_minus_negates_both_components ... ok
test temporal::tests::year_arithmetic_rejects_i64_min_construction ... ok
test temporal::tests::year_independence_accepts_the_day_after_leap_day ... ok
test temporal::tests::year_independence_rejects_the_century_leap_case ... ok
test temporal::tests::year_month_duration_divide_rounds_negative_ties_toward_positive_infinity ... ok
test temporal::tests::year_month_duration_divided_by_year_month_duration ... ok
test temporal::tests::year_month_duration_multiply_rounds_negative_ties_toward_positive_infinity ... ok
test temporal::tests::zero_result_keeps_the_operand_subtype ... ok
test wide::tests::div_wide_inverts_wide_mul ... ok
test wide::tests::gcd_absorbs_zero_and_reduces ... ok
test wide::tests::mul_div_matches_the_direct_route_and_outlives_it ... ok
test wide::tests::wide_mul_reaches_both_words ... ok
test temporal::tests::gmonthday_day_shift_agrees_with_the_anchored_oracle ... ok
test temporal::tests::gmonthday_composite_shift_agrees_with_the_anchored_oracle ... ok
test numeric::tests::decimal_division_matches_the_exact_oracle ... ok

test result: ok. 312 passed; 0 failed; 0 ignored; 0 measured; 0 filtered out; finished in 5.61s

     Running tests/data_range.rs (/opt/purrdf-schema-499-qualification/build/debug/build/purrdf-xsd/6c729c6f4353ec63/out/data_range-6c729c6f4353ec63)

running 36 tests
test a_facet_on_the_boolean_space_is_not_decided ... ok
test a_bound_outside_a_subtypes_own_range_is_empty ... ok
test a_bound_facet_excludes_the_nan_of_its_space ... ok
test a_datatype_and_its_complement_are_empty ... ok
test a_lower_bound_above_the_upper_bound_is_empty_in_every_numeric_space ... ok
test a_length_zero_space_holds_exactly_one_value ... ok
test a_timezone_shifted_temporal_literal_is_the_same_value ... ok
test adjacent_float_values_leave_no_room_between_them ... ok
test a_temporal_enumeration_and_its_complement_are_decided_exactly ... ok
test an_exclusive_temporal_bound_meeting_its_inclusive_twin_is_empty ... ok
test an_enumerated_float_zero_is_exhibited_rather_than_exact ... ok
test an_inapplicable_facet_is_not_silently_ignored ... ok
test an_enumeration_counts_distinct_values ... ok
test binary_length_counts_octets_not_lexical_characters ... ok
test contradictory_date_bounds_are_empty_and_satisfiable_ones_are_witnessed ... ok
test contradictory_datetime_endpoints_refute_zoned_and_local_value_strata ... ok
test an_opaque_range_is_undecided_but_cannot_defeat_a_witness ... ok
test contradictory_length_facets_are_empty ... ok
test datetime_stamp_requires_a_timezone_at_both_native_parse_doors ... ok
test datetime_stamp_enumerations_count_value_identity_and_complements_exactly ... ok
test datetime_stamp_is_the_exact_proper_timezone_stratum_of_datetime ... ok
test derived_integer_datatypes_carry_their_own_value_space ... ok
test disjoint_value_spaces_intersect_to_nothing ... ok
test normalized_rdf_language_spaces_are_disjoint_infinite_exact_ranges ... ok
test removing_one_value_from_a_populous_length_leaves_the_rest ... ok
test tagged_enumerations_and_their_boolean_combinations_have_exact_finite_counts ... ok
test the_complement_of_one_datatype_is_witnessed_by_another ... ok
test the_boolean_space_is_exhaustible ... ok
test the_complement_of_the_whole_domain_is_empty ... ok
test ranges_over_the_non_temporal_spaces_with_applicable_facets_are_exact ... ok
test the_integers_are_a_subset_of_the_decimals ... ok
test the_duration_subtypes_are_inhabited_but_not_exact ... ok
test the_integers_are_discrete_and_the_decimals_are_dense ... ok
test value_space_identity_differs_from_sparql_equality_in_exactly_two_places ... ok
test the_non_integral_decimals_are_inhabited_and_a_pinned_integer_is_not ... ok
test prop::emptiness_and_membership_never_contradict ... ok

test result: ok. 36 passed; 0 failed; 0 ignored; 0 measured; 0 filtered out; finished in 0.05s

     Running tests/exact_governance.rs (/opt/purrdf-schema-499-qualification/build/debug/build/purrdf-xsd/447c8d17f0672c81/out/exact_governance-447c8d17f0672c81)

running 14 tests
test admitted_operator_comparison_preserves_lossy_promotion_and_physical_refusal ... ok
test a_vast_scale_is_charged_where_it_is_paid ... ok
test a_long_integer_converts_to_a_float_from_its_length ... ok
test exact_division_positive_scale_gap_covers_retained_result ... ok
test full_native_parser_preserves_all_value_families_and_original_heap_owners ... ok
test inline_ieee_append_refuses_before_mutation_and_never_grows ... ok
test inline_ieee_text_preserves_extreme_values_without_heap_traffic ... ok
test rounded_division_prices_a_long_scaled_dividend ... ok
test rounded_division_prices_a_long_scaled_divisor ... ok
test temporal_native_values_and_deferred_refusals_allocate_no_heap ... ok
test division_is_charged_at_its_policy ... ok
test unary_functions_are_linear ... ok
test a_lopsided_product_costs_what_it_is_charged ... ok
test alignment_is_charged_at_the_scale_gap ... ok

test result: ok. 14 passed; 0 failed; 0 ignored; 0 measured; 0 filtered out; finished in 10.65s

     Running tests/exact_tower.rs (/opt/purrdf-schema-499-qualification/build/debug/build/purrdf-xsd/02915e52891f3d6b/out/exact_tower-02915e52891f3d6b)

running 23 tests
test a_scaled_divisor_past_two_to_the_127_rounds_like_the_oracle ... ok
test comparison_with_a_double_matches_the_oracle ... ok
test cost_estimates_bound_the_result ... ok
test bounded_narrowing_is_exact_or_refused ... ok
test division_by_zero_is_refused_and_a_unit_divisor_is_not ... ok
test factorials_past_i128_are_exact ... ok
test decimal_rounding_matches_the_oracle ... ok
test decimal_division_matches_the_oracle ... ok
test float_conversions_round_once ... ok
test float_sources_convert_exactly ... ok
test lexical_refusals_have_valid_neighbours ... ok
test narrowing_refuses_one_past_each_bound_and_accepts_the_bound ... ok
test non_finite_sources_are_refused_and_finite_extremes_are_not ... ok
test non_terminating_quotients_are_refused_and_terminating_ones_are_exact ... ok
test power_estimates_track_the_actual_size ... ok
test integer_arithmetic_matches_the_oracle ... ok
test scale_overflow_is_refused_and_a_representable_product_is_not ... ok
test the_tower_agrees_with_the_bounded_arithmetic ... ok
test decimal_arithmetic_matches_the_oracle ... ok
test zero_rounds_to_zero_in_every_direction_at_every_precision ... ok
test rational_arithmetic_matches_the_oracle ... ok
test karatsuba_products_match_the_oracle ... ok
test vast_scales_match_the_oracle ... ok

test result: ok. 23 passed; 0 failed; 0 ignored; 0 measured; 0 filtered out; finished in 20.49s

     Running tests/exact_values.rs (/opt/purrdf-schema-499-qualification/build/debug/build/purrdf-xsd/d6f319f2efab130e/out/exact_values-d6f319f2efab130e)

running 9 tests
test cost_is_charged_for_every_tower_operation ... ok
test comparison_and_the_exact_order_see_every_digit ... ok
test arithmetic_that_overflowed_now_returns_the_exact_value ... ok
test decimals_past_the_bounded_form_parse_exactly ... ok
test data_ranges_and_value_identity_are_exact_at_any_size ... ok
test derived_integer_bounds_still_refuse_and_unbounded_derived_types_do_not ... ok
test division_follows_the_policy_and_refuses_only_what_it_must ... ok
test integers_past_i128_parse_exactly_and_in_range_ones_stay_bounded ... ok
test rounding_functions_keep_the_family ... ok

test result: ok. 9 passed; 0 failed; 0 ignored; 0 measured; 0 filtered out; finished in 0.00s

     Running tests/exact_wasm_determinism.rs (/opt/purrdf-schema-499-qualification/build/debug/build/purrdf-xsd/886843c43585b4fe/out/exact_wasm_determinism-886843c43585b4fe)

running 3 tests
test the_hand_values_are_reproduced_on_this_target ... ok
test the_oracle_vectors_replay_on_this_target ... ok
determinism-digest case=exact-tower-transcript digest=7d6b1f15734f09aa corpus_len=365276
test the_transcript_digest_is_reproduced_on_this_target ... ok

test result: ok. 3 passed; 0 failed; 0 ignored; 0 measured; 0 filtered out; finished in 0.03s

     Running tests/frozen_vectors.rs (/opt/purrdf-schema-499-qualification/build/debug/build/purrdf-xsd/6ac1914d3fe58168/out/frozen_vectors-6ac1914d3fe58168)

running 7 tests
test gcd_matches_the_frozen_divisors ... ok
test json_number_order_matches_the_frozen_pairs ... ok
test numeric_predicates_match_the_frozen_vectors ... ok
test calendar_matches_the_frozen_months ... ok
test from_binary_matches_the_frozen_expansions ... ok
test wide_arithmetic_matches_the_frozen_vectors ... ok
test rfc3339_matches_every_frozen_spelling ... ok

test result: ok. 7 passed; 0 failed; 0 ignored; 0 measured; 0 filtered out; finished in 0.24s

     Running tests/numeric_error_codes.rs (/opt/purrdf-schema-499-qualification/build/debug/build/purrdf-xsd/64524f268688039f/out/numeric_error_codes-64524f268688039f)

running 6 tests
test a_huge_value_outside_a_sign_restricted_type_is_forg0001 ... ok
test every_error_presents_its_code ... ok
test lexical_refusals_name_their_code_beside_an_accepted_neighbour ... ok
test operator_refusals_name_their_code_beside_an_answering_neighbour ... ok
test tower_refusals_name_their_code ... ok
test unary_results_of_a_derived_integer_are_xsd_integer ... ok

test result: ok. 6 passed; 0 failed; 0 ignored; 0 measured; 0 filtered out; finished in 0.00s

     Running tests/operator_mapping.rs (/opt/purrdf-schema-499-qualification/build/debug/build/purrdf-xsd/a46da6be70843041/out/operator_mapping-a46da6be70843041)

running 9 tests
test binary_cross_datatype_incomparable ... ok
test binary_cross_family_with_other_types_incomparable ... ok
test binary_effective_boolean_value_is_type_error ... ok
test binary_same_datatype_ordering ... ok
test duration_cross_subtype_operator_rows ... ok
test gregorian_effective_boolean_value_is_type_error ... ok
test gregorian_operator_mapping_table ... ok
test operator_mapping_table ... ok
test value_cmp_is_antisymmetric_on_determinate_rows ... ok

test result: ok. 9 passed; 0 failed; 0 ignored; 0 measured; 0 filtered out; finished in 0.00s

     Running tests/range_storage.rs (/opt/purrdf-schema-499-qualification/build/debug/build/purrdf-xsd/363147fdb2f1fc18/out/range_storage-363147fdb2f1fc18)

running 5 tests
test original_allocation_failure_outranks_a_failed_cleanup_callback ... ok
test long_exact_endpoint_products_are_admitted_and_all_scratch_is_released ... ok
test exact_boolean_decimal_binary_and_string_set_laws_survive_the_native_owner ... ok
test refusing_work_never_becomes_an_empty_or_complete_containment_answer ... ok
test unequal_scale_decimal_comparison_admits_the_actual_digit_scratch ... ok

test result: ok. 5 passed; 0 failed; 0 ignored; 0 measured; 0 filtered out; finished in 0.00s

     Running tests/rfc3339.rs (/opt/purrdf-schema-499-qualification/build/debug/build/purrdf-xsd/fa9429867db6daf9/out/rfc3339-fa9429867db6daf9)

running 24 tests
test a_month_end_leap_second_parses_under_both_policies ... ok
test a_space_separator_is_refused_by_the_abnf_and_accepted_by_the_gts_grammar ... ok
test a_mid_month_leap_second_parses_only_on_any_day ... ok
test both_grammars_accept_lowercase_t_and_z ... ok
test day_32_is_refused_31_accepted ... ok
test doubled_zone_letter_is_refused_single_accepted ... ok
test error_messages_name_the_position_and_problem ... ok
test february_29_needs_a_leap_year ... ok
test five_digit_year_is_refused_four_accepted ... ok
test format_refuses_outside_four_digit_years ... ok
test format_writes_canonical_utc ... ok
test fraction_is_truncated_to_nanoseconds ... ok
test full_date_needs_a_real_calendar_day ... ok
test full_time_needs_a_zone_and_a_utc_23_59_leap_second ... ok
test hour_24_is_refused_23_accepted ... ok
test leap_second_only_at_utc_month_end ... ok
test month_13_is_refused_12_accepted ... ok
test offset_followed_by_zone_letter_is_refused_offset_alone_accepted ... ok
test offset_minute_60_is_refused_59_accepted ... ok
test parse_accepts_instants_that_normalize_past_four_digit_years ... ok
test parse_then_format_is_canonical ... ok
test rfc_section_5_8_examples ... ok
test separator_and_zone_letters ... ok
test format_then_parse_round_trips_seeded_instants ... ok

test result: ok. 24 passed; 0 failed; 0 ignored; 0 measured; 0 filtered out; finished in 0.00s

     Running tests/value_space.rs (/opt/purrdf-schema-499-qualification/build/debug/build/purrdf-xsd/1cc819ffc49c28fa/out/value_space-1cc819ffc49c28fa)

running 29 tests
test base64_binary_canonical_vectors ... ok
test base64_binary_negative_vectors ... ok
test binary_canonical_is_idempotent ... ok
test binary_parse_by_iri_contract ... ok
test canonical_is_idempotent ... ok
test determinate_orderings ... ok
test double_extreme_canonical_roundtrip ... ok
test canonical_lexical_round_trips ... ok
test double_extreme_canonical_vectors ... ok
test gregorian_canonical_is_idempotent ... ok
test gregorian_canonical_round_trips ... ok
test gregorian_invalid_lexicals_are_hard_errors ... ok
test gregorian_ordering ... ok
test gregorian_valid_lexicals_parse_ok ... ok
test hex_binary_canonical_vectors ... ok
test hex_binary_case_insensitive_value_equality ... ok
test hex_binary_negative_vectors ... ok
test int_leading_zeros_strip_to_canonical ... ok
test integer_range_negative_vectors_are_hard_errors ... ok
test integer_range_positive_vectors_parse_ok ... ok
test integer_values_past_i128_are_exact_and_derived_bounds_still_refuse ... ok
test parse_by_iri_contract ... ok
test partial_order_edge_cases ... ok
test temporal_calendar_invalid_lexicals_are_hard_errors ... ok
test temporal_calendar_valid_lexicals_parse_ok ... ok
test year_width_invalid_lexicals_are_hard_errors ... ok
test prop::integer_canonical_idempotent ... ok
test year_width_valid_lexicals_parse_ok ... ok
test prop::decimal_canonical_idempotent ... ok

test result: ok. 29 passed; 0 failed; 0 ignored; 0 measured; 0 filtered out; finished in 0.00s

+ cargo test --locked --no-fail-fast -p purrdf-sparql-eval --test exact_numerics --test numeric_aggregate_ownership --test numeric_casts --test numeric_contract --test numeric_governance --test numeric_parallel_determinism --test numeric_wasm_determinism
   Compiling purrdf-sparql-eval v3.0.1 (/home/paudley/Active/purrdf/.worktrees/499-entailment-prepare-schema-invariant/crates/sparql-eval)
    Finished `test` profile [optimized] target(s) in 26.80s
     Running tests/exact_numerics.rs (/opt/purrdf-schema-499-qualification/build/debug/build/purrdf-sparql-eval/33a0bf051dacfd83/out/exact_numerics-33a0bf051dacfd83)

running 7 tests
test numeric_functions_and_promotion_are_exact ... ok
test arithmetic_past_machine_words_is_exact ... ok
test the_division_policy_is_the_query_s_and_leaves_only_non_terminating_quotients_unbound ... ok
test casts_in_both_directions_are_exact ... ok
test comparison_order_and_extremes_see_every_digit ... ok
test sum_count_and_avg_agree_under_every_policy ... ok
test the_governor_refuses_a_squaring_blow_up_and_admits_its_large_neighbour ... ok

test result: ok. 7 passed; 0 failed; 0 ignored; 0 measured; 0 filtered out; finished in 0.06s

     Running tests/numeric_aggregate_ownership.rs (/opt/purrdf-schema-499-qualification/build/debug/build/purrdf-sparql-eval/ca712053571065db/out/numeric_aggregate_ownership-ca712053571065db)

running 8 tests
test exact_mean_refusal_stays_an_aggregate_code_in_an_admitted_receipt ... ok
test native_ieee_and_raw_duration_fold_laws_survive_owned_state ... ok
test exact_sum_and_avg_keep_output_admitted_through_clone_and_extraction ... ok
test all_ten_native_statistics_keep_original_owners_through_every_query_door ... ok
test statistical_duration_interpolation_and_exact_variance_codes_use_native_kernels ... ok
test statistical_large_state_refusal_never_publishes_poison_or_partial_success ... ok
test statistical_big_integer_states_and_outputs_are_physically_admitted ... ok
test capacity_refusal_never_becomes_a_poisoned_or_partial_aggregate ... ok

test result: ok. 8 passed; 0 failed; 0 ignored; 0 measured; 0 filtered out; finished in 0.43s

     Running tests/numeric_casts.rs (/opt/purrdf-schema-499-qualification/build/debug/build/purrdf-sparql-eval/4f623940bad4ed4b/out/numeric_casts-4f623940bad4ed4b)

running 14 tests
test a_float_cast_to_double_keeps_the_floats_value ... ok
test a_double_cast_to_string_follows_the_cast_to_string_rule ... ok
test a_double_cast_to_float_rounds_to_nearest_not_by_truncation ... ok
test a_float_cast_to_string_is_written_at_single_precision ... ok
test a_float_or_double_cast_to_decimal_is_its_exact_value ... ok
test a_float_or_double_cast_to_integer_truncates_its_value ... ok
test a_string_source_is_still_read_lexically ... ok
test booleans_and_numerics_cast_both_ways ... ok
test exact_sources_cast_to_float_and_double_round_once ... ok
test integer_and_decimal_sources_cast_to_decimal_exactly ... ok
test decimal_division_answers_every_quotient_at_eighteen_digits ... ok
test integer_decimal_and_boolean_casts_to_string_are_canonical ... ok
test str_of_a_numeric_literal_is_its_lexical_form_unchanged ... ok
test a_double_cast_to_float_rounds_the_doubles_value_once ... ok

test result: ok. 14 passed; 0 failed; 0 ignored; 0 measured; 0 filtered out; finished in 0.00s

     Running tests/numeric_contract.rs (/opt/purrdf-schema-499-qualification/build/debug/build/purrdf-sparql-eval/21d3aae15aeb857a/out/numeric_contract-21d3aae15aeb857a)

running 7 tests
test explain_divides_under_the_query_s_policy ... ok
test absorbed_numeric_errors_reach_the_caller_as_their_codes ... ok
test a_non_terminating_quotient_under_exact_is_an_expression_error ... ok
test a_decimal_avg_answers_when_its_running_sum_leaves_machine_words ... ok
test variances_divide_under_the_query_s_policy ... ok
test sum_and_avg_results_read_back_as_themselves ... ok
test statistical_aggregates_see_every_digit ... ok

test result: ok. 7 passed; 0 failed; 0 ignored; 0 measured; 0 filtered out; finished in 0.00s

     Running tests/numeric_governance.rs (/opt/purrdf-schema-499-qualification/build/debug/build/purrdf-sparql-eval/d169db45db200121/out/numeric_governance-d169db45db200121)

running 11 tests
test a_non_default_division_policy_is_charged ... ok
test a_products_growing_scale_is_charged_for_fuel ... ok
test a_products_growing_scale_is_charged_for_memory_before_it_allocates ... ok
test extremes_and_sorts_are_charged_for_their_comparisons ... ok
test machine_word_numbers_charge_no_tower_work ... ok
test statistical_aggregates_are_charged ... ok
test sum_and_avg_are_charged_for_their_chain ... ok
test a_long_column_of_big_integers_sums_at_a_linear_cost ... ok
test a_tower_operand_meeting_a_double_is_charged ... ok
test unary_functions_and_casts_are_charged ... ok
test a_comparison_that_aligns_is_charged ... ok

test result: ok. 11 passed; 0 failed; 0 ignored; 0 measured; 0 filtered out; finished in 2.91s

     Running tests/numeric_parallel_determinism.rs (/opt/purrdf-schema-499-qualification/build/debug/build/purrdf-sparql-eval/71bd34437504505e/out/numeric_parallel_determinism-71bd34437504505e)

running 10 tests
test a_filter_over_exact_values_trips_at_one_row ... ok
test a_scratch_ceiling_trips_at_one_row ... ok
test a_chain_of_forked_loops_reports_one_scratch_figure_at_a_fuel_trip ... ok
test bookkeeping_optional_filters_fork_and_reachable_cell_bounds_stay_sequential ... ok
test inclusive_fuel_boundary_keeps_full_values_and_all_dimensions ... ok
test a_projection_over_exact_values_trips_at_one_row ... ok
test per_group_counts_trip_at_one_group ... ok
test an_optional_filter_over_exact_values_trips_at_one_row ... ok
test per_group_statistical_aggregates_over_exact_values_trip_at_one_group ... ok
test per_group_sums_over_exact_values_trip_at_one_group ... ok

test result: ok. 10 passed; 0 failed; 0 ignored; 0 measured; 0 filtered out; finished in 1.59s

     Running tests/numeric_wasm_determinism.rs (/opt/purrdf-schema-499-qualification/build/debug/build/purrdf-sparql-eval/fca086bad543efab/out/numeric_wasm_determinism-fca086bad543efab)

running 2 tests
test the_hand_answers_are_reproduced_on_this_target ... ok
determinism-digest case=sparql-numeric-transcript digest=da3900a93723c4ac corpus_len=2727
test the_numeric_transcript_digest_is_reproduced_on_this_target ... ok

test result: ok. 2 passed; 0 failed; 0 ignored; 0 measured; 0 filtered out; finished in 0.00s

+ cargo test --locked -p purrdf-capi --lib
   Compiling purrdf-text v3.0.1 (/home/paudley/Active/purrdf/.worktrees/499-entailment-prepare-schema-invariant/crates/text)
   Compiling purrdf-columnar v3.0.1 (/home/paudley/Active/purrdf/.worktrees/499-entailment-prepare-schema-invariant/crates/columnar)
   Compiling purrdf-geo v3.0.1 (/home/paudley/Active/purrdf/.worktrees/499-entailment-prepare-schema-invariant/crates/geo)
   Compiling purrdf-hnsw v3.0.1 (/home/paudley/Active/purrdf/.worktrees/499-entailment-prepare-schema-invariant/crates/hnsw)
   Compiling purrdf-markdown v3.0.1 (/home/paudley/Active/purrdf/.worktrees/499-entailment-prepare-schema-invariant/crates/markdown)
   Compiling purrdf-shex v3.0.1 (/home/paudley/Active/purrdf/.worktrees/499-entailment-prepare-schema-invariant/crates/shex)
   Compiling purrdf-mime v3.0.1 (/home/paudley/Active/purrdf/.worktrees/499-entailment-prepare-schema-invariant/crates/mime)
   Compiling purrdf-json v3.0.1 (/home/paudley/Active/purrdf/.worktrees/499-entailment-prepare-schema-invariant/crates/json)
   Compiling purrdf-retrieval v3.0.1 (/home/paudley/Active/purrdf/.worktrees/499-entailment-prepare-schema-invariant/crates/retrieval)
   Compiling purrdf v3.0.1 (/home/paudley/Active/purrdf/.worktrees/499-entailment-prepare-schema-invariant/crates/purrdf)
   Compiling purrdf-capi v3.0.1 (/home/paudley/Active/purrdf/.worktrees/499-entailment-prepare-schema-invariant/crates/rdf-capi)
    Finished `test` profile [optimized] target(s) in 36.45s
     Running unittests src/lib.rs (/opt/purrdf-schema-499-qualification/build/debug/build/purrdf-capi/2bd6061e37274523/out/purrdf-2bd6061e37274523)

running 104 tests
test buffer::tests::data_exposes_bytes ... ok
test buffer::tests::null_args_are_safe ... ok
test entail::tests::a_malformed_document_is_an_error ... ok
test entail::tests::a_failing_call_writes_no_buffer_to_free ... ok
test entail::tests::a_failing_dl_call_writes_no_buffer_to_free ... ok
test entail::tests::an_unknown_regime_names_the_accepted_set ... ok
test entail::tests::an_absent_proof_is_never_presented_as_a_verified_one ... ok
test entail::tests::capi_entail_premise_iris ... ok
test entail::tests::capi_entail_refuses_a_premise_iri_that_is_not_absolute ... ok
test entail::tests::an_inconsistent_input_is_refused_with_its_report ... ok
test entail::tests::a_null_import_array_with_a_non_zero_count_is_refused_not_dereferenced ... ok
test entail::tests::every_dl_service_reaches_the_pointer_surface ... ok
test entail::tests::every_conclusion_directed_service_reaches_the_pointer_surface ... ok
test entail::tests::every_regime_spelling_materializes ... ok
test entail::tests::null_arguments_are_refused_not_dereferenced ... ok
test entail::tests::null_dl_arguments_are_refused_not_dereferenced ... ok
test entail::tests::the_c_entry_points_produce_and_check_a_proof ... ok
test entail::tests::the_conclusion_directed_services_refuse_null_arguments ... ok
test entail::tests::conclusion_services_take_the_evaluation_limits ... ok
test entail::tests::materialize_emits_closure_and_report ... ok
test entail::tests::the_golden_proof_bytes_survive_the_c_abi ... ok
test entail::tests::the_inventories_are_the_specification_tables ... ok
test entail::tests::the_pointer_surface_hands_out_the_inventories ... ok
test entail::tests::the_dl_proof_golden_vector_matches ... ok
test entail::tests::materialize_and_consistency_resolve_the_import_table ... ok
test entail::tests::the_step_cap_crosses_the_abi ... ok
test entail::tests::the_vendored_imports_case_answers_through_the_pointer_surface ... ok
test error::tests::accessors_round_trip ... ok
test error::tests::diagnostic_machine_record_preserves_typed_fields_and_large_anchors ... ok
test error::tests::new_sanitizes_interior_nul ... ok
test error::tests::null_is_safe ... ok
test governor::tests::cancellation_handle_is_shared_and_latched ... ok
test governor::tests::initializer_is_metered_without_a_finite_caller_ceiling ... ok
test query::division_tests::a_dataset_starts_at_eighteen_digits_toward_zero ... ok
test entail::tests::the_pointer_surface_hands_out_two_buffers ... ok
test query::division_tests::a_null_policy_is_a_null_pointer ... ok
test query::division_tests::a_governed_update_runs_under_the_policy ... ok
test query::division_tests::a_scale_and_rounding_policy_rounds_the_quotient ... ok
test query::division_tests::an_exact_policy_answers_a_terminating_quotient_and_leaves_the_rest_unbound ... ok
test query::division_tests::an_unparseable_policy_is_refused_and_leaves_the_previous_one_in_force ... ok
test query::division_tests::evidence_counts_an_absorbed_division_by_zero_per_code ... ok
test query::division_tests::expression_error_discriminants_follow_the_kernel_code_order ... ok
test query::tests::aggregate_namespace_computes_median_through_a_governed_update ... ok
test query::tests::aggregate_namespace_computes_median_through_entailment_governed_query ... ok
test query::tests::aggregate_namespace_computes_median_through_the_c_abi ... ok
test entail::tests::the_golden_vector_matches ... ok
test query::tests::governed_entailment_query_exposes_a_closure_stop_without_report ... ok
test query::division_tests::an_entailment_query_runs_under_the_policy ... ok
test entail::tests::the_pointer_surface_takes_the_evaluation_limits ... ok
test query::tests::governed_query_carries_partial_certificate_and_evidence ... ok
test query::tests::governed_query_observes_a_prefired_c_cancellation ... ok
test query::tests::governed_update_trip_preserves_the_exact_dataset_arc ... ok
test query::tests::now_reports_the_real_wall_clock_year ... ok
test query::tests::omitted_aggregate_namespace_leaves_the_statistical_set_unregistered ... ok
test regex_profile::tests::a_neighbouring_name_is_refused_listing_the_accepted_names ... ok
test regex_profile::tests::null_is_compatibility_and_each_exact_name_is_its_law ... ok
test regex_profile::tests::only_native_xpath_codes_are_regex_resource_refusals ... ok
test shacl::tests::a_change_is_validated_against_the_graph_it_joins ... ok
test shacl::tests::a_change_takes_the_disallow_set_and_the_subclass_parameter ... ok
test shacl::tests::a_data_graph_link_resolves_through_the_import_table ... ok
test query::tests::governed_entailment_query_carries_answer_and_report ... ok
test shacl::tests::a_product_required_to_be_itself_validates_identically ... ok
test shacl::tests::a_product_round_trips_to_the_same_verdict ... ok
test shacl::tests::a_product_that_is_not_the_expected_one_is_refused ... ok
test query::tests::governed_entailment_query_takes_the_evaluation_limits ... ok
test shacl::tests::a_rebuilt_product_that_is_not_the_expected_one_is_refused ... ok
test shacl::tests::a_rebuilt_product_required_to_be_itself_validates_identically ... ok
test shacl::tests::a_refused_product_carries_its_dimension_through_the_error_handle ... ok
test shacl::tests::capi_apply_rules_resolves_srl_imports ... ok
test shacl::tests::capi_apply_rules_takes_a_generated_term_budget ... ok
test shacl::tests::capi_check_rules ... ok
test shacl::tests::capi_apply_rules ... ok
test shacl::tests::capi_entail_limits ... ok
test shacl::tests::capi_eval_node_expr_reports_the_mandatory_diagnostic ... ok
test shacl::tests::capi_apply_rules_takes_the_capacity_limits ... ok
test shacl::tests::capi_eval_node_expr ... ok
test shacl::tests::capi_eval_node_expr_selectors ... ok
test shacl::tests::capi_mandatory_diagnostics ... ok
test query::tests::governed_entailment_query_resolves_the_import_table ... ok
test shacl::tests::capi_validate_conformance_disallows ... ok
test shacl::tests::capi_rules_shapes_graph ... ok
test shacl::tests::capi_validate_evaluates_sparql_expr_beside_its_vocabulary_declaration ... ok
test shacl::tests::entail_emits_materialized_ntriples ... ok
test shacl::tests::capi_validate_subclass_of_in_shapes_graph ... ok
test shacl::tests::entail_malformed_shapes_is_an_error ... ok
test shacl::tests::malformed_shapes_is_an_error ... ok
test shacl::tests::the_exported_change_entry_point_reports_its_scope_through_pointers ... ok
test shacl::tests::the_exported_entry_point_binds_a_restore_through_pointers ... ok
test shacl::tests::the_exported_rebuild_entry_point_binds_a_restore_through_pointers ... ok
test shacl::tests::the_import_accessors_are_silent_on_other_errors ... ok
test shacl::tests::the_shacl_prefix_idiom_resolves_with_no_table_and_a_header_import_does_not ... ok
test shacl::tests::validate_emits_sarif_bytes ... ok
test tests::a_null_element_is_refused_and_a_full_array_is_borrowed ... ok
test tests::a_null_string_array_with_a_count_is_refused_by_name ... ok
test tests::an_empty_string_array_may_be_null ... ok
test xsd::tests::a_malformed_or_unmapped_lexical_is_refused_beside_its_valid_neighbour ... ok
test xsd::tests::integers_past_i128_are_canonical_and_exact ... ok
test xsd::tests::long_decimals_are_canonical_and_exact ... ok
test xsd::tests::long_integers_compare_exactly ... ok
test xsd::tests::malformed_and_incomparable_values_beside_their_valid_neighbours ... ok
test xsd::tests::null_arguments_are_refused ... ok
test shacl::tests::every_shapes_entry_point_gives_the_same_owl_imports_verdict ... ok
test shacl::tests::capi_shapes_graph_001_honours_the_shapes_graph_iri ... ok
test shacl::tests::capi_lint_shapes ... ok

test result: ok. 104 passed; 0 failed; 0 ignored; 0 measured; 0 filtered out; finished in 0.18s

+ make helpers-hygiene
cargo run -q --locked -p helper-census -- --self-test
PASS: the walk reads every fixture file
PASS: a renamed, re-spelt copy of a body is one isomorphic group with its original
PASS: a body of the same size with different control flow is not grouped
PASS: test-only code is never walked, and a tests/ file is walked as a test crate of its own
PASS: the home resolves to its package
PASS: a decimal spelling of a forbidden hex constant is a copy outside the home
PASS: a hex-digit table is a forbidden fingerprint and a near-miss table is not
PASS: a forbidden constant in a tests/ file is a copy too
PASS: --count counts all three copies
PASS: --check reports the unsanctioned group and all three copies
PASS: an isomorphic variant row sanctions its group
PASS: a forbidden variant row removes its copy from the count
PASS: a distinct row naming exactly its group's members sanctions it
PASS: a distinct row of the other kind does not sanction the group, and is STALE
PASS: a group that gains a member its distinct row does not name fails, and the row is STALE
PASS: a distinct row whose members are no group is STALE, and the group still fails
PASS: a distinct row naming a member that no longer exists is STALE
PASS: a distinct row whose anchor carries no documentation fails
PASS: a distinct row whose anchor does not resolve fails
PASS: the near-miss fixture walks cleanly
PASS: two breadth-first searches that differ only in `&next`/`parent[&cursor]` against `next.as_str()`/`parent[cursor]` are one group
PASS: a helper copied between two tests/ files is one group
PASS: a copy below the old thirty-token floor is one group
PASS: a support module every test target declares is one source, not a group
PASS: a small body of the same shape with a different constant is another table
PASS: two accessors of the same shape over different fields are not grouped
PASS: a const generic argument is kept: `::<true, _>` and `::<false, _>` are not grouped
PASS: a function whose body declares a nested struct and impl is one group with its copy once the nested type is renamed
PASS: --check fails on exactly the four seeded near-miss groups
PASS: feature cfg
PASS: feature cfg valid neighbor
PASS: nested feature cfg_attr
PASS: cfg_attr valid neighbor
PASS: raw feature macro
PASS: macro valid neighbor
PASS: braced feature macro
PASS: braced macro valid neighbor
PASS: bracketed feature macro
PASS: bracketed macro valid neighbor
PASS: cfg_select feature condition
PASS: cfg_select payload is not a feature condition
PASS: cfg_select macro transcriber feature condition
PASS: cfg_select macro transcriber valid neighbor
PASS: feature in macro body
PASS: feature prose is data
PASS: test cfg
PASS: test cfg valid neighbor
PASS: nested inner test cfg_attr
PASS: cfg_attr test valid neighbor
PASS: raw test cfg macro
PASS: test macro valid neighbor
PASS: braced test macro
PASS: braced test macro valid neighbor
PASS: bracketed test macro
PASS: bracketed test macro valid neighbor
PASS: cfg_select nested test condition
PASS: cfg_select payload is not a test condition
PASS: cfg_select bracketed test condition
PASS: cfg_select parenthesized valid neighbor
PASS: bare test attribute
PASS: test attribute valid neighbor
PASS: cfg_attr emits test
PASS: named test value is not predicate
PASS: test in macro body
PASS: test prose is data
PASS: exact empty capi marker
PASS: missing capi marker
PASS: expanded capi marker
PASS: extra capi feature
PASS: ordinary Cargo feature
PASS: optional dependency implicit feature
PASS: missing capi package
PASS: invalid metadata is refused
PASS: unbalanced Rust tokens are refused
OK: helper-census self-test
python3 scripts/check-shared-helpers.py --self-test
PASS: a ledger that holds passes
PASS: a home that does not resolve fails
PASS: an undocumented anchor fails
PASS: a variant defined outside its file fails
PASS: a site measuring another crate fails
PASS: a site measuring the home crate passes
PASS: an unbanned replaces_external fails
PASS: a missing vectors file fails
PASS: an unknown bench id fails
PASS: a forbidden variant that matches nothing is STALE
PASS: a forbidden match outside the home of an enforced job fails
PASS: the same match in an unenforced job is reported only by --census
PASS: an unenforced job with no copies left is STALE
PASS: a body fingerprint that matches nothing is STALE
PASS: an isomorphic variant in a group passes
PASS: an isomorphic variant in no group is STALE
PASS: an IRI-gate variant the gate still matches passes
PASS: an IRI-gate variant the gate no longer matches is STALE
PASS: an unknown detector fails
PASS: a #[path] include of another crate's file is a finding
PASS: a #[path] include inside its own crate, in a comment or in a string passes
PASS: a #[path] include that climbs above the repository is a finding
PASS: a delegated rule's hit fails the enforced job naming it
PASS: the same job with no delegated hit passes
PASS: a delegated hit in an unenforced job is reported only by --census
PASS: a declared shared-domain exception passes
PASS: an undeclared shared domain fails the job
PASS: a declared shared-domain exception the gate no longer matches is STALE
PASS: a declared undomained digest the gate still matches passes
PASS: a declared undomained digest that now opens under a Domain is STALE
PASS: every rule check-hash-domains.py reports is a delegated rule id
PASS: a declared exception whose anchor carries no documentation fails
PASS: a [[distinct]] row naming exactly its group's members sanctions it
PASS: a group that gains a member its [[distinct]] row does not name fails, and the row is STALE
PASS: a [[distinct]] row that equals no current group is STALE, and the group still fails
PASS: a [[distinct]] row naming a member that no longer exists is STALE
PASS: a [[distinct]] row whose anchor carries no documentation fails
PASS: every seeded std-default-hasher spelling is reported
PASS: a named hasher, a hasher alias, an annotated let and a foreign map are not reported
PASS: each hit is a copy of the enforced job
PASS: every seeded vocabulary literal (a retyped term, a namespace, a format string, a raw string) is reported
PASS: a bracketed term, a sibling namespace, an embedded document and test-only code are not vocabulary hits
PASS: a token the home spells is reported outside it, and a longer word is not
PASS: a vocabulary job whose modules declare no namespace constant is itself a copy
PASS: each literal hit is a copy of its enforced job
PASS: every seeded two-digit hex format inside a loop or closure is reported
PASS: a pair formatted once, a pair in an assertion message, an escaped brace and a wider spec are not
PASS: every seeded base16 copy (loop, pair parse, table) is reported
PASS: a u32 code-point parse and a near-miss table are not reported
PASS: the home's own digit table is the home's, not a copy
PASS: each base16 hit is a copy of the enforced job
PASS: every seeded grammar-ws spelling in shipping code is reported
PASS: the grammar-ws neighbours (the shared spelling, test code, the home) are not reported
PASS: each grammar-ws hit is a copy of the enforced job
PASS: every seeded json-pointer spelling in shipping code is reported
PASS: the json-pointer neighbours (the shared spelling, test code, the home) are not reported
PASS: each json-pointer hit is a copy of the enforced job
PASS: every seeded escape-decode spelling in shipping code is reported
PASS: the escape-decode neighbours (the shared spelling, test code, the home) are not reported
PASS: each escape-decode hit is a copy of the enforced job
PASS: the pointer escape inside its home is the home's, not a copy
PASS: every seeded reifier-rows spelling is reported
PASS: the reifier-rows neighbours (the home's own walk or import, the shared entry point, other imports) are not reported
PASS: each reifier-rows hit is a copy of the enforced job
PASS: every seeded fixed-hasher-everywhere spelling is reported
PASS: the fixed-hasher-everywhere neighbours (the home's own walk or import, the shared entry point, other imports) are not reported
PASS: each fixed-hasher-everywhere hit is a copy of the enforced job
PASS: every seeded rdf-collection spelling is reported
PASS: the rdf-collection neighbours (the home's own walk or import, the shared entry point, other imports) are not reported
PASS: each rdf-collection hit is a copy of the enforced job
PASS: every seeded wasm-host-clock spelling is reported
PASS: the wasm-host-clock neighbours (the home's own walk or import, the shared entry point, other imports) are not reported
PASS: each wasm-host-clock hit is a copy of the enforced job
PASS: every seeded wasm-host-reflect-get spelling is reported
PASS: the wasm-host-reflect-get neighbours (the home's own walk or import, the shared entry point, other imports) are not reported
PASS: each wasm-host-reflect-get hit is a copy of the enforced job
PASS: every seeded framing, slice-indexed integer, alignment mask and hand ceiling division is reported
PASS: a count before a loop, a varint, a hasher's integer, a first_chunk read, a flag mask, std div_ceil and test code are not
PASS: the framing inside the home package is the home's
PASS: a forbidden variant row sanctions its rule hit
PASS: every seeded normalization copy and second Unicode-version authority is reported
PASS: a longer name, a plural and a constant are not; a copy in a tests/ file is
PASS: the pinned Unicode version is the sanctioned variant, not a copy
PASS: the home's own entry points are the home's
PASS: each copy counts against the enforced job
PASS: every hand-written first-mismatch word loop, in place or through bound loads, is reported
PASS: a word mix with no zero count, a one-load byte scan, a CRC step and test code are not
PASS: the word loop inside the home package is the home's
PASS: each hand-written loop is a copy of the enforced job
PASS: every seeded term-conversion copy, in shipping code and in a tests/ file, is reported
PASS: the term-conversion neighbours (shims, longer names, #[cfg(test)] items) are not reported
PASS: each term-conversion hit is a copy of the enforced job
PASS: the term-conversion names inside the home crate are the home's
PASS: every seeded term-constructor copy, in shipping code and in a tests/ file, is reported
PASS: the term-constructor neighbours (shims, longer names, #[cfg(test)] items) are not reported
PASS: each term-constructor hit is a copy of the enforced job
PASS: the term-constructor names inside the home crate are the home's
PASS: the datalog pair, a test helper copied between tests/ files and a sub-30-token copy are each one group
PASS: each seeded near-miss group fails the gate
PASS: the same small shape over another constant, and accessors of different fields, are not grouped
OK: check-shared-helpers self-test
python3 scripts/check-shared-helpers.py
OK: 81 ledger jobs hold (81 enforced, 23 reasoned variants, 0 copies still open in unenforced jobs); 93 [[distinct]] rows each equal one group; no #[path] include leaves its crate (2021 files)
python3 scripts/check-hash-domains.py --self-test
PASS: the clean seeded workspace passes, its tests and test modules out of scope
PASS: a second registration of the same bytes is refused
PASS: a registration extending another one is refused as a prefix violation
PASS: a registration differing in its last byte passes
PASS: a domain that is a byte-prefix of another is refused
PASS: a NUL-terminated neighbour of a registered domain is not its prefix and passes
PASS: an empty domain is refused
PASS: a one-byte domain that begins no other one passes
PASS: a versioned byte literal handed to update is refused
PASS: the same bytes through a registered Domain pass
PASS: a NUL-terminated str literal framed into a hasher is refused
PASS: a field label framed into a hasher passes
PASS: a literal re-spelling a registered unversioned domain is refused
PASS: a one-shot digest over a versioned literal is refused
PASS: a one-shot digest over a word with a v inside it passes
PASS: a domain constant declared as a raw &str is refused
PASS: a vocabulary IRI in a constant named DOMAIN passes
PASS: a raw literal in a #[cfg(test)] function is out of scope
PASS: the same raw literal outside #[cfg(test)] is refused
PASS: a domain opening hashers in two functions, undeclared, is refused
PASS: the same shared domain declared as a ledger exception passes
PASS: a declared shared domain that now opens one construction is STALE
PASS: a declared undomained digest passes
PASS: a declared undomained digest that now opens under a Domain is STALE
PASS: a declared exception naming no anchor is refused
PASS: a declared exception naming a function the file lacks is STALE
PASS: a stale README table is regenerated between its markers
PASS: a README without the markers is reported, not rewritten
PASS: a current README table is left exactly as it is
PASS: the table lists each registration once, sorted by bytes
PASS: escapes decode to the bytes the compiler emits
OK: check-hash-domains self-test
python3 scripts/check-hash-domains.py
OK: 86 hash domains registered through purrdf_hash::Domain, unique and prefix-free; no raw domain literal reaches a hasher; 3 ledger-declared exception(s) hold; the crates/hash/README.md registry table is current
+ export UV_PYTHON=3.13
+ UV_PYTHON=3.13
+ cd bindings/python
+ uv sync --locked --group dev --reinstall-package purrdf
Resolved 107 packages in 5ms
   Building purrdf @ file:///home/paudley/Active/purrdf/.worktrees/499-entailment-prepare-schema-invariant/bindings/python
      Built purrdf @ file:///home/paudley/Active/purrdf/.worktrees/499-entailment-prepare-schema-invariant/bindings/python
Prepared 1 package in 9m 32s
Uninstalled 1 package in 51ms
warning: Failed to hardlink files; falling back to full copy. This may lead to degraded performance.
         If the cache and target directories are on different filesystems, hardlinking may not be supported.
         If this is intentional, set `export UV_LINK_MODE=copy` or use `--link-mode=copy` to suppress this warning.
Installed 1 package in 47ms
 ~ purrdf==3.0.1 (from file:///home/paudley/Active/purrdf/.worktrees/499-entailment-prepare-schema-invariant/bindings/python)
+ uv run --locked pytest tests/test_entail_reasoning.py
============================= test session starts ==============================
platform linux -- Python 3.13.12, pytest-9.0.3, pluggy-1.6.0
rootdir: /home/paudley/Active/purrdf/.worktrees/499-entailment-prepare-schema-invariant/bindings/python
configfile: pyproject.toml
collected 70 items

tests/test_entail_reasoning.py ......................................... [ 58%]
.............................                                            [100%]

============================== 70 passed in 0.39s ==============================
