2026-10-10T09:17:43.6313600Z Current runner version: '2.337.0'
2026-10-10T09:17:43.6349085Z ##[group]Runner Image Provisioner
2026-10-10T09:17:43.6350525Z Hosted Compute Agent
2026-10-10T09:17:43.6351530Z Version: 20261002.596
2026-10-10T09:17:43.6352530Z Commit: c3d12f3313a95f25162a1503be624f3b0617f8c0
2026-10-10T09:17:43.6353855Z Build Date: 2026-10-02T22:28:27Z
2026-10-10T09:17:43.6354956Z Worker ID: {1a6fa9c4-65d6-4ade-b887-a6d8a9557c80}
2026-10-10T09:17:43.6356642Z Region: eastus2
2026-10-10T09:17:43.6357628Z Cloud: Azure
2026-10-10T09:17:43.6358459Z ##[endgroup]
2026-10-10T09:17:43.6360928Z ##[group]Operating System
2026-10-10T09:17:43.6361922Z Ubuntu
2026-10-10T09:17:43.6362738Z 24.04.5
2026-10-10T09:17:43.6363712Z LTS
2026-10-10T09:17:43.6364547Z ##[endgroup]
2026-10-10T09:17:43.6365838Z ##[group]Runner Image
2026-10-10T09:17:43.6366882Z Image: ubuntu-24.04
2026-10-10T09:17:43.6367949Z Version: 20261004.327.1
2026-10-10T09:17:43.6370095Z Included Software: https://github.com/actions/runner-images/blob/ubuntu24/20261004.327/images/ubuntu/Ubuntu2404-Readme.md
2026-10-10T09:17:43.6372857Z Image Release: https://github.com/actions/runner-images/releases/tag/ubuntu24%2F20261004.327
2026-10-10T09:17:43.6374522Z ##[endgroup]
2026-10-10T09:17:43.6376859Z ##[group]GITHUB_TOKEN Permissions
2026-10-10T09:17:43.6379749Z Contents: read
2026-10-10T09:17:43.6380820Z Metadata: read
2026-10-10T09:17:43.6381740Z ##[endgroup]
2026-10-10T09:17:43.6384824Z Secret source: Actions
2026-10-10T09:17:43.6386641Z Cache mode: write
2026-10-10T09:17:43.6387861Z Prepare workflow directory
2026-10-10T09:17:43.6864443Z Prepare all required actions
2026-10-10T09:17:43.6936354Z Getting action download info
2026-10-10T09:17:43.9270547Z Download action repository 'actions/checkout@9c091bb21b7c1c1d1991bb908d89e4e9dddfe3e0' (SHA:9c091bb21b7c1c1d1991bb908d89e4e9dddfe3e0)
2026-10-10T09:17:44.0437514Z Download action repository 'dtolnay/rust-toolchain@29eef336d9b2848a0b548edc03f92a220660cdb8' (SHA:29eef336d9b2848a0b548edc03f92a220660cdb8)
2026-10-10T09:17:44.1413596Z Download action repository 'Swatinem/rust-cache@c19371144df3bb44fab255c43d04cbc2ab54d1c4' (SHA:c19371144df3bb44fab255c43d04cbc2ab54d1c4)
2026-10-10T09:17:44.4149440Z Download action repository 'actions/setup-node@48b55a011bda9f5d6aeb4c2d9c7362e8dae4041e' (SHA:48b55a011bda9f5d6aeb4c2d9c7362e8dae4041e)
2026-10-10T09:17:44.6773232Z Complete job name: test (integration-2)
2026-10-10T09:17:44.7452211Z ##[group]Run echo "before:"
2026-10-10T09:17:44.7452845Z [36;1mecho "before:"[0m
2026-10-10T09:17:44.7453371Z [36;1mdf -h /[0m
2026-10-10T09:17:44.7454091Z [36;1msudo rm -rf /usr/share/dotnet /opt/ghc /usr/local/lib/android /usr/share/swift[0m
2026-10-10T09:17:44.7454911Z [36;1mecho "after:"[0m
2026-10-10T09:17:44.7455392Z [36;1mdf -h /[0m
2026-10-10T09:17:44.7735023Z shell: /usr/bin/bash -e {0}
2026-10-10T09:17:44.7736393Z ##[endgroup]
2026-10-10T09:17:44.7890421Z before:
2026-10-10T09:17:44.7977542Z Filesystem      Size  Used Avail Use% Mounted on
2026-10-10T09:17:44.7978450Z /dev/root       145G   59G   86G  41% /
2026-10-10T09:19:18.7450159Z after:
2026-10-10T09:19:18.7462307Z Filesystem      Size  Used Avail Use% Mounted on
2026-10-10T09:19:18.7463124Z /dev/root       145G   39G  107G  27% /
2026-10-10T09:19:18.7763329Z ##[group]Run actions/checkout@9c091bb21b7c1c1d1991bb908d89e4e9dddfe3e0
2026-10-10T09:19:18.7763759Z with:
2026-10-10T09:19:18.7763990Z   persist-credentials: false
2026-10-10T09:19:18.7764269Z   repository: Blackcat-Informatics/purrdf
2026-10-10T09:19:18.7767459Z   token: ***
2026-10-10T09:19:18.7767679Z   ssh-strict: true
2026-10-10T09:19:18.7767891Z   ssh-user: git
2026-10-10T09:19:18.7768092Z   clean: true
2026-10-10T09:19:18.7768307Z   sparse-checkout-cone-mode: true
2026-10-10T09:19:18.7768572Z   fetch-depth: 1
2026-10-10T09:19:18.7768782Z   fetch-tags: false
2026-10-10T09:19:18.7769006Z   show-progress: true
2026-10-10T09:19:18.7769247Z   lfs: false
2026-10-10T09:19:18.7769449Z   submodules: false
2026-10-10T09:19:18.7769667Z   set-safe-directory: true
2026-10-10T09:19:18.7769921Z   allow-unsafe-pr-checkout: false
2026-10-10T09:19:18.7770411Z ##[endgroup]
2026-10-10T09:19:18.8774470Z Syncing repository: Blackcat-Informatics/purrdf
2026-10-10T09:19:18.8776289Z ##[group]Getting Git version info
2026-10-10T09:19:18.8776733Z Working directory is '/home/runner/work/purrdf/purrdf'
2026-10-10T09:19:18.8777324Z [command]/usr/bin/git version
2026-10-10T09:19:18.8849179Z git version 2.55.0
2026-10-10T09:19:18.8870604Z ##[endgroup]
2026-10-10T09:19:18.8881559Z Temporarily overriding HOME='/home/runner/work/_temp/479a6113-f9de-4b26-bf56-be9b62ee987b' before making global git config changes
2026-10-10T09:19:18.8882985Z Adding repository directory to the temporary git global config as a safe directory
2026-10-10T09:19:18.8888279Z [command]/usr/bin/git config --global --add safe.directory /home/runner/work/purrdf/purrdf
2026-10-10T09:19:18.8942023Z Deleting the contents of '/home/runner/work/purrdf/purrdf'
2026-10-10T09:19:18.8945820Z ##[group]Determining repository object format
2026-10-10T09:19:18.8947287Z ##[endgroup]
2026-10-10T09:19:18.8952332Z ##[group]Initializing the repository
2026-10-10T09:19:18.8953186Z [command]/usr/bin/git init /home/runner/work/purrdf/purrdf
2026-10-10T09:19:18.9076381Z hint: Using 'master' as the name for the initial branch. This default branch name
2026-10-10T09:19:18.9077502Z hint: will change to "main" in Git 3.0. To configure the initial branch name
2026-10-10T09:19:18.9078697Z hint: to use in all of your new repositories, which will suppress this warning,
2026-10-10T09:19:18.9079624Z hint: call:
2026-10-10T09:19:18.9080005Z hint:
2026-10-10T09:19:18.9080580Z hint: 	git config --global init.defaultBranch <name>
2026-10-10T09:19:18.9081195Z hint:
2026-10-10T09:19:18.9081885Z hint: Names commonly chosen instead of 'master' are 'main', 'trunk' and
2026-10-10T09:19:18.9082690Z hint: 'development'. The just-created branch can be renamed via this command:
2026-10-10T09:19:18.9083580Z hint:
2026-10-10T09:19:18.9083880Z hint: 	git branch -m <name>
2026-10-10T09:19:18.9084141Z hint:
2026-10-10T09:19:18.9084622Z hint: Disable this message with "git config set advice.defaultBranchName false"
2026-10-10T09:19:18.9086048Z Initialized empty Git repository in /home/runner/work/purrdf/purrdf/.git/
2026-10-10T09:19:18.9091264Z [command]/usr/bin/git remote add origin https://github.com/Blackcat-Informatics/purrdf
2026-10-10T09:19:18.9139539Z ##[endgroup]
2026-10-10T09:19:18.9139989Z ##[group]Disabling automatic garbage collection
2026-10-10T09:19:18.9144437Z [command]/usr/bin/git config --local gc.auto 0
2026-10-10T09:19:18.9173939Z ##[endgroup]
2026-10-10T09:19:18.9174685Z ##[group]Setting up auth
2026-10-10T09:19:18.9175253Z Removing SSH command configuration
2026-10-10T09:19:18.9180503Z [command]/usr/bin/git config --local --name-only --get-regexp core\.sshCommand
2026-10-10T09:19:18.9210495Z [command]/usr/bin/git submodule foreach --recursive sh -c "git config --local --name-only --get-regexp 'core\.sshCommand' && git config --local --unset-all 'core.sshCommand' || :"
2026-10-10T09:19:18.9572419Z Removing HTTP extra header
2026-10-10T09:19:18.9578916Z [command]/usr/bin/git config --local --name-only --get-regexp http\.https\:\/\/github\.com\/\.extraheader
2026-10-10T09:19:18.9611316Z [command]/usr/bin/git submodule foreach --recursive sh -c "git config --local --name-only --get-regexp 'http\.https\:\/\/github\.com\/\.extraheader' && git config --local --unset-all 'http.https://github.com/.extraheader' || :"
2026-10-10T09:19:18.9823243Z Removing includeIf entries pointing to credentials config files
2026-10-10T09:19:18.9829806Z [command]/usr/bin/git config --local --name-only --get-regexp ^includeIf\.gitdir:
2026-10-10T09:19:18.9861067Z [command]/usr/bin/git submodule foreach --recursive git config --local --show-origin --name-only --get-regexp remote.origin.url
2026-10-10T09:19:19.0082664Z [command]/usr/bin/git config --file /home/runner/work/_temp/git-credentials-35184b06-0ab4-4ab8-8490-dd2d40279fb6.config http.https://github.com/.extraheader AUTHORIZATION: basic ***
2026-10-10T09:19:19.0117655Z [command]/usr/bin/git config --local includeIf.gitdir:/home/runner/work/purrdf/purrdf/.git.path /home/runner/work/_temp/git-credentials-35184b06-0ab4-4ab8-8490-dd2d40279fb6.config
2026-10-10T09:19:19.0146270Z [command]/usr/bin/git config --local includeIf.gitdir:/home/runner/work/purrdf/purrdf/.git/worktrees/*.path /home/runner/work/_temp/git-credentials-35184b06-0ab4-4ab8-8490-dd2d40279fb6.config
2026-10-10T09:19:19.0180299Z [command]/usr/bin/git config --local includeIf.gitdir:/github/workspace/.git.path /github/runner_temp/git-credentials-35184b06-0ab4-4ab8-8490-dd2d40279fb6.config
2026-10-10T09:19:19.0211530Z [command]/usr/bin/git config --local includeIf.gitdir:/github/workspace/.git/worktrees/*.path /github/runner_temp/git-credentials-35184b06-0ab4-4ab8-8490-dd2d40279fb6.config
2026-10-10T09:19:19.0238149Z ##[endgroup]
2026-10-10T09:19:19.0238871Z ##[group]Fetching the repository
2026-10-10T09:19:19.0245469Z [command]/usr/bin/git -c protocol.version=2 fetch --no-tags --prune --no-recurse-submodules --depth=1 origin +fa11992a2e1e6f4b56e94e48e0e7797508d32146:refs/remotes/pull/526/merge
2026-10-10T09:19:20.6272827Z From https://github.com/Blackcat-Informatics/purrdf
2026-10-10T09:19:20.6274780Z  * [new ref]           fa11992a2e1e6f4b56e94e48e0e7797508d32146 -> pull/526/merge
2026-10-10T09:19:20.6279982Z ##[endgroup]
2026-10-10T09:19:20.6281015Z ##[group]Determining the checkout info
2026-10-10T09:19:20.6281971Z ##[endgroup]
2026-10-10T09:19:20.6287266Z [command]/usr/bin/git sparse-checkout disable
2026-10-10T09:19:20.6352884Z [command]/usr/bin/git config --local --unset-all extensions.worktreeConfig
2026-10-10T09:19:20.6388637Z ##[group]Checking out the ref
2026-10-10T09:19:20.6397325Z [command]/usr/bin/git checkout --progress --force refs/remotes/pull/526/merge
2026-10-10T09:19:21.6646726Z Updating files:  60% (11173/18365)
2026-10-10T09:19:21.6708722Z Updating files:  61% (11203/18365)
2026-10-10T09:19:21.6954621Z Updating files:  62% (11387/18365)
2026-10-10T09:19:21.7071857Z Updating files:  63% (11570/18365)
2026-10-10T09:19:21.7272653Z Updating files:  64% (11754/18365)
2026-10-10T09:19:21.7337063Z Updating files:  65% (11938/18365)
2026-10-10T09:19:21.7412661Z Updating files:  66% (12121/18365)
2026-10-10T09:19:21.7490046Z Updating files:  67% (12305/18365)
2026-10-10T09:19:21.7556727Z Updating files:  68% (12489/18365)
2026-10-10T09:19:21.7620193Z Updating files:  69% (12672/18365)
2026-10-10T09:19:21.7681300Z Updating files:  70% (12856/18365)
2026-10-10T09:19:21.7746325Z Updating files:  71% (13040/18365)
2026-10-10T09:19:21.7815502Z Updating files:  72% (13223/18365)
2026-10-10T09:19:21.7881904Z Updating files:  73% (13407/18365)
2026-10-10T09:19:21.7954901Z Updating files:  74% (13591/18365)
2026-10-10T09:19:21.8063935Z Updating files:  75% (13774/18365)
2026-10-10T09:19:21.8167210Z Updating files:  76% (13958/18365)
2026-10-10T09:19:21.8237751Z Updating files:  77% (14142/18365)
2026-10-10T09:19:21.8303301Z Updating files:  78% (14325/18365)
2026-10-10T09:19:21.8381444Z Updating files:  79% (14509/18365)
2026-10-10T09:19:21.8443785Z Updating files:  80% (14692/18365)
2026-10-10T09:19:21.8507422Z Updating files:  81% (14876/18365)
2026-10-10T09:19:21.8569268Z Updating files:  82% (15060/18365)
2026-10-10T09:19:21.8657205Z Updating files:  83% (15243/18365)
2026-10-10T09:19:21.8720844Z Updating files:  84% (15427/18365)
2026-10-10T09:19:21.8785042Z Updating files:  85% (15611/18365)
2026-10-10T09:19:21.8852007Z Updating files:  86% (15794/18365)
2026-10-10T09:19:21.8916740Z Updating files:  87% (15978/18365)
2026-10-10T09:19:21.8979400Z Updating files:  88% (16162/18365)
2026-10-10T09:19:21.9070888Z Updating files:  89% (16345/18365)
2026-10-10T09:19:21.9135688Z Updating files:  90% (16529/18365)
2026-10-10T09:19:21.9201347Z Updating files:  91% (16713/18365)
2026-10-10T09:19:21.9269633Z Updating files:  92% (16896/18365)
2026-10-10T09:19:21.9338501Z Updating files:  93% (17080/18365)
2026-10-10T09:19:21.9405810Z Updating files:  94% (17264/18365)
2026-10-10T09:19:21.9476593Z Updating files:  95% (17447/18365)
2026-10-10T09:19:21.9549674Z Updating files:  96% (17631/18365)
2026-10-10T09:19:21.9622003Z Updating files:  97% (17815/18365)
2026-10-10T09:19:21.9699018Z Updating files:  98% (17998/18365)
2026-10-10T09:19:21.9771624Z Updating files:  99% (18182/18365)
2026-10-10T09:19:21.9772167Z Updating files: 100% (18365/18365)
2026-10-10T09:19:21.9772672Z Updating files: 100% (18365/18365), done.
2026-10-10T09:19:21.9952785Z Note: switching to 'refs/remotes/pull/526/merge'.
2026-10-10T09:19:21.9953205Z 
2026-10-10T09:19:21.9953535Z You are in 'detached HEAD' state. You can look around, make experimental
2026-10-10T09:19:21.9954149Z changes and commit them, and you can discard any commits you make in this
2026-10-10T09:19:21.9954622Z state without impacting any branches by switching back to a branch.
2026-10-10T09:19:21.9955124Z 
2026-10-10T09:19:21.9955478Z If you want to create a new branch to retain commits you create, you may
2026-10-10T09:19:21.9956520Z do so (now or later) by using -c with the switch command. Example:
2026-10-10T09:19:21.9957021Z 
2026-10-10T09:19:21.9957208Z   git switch -c <new-branch-name>
2026-10-10T09:19:21.9957525Z 
2026-10-10T09:19:21.9957717Z Or undo this operation with:
2026-10-10T09:19:21.9958155Z 
2026-10-10T09:19:21.9958312Z   git switch -
2026-10-10T09:19:21.9958532Z 
2026-10-10T09:19:21.9958892Z Turn off this advice by setting config variable advice.detachedHead to false
2026-10-10T09:19:21.9959428Z 
2026-10-10T09:19:21.9960049Z HEAD is now at fa11992a Merge 19114389a01b7df04fcffe4d268d65361c8278dd into 291513809a3bf3a2fc65881d86afb7cd34d716ea
2026-10-10T09:19:21.9988374Z ##[endgroup]
2026-10-10T09:19:22.0036924Z [command]/usr/bin/git log -1 --format=%H
2026-10-10T09:19:22.0065236Z fa11992a2e1e6f4b56e94e48e0e7797508d32146
2026-10-10T09:19:22.0076857Z ##[group]Removing auth
2026-10-10T09:19:22.0077367Z Removing SSH command configuration
2026-10-10T09:19:22.0078191Z [command]/usr/bin/git config --local --name-only --get-regexp core\.sshCommand
2026-10-10T09:19:22.0110754Z [command]/usr/bin/git submodule foreach --recursive sh -c "git config --local --name-only --get-regexp 'core\.sshCommand' && git config --local --unset-all 'core.sshCommand' || :"
2026-10-10T09:19:22.0342395Z Removing HTTP extra header
2026-10-10T09:19:22.0346450Z [command]/usr/bin/git config --local --name-only --get-regexp http\.https\:\/\/github\.com\/\.extraheader
2026-10-10T09:19:22.0378758Z [command]/usr/bin/git submodule foreach --recursive sh -c "git config --local --name-only --get-regexp 'http\.https\:\/\/github\.com\/\.extraheader' && git config --local --unset-all 'http.https://github.com/.extraheader' || :"
2026-10-10T09:19:22.0616125Z Removing includeIf entries pointing to credentials config files
2026-10-10T09:19:22.0619586Z [command]/usr/bin/git config --local --name-only --get-regexp ^includeIf\.gitdir:
2026-10-10T09:19:22.0648016Z includeif.gitdir:/home/runner/work/purrdf/purrdf/.git.path
2026-10-10T09:19:22.0649007Z includeif.gitdir:/home/runner/work/purrdf/purrdf/.git/worktrees/*.path
2026-10-10T09:19:22.0650010Z includeif.gitdir:/github/workspace/.git.path
2026-10-10T09:19:22.0650842Z includeif.gitdir:/github/workspace/.git/worktrees/*.path
2026-10-10T09:19:22.0659304Z [command]/usr/bin/git config --local --get-all includeif.gitdir:/home/runner/work/purrdf/purrdf/.git.path
2026-10-10T09:19:22.0680788Z /home/runner/work/_temp/git-credentials-35184b06-0ab4-4ab8-8490-dd2d40279fb6.config
2026-10-10T09:19:22.0689781Z [command]/usr/bin/git config --local --unset includeif.gitdir:/home/runner/work/purrdf/purrdf/.git.path /home/runner/work/_temp/git-credentials-35184b06-0ab4-4ab8-8490-dd2d40279fb6.config
2026-10-10T09:19:22.0728755Z [command]/usr/bin/git config --local --get-all includeif.gitdir:/home/runner/work/purrdf/purrdf/.git/worktrees/*.path
2026-10-10T09:19:22.0749730Z /home/runner/work/_temp/git-credentials-35184b06-0ab4-4ab8-8490-dd2d40279fb6.config
2026-10-10T09:19:22.0759814Z [command]/usr/bin/git config --local --unset includeif.gitdir:/home/runner/work/purrdf/purrdf/.git/worktrees/*.path /home/runner/work/_temp/git-credentials-35184b06-0ab4-4ab8-8490-dd2d40279fb6.config
2026-10-10T09:19:22.0832034Z [command]/usr/bin/git config --local --get-all includeif.gitdir:/github/workspace/.git.path
2026-10-10T09:19:22.0870877Z /github/runner_temp/git-credentials-35184b06-0ab4-4ab8-8490-dd2d40279fb6.config
2026-10-10T09:19:22.0878716Z [command]/usr/bin/git config --local --unset includeif.gitdir:/github/workspace/.git.path /github/runner_temp/git-credentials-35184b06-0ab4-4ab8-8490-dd2d40279fb6.config
2026-10-10T09:19:22.0914606Z [command]/usr/bin/git config --local --get-all includeif.gitdir:/github/workspace/.git/worktrees/*.path
2026-10-10T09:19:22.0937273Z /github/runner_temp/git-credentials-35184b06-0ab4-4ab8-8490-dd2d40279fb6.config
2026-10-10T09:19:22.0945418Z [command]/usr/bin/git config --local --unset includeif.gitdir:/github/workspace/.git/worktrees/*.path /github/runner_temp/git-credentials-35184b06-0ab4-4ab8-8490-dd2d40279fb6.config
2026-10-10T09:19:22.0979376Z [command]/usr/bin/git submodule foreach --recursive git config --local --show-origin --name-only --get-regexp remote.origin.url
2026-10-10T09:19:22.1223659Z Removing credentials config '/home/runner/work/_temp/git-credentials-35184b06-0ab4-4ab8-8490-dd2d40279fb6.config'
2026-10-10T09:19:22.1232675Z ##[endgroup]
2026-10-10T09:19:22.1500439Z ##[group]Run dtolnay/rust-toolchain@29eef336d9b2848a0b548edc03f92a220660cdb8
2026-10-10T09:19:22.1500873Z with:
2026-10-10T09:19:22.1501073Z   toolchain: nightly
2026-10-10T09:19:22.1501298Z ##[endgroup]
2026-10-10T09:19:22.1594469Z ##[start-action display=Run : parse toolchain version;id=__dtolnay_rust-toolchain.parse]
2026-10-10T09:19:22.1628045Z ##[group]Run : parse toolchain version
2026-10-10T09:19:22.1628377Z [36;1m: parse toolchain version[0m
2026-10-10T09:19:22.1628650Z [36;1mif [[ -z $toolchain ]]; then[0m
2026-10-10T09:19:22.1629167Z [36;1m  # GitHub does not enforce `required: true` inputs itself. https://github.com/actions/runner/issues/1070[0m
2026-10-10T09:19:22.1629728Z [36;1m  echo "'toolchain' is a required input" >&2[0m
2026-10-10T09:19:22.1630039Z [36;1m  exit 1[0m
2026-10-10T09:19:22.1630383Z [36;1melif [[ $toolchain =~ ^stable' '[0-9]+' '(year|month|week|day)s?' 'ago$ ]]; then[0m
2026-10-10T09:19:22.1630827Z [36;1m  if [[ Linux == macOS ]]; then[0m
2026-10-10T09:19:22.1631367Z [36;1m    echo "toolchain=1.$((($(date -v-$(sed 's/stable \([0-9]*\) \(.\).*/\1\2/' <<< $toolchain) +%s)/60/60/24-16569)/7/6))" >> $GITHUB_OUTPUT[0m
2026-10-10T09:19:22.1631889Z [36;1m  else[0m
2026-10-10T09:19:22.1632294Z [36;1m    echo "toolchain=1.$((($(date --date "${toolchain#stable }" +%s)/60/60/24-16569)/7/6))" >> $GITHUB_OUTPUT[0m
2026-10-10T09:19:22.1632753Z [36;1m  fi[0m
2026-10-10T09:19:22.1633049Z [36;1melif [[ $toolchain =~ ^stable' 'minus' '[0-9]+' 'releases?$ ]]; then[0m
2026-10-10T09:19:22.1633580Z [36;1m  echo "toolchain=1.$((($(date +%s)/60/60/24-16569)/7/6-${toolchain//[^0-9]/}))" >> $GITHUB_OUTPUT[0m
2026-10-10T09:19:22.1634043Z [36;1melif [[ $toolchain =~ ^1\.[0-9]+$ ]]; then[0m
2026-10-10T09:19:22.1634572Z [36;1m  echo "toolchain=1.$((i=${toolchain#1.}, c=($(date +%s)/60/60/24-16569)/7/6, i+9*i*(10*i<=c)+90*i*(100*i<=c)))" >> $GITHUB_OUTPUT[0m
2026-10-10T09:19:22.1635078Z [36;1melse[0m
2026-10-10T09:19:22.1635330Z [36;1m  echo "toolchain=$toolchain" >> $GITHUB_OUTPUT[0m
2026-10-10T09:19:22.1635792Z [36;1mfi[0m
2026-10-10T09:19:22.1699584Z shell: /usr/bin/bash --noprofile --norc -e -o pipefail {0}
2026-10-10T09:19:22.1699929Z env:
2026-10-10T09:19:22.1700137Z   toolchain: nightly
2026-10-10T09:19:22.1700368Z ##[endgroup]
2026-10-10T09:19:22.1807117Z ##[end-action id=__dtolnay_rust-toolchain.parse;outcome=success;conclusion=success;duration_ms=21]
2026-10-10T09:19:22.1829339Z ##[start-action display=Run : construct rustup command line;id=__dtolnay_rust-toolchain.flags]
2026-10-10T09:19:22.1878972Z ##[group]Run : construct rustup command line
2026-10-10T09:19:22.1879316Z [36;1m: construct rustup command line[0m
2026-10-10T09:19:22.1879782Z [36;1mecho "targets=$(for t in ${targets//,/ }; do echo -n ' --target' $t; done)" >> $GITHUB_OUTPUT[0m
2026-10-10T09:19:22.1880577Z [36;1mecho "components=$(for c in ${components//,/ }; do echo -n ' --component' $c; done)" >> $GITHUB_OUTPUT[0m
2026-10-10T09:19:22.1881090Z [36;1mecho "downgrade=" >> $GITHUB_OUTPUT[0m
2026-10-10T09:19:22.1939123Z shell: /usr/bin/bash --noprofile --norc -e -o pipefail {0}
2026-10-10T09:19:22.1939468Z env:
2026-10-10T09:19:22.1939653Z   targets: 
2026-10-10T09:19:22.1939844Z   components: 
2026-10-10T09:19:22.1940052Z ##[endgroup]
2026-10-10T09:19:22.2030386Z ##[end-action id=__dtolnay_rust-toolchain.flags;outcome=success;conclusion=success;duration_ms=20]
2026-10-10T09:19:22.2033916Z ##[start-action display=Run : set $CARGO_HOME;id=__dtolnay_rust-toolchain.__run]
2026-10-10T09:19:22.2058088Z ##[group]Run : set $CARGO_HOME
2026-10-10T09:19:22.2058353Z [36;1m: set $CARGO_HOME[0m
2026-10-10T09:19:22.2058686Z [36;1mecho CARGO_HOME=${CARGO_HOME:-"$HOME/.cargo"} >> $GITHUB_ENV[0m
2026-10-10T09:19:22.2114828Z shell: /usr/bin/bash --noprofile --norc -e -o pipefail {0}
2026-10-10T09:19:22.2115204Z ##[endgroup]
2026-10-10T09:19:22.2199200Z ##[end-action id=__dtolnay_rust-toolchain.__run;outcome=success;conclusion=success;duration_ms=16]
2026-10-10T09:19:22.2201512Z ##[start-action display=Run : install rustup if needed;id=__dtolnay_rust-toolchain.__run_2]
2026-10-10T09:19:22.2231732Z ##[group]Run : install rustup if needed
2026-10-10T09:19:22.2232037Z [36;1m: install rustup if needed[0m
2026-10-10T09:19:22.2232340Z [36;1mif ! command -v rustup &>/dev/null; then[0m
2026-10-10T09:19:22.2233099Z [36;1m  curl --proto '=https' --tlsv1.2 --retry 10 --retry-connrefused --location --silent --show-error --fail https://sh.rustup.rs | sh -s -- --default-toolchain none -y[0m
2026-10-10T09:19:22.2233828Z [36;1m  echo "$CARGO_HOME/bin" >> $GITHUB_PATH[0m
2026-10-10T09:19:22.2234110Z [36;1mfi[0m
2026-10-10T09:19:22.2289921Z shell: /usr/bin/bash --noprofile --norc -e -o pipefail {0}
2026-10-10T09:19:22.2290253Z env:
2026-10-10T09:19:22.2290470Z   CARGO_HOME: /home/runner/.cargo
2026-10-10T09:19:22.2290727Z ##[endgroup]
2026-10-10T09:19:22.2370645Z ##[end-action id=__dtolnay_rust-toolchain.__run_2;outcome=success;conclusion=success;duration_ms=16]
2026-10-10T09:19:22.2374383Z ##[start-action display=Run : install rustup if needed on windows;id=__dtolnay_rust-toolchain.__run_3]
2026-10-10T09:19:22.2380568Z ##[end-action id=__dtolnay_rust-toolchain.__run_3;outcome=skipped;conclusion=skipped;duration_ms=0]
2026-10-10T09:19:22.2383929Z ##[start-action display=rustup toolchain install nightly;id=__dtolnay_rust-toolchain.__run_4]
2026-10-10T09:19:22.2408203Z ##[group]Run rustup toolchain install nightly --profile minimal --no-self-update
2026-10-10T09:19:22.2408754Z [36;1mrustup toolchain install nightly --profile minimal --no-self-update[0m
2026-10-10T09:19:22.2464813Z shell: /usr/bin/bash --noprofile --norc -e -o pipefail {0}
2026-10-10T09:19:22.2465157Z env:
2026-10-10T09:19:22.2465366Z   CARGO_HOME: /home/runner/.cargo
2026-10-10T09:19:22.2465789Z   RUSTUP_PERMIT_COPY_RENAME: 1
2026-10-10T09:19:22.2466045Z ##[endgroup]
2026-10-10T09:19:22.8302408Z info: syncing channel updates for nightly-x86_64-unknown-linux-gnu
2026-10-10T09:19:23.3517892Z info: latest update on 2026-10-10 for version 1.101.0-nightly (32dba69d6 2026-10-09)
2026-10-10T09:19:23.3518497Z info: downloading 3 components
2026-10-10T09:19:30.9759511Z 
2026-10-10T09:19:30.9824948Z   nightly-x86_64-unknown-linux-gnu installed - rustc 1.101.0-nightly (32dba69d6 2026-10-09)
2026-10-10T09:19:30.9825667Z 
2026-10-10T09:19:30.9883751Z ##[end-action id=__dtolnay_rust-toolchain.__run_4;outcome=success;conclusion=success;duration_ms=8749]
2026-10-10T09:19:30.9890236Z ##[start-action display=Run rustup default nightly;id=__dtolnay_rust-toolchain.__run_5]
2026-10-10T09:19:30.9910704Z ##[group]Run rustup default nightly
2026-10-10T09:19:30.9911002Z [36;1mrustup default nightly[0m
2026-10-10T09:19:30.9973458Z shell: /usr/bin/bash --noprofile --norc -e -o pipefail {0}
2026-10-10T09:19:30.9973985Z env:
2026-10-10T09:19:30.9974191Z   CARGO_HOME: /home/runner/.cargo
2026-10-10T09:19:30.9974449Z ##[endgroup]
2026-10-10T09:19:31.0095020Z info: using existing install for nightly-x86_64-unknown-linux-gnu
2026-10-10T09:19:31.0101330Z info: default toolchain set to nightly-x86_64-unknown-linux-gnu
2026-10-10T09:19:31.0101807Z 
2026-10-10T09:19:31.0164780Z   nightly-x86_64-unknown-linux-gnu unchanged - rustc 1.101.0-nightly (32dba69d6 2026-10-09)
2026-10-10T09:19:31.0165388Z 
2026-10-10T09:19:31.0166234Z info: note that the toolchain 'nightly-x86_64-unknown-linux-gnu' is currently in use (overridden by '/home/runner/work/purrdf/purrdf/rust-toolchain.toml')
2026-10-10T09:19:31.0182054Z ##[end-action id=__dtolnay_rust-toolchain.__run_5;outcome=success;conclusion=success;duration_ms=29]
2026-10-10T09:19:31.0186952Z ##[start-action display=Run : create cachekey;id=__dtolnay_rust-toolchain.rustc-version]
2026-10-10T09:19:31.0206857Z ##[group]Run : create cachekey
2026-10-10T09:19:31.0207142Z [36;1m: create cachekey[0m
2026-10-10T09:19:31.0207661Z [36;1mDATE=$(rustc +nightly --version --verbose | sed -ne 's/^commit-date: \(20[0-9][0-9]\)-\([01][0-9]\)-\([0-3][0-9]\)$/\1\2\3/p')[0m
2026-10-10T09:19:31.0208522Z [36;1mHASH=$(rustc +nightly --version --verbose | sed -ne 's/^commit-hash: //p')[0m
2026-10-10T09:19:31.0209034Z [36;1mecho "cachekey=$(echo $DATE$HASH | head -c12)" >> $GITHUB_OUTPUT[0m
2026-10-10T09:19:31.0271072Z shell: /usr/bin/bash --noprofile --norc -e -o pipefail {0}
2026-10-10T09:19:31.0271412Z env:
2026-10-10T09:19:31.0271619Z   CARGO_HOME: /home/runner/.cargo
2026-10-10T09:19:31.0271867Z ##[endgroup]
2026-10-10T09:19:31.0603662Z ##[end-action id=__dtolnay_rust-toolchain.rustc-version;outcome=success;conclusion=success;duration_ms=41]
2026-10-10T09:19:31.0606638Z ##[start-action display=Run : disable incremental compilation;id=__dtolnay_rust-toolchain.__run_6]
2026-10-10T09:19:31.0627269Z ##[group]Run : disable incremental compilation
2026-10-10T09:19:31.0627615Z [36;1m: disable incremental compilation[0m
2026-10-10T09:19:31.0627955Z [36;1mif [ -z "${CARGO_INCREMENTAL+set}" ]; then[0m
2026-10-10T09:19:31.0628293Z [36;1m  echo CARGO_INCREMENTAL=0 >> $GITHUB_ENV[0m
2026-10-10T09:19:31.0628580Z [36;1mfi[0m
2026-10-10T09:19:31.0693048Z shell: /usr/bin/bash --noprofile --norc -e -o pipefail {0}
2026-10-10T09:19:31.0693388Z env:
2026-10-10T09:19:31.0693590Z   CARGO_HOME: /home/runner/.cargo
2026-10-10T09:19:31.0693845Z ##[endgroup]
2026-10-10T09:19:31.0778137Z ##[end-action id=__dtolnay_rust-toolchain.__run_6;outcome=success;conclusion=success;duration_ms=17]
2026-10-10T09:19:31.0780196Z ##[start-action display=Run : enable colors in Cargo output;id=__dtolnay_rust-toolchain.__run_7]
2026-10-10T09:19:31.0798339Z ##[group]Run : enable colors in Cargo output
2026-10-10T09:19:31.0798664Z [36;1m: enable colors in Cargo output[0m
2026-10-10T09:19:31.0798978Z [36;1mif [ -z "${CARGO_TERM_COLOR+set}" ]; then[0m
2026-10-10T09:19:31.0799328Z [36;1m  echo CARGO_TERM_COLOR=always >> $GITHUB_ENV[0m
2026-10-10T09:19:31.0799630Z [36;1mfi[0m
2026-10-10T09:19:31.0857014Z shell: /usr/bin/bash --noprofile --norc -e -o pipefail {0}
2026-10-10T09:19:31.0857353Z env:
2026-10-10T09:19:31.0857554Z   CARGO_HOME: /home/runner/.cargo
2026-10-10T09:19:31.0857819Z   CARGO_INCREMENTAL: 0
2026-10-10T09:19:31.0858032Z ##[endgroup]
2026-10-10T09:19:31.0939998Z ##[end-action id=__dtolnay_rust-toolchain.__run_7;outcome=success;conclusion=success;duration_ms=15]
2026-10-10T09:19:31.0944766Z ##[start-action display=Run : enable Cargo sparse registry;id=__dtolnay_rust-toolchain.__run_8]
2026-10-10T09:19:31.0982409Z ##[group]Run : enable Cargo sparse registry
2026-10-10T09:19:31.0982742Z [36;1m: enable Cargo sparse registry[0m
2026-10-10T09:19:31.0983111Z [36;1m# implemented in 1.66, stabilized in 1.68, made default in 1.70[0m
2026-10-10T09:19:31.0983823Z [36;1mif [ -z "${CARGO_REGISTRIES_CRATES_IO_PROTOCOL+set}" -o -f "/home/runner/work/_temp"/.implicit_cargo_registries_crates_io_protocol ]; then[0m
2026-10-10T09:19:31.0984718Z [36;1m  if rustc +nightly --version --verbose | grep -q '^release: 1\.6[89]\.'; then[0m
2026-10-10T09:19:31.0985312Z [36;1m    touch "/home/runner/work/_temp"/.implicit_cargo_registries_crates_io_protocol || true[0m
2026-10-10T09:19:31.0986163Z [36;1m    echo CARGO_REGISTRIES_CRATES_IO_PROTOCOL=sparse >> $GITHUB_ENV[0m
2026-10-10T09:19:31.0986682Z [36;1m  elif rustc +nightly --version --verbose | grep -q '^release: 1\.6[67]\.'; then[0m
2026-10-10T09:19:31.0987267Z [36;1m    touch "/home/runner/work/_temp"/.implicit_cargo_registries_crates_io_protocol || true[0m
2026-10-10T09:19:31.0987805Z [36;1m    echo CARGO_REGISTRIES_CRATES_IO_PROTOCOL=git >> $GITHUB_ENV[0m
2026-10-10T09:19:31.0988158Z [36;1m  fi[0m
2026-10-10T09:19:31.0988356Z [36;1mfi[0m
2026-10-10T09:19:31.1046177Z shell: /usr/bin/bash --noprofile --norc -e -o pipefail {0}
2026-10-10T09:19:31.1046530Z env:
2026-10-10T09:19:31.1046739Z   CARGO_HOME: /home/runner/.cargo
2026-10-10T09:19:31.1046995Z   CARGO_INCREMENTAL: 0
2026-10-10T09:19:31.1047225Z   CARGO_TERM_COLOR: always
2026-10-10T09:19:31.1047450Z ##[endgroup]
2026-10-10T09:19:31.1343363Z ##[end-action id=__dtolnay_rust-toolchain.__run_8;outcome=success;conclusion=success;duration_ms=39]
2026-10-10T09:19:31.1348379Z ##[start-action display=Run : work around spurious network errors in curl 8.0;id=__dtolnay_rust-toolchain.__run_9]
2026-10-10T09:19:31.1393496Z ##[group]Run : work around spurious network errors in curl 8.0
2026-10-10T09:19:31.1393932Z [36;1m: work around spurious network errors in curl 8.0[0m
2026-10-10T09:19:31.1394488Z [36;1m# https://rust-lang.zulipchat.com/#narrow/stream/246057-t-cargo/topic/timeout.20investigation[0m
2026-10-10T09:19:31.1395114Z [36;1mif rustc +nightly --version --verbose | grep -q '^release: 1\.7[01]\.'; then[0m
2026-10-10T09:19:31.1395889Z [36;1m  echo CARGO_HTTP_MULTIPLEXING=false >> $GITHUB_ENV[0m
2026-10-10T09:19:31.1396227Z [36;1mfi[0m
2026-10-10T09:19:31.1460570Z shell: /usr/bin/bash --noprofile --norc -e -o pipefail {0}
2026-10-10T09:19:31.1460932Z env:
2026-10-10T09:19:31.1461140Z   CARGO_HOME: /home/runner/.cargo
2026-10-10T09:19:31.1461392Z   CARGO_INCREMENTAL: 0
2026-10-10T09:19:31.1461648Z   CARGO_TERM_COLOR: always
2026-10-10T09:19:31.1461873Z ##[endgroup]
2026-10-10T09:19:31.1654325Z ##[end-action id=__dtolnay_rust-toolchain.__run_9;outcome=success;conclusion=success;duration_ms=30]
2026-10-10T09:19:31.1658393Z ##[start-action display=Run rustc +nightly --version --verbose;id=__dtolnay_rust-toolchain.__run_10]
2026-10-10T09:19:31.1678384Z ##[group]Run rustc +nightly --version --verbose
2026-10-10T09:19:31.1678775Z [36;1mrustc +nightly --version --verbose[0m
2026-10-10T09:19:31.1739960Z shell: /usr/bin/bash --noprofile --norc -e -o pipefail {0}
2026-10-10T09:19:31.1740303Z env:
2026-10-10T09:19:31.1740512Z   CARGO_HOME: /home/runner/.cargo
2026-10-10T09:19:31.1740771Z   CARGO_INCREMENTAL: 0
2026-10-10T09:19:31.1740992Z   CARGO_TERM_COLOR: always
2026-10-10T09:19:31.1741218Z ##[endgroup]
2026-10-10T09:19:31.1927663Z rustc 1.101.0-nightly (32dba69d6 2026-10-09)
2026-10-10T09:19:31.1928667Z binary: rustc
2026-10-10T09:19:31.1929339Z commit-hash: 32dba69d69c5b10ea89a4042de8d0619f7756203
2026-10-10T09:19:31.1929847Z commit-date: 2026-10-09
2026-10-10T09:19:31.1930251Z host: x86_64-unknown-linux-gnu
2026-10-10T09:19:31.1930886Z release: 1.101.0-nightly
2026-10-10T09:19:31.1931591Z LLVM version: 23.1.3
2026-10-10T09:19:31.1945055Z ##[end-action id=__dtolnay_rust-toolchain.__run_10;outcome=success;conclusion=success;duration_ms=28]
2026-10-10T09:19:31.2037022Z ##[group]Run Swatinem/rust-cache@c19371144df3bb44fab255c43d04cbc2ab54d1c4
2026-10-10T09:19:31.2037429Z with:
2026-10-10T09:19:31.2037640Z   shared-key: workspace-test
2026-10-10T09:19:31.2037889Z   save-if: false
2026-10-10T09:19:31.2038098Z   prefix-key: v0-rust
2026-10-10T09:19:31.2038316Z   add-job-id-key: true
2026-10-10T09:19:31.2038557Z   add-rust-environment-hash-key: true
2026-10-10T09:19:31.2038830Z   cache-targets: true
2026-10-10T09:19:31.2039050Z   cache-all-crates: false
2026-10-10T09:19:31.2039475Z   cache-workspace-crates: false
2026-10-10T09:19:31.2039726Z   cache-provider: github
2026-10-10T09:19:31.2039949Z   cache-bin: true
2026-10-10T09:19:31.2040156Z   lookup-only: false
2026-10-10T09:19:31.2040362Z   cmd-format: {0}
2026-10-10T09:19:31.2040557Z env:
2026-10-10T09:19:31.2040752Z   CARGO_HOME: /home/runner/.cargo
2026-10-10T09:19:31.2041006Z   CARGO_INCREMENTAL: 0
2026-10-10T09:19:31.2041224Z   CARGO_TERM_COLOR: always
2026-10-10T09:19:31.2041447Z ##[endgroup]
2026-10-10T09:19:31.4820737Z (node:2572) [DEP0040] DeprecationWarning: The `punycode` module is deprecated. Please use a userland alternative instead.
2026-10-10T09:19:31.4822053Z (Use `node --trace-deprecation ...` to show where the warning was created)
2026-10-10T09:19:38.7033932Z ##[group]Cache Configuration
2026-10-10T09:19:38.7034404Z Cache Provider:
2026-10-10T09:19:38.7034754Z     github
2026-10-10T09:19:38.7035072Z Workspaces:
2026-10-10T09:19:38.7035464Z     /home/runner/work/purrdf/purrdf
2026-10-10T09:19:38.7036162Z Cache Paths:
2026-10-10T09:19:38.7036514Z     /home/runner/.cargo/bin
2026-10-10T09:19:38.7036941Z     /home/runner/.cargo/.crates.toml
2026-10-10T09:19:38.7037408Z     /home/runner/.cargo/.crates2.json
2026-10-10T09:19:38.7037870Z     /home/runner/.cargo/registry
2026-10-10T09:19:38.7038296Z     /home/runner/.cargo/git
2026-10-10T09:19:38.7038722Z     /home/runner/work/purrdf/purrdf/target
2026-10-10T09:19:38.7039189Z Restore Key:
2026-10-10T09:19:38.7039614Z     v0-rust-workspace-test-Linux-x64-983e76ed
2026-10-10T09:19:38.7040144Z Cache Key:
2026-10-10T09:19:38.7040584Z     v0-rust-workspace-test-Linux-x64-983e76ed-ba56bf92
2026-10-10T09:19:38.7041140Z .. Prefix:
2026-10-10T09:19:38.7041505Z   - v0-rust-workspace-test-Linux-x64
2026-10-10T09:19:38.7041988Z .. Environment considered:
2026-10-10T09:19:38.7042385Z   - Rust Versions:
2026-10-10T09:19:38.7043000Z     - 1.101.0-nightly x86_64-unknown-linux-gnu 32dba69d69c5b10ea89a4042de8d0619f7756203
2026-10-10T09:19:38.7043926Z     - 1.99.0 x86_64-unknown-linux-gnu b940084d7eb6a299eb4bfeb8e34901bc051e7ac4
2026-10-10T09:19:38.7044842Z     - 1.101.0-nightly x86_64-unknown-linux-gnu 32dba69d69c5b10ea89a4042de8d0619f7756203
2026-10-10T09:19:38.7045722Z   - CARGO_HOME
2026-10-10T09:19:38.7046087Z   - CARGO_INCREMENTAL
2026-10-10T09:19:38.7046458Z   - CARGO_TERM_COLOR
2026-10-10T09:19:38.7046828Z .. Lockfiles considered:
2026-10-10T09:19:38.7047359Z   - /home/runner/work/purrdf/purrdf/bindings/python/Cargo.toml
2026-10-10T09:19:38.7048167Z   - /home/runner/work/purrdf/purrdf/bindings/python/rust-toolchain.toml
2026-10-10T09:19:38.7048878Z   - /home/runner/work/purrdf/purrdf/Cargo.lock
2026-10-10T09:19:38.7049524Z   - /home/runner/work/purrdf/purrdf/crates/alloc-probe/Cargo.toml
2026-10-10T09:19:38.7050233Z   - /home/runner/work/purrdf/purrdf/crates/bench/Cargo.toml
2026-10-10T09:19:38.7050886Z   - /home/runner/work/purrdf/purrdf/crates/cdt/Cargo.toml
2026-10-10T09:19:38.7051532Z   - /home/runner/work/purrdf/purrdf/crates/cli/Cargo.toml
2026-10-10T09:19:38.7052205Z   - /home/runner/work/purrdf/purrdf/crates/columnar/Cargo.toml
2026-10-10T09:19:38.7052960Z   - /home/runner/work/purrdf/purrdf/crates/conformance-kit/Cargo.toml
2026-10-10T09:19:38.7053709Z   - /home/runner/work/purrdf/purrdf/crates/datalog/Cargo.toml
2026-10-10T09:19:38.7054258Z   - /home/runner/work/purrdf/purrdf/crates/deflate/Cargo.toml
2026-10-10T09:19:38.7054637Z   - /home/runner/work/purrdf/purrdf/crates/ed25519/Cargo.toml
2026-10-10T09:19:38.7056517Z   - /home/runner/work/purrdf/purrdf/crates/entail/Cargo.toml
2026-10-10T09:19:38.7057384Z   - /home/runner/work/purrdf/purrdf/crates/envelope-probe/Cargo.toml
2026-10-10T09:19:38.7057844Z   - /home/runner/work/purrdf/purrdf/crates/geo/Cargo.toml
2026-10-10T09:19:38.7058219Z   - /home/runner/work/purrdf/purrdf/crates/gts/Cargo.toml
2026-10-10T09:19:38.7058717Z   - /home/runner/work/purrdf/purrdf/crates/hash-conformance/Cargo.toml
2026-10-10T09:19:38.7059300Z   - /home/runner/work/purrdf/purrdf/crates/hash/Cargo.toml
2026-10-10T09:19:38.7060371Z   - /home/runner/work/purrdf/purrdf/crates/helper-census/Cargo.toml
2026-10-10T09:19:38.7061018Z   - /home/runner/work/purrdf/purrdf/crates/hnsw/Cargo.toml
2026-10-10T09:19:38.7061625Z   - /home/runner/work/purrdf/purrdf/crates/iri/Cargo.toml
2026-10-10T09:19:38.7062200Z   - /home/runner/work/purrdf/purrdf/crates/json/Cargo.toml
2026-10-10T09:19:38.7062833Z   - /home/runner/work/purrdf/purrdf/crates/jsonschema/Cargo.toml
2026-10-10T09:19:38.7063249Z   - /home/runner/work/purrdf/purrdf/crates/lex/Cargo.toml
2026-10-10T09:19:38.7063654Z   - /home/runner/work/purrdf/purrdf/crates/markdown/Cargo.toml
2026-10-10T09:19:38.7064033Z   - /home/runner/work/purrdf/purrdf/crates/mime/Cargo.toml
2026-10-10T09:19:38.7064423Z   - /home/runner/work/purrdf/purrdf/crates/purrdf/Cargo.toml
2026-10-10T09:19:38.7064816Z   - /home/runner/work/purrdf/purrdf/crates/rdf-capi/Cargo.toml
2026-10-10T09:19:38.7065207Z   - /home/runner/work/purrdf/purrdf/crates/rdf-core/Cargo.toml
2026-10-10T09:19:38.7065758Z   - /home/runner/work/purrdf/purrdf/crates/rdf-events/Cargo.toml
2026-10-10T09:19:38.7066167Z   - /home/runner/work/purrdf/purrdf/crates/rdf-wasm/Cargo.toml
2026-10-10T09:19:38.7066538Z   - /home/runner/work/purrdf/purrdf/crates/rdf/Cargo.toml
2026-10-10T09:19:38.7066913Z   - /home/runner/work/purrdf/purrdf/crates/retrieval/Cargo.toml
2026-10-10T09:19:38.7067301Z   - /home/runner/work/purrdf/purrdf/crates/shapes/Cargo.toml
2026-10-10T09:19:38.7067660Z   - /home/runner/work/purrdf/purrdf/crates/shex/Cargo.toml
2026-10-10T09:19:38.7068024Z   - /home/runner/work/purrdf/purrdf/crates/slice/Cargo.toml
2026-10-10T09:19:38.7068425Z   - /home/runner/work/purrdf/purrdf/crates/sparql-algebra/Cargo.toml
2026-10-10T09:19:38.7068883Z   - /home/runner/work/purrdf/purrdf/crates/sparql-conformance/Cargo.toml
2026-10-10T09:19:38.7069330Z   - /home/runner/work/purrdf/purrdf/crates/sparql-eval/Cargo.toml
2026-10-10T09:19:38.7069794Z   - /home/runner/work/purrdf/purrdf/crates/sparql-results/Cargo.toml
2026-10-10T09:19:38.7070191Z   - /home/runner/work/purrdf/purrdf/crates/stack/Cargo.toml
2026-10-10T09:19:38.7070565Z   - /home/runner/work/purrdf/purrdf/crates/testkit/Cargo.toml
2026-10-10T09:19:38.7070936Z   - /home/runner/work/purrdf/purrdf/crates/text/Cargo.toml
2026-10-10T09:19:38.7071304Z   - /home/runner/work/purrdf/purrdf/crates/validate/Cargo.toml
2026-10-10T09:19:38.7071692Z   - /home/runner/work/purrdf/purrdf/crates/wasm-link/Cargo.toml
2026-10-10T09:19:38.7072067Z   - /home/runner/work/purrdf/purrdf/crates/xsd/Cargo.toml
2026-10-10T09:19:38.7072437Z   - /home/runner/work/purrdf/purrdf/rust-toolchain.toml
2026-10-10T09:19:38.7072984Z ##[endgroup]
2026-10-10T09:19:38.7073107Z 
2026-10-10T09:19:38.7073197Z ... Restoring cache ...
2026-10-10T09:19:38.7778284Z Cache hit for restore-key: v0-rust-workspace-test-Linux-x64-983e76ed-9cd5c42b
2026-10-10T09:19:39.0237279Z Received 36514193 of 36514193 (100.0%), 160.5 MBs/sec
2026-10-10T09:19:39.0246401Z Cache Size: ~35 MB (36514193 B)
2026-10-10T09:19:39.0298652Z [command]/usr/bin/tar -xf /home/runner/work/_temp/e794033c-fca1-47e1-aee8-add8c3d7830c/cache.tzst -P -C /home/runner/work/purrdf/purrdf --use-compress-program unzstd
2026-10-10T09:19:39.2651261Z Cache restored successfully
2026-10-10T09:19:39.2670667Z Restored from cache key "v0-rust-workspace-test-Linux-x64-983e76ed-9cd5c42b" full match: false.
2026-10-10T09:19:39.2887975Z ##[group]Run actions/setup-node@48b55a011bda9f5d6aeb4c2d9c7362e8dae4041e
2026-10-10T09:19:39.2888392Z with:
2026-10-10T09:19:39.2888592Z   node-version: 24
2026-10-10T09:19:39.2888813Z   check-latest: false
2026-10-10T09:19:39.2891747Z   token: ***
2026-10-10T09:19:39.2891980Z   package-manager-cache: true
2026-10-10T09:19:39.2892243Z env:
2026-10-10T09:19:39.2892447Z   CARGO_HOME: /home/runner/.cargo
2026-10-10T09:19:39.2892713Z   CARGO_INCREMENTAL: 0
2026-10-10T09:19:39.2892943Z   CARGO_TERM_COLOR: always
2026-10-10T09:19:39.2893189Z   CACHE_ON_FAILURE: false
2026-10-10T09:19:39.2893467Z ##[endgroup]
2026-10-10T09:19:39.4544658Z Found in cache @ /opt/hostedtoolcache/node/24.21.0/x64
2026-10-10T09:19:39.4549406Z ##[group]Environment details
2026-10-10T09:19:39.8731739Z node: v24.21.0
2026-10-10T09:19:39.8732194Z npm: 11.19.0
2026-10-10T09:19:39.8732590Z yarn: 1.22.22
2026-10-10T09:19:39.8733329Z ##[endgroup]
2026-10-10T09:19:39.8869701Z ##[group]Run sudo mkdir -p /opt/purrdf-native-profile-tests
2026-10-10T09:19:39.8870197Z [36;1msudo mkdir -p /opt/purrdf-native-profile-tests[0m
2026-10-10T09:19:39.8870639Z [36;1msudo chown "$(id -u):$(id -g)" /opt/purrdf-native-profile-tests[0m
2026-10-10T09:19:39.8941106Z shell: /usr/bin/bash -e {0}
2026-10-10T09:19:39.8941375Z env:
2026-10-10T09:19:39.8941599Z   CARGO_HOME: /home/runner/.cargo
2026-10-10T09:19:39.8941885Z   CARGO_INCREMENTAL: 0
2026-10-10T09:19:39.8942130Z   CARGO_TERM_COLOR: always
2026-10-10T09:19:39.8942387Z   CACHE_ON_FAILURE: false
2026-10-10T09:19:39.8942633Z ##[endgroup]
2026-10-10T09:19:39.9257516Z ##[group]Run make test-shard SHARD=integration-2
2026-10-10T09:19:39.9258038Z [36;1mmake test-shard SHARD=integration-2[0m
2026-10-10T09:19:39.9318953Z shell: /usr/bin/bash -e {0}
2026-10-10T09:19:39.9319309Z env:
2026-10-10T09:19:39.9319724Z   CARGO_HOME: /home/runner/.cargo
2026-10-10T09:19:39.9320144Z   CARGO_INCREMENTAL: 0
2026-10-10T09:19:39.9320509Z   CARGO_TERM_COLOR: always
2026-10-10T09:19:39.9320867Z   CACHE_ON_FAILURE: false
2026-10-10T09:19:39.9321411Z   PURRDF_REQUIRE_SIMD_PATHS: distance:portable,distance:sse2,blake3:sse2,deflate:sse2,csv:sse2
2026-10-10T09:19:39.9322032Z ##[endgroup]
2026-10-10T09:19:40.0265192Z + cargo test --workspace --locked --test [e-o]*
2026-10-10T09:19:40.0897935Z [1m[92m    Updating[0m crates.io index
2026-10-10T09:19:40.5219078Z [1m[92m   Compiling[0m hybrid-array v0.4.15
2026-10-10T09:19:40.5220544Z [1m[92m   Compiling[0m purrdf-hash v3.0.1 (/home/runner/work/purrdf/purrdf/crates/hash)
2026-10-10T09:19:40.5222256Z [1m[92m   Compiling[0m cfg-if v1.0.4
2026-10-10T09:19:40.5223103Z [1m[92m   Compiling[0m const-oid v0.10.2
2026-10-10T09:19:40.5482595Z [1m[92m   Compiling[0m purrdf-events v3.0.1 (/home/runner/work/purrdf/purrdf/crates/rdf-events)
2026-10-10T09:19:40.6437058Z [1m[92m   Compiling[0m purrdf-stack v3.0.1 (/home/runner/work/purrdf/purrdf/crates/stack)
2026-10-10T09:19:40.7639208Z [1m[92m   Compiling[0m purrdf-core v3.0.1 (/home/runner/work/purrdf/purrdf/crates/rdf-core)
2026-10-10T09:19:40.8367449Z [1m[92m   Compiling[0m crossbeam-utils v0.8.21
2026-10-10T09:19:41.1980890Z [1m[92m   Compiling[0m crypto-common v0.2.2
2026-10-10T09:19:41.3398361Z [1m[92m   Compiling[0m block-buffer v0.12.1
2026-10-10T09:19:42.1337493Z [1m[92m   Compiling[0m digest v0.11.3
2026-10-10T09:19:42.2516133Z [1m[92m   Compiling[0m sha2 v0.11.0
2026-10-10T09:19:42.3107411Z [1m[92m   Compiling[0m crossbeam-epoch v0.9.18
2026-10-10T09:19:42.6857556Z [1m[92m   Compiling[0m crossbeam-deque v0.8.6
2026-10-10T09:19:42.7627657Z [1m[92m   Compiling[0m getrandom v0.3.4
2026-10-10T09:19:42.8364560Z [1m[92m   Compiling[0m rayon-core v1.13.0
2026-10-10T09:19:42.9058028Z [1m[92m   Compiling[0m purrdf-alloc-probe v3.0.1 (/home/runner/work/purrdf/purrdf/crates/alloc-probe)
2026-10-10T09:19:43.1127547Z [1m[92m   Compiling[0m inout v0.2.2
2026-10-10T09:19:43.1967602Z [1m[92m   Compiling[0m universal-hash v0.6.1
2026-10-10T09:19:43.2477463Z [1m[92m   Compiling[0m cipher v0.5.2
2026-10-10T09:19:43.4810464Z [1m[92m   Compiling[0m rayon v1.12.0
2026-10-10T09:19:44.4506449Z [1m[92m   Compiling[0m purrdf-lex v3.0.1 (/home/runner/work/purrdf/purrdf/crates/lex)
2026-10-10T09:19:44.6811705Z [1m[92m   Compiling[0m purrdf-testkit v3.0.1 (/home/runner/work/purrdf/purrdf/crates/testkit)
2026-10-10T09:19:46.6098001Z [1m[92m   Compiling[0m purrdf-deflate v3.0.1 (/home/runner/work/purrdf/purrdf/crates/deflate)
2026-10-10T09:19:48.9440365Z [1m[92m   Compiling[0m purrdf-xsd v3.0.1 (/home/runner/work/purrdf/purrdf/crates/xsd)
2026-10-10T09:19:51.3697949Z [1m[92m   Compiling[0m purrdf-iri v3.0.1 (/home/runner/work/purrdf/purrdf/crates/iri)
2026-10-10T09:19:55.8758000Z [1m[92m   Compiling[0m purrdf-cdt v3.0.1 (/home/runner/work/purrdf/purrdf/crates/cdt)
2026-10-10T09:19:56.3907363Z [1m[92m   Compiling[0m twox-hash v2.1.2
2026-10-10T09:19:56.4647811Z [1m[92m   Compiling[0m structured-zstd v0.0.49
2026-10-10T09:20:03.5389147Z [1m[92m   Compiling[0m purrdf-sparql-algebra v3.0.1 (/home/runner/work/purrdf/purrdf/crates/sparql-algebra)
2026-10-10T09:20:03.8857721Z [1m[92m   Compiling[0m polyval v0.7.3
2026-10-10T09:20:04.1307429Z [1m[92m   Compiling[0m ghash v0.6.0
2026-10-10T09:20:04.1897861Z [1m[92m   Compiling[0m purrdf-ed25519 v3.0.1 (/home/runner/work/purrdf/purrdf/crates/ed25519)
2026-10-10T09:20:05.1427310Z [1m[92m   Compiling[0m ctr v0.10.1
2026-10-10T09:20:05.2740866Z [1m[92m   Compiling[0m aes v0.9.3
2026-10-10T09:20:05.8987340Z [1m[92m   Compiling[0m aead v0.6.1
2026-10-10T09:20:05.9920425Z [1m[92m   Compiling[0m aes-gcm v0.11.1
2026-10-10T09:20:06.0790278Z [1m[92m   Compiling[0m visual-hashing v1.0.0
2026-10-10T09:20:06.5565094Z [1m[92m   Compiling[0m purrdf-gts v3.0.1 (/home/runner/work/purrdf/purrdf/crates/gts)
2026-10-10T09:20:43.1857998Z [1m[92m   Compiling[0m purrdf-sparql-results v3.0.1 (/home/runner/work/purrdf/purrdf/crates/sparql-results)
2026-10-10T09:20:43.5307391Z [1m[92m   Compiling[0m unicode-ident v1.0.24
2026-10-10T09:20:43.5967794Z [1m[92m   Compiling[0m purrdf-datalog v3.0.1 (/home/runner/work/purrdf/purrdf/crates/datalog)
2026-10-10T09:20:49.3844088Z [1m[92m   Compiling[0m purrdf-sparql-eval v3.0.1 (/home/runner/work/purrdf/purrdf/crates/sparql-eval)
2026-10-10T09:21:09.2197892Z [1m[92m   Compiling[0m purrdf-rdf v3.0.1 (/home/runner/work/purrdf/purrdf/crates/rdf)
2026-10-10T09:21:20.0918688Z [1m[92m   Compiling[0m proc-macro2 v1.0.106
2026-10-10T09:21:23.4477169Z [1m[92m   Compiling[0m quote v1.0.46
2026-10-10T09:21:24.1677064Z [1m[92m   Compiling[0m syn v2.0.118
2026-10-10T09:21:54.2742020Z [1m[92m   Compiling[0m purrdf-slice v3.0.1 (/home/runner/work/purrdf/purrdf/crates/slice)
2026-10-10T09:21:55.2998059Z [1m[92m   Compiling[0m purrdf-jsonschema v3.0.1 (/home/runner/work/purrdf/purrdf/crates/jsonschema)
2026-10-10T09:22:06.5769540Z [1m[92m   Compiling[0m purrdf-shapes v3.0.1 (/home/runner/work/purrdf/purrdf/crates/shapes)
2026-10-10T09:22:12.5548060Z [1m[92m   Compiling[0m purrdf-text v3.0.1 (/home/runner/work/purrdf/purrdf/crates/text)
2026-10-10T09:22:38.5687932Z [1m[92m   Compiling[0m purrdf-retrieval v3.0.1 (/home/runner/work/purrdf/purrdf/crates/retrieval)
2026-10-10T09:23:00.3978230Z [1m[92m   Compiling[0m purrdf-hnsw v3.0.1 (/home/runner/work/purrdf/purrdf/crates/hnsw)
2026-10-10T09:23:09.0743837Z [1m[92m   Compiling[0m purrdf-entail v3.0.1 (/home/runner/work/purrdf/purrdf/crates/entail)
2026-10-10T09:24:05.3907778Z [1m[92m   Compiling[0m purrdf-validate v3.0.1 (/home/runner/work/purrdf/purrdf/crates/validate)
2026-10-10T09:24:06.8937831Z [1m[92m   Compiling[0m purrdf-shex v3.0.1 (/home/runner/work/purrdf/purrdf/crates/shex)
2026-10-10T09:24:21.4729464Z [1m[92m   Compiling[0m purrdf-geo v3.0.1 (/home/runner/work/purrdf/purrdf/crates/geo)
2026-10-10T09:24:27.4127889Z [1m[92m   Compiling[0m purrdf-markdown v3.0.1 (/home/runner/work/purrdf/purrdf/crates/markdown)
2026-10-10T09:24:31.7947654Z [1m[92m   Compiling[0m purrdf-columnar v3.0.1 (/home/runner/work/purrdf/purrdf/crates/columnar)
2026-10-10T09:24:32.1562903Z [1m[92m   Compiling[0m purrdf-mime v3.0.1 (/home/runner/work/purrdf/purrdf/crates/mime)
2026-10-10T09:24:33.1461639Z [1m[92m   Compiling[0m purrdf-json v3.0.1 (/home/runner/work/purrdf/purrdf/crates/json)
2026-10-10T09:24:35.0698559Z [1m[92m   Compiling[0m purrdf v3.0.1 (/home/runner/work/purrdf/purrdf/crates/purrdf)
2026-10-10T09:24:37.8137805Z [1m[92m   Compiling[0m purrdf-conformance-kit v3.0.1 (/home/runner/work/purrdf/purrdf/crates/conformance-kit)
2026-10-10T09:24:39.6048282Z [1m[92m   Compiling[0m purrdf-sparql-conformance v3.0.1 (/home/runner/work/purrdf/purrdf/crates/sparql-conformance)
2026-10-10T09:24:53.8981761Z [1m[92m   Compiling[0m purrdf-bench v3.0.1 (/home/runner/work/purrdf/purrdf/crates/bench)
2026-10-10T09:25:00.5199058Z [1m[92m   Compiling[0m purrdf-hash-conformance v3.0.1 (/home/runner/work/purrdf/purrdf/crates/hash-conformance)
2026-10-10T09:25:11.3337898Z [1m[92m   Compiling[0m clap_derive v4.6.1
2026-10-10T09:25:27.4167255Z [1m[92m   Compiling[0m clap v4.6.1
2026-10-10T09:25:27.4497524Z [1m[92m   Compiling[0m purrdf-cli v3.0.1 (/home/runner/work/purrdf/purrdf/crates/cli)
2026-10-10T09:27:12.3187786Z [1m[92m   Compiling[0m purrdf-capi v3.0.1 (/home/runner/work/purrdf/purrdf/crates/rdf-capi)
2026-10-10T09:34:51.2097863Z [1m[92m   Compiling[0m helper-census v3.0.1 (/home/runner/work/purrdf/purrdf/crates/helper-census)
2026-10-10T09:36:03.3002843Z [1m[92m    Finished[0m `test` profile [optimized] target(s) in 16m 23s
2026-10-10T09:36:03.4720443Z [1m[92m     Running[0m tests/glossary_callers.rs (target/debug/build/helper-census/bc7ea359fbe53b93/out/glossary_callers-bc7ea359fbe53b93)
2026-10-10T09:36:03.4731348Z 
2026-10-10T09:36:03.4731611Z running 2 tests
2026-10-10T09:36:03.9813032Z test production_parity_refuses_missing_native_glossary_callers ... ok
2026-10-10T09:36:13.6056789Z test external_inputs_and_content_selected_renamed_markdown ... ok
2026-10-10T09:36:13.6057311Z 
2026-10-10T09:36:13.6057948Z test result: ok. 2 passed; 0 failed; 0 ignored; 0 measured; 0 filtered out; finished in 10.13s
2026-10-10T09:36:13.6058532Z 
2026-10-10T09:36:13.6061109Z [1m[92m     Running[0m tests/non_rust_ratchet.rs (target/debug/build/helper-census/3f70dbc5c9e4a38d/out/non_rust_ratchet-3f70dbc5c9e4a38d)
2026-10-10T09:36:13.6070348Z 
2026-10-10T09:36:13.6070694Z running 40 tests
2026-10-10T09:36:13.6757897Z test a_missing_integration_ref_is_an_error_that_says_so ... ok
2026-10-10T09:36:13.6897221Z test a_short_or_misplaced_reason_is_refused ... ok
2026-10-10T09:36:13.6922446Z test a_whitespace_only_neighbour_with_code_is_refused ... ok
2026-10-10T09:36:13.7301325Z test a_whitespace_only_python_file_needs_no_explanation ... ok
2026-10-10T09:36:13.7318859Z test a_change_without_non_rust_code_is_accepted ... ok
2026-10-10T09:36:13.7447822Z test an_explained_new_test_file_is_accepted ... ok
2026-10-10T09:36:13.7571434Z test an_explicit_base_compares_against_that_commit ... ok
2026-10-10T09:36:13.7940255Z test binary_neighbour_shrinking_under_binary_attributes_is_accepted ... ok
2026-10-10T09:36:13.7974822Z test binary_attributes_cannot_hide_growth ... ok
2026-10-10T09:36:13.8077827Z test an_unchanged_legacy_tree_is_accepted ... ok
2026-10-10T09:36:13.8346920Z test f1_a_script_moved_out_of_scripts_and_grown_is_refused ... ok
2026-10-10T09:36:13.8518025Z test f1_a_script_renamed_inside_scripts_and_grown_is_refused ... ok
2026-10-10T09:36:13.8571997Z test f1_neighbour_a_moved_script_that_says_why_not_rust_is_accepted ... ok
2026-10-10T09:36:13.9147094Z test f3_neighbour_an_unexplained_file_over_64_kib_is_refused ... ok
2026-10-10T09:36:13.9255170Z test f3_an_explained_file_over_64_kib_is_accepted ... ok
2026-10-10T09:36:13.9738260Z test f2_neighbour_an_explained_copy_is_accepted_under_every_setting ... ok
2026-10-10T09:36:13.9766916Z test f4_cjs_growth_in_scripts_is_refused ... ok
2026-10-10T09:36:13.9816970Z test f4_cjs_and_mts_growth_in_crate_tests_is_refused ... ok
2026-10-10T09:36:13.9987231Z test f2_rename_and_copy_configuration_cannot_change_the_verdict ... ok
2026-10-10T09:36:14.0266982Z test f4_mts_growth_in_scripts_is_refused ... ok
2026-10-10T09:36:14.0306671Z test f4_neighbour_cjs_and_mts_shrinking_is_accepted ... ok
2026-10-10T09:36:14.0668659Z test f5_neighbour_readding_no_larger_is_accepted ... ok
2026-10-10T09:36:14.0797722Z test f6_a_new_shell_script_embedding_python_needs_an_explanation ... ok
2026-10-10T09:36:14.0837091Z test f6_adding_a_node_heredoc_to_a_legacy_shell_script_is_refused ... ok
2026-10-10T09:36:14.0846626Z test f5_deleting_then_readding_a_grown_legacy_file_is_refused ... ok
2026-10-10T09:36:14.1217278Z test f6_extensionless_shebang_scripts_need_an_explanation ... ok
2026-10-10T09:36:14.1290193Z test f6_growing_a_python_heredoc_in_a_legacy_shell_script_is_refused ... ok
2026-10-10T09:36:14.1356143Z test f6_neighbour_a_new_shell_script_embedding_python_with_a_reason_is_accepted ... ok
2026-10-10T09:36:14.1367116Z test f6_neighbour_explained_files_under_every_code_extension_are_accepted ... ok
2026-10-10T09:36:14.1385050Z test f7_f8_every_enforcement_point_runs_the_ratchet ... ok
2026-10-10T09:36:14.1777922Z test f6_neighbour_shebang_scripts_with_a_reason_and_plain_shell_are_accepted ... ok
2026-10-10T09:36:14.1836814Z test f6_neighbour_shell_growth_outside_runtime_heredocs_and_shrinking_are_accepted ... ok
2026-10-10T09:36:14.1873965Z test f6_new_pyw_pyi_cts_tsx_jsx_files_need_an_explanation ... ok
2026-10-10T09:36:14.2325217Z test f8_a_merge_bringing_in_an_unexplained_file_is_refused ... ok
2026-10-10T09:36:14.2393527Z test growth_under_every_ratcheted_root_is_refused ... ok
2026-10-10T09:36:14.2394734Z test new_files_under_the_classic_code_extensions_need_an_explanation ... ok
2026-10-10T09:36:14.2697200Z test f8_neighbour_merging_the_integration_branch_is_accepted ... ok
2026-10-10T09:36:14.2822035Z test shipped_index_mjs_growth_is_accepted ... ok
2026-10-10T09:36:14.2864948Z test vectors_and_generated_additions_need_no_explanation ... ok
2026-10-10T09:36:14.3068140Z test the_working_tree_target_sees_unstaged_and_untracked_files ... ok
2026-10-10T09:36:14.3068601Z 
2026-10-10T09:36:14.3069009Z test result: ok. 40 passed; 0 failed; 0 ignored; 0 measured; 0 filtered out; finished in 0.70s
2026-10-10T09:36:14.3069612Z 
2026-10-10T09:36:14.3071754Z [1m[92m     Running[0m tests/fused_approximation.rs (target/debug/build/purrdf/e3b1a80b7e94cefa/out/fused_approximation-e3b1a80b7e94cefa)
2026-10-10T09:36:14.3083998Z 
2026-10-10T09:36:14.3084201Z running 6 tests
2026-10-10T09:36:14.3119477Z test a_fused_answer_names_which_stratum_was_served_approximately ... ok
2026-10-10T09:36:14.3120888Z test the_answer_is_estimated_and_names_only_the_responsible_stratum ... ok
2026-10-10T09:36:14.3124457Z test a_status_and_a_fidelity_are_read_together_end_to_end ... ok
2026-10-10T09:36:14.3126326Z test the_answer_bounds_each_row_and_names_its_certain_prefix ... ok
2026-10-10T09:36:14.3134522Z test the_approximate_stratum_declares_the_generation_that_answered ... ok
2026-10-10T09:36:14.3145979Z test the_whole_answer_is_byte_identical_across_two_runs ... ok
2026-10-10T09:36:14.3146493Z 
2026-10-10T09:36:14.3151599Z test result: ok. 6 passed; 0 failed; 0 ignored; 0 measured; 0 filtered out; finished in 0.01s
2026-10-10T09:36:14.3151998Z 
2026-10-10T09:36:14.3152827Z [1m[92m     Running[0m tests/governed_entailment.rs (target/debug/build/purrdf/e95499920b805384/out/governed_entailment-e95499920b805384)
2026-10-10T09:36:14.3164003Z 
2026-10-10T09:36:14.3164145Z running 14 tests
2026-10-10T09:36:14.3206421Z test a_cancellation_stops_the_closure_and_names_itself ... ok
2026-10-10T09:36:14.3226357Z test an_expired_deadline_stops_the_closure_with_nothing_claimed ... ok
2026-10-10T09:36:14.3346602Z test a_custom_aggregate_registry_reaches_the_governed_entailed_closure ... ok
2026-10-10T09:36:14.3436258Z test an_entailment_query_closes_over_the_import_table ... ok
2026-10-10T09:36:14.3456644Z test every_regime_honours_a_signal_that_is_already_firing ... ok
2026-10-10T09:36:14.3458031Z test an_unreached_ceiling_answers_exactly_as_the_ungoverned_lane_does ... ok
2026-10-10T09:36:14.3523247Z test no_witness_reaches_a_partial_constructed_graph ... ok
2026-10-10T09:36:14.3616761Z test the_reasoning_report_travels_with_a_tripped_answer ... ok
2026-10-10T09:36:14.3646266Z test a_signal_that_never_fires_changes_no_closure ... ok
2026-10-10T09:36:14.3676222Z test no_witness_reaches_a_partial_solution_sequence ... ok
2026-10-10T09:36:14.3677154Z test witness_triples_are_in_the_closure_the_scrub_runs_over ... ok
2026-10-10T09:36:14.3734108Z test the_remote_request_ceiling_is_in_force_over_the_closure ... ok
2026-10-10T09:36:14.3808972Z test each_ceiling_trips_over_the_entailed_closure ... ok
2026-10-10T09:36:14.3887933Z test the_ungoverned_lane_is_byte_for_byte_unchanged ... ok
2026-10-10T09:36:14.3888791Z 
2026-10-10T09:36:14.3889418Z test result: ok. 14 passed; 0 failed; 0 ignored; 0 measured; 0 filtered out; finished in 0.07s
2026-10-10T09:36:14.3891233Z 
2026-10-10T09:36:14.3896681Z [1m[92m     Running[0m tests/hnsw_facade.rs (target/debug/build/purrdf/bbee2a1cbe3f5036/out/hnsw_facade-bbee2a1cbe3f5036)
2026-10-10T09:36:14.3909397Z 
2026-10-10T09:36:14.3909595Z running 1 test
2026-10-10T09:36:14.3926469Z test the_umbrella_carries_approximate_retrieval_to_a_sparql_query ... ok
2026-10-10T09:36:14.3927058Z 
2026-10-10T09:36:14.3927728Z test result: ok. 1 passed; 0 failed; 0 ignored; 0 measured; 0 filtered out; finished in 0.00s
2026-10-10T09:36:14.3928354Z 
2026-10-10T09:36:14.3933348Z [1m[92m     Running[0m tests/multimodal_exact_knn.rs (target/debug/build/purrdf/a2a0e2003f426af1/out/multimodal_exact_knn-a2a0e2003f426af1)
2026-10-10T09:36:14.3947185Z 
2026-10-10T09:36:14.3947473Z running 2 tests
2026-10-10T09:36:14.4121961Z test a_bound_candidate_beside_a_bound_count_is_the_ranked_reading_at_a_search_per_candidate ... ok
2026-10-10T09:36:14.4145002Z test a_text_and_exact_knn_read_stops_early_on_lookups_and_scans_the_space_once ... ok
2026-10-10T09:36:14.4145388Z 
2026-10-10T09:36:14.4146026Z test result: ok. 2 passed; 0 failed; 0 ignored; 0 measured; 0 filtered out; finished in 0.02s
2026-10-10T09:36:14.4146397Z 
2026-10-10T09:36:14.4151432Z [1m[92m     Running[0m tests/multimodal_exclusion_lookup.rs (target/debug/build/purrdf/36d8d8569a307526/out/multimodal_exclusion_lookup-36d8d8569a307526)
2026-10-10T09:36:14.4164537Z 
2026-10-10T09:36:14.4164681Z running 2 tests
2026-10-10T09:36:14.4237016Z test a_vector_lookup_computes_no_distance_and_visits_no_graph_node ... ok
2026-10-10T09:36:14.4370993Z test a_declared_basis_shortens_a_text_and_vector_read_without_moving_the_answer ... ok
2026-10-10T09:36:14.4371662Z 
2026-10-10T09:36:14.4372307Z test result: ok. 2 passed; 0 failed; 0 ignored; 0 measured; 0 filtered out; finished in 0.02s
2026-10-10T09:36:14.4372943Z 
2026-10-10T09:36:14.4378030Z [1m[92m     Running[0m tests/lane_common_laws.rs (target/debug/build/purrdf-bench/e195fe2d196f1dd1/out/lane_common_laws-e195fe2d196f1dd1)
2026-10-10T09:36:14.4387683Z 
2026-10-10T09:36:14.4387829Z running 35 tests
2026-10-10T09:36:14.5772409Z test a_capture_taken_outside_the_scratch_directory_is_still_swept_on_a_signal ... ok
2026-10-10T09:36:14.5813032Z test a_binary_that_cannot_run_is_refused_for_every_lane_at_once ... ok
2026-10-10T09:36:14.5837211Z test a_capture_is_read_only_when_there_is_something_to_read ... ok
2026-10-10T09:36:14.6672389Z test a_certificate_does_not_outlive_the_run_that_wrote_it ... ok
2026-10-10T09:36:14.6726665Z test a_file_that_is_not_n_quads_is_refused_and_a_real_one_is_not ... ok
2026-10-10T09:36:14.6789659Z test a_file_whose_magic_is_wrong_is_refused_and_a_correct_one_is_not ... ok
2026-10-10T09:36:14.7123410Z test a_missing_query_file_is_refused_naming_the_file_and_the_arena_knob ... ok
2026-10-10T09:36:14.7211877Z test a_certificate_does_not_depend_on_the_scratch_directory ... ok
2026-10-10T09:36:14.7587009Z test a_query_file_is_accepted_when_it_is_present_readable_and_non_empty ... ok
2026-10-10T09:36:14.7738026Z test a_multi_line_diagnostic_survives_flattening_instead_of_being_truncated ... ok
2026-10-10T09:36:14.8136994Z test a_positive_knob_refuses_zero_and_accepts_one ... ok
2026-10-10T09:36:14.8165384Z test a_uint_knob_accepts_the_largest_value_it_can_carry_intact ... ok
2026-10-10T09:36:14.8519023Z test a_short_query_set_is_refused_and_a_complete_one_is_not ... ok
2026-10-10T09:36:14.8593199Z test a_uint_knob_is_normalised_so_one_run_cannot_publish_two_labels_for_one_number ... ok
2026-10-10T09:36:14.9507932Z test a_uint_knob_refuses_a_value_bash_would_wrap_rather_than_substituting_a_different_number ... ok
2026-10-10T09:36:14.9537152Z test a_write_that_cannot_be_opened_names_the_knob_and_not_the_payload ... ok
2026-10-10T09:36:14.9967103Z test an_empty_query_file_is_refused_rather_than_sent_to_the_engine ... ok
2026-10-10T09:36:15.0381334Z test an_empty_artifact_is_refused_and_a_non_empty_one_is_not ... ok
2026-10-10T09:36:15.0398941Z test a_required_pin_is_returned_and_a_missing_one_is_refused_by_name ... ok
2026-10-10T09:36:15.0783458Z test an_unreadable_query_file_is_refused_when_the_process_genuinely_cannot_read_it ... ok
2026-10-10T09:36:15.0787186Z test a_uint_knob_refuses_what_is_not_an_unsigned_integer_and_quotes_it_back ... ok
2026-10-10T09:36:15.0800792Z test every_shared_lane_helper_appears_in_the_design_doc_inventory ... ok
2026-10-10T09:36:15.0814197Z test every_stderr_capture_into_the_scratch_directory_is_reset_first ... ok
2026-10-10T09:36:15.1287482Z test sourcing_the_shared_laws_pins_collation_whatever_the_caller_had ... ok
2026-10-10T09:36:15.1303932Z test an_unwritable_capture_path_is_a_scratch_failure_named_as_one ... ok
2026-10-10T09:36:15.1767540Z test the_digest_fallback_names_the_directory_once_and_quotes_the_status_it_has ... ok
2026-10-10T09:36:15.2631005Z test the_query_set_digest_distinguishes_sets_a_concatenation_would_conflate ... ok
2026-10-10T09:36:15.3117173Z test the_query_set_digest_is_identical_for_identical_content_elsewhere ... ok
2026-10-10T09:36:15.3477124Z test digesting_a_file_is_streamed_stable_and_refuses_what_it_cannot_read ... ok
2026-10-10T09:36:15.3667292Z test the_query_set_digest_names_a_vanished_directory_instead_of_raising ... ok
2026-10-10T09:36:15.4116641Z test the_query_set_digest_refuses_a_name_a_manifest_record_cannot_represent ... ok
2026-10-10T09:36:15.4377291Z test an_optional_pin_reports_absence_and_dies_on_a_broken_lookup ... ok
2026-10-10T09:36:15.4564447Z test the_query_set_digest_refuses_an_empty_directory_rather_than_certifying_nothing ... ok
2026-10-10T09:36:15.5480707Z test the_query_set_tripwire_fires_when_the_set_changes_under_it ... ok
2026-10-10T09:36:15.5715333Z test the_query_set_digest_refuses_a_symlink_so_the_certificate_stays_closed ... ok
2026-10-10T09:36:15.5715960Z 
2026-10-10T09:36:15.5716366Z test result: ok. 35 passed; 0 failed; 0 ignored; 0 measured; 0 filtered out; finished in 1.13s
2026-10-10T09:36:15.5716984Z 
2026-10-10T09:36:15.5719215Z [1m[92m     Running[0m tests/lubm_check_cli.rs (target/debug/build/purrdf-bench/7c0e052781c2f68d/out/lubm_check_cli-7c0e052781c2f68d)
2026-10-10T09:36:15.5728527Z 
2026-10-10T09:36:15.5728677Z running 5 tests
2026-10-10T09:36:15.5897271Z test native_config_results_and_cargo_readers_fail_actionably ... ok
2026-10-10T09:36:15.5938412Z test schema_projection_changes_all_rdf_positions_and_preserves_w3c_and_lexical_content ... ok
2026-10-10T09:36:15.5979587Z test external_output_admission_uses_source_rules_and_rejects_personal_exclusions ... ok
2026-10-10T09:36:21.7556215Z test retained_receipts_refuse_inventory_payload_conversion_and_acceptance_tampering ... ok
2026-10-10T09:36:25.5975053Z test complete_graph_receipts_and_exact_native_oracles_use_real_entrypoints ... ok
2026-10-10T09:36:25.5975957Z 
2026-10-10T09:36:25.5976876Z test result: ok. 5 passed; 0 failed; 0 ignored; 0 measured; 0 filtered out; finished in 10.02s
2026-10-10T09:36:25.5977428Z 
2026-10-10T09:36:25.5997510Z [1m[92m     Running[0m tests/lubm_cli.rs (target/debug/build/purrdf-bench/cf723df22832355b/out/lubm_cli-cf723df22832355b)
2026-10-10T09:36:25.6006939Z 
2026-10-10T09:36:25.6007090Z running 4 tests
2026-10-10T09:36:25.6154495Z test invalid_arguments_and_existing_outputs_never_succeed_or_overwrite ... ok
2026-10-10T09:36:26.0987313Z test independent_graph_controls_refuse_removed_relationships_and_invented_membership ... ok
2026-10-10T09:36:27.9815968Z test processes_paths_locale_ranges_and_configuration_have_declared_identity ... ok
2026-10-10T09:36:29.3443821Z test named_seed_index_matrix_satisfies_every_published_graph_constraint ... ok
2026-10-10T09:36:29.3444496Z 
2026-10-10T09:36:29.3445184Z test result: ok. 4 passed; 0 failed; 0 ignored; 0 measured; 0 filtered out; finished in 3.74s
2026-10-10T09:36:29.3446279Z 
2026-10-10T09:36:29.3465368Z [1m[92m     Running[0m tests/make_bench_lanes.rs (target/debug/build/purrdf-bench/077800158d735bb5/out/make_bench_lanes-077800158d735bb5)
2026-10-10T09:36:29.3476296Z 
2026-10-10T09:36:29.3476545Z running 17 tests
2026-10-10T09:36:29.3847542Z test a_stand_in_writes_nowhere_but_the_destination_a_lane_actually_names ... ok
2026-10-10T09:36:29.6019270Z test every_lane_refuses_a_binary_knob_that_does_not_exist_and_quotes_the_bytes_back ... ok
2026-10-10T09:36:29.6779546Z test every_lane_refuses_a_binary_that_cannot_run_without_blaming_the_corpus ... ok
2026-10-10T09:36:30.1817166Z test every_lane_refuses_a_binary_that_produces_nothing_and_publishes_no_digest ... ok
2026-10-10T09:36:30.7587301Z test every_lane_refuses_a_binary_that_converts_everything_to_nothing_and_publishes_no_digest ... ok
2026-10-10T09:36:30.9507195Z test every_lane_refuses_a_directory_as_its_binary_knob_and_names_it ... ok
2026-10-10T09:37:29.3480463Z test every_lane_accepts_a_credible_binary_at_an_awkward_but_legal_path has been running for over 60 seconds
2026-10-10T09:37:29.3485429Z test every_lane_names_its_arena_knob_when_the_arena_cannot_be_created has been running for over 60 seconds
2026-10-10T09:37:30.7570682Z test native_lubm_seed_index_keep_u64_identity_before_acquisition has been running for over 60 seconds
2026-10-10T09:37:30.9498692Z test the_lubm_join_budget_is_admitted_before_acquisition has been running for over 60 seconds
2026-10-10T09:38:58.7198219Z test every_lane_accepts_a_credible_binary_at_an_awkward_but_legal_path ... ok
2026-10-10T09:38:58.7479989Z test every_lane_names_its_arena_knob_when_the_arena_cannot_be_created ... ok
2026-10-10T09:38:59.2723180Z test the_lubm_lane_refuses_a_document_base_that_is_not_an_absolute_iri ... ok
2026-10-10T09:38:59.3007098Z test the_lubm_lane_refuses_a_zero_university_count_and_accepts_one ... ok
2026-10-10T09:38:59.4313893Z test the_watdiv_lane_accepts_the_pinned_scale_and_an_ordinary_seed ... ok
2026-10-10T09:38:59.6296702Z test the_lubm_join_budget_is_admitted_before_acquisition ... ok
2026-10-10T09:38:59.6639896Z test the_watdiv_lane_refuses_a_pack_that_is_not_a_pack_and_stamps_nothing ... ok
2026-10-10T09:38:59.6727401Z test native_lubm_seed_index_keep_u64_identity_before_acquisition ... ok
2026-10-10T09:38:59.7359248Z test the_watdiv_lane_refuses_a_seed_that_is_not_a_number ... ok
2026-10-10T09:38:59.7518306Z test the_lubm_lane_refuses_an_ontology_iri_that_is_not_absolute ... ok
2026-10-10T09:38:59.7647731Z test the_watdiv_lane_refuses_an_unpinned_scale_by_name ... ok
2026-10-10T09:38:59.7648276Z 
2026-10-10T09:38:59.7648962Z test result: ok. 17 passed; 0 failed; 0 ignored; 0 measured; 0 filtered out; finished in 150.42s
2026-10-10T09:38:59.7649606Z 
2026-10-10T09:38:59.7651075Z [1m[92m     Running[0m tests/make_scale_corpus.rs (target/debug/build/purrdf-bench/682b36486ae1ea81/out/make_scale_corpus-682b36486ae1ea81)
2026-10-10T09:38:59.7660046Z 
2026-10-10T09:38:59.7660266Z running 29 tests
2026-10-10T09:39:00.2347361Z test make_scale_corpus_accepts_empty_and_absolute_path_knobs ... ok
2026-10-10T09:39:00.2947235Z test make_scale_corpus_accepts_a_scale_bin_reached_by_symlink_or_a_relative_path ... ok
2026-10-10T09:39:00.3583294Z test documented_pipe_idiom_is_banner_free_under_a_wrapper_make_on_every_make_version ... ok
2026-10-10T09:39:00.4417184Z test make_scale_corpus_fails_the_shard_when_a_binary_exits_zero_without_writing_its_file ... ok
2026-10-10T09:39:00.5177045Z test make_scale_corpus_files_mode_fails_loudly_when_a_shard_cannot_be_written ... ok
2026-10-10T09:39:00.5708141Z test make_scale_corpus_accepts_a_scale_bin_whose_path_is_unusual_but_real ... ok
2026-10-10T09:39:00.5988569Z test make_scale_corpus_files_mode_sorted_cat_matches_a_direct_whole_run_byte_for_byte ... ok
2026-10-10T09:39:00.6777147Z test make_scale_corpus_keeps_every_shard_manifest_of_a_run_that_succeeded ... ok
2026-10-10T09:39:00.7287931Z test make_scale_corpus_keeps_the_whole_run_manifest_of_a_run_that_succeeded ... ok
2026-10-10T09:39:00.7767223Z test make_scale_corpus_leaves_no_shard_manifest_behind_a_failed_run ... ok
2026-10-10T09:39:00.8187425Z test make_scale_corpus_leaves_no_whole_run_manifest_behind_a_failed_run ... ok
2026-10-10T09:39:00.9115170Z test make_scale_corpus_names_the_knob_when_the_whole_run_manifest_cannot_be_written ... ok
2026-10-10T09:39:00.9708917Z test make_scale_corpus_manifest_path_with_a_space_survives_the_make_entry_point ... ok
2026-10-10T09:39:01.0217283Z test make_scale_corpus_never_lets_a_manifest_path_reach_a_shell ... ok
2026-10-10T09:39:01.1237325Z test make_scale_corpus_out_path_with_a_space_survives_the_make_entry_point ... ok
2026-10-10T09:39:01.1883587Z test make_scale_corpus_never_certifies_a_corpus_a_binary_did_not_produce ... ok
2026-10-10T09:39:01.2397308Z test make_scale_corpus_pipe_mode_at_level_one_is_bare_banner_free_only_from_gnu_make_4_4 ... ok
2026-10-10T09:39:01.2907100Z test make_scale_corpus_pipe_mode_fails_when_a_shard_fails ... ok
2026-10-10T09:39:01.3721972Z test make_scale_corpus_pipe_mode_is_banner_free_at_level_one_when_suppression_is_explicit ... ok
2026-10-10T09:39:01.3726585Z test make_scale_corpus_refuses_a_directory_as_scale_bin ... ok
2026-10-10T09:39:01.5097644Z test make_scale_corpus_pipe_mode_matches_a_direct_whole_run_byte_for_byte ... ok
2026-10-10T09:39:01.6328184Z test make_scale_corpus_scale_bin_is_taken_literally_and_never_resolves_to_another_binary ... ok
2026-10-10T09:39:01.7203684Z test make_scale_corpus_rejects_an_unrunnable_sink_with_a_lane_diagnostic ... ok
2026-10-10T09:39:02.2248191Z test make_scale_corpus_sink_argument_survives_the_make_entry_point ... ok
2026-10-10T09:39:02.8756156Z test make_scale_corpus_stream_mode_fails_when_a_shard_fails ... ok
2026-10-10T09:39:04.5527473Z test make_scale_corpus_reproduces_a_whole_run_at_uneven_and_oversized_shard_counts ... ok
2026-10-10T09:39:04.6354336Z test make_scale_corpus_takes_shell_and_make_metacharacters_in_a_path_literally ... ok
2026-10-10T09:39:05.1262223Z test make_scale_corpus_refuses_a_run_that_produced_less_than_its_manifest_certifies ... ok
2026-10-10T09:39:05.7730473Z test make_scale_corpus_still_runs_a_legitimately_tiny_corpus ... ok
2026-10-10T09:39:05.7731119Z 
2026-10-10T09:39:05.7731820Z test result: ok. 29 passed; 0 failed; 0 ignored; 0 measured; 0 filtered out; finished in 6.01s
2026-10-10T09:39:05.7732447Z 
2026-10-10T09:39:05.7734460Z [1m[92m     Running[0m tests/native_profile.rs (target/debug/build/purrdf-capi/ed8948e83dffa0bd/out/native_profile-ed8948e83dffa0bd)
2026-10-10T09:39:05.7743877Z 
2026-10-10T09:39:05.7744030Z running 36 tests
2026-10-10T09:39:05.7749144Z test hosted::tests::cargo_c_identity_refuses_successful_generic_help_and_wrong_release ... ok
2026-10-10T09:39:05.7750848Z test hosted::tests::hosted_inventory_and_exact_counterfactual_are_closed ... ok
2026-10-10T09:39:05.7759118Z test hosted::tests::execution_windows_refuse_missing_and_reversed_clocks ... ok
2026-10-10T09:39:05.7762971Z test hosted::tests::physical_runner_identity_ignores_frequency_but_refuses_missing_observations ... ok
2026-10-10T09:39:05.7797301Z test hosted::tests::private_cache_boundaries_and_upload_outputs_are_mandatory ... ok
2026-10-10T09:39:05.7806706Z test hosted::tests::restored_destinations_are_never_overwritten ... ok
2026-10-10T09:39:05.7819043Z test hosted::tests::restoration_never_follows_an_alias_to_prior_evidence ... ok
2026-10-10T09:39:05.7862876Z test hosted::tests::shared_setup_requires_ordered_endpoints_and_all_owned_source_records ... ok
2026-10-10T09:39:05.7878747Z test hosted::tests::restores_only_complete_current_attempt_and_preserves_prior_evidence ... ok
2026-10-10T09:39:05.7881601Z test hosted::tests::symlinked_case_or_cache_never_reclaims_foreign_bytes ... ok
2026-10-10T09:39:05.7927096Z test hosted::tests::incomplete_or_changed_case_refuses_before_reclaiming_any_cache ... ok
2026-10-10T09:39:05.7949301Z test hosted::tests::stale_wrong_prefix_wrong_case_and_partial_attempt_refuse_before_any_move ... ok
2026-10-10T09:39:05.7961172Z test phases::tests::mixed_harness_frames_preserve_strict_artifact_selection ... ok
2026-10-10T09:39:05.7963123Z test phases::tests::nul_inventory_preserves_literal_paths_and_refuses_lossy_decoding ... ok
2026-10-10T09:39:05.7964962Z test phases::tests::rejects_malformed_missing_unrelated_and_ambiguous_artifacts ... ok
2026-10-10T09:39:05.7966885Z test phases::tests::selects_exact_package_and_retains_freshness_metadata ... ok
2026-10-10T09:39:05.7972064Z test hosted::tests::uploaded_case_reclamation_preserves_proof_and_all_siblings ... ok
2026-10-10T09:39:05.7973625Z test profile::tests::admits_exact_nested_profile_delta_and_refuses_extra_source_changes ... ok
2026-10-10T09:39:05.7975261Z test profile::tests::cargo_configuration_absence_is_bound_and_private_values_are_excluded ... ok
2026-10-10T09:39:05.7977599Z test profile::tests::cargo_configuration_malformed_responses_never_become_absence ... ok
2026-10-10T09:39:05.7979222Z test profile::tests::cold_build_and_target_are_independent_and_warm_admission_is_explicit ... ok
2026-10-10T09:39:05.7993624Z test profile::tests::complete_comparison_records_aggregate_cost_but_never_invents_runner_wall_time ... ok
2026-10-10T09:39:05.8003542Z test profile::tests::libtest_frames_preserve_inventory_without_inventing_c_libraries ... ok
2026-10-10T09:39:05.8026774Z test profile::tests::lost_or_changed_compiler_receipts_cannot_qualify_observed_reduction ... ok
2026-10-10T09:39:05.8048098Z test profile::tests::missing_malformed_ambiguous_and_tampered_child_bindings_refuse ... ok
2026-10-10T09:39:05.8063844Z cargo 1.101.0-nightly (29c5daa1a 2026-10-07)
2026-10-10T09:39:05.8068507Z test profile::tests::actual_delegate_failures_and_missing_requests_are_hard_and_retained ... ok
2026-10-10T09:39:05.8085868Z test profile::tests::partition_coverage_keeps_workspace_and_every_baseline_dependency_variant ... ok
2026-10-10T09:39:05.8087605Z test profile::tests::physical_roots_normalize_without_losing_package_or_target_identity ... ok
2026-10-10T09:39:05.8137280Z test profile::tests::mixed_children_bind_libraries_before_cleanup_and_match_actual_c_smoke ... ok
2026-10-10T09:39:05.8301960Z test phases::tests::child_and_validation_failures_are_recorded_and_receipt_failures_are_hard ... ok
2026-10-10T09:39:05.8316661Z test profile::tests::rejects_missing_failed_mismatched_tools_config_concurrency_cache_and_coverage ... ok
2026-10-10T09:39:05.8336929Z test profile::tests::telemetry_preserves_selection_and_harness_arguments_and_nonbuild_commands ... ok
2026-10-10T09:39:05.8338623Z test profile::tests::warm_arm_retains_old_reports_but_attributes_only_new_or_changed_reports ... ok
2026-10-10T09:39:05.8436475Z test hosted::tests::actual_workflow_preserves_full_optional_inventory_and_failure_uploads ... ok
2026-10-10T09:39:05.8595244Z test profile::tests::real_sdk_configuration_query_admits_absence_and_refuses_private_errors ... ok
2026-10-10T09:39:05.8665803Z test profile::tests::real_sdk_metadata_uses_admitted_arm_directories_and_preserves_inventory ... ok
2026-10-10T09:39:05.8666555Z 
2026-10-10T09:39:05.8667298Z test result: ok. 36 passed; 0 failed; 0 ignored; 0 measured; 0 filtered out; finished in 0.09s
2026-10-10T09:39:05.8667933Z 
2026-10-10T09:39:05.8672603Z [1m[92m     Running[0m tests/functions.rs (target/debug/build/purrdf-cdt/cc2ae8ad3bb1d7ba/out/functions-cc2ae8ad3bb1d7ba)
2026-10-10T09:39:05.8680235Z 
2026-10-10T09:39:05.8680607Z running 68 tests
2026-10-10T09:39:05.8684301Z test a_constructed_list_keeps_a_blank_node_argument ... ok
2026-10-10T09:39:05.8700813Z test a_definite_hit_dominates_an_undecidable_comparison ... ok
2026-10-10T09:39:05.8702313Z test a_failed_constructor_argument_becomes_a_null_element ... ok
2026-10-10T09:39:05.8703722Z test a_null_element_neither_matches_nor_poisons_the_search ... ok
2026-10-10T09:39:05.8705339Z test a_stored_null_wins_a_merge_conflict_like_any_other_value ... ok
2026-10-10T09:39:05.8707260Z test an_iri_outside_the_library_is_not_a_cdt_function ... ok
2026-10-10T09:39:05.8708522Z test arities_match_the_call_shapes_the_corpus_uses ... ok
2026-10-10T09:39:05.8727851Z test concat_raises_for_a_map_argument ... ok
2026-10-10T09:39:05.8728694Z test contains_key_is_not_the_same_question_as_get ... ok
2026-10-10T09:39:05.8732603Z test contains_key_raises_for_a_list ... ok
2026-10-10T09:39:05.8734461Z test contains_raises_for_a_map_and_defers_to_contains_key ... ok
2026-10-10T09:39:05.8736006Z test every_function_iri_lives_under_the_spec_namespace_and_round_trips ... ok
2026-10-10T09:39:05.8737250Z test get_is_one_function_over_both_composite_datatypes ... ok
2026-10-10T09:39:05.8776269Z test keys_raises_for_a_list ... ok
2026-10-10T09:39:05.8776919Z test list_concat_copies_nulls_as_positions ... ok
2026-10-10T09:39:05.8777585Z test list_concat_is_variadic_from_zero ... ok
2026-10-10T09:39:05.8806267Z test list_concat_joins_in_argument_order ... ok
2026-10-10T09:39:05.8830521Z test list_contains_compares_blank_nodes_by_identity ... ok
2026-10-10T09:39:05.8831875Z test list_contains_compares_by_value ... ok
2026-10-10T09:39:05.8847267Z test list_contains_finds_nested_composites_in_either_spelling ... ok
2026-10-10T09:39:05.8848686Z test list_get_is_one_based ... ok
2026-10-10T09:39:05.8849540Z test list_get_on_a_null_position_is_an_error ... ok
2026-10-10T09:39:05.8850464Z test list_get_out_of_range_is_a_sparql_error_not_a_null ... ok
2026-10-10T09:39:05.8851617Z test list_get_returns_a_nested_composite_and_a_blank_node_as_they_are ... ok
2026-10-10T09:39:05.8852661Z test list_get_with_a_non_integer_index_is_an_error ... ok
2026-10-10T09:39:05.8853522Z test list_head_is_the_first_element ... ok
2026-10-10T09:39:05.8854443Z test list_head_of_an_empty_list_or_a_leading_null_is_an_error ... ok
2026-10-10T09:39:05.8855381Z test list_reverse_carries_nulls_through ... ok
2026-10-10T09:39:05.8856458Z test list_reverse_reverses_and_never_raises ... ok
2026-10-10T09:39:05.8857390Z test list_size_counts_every_element_including_nulls ... ok
2026-10-10T09:39:05.8858308Z test list_subseq_admits_a_start_one_past_the_end ... ok
2026-10-10T09:39:05.8859267Z test list_subseq_refuses_a_range_that_leaves_the_list ... ok
2026-10-10T09:39:05.8860222Z test list_subseq_takes_a_one_based_start_and_a_length ... ok
2026-10-10T09:39:05.8861261Z test list_tail_drops_the_first_element_even_when_it_is_a_null ... ok
2026-10-10T09:39:05.8862227Z test list_tail_of_an_empty_list_is_an_error ... ok
2026-10-10T09:39:05.8863144Z test map_contains_key_is_total_and_matches_by_term ... ok
2026-10-10T09:39:05.8864022Z test map_get_matches_keys_by_term_not_by_value ... ok
2026-10-10T09:39:05.8864998Z test map_get_raises_for_an_absent_key_and_for_a_null_value ... ok
2026-10-10T09:39:05.8866143Z test map_get_returns_blank_node_values_as_they_are ... ok
2026-10-10T09:39:05.8866989Z test map_keys_is_a_list_of_the_keys ... ok
2026-10-10T09:39:05.8867804Z test map_merge_keeps_the_first_map_on_a_conflict ... ok
2026-10-10T09:39:05.8868627Z test map_merge_unions_the_arguments ... ok
2026-10-10T09:39:05.8869416Z test map_put_refuses_a_key_that_cannot_be_a_key ... ok
2026-10-10T09:39:05.8870200Z test map_put_sets_an_entry ... ok
2026-10-10T09:39:05.8870965Z test map_put_stores_a_null_value_without_raising ... ok
2026-10-10T09:39:05.8871794Z test map_put_treats_the_key_as_a_term ... ok
2026-10-10T09:39:05.8872577Z test map_remove_drops_the_entry_under_a_key ... ok
2026-10-10T09:39:05.8873467Z test map_remove_reports_that_it_changed_nothing ... ok
2026-10-10T09:39:05.8874378Z test map_size_counts_every_entry_including_null_values ... ok
2026-10-10T09:39:05.8875280Z test merge_raises_for_a_list_argument ... ok
2026-10-10T09:39:05.8876234Z test only_an_integer_is_an_index ... ok
2026-10-10T09:39:05.8877038Z test only_iris_and_literals_can_be_map_keys ... ok
2026-10-10T09:39:05.8877760Z test put_raises_for_a_list ... ok
2026-10-10T09:39:05.8878437Z test remove_raises_for_a_list ... ok
2026-10-10T09:39:05.9147006Z test a_minted_value_may_not_exceed_the_lexical_byte_bound ... ok
2026-10-10T09:39:05.9148503Z test size_is_one_function_over_both_composite_datatypes ... ok
2026-10-10T09:39:05.9176274Z test the_list_constructor_builds_in_argument_order ... ok
2026-10-10T09:39:05.9206231Z test the_list_only_functions_raise_for_a_map ... ok
2026-10-10T09:39:05.9207296Z test the_map_constructor_drops_a_pair_whose_key_cannot_be_a_key ... ok
2026-10-10T09:39:05.9236441Z test the_map_constructor_keeps_an_entry_whose_value_failed ... ok
2026-10-10T09:39:05.9266424Z test the_map_constructor_lets_the_last_binding_of_a_key_win ... ok
2026-10-10T09:39:05.9286283Z test the_map_constructor_pairs_keys_with_values ... ok
2026-10-10T09:39:05.9296255Z test the_map_only_functions_raise_for_a_list ... ok
2026-10-10T09:39:05.9496839Z test a_minted_value_nests_as_deep_as_its_elements_allow ... ok
2026-10-10T09:39:05.9497879Z test the_two_constructors_share_their_iris_with_the_two_datatypes ... ok
2026-10-10T09:39:06.0251341Z test the_three_outcomes_are_distinguishable ... ok
2026-10-10T09:39:06.0964939Z test repeated_self_insertion_hits_the_element_bound_instead_of_memory ... ok
2026-10-10T09:39:06.1184375Z test concat_refuses_to_exceed_the_element_bound ... ok
2026-10-10T09:39:06.1184691Z 
2026-10-10T09:39:06.1185413Z test result: ok. 68 passed; 0 failed; 0 ignored; 0 measured; 0 filtered out; finished in 0.25s
2026-10-10T09:39:06.1186146Z 
2026-10-10T09:39:06.1213921Z [1m[92m     Running[0m tests/grammar_productions.rs (target/debug/build/purrdf-cdt/547b8bf37e133c87/out/grammar_productions-547b8bf37e133c87)
2026-10-10T09:39:06.1224700Z 
2026-10-10T09:39:06.1224913Z running 30 tests
2026-10-10T09:39:06.1228665Z test a_blank_node_label_opens_at_a_narrower_class_than_it_continues_with ... ok
2026-10-10T09:39:06.1229474Z test blank_node_label_still_admits_every_non_ascii_scalar_pn_chars_names ... ok
2026-10-10T09:39:06.1232082Z test a_programmatic_duplicate_map_key_carries_the_same_diagnostic ... ok
2026-10-10T09:39:06.1233138Z test a_subtag_over_the_length_ceiling_is_refused_in_a_cdt_literal ... ok
2026-10-10T09:39:06.1234208Z test blank_node_label_stops_at_a_no_break_space_rather_than_absorbing_it ... ok
2026-10-10T09:39:06.1235254Z test every_tag_the_workspace_writes_still_parses_in_a_cdt_literal ... ok
2026-10-10T09:39:06.1236288Z test ill_formed_bad_escape ... ok
2026-10-10T09:39:06.1240983Z test ill_formed_duplicate_map_key ... ok
2026-10-10T09:39:06.1246692Z test canonical_form_always_spells_shorthands_explicitly ... ok
2026-10-10T09:39:06.1249772Z test ill_formed_null_as_a_map_key ... ok
2026-10-10T09:39:06.1250433Z test ill_formed_relative_iriref ... ok
2026-10-10T09:39:06.1251070Z test ill_formed_trailing_comma ... ok
2026-10-10T09:39:06.1251678Z test ill_formed_unterminated_list ... ok
2026-10-10T09:39:06.1252616Z test production_128s_rdf_literal_covers_all_four_string_forms_and_both_suffixes ... ok
2026-10-10T09:39:06.1253806Z test production_3_every_list_element_alternative_is_admitted ... ok
2026-10-10T09:39:06.1254593Z test ill_formed_unterminated_map ... ok
2026-10-10T09:39:06.1255294Z test production_4_map_is_braced_and_may_be_empty ... ok
2026-10-10T09:39:06.1256267Z test production_5_entries_are_comma_separated ... ok
2026-10-10T09:39:06.1257044Z test production_6_entry_pairs_a_key_with_a_value_through_a_colon ... ok
2026-10-10T09:39:06.1257619Z test production_7_map_keys_admit_exactly_four_alternatives ... ok
2026-10-10T09:39:06.1258127Z test production_1_list_is_bracketed_and_may_be_empty ... ok
2026-10-10T09:39:06.1258585Z test production_9_null_is_a_first_class_element ... ok
2026-10-10T09:39:06.1259067Z test production_8_every_map_value_alternative_is_admitted ... ok
2026-10-10T09:39:06.1260083Z [1m[92m     Running[0m tests/entails_cli.rs (target/debug/build/purrdf-cli/adc5ac58e6f363ef/out/entails_cli-adc5ac58e6f363ef)
2026-10-10T09:39:06.1260781Z test round_trip_language_tag_with_rtl_direction ... ok
2026-10-10T09:39:06.1261282Z test production_2_elements_are_comma_separated_and_ordered ... ok
2026-10-10T09:39:06.1261762Z test round_trip_language_tag_with_ltr_direction ... ok
2026-10-10T09:39:06.1262183Z test round_trip_language_tag_with_no_direction ... ok
2026-10-10T09:39:06.1263134Z test superset_directional_literals_are_admitted_in_both_directions ... ok
2026-10-10T09:39:06.1264195Z test the_langtag_terminals_own_refusals_still_bite_in_a_cdt_literal ... ok
2026-10-10T09:39:06.1265194Z test superset_triple_term_is_admitted_as_an_element_and_a_value ... ok
2026-10-10T09:39:06.1266205Z 
2026-10-10T09:39:06.1266854Z test result: ok. 30 passed; 0 failed; 0 ignored; 0 measured; 0 filtered out; finished in 0.00s
2026-10-10T09:39:06.1267226Z 
2026-10-10T09:39:06.1267238Z 
2026-10-10T09:39:06.1267336Z running 31 tests
2026-10-10T09:39:06.1326523Z test a_malformed_import_iri_names_the_half_and_the_shared_code ... ok
2026-10-10T09:39:06.1372722Z test a_malformed_import_pair_is_a_usage_error ... ok
2026-10-10T09:39:06.1373870Z test a_conclusion_the_table_refutes_is_not_entailed ... ok
2026-10-10T09:39:06.1504877Z test a_pattern_answers_with_its_certain_answers ... ok
2026-10-10T09:39:06.1646439Z test a_conjunction_folds_into_a_composite_and_names_its_constituents ... ok
2026-10-10T09:39:06.1666752Z test a_pattern_projects_a_variable_in_predicate_position ... ok
2026-10-10T09:39:06.1715161Z test a_negative_fact_is_entailed_by_refutation ... ok
2026-10-10T09:39:06.1790807Z test a_relative_import_iri_blames_the_argument_not_the_premise ... ok
2026-10-10T09:39:06.1829152Z test a_stdin_premise_is_answered ... ok
2026-10-10T09:39:06.1879165Z test a_schema_axiom_is_entailed_by_freezing ... ok
2026-10-10T09:39:06.1920477Z test an_inconsistent_premise_is_refused_with_its_witness ... ok
2026-10-10T09:39:06.1938930Z test an_import_pair_answers_a_premise_that_imports ... ok
2026-10-10T09:39:06.1956463Z test a_premise_importing_its_own_iri_needs_no_pair ... ok
2026-10-10T09:39:06.2022322Z test base_with_a_pack_document_is_refused_by_name ... ok
2026-10-10T09:39:06.2023976Z test an_unserved_regime_is_refused_and_named ... ok
2026-10-10T09:39:06.2105377Z test base_is_refused_only_when_no_document_can_spend_it ... ok
2026-10-10T09:39:06.2183843Z test an_open_predicate_renders_the_limit_that_makes_the_answer_honest ... ok
2026-10-10T09:39:06.2299354Z test consistency_decides_the_imports_closure ... ok
2026-10-10T09:39:06.2477192Z test every_input_syntax_reaches_the_boundary ... ok
2026-10-10T09:39:06.2567725Z test entails_and_query_take_the_evaluation_limits ... ok
2026-10-10T09:39:06.2586777Z test exactly_one_question_is_asked ... ok
2026-10-10T09:39:06.2713840Z test every_served_regime_answers ... ok
2026-10-10T09:39:06.2774368Z test the_document_flags_are_refused_rather_than_ignored ... ok
2026-10-10T09:39:06.2826804Z test query_entailment_closes_over_the_import_table ... ok
2026-10-10T09:39:06.2924423Z test the_rule_table_derives_a_conclusion_and_says_so ... ok
2026-10-10T09:39:06.2949587Z test every_entailment_subcommand_refuses_an_unreached_import_pair ... ok
2026-10-10T09:39:06.2978849Z test two_stdin_documents_are_refused ... ok
2026-10-10T09:39:06.3079713Z test verify_re_decides_the_warrant ... ok
2026-10-10T09:39:06.3092656Z test verify_without_a_warrant_is_not_applicable ... ok
2026-10-10T09:39:06.3102227Z test the_report_distinguishes_a_resolved_import_from_an_unresolved_one ... ok
2026-10-10T09:39:06.3269523Z test the_answer_and_the_certificate_are_separate_outputs ... ok
2026-10-10T09:39:06.3270036Z 
2026-10-10T09:39:06.3270753Z test result: ok. 31 passed; 0 failed; 0 ignored; 0 measured; 0 filtered out; finished in 0.20s
2026-10-10T09:39:06.3271302Z 
2026-10-10T09:39:06.3272963Z [1m[92m     Running[0m tests/exact_numerics_cli.rs (target/debug/build/purrdf-cli/2976f2e500d6dc84/out/exact_numerics_cli-2976f2e500d6dc84)
2026-10-10T09:39:06.3281690Z 
2026-10-10T09:39:06.3281891Z running 8 tests
2026-10-10T09:39:06.3370511Z test a_governed_query_names_the_errors_it_absorbed ... ok
2026-10-10T09:39:06.3437200Z test a_fuel_ceiling_refuses_a_squaring_blow_up_and_admits_its_neighbour ... ok
2026-10-10T09:39:06.3466195Z test owl_dl_tells_two_sixty_digit_values_apart ... ok
2026-10-10T09:39:06.3467292Z test a_governed_update_divides_under_its_policy_and_names_what_it_absorbed ... ok
2026-10-10T09:39:06.3468280Z test query_answers_past_machine_words_exactly ... ok
2026-10-10T09:39:06.3491935Z test division_policy_is_selectable_and_leaves_only_a_non_terminating_quotient_unbound ... ok
2026-10-10T09:39:06.3506073Z test shacl_range_constraints_compare_every_digit ... ok
2026-10-10T09:39:06.3536532Z test shex_numeric_facets_compare_every_digit ... ok
2026-10-10T09:39:06.3536863Z 
2026-10-10T09:39:06.3537274Z test result: ok. 8 passed; 0 failed; 0 ignored; 0 measured; 0 filtered out; finished in 0.03s
2026-10-10T09:39:06.3537638Z 
2026-10-10T09:39:06.3540272Z [1m[92m     Running[0m tests/governors_cli.rs (target/debug/build/purrdf-cli/15d59b4fed247700/out/governors_cli-15d59b4fed247700)
2026-10-10T09:39:06.3548637Z 
2026-10-10T09:39:06.3548791Z running 25 tests
2026-10-10T09:39:06.3637789Z test a_complete_governed_run_exits_0_and_answers_identically ... ok
2026-10-10T09:39:06.3639092Z test a_deadline_stops_the_query_and_names_the_stop_cause ... ok
2026-10-10T09:39:06.3647104Z test a_deadline_without_a_unit_is_a_usage_error ... ok
2026-10-10T09:39:06.3696648Z test a_governed_query_over_a_pack_trips_identically ... ok
2026-10-10T09:39:06.3706959Z test a_nonzero_deadline_stops_work_inside_the_final_operator ... ok
2026-10-10T09:39:06.3756749Z test a_reifier_query_certifies_its_partial_rows ... ok
2026-10-10T09:39:06.3758100Z test a_trip_exits_3_and_prints_the_certified_partial_answers ... ok
2026-10-10T09:39:06.3786455Z test an_expired_deadline_stops_the_closure_and_claims_nothing ... ok
2026-10-10T09:39:06.3836429Z test a_partial_answer_does_not_corrupt_the_machine_readable_stream ... ok
2026-10-10T09:39:06.3866889Z test an_answer_cap_cuts_a_query_over_an_entailed_closure ... ok
2026-10-10T09:39:06.3893757Z test an_entailment_query_under_a_fuel_ceiling_trips_and_exits_three ... ok
2026-10-10T09:39:06.3906472Z test an_ungoverned_invocation_is_unchanged ... ok
2026-10-10T09:39:06.3934521Z test construct_answer_cap_counts_rdf12_statements_not_solution_rows ... ok
2026-10-10T09:39:06.3979706Z test every_governor_flag_reaches_the_engines_ceiling_vector ... ok
2026-10-10T09:39:06.4036750Z test exists_counters_render_in_cli_explain ... ok
2026-10-10T09:39:06.4061442Z test each_numeric_ceiling_trips_under_its_own_governor ... ok
2026-10-10T09:39:06.4066588Z test explain_over_lateral_graph_variable_is_byte_identical_across_runs ... ok
2026-10-10T09:39:06.4084379Z test explain_renders_the_ledger_and_is_byte_identical_across_runs ... ok
2026-10-10T09:39:06.4112479Z test an_ungoverned_entailment_query_is_unchanged ... ok
2026-10-10T09:39:06.4176966Z test the_governor_report_is_byte_identical_across_runs ... ok
2026-10-10T09:39:06.4216532Z test no_ceiling_beside_a_ceiling_is_refused_by_name ... ok
2026-10-10T09:39:06.4217497Z test unenforceable_flag_combinations_are_refused_by_name ... ok
2026-10-10T09:39:06.4232454Z test withheld_answers_print_no_rows_and_name_the_barrier ... ok
2026-10-10T09:39:06.4279373Z test the_metered_default_refuses_an_over_cap_query_and_no_ceiling_answers_it ... ok
2026-10-10T09:39:06.4963912Z test optional_filter_keeps_answers_and_metered_cell_boundary ... ok
2026-10-10T09:39:06.4964443Z 
2026-10-10T09:39:06.4964870Z test result: ok. 25 passed; 0 failed; 0 ignored; 0 measured; 0 filtered out; finished in 0.14s
2026-10-10T09:39:06.4965397Z 
2026-10-10T09:39:06.4966790Z [1m[92m     Running[0m tests/help_cli.rs (target/debug/build/purrdf-cli/ec82b7a7e630eaa7/out/help_cli-ec82b7a7e630eaa7)
2026-10-10T09:39:06.4976582Z 
2026-10-10T09:39:06.4976838Z running 13 tests
2026-10-10T09:39:06.5010152Z test convert_help_lists_options_and_format_choices ... ok
2026-10-10T09:39:06.5014772Z test describe_help_lists_its_subject_and_format_flags ... ok
2026-10-10T09:39:06.5026870Z test entails_help_lists_the_boundary_flags_and_regime_choices ... ok
2026-10-10T09:39:06.5044152Z test query_help_lists_every_execution_governor ... ok
2026-10-10T09:39:06.5055008Z test query_help_lists_options_and_results_choices ... ok
2026-10-10T09:39:06.5068178Z test project_and_lift_help_enumerate_truthful_profiles ... ok
2026-10-10T09:39:06.5084767Z test reason_help_lists_options_and_regime_choices ... ok
2026-10-10T09:39:06.5097205Z test top_level_help_lists_all_subcommands ... ok
2026-10-10T09:39:06.5098344Z test shex_help_lists_its_inputs_and_schema_syntaxes ... ok
2026-10-10T09:39:06.5126796Z test unknown_flag_is_a_usage_error_exit_2 ... ok
2026-10-10T09:39:06.5130453Z test update_help_lists_applicable_governors_and_no_answer_cap ... ok
2026-10-10T09:39:06.5131438Z test validate_help_lists_its_inputs_formats_and_governors ... ok
2026-10-10T09:39:06.5367661Z test every_subcommand_has_its_own_help ... ok
2026-10-10T09:39:06.5368129Z 
2026-10-10T09:39:06.5368689Z test result: ok. 13 passed; 0 failed; 0 ignored; 0 measured; 0 filtered out; finished in 0.04s
2026-10-10T09:39:06.5369183Z 
2026-10-10T09:39:06.5370071Z [1m[92m     Running[0m tests/ingest_cli.rs (target/debug/build/purrdf-cli/24b57f6c4b58c544/out/ingest_cli-24b57f6c4b58c544)
2026-10-10T09:39:06.5379280Z 
2026-10-10T09:39:06.5379441Z running 33 tests
2026-10-10T09:39:06.5453226Z test a_corrupt_compressed_stream_fails_closed ... ok
2026-10-10T09:39:06.5470839Z test a_compressed_source_in_a_mixed_list_is_decoded ... ok
2026-10-10T09:39:06.5472267Z test a_compressed_pack_source_is_refused_by_name ... ok
2026-10-10T09:39:06.5473382Z test a_gts_source_in_a_list_still_reports_its_envelope ... ok
2026-10-10T09:39:06.5493947Z test a_gts_bundle_is_admitted_on_stdin_plain_and_compressed ... ok
2026-10-10T09:39:06.5533792Z test a_gzip_file_is_detected_decoded_and_classified_by_its_payload_extension ... ok
2026-10-10T09:39:06.5557085Z test a_single_source_convert_is_not_routed_through_the_union ... ok
2026-10-10T09:39:06.5626669Z test a_mixed_format_source_list_is_admitted ... ok
2026-10-10T09:39:06.5656433Z test a_streamed_line_source_and_a_buffered_source_agree ... ok
2026-10-10T09:39:06.5676564Z test a_transport_suffixed_output_is_refused_by_name ... ok
2026-10-10T09:39:06.5696809Z test a_zstd_file_is_detected_decoded_and_classified_by_its_payload_extension ... ok
2026-10-10T09:39:06.5704564Z test a_truncated_compressed_stream_fails_closed_without_partial_output ... ok
2026-10-10T09:39:06.5746782Z test an_unclassifiable_source_in_a_list_fails_before_anything_is_written ... ok
2026-10-10T09:39:06.5776412Z test an_explicit_from_applies_to_every_source_in_the_list ... ok
2026-10-10T09:39:06.5806637Z test base_with_a_gts_source_is_refused_by_name ... ok
2026-10-10T09:39:06.5836283Z test corrupt_gts_input_fails_closed ... ok
2026-10-10T09:39:06.5866573Z test compressed_stdin_is_detected_from_its_leading_bytes ... ok
2026-10-10T09:39:06.5896479Z test gts_envelope_is_surfaced_in_the_loss_ledger_with_exact_counts ... ok
2026-10-10T09:39:06.5897589Z test gts_input_is_admitted_and_inferred_from_its_extension ... ok
2026-10-10T09:39:06.5926402Z test crlf_and_a_missing_final_newline_survive_streaming ... ok
2026-10-10T09:39:06.5956373Z test gts_per_segment_blank_node_scope_is_preserved ... ok
2026-10-10T09:39:06.5976662Z test gts_is_refused_as_an_output_target_by_name ... ok
2026-10-10T09:39:06.5977685Z test invalid_utf8_in_a_streamed_source_fails_closed ... ok
2026-10-10T09:39:06.5978653Z test stdin_named_twice_in_a_source_list_is_refused ... ok
2026-10-10T09:39:06.6006505Z test the_base_iri_is_threaded_into_every_source ... ok
2026-10-10T09:39:06.6237790Z test the_streaming_lane_is_shared_by_every_reading_verb ... ok
2026-10-10T09:39:06.6267029Z test the_transform_lane_runs_over_the_whole_source_list ... ok
2026-10-10T09:39:06.6287717Z test a_compressed_line_source_streams_through_the_decoder_on_stdin ... ok
2026-10-10T09:39:06.6317094Z test transport_against_a_pack_source_is_refused_by_name ... ok
2026-10-10T09:39:06.6352114Z test two_sources_merge_with_dedup_and_per_source_blank_scopes ... ok
2026-10-10T09:39:06.6357491Z test the_union_is_deterministic_and_order_independent ... ok
2026-10-10T09:39:06.6381240Z test transport_is_explicitly_selectable_and_a_mismatch_hard_fails ... ok
2026-10-10T09:39:06.6693249Z test a_large_line_source_streams_identically_from_a_file_and_from_stdin ... ok
2026-10-10T09:39:06.6693969Z 
2026-10-10T09:39:06.6694792Z test result: ok. 33 passed; 0 failed; 0 ignored; 0 measured; 0 filtered out; finished in 0.13s
2026-10-10T09:39:06.6695792Z 
2026-10-10T09:39:06.6697971Z [1m[92m     Running[0m tests/loss_ledger_cli.rs (target/debug/build/purrdf-cli/2ed3cbff06aaaaaa/out/loss_ledger_cli-2ed3cbff06aaaaaa)
2026-10-10T09:39:06.6707525Z 
2026-10-10T09:39:06.6707729Z running 14 tests
2026-10-10T09:39:06.6762930Z test absent_flag_is_silent_and_stdout_is_clean ... ok
2026-10-10T09:39:06.6776876Z test bare_flag_separates_ledger_on_stderr_from_conversion_on_stdout ... ok
2026-10-10T09:39:06.6781326Z test a_named_graph_construct_never_reaches_the_sink_with_an_empty_ledger ... ok
2026-10-10T09:39:06.6783614Z test lossless_ttl_to_nt_has_empty_losses ... ok
2026-10-10T09:39:06.6807408Z test global_flag_works_before_and_after_the_subcommand ... ok
2026-10-10T09:39:06.6819451Z test lossless_nq_to_trig_has_empty_losses ... ok
2026-10-10T09:39:06.6826520Z test lossy_nq_to_rdfxml_reifier_records_the_star_drop ... ok
2026-10-10T09:39:06.6827484Z test ledger_json_is_deterministic_across_runs ... ok
2026-10-10T09:39:06.6828791Z test lossy_trig_to_turtle_records_the_named_graph_drop ... ok
2026-10-10T09:39:06.6837740Z test no_named_graph_rows_dropped_entry_when_the_source_has_no_named_graph ... ok
2026-10-10T09:39:06.6862203Z test reason_closure_to_star_incapable_target_surfaces_the_ledger ... ok
2026-10-10T09:39:06.6879803Z test the_named_graph_dropped_note_matches_what_convert_actually_does ... ok
2026-10-10T09:39:06.6887661Z test path_flag_matches_bare_stderr_byte_for_byte_and_leaves_streams_clean ... ok
2026-10-10T09:39:06.6890098Z test query_construct_reifier_to_rdfxml_via_path_records_the_universal_drop ... ok
2026-10-10T09:39:06.6890756Z 
2026-10-10T09:39:06.6891431Z test result: ok. 14 passed; 0 failed; 0 ignored; 0 measured; 0 filtered out; finished in 0.02s
2026-10-10T09:39:06.6891827Z 
2026-10-10T09:39:06.6893162Z [1m[92m     Running[0m tests/golden_bytes.rs (target/debug/build/purrdf-columnar/f8903d25f2c2d2c3/out/golden_bytes-f8903d25f2c2d2c3)
2026-10-10T09:39:06.6902798Z 
2026-10-10T09:39:06.6903001Z running 1 test
2026-10-10T09:39:06.7051905Z test seeded_files_are_the_pinned_bytes ... ok
2026-10-10T09:39:06.7052367Z 
2026-10-10T09:39:06.7052949Z test result: ok. 1 passed; 0 failed; 0 ignored; 0 measured; 0 filtered out; finished in 0.01s
2026-10-10T09:39:06.7053438Z 
2026-10-10T09:39:06.7055421Z [1m[92m     Running[0m tests/grading.rs (target/debug/build/purrdf-conformance-kit/e249d177d536ed6e/out/grading-e249d177d536ed6e)
2026-10-10T09:39:06.7064063Z 
2026-10-10T09:39:06.7064265Z running 23 tests
2026-10-10T09:39:06.7106608Z test nested_triples_share_the_same_global_bijection ... ok
2026-10-10T09:39:06.7116598Z test empty_and_unbound_rows_are_observable ... ok
2026-10-10T09:39:06.7117695Z test structural_result_reader_keeps_all_empty_solutions ... ok
2026-10-10T09:39:06.7119034Z test expected_rejection_does_not_accept_environmental_failures ... ok
2026-10-10T09:39:06.7120222Z test manifest_lists_use_the_same_selected_graph ... ok
2026-10-10T09:39:06.7121358Z test report_only_relabelling_cannot_excuse_a_wrong_source_focus ... ok
2026-10-10T09:39:06.7122510Z test header_order_is_metadata_and_row_order_is_explicit ... ok
2026-10-10T09:39:06.7123642Z test scope_partition_and_global_row_links_are_observable ... ok
2026-10-10T09:39:06.7124796Z test deliberate_shared_domain_allows_only_cross_role_aliases ... ok
2026-10-10T09:39:06.7126246Z test composite_literals_share_direct_and_nested_blank_identity ... ok
2026-10-10T09:39:06.7127440Z test optional_details_are_selected_per_corresponding_result ... ok
2026-10-10T09:39:06.7128666Z test source_metadata_and_empty_graph_declarations_are_observable ... ok
2026-10-10T09:39:06.7129963Z test earl_verdicts_require_valid_expectations_and_actual_observations ... ok
2026-10-10T09:39:06.7131192Z test composite_blank_renaming_is_global_across_permuted_rows ... ok
2026-10-10T09:39:06.7132397Z test malformed_result_set_bindings_and_partial_indices_are_refused ... ok
2026-10-10T09:39:06.7133710Z test inference_metadata_requires_three_term_rows_and_keeps_source_scope ... ok
2026-10-10T09:39:06.7134956Z test all_catalogued_inventory_schemas_preserve_every_case ... ok
2026-10-10T09:39:06.7136436Z test report_policy_preserves_obligations_and_path_topology ... ok
2026-10-10T09:39:06.7138090Z test service_inventory_preserves_independent_declared_sources ... ok
2026-10-10T09:39:06.7139320Z test accepted_oracles_require_exact_input_and_derivation_bytes ... ok
2026-10-10T09:39:06.7147176Z test inventory_operation_and_carrier_cannot_be_changed_independently ... ok
2026-10-10T09:39:06.8514603Z test deep_terms_respect_kernel_admission_without_stack_recursion ... ok
2026-10-10T09:39:06.9274419Z test seeded_global_bags_preserve_bijection_and_duplicate_counts ... ok
2026-10-10T09:39:06.9274932Z 
2026-10-10T09:39:06.9275836Z test result: ok. 23 passed; 0 failed; 0 ignored; 0 measured; 0 filtered out; finished in 0.22s
2026-10-10T09:39:06.9276511Z 
2026-10-10T09:39:06.9280328Z [1m[92m     Running[0m tests/graph_existence_modes.rs (target/debug/build/purrdf-core/f69e2da2f86f80a4/out/graph_existence_modes-f69e2da2f86f80a4)
2026-10-10T09:39:06.9291196Z 
2026-10-10T09:39:06.9291363Z running 11 tests
2026-10-10T09:39:06.9294674Z test an_empty_graph_declaration_sets_the_frozen_capability ... ok
2026-10-10T09:39:06.9296311Z test a_graph_name_already_interned_as_an_object_gets_its_own_slot ... ok
2026-10-10T09:39:06.9298415Z test create_obeys_mode_and_explicit_declaration_remains_idempotent ... ok
2026-10-10T09:39:06.9299451Z test declarations_stay_distinct_across_blank_scopes_and_bulk_withdrawal ... ok
2026-10-10T09:39:06.9300415Z test graph_ingress_refusals_do_not_create_a_slot_and_valid_neighbors_succeed ... ok
2026-10-10T09:39:06.9303822Z test base_ordinary_reifier_and_annotation_rows_each_keep_remembered_slots ... ok
2026-10-10T09:39:06.9304871Z test mode_selection_is_local_and_default_construction_remains_implicit ... ok
2026-10-10T09:39:06.9306157Z test removing_the_last_added_row_preserves_only_remembered_slots ... ok
2026-10-10T09:39:06.9307849Z test withdrawing_a_populated_graph_answers_the_same_across_a_freeze ... ok
2026-10-10T09:39:06.9309233Z [1m[92m     Running[0m tests/import_view.rs (target/debug/build/purrdf-core/9b4d6ad8014b8a8a/out/import_view-9b4d6ad8014b8a8a)
2026-10-10T09:39:06.9310036Z test withdrawing_the_only_named_graph_clears_the_snapshot_capability ... ok
2026-10-10T09:39:06.9310995Z test withdrawing_an_empty_remembered_slot_removes_it_from_either_origin ... ok
2026-10-10T09:39:06.9311422Z 
2026-10-10T09:39:06.9312093Z test result: ok. 11 passed; 0 failed; 0 ignored; 0 measured; 0 filtered out; finished in 0.00s
2026-10-10T09:39:06.9312460Z 
2026-10-10T09:39:06.9318858Z 
2026-10-10T09:39:06.9318996Z running 2 tests
2026-10-10T09:39:06.9322142Z test separate_imports_do_not_alias_source_local_ids_or_scoped_blanks ... ok
2026-10-10T09:39:06.9322877Z test materialization_preserves_empty_graphs_and_the_complete_statement_layer ... ok
2026-10-10T09:39:06.9323394Z 
2026-10-10T09:39:06.9324030Z test result: ok. 2 passed; 0 failed; 0 ignored; 0 measured; 0 filtered out; finished in 0.00s
2026-10-10T09:39:06.9324680Z 
2026-10-10T09:39:06.9325841Z [1m[92m     Running[0m tests/ir_absolute_iri.rs (target/debug/build/purrdf-core/3071a7e15b46e7a2/out/ir_absolute_iri-3071a7e15b46e7a2)
2026-10-10T09:39:06.9334520Z 
2026-10-10T09:39:06.9334803Z running 14 tests
2026-10-10T09:39:06.9338894Z test a_malformed_iri_is_not_reported_as_a_missing_base ... ok
2026-10-10T09:39:06.9339925Z test absolute_iris_of_every_shape_still_freeze ... ok
2026-10-10T09:39:06.9340933Z test an_unreferenced_relative_iri_is_still_fatal ... ok
2026-10-10T09:39:06.9341965Z test builder_refuses_the_empty_iri ... ok
2026-10-10T09:39:06.9343009Z test every_iri_position_is_covered ... ok
2026-10-10T09:39:06.9343930Z test builder_refuses_to_freeze_a_relative_iri ... ok
2026-10-10T09:39:06.9345058Z test only_the_first_violation_is_recorded_however_often_it_is_re_interned ... ok
2026-10-10T09:39:06.9346413Z test skolem_minted_iris_satisfy_the_invariant ... ok
2026-10-10T09:39:06.9347253Z test the_event_ingest_path_is_covered ... ok
2026-10-10T09:39:06.9348260Z test the_gate_never_normalizes_the_iri_it_admits ... ok
2026-10-10T09:39:06.9365743Z [1m[92m     Running[0m tests/ir_zero_alloc.rs (target/debug/build/purrdf-core/293a1299e2967473/out/ir_zero_alloc-293a1299e2967473)
2026-10-10T09:39:06.9367515Z test the_mutable_overlay_refuses_at_the_insert_not_at_the_freeze ... ok
2026-10-10T09:39:06.9368584Z test the_overlay_checks_every_iri_position_of_an_inserted_quad ... ok
2026-10-10T09:39:06.9369468Z test the_overlay_leaves_non_iri_strings_alone ... ok
2026-10-10T09:39:06.9370238Z test the_owned_model_boundary_is_covered ... ok
2026-10-10T09:39:06.9370652Z 
2026-10-10T09:39:06.9371351Z test result: ok. 14 passed; 0 failed; 0 ignored; 0 measured; 0 filtered out; finished in 0.00s
2026-10-10T09:39:06.9371945Z 
2026-10-10T09:39:06.9372907Z 
2026-10-10T09:39:06.9373665Z running 5 tests
2026-10-10T09:39:06.9377730Z test destructive_drop_resumes_uneven_leaf_tails_without_allocation ... ok
2026-10-10T09:39:06.9381043Z test generic_resident_guards_batches_and_workspace_allocate_zero ... ok
2026-10-10T09:39:06.9381992Z test quads_iteration_allocates_zero ... ok
2026-10-10T09:39:06.9382818Z test quad_refs_resolution_allocates_zero ... ok
2026-10-10T09:39:06.9403404Z test destructive_term_drop_allocates_no_traversal_storage ... ok
2026-10-10T09:39:06.9403916Z 
2026-10-10T09:39:06.9404590Z test result: ok. 5 passed; 0 failed; 0 ignored; 0 measured; 0 filtered out; finished in 0.00s
2026-10-10T09:39:06.9405211Z 
2026-10-10T09:39:06.9407509Z [1m[92m     Running[0m tests/iri_authority.rs (target/debug/build/purrdf-core/2f5cd8946df4524f/out/iri_authority-2f5cd8946df4524f)
2026-10-10T09:39:06.9416810Z 
2026-10-10T09:39:06.9417033Z running 2 tests
2026-10-10T09:39:06.9419880Z test generic_ports_and_valid_ip_literals_remain_valid_rdf_identifiers ... ok
2026-10-10T09:39:06.9420958Z test invalid_ip_literals_cannot_enter_either_rdf_dictionary ... ok
2026-10-10T09:39:06.9421501Z 
2026-10-10T09:39:06.9422465Z [1m[92m     Running[0m tests/literal_shapes.rs (target/debug/build/purrdf-core/42bd77da0f2e59c8/out/literal_shapes-42bd77da0f2e59c8)
2026-10-10T09:39:06.9423865Z test result: ok. 2 passed; 0 failed; 0 ignored; 0 measured; 0 filtered out; finished in 0.00s
2026-10-10T09:39:06.9424388Z 
2026-10-10T09:39:06.9433458Z 
2026-10-10T09:39:06.9433650Z running 4 tests
2026-10-10T09:39:06.9437120Z test invalid_literal_shapes_cannot_cross_native_validation ... ok
2026-10-10T09:39:06.9437824Z test malformed_language_tags_cannot_cross_the_intern_path ... ok
2026-10-10T09:39:06.9438663Z test native_implied_datatype_policy_remains_compatible ... ok
2026-10-10T09:39:06.9439460Z test well_formed_language_tags_still_cross_the_intern_path ... ok
2026-10-10T09:39:06.9439851Z 
2026-10-10T09:39:06.9440823Z test result: ok. 4 passed; 0 failed; 0 ignored; 0 measured; 0 filtered out; finished in 0.00s
2026-10-10T09:39:06.9441549Z 
2026-10-10T09:39:06.9450205Z 
2026-10-10T09:39:06.9450370Z running 2 tests
2026-10-10T09:39:06.9454760Z [1m[92m     Running[0m tests/materialize_configuration.rs (target/debug/build/purrdf-core/fff9df8a79c0a4b4/out/materialize_configuration-fff9df8a79c0a4b4)
2026-10-10T09:39:06.9457239Z [1m[92m     Running[0m tests/model_traits.rs (target/debug/build/purrdf-core/9207297cb9df0d10/out/model_traits-9207297cb9df0d10)
2026-10-10T09:39:06.9458624Z test a_delta_snapshot_materializes_under_its_base_configuration ... ok
2026-10-10T09:39:06.9459501Z test a_composite_materializes_under_its_sources_agreed_configuration ... ok
2026-10-10T09:39:06.9459836Z 
2026-10-10T09:39:06.9460202Z test result: ok. 2 passed; 0 failed; 0 ignored; 0 measured; 0 filtered out; finished in 0.00s
2026-10-10T09:39:06.9460553Z 
2026-10-10T09:39:06.9463953Z 
2026-10-10T09:39:06.9464141Z running 9 tests
2026-10-10T09:39:06.9476918Z test public_construction_destructuring_and_traits_are_preserved ... ok
2026-10-10T09:39:07.0286831Z fixture built; entering Clone
2026-10-10T09:39:07.1386768Z fixtures built; entering PartialEq
2026-10-10T09:39:07.1737440Z test equality_is_stack_safe_at_100k ... ok
2026-10-10T09:39:07.2306900Z test drop_is_stack_safe_at_100k ... ok
2026-10-10T09:39:07.2474969Z test clone_is_stack_safe_at_100k ... ok
2026-10-10T09:39:07.2626897Z fixtures built; entering Hash
2026-10-10T09:39:07.2716426Z fixture built; entering Debug
2026-10-10T09:39:07.4036553Z deep oracle built; comparing
2026-10-10T09:39:07.7366738Z test hash_is_stack_safe_at_100k ... ok
2026-10-10T09:39:07.7687055Z test debug_propagates_formatter_errors ... ok
2026-10-10T09:39:11.9674502Z test deep_traits_match_the_independent_derive ... ok
2026-10-10T09:39:14.1855088Z test shallow_traits_match_the_independent_compiler_derives ... ok
2026-10-10T09:39:26.9283870Z test debug_is_stack_safe_at_100k ... ok
2026-10-10T09:39:26.9284331Z 
2026-10-10T09:39:26.9285089Z test result: ok. 9 passed; 0 failed; 0 ignored; 0 measured; 0 filtered out; finished in 19.98s
2026-10-10T09:39:26.9286407Z 
2026-10-10T09:39:26.9292781Z [1m[92m     Running[0m tests/mutable_declared_graph_drain.rs (target/debug/build/purrdf-core/6983ec2baa439cd6/out/mutable_declared_graph_drain-6983ec2baa439cd6)
2026-10-10T09:39:26.9302371Z 
2026-10-10T09:39:26.9302571Z running 6 tests
2026-10-10T09:39:26.9307867Z test bulk_declaration_checkpoints_preserve_unvisited_entries_and_snapshots ... ok
2026-10-10T09:39:26.9337336Z test bulk_declaration_checkpoints_retain_populated_graphs_and_skip_an_empty_registry ... ok
2026-10-10T09:39:26.9338574Z test emptiness_is_decided_per_graph_and_by_the_graphs_own_rows ... ok
2026-10-10T09:39:26.9339609Z test named_graph_capability_reads_do_not_allocate_the_registry ... ok
2026-10-10T09:39:26.9473409Z test draining_a_declared_graph_does_not_rewalk_the_dataset_per_removal ... ok
2026-10-10T09:39:26.9489958Z test remembered_slot_drain_has_no_per_row_allocation ... ok
2026-10-10T09:39:26.9490302Z 
2026-10-10T09:39:26.9490663Z test result: ok. 6 passed; 0 failed; 0 ignored; 0 measured; 0 filtered out; finished in 0.02s
2026-10-10T09:39:26.9491058Z 
2026-10-10T09:39:26.9494318Z [1m[92m     Running[0m tests/named_graph_membership.rs (target/debug/build/purrdf-core/cb3ae701e65bc528/out/named_graph_membership-cb3ae701e65bc528)
2026-10-10T09:39:26.9503976Z 
2026-10-10T09:39:26.9504130Z running 7 tests
2026-10-10T09:39:26.9508627Z test frozen_dataset_membership_agrees ... ok
2026-10-10T09:39:26.9510138Z test delta_snapshot_membership_agrees ... ok
2026-10-10T09:39:26.9510731Z test composite_membership_agrees_under_every_placement_and_selection ... ok
2026-10-10T09:39:26.9526885Z test paged_membership_agrees ... ok
2026-10-10T09:39:26.9527568Z test pack_membership_agrees ... ok
2026-10-10T09:39:26.9528161Z test segmented_membership_agrees ... ok
2026-10-10T09:39:26.9953826Z test segmented_membership_searches_rather_than_enumerates ... ok
2026-10-10T09:39:26.9954350Z 
2026-10-10T09:39:26.9954933Z test result: ok. 7 passed; 0 failed; 0 ignored; 0 measured; 0 filtered out; finished in 0.04s
2026-10-10T09:39:26.9955714Z 
2026-10-10T09:39:26.9965879Z [1m[92m     Running[0m tests/native_regex_storage.rs (target/debug/build/purrdf-core/456243018e457020/out/native_regex_storage-456243018e457020)
2026-10-10T09:39:26.9979262Z 
2026-10-10T09:39:26.9979444Z running 31 tests
2026-10-10T09:39:26.9983925Z test compatibility_physical_refusal_and_native_diagnostics_keep_original_accounts ... ok
2026-10-10T09:39:26.9985885Z test compatibility_native_compiler_and_execution_cover_actual_physical_allocations ... ok
2026-10-10T09:39:26.9998865Z test compatibility_refuses_original_non_grammar_constructs_and_keeps_dated_semantics ... ok
2026-10-10T09:39:27.0017694Z test compatibility_preserves_nullable_repeat_capture_priority ... ok
2026-10-10T09:39:27.0044386Z test compatibility_replacement_preserves_empty_match_suppression_utf8_and_template_law ... ok
2026-10-10T09:39:27.0072798Z test compiler_refusal_precedes_unadmitted_allocation_and_preserves_its_owner ... ok
2026-10-10T09:39:27.0074765Z test diagnostic_capacity_refusal_precedes_allocating_or_publishing_partial_text ... ok
2026-10-10T09:39:27.0077945Z test diagnostic_render_admits_code_and_message_before_each_real_allocation ... ok
2026-10-10T09:39:27.0079300Z test diagnostic_retained_layout_includes_private_presentation_and_location ... ok
2026-10-10T09:39:27.0081232Z test grammar_diagnostics_keep_original_spelling_and_exact_retained_admission ... ok
2026-10-10T09:39:27.0082908Z test matcher_peak_and_retained_captures_cover_native_paths ... ok
2026-10-10T09:39:27.0084082Z test matcher_refusal_preserves_the_original_account_before_allocation ... ok
2026-10-10T09:39:27.0085376Z test native_append_reserves_explicit_blank_scopes_against_later_caller_merges ... ok
2026-10-10T09:39:27.0096966Z test native_description_symmetric_duplicate_quads_cover_scratch_growth_and_release ... ok
2026-10-10T09:39:27.0098495Z test native_graph_append_and_describe_cover_original_buffers_and_preserve_scoped_blanks ... ok
2026-10-10T09:39:27.0099943Z test native_graph_append_refuses_transactionally_before_copying_the_destination ... ok
2026-10-10T09:39:27.0101379Z test native_iri_diagnostic_storage_refusal_is_not_a_lexical_failure_or_success ... ok
2026-10-10T09:39:27.0103076Z test compatibility_preserves_final_newline_anchors_dot_q_x_and_liberal_escapes ... ok
2026-10-10T09:39:27.0104309Z test native_iri_dynamic_error_keeps_its_exact_message_and_original_capacity ... ok
2026-10-10T09:39:27.0105911Z test native_scoped_blank_ingress_preserves_identity_refusal_and_original_admission ... ok
2026-10-10T09:39:27.0107198Z test native_string_append_covers_old_and_new_buffers_with_amortized_growth ... ok
2026-10-10T09:39:27.0108261Z test native_string_append_refusal_preserves_original_buffer_and_utf8 ... ok
2026-10-10T09:39:27.0109201Z test owned_program_drop_destroys_all_compiler_storage ... ok
2026-10-10T09:39:27.0110382Z test native_iri_recognition_preserves_the_exact_resident_law_without_owned_success_text ... ok
2026-10-10T09:39:27.0111655Z test percent_output_retains_exact_original_buffer_and_refuses_before_birth ... ok
2026-10-10T09:39:27.0112839Z test replacement_prices_output_separately_and_releases_every_search_capture ... ok
2026-10-10T09:39:27.0114041Z test replacement_refusals_drop_partial_output_and_keep_both_typed_accounts ... ok
2026-10-10T09:39:27.0115278Z test uchar_expansion_admits_its_real_utf8_capacity_and_preserves_malformed_bytes ... ok
2026-10-10T09:39:27.0116691Z test compiler_peak_and_retained_layout_cover_actual_native_buffers ... ok
2026-10-10T09:39:27.0117776Z test uchar_expansion_refuses_before_allocation_and_borrowed_input_needs_no_grant ... ok
2026-10-10T09:39:27.1924398Z test compatibility_preserves_unicode16_simple_fold_properties_names_and_set_order ... ok
2026-10-10T09:39:27.1924829Z 
2026-10-10T09:39:27.1925214Z test result: ok. 31 passed; 0 failed; 0 ignored; 0 measured; 0 filtered out; finished in 0.19s
2026-10-10T09:39:27.1925855Z 
2026-10-10T09:39:27.1933470Z [1m[92m     Running[0m tests/factor_allocation.rs (target/debug/build/purrdf-datalog/bf6ee08dd4a48eb2/out/factor_allocation-bf6ee08dd4a48eb2)
2026-10-10T09:39:27.1943854Z 
2026-10-10T09:39:27.1944239Z running 1 test
2026-10-10T09:39:27.2951195Z test independent_existential_factor_work_and_allocation_grow_additively ... ok
2026-10-10T09:39:27.2954045Z 
2026-10-10T09:39:27.2954901Z test result: ok. 1 passed; 0 failed; 0 ignored; 0 measured; 0 filtered out; finished in 0.10s
2026-10-10T09:39:27.2955947Z 
2026-10-10T09:39:27.2959110Z [1m[92m     Running[0m tests/negative_guard_admission.rs (target/debug/build/purrdf-datalog/2d19213a918fc0c5/out/negative_guard_admission-2d19213a918fc0c5)
2026-10-10T09:39:27.2969421Z 
2026-10-10T09:39:27.2970178Z running 1 test
2026-10-10T09:39:27.3040535Z test nested_refusal_stops_owned_local_expansion_and_preserves_exact_boundaries ... ok
2026-10-10T09:39:27.3045439Z 
2026-10-10T09:39:27.3046539Z test result: ok. 1 passed; 0 failed; 0 ignored; 0 measured; 0 filtered out; finished in 0.01s
2026-10-10T09:39:27.3047196Z 
2026-10-10T09:39:27.3048739Z [1m[92m     Running[0m tests/never_derive.rs (target/debug/build/purrdf-datalog/1924ceaaa202a8f6/out/never_derive-1924ceaaa202a8f6)
2026-10-10T09:39:27.3057464Z 
2026-10-10T09:39:27.3057624Z running 9 tests
2026-10-10T09:39:27.3063147Z test direct_and_transitive_refusals_name_authored_paths ... ok
2026-10-10T09:39:27.3064109Z test every_authority_survives_union_and_reused_program_admission ... ok
2026-10-10T09:39:27.3065836Z test wildcard_absent_protected_symbol_is_explicitly_undecidable ... ok
2026-10-10T09:39:27.3067117Z test cyclic_dependencies_and_empty_heads_have_total_decisions ... ok
2026-10-10T09:39:27.3068191Z test cached_acceptance_and_refusal_bind_all_policy_sources ... ok
2026-10-10T09:39:27.3069010Z test existential_conjunctive_disjunctive_heads_cannot_bypass_admission ... ok
2026-10-10T09:39:27.3069930Z test negative_reads_and_opaque_guards_do_not_exempt_protected_heads ... ok
2026-10-10T09:39:27.3070550Z test scheduled_and_chase_safe_programs_really_produce_structural_witnesses ... ok
2026-10-10T09:39:27.3071593Z [1m[92m     Running[0m tests/edge_cases.rs (target/debug/build/purrdf-ed25519/b403a58427eb029a/out/edge_cases-b403a58427eb029a)
2026-10-10T09:39:27.3072634Z test unrelated_deception_structure_executes_and_asserted_intent_stays_readable ... ok
2026-10-10T09:39:27.3072989Z 
2026-10-10T09:39:27.3073343Z test result: ok. 9 passed; 0 failed; 0 ignored; 0 measured; 0 filtered out; finished in 0.00s
2026-10-10T09:39:27.3073698Z 
2026-10-10T09:39:27.3078370Z 
2026-10-10T09:39:27.3078531Z running 13 tests
2026-10-10T09:39:27.3087552Z test an_r_encoding_x_zero_with_the_sign_bit_is_refused_and_without_it_decodes ... ok
2026-10-10T09:39:27.3088232Z test an_r_with_y_at_or_above_p_is_refused_and_its_reduced_form_decodes ... ok
2026-10-10T09:39:27.3088860Z test an_r_off_the_curve_is_refused_and_an_on_curve_neighbour_decodes ... ok
2026-10-10T09:39:27.3089397Z test a_signature_under_one_key_is_refused_by_another ... ok
2026-10-10T09:39:27.3096757Z test debug_output_never_shows_the_secret ... ok
2026-10-10T09:39:27.3098107Z test s_equal_to_l_is_refused_and_l_minus_1_passes_the_scalar_gate ... ok
2026-10-10T09:39:27.3101478Z test s_with_any_of_the_top_three_bits_set_is_refused ... ok
2026-10-10T09:39:27.3103416Z test slices_of_the_wrong_length_are_refused_beside_the_right_length ... ok
2026-10-10T09:39:27.3111231Z test truncated_and_extended_messages_are_refused ... ok
2026-10-10T09:39:27.3112400Z test empty_and_large_messages_sign_and_verify ... ok
2026-10-10T09:39:27.3113458Z test verify_is_the_strict_rule ... ok
2026-10-10T09:39:27.3117740Z test keys_that_fail_rfc_8032_decoding_are_refused_beside_ones_that_pass ... ok
2026-10-10T09:39:27.3524245Z test every_single_bit_flip_of_a_valid_signature_is_refused ... ok
2026-10-10T09:39:27.3524679Z 
2026-10-10T09:39:27.3525094Z test result: ok. 13 passed; 0 failed; 0 ignored; 0 measured; 0 filtered out; finished in 0.04s
2026-10-10T09:39:27.3525453Z 
2026-10-10T09:39:27.3527884Z [1m[92m     Running[0m tests/oracle.rs (target/debug/build/purrdf-entail/8b2c96fbc47e6366/out/oracle-8b2c96fbc47e6366)
2026-10-10T09:39:27.3538948Z 
2026-10-10T09:39:27.3539141Z running 24 tests
2026-10-10T09:39:27.3757647Z test a_derived_triple_term_object_is_carried_through_not_folded ... ok
2026-10-10T09:39:27.3786860Z test a_deep_subclass_chain_needs_several_rounds ... ok
2026-10-10T09:39:27.3836921Z test a_reified_triple_is_not_asserted_by_reifying_it ... ok
2026-10-10T09:39:27.3885331Z test a_reifier_range_conclusion_over_a_triple_term_is_abandoned_and_reported ... ok
2026-10-10T09:39:27.3916795Z test a_named_graph_is_closed_and_its_conclusions_land_in_it ... ok
2026-10-10T09:39:27.4076857Z test a_shared_conclusion_is_credited_once ... ok
2026-10-10T09:39:27.4152917Z test a_would_be_literal_subject_is_abandoned_and_reported ... ok
2026-10-10T09:39:27.4186561Z test a_reifier_side_table_round_trips_through_materialize ... ok
2026-10-10T09:39:27.4747151Z test a_terminology_in_the_default_graph_types_instances_in_a_named_graph ... ok
2026-10-10T09:39:27.5957074Z test every_reifier_interaction_has_a_positive_and_a_near_miss ... ok
2026-10-10T09:39:27.5958075Z test fixture_exercise_lists_name_real_rules ... ok
2026-10-10T09:39:28.1907076Z test every_clash_golden_shows_a_refusal_with_a_named_witness ... ok
2026-10-10T09:39:28.1908126Z test no_clause_of_any_lane_mentions_the_reifier_property ... ok
2026-10-10T09:39:28.8337111Z test every_rule_is_registered_or_declared_unimplemented ... ok
2026-10-10T09:39:28.8367225Z test regenerate_goldens ... ignored, maintainer-only: rewrites the committed goldens; run deliberately
2026-10-10T09:39:29.6626588Z test every_rule_the_chase_fires_is_credited_somewhere_in_the_corpus ... ok
2026-10-10T09:39:29.6627816Z test the_goldens_directory_is_exactly_the_corpus ... ok
2026-10-10T09:39:30.4403050Z test no_report_over_the_corpus_says_exact_beside_a_boundary ... ok
2026-10-10T09:39:30.5252967Z test the_reflexive_rules_fire_on_their_licensed_premises_and_the_axioms_supply_them ... ok
2026-10-10T09:39:30.5267064Z test the_registry_and_the_corpus_agree ... ok
2026-10-10T09:39:30.5268129Z test the_registry_shape_is_pinned ... ok
2026-10-10T09:39:30.8090355Z test goldens_match_the_current_engine ... ok
2026-10-10T09:39:31.4466222Z test the_rdfs_closure_of_every_fixture_contains_the_empty_one ... ok
2026-10-10T09:39:33.3061798Z test rendering_is_byte_stable_within_a_run ... ok
2026-10-10T09:39:33.3062097Z 
2026-10-10T09:39:33.3062502Z test result: ok. 23 passed; 0 failed; 1 ignored; 0 measured; 0 filtered out; finished in 5.95s
2026-10-10T09:39:33.3062868Z 
2026-10-10T09:39:33.3070872Z [1m[92m     Running[0m tests/owlrl_oracle.rs (target/debug/build/purrdf-entail/cae404a15c46dd91/out/owlrl_oracle-cae404a15c46dd91)
2026-10-10T09:39:33.3081874Z 
2026-10-10T09:39:33.3082174Z running 13 tests
2026-10-10T09:39:33.3086097Z test corpus_directory_is_exactly_the_fixture_table ... ok
2026-10-10T09:39:33.3088149Z test fixture_exercise_lists_name_real_rules ... ok
2026-10-10T09:39:33.3089094Z test divergence_triple_count_is_pinned ... ok
2026-10-10T09:39:33.3106686Z test golden_directory_is_exactly_the_fixture_table ... ok
2026-10-10T09:39:33.3116768Z test ledger_entries_carry_a_citation_and_description ... ok
2026-10-10T09:39:33.3117592Z test corpus_inputs_match_fixtures ... ok
2026-10-10T09:39:33.3118275Z test ledger_entries_name_real_rules ... ok
2026-10-10T09:39:33.3118932Z test ledger_entry_count_is_pinned ... ok
2026-10-10T09:39:33.3120319Z test rewrite_owlrl_divergence_artifact ... ignored, regenerates a committed artifact; run deliberately, never as part of the suite
2026-10-10T09:39:33.3122141Z test write_owlrl_corpus_inputs ... ignored, maintainer-only: rewrites the committed corpus inputs; run deliberately
2026-10-10T09:39:33.3123349Z test goldens_embed_the_input_they_were_generated_from ... ok
2026-10-10T09:39:33.3875411Z test goldens_match_owlrl_reference ... ok
2026-10-10T09:39:33.4497028Z test rendering_is_byte_stable_within_a_run ... ok
2026-10-10T09:39:33.4497488Z 
2026-10-10T09:39:33.4498135Z test result: ok. 11 passed; 0 failed; 2 ignored; 0 measured; 0 filtered out; finished in 0.14s
2026-10-10T09:39:33.4498769Z 
2026-10-10T09:39:33.4500020Z [1m[92m     Running[0m tests/layout.rs (target/debug/build/purrdf-geo/4117a81a1329eb42/out/layout-4117a81a1329eb42)
2026-10-10T09:39:33.4509199Z 
2026-10-10T09:39:33.4509490Z running 4 tests
2026-10-10T09:39:33.4513042Z test a_geometry_is_bounded_by_one_coordinate_not_by_a_ring_of_them ... ok
2026-10-10T09:39:33.4514202Z test an_empty_line_and_an_empty_polygon_cost_the_same_as_an_empty_point ... ok
2026-10-10T09:39:33.4515210Z test a_position_sequence_costs_a_pointer_not_four_coordinates ... ok
2026-10-10T09:39:33.4516430Z test an_exact_coordinate_is_large_because_it_is_four_exact_rationals ... ok
2026-10-10T09:39:33.4516958Z 
2026-10-10T09:39:33.4517579Z test result: ok. 4 passed; 0 failed; 0 ignored; 0 measured; 0 filtered out; finished in 0.00s
2026-10-10T09:39:33.4518222Z 
2026-10-10T09:39:33.4519116Z [1m[92m     Running[0m tests/event_bridge.rs (target/debug/build/purrdf-gts/6d54a658bd00a36d/out/event_bridge-6d54a658bd00a36d)
2026-10-10T09:39:33.4525107Z 
2026-10-10T09:39:33.4525255Z running 11 tests
2026-10-10T09:39:33.4531582Z test bounded_memory_across_many_segments ... ok
2026-10-10T09:39:33.4536352Z test bridge_calls_finish_once ... ok
2026-10-10T09:39:33.4539245Z test bridge_break_cancels_drive ... ok
2026-10-10T09:39:33.4540260Z test dangling_term_ref_is_err ... ok
2026-10-10T09:39:33.4541305Z test claimid_offset_index_single_pass ... ok
2026-10-10T09:39:33.4542145Z test dangling_term_ref_real_bytes_is_err ... ok
2026-10-10T09:39:33.4542994Z test bridge_events_equal_offline_read ... ok
2026-10-10T09:39:33.4543849Z test graph_scoped_reifier_is_hard_error ... ok
2026-10-10T09:39:33.4544728Z test per_segment_blank_scopes_are_distinct ... ok
2026-10-10T09:39:33.4546996Z test stream_ids_are_file_order_deterministic ... ok
2026-10-10T09:39:33.4547451Z test incremental_reindex_from_diff_fetch ... ok
2026-10-10T09:39:33.4547686Z 
2026-10-10T09:39:33.4548168Z test result: ok. 11 passed; 0 failed; 0 ignored; 0 measured; 0 filtered out; finished in 0.00s
2026-10-10T09:39:33.4548587Z 
2026-10-10T09:39:33.4552451Z [1m[92m     Running[0m tests/frozen_canonical_bytes.rs (target/debug/build/purrdf-gts/1ec416c41cce849d/out/frozen_canonical_bytes-1ec416c41cce849d)
2026-10-10T09:39:33.4561176Z 
2026-10-10T09:39:33.4561422Z running 1 test
2026-10-10T09:39:33.4582967Z test every_decodable_frozen_item_is_canonical_byte_exact ... ok
2026-10-10T09:39:33.4583478Z 
2026-10-10T09:39:33.4583985Z test result: ok. 1 passed; 0 failed; 0 ignored; 0 measured; 0 filtered out; finished in 0.00s
2026-10-10T09:39:33.4584661Z 
2026-10-10T09:39:33.4586600Z [1m[92m     Running[0m tests/frozen_conflicting_reifier_divergence.rs (target/debug/build/purrdf-gts/a9e9ed544723c703/out/frozen_conflicting_reifier_divergence-a9e9ed544723c703)
2026-10-10T09:39:33.4594748Z 
2026-10-10T09:39:33.4594906Z running 2 tests
2026-10-10T09:39:33.4602894Z test purrdf_folds_the_frozen_vector_to_two_bindings_and_no_diagnostic ... ok
2026-10-10T09:39:33.4604002Z test the_frozen_expectation_still_states_the_superseded_reading ... ok
2026-10-10T09:39:33.4604522Z 
2026-10-10T09:39:33.4605186Z test result: ok. 2 passed; 0 failed; 0 ignored; 0 measured; 0 filtered out; finished in 0.00s
2026-10-10T09:39:33.4606163Z 
2026-10-10T09:39:33.4607876Z [1m[92m     Running[0m tests/frozen_identities.rs (target/debug/build/purrdf-gts/0d9c7be72265ffa6/out/frozen_identities-0d9c7be72265ffa6)
2026-10-10T09:39:33.4617450Z 
2026-10-10T09:39:33.4617616Z running 3 tests
2026-10-10T09:39:33.4621943Z test the_mmr_proof_vector_is_what_this_implementation_proves ... ok
2026-10-10T09:39:33.4622691Z test the_mmr_proof_vector_with_a_bad_root_is_refused ... ok
2026-10-10T09:39:33.4625261Z test the_segment_heads_aggregate_of_a_frozen_file_is_frozen ... ok
2026-10-10T09:39:33.4625960Z 
2026-10-10T09:39:33.4626926Z test result: ok. 3 passed; 0 failed; 0 ignored; 0 measured; 0 filtered out; finished in 0.00s
2026-10-10T09:39:33.4627401Z 
2026-10-10T09:39:33.4630447Z [1m[92m     Running[0m tests/hedged_writer.rs (target/debug/build/purrdf-gts/e32d71d28b644d6d/out/hedged_writer-e32d71d28b644d6d)
2026-10-10T09:39:33.4637435Z 
2026-10-10T09:39:33.4637592Z running 13 tests
2026-10-10T09:39:33.4686432Z test frozen_ed25519_writer_remains_byte_exact ... ok
2026-10-10T09:39:33.4703293Z test hedged_output_variation_and_portable_provider ... ok
2026-10-10T09:39:33.4710765Z test writer_reader_mixed_algorithm_history_and_rotation ... ok
2026-10-10T09:39:33.4737996Z test malformed_unsupported_unresolved_and_wrong_type_are_distinct ... ok
2026-10-10T09:39:33.4754372Z test failed_missing_and_partial_entropy_preserve_every_append_contract ... ok
2026-10-10T09:39:33.4755370Z test snapshot_signer_debug_does_not_expose_secret_seed ... ok
2026-10-10T09:39:33.4756575Z test opaque_absent_and_empty_ids_remain_distinct_at_file_resolution ... ok
2026-10-10T09:39:33.4757802Z test file_integrity_rejects_header_chain_and_torn_damage_but_allows_opaque_encryption ... ok
2026-10-10T09:39:33.4759028Z test unsigned_opt_in_refuses_invalid_framing_and_preserves_profile_findings ... ok
2026-10-10T09:39:33.4760130Z test unsigned_evidence_retains_the_existing_sealed_source_exception ... ok
2026-10-10T09:39:33.4761230Z test signed_unknown_codec_remains_authenticated_opaque_payload ... ok
2026-10-10T09:39:33.4762400Z test existing_openpgp_resolution_uses_the_same_integrity_core ... ok
2026-10-10T09:39:33.4768484Z test both_writer_produced_components_and_frame_content_are_mandatory ... ok
2026-10-10T09:39:33.4769191Z 
2026-10-10T09:39:33.4769570Z test result: ok. 13 passed; 0 failed; 0 ignored; 0 measured; 0 filtered out; finished in 0.01s
2026-10-10T09:39:33.4769939Z 
2026-10-10T09:39:33.4774144Z [1m[92m     Running[0m tests/language_tag_gate.rs (target/debug/build/purrdf-gts/c768c6120ec705b0/out/language_tag_gate-c768c6120ec705b0)
2026-10-10T09:39:33.4784065Z 
2026-10-10T09:39:33.4784216Z running 8 tests
2026-10-10T09:39:33.4795065Z test a_direction_with_no_tag_at_all_is_left_alone ... ok
2026-10-10T09:39:33.4805153Z test a_refused_tag_takes_its_base_direction_with_it ... ok
2026-10-10T09:39:33.4806564Z test refused_tags_never_reach_the_folded_term ... ok
2026-10-10T09:39:33.4813947Z test accepted_tags_survive_the_round_trip ... ok
2026-10-10T09:39:33.4815040Z test an_accepted_tag_keeps_its_base_direction ... ok
2026-10-10T09:39:33.4816065Z test the_event_bridge_still_emits_accepted_tags ... ok
2026-10-10T09:39:33.4816843Z test the_event_bridge_never_emits_a_refused_tag ... ok
2026-10-10T09:39:33.4842467Z test the_snapshot_path_re_enters_the_same_gate ... ok
2026-10-10T09:39:33.4842783Z 
2026-10-10T09:39:33.4843465Z test result: ok. 8 passed; 0 failed; 0 ignored; 0 measured; 0 filtered out; finished in 0.01s
2026-10-10T09:39:33.4843987Z 
2026-10-10T09:39:33.4846245Z [1m[92m     Running[0m tests/mldsa65.rs (target/debug/build/purrdf-gts/e777a1110b413f91/out/mldsa65-e777a1110b413f91)
2026-10-10T09:39:33.4853582Z 
2026-10-10T09:39:33.4853739Z running 6 tests
2026-10-10T09:39:33.4956308Z test nist_valid_and_invalid_verification_answers ... ok
2026-10-10T09:39:33.4986118Z test canonical_inputs_and_context_boundaries ... ok
2026-10-10T09:39:33.4996449Z test strict_signature_norm_hints_and_tampering ... ok
2026-10-10T09:39:33.5018775Z test portable_without_host_entropy_or_clock ... ok
2026-10-10T09:39:33.5048482Z test nist_key_generation_complete_answers ... ok
2026-10-10T09:39:33.5351539Z test nist_deterministic_and_hedged_signing_complete_answers ... ok
2026-10-10T09:39:33.5352050Z 
2026-10-10T09:39:33.5352554Z test result: ok. 6 passed; 0 failed; 0 ignored; 0 measured; 0 filtered out; finished in 0.05s
2026-10-10T09:39:33.5353259Z 
2026-10-10T09:39:33.5356246Z [1m[92m     Running[0m tests/multi_binding_reifier.rs (target/debug/build/purrdf-gts/3f2e73a00f45da0d/out/multi_binding_reifier-3f2e73a00f45da0d)
2026-10-10T09:39:33.5366683Z 
2026-10-10T09:39:33.5366855Z running 5 tests
2026-10-10T09:39:33.5375949Z test a_forward_referencing_tt_is_reported ... ok
2026-10-10T09:39:33.5376952Z test a_reifier_id_may_bind_several_triples ... ok
2026-10-10T09:39:33.5377976Z test a_self_describing_triple_term_ignores_the_reifier_bindings ... ok
2026-10-10T09:39:33.5379191Z test a_legacy_indirect_triple_term_over_a_rebound_reifier_is_flagged ... ok
2026-10-10T09:39:33.5380204Z test nested_triple_terms_stay_topologically_ordered ... ok
2026-10-10T09:39:33.5380647Z 
2026-10-10T09:39:33.5381135Z test result: ok. 5 passed; 0 failed; 0 ignored; 0 measured; 0 filtered out; finished in 0.00s
2026-10-10T09:39:33.5381780Z 
2026-10-10T09:39:33.5382715Z [1m[92m     Running[0m tests/multi_dict_writer.rs (target/debug/build/purrdf-gts/55cabf6d1b94afd3/out/multi_dict_writer-55cabf6d1b94afd3)
2026-10-10T09:39:33.5391886Z 
2026-10-10T09:39:33.5392080Z running 8 tests
2026-10-10T09:39:33.5398852Z test duplicate_codec_names_and_ids_are_refused ... ok
2026-10-10T09:39:33.5401929Z test append_rejects_out_of_range_and_conflicting_declared_levels ... ok
2026-10-10T09:39:33.5403413Z test a_catalog_dct_absent_from_the_header_map_fails_closed_on_read ... ok
2026-10-10T09:39:33.5409924Z test duplicate_dictionary_names_are_refused ... ok
2026-10-10T09:39:33.5426903Z test a_frame_naming_an_undeclared_dictionary_is_a_hard_error ... ok
2026-10-10T09:39:33.8400509Z test the_declared_zstd_level_is_readable_and_binding ... ok
2026-10-10T09:39:33.8431038Z test two_dictionaries_in_one_pack_decode_per_frame ... ok
2026-10-10T09:39:34.0246914Z test multi_dict_packs_are_byte_deterministic_and_order_independent ... ok
2026-10-10T09:39:34.0247676Z 
2026-10-10T09:39:34.0248055Z test result: ok. 8 passed; 0 failed; 0 ignored; 0 measured; 0 filtered out; finished in 0.49s
2026-10-10T09:39:34.0248417Z 
2026-10-10T09:39:34.0252059Z [1m[92m     Running[0m tests/known_answers.rs (target/debug/build/purrdf-hash/748747afdc2147b7/out/known_answers-748747afdc2147b7)
2026-10-10T09:39:34.0261910Z 
2026-10-10T09:39:34.0262112Z running 10 tests
2026-10-10T09:39:34.0265779Z test kat_crc32_check_value_on_every_path ... ok
2026-10-10T09:39:34.0266474Z test kat_dispatch_through_dyn_digest ... ok
2026-10-10T09:39:34.0267134Z test kat_md5_rfc1321_test_suite ... ok
2026-10-10T09:39:34.0268043Z test kat_sha1_nist_examples_on_every_path ... ok
2026-10-10T09:39:34.0269900Z test kat_sha3_nist_examples ... ok
2026-10-10T09:39:34.0277118Z test split_crc32_every_point_on_every_path ... ok
2026-10-10T09:39:34.0277681Z test split_md5_every_point ... ok
2026-10-10T09:39:34.0282082Z test split_sha1_every_point_on_every_path ... ok
2026-10-10T09:39:34.0293339Z test split_sha3_every_point ... ok
2026-10-10T09:39:34.0309007Z test million_a_sha1_on_every_path ... ok
2026-10-10T09:39:34.0309379Z 
2026-10-10T09:39:34.0310085Z test result: ok. 10 passed; 0 failed; 0 ignored; 0 measured; 0 filtered out; finished in 0.00s
2026-10-10T09:39:34.0310585Z 
2026-10-10T09:39:34.0311769Z [1m[92m     Running[0m tests/fixed_hasher.rs (target/debug/build/purrdf-hash-conformance/24da535ddf4262de/out/fixed_hasher-24da535ddf4262de)
2026-10-10T09:39:34.0320053Z 
2026-10-10T09:39:34.0320201Z running 14 tests
2026-10-10T09:39:34.0346569Z test record_vectors_when_asked ... ok
2026-10-10T09:39:34.0376125Z test short_packing_preserves_every_byte ... ok
2026-10-10T09:39:34.0389730Z test portable_structured_fields_do_not_cancel ... ok
2026-10-10T09:39:34.0390721Z test integers_share_one_word ... ok
2026-10-10T09:39:34.0391512Z fixed hasher: portable, 3676 records
2026-10-10T09:39:34.0436597Z test portable_vectors_are_reproduced ... ok
2026-10-10T09:39:34.0440328Z avalanche portable:   1 bytes, worst |p − ½| = 0.16406 (tolerance 0.2210)
2026-10-10T09:39:34.0466208Z fixed hasher: this build selects portable
2026-10-10T09:39:34.0496339Z test the_selected_function_answers_its_own_vectors ... ok
2026-10-10T09:39:34.0497307Z test mixed_fields_preserve_context ... ok
2026-10-10T09:39:34.1207178Z avalanche portable:   2 bytes, worst |p − ½| = 0.00916 (tolerance 0.0138)
2026-10-10T09:39:35.5627095Z avalanche portable:   3 bytes, worst |p − ½| = 0.00180 (tolerance 0.0100)
2026-10-10T09:39:37.3386612Z portable u32 0..2^24: 16777216 keys, 0 collisions
2026-10-10T09:39:37.5067150Z avalanche portable:   4 bytes, worst |p − ½| = 0.00178 (tolerance 0.0100)
2026-10-10T09:39:39.9381783Z avalanche portable:   5 bytes, worst |p − ½| = 0.00220 (tolerance 0.0100)
2026-10-10T09:39:40.3457129Z avalanche portable: u32 worst |p − ½| = 0.00150, u64 0.00181 (2^20 samples per cell)
2026-10-10T09:39:40.4046585Z portable u64 0..2^24: 16777216 keys, 0 collisions
2026-10-10T09:39:43.1937133Z avalanche portable:   6 bytes, worst |p − ½| = 0.00170 (tolerance 0.0100)
2026-10-10T09:39:43.6667262Z avalanche portable:  17 bytes, worst |p − ½| = 0.00192 (tolerance 0.0100)
2026-10-10T09:39:44.5557010Z portable u64 (0..2^24)·2^40: 16777216 keys, 0 collisions
2026-10-10T09:39:44.5706258Z test portable_has_no_integer_collisions ... ok
2026-10-10T09:39:45.2706588Z portable sparse 256-bit keys: 2796417 keys, 0 collisions
2026-10-10T09:39:45.2766243Z test portable_has_no_sparse_key_collisions ... ok
2026-10-10T09:39:45.2786781Z χ² portable corpus IRIs: 1000 keys, low 7 bits z = -0.71, top 7 bits z = -0.57
2026-10-10T09:39:46.7315100Z avalanche portable:   7 bytes, worst |p − ½| = 0.00173 (tolerance 0.0100)
2026-10-10T09:39:48.1726734Z avalanche portable: u128 worst |p - 0.5| = 0.00188
2026-10-10T09:39:48.1826214Z test portable_avalanche_integers ... ok
2026-10-10T09:39:48.2847143Z avalanche portable terminal:  2 bytes, worst |p − ½| = 0.01144 (tolerance 0.0138)
2026-10-10T09:39:48.6027464Z χ² portable corpus IRIs × 0..8192: 8192000 keys, low 20 bits z = 0.84, top 7 bits z = 1.02
2026-10-10T09:39:48.9497231Z χ² portable u64 0..2^24: 16777216 keys, low 20 bits z = -0.65, top 7 bits z = -0.07
2026-10-10T09:39:48.9586376Z test portable_is_uniform ... ok
2026-10-10T09:39:50.8887138Z avalanche portable:   8 bytes, worst |p − ½| = 0.00196 (tolerance 0.0100)
2026-10-10T09:39:55.2684009Z avalanche portable:   9 bytes, worst |p − ½| = 0.00200 (tolerance 0.0100)
2026-10-10T09:39:55.2826769Z avalanche portable:  24 bytes, worst |p − ½| = 0.00181 (tolerance 0.0100)
2026-10-10T09:39:56.9439358Z avalanche portable terminal: 16 bytes, worst |p − ½| = 0.00194 (tolerance 0.0100)
2026-10-10T09:39:59.9977271Z avalanche portable:  10 bytes, worst |p − ½| = 0.00215 (tolerance 0.0100)
2026-10-10T09:40:05.4077235Z avalanche portable:  11 bytes, worst |p − ½| = 0.00216 (tolerance 0.0100)
2026-10-10T09:40:05.5567407Z avalanche portable terminal: 17 bytes, worst |p − ½| = 0.00198 (tolerance 0.0100)
2026-10-10T09:40:10.4207166Z avalanche portable:  31 bytes, worst |p − ½| = 0.00204 (tolerance 0.0100)
2026-10-10T09:40:10.7904851Z avalanche portable:  12 bytes, worst |p − ½| = 0.00200 (tolerance 0.0100)
2026-10-10T09:40:17.1567152Z avalanche portable:  13 bytes, worst |p − ½| = 0.00192 (tolerance 0.0100)
2026-10-10T09:40:18.0874869Z avalanche portable terminal: 24 bytes, worst |p − ½| = 0.00210 (tolerance 0.0100)
2026-10-10T09:40:23.6537262Z avalanche portable:  14 bytes, worst |p − ½| = 0.00216 (tolerance 0.0100)
2026-10-10T09:40:27.1210795Z avalanche portable:  32 bytes, worst |p − ½| = 0.00180 (tolerance 0.0100)
2026-10-10T09:40:30.5935834Z avalanche portable:  15 bytes, worst |p − ½| = 0.00200 (tolerance 0.0100)
2026-10-10T09:40:33.7977511Z avalanche portable terminal: 31 bytes, worst |p − ½| = 0.00199 (tolerance 0.0100)
2026-10-10T09:40:38.1457333Z avalanche portable:  16 bytes, worst |p − ½| = 0.00192 (tolerance 0.0100)
2026-10-10T09:40:38.1496410Z test portable_avalanche_short_slices ... ok
2026-10-10T09:40:42.4287052Z avalanche portable:  33 bytes, worst |p − ½| = 0.00192 (tolerance 0.0100)
2026-10-10T09:40:45.6417243Z avalanche portable terminal: 32 bytes, worst |p − ½| = 0.00204 (tolerance 0.0100)
2026-10-10T09:40:58.3258377Z avalanche portable terminal: 33 bytes, worst |p − ½| = 0.00197 (tolerance 0.0100)
2026-10-10T09:40:58.5395489Z portable terminal sparse 256-bit keys: 2796417 keys, 0 collisions
2026-10-10T09:40:58.5416430Z portable terminal tags and lengths: 254 keys, 0 collisions
2026-10-10T09:40:58.5426546Z portable terminal corpus IRIs: 1000 keys, 0 collisions
2026-10-10T09:40:58.5428112Z χ² portable terminal corpus IRIs: 1000 keys, low 7 bits z = 0.13, top 7 bits z = 0.96
2026-10-10T09:40:58.8310479Z avalanche portable:  48 bytes, worst |p − ½| = 0.00204 (tolerance 0.0100)
2026-10-10T09:40:59.9802217Z χ² portable terminal corpus IRIs × 0..8192: 8192000 keys, low 20 bits z = -1.80, top 7 bits z = 1.07
2026-10-10T09:40:59.9816141Z test portable_terminal_hash_quality ... ok
2026-10-10T09:41:10.3283625Z avalanche portable:  63 bytes, worst |p − ½| = 0.00208 (tolerance 0.0100)
2026-10-10T09:41:21.8060643Z avalanche portable:  64 bytes, worst |p − ½| = 0.00226 (tolerance 0.0100)
2026-10-10T09:41:33.9869059Z avalanche portable:  65 bytes, worst |p − ½| = 0.00196 (tolerance 0.0100)
2026-10-10T09:41:52.0976330Z avalanche portable:  96 bytes, worst |p − ½| = 0.00231 (tolerance 0.0100)
2026-10-10T09:42:11.6159248Z avalanche portable: 100 bytes, worst |p − ½| = 0.00208 (tolerance 0.0100)
2026-10-10T09:42:36.4113676Z avalanche portable: 127 bytes, worst |p − ½| = 0.00190 (tolerance 0.0100)
2026-10-10T09:43:01.4368613Z avalanche portable: 128 bytes, worst |p − ½| = 0.00201 (tolerance 0.0100)
2026-10-10T09:43:01.4369173Z test portable_avalanche_long_slices ... ok
2026-10-10T09:43:01.4369402Z 
2026-10-10T09:43:01.4369803Z test result: ok. 14 passed; 0 failed; 0 ignored; 0 measured; 0 filtered out; finished in 207.40s
2026-10-10T09:43:01.4370187Z 
2026-10-10T09:43:01.4399098Z [1m[92m     Running[0m tests/frame_le.rs (target/debug/build/purrdf-hash-conformance/74b9274bee7a2df8/out/frame_le-74b9274bee7a2df8)
2026-10-10T09:43:01.4408720Z 
2026-10-10T09:43:01.4408971Z running 6 tests
2026-10-10T09:43:01.4412493Z test record_vectors_when_asked ... ok
2026-10-10T09:43:01.4566743Z test streamed_frames_compose ... ok
2026-10-10T09:43:01.5277021Z test frame_be_labelled_reproduces_the_vectors ... ok
2026-10-10T09:43:01.5387034Z test the_vectors_are_the_specified_construction ... ok
2026-10-10T09:43:01.5431372Z test frame_le_reproduces_the_vectors ... ok
2026-10-10T09:43:01.5776991Z test frame_le_into_reproduces_the_vectors ... ok
2026-10-10T09:43:01.5777472Z 
2026-10-10T09:43:01.5777951Z test result: ok. 6 passed; 0 failed; 0 ignored; 0 measured; 0 filtered out; finished in 0.14s
2026-10-10T09:43:01.5778409Z 
2026-10-10T09:43:01.5790445Z [1m[92m     Running[0m tests/hex.rs (target/debug/build/purrdf-hash-conformance/0a28322b2305f857/out/hex-0a28322b2305f857)
2026-10-10T09:43:01.5799275Z 
2026-10-10T09:43:01.5799614Z running 18 tests
2026-10-10T09:43:01.5816351Z test frozen_digits_read_through_every_reader ... ok
2026-10-10T09:43:01.5864262Z test decode_32_judges_every_ascii_byte_at_every_position ... ok
2026-10-10T09:43:01.5876484Z test decode_refuses_an_odd_length_beside_its_even_neighbour ... ok
2026-10-10T09:43:01.5906425Z test decode_refuses_signs_prefixes_and_whitespace ... ok
2026-10-10T09:43:01.5920206Z test rendering_keeps_leading_zeros_and_two_digits_per_byte ... ok
2026-10-10T09:43:01.5922935Z test digest_edge_values_render_whole ... ok
2026-10-10T09:43:01.5923950Z test rfc4648_base16_vectors ... ok
2026-10-10T09:43:01.5924942Z test inputs_across_the_length_switch_and_chunk_seams_render_whole ... ok
2026-10-10T09:43:01.5926168Z test formatter_options_match_str ... ok
2026-10-10T09:43:01.5927153Z test encode_to_slice_refuses_a_short_output_beside_the_exact_one ... ok
2026-10-10T09:43:01.5928214Z test backend_encode_refuses_a_missized_output ... ok
2026-10-10T09:43:01.5929149Z test readers_refuse_non_ascii_and_wrong_lengths ... ok
2026-10-10T09:43:01.5930123Z test required_paths_are_available_and_selected ... ok
2026-10-10T09:43:01.5931082Z test digest32_renders_and_reads_its_canonical_form ... ok
2026-10-10T09:43:01.5931937Z test errors_name_what_is_wrong ... ok
2026-10-10T09:43:01.5996513Z hex: x86-ssse3, portable checked; x86-ssse3 selected
2026-10-10T09:43:01.5997150Z test every_path_matches_portable ... ok
2026-10-10T09:43:01.6152206Z test frozen_encodings_render_through_every_entry_point ... ok
2026-10-10T09:43:01.6176991Z test frozen_encodings_read_back_through_every_reader ... ok
2026-10-10T09:43:01.6177292Z 
2026-10-10T09:43:01.6177667Z test result: ok. 18 passed; 0 failed; 0 ignored; 0 measured; 0 filtered out; finished in 0.04s
2026-10-10T09:43:01.6178028Z 
2026-10-10T09:43:01.6191294Z [1m[92m     Running[0m tests/exclusion_membership.rs (target/debug/build/purrdf-hnsw/d1f8b08bce4d16af/out/exclusion_membership-d1f8b08bce4d16af)
2026-10-10T09:43:01.6201295Z 
2026-10-10T09:43:01.6201458Z running 10 tests
2026-10-10T09:43:01.6214662Z test a_membership_lookup_computes_no_distance_and_visits_no_graph_node ... ok
2026-10-10T09:43:01.6216609Z test a_bound_count_keeps_its_cut_and_a_free_one_without_a_candidate_is_refused ... ok
2026-10-10T09:43:01.6227876Z test a_membership_basis_is_declared_and_admitted_from_a_lossy_producer ... ok
2026-10-10T09:43:01.6229717Z test a_reassociated_membership_lookup_computes_no_distance_and_visits_no_graph_node ... ok
2026-10-10T09:43:01.6236625Z test every_term_of_the_universe_agrees_with_its_row ... ok
2026-10-10T09:43:01.6249039Z test the_distance_a_lookup_reports_is_the_one_the_beam_would_have ... ok
2026-10-10T09:43:01.6259607Z test every_term_of_the_universe_agrees_with_its_row_under_the_reassociated_arithmetic ... ok
2026-10-10T09:43:01.6272667Z test the_membership_mode_is_new_and_the_ranked_one_is_untouched ... ok
2026-10-10T09:43:01.6279796Z test a_reassociated_lookup_reports_the_distance_its_beam_would_have ... ok
2026-10-10T09:43:01.6293027Z test an_excluded_term_is_named_by_no_beam_at_any_width_and_a_held_one_is ... ok
2026-10-10T09:43:01.6293755Z 
2026-10-10T09:43:01.6294143Z test result: ok. 10 passed; 0 failed; 0 ignored; 0 measured; 0 filtered out; finished in 0.01s
2026-10-10T09:43:01.6294546Z 
2026-10-10T09:43:01.6297542Z [1m[92m     Running[0m tests/float_environment.rs (target/debug/build/purrdf-hnsw/413ff17de4402cfd/out/float_environment-413ff17de4402cfd)
2026-10-10T09:43:01.6306734Z 
2026-10-10T09:43:01.6306917Z running 5 tests
2026-10-10T09:43:01.6311413Z test every_norm_entry_point_needs_the_exact_handle_a_flushing_thread_cannot_obtain ... ok
2026-10-10T09:43:01.6316430Z test every_pair_entry_point_needs_a_handle_a_flushing_thread_cannot_obtain ... ok
2026-10-10T09:43:01.6362801Z test every_distance_entry_point_refuses_a_flushing_environment_and_answers_the_default ... ok
2026-10-10T09:43:01.6364524Z test a_worker_thread_is_checked_where_it_computes_not_where_the_index_was_built ... ok
2026-10-10T09:43:01.6371784Z test every_reassociated_entry_point_refuses_a_flushing_environment_and_answers_the_default ... ok
2026-10-10T09:43:01.6372515Z 
2026-10-10T09:43:01.6373200Z test result: ok. 5 passed; 0 failed; 0 ignored; 0 measured; 0 filtered out; finished in 0.01s
2026-10-10T09:43:01.6373820Z 
2026-10-10T09:43:01.6376058Z [1m[92m     Running[0m tests/float_environment_rayon.rs (target/debug/build/purrdf-hnsw/09af0deecab056df/out/float_environment_rayon-09af0deecab056df)
2026-10-10T09:43:01.6384395Z 
2026-10-10T09:43:01.6384583Z running 1 test
2026-10-10T09:43:01.6417277Z test a_flushing_rayon_worker_refuses_its_share_and_a_clean_one_answers_the_single_thread_bits ... ok
2026-10-10T09:43:01.6417732Z 
2026-10-10T09:43:01.6418100Z test result: ok. 1 passed; 0 failed; 0 ignored; 0 measured; 0 filtered out; finished in 0.00s
2026-10-10T09:43:01.6418459Z 
2026-10-10T09:43:01.6420027Z [1m[92m     Running[0m tests/float_environment_x87.rs (target/debug/build/purrdf-hnsw/eff78dbbc9aa1f78/out/float_environment_x87-eff78dbbc9aa1f78)
2026-10-10T09:43:01.6428081Z 
2026-10-10T09:43:01.6428240Z running 0 tests
2026-10-10T09:43:01.6429986Z 
2026-10-10T09:43:01.6430643Z test result: ok. 0 passed; 0 failed; 0 ignored; 0 measured; 0 filtered out; finished in 0.00s
2026-10-10T09:43:01.6431252Z 
2026-10-10T09:43:01.6432740Z [1m[92m     Running[0m tests/float_environment_x87_rayon.rs (target/debug/build/purrdf-hnsw/8bb183ed9a9adec8/out/float_environment_x87_rayon-8bb183ed9a9adec8)
2026-10-10T09:43:01.6439156Z 
2026-10-10T09:43:01.6439308Z running 0 tests
2026-10-10T09:43:01.6439580Z 
2026-10-10T09:43:01.6440070Z test result: ok. 0 passed; 0 failed; 0 ignored; 0 measured; 0 filtered out; finished in 0.00s
2026-10-10T09:43:01.6440430Z 
2026-10-10T09:43:01.6442572Z [1m[92m     Running[0m tests/invariants.rs (target/debug/build/purrdf-hnsw/9bafe653b59e9354/out/invariants-9bafe653b59e9354)
2026-10-10T09:43:01.6450602Z 
2026-10-10T09:43:01.6450748Z running 13 tests
2026-10-10T09:43:01.6455321Z test a_single_row_index_is_the_degenerate_bootstrap ... ok
2026-10-10T09:43:01.6632007Z test asymmetric_adjacency_is_explained_by_the_degree_bound ... ok
2026-10-10T09:43:01.6648165Z test adjacency_is_strictly_sorted_by_distance_then_row ... ok
2026-10-10T09:43:01.6716693Z test degree_bounds_hold_at_every_layer ... ok
2026-10-10T09:43:01.6726441Z test every_neighbor_is_a_valid_row_at_a_layer_that_row_occupies ... ok
2026-10-10T09:43:01.6890124Z test levels_are_exactly_the_fixed_formula ... ok
2026-10-10T09:43:01.7238602Z test no_node_links_to_itself_at_any_layer ... ok
2026-10-10T09:43:01.7459938Z test a_narrow_matrix_builds_the_identical_graph_to_its_widened_copy ... ok
2026-10-10T09:43:01.7846832Z test an_index_is_a_pure_function_of_its_inputs ... ok
2026-10-10T09:43:01.7936762Z test the_canonical_image_round_trips_through_decode_byte_for_byte ... ok
2026-10-10T09:43:01.8062388Z test the_entry_point_is_the_minimum_row_at_the_maximum_level ... ok
2026-10-10T09:43:02.0762457Z test reachability_holds_at_the_scale_the_crate_claims ... ok
2026-10-10T09:43:02.0813563Z test every_row_is_reachable_from_the_entry_point_at_layer_zero ... ok
2026-10-10T09:43:02.0814522Z 
2026-10-10T09:43:02.0815178Z test result: ok. 13 passed; 0 failed; 0 ignored; 0 measured; 0 filtered out; finished in 0.44s
2026-10-10T09:43:02.0816035Z 
2026-10-10T09:43:02.0834366Z [1m[92m     Running[0m tests/oracle_contract.rs (target/debug/build/purrdf-hnsw/b4444563d40385c3/out/oracle_contract-b4444563d40385c3)
2026-10-10T09:43:02.0844877Z 
2026-10-10T09:43:02.0845025Z running 14 tests
2026-10-10T09:43:02.0860514Z test a_ceiling_that_prevents_the_first_pull_charges_nothing ... ok
2026-10-10T09:43:02.0866457Z test a_bound_position_filter_is_honoured_without_shrinking_the_offer ... ok
2026-10-10T09:43:02.0868109Z test a_planner_ceiling_never_changes_which_rows_are_offered ... ok
2026-10-10T09:43:02.0869075Z test a_rejected_payload_is_a_construction_failure_not_a_search ... ok
2026-10-10T09:43:02.0880638Z test a_request_wider_than_the_beam_is_answered_short_not_widened ... ok
2026-10-10T09:43:02.0881775Z test an_absent_seed_is_an_empty_offer_not_a_missing_graph ... ok
2026-10-10T09:43:02.0888038Z test an_approximate_miss_is_an_offer_never_a_proof_of_absence ... ok
2026-10-10T09:43:02.0888897Z test a_zero_request_charges_nothing ... ok
2026-10-10T09:43:02.0889893Z test budget_exhaustion_mid_traversal_still_reports_the_work_done ... ok
2026-10-10T09:43:02.0896613Z test the_relation_predicate_iri_is_callers_supplied ... ok
2026-10-10T09:43:02.0897525Z test the_declared_mode_is_the_seed_and_count_contract ... ok
2026-10-10T09:43:02.0898415Z test an_empty_candidate_offer_is_not_evidence_of_absence ... ok
2026-10-10T09:43:02.0899424Z test the_artifact_binds_the_approximate_loss_contract_and_evidence ... ok
2026-10-10T09:43:02.0903692Z test the_search_is_lazy_and_its_work_is_charged_once ... ok
2026-10-10T09:43:02.0904149Z 
2026-10-10T09:43:02.0904815Z test result: ok. 14 passed; 0 failed; 0 ignored; 0 measured; 0 filtered out; finished in 0.01s
2026-10-10T09:43:02.0905516Z 
2026-10-10T09:43:02.0908331Z [1m[92m     Running[0m tests/host_differential.rs (target/debug/build/purrdf-iri/932f87d7ebe12ae3/out/host_differential-932f87d7ebe12ae3)
2026-10-10T09:43:02.0916866Z 
2026-10-10T09:43:02.0917050Z running 3 tests
2026-10-10T09:43:02.0992559Z test the_table_exercises_both_verdicts_of_both_productions ... ok
2026-10-10T09:43:02.1044700Z test every_frozen_address_verdict_is_reproduced ... ok
2026-10-10T09:43:02.1067117Z test an_address_the_table_accepts_is_a_host_the_parser_accepts ... ok
2026-10-10T09:43:02.1067424Z 
2026-10-10T09:43:02.1067807Z test result: ok. 3 passed; 0 failed; 0 ignored; 0 measured; 0 filtered out; finished in 0.02s
2026-10-10T09:43:02.1068174Z 
2026-10-10T09:43:02.1073085Z [1m[92m     Running[0m tests/idna.rs (target/debug/build/purrdf-iri/57ac8cdcc339d18a/out/idna-57ac8cdcc339d18a)
2026-10-10T09:43:02.1083213Z 
2026-10-10T09:43:02.1083353Z running 16 tests
2026-10-10T09:43:02.1089295Z test a_labels_refuse_beside_accepted_neighbours ... ok
2026-10-10T09:43:02.1090122Z test bidi_rule_refuses_beside_accepted_neighbours ... ok
2026-10-10T09:43:02.1090976Z test contextual_rules_refuse_beside_accepted_neighbours ... ok
2026-10-10T09:43:02.1091852Z test empty_labels_refuse_beside_accepted_neighbours ... ok
2026-10-10T09:43:02.1092550Z test hostname_is_ascii_ldh_only ... ok
2026-10-10T09:43:02.1093253Z test hyphen_rules_refuse_beside_accepted_neighbours ... ok
2026-10-10T09:43:02.1093889Z test mapping_step ... ok
2026-10-10T09:43:02.1094606Z test label_and_name_lengths_refuse_beside_accepted_neighbours ... ok
2026-10-10T09:43:02.1095372Z test parsing_never_applies_idna ... ok
2026-10-10T09:43:02.1096509Z test punycode_refusals_beside_accepted_neighbours ... ok
2026-10-10T09:43:02.1097236Z test rfc_3492_samples_encode_and_decode ... ok
2026-10-10T09:43:02.1097864Z test rfc_3987_section_3_1_examples ... ok
2026-10-10T09:43:02.1098464Z test to_uri_components_and_fallback ... ok
2026-10-10T09:43:02.1099294Z test u_label_rules_refuse_beside_accepted_neighbours ... ok
2026-10-10T09:43:02.1937699Z test idna_test_v2_unmapped ... ok
2026-10-10T09:43:02.1974816Z test idna_test_v2_mapped ... ok
2026-10-10T09:43:02.1975811Z 
2026-10-10T09:43:02.1976235Z test result: ok. 16 passed; 0 failed; 0 ignored; 0 measured; 0 filtered out; finished in 0.09s
2026-10-10T09:43:02.1976616Z 
2026-10-10T09:43:02.1995459Z [1m[92m     Running[0m tests/iri_suite.rs (target/debug/build/purrdf-iri/da9d976a0baad48d/out/iri_suite-da9d976a0baad48d)
2026-10-10T09:43:02.2006273Z 
2026-10-10T09:43:02.2006427Z running 13 tests
2026-10-10T09:43:02.2009845Z test accepts_non_ascii_in_iri_mode_only ... ok
2026-10-10T09:43:02.2010813Z test contract_prefers_longest_namespace ... ok
2026-10-10T09:43:02.2011812Z test contract_skips_empty_prefix_binding ... ok
2026-10-10T09:43:02.2012866Z test curie_prefix_detection_matches_sssom_semantics ... ok
2026-10-10T09:43:02.2013941Z test expand_resolve_and_contract_round_trip ... ok
2026-10-10T09:43:02.2015106Z test normalize_case_and_pct_and_dots ... ok
2026-10-10T09:43:02.2016469Z test generic_port_syntax_is_any_ascii_digit_string ... ok
2026-10-10T09:43:02.2017062Z test normalize_is_idempotent ... ok
2026-10-10T09:43:02.2017691Z test parses_assorted_valid_forms ... ok
2026-10-10T09:43:02.2018291Z test parses_relative_references ... ok
2026-10-10T09:43:02.2018682Z test parses_valid_iris_and_splits_components ... ok
2026-10-10T09:43:02.2019681Z [1m[92m     Running[0m tests/langtag_corpus.rs (target/debug/build/purrdf-iri/e0e5068fa17d2663/out/langtag_corpus-e0e5068fa17d2663)
2026-10-10T09:43:02.2020424Z test rejects_colon_in_first_segment_of_relative_path ... ok
2026-10-10T09:43:02.2020829Z test rejects_malformed_input ... ok
2026-10-10T09:43:02.2021013Z 
2026-10-10T09:43:02.2021383Z test result: ok. 13 passed; 0 failed; 0 ignored; 0 measured; 0 filtered out; finished in 0.00s
2026-10-10T09:43:02.2021739Z 
2026-10-10T09:43:02.2026085Z 
2026-10-10T09:43:02.2026238Z running 17 tests
2026-10-10T09:43:02.2029864Z test abnf_boundaries_with_accepted_neighbors ... ok
2026-10-10T09:43:02.2030657Z test appendix_a_examples_are_well_formed ... ok
2026-10-10T09:43:02.2031096Z test appendix_a_invalid_examples ... ok
2026-10-10T09:43:02.2031880Z test canonical_case_is_a_fixed_point_of_the_rfc_examples ... ok
2026-10-10T09:43:02.2032805Z test canonical_case_leaves_terminal_only_tags_alone ... ok
2026-10-10T09:43:02.2033781Z test canonical_case_leaves_the_published_private_use_families_alone ... ok
2026-10-10T09:43:02.2034697Z test case_is_insignificant_for_well_formedness ... ok
2026-10-10T09:43:02.2048136Z test consumer_contracts_hold ... ok
2026-10-10T09:43:02.2049088Z test extlang_attaches_only_to_the_two_to_three_letter_language_alternative ... ok
2026-10-10T09:43:02.2050191Z test purrdf_private_use_tags_need_the_relaxed_profile ... ok
2026-10-10T09:43:02.2051175Z test grouped_sections_are_reported_rather_than_left_to_the_caller ... ok
2026-10-10T09:43:02.2052190Z test grandfathered_tags_match_as_whole_case_insensitive_units ... ok
2026-10-10T09:43:02.2053274Z test the_bounded_terminal_profile_is_the_terminal_plus_the_length_ceiling ... ok
2026-10-10T09:43:02.2054317Z test the_unpaired_refusals_each_have_an_accepted_neighbour ... ok
2026-10-10T09:43:02.2055127Z test the_pinned_tags_survive_every_surface ... ok
2026-10-10T09:43:02.2056493Z test the_relaxed_profile_is_a_strict_superset ... ok
2026-10-10T09:43:02.2057333Z test the_terminal_profile_keeps_published_tags_readable ... ok
2026-10-10T09:43:02.2057792Z 
2026-10-10T09:43:02.2058429Z test result: ok. 17 passed; 0 failed; 0 ignored; 0 measured; 0 filtered out; finished in 0.00s
2026-10-10T09:43:02.2059057Z 
2026-10-10T09:43:02.2059065Z 
2026-10-10T09:43:02.2059217Z running 4 tests
2026-10-10T09:43:02.2060847Z [1m[92m     Running[0m tests/langtag_differential.rs (target/debug/build/purrdf-iri/df0c25756c9b508f/out/langtag_differential-df0c25756c9b508f)
2026-10-10T09:43:02.2062478Z test input_encoding_round_trips ... ok
2026-10-10T09:43:02.2076498Z test fixture_covers_both_verdicts_at_scale ... ok
2026-10-10T09:43:02.2076915Z test fixture_is_intact ... ok
2026-10-10T09:43:02.2081012Z test parser_matches_the_frozen_oracle_verdicts ... ok
2026-10-10T09:43:02.2081515Z 
2026-10-10T09:43:02.2081879Z test result: ok. 4 passed; 0 failed; 0 ignored; 0 measured; 0 filtered out; finished in 0.00s
2026-10-10T09:43:02.2082278Z 
2026-10-10T09:43:02.2084651Z [1m[92m     Running[0m tests/frozen_vectors.rs (target/debug/build/purrdf-lex/0c36100fd1ba3048/out/frozen_vectors-0c36100fd1ba3048)
2026-10-10T09:43:02.2091979Z 
2026-10-10T09:43:02.2092144Z running 8 tests
2026-10-10T09:43:02.2106510Z test escapes_replay_the_frozen_vectors ... ok
2026-10-10T09:43:02.2116143Z percent set unreserved
2026-10-10T09:43:02.2136310Z test json_strings_replay_the_frozen_vectors ... ok
2026-10-10T09:43:02.5836660Z test json_pointers_replay_the_frozen_vectors ... ok
2026-10-10T09:43:02.5876185Z test percent_decoders_replay_the_frozen_vectors ... ok
2026-10-10T09:43:02.5927935Z test needle_searches_replay_the_frozen_vectors ... ok
2026-10-10T09:43:02.6390464Z percent set unreserved-slash
2026-10-10T09:43:02.8793378Z percent set reg-name
2026-10-10T09:43:03.0459607Z test every_uchar_value_replays_the_frozen_digests ... ok
2026-10-10T09:43:03.1221203Z percent set path
2026-10-10T09:43:03.3585950Z percent set fragment
2026-10-10T09:43:03.3639916Z test every_json_unit_and_pair_replays_the_frozen_digests ... ok
2026-10-10T09:43:03.5950979Z percent set uri-template-reserved
2026-10-10T09:43:03.8337160Z percent set non-ascii
2026-10-10T09:43:04.0758253Z test percent_sets_replay_the_frozen_vectors ... ok
2026-10-10T09:43:04.0758690Z 
2026-10-10T09:43:04.0759255Z test result: ok. 8 passed; 0 failed; 0 ignored; 0 measured; 0 filtered out; finished in 1.87s
2026-10-10T09:43:04.0759800Z 
2026-10-10T09:43:04.0762054Z [1m[92m     Running[0m tests/html.rs (target/debug/build/purrdf-lex/4725444cbe182fa9/out/html-4725444cbe182fa9)
2026-10-10T09:43:04.0773014Z 
2026-10-10T09:43:04.0773351Z running 12 tests
2026-10-10T09:43:04.0779760Z test data_identities_match_the_exact_frozen_bytes ... ok
2026-10-10T09:43:04.0781200Z test decoding_is_once_and_alignment_is_per_scalar ... ok
2026-10-10T09:43:04.0782729Z test every_control_and_noncharacter_reports_the_exact_error_class ... ok
2026-10-10T09:43:04.0797325Z test arbitrarily_long_digits_saturate_without_truncating_the_reference ... ok
2026-10-10T09:43:04.0806737Z test long_unknown_names_are_preserved_and_diagnosed_once ... ok
2026-10-10T09:43:04.0811872Z test numeric_recovery_and_missing_digit_reconsumption ... ok
2026-10-10T09:43:04.0813439Z test only_reference_errors_are_reported_and_other_content_is_verbatim ... ok
2026-10-10T09:43:04.0814694Z test reference_errors_have_exact_codes_and_original_spans ... ok
2026-10-10T09:43:04.0816145Z test text_and_attribute_ambiguities_and_case_are_exact ... ok
2026-10-10T09:43:04.0859793Z test every_pinned_name_and_legacy_context_is_reproduced ... ok
2026-10-10T09:43:04.1753078Z test longest_matching_is_independent_of_failed_longer_prefixes ... ok
2026-10-10T09:43:04.2464417Z test every_numeric_value_has_the_specified_scalar_recovery ... ok
2026-10-10T09:43:04.2464919Z 
2026-10-10T09:43:04.2465306Z test result: ok. 12 passed; 0 failed; 0 ignored; 0 measured; 0 filtered out; finished in 0.17s
2026-10-10T09:43:04.2466046Z 
2026-10-10T09:43:04.2470855Z [1m[92m     Running[0m tests/json_test_suite.rs (target/debug/build/purrdf-lex/b088d7401dbff2f5/out/json_test_suite-b088d7401dbff2f5)
2026-10-10T09:43:04.2481602Z 
2026-10-10T09:43:04.2481843Z running 9 tests
2026-10-10T09:43:04.2497318Z test a_refused_encoding_has_an_accepted_neighbour ... ok
2026-10-10T09:43:04.2613558Z test every_i_document_has_its_outcome_pinned ... ok
2026-10-10T09:43:04.2656372Z test every_y_document_is_accepted ... ok
2026-10-10T09:43:04.2663034Z test every_y_document_round_trips_to_an_equal_value ... ok
2026-10-10T09:43:04.2698182Z test the_depth_refusal_is_the_cap_and_its_valid_neighbour_is_accepted ... ok
2026-10-10T09:43:04.2730871Z test value_equality_and_hash_ignore_member_order_and_number_spelling_on_every_y_document ... ok
2026-10-10T09:43:04.2803019Z test the_vendored_corpus_has_the_pinned_census ... ok
2026-10-10T09:43:04.2976499Z test every_n_document_is_refused_at_the_default_and_at_an_unbounded_depth ... ok
2026-10-10T09:43:04.3837525Z test checking_a_value_gives_the_verdict_reading_it_gives_on_every_document ... ok
2026-10-10T09:43:04.3837923Z 
2026-10-10T09:43:04.3838295Z test result: ok. 9 passed; 0 failed; 0 ignored; 0 measured; 0 filtered out; finished in 0.14s
2026-10-10T09:43:04.3838657Z 
2026-10-10T09:43:04.3850830Z [1m[92m     Running[0m tests/json_value_equality.rs (target/debug/build/purrdf-lex/addc659ae070619c/out/json_value_equality-addc659ae070619c)
2026-10-10T09:43:04.3860614Z 
2026-10-10T09:43:04.3860828Z running 7 tests
2026-10-10T09:43:04.3866079Z test a_repeated_name_is_compared_occurrence_by_occurrence ... ok
2026-10-10T09:43:04.3867243Z test number_equality_is_by_value_and_same_text_is_by_spelling ... ok
2026-10-10T09:43:04.3868705Z test equal_values_hash_alike_and_structure_is_part_of_the_hash ... ok
2026-10-10T09:43:04.3869754Z test numbers_are_equal_when_they_denote_one_decimal ... ok
2026-10-10T09:43:04.3870689Z test objects_are_equal_whatever_their_member_order ... ok
2026-10-10T09:43:04.3871579Z test same_text_sees_spelling_and_member_order ... ok
2026-10-10T09:43:04.4251992Z test values_a_hundred_thousand_levels_deep_compare_and_hash_on_a_small_stack ... ok
2026-10-10T09:43:04.4252536Z 
2026-10-10T09:43:04.4252915Z test result: ok. 7 passed; 0 failed; 0 ignored; 0 measured; 0 filtered out; finished in 0.04s
2026-10-10T09:43:04.4253285Z 
2026-10-10T09:43:04.4272048Z [1m[92m     Running[0m tests/embedding_source.rs (target/debug/build/purrdf-markdown/a51ca4da6bf423f9/out/embedding_source-a51ca4da6bf423f9)
2026-10-10T09:43:04.4282695Z 
2026-10-10T09:43:04.4283036Z running 1 test
2026-10-10T09:43:04.4300249Z test a_two_anchor_citation_certifies_with_a_source_ordinal_embedding_target ... ok
2026-10-10T09:43:04.4300616Z 
2026-10-10T09:43:04.4301005Z test result: ok. 1 passed; 0 failed; 0 ignored; 0 measured; 0 filtered out; finished in 0.00s
2026-10-10T09:43:04.4301367Z 
2026-10-10T09:43:04.4303196Z [1m[92m     Running[0m tests/lossless.rs (target/debug/build/purrdf-mime/f50b2c3dbefa5b79/out/lossless-f50b2c3dbefa5b79)
2026-10-10T09:43:04.4313559Z 
2026-10-10T09:43:04.4313705Z running 16 tests
2026-10-10T09:43:04.4331440Z test original_octets_and_repeated_folded_headers_survive ... ok
2026-10-10T09:43:04.4356717Z test malformed_source_is_typed_without_a_repair ... ok
2026-10-10T09:43:04.4382887Z test transfer_decoding_is_exact_and_content_identity_ignores_filenames ... ok
2026-10-10T09:43:04.4406742Z test identity_transfer_defects_are_observed_in_leaves_and_containers ... ok
2026-10-10T09:43:04.4431919Z test encoded_words_are_checked_only_in_their_actual_header_positions ... ok
2026-10-10T09:43:04.4433227Z test broken_transfers_refuse_payload_but_preserve_original_cover ... ok
2026-10-10T09:43:04.4434353Z test multipart_syntax_defects_preserve_every_original_byte ... ok
2026-10-10T09:43:04.4435434Z test conflicting_headers_and_encoded_words_are_explicit ... ok
2026-10-10T09:43:04.4436749Z test altered_model_and_different_profile_refuse_publication ... ok
2026-10-10T09:43:04.4437854Z test adjacent_delimiters_and_missing_closures_preserve_ranges ... ok
2026-10-10T09:43:04.4438972Z test nested_multipart_keeps_parent_crlf_and_original_structure ... ok
2026-10-10T09:43:04.4440069Z test real_sparql_sees_repeated_occurrences_in_original_order ... ok
2026-10-10T09:43:04.4441112Z test graph_mutations_refuse_before_source_bytes_escape ... ok
2026-10-10T09:43:04.4488392Z test caller_limits_are_exact_neighbors_and_no_depth_cap_is_inserted ... ok
2026-10-10T09:43:04.5111186Z test large_original_source_and_header_multiset_have_only_caller_limits ... ok
2026-10-10T09:43:05.1375071Z test production_rdf_round_trip_is_deterministic_for_original_and_broken_messages ... ok
2026-10-10T09:43:05.1376036Z 
2026-10-10T09:43:05.1376657Z test result: ok. 16 passed; 0 failed; 0 ignored; 0 measured; 0 filtered out; finished in 0.71s
2026-10-10T09:43:05.1377169Z 
2026-10-10T09:43:05.1391497Z [1m[92m     Running[0m tests/gts_authorship_census.rs (target/debug/build/purrdf-rdf/12a66c7a5255c6fe/out/gts_authorship_census-12a66c7a5255c6fe)
2026-10-10T09:43:05.1401583Z 
2026-10-10T09:43:05.1401745Z running 14 tests
2026-10-10T09:43:05.1407445Z test detector_self_tests::absolute_external_paths_bypass_local_module_shadowing ... ok
2026-10-10T09:43:05.1408689Z test detector_self_tests::cfg_test_modules_are_excluded_without_hiding_later_code ... ok
2026-10-10T09:43:05.1418048Z test detector_self_tests::comments_and_literals_cannot_mint_headers ... ok
2026-10-10T09:43:05.1419114Z test detector_self_tests::gts_crate_paths_and_glob_imports_resolve ... ok
2026-10-10T09:43:05.1420216Z test detector_self_tests::malformed_source_fails_loudly - should panic ... ok
2026-10-10T09:43:05.1421497Z test detector_self_tests::opaque_grouped_imports_cannot_hide_renamed_authors - should panic ... ok
2026-10-10T09:43:05.1422983Z test detector_self_tests::macro_arguments_and_opaque_token_paths_are_scanned ... ok
2026-10-10T09:43:05.1423673Z test detector_self_tests::nested_scopes_shadow_and_restore_imported_names ... ok
2026-10-10T09:43:05.1426458Z test detector_self_tests::opaque_macro_bindings_cannot_silently_hide_authors - should panic ... ok
2026-10-10T09:43:05.1427966Z test detector_self_tests::unrelated_local_and_imported_writers_are_not_gts_authors ... ok
2026-10-10T09:43:05.1429427Z test detector_self_tests::qualified_renamed_grouped_module_and_type_alias_paths_are_authors ... ok
2026-10-10T09:43:05.1489334Z test the_public_authoring_facades_are_present_and_named ... ok
2026-10-10T09:43:05.1661837Z test the_writer_constructor_set_is_exactly_the_pinned_minting_and_continuing_sets ... ok
2026-10-10T09:43:12.9108472Z test every_production_gts_authorship_site_is_in_the_census ... ok
2026-10-10T09:43:12.9108985Z 
2026-10-10T09:43:12.9109587Z test result: ok. 14 passed; 0 failed; 0 ignored; 0 measured; 0 filtered out; finished in 7.77s
2026-10-10T09:43:12.9110167Z 
2026-10-10T09:43:12.9131811Z [1m[92m     Running[0m tests/gts_certify.rs (target/debug/build/purrdf-rdf/2f1dca1f26370021/out/gts_certify-2f1dca1f26370021)
2026-10-10T09:43:12.9143395Z 
2026-10-10T09:43:12.9143632Z running 17 tests
2026-10-10T09:43:12.9167491Z test certificate_canonical_cbor_round_trips_and_is_deterministic ... ok
2026-10-10T09:43:12.9179247Z test certificate_cbor_with_trailing_bytes_is_refused_and_the_exact_item_is_accepted ... ok
2026-10-10T09:43:12.9189694Z test accretive_tail_after_pack_chains_cleanly_across_the_seam ... ok
2026-10-10T09:43:12.9197939Z test broken_seam_is_detected_without_erroring ... ok
2026-10-10T09:43:12.9206606Z test compose_chains_matching_certificates_and_rejects_mismatched_ones ... ok
2026-10-10T09:43:12.9217563Z test content_mutation_breaks_refold_equivalence ... ok
2026-10-10T09:43:12.9238529Z test faithful_repack_verifies_all_ok ... ok
2026-10-10T09:43:12.9266632Z test dropping_the_carried_suppression_flips_suppressions_ok_to_false ... ok
2026-10-10T09:43:12.9268228Z test manifestation_typed_content_node_mutation_is_not_masked_by_projection ... ok
2026-10-10T09:43:12.9288620Z test missing_authorship_key_fails_signatures_verify_but_full_keyring_succeeds ... ok
2026-10-10T09:43:12.9314542Z test quad_suppression_commutes_through_compaction ... ok
2026-10-10T09:43:12.9343571Z test torn_tail_prev_breaks_seam_chain_ok_without_erroring ... ok
2026-10-10T09:43:12.9347032Z test term_suppression_commutes_through_compaction ... ok
2026-10-10T09:43:12.9362754Z test signatures_survive_two_repacks_and_key_rotation ... ok
2026-10-10T09:43:13.0546389Z test codec_recompression_preserves_refold_equivalence ... ok
2026-10-10T09:43:13.2228013Z test verify_compaction_accepts_large_non_symmetric_content ... ok
2026-10-10T09:43:13.9915257Z test verify_compaction_fails_closed_on_symmetric_poison_content ... ok
2026-10-10T09:43:13.9916233Z 
2026-10-10T09:43:13.9916898Z test result: ok. 17 passed; 0 failed; 0 ignored; 0 measured; 0 filtered out; finished in 1.08s
2026-10-10T09:43:13.9917409Z 
2026-10-10T09:43:13.9930994Z [1m[92m     Running[0m tests/gts_codec_hygiene.rs (target/debug/build/purrdf-rdf/b9fb575a806a939f/out/gts_codec_hygiene-b9fb575a806a939f)
2026-10-10T09:43:13.9940995Z 
2026-10-10T09:43:13.9941187Z running 12 tests
2026-10-10T09:43:13.9946680Z test tests::rule1_clean_native_source_is_not_flagged ... ok
2026-10-10T09:43:13.9956952Z test tests::rule1_flags_purrdf_gts_anywhere_in_native_codecs ... ok
2026-10-10T09:43:13.9958115Z test tests::rule2_allows_every_container_symbol ... ok
2026-10-10T09:43:13.9959086Z test tests::rule2_doc_comment_mention_is_not_flagged ... ok
2026-10-10T09:43:13.9960027Z test tests::rule2_flags_codec_call_in_cfg_test_region ... ok
2026-10-10T09:43:13.9961096Z test tests::rule2_flags_each_forbidden_codec_entrypoint ... ok
2026-10-10T09:43:13.9962091Z test tests::rule3_allows_container_only_gts_dependencies ... ok
2026-10-10T09:43:13.9963393Z test tests::rule3_flags_the_cross_crate_codec_feature_edge ... ok
2026-10-10T09:43:13.9964696Z test tests::rule3_flags_the_dependency_feature_edge ... ok
2026-10-10T09:43:13.9965960Z test no_gts_codec_feature_edge_in_manifests ... ok
2026-10-10T09:43:14.0006037Z test native_codecs_seam_is_totally_clean ... ok
2026-10-10T09:43:14.2967549Z test no_gts_rdf_codec_entrypoint_anywhere ... ok
2026-10-10T09:43:14.2968619Z 
2026-10-10T09:43:14.2969712Z test result: ok. 12 passed; 0 failed; 0 ignored; 0 measured; 0 filtered out; finished in 0.30s
2026-10-10T09:43:14.2971349Z [1m[92m     Running[0m tests/gts_composite_compaction.rs (target/debug/build/purrdf-rdf/3d9ab8a42fe2315f/out/gts_composite_compaction-3d9ab8a42fe2315f)
2026-10-10T09:43:14.2971979Z 
2026-10-10T09:43:14.2982410Z 
2026-10-10T09:43:14.2982650Z running 12 tests
2026-10-10T09:43:14.3255099Z test a_pack_followed_by_new_authored_history_keeps_both_kinds_of_authorship ... ok
2026-10-10T09:43:14.3288774Z test unrelated_valid_signature_cannot_replace_the_ordering_commitment ... ok
2026-10-10T09:43:14.3350999Z test entropy_failure_returns_no_pack_and_explicit_fresh_retry_succeeds ... ok
2026-10-10T09:43:14.3359186Z test malformed_and_ambiguous_carried_nodes_are_never_silently_dropped ... ok
2026-10-10T09:43:14.3396435Z test literal_class_names_remain_content_and_do_not_fabricate_provenance ... ok
2026-10-10T09:43:14.3403643Z test authentic_composite_and_ed_packaging_preserve_exact_mixed_authorship ... ok
2026-10-10T09:43:14.3423207Z test both_components_and_resolved_typed_keys_are_required ... ok
2026-10-10T09:43:14.3705032Z test rewrite_timestamp_parameters_refuse_before_randomness_and_preserve_utc_bytes ... ok
2026-10-10T09:43:14.3805413Z test packaging_capability_resets_between_streamable_and_ordinary_segments ... ok
2026-10-10T09:43:14.4041551Z test root_commitments_require_current_subject_literal_identity_and_cardinality ... ok
2026-10-10T09:43:14.4442002Z test ordinary_compaction_type_keeps_verbatim_authored_index_in_both_readers ... ok
2026-10-10T09:43:14.4599984Z test rewrite_timestamp_shape_preserves_authorship_and_classifies_only_utc ... ok
2026-10-10T09:43:14.4600410Z 
2026-10-10T09:43:14.4600789Z test result: ok. 12 passed; 0 failed; 0 ignored; 0 measured; 0 filtered out; finished in 0.16s
2026-10-10T09:43:14.4601166Z 
2026-10-10T09:43:14.4607831Z [1m[92m     Running[0m tests/gts_corpus_expected_fold.rs (target/debug/build/purrdf-rdf/48178e6dca35a4a5/out/gts_corpus_expected_fold-48178e6dca35a4a5)
2026-10-10T09:43:14.4618595Z 
2026-10-10T09:43:14.4618757Z running 1 test
2026-10-10T09:43:14.4746377Z test every_frozen_vector_matches_its_committed_expected_fold ... ok
2026-10-10T09:43:14.4746937Z 
2026-10-10T09:43:14.4747630Z test result: ok. 1 passed; 0 failed; 0 ignored; 0 measured; 0 filtered out; finished in 0.01s
2026-10-10T09:43:14.4748334Z 
2026-10-10T09:43:14.4752121Z [1m[92m     Running[0m tests/gts_multi_binding_reifier.rs (target/debug/build/purrdf-rdf/babdcb6f2c774230/out/gts_multi_binding_reifier-babdcb6f2c774230)
2026-10-10T09:43:14.4762673Z 
2026-10-10T09:43:14.4763026Z running 6 tests
2026-10-10T09:43:14.4771248Z test multi_binding_reifier_survives_the_event_import ... ok
2026-10-10T09:43:14.4774496Z test an_unreified_quoted_triple_round_trips ... ok
2026-10-10T09:43:14.4777625Z test multi_binding_reifier_writes_deterministically ... ok
2026-10-10T09:43:14.4778529Z test multi_binding_reifier_survives_the_graph_import ... ok
2026-10-10T09:43:14.4779595Z test the_streaming_import_fails_closed_on_an_ambiguous_legacy_triple_term ... ok
2026-10-10T09:43:14.4780608Z test two_triple_terms_sharing_one_reifier_stay_distinct ... ok
2026-10-10T09:43:14.4781067Z 
2026-10-10T09:43:14.4781430Z test result: ok. 6 passed; 0 failed; 0 ignored; 0 measured; 0 filtered out; finished in 0.00s
2026-10-10T09:43:14.4781790Z 
2026-10-10T09:43:14.4786542Z [1m[92m     Running[0m tests/gts_selected_blobs.rs (target/debug/build/purrdf-rdf/79da186ee324ee3a/out/gts_selected_blobs-79da186ee324ee3a)
2026-10-10T09:43:14.4795936Z 
2026-10-10T09:43:14.4796130Z running 45 tests
2026-10-10T09:43:14.4810934Z test a_digest_selector_requires_the_canonical_spelling ... ok
2026-10-10T09:43:14.4812230Z test a_later_segments_payload_inherits_the_whole_declaration ... ok
2026-10-10T09:43:14.4822289Z test a_metadata_frame_may_precede_the_payload_it_describes ... ok
2026-10-10T09:43:14.4823472Z test a_budget_refusal_cannot_resolve_an_ambiguous_selector ... ok
2026-10-10T09:43:14.4824346Z test a_ceiling_never_decides_what_a_representation_finally_names ... ok
2026-10-10T09:43:14.4826976Z test a_first_declaration_over_the_metadata_ceiling_is_refused ... ok
2026-10-10T09:43:14.4837040Z test a_refused_candidate_retagged_away_stops_being_a_candidate ... ok
2026-10-10T09:43:14.4838218Z test a_refused_duplicate_copy_does_not_invent_an_ambiguity ... ok
2026-10-10T09:43:14.4839489Z test a_retagged_digest_is_not_refused_over_a_representation_it_lost ... ok
2026-10-10T09:43:14.4840681Z test a_snapshot_cannot_smuggle_payloads_past_the_ceilings ... ok
2026-10-10T09:43:14.4841913Z test absent_public_metadata_preserves_previous_segment_metadata ... ok
2026-10-10T09:43:14.4843073Z test a_refused_payload_is_not_reported_as_held_elsewhere ... ok
2026-10-10T09:43:14.4844304Z test an_external_blob_is_distinguished_from_a_metadata_only_update ... ok
2026-10-10T09:43:14.4845517Z test an_unknown_extension_key_does_not_refuse_a_payload ... ok
2026-10-10T09:43:14.4850365Z test an_unselected_refusal_is_reported_rather_than_dropped ... ok
2026-10-10T09:43:14.4852299Z test a_refused_declaration_obeys_the_metadata_ceiling ... ok
2026-10-10T09:43:14.4860651Z test a_refused_frame_fails_rather_than_truncating_the_dataset ... ok
2026-10-10T09:43:14.4862214Z test an_unverified_declared_digest_cannot_collapse_two_candidates ... ok
2026-10-10T09:43:14.4863689Z test an_untransformed_payload_obeys_the_decoded_ceiling ... ok
2026-10-10T09:43:14.4877235Z test container_supplied_text_cannot_forge_a_budget_refusal ... ok
2026-10-10T09:43:14.4878539Z test declared_metadata_is_inherited_across_segment_boundaries ... ok
2026-10-10T09:43:14.4880232Z test an_oversized_description_is_neither_retained_nor_lost_for_matching ... ok
2026-10-10T09:43:14.4881657Z test an_unverified_refusal_is_never_called_held_elsewhere ... ok
2026-10-10T09:43:14.4882939Z test inherited_same_segment_metadata_keeps_its_original_frame_identity ... ok
2026-10-10T09:43:14.4884487Z test final_replacement_evicts_old_representation_and_reuses_one_digest ... ok
2026-10-10T09:43:14.4885313Z test externality_is_not_asserted_over_an_unidentified_refusal ... ok
2026-10-10T09:43:14.4888446Z test malformed_public_metadata_is_not_silently_treated_as_absent ... ok
2026-10-10T09:43:14.4889721Z test malformed_payload_cannot_masquerade_as_a_metadata_only_update ... ok
2026-10-10T09:43:14.4894614Z test legal_public_digest_encodings_preserve_raw_metadata_and_native_identity ... ok
2026-10-10T09:43:14.4896130Z test eager_digest_resolution_enforces_the_original_encoded_length ... ok
2026-10-10T09:43:14.4896748Z test malformed_selected_metadata_and_declared_lengths_fail ... ok
2026-10-10T09:43:14.4897261Z test metadata_naming_an_unreadable_digest_is_refused ... ok
2026-10-10T09:43:14.4897801Z test missing_and_ambiguous_and_duplicate_selectors_fail_closed ... ok
2026-10-10T09:43:14.4898473Z test metadata_only_updates_preserve_payload_provenance_and_reject_unretained_ordering ... ok
2026-10-10T09:43:14.4907794Z test naming_a_refused_payload_reports_the_budget_not_an_empty_match ... ok
2026-10-10T09:43:14.4909156Z test retained_total_wire_and_metadata_budgets_are_independent ... ok
2026-10-10T09:43:14.4917625Z test selected_import_preserves_native_scope_and_late_rdf_with_exact_provenance ... ok
2026-10-10T09:43:14.4918905Z test oversized_unselected_payload_does_not_refuse_the_import ... ok
2026-10-10T09:43:14.4920196Z test selected_import_decodes_each_supported_transform_with_bounded_growth ... ok
2026-10-10T09:43:14.4921711Z test snapshot_payload_selection_and_reader_diagnostics_remain_native ... ok
2026-10-10T09:43:14.4922962Z test the_longest_nameable_representation_still_matches ... ok
2026-10-10T09:43:14.4925358Z test unselected_payload_integrity_remains_lazy_while_selected_integrity_is_mandatory ... ok
2026-10-10T09:43:14.4957319Z test the_metadata_ceiling_does_not_decide_which_blob_a_selector_finds ... ok
2026-10-10T09:43:14.5103245Z test selection_count_and_unadvertised_blob_expansion_are_bounded ... ok
2026-10-10T09:43:14.5234453Z test the_transient_candidate_cap_admits_its_own_boundary ... ok
2026-10-10T09:43:14.5234771Z 
2026-10-10T09:43:14.5235143Z test result: ok. 45 passed; 0 failed; 0 ignored; 0 measured; 0 filtered out; finished in 0.04s
2026-10-10T09:43:14.5235677Z 
2026-10-10T09:43:14.5242715Z [1m[92m     Running[0m tests/gts_self_describing_triple_terms.rs (target/debug/build/purrdf-rdf/df5d705b2b170773/out/gts_self_describing_triple_terms-df5d705b2b170773)
2026-10-10T09:43:14.5254054Z 
2026-10-10T09:43:14.5254207Z running 5 tests
2026-10-10T09:43:14.5259644Z test a_tt_only_triple_term_folds_and_renders_as_a_quoted_triple ... ok
2026-10-10T09:43:14.5260881Z test nested_tt_only_triple_terms_survive_to_their_leaves ... ok
2026-10-10T09:43:14.5262210Z test the_flattened_load_path_carries_a_tt_only_triple_term ... ok
2026-10-10T09:43:14.5262985Z test the_indirect_reifier_spelling_is_left_alone ... ok
2026-10-10T09:43:14.5263481Z test a_quoted_triple_round_trips_through_gts_bytes ... ok
2026-10-10T09:43:14.5263743Z 
2026-10-10T09:43:14.5264113Z test result: ok. 5 passed; 0 failed; 0 ignored; 0 measured; 0 filtered out; finished in 0.00s
2026-10-10T09:43:14.5264481Z 
2026-10-10T09:43:14.5269180Z [1m[92m     Running[0m tests/gts_self_reaching_terms.rs (target/debug/build/purrdf-rdf/812b0941df421184/out/gts_self_reaching_terms-812b0941df421184)
2026-10-10T09:43:14.5277359Z 
2026-10-10T09:43:14.5277517Z running 9 tests
2026-10-10T09:43:14.5281143Z test a_dangling_component_id_is_not_reported_as_a_loop ... ok
2026-10-10T09:43:14.5282114Z test a_literal_datatype_that_reaches_its_own_term_is_refused ... ok
2026-10-10T09:43:14.5282828Z test a_datatype_cycle_through_a_triple_term_is_refused ... ok
2026-10-10T09:43:14.5283510Z test a_self_reaching_tt_is_refused_even_beside_a_sound_reifier_row ... ok
2026-10-10T09:43:14.5284559Z test a_reifier_binding_that_reaches_its_own_triple_term_is_refused ... ok
2026-10-10T09:43:14.5285329Z test legitimately_nested_triple_terms_still_construct_and_render ... ok
2026-10-10T09:43:14.5286169Z test a_triple_term_that_names_itself_is_refused ... ok
2026-10-10T09:43:14.5286971Z test an_implicit_self_binding_that_reaches_its_own_term_is_refused ... ok
2026-10-10T09:43:14.5288593Z [1m[92m     Running[0m tests/gts_view_ingestion.rs (target/debug/build/purrdf-rdf/f686842e172482e9/out/gts_view_ingestion-f686842e172482e9)
2026-10-10T09:43:14.5289587Z test two_triple_terms_that_name_each_other_are_refused ... ok
2026-10-10T09:43:14.5289873Z 
2026-10-10T09:43:14.5290233Z test result: ok. 9 passed; 0 failed; 0 ignored; 0 measured; 0 filtered out; finished in 0.00s
2026-10-10T09:43:14.5290582Z 
2026-10-10T09:43:14.5297378Z 
2026-10-10T09:43:14.5297538Z running 15 tests
2026-10-10T09:43:14.5326764Z test a_delta_that_removes_the_bases_only_reifier_still_ingests ... ok
2026-10-10T09:43:14.5328233Z test a_capability_claim_never_moves_a_byte_of_the_snapshot ... ok
2026-10-10T09:43:14.5329594Z test a_graph_empty_in_one_source_and_filled_in_another_is_interned_once ... ok
2026-10-10T09:43:14.5331176Z test a_failed_ingestion_poisons_both_surfaces_and_emit ... ok
2026-10-10T09:43:14.5332429Z test a_refused_ingestion_leaves_the_snapshot_accessors_exactly_where_they_were ... ok
2026-10-10T09:43:14.5333719Z test an_unrepresentable_quoted_triple_is_named_in_its_own_text ... ok
2026-10-10T09:43:14.5335023Z test colliding_blank_wire_values_are_refused_and_neighbouring_ones_are_not ... ok
2026-10-10T09:43:14.5336587Z test a_view_that_faults_mid_ingestion_never_mints_a_snapshot ... ok
2026-10-10T09:43:14.5337804Z test declaration_only_graphs_are_reported_and_never_interned ... ok
2026-10-10T09:43:14.5339057Z test the_dropped_datatype_iris_are_not_interned_by_either_surface ... ok
2026-10-10T09:43:14.5342868Z test the_report_accounts_scratch_and_the_cumulative_view_is_monotone ... ok
2026-10-10T09:43:14.5344315Z test the_statement_layer_rides_the_side_tables_and_is_not_double_ingested ... ok
2026-10-10T09:43:14.5345500Z test the_view_surface_and_the_flat_surface_mint_one_snapshot ... ok
2026-10-10T09:43:14.5346848Z test two_sources_sharing_a_local_blank_label_stay_two_terms ... ok
2026-10-10T09:43:14.5380315Z test a_view_carrier_publishes_gts_bytes_without_ever_freezing_its_surface ... ok
2026-10-10T09:43:14.5380897Z 
2026-10-10T09:43:14.5381555Z test result: ok. 15 passed; 0 failed; 0 ignored; 0 measured; 0 filtered out; finished in 0.01s
2026-10-10T09:43:14.5382113Z 
2026-10-10T09:43:14.5383674Z [1m[92m     Running[0m tests/iri_authority.rs (target/debug/build/purrdf-rdf/29fe169c31e5a8dd/out/iri_authority-29fe169c31e5a8dd)
2026-10-10T09:43:14.5393452Z 
2026-10-10T09:43:14.5393651Z running 2 tests
2026-10-10T09:43:14.5397558Z test rdf_irirefs_and_base_directives_reject_invalid_ip_literals ... ok
2026-10-10T09:43:14.5398227Z test rdf_irirefs_accept_generic_ports_and_preserve_ip_literal_spelling ... ok
2026-10-10T09:43:14.5398567Z 
2026-10-10T09:43:14.5399143Z test result: ok. 2 passed; 0 failed; 0 ignored; 0 measured; 0 filtered out; finished in 0.00s
2026-10-10T09:43:14.5399798Z 
2026-10-10T09:43:14.5400907Z [1m[92m     Running[0m tests/json_number_rounding.rs (target/debug/build/purrdf-rdf/00a24c2ab7273f86/out/json_number_rounding-00a24c2ab7273f86)
2026-10-10T09:43:14.5411210Z 
2026-10-10T09:43:14.5411446Z running 5 tests
2026-10-10T09:43:14.7586879Z test csvw_schema_bounds_admit_the_value_they_spell ... ok
2026-10-10T09:43:14.7806430Z test json_ld_numbers_expand_to_the_correctly_rounded_double ... ok
2026-10-10T09:43:14.8338860Z test csvw_metadata_numbers_become_the_correctly_rounded_literal ... ok
2026-10-10T09:43:14.9643604Z test the_json_reader_reads_every_witness_and_midpoint_correctly_rounded ... ok
2026-10-10T09:43:15.3108299Z test okf_structured_numbers_read_and_write_back_correctly_rounded ... ok
2026-10-10T09:43:15.3108727Z 
2026-10-10T09:43:15.3109134Z test result: ok. 5 passed; 0 failed; 0 ignored; 0 measured; 0 filtered out; finished in 0.77s
2026-10-10T09:43:15.3109496Z 
2026-10-10T09:43:15.3113799Z [1m[92m     Running[0m tests/jsonld_compaction_residency.rs (target/debug/build/purrdf-rdf/16429bff7e6a1d73/out/jsonld_compaction_residency-16429bff7e6a1d73)
2026-10-10T09:43:15.3125089Z 
2026-10-10T09:43:15.3125354Z running 3 tests
2026-10-10T09:43:15.3168807Z test compaction_output_is_unchanged_by_taking_the_carrier_by_value ... ok
2026-10-10T09:43:15.3937766Z test yamlld_does_not_cost_a_json_document_plus_its_parse_tree ... ok
2026-10-10T09:43:15.4018608Z test compaction_does_not_hold_a_second_carrier ... ok
2026-10-10T09:43:15.4019057Z 
2026-10-10T09:43:15.4019730Z test result: ok. 3 passed; 0 failed; 0 ignored; 0 measured; 0 filtered out; finished in 0.09s
2026-10-10T09:43:15.4020383Z 
2026-10-10T09:43:15.4022963Z [1m[92m     Running[0m tests/jsonld_context_lens.rs (target/debug/build/purrdf-rdf/a5b8297c9724c7b2/out/jsonld_context_lens-a5b8297c9724c7b2)
2026-10-10T09:43:15.4035217Z 
2026-10-10T09:43:15.4035361Z running 27 tests
2026-10-10T09:43:15.4043908Z test a_standalone_named_graph_is_not_embedded_again_by_a_later_graph ... ok
2026-10-10T09:43:15.4044972Z test authored_reverse_nest_and_scoped_contexts_expand_through_one_lens ... ok
2026-10-10T09:43:15.4047789Z test a_well_formed_list_suffix_folds_behind_a_shared_head ... ok
2026-10-10T09:43:15.4057270Z test aliases_base_vocab_and_coercions_compact_and_expand_losslessly ... ok
2026-10-10T09:43:15.4058079Z test configured_context_preserves_many_to_many_reifier_bindings ... ok
2026-10-10T09:43:15.4061836Z test compaction_bytes_ignore_input_insertion_order_and_are_idempotent ... ok
2026-10-10T09:43:15.4064406Z test direct_set_objects_expand_and_lossy_value_shapes_fail_closed ... ok
2026-10-10T09:43:15.4066047Z test duplicate_members_and_unmapped_index_metadata_fail_closed ... ok
2026-10-10T09:43:15.4077879Z test configured_context_preserves_named_graphs_and_rdf_1_2_statement_structures ... ok
2026-10-10T09:43:15.4080937Z test explicit_list_items_inherit_active_property_id_coercion ... ok
2026-10-10T09:43:15.4096918Z test generated_list_cells_do_not_collide_with_nested_annotation_ids ... ok
2026-10-10T09:43:15.4098455Z test graph_id_and_mapped_graph_index_containers_preserve_named_graph_scope ... ok
2026-10-10T09:43:15.4099952Z test graph_index_containers_apply_inside_named_graphs ... ok
2026-10-10T09:43:15.4100832Z test graph_names_are_not_folded_as_list_heads ... ok
2026-10-10T09:43:15.4101871Z test heterogeneous_values_partition_across_compatible_aliases ... ok
2026-10-10T09:43:15.4102698Z test language_and_id_maps_compact_and_expand_losslessly ... ok
2026-10-10T09:43:15.4103202Z test list_coercion_and_shared_list_identity_are_preserved ... ok
2026-10-10T09:43:15.4103711Z test mapped_index_type_and_set_containers_preserve_rdf ... ok
2026-10-10T09:43:15.4104307Z test mixed_graph_nodes_numeric_lexicals_and_annotation_types_survive_expansion ... ok
2026-10-10T09:43:15.4104949Z test derived_mode_uses_only_sorted_dataset_namespaces_and_round_trips ... ok
2026-10-10T09:43:15.4105495Z test named_graph_references_compact_into_graph_id_maps ... ok
2026-10-10T09:43:15.4106540Z test registry_backed_compaction_has_a_matching_parse_lens ... ok
2026-10-10T09:43:15.4107100Z test null_entries_in_graph_id_type_and_index_containers_are_ignored ... ok
2026-10-10T09:43:15.4107658Z test rdf_json_collapses_only_when_its_lexical_form_is_canonical ... ok
2026-10-10T09:43:15.4108240Z test safe_rdf_lists_use_list_containers_and_reconstruct_isomorphically ... ok
2026-10-10T09:43:15.4108806Z test reverse_aliases_and_graph_index_maps_compact_losslessly ... ok
2026-10-10T09:43:15.4954174Z test compact_expand_is_an_isomorphic_idempotent_lens ... ok
2026-10-10T09:43:15.4954575Z 
2026-10-10T09:43:15.4955092Z test result: ok. 27 passed; 0 failed; 0 ignored; 0 measured; 0 filtered out; finished in 0.09s
2026-10-10T09:43:15.4955934Z 
2026-10-10T09:43:15.4959192Z [1m[92m     Running[0m tests/jsonld_expanded_baseline.rs (target/debug/build/purrdf-rdf/b04641984746062e/out/jsonld_expanded_baseline-b04641984746062e)
2026-10-10T09:43:15.4969673Z 
2026-10-10T09:43:15.4969860Z running 1 test
2026-10-10T09:43:15.4974354Z test direct_and_generic_expanded_bytes_are_frozen ... ok
2026-10-10T09:43:15.4974835Z 
2026-10-10T09:43:15.4975500Z test result: ok. 1 passed; 0 failed; 0 ignored; 0 measured; 0 filtered out; finished in 0.00s
2026-10-10T09:43:15.4976323Z 
2026-10-10T09:43:15.4978143Z [1m[92m     Running[0m tests/jsonld_options_apply_only_where_defined.rs (target/debug/build/purrdf-rdf/c9567805e2db760d/out/jsonld_options_apply_only_where_defined-c9567805e2db760d)
2026-10-10T09:43:15.4985644Z 
2026-10-10T09:43:15.4986022Z running 3 tests
2026-10-10T09:43:15.4989276Z test a_format_without_jsonld_options_refuses_them ... ok
2026-10-10T09:43:15.4992486Z test jsonld_and_yamlld_still_accept_their_own_options ... ok
2026-10-10T09:43:15.4994006Z [1m[92m     Running[0m tests/jsonld_w3c_conformance.rs (target/debug/build/purrdf-rdf/6987416e63fd9e31/out/jsonld_w3c_conformance-6987416e63fd9e31)
2026-10-10T09:43:15.4995422Z test every_format_still_serializes_without_options ... ok
2026-10-10T09:43:15.4996329Z 
2026-10-10T09:43:15.4997516Z test result: ok. 3 passed; 0 failed; 0 ignored; 0 measured; 0 filtered out; finished in 0.00s
2026-10-10T09:43:15.4998040Z 
2026-10-10T09:43:15.5002432Z 
2026-10-10T09:43:15.5002582Z running 2 tests
2026-10-10T09:43:15.5027298Z test pinned_w3c_compaction_vectors_match_the_independent_json_oracle ... ok
2026-10-10T09:43:15.5081251Z test pinned_w3c_to_rdf_vectors_match_the_independent_nquads_oracle ... ok
2026-10-10T09:43:15.5081596Z 
2026-10-10T09:43:15.5082001Z test result: ok. 2 passed; 0 failed; 0 ignored; 0 measured; 0 filtered out; finished in 0.01s
2026-10-10T09:43:15.5082367Z 
2026-10-10T09:43:15.5083908Z [1m[92m     Running[0m tests/langtag_codec_crossing.rs (target/debug/build/purrdf-rdf/6675898a2614fc39/out/langtag_codec_crossing-6675898a2614fc39)
2026-10-10T09:43:15.5093051Z 
2026-10-10T09:43:15.5093210Z running 13 tests
2026-10-10T09:43:15.5100290Z test an_assembled_fold_view_is_untouched_when_no_term_carries_a_tag ... ok
2026-10-10T09:43:15.5100934Z test a_language_tag_with_a_space_can_no_longer_produce_invalid_nquads ... ok
2026-10-10T09:43:15.5101506Z test an_assembled_fold_view_refuses_a_tag_no_parser_reads ... ok
2026-10-10T09:43:15.5102064Z test an_assembled_fold_view_still_accepts_every_tag_the_corpora_carry ... ok
2026-10-10T09:43:15.5102601Z test a_compaction_context_language_is_gated_both_ways ... ok
2026-10-10T09:43:15.5116879Z test every_jsonld_language_site_is_gated_both_ways ... ok
2026-10-10T09:43:15.5117793Z test language_tags_survive_crossing_every_codec ... ok
2026-10-10T09:43:15.5122312Z test language_tags_survive_crossing_from_text_into_the_tree_codecs ... ok
2026-10-10T09:43:15.5126852Z test the_length_ceiling_stops_at_the_private_use_marker ... ok
2026-10-10T09:43:15.5128141Z test language_tags_survive_crossing_from_the_line_codecs ... ok
2026-10-10T09:43:15.5129906Z test the_refused_tags_are_refused_on_every_text_codec ... ok
2026-10-10T09:43:15.5136825Z test the_refused_tags_are_refused_on_every_tree_codec ... ok
2026-10-10T09:43:15.5173415Z test language_tags_survive_crossing_the_tree_codecs ... ok
2026-10-10T09:43:15.5173909Z 
2026-10-10T09:43:15.5174615Z test result: ok. 13 passed; 0 failed; 0 ignored; 0 measured; 0 filtered out; finished in 0.01s
2026-10-10T09:43:15.5175122Z 
2026-10-10T09:43:15.5176619Z [1m[92m     Running[0m tests/line_grammar_eol.rs (target/debug/build/purrdf-rdf/b09de8e6f3669dc3/out/line_grammar_eol-b09de8e6f3669dc3)
2026-10-10T09:43:15.5186210Z 
2026-10-10T09:43:15.5186421Z running 6 tests
2026-10-10T09:43:15.5193569Z test a_second_statement_on_one_line_is_refused_at_the_public_door ... ok
2026-10-10T09:43:15.5194856Z test a_lone_carriage_return_separates_two_statements_at_the_public_door ... ok
2026-10-10T09:43:15.5195975Z test a_crlf_document_holds_no_phantom_lines ... ok
2026-10-10T09:43:15.5197621Z test mixed_terminators_read_identically_on_both_doors ... ok
2026-10-10T09:43:15.5198600Z test the_valid_neighbours_of_the_eol_split_still_parse ... ok
2026-10-10T09:43:15.7875012Z test a_large_crlf_document_reads_identically_on_every_lane ... ok
2026-10-10T09:43:15.7875362Z 
2026-10-10T09:43:15.7876199Z test result: ok. 6 passed; 0 failed; 0 ignored; 0 measured; 0 filtered out; finished in 0.27s
2026-10-10T09:43:15.7876789Z 
2026-10-10T09:43:15.7901566Z [1m[92m     Running[0m tests/line_grammar_terminator.rs (target/debug/build/purrdf-rdf/50cd527431dadee2/out/line_grammar_terminator-50cd527431dadee2)
2026-10-10T09:43:15.7911463Z 
2026-10-10T09:43:15.7911634Z running 5 tests
2026-10-10T09:43:15.7915532Z test a_token_after_the_terminator_still_reports_its_own_defect ... ok
2026-10-10T09:43:15.7917012Z test a_statement_without_its_terminator_is_refused ... ok
2026-10-10T09:43:15.7918075Z test the_lawful_neighbours_of_the_missing_terminator_still_parse ... ok
2026-10-10T09:43:15.7918766Z test the_lawful_nquads_neighbours_still_parse ... ok
2026-10-10T09:43:15.7919653Z test the_refusal_names_the_line_and_column_the_terminator_was_owed ... ok
2026-10-10T09:43:15.7920187Z 
2026-10-10T09:43:15.7920626Z test result: ok. 5 passed; 0 failed; 0 ignored; 0 measured; 0 filtered out; finished in 0.00s
2026-10-10T09:43:15.7921430Z 
2026-10-10T09:43:15.7922318Z [1m[92m     Running[0m tests/line_grammar_ws.rs (target/debug/build/purrdf-rdf/39e9bbb4809a99d0/out/line_grammar_ws-39e9bbb4809a99d0)
2026-10-10T09:43:15.7929015Z 
2026-10-10T09:43:15.7929207Z running 6 tests
2026-10-10T09:43:15.7933562Z test a_no_break_space_before_a_hash_is_refused_through_the_public_entry_points ... ok
2026-10-10T09:43:15.7934857Z test a_byte_order_mark_is_refused_by_name_through_the_public_entry_points ... ok
2026-10-10T09:43:15.7936585Z test a_byte_order_mark_in_a_name_position_still_parses_through_the_public_entry_point ... ok
2026-10-10T09:43:15.7937500Z test a_no_break_space_only_line_is_refused_through_the_public_entry_points ... ok
2026-10-10T09:43:15.7938470Z test an_end_to_end_ntriples_document_with_every_lawful_whitespace_shape_parses ... ok
2026-10-10T09:43:15.7939935Z [1m[92m     Running[0m tests/literal_fidelity.rs (target/debug/build/purrdf-rdf/bf8920f2a80e2719/out/literal_fidelity-bf8920f2a80e2719)
2026-10-10T09:43:15.7940816Z test an_end_to_end_turtle_document_with_every_lawful_whitespace_shape_parses ... ok
2026-10-10T09:43:15.7941154Z 
2026-10-10T09:43:15.7941509Z test result: ok. 6 passed; 0 failed; 0 ignored; 0 measured; 0 filtered out; finished in 0.00s
2026-10-10T09:43:15.7941859Z 
2026-10-10T09:43:15.7947909Z 
2026-10-10T09:43:15.7948093Z running 6 tests
2026-10-10T09:43:15.7953609Z test nquads_preserves_literal_value_space ... ok
2026-10-10T09:43:15.7954345Z test ntriples_preserves_literal_value_space ... ok
2026-10-10T09:43:15.7955185Z test jsonld_statement_metadata_downcast_requires_caller_vocab ... ok
2026-10-10T09:43:15.7956333Z test jsonld_preserves_literal_value_space ... ok
2026-10-10T09:43:15.7957010Z test trig_preserves_literal_value_space ... ok
2026-10-10T09:43:15.7957690Z test turtle_preserves_literal_value_space ... ok
2026-10-10T09:43:15.7958071Z 
2026-10-10T09:43:15.7958479Z test result: ok. 6 passed; 0 failed; 0 ignored; 0 measured; 0 filtered out; finished in 0.00s
2026-10-10T09:43:15.7958843Z 
2026-10-10T09:43:15.7960637Z [1m[92m     Running[0m tests/named_graph_egress_state.rs (target/debug/build/purrdf-rdf/adc2a4864959e0b1/out/named_graph_egress_state-adc2a4864959e0b1)
2026-10-10T09:43:15.7969006Z 
2026-10-10T09:43:15.7969193Z running 9 tests
2026-10-10T09:43:15.7973686Z test an_absent_named_selection_emits_no_rows ... ok
2026-10-10T09:43:15.7974717Z test nothing_is_listed_without_a_declared_empty_graph_or_for_a_chosen_selection ... ok
2026-10-10T09:43:15.7977003Z test jsonld_round_trips_declared_empty_graphs ... ok
2026-10-10T09:43:15.7978065Z test a_whole_dataset_serialization_lists_each_empty_graph_it_cannot_spell ... ok
2026-10-10T09:43:15.7978706Z test present_named_and_default_selections_still_emit_their_rows ... ok
2026-10-10T09:43:15.7979207Z test trig_round_trips_declared_empty_graphs ... ok
2026-10-10T09:43:15.7981281Z test trix_parser_reads_an_empty_graph_block_as_a_declared_graph ... ok
2026-10-10T09:43:15.7982177Z test trix_round_trips_declared_empty_graphs ... ok
2026-10-10T09:43:15.7982932Z test yamlld_round_trips_declared_empty_graphs ... ok
2026-10-10T09:43:15.7983174Z 
2026-10-10T09:43:15.7983540Z test result: ok. 9 passed; 0 failed; 0 ignored; 0 measured; 0 filtered out; finished in 0.00s
2026-10-10T09:43:15.7983963Z 
2026-10-10T09:43:15.7985343Z [1m[92m     Running[0m tests/native_codec_conformance.rs (target/debug/build/purrdf-rdf/8fccf79890badbb2/out/native_codec_conformance-8fccf79890badbb2)
2026-10-10T09:43:15.7993951Z 
2026-10-10T09:43:15.7994147Z running 1 test
2026-10-10T09:43:15.8240335Z test w3c_rdf12_syntax_suites_round_trip ... ok
2026-10-10T09:43:15.8240837Z 
2026-10-10T09:43:15.8241506Z test result: ok. 1 passed; 0 failed; 0 ignored; 0 measured; 0 filtered out; finished in 0.02s
2026-10-10T09:43:15.8241959Z 
2026-10-10T09:43:15.8243564Z [1m[92m     Running[0m tests/never_panic.rs (target/debug/build/purrdf-rdf/7ffc9f91bc4f700e/out/never_panic-7ffc9f91bc4f700e)
2026-10-10T09:43:15.8254112Z 
2026-10-10T09:43:15.8254618Z running 8 tests
2026-10-10T09:43:15.8263007Z test byte_regressions_decode_to_their_inputs_and_panic_no_frontend ... ok
2026-10-10T09:43:15.8284194Z test native_parse_never_panics_structured ... ok
2026-10-10T09:43:15.8393039Z test sssom_parse_tsv_never_panics_structured ... ok
2026-10-10T09:43:15.8474662Z test statements_transforms_never_panic ... ok
2026-10-10T09:43:15.8582117Z test gts_read_graph_never_panics ... ok
2026-10-10T09:43:15.8592149Z test sssom_parse_tsv_never_panics ... ok
2026-10-10T09:43:15.8624377Z test native_parse_never_panics ... ok
2026-10-10T09:43:15.8654364Z test statements_transforms_never_panic_raw ... ok
2026-10-10T09:43:15.8654637Z 
2026-10-10T09:43:15.8655013Z test result: ok. 8 passed; 0 failed; 0 ignored; 0 measured; 0 filtered out; finished in 0.04s
2026-10-10T09:43:15.8655372Z 
2026-10-10T09:43:15.8657714Z [1m[92m     Running[0m tests/okf_codec.rs (target/debug/build/purrdf-rdf/40351002f44521d6/out/okf_codec-40351002f44521d6)
2026-10-10T09:43:15.8667059Z 
2026-10-10T09:43:15.8667219Z running 2 tests
2026-10-10T09:43:15.8673417Z test public_writer_reports_the_closed_loss_profile ... ok
2026-10-10T09:43:15.8674470Z test public_visitor_and_sink_surfaces_are_bidirectional_and_stable ... ok
2026-10-10T09:43:15.8674914Z 
2026-10-10T09:43:15.8675757Z test result: ok. 2 passed; 0 failed; 0 ignored; 0 measured; 0 filtered out; finished in 0.00s
2026-10-10T09:43:15.8676160Z 
2026-10-10T09:43:15.8676998Z [1m[92m     Running[0m tests/okf_terms_projection.rs (target/debug/build/purrdf-rdf/d3dd8370d62dcdb1/out/okf_terms_projection-d3dd8370d62dcdb1)
2026-10-10T09:43:15.8688100Z 
2026-10-10T09:43:15.8688285Z running 2 tests
2026-10-10T09:43:15.8701765Z test fixture_pins_documents_indexes_losses_member_order_and_archive_digest ... ok
2026-10-10T09:43:15.8705481Z test resident_reordering_and_succinct_pack_are_byte_identical ... ok
2026-10-10T09:43:15.8706274Z 
2026-10-10T09:43:15.8706935Z test result: ok. 2 passed; 0 failed; 0 ignored; 0 measured; 0 filtered out; finished in 0.00s
2026-10-10T09:43:15.8707624Z 
2026-10-10T09:43:15.8710126Z [1m[92m     Running[0m tests/error_chain.rs (target/debug/build/purrdf-retrieval/a0279680055cc86f/out/error_chain-a0279680055cc86f)
2026-10-10T09:43:15.8717957Z 
2026-10-10T09:43:15.8718118Z running 2 tests
2026-10-10T09:43:15.8720644Z test a_search_error_names_the_stage_error_it_wraps_as_its_source ... ok
2026-10-10T09:43:15.8721245Z test an_invalid_iri_names_the_kernel_parser_refusal_as_its_source ... ok
2026-10-10T09:43:15.8721548Z 
2026-10-10T09:43:15.8722196Z test result: ok. 2 passed; 0 failed; 0 ignored; 0 measured; 0 filtered out; finished in 0.00s
2026-10-10T09:43:15.8722822Z 
2026-10-10T09:43:15.8723900Z [1m[92m     Running[0m tests/exclusion_lookup.rs (target/debug/build/purrdf-retrieval/81c8f4e82aa9f4ee/out/exclusion_lookup-81c8f4e82aa9f4ee)
2026-10-10T09:43:15.8731616Z 
2026-10-10T09:43:15.8731777Z running 9 tests
2026-10-10T09:43:15.8738387Z test a_basis_needs_a_point_bound_candidate_mode ... ok
2026-10-10T09:43:15.8740980Z test a_stream_that_declares_no_basis_is_not_asked_and_refuses_if_it_is ... ok
2026-10-10T09:43:15.8742278Z test a_failed_lookup_fails_the_request_rather_than_answering_possible ... ok
2026-10-10T09:43:15.8743933Z test a_lossy_search_excluding_by_membership_discharges_the_residual ... ok
2026-10-10T09:43:15.8745396Z test an_attested_short_index_excluding_a_candidate_still_owes_it_the_residual ... ok
2026-10-10T09:43:15.8746658Z test declaring_no_basis_is_admitted_from_every_producer ... ok
2026-10-10T09:43:15.8747692Z test calling_a_candidate_possible_outside_the_declared_domain_is_refused ... ok
2026-10-10T09:43:15.8748704Z test membership_is_admitted_whatever_the_search_dropped ... ok
2026-10-10T09:43:15.8749636Z test excluding_a_candidate_and_then_naming_it_is_refused ... ok
2026-10-10T09:43:15.8750137Z 
2026-10-10T09:43:15.8750576Z test result: ok. 9 passed; 0 failed; 0 ignored; 0 measured; 0 filtered out; finished in 0.00s
2026-10-10T09:43:15.8750936Z 
2026-10-10T09:43:15.8751961Z [1m[92m     Running[0m tests/execute_dataset.rs (target/debug/build/purrdf-retrieval/1e244bd04c306216/out/execute_dataset-1e244bd04c306216)
2026-10-10T09:43:15.8760846Z 
2026-10-10T09:43:15.8761010Z running 15 tests
2026-10-10T09:43:15.8777361Z test a_forced_failure_isolates_to_its_stratum ... ok
2026-10-10T09:43:15.8778393Z test a_pinned_generation_reaches_the_stream_and_the_fused_trailer ... ok
2026-10-10T09:43:15.8781837Z test a_bundle_retagged_after_assembly_is_refused_and_one_assembled_by_hand_is_not ... ok
2026-10-10T09:43:15.8808256Z test a_fused_candidate_round_trips_as_the_seed_of_a_follow_up_request ... ok
2026-10-10T09:43:15.8817890Z test a_relation_whose_index_moved_mid_run_refuses_the_whole_run ... ok
2026-10-10T09:43:15.8819479Z test a_producers_declared_contract_travels_the_pipeline_to_the_fusion_protocol ... ok
2026-10-10T09:43:15.8821375Z test a_short_index_that_served_no_row_still_reports_its_shortfall ... ok
2026-10-10T09:43:15.8822918Z test an_incomplete_index_is_carried_beside_an_exhausted_read ... ok
2026-10-10T09:43:15.8824392Z test an_under_declared_row_bound_is_refused_and_an_honest_one_is_not ... ok
2026-10-10T09:43:15.8826116Z test candidates_are_the_canonical_lexical_and_not_an_opaque_blob ... ok
2026-10-10T09:43:15.8827611Z test an_unbound_projection_fails_its_stratum_while_a_bound_one_streams ... ok
2026-10-10T09:43:15.8829117Z test the_unbounded_lane_keeps_one_ceiling_and_a_unit_cannot_charge_it ... ok
2026-10-10T09:43:15.8830467Z test execute_answers_from_the_callers_dataset ... ok
2026-10-10T09:43:15.8832705Z test the_probe_separates_a_cut_read_from_an_exhausted_one ... ok
2026-10-10T09:43:15.8835242Z test a_supplied_dataset_clause_reads_the_graphs_it_names_wrapped_or_whole ... ok
2026-10-10T09:43:15.8836043Z 
2026-10-10T09:43:15.8836561Z test result: ok. 15 passed; 0 failed; 0 ignored; 0 measured; 0 filtered out; finished in 0.01s
2026-10-10T09:43:15.8836926Z 
2026-10-10T09:43:15.8839319Z [1m[92m     Running[0m tests/fusion.rs (target/debug/build/purrdf-retrieval/3c1dc9db202f045b/out/fusion-3c1dc9db202f045b)
2026-10-10T09:43:15.8848780Z 
2026-10-10T09:43:15.8849014Z running 122 tests
2026-10-10T09:43:15.8866578Z test a_bounded_stop_and_an_incomplete_index_both_survive_in_one_trailer ... ok
2026-10-10T09:43:15.8882936Z test a_bound_larger_than_the_answer_returns_everything_and_refuses_nothing ... ok
2026-10-10T09:43:15.8888032Z test a_backwards_rank_and_a_skipped_rank_are_refused_while_their_valid_neighbours_fuse ... ok
2026-10-10T09:43:15.8889390Z test a_candidate_contributed_to_more_times_than_there_are_strata_is_refused ... ok
2026-10-10T09:43:15.8890466Z test a_candidate_in_every_stratum_fuses_rather_than_refusing ... ok
2026-10-10T09:43:15.8891528Z test a_bounded_stop_closes_a_single_stratum_stream_instead_of_draining_it ... ok
2026-10-10T09:43:15.8892712Z test a_candidate_two_rows_place_in_two_blocks_is_refused_and_one_block_fuses ... ok
2026-10-10T09:43:15.8893910Z test a_candidate_the_lossy_stratum_never_named_can_unseat_an_emitted_row ... ok
2026-10-10T09:43:15.8895123Z test a_class_with_no_end_inside_a_plans_range_is_a_saturation_point_and_not_a_width ... ok
2026-10-10T09:43:15.8896580Z test a_checked_addition_inside_the_range_is_not_refused ... ok
2026-10-10T09:43:15.8897423Z test a_declared_allowed_stream_is_deduplicated_rather_than_refused ... ok
2026-10-10T09:43:15.8898444Z test a_declared_contribution_maximum_must_match_the_stratum_count ... ok
2026-10-10T09:43:15.8899446Z test a_declared_fidelity_moves_the_compiled_plan_identity ... ok
2026-10-10T09:43:15.8900618Z test a_bounded_domain_run_reports_a_ceiling_and_an_exhausted_one_reports_exhaustion ... ok
2026-10-10T09:43:15.8901671Z test a_declared_unique_streams_repeat_is_refused ... ok
2026-10-10T09:43:15.8902483Z test a_depth_bounded_exact_stratum_is_still_exact ... ok
2026-10-10T09:43:15.8903602Z test a_depth_ending_is_carried_and_its_rank_is_still_measured_against_the_rows ... ok
2026-10-10T09:43:15.8905155Z test a_dropped_duplicate_may_not_place_its_candidate_in_a_second_block ... ok
2026-10-10T09:43:15.8907087Z test a_failed_stratum_is_reported_by_name_and_leaves_the_scores_exact ... ok
2026-10-10T09:43:15.8909288Z test a_depth_that_outruns_every_plan_is_saturation_and_not_the_ceiling_as_a_number ... ok
2026-10-10T09:43:15.8911281Z test a_failure_after_rows_is_refused_while_a_producer_that_fails_before_any_row_is_reported ... ok
2026-10-10T09:43:15.8912947Z test a_fidelity_declaration_changes_no_certified_row ... ok
2026-10-10T09:43:15.8914595Z test a_live_zero_contribution_stream_in_the_same_domain_still_blocks_certification ... ok
2026-10-10T09:43:15.8919481Z test a_live_zero_contribution_stream_is_not_mistaken_for_an_exhausted_one ... ok
2026-10-10T09:43:15.8920601Z test a_perturbed_order_leaves_no_finite_bound ... ok
2026-10-10T09:43:15.8922619Z test a_producer_that_declined_its_terms_is_not_a_producer_that_found_nothing ... ok
2026-10-10T09:43:15.8924163Z test a_fusion_of_exhaustive_producers_is_still_exact ... ok
2026-10-10T09:43:15.8924951Z test a_re_read_trailer_moves_the_read_and_never_the_evidence ... ok
2026-10-10T09:43:15.8930057Z test a_row_a_lossy_stratum_named_carries_an_inflation_term ... ok
2026-10-10T09:43:15.8934451Z test a_small_top_k_certifies_early_and_never_reaches_the_collision ... ok
2026-10-10T09:43:15.8936126Z test a_rival_left_in_the_frontier_by_the_bound_is_bounded_too ... ok
2026-10-10T09:43:15.8937723Z test a_stratum_that_cannot_name_a_candidate_is_not_charged_for_it ... ok
2026-10-10T09:43:15.8941613Z test a_stratum_this_profile_does_not_weight_is_an_absence_and_never_a_refusal ... ok
2026-10-10T09:43:15.8942635Z test a_stratum_added_after_the_fact_declares_nothing ... ok
2026-10-10T09:43:15.8943928Z test a_stream_that_will_not_end_is_refused_while_the_same_rows_with_a_declared_end_fuse ... ok
2026-10-10T09:43:15.8945196Z test a_stream_naming_a_candidate_outside_its_declared_domains_is_refused ... ok
2026-10-10T09:43:15.8946806Z test a_stream_whose_stratum_the_profile_never_weights_is_refused_while_the_weighted_neighbour_fuses ... ok
2026-10-10T09:43:15.8959248Z test a_sum_landing_on_the_ceiling_is_refused_by_the_contribution_count ... ok
2026-10-10T09:43:15.8960403Z test a_tolerance_of_zero_is_refused_at_both_altitudes_and_a_tolerance_of_one_answers ... ok
2026-10-10T09:43:15.8961740Z test a_top_k_that_stops_an_approximate_stream_still_reports_its_fidelity ... ok
2026-10-10T09:43:15.8965122Z test a_unique_declarations_repeat_is_refused_past_the_frontier_and_allowed_is_the_remedy ... ok
2026-10-10T09:43:15.8966393Z test a_volunteered_block_is_honoured_and_a_silent_unrestricted_stream_still_fuses ... ok
2026-10-10T09:43:15.8967458Z test a_wrong_contribution_at_a_plateau_rank_is_still_a_mismatch ... ok
2026-10-10T09:43:15.8968320Z test a_zero_top_k_still_reports_one_rank_pulled ... ok
2026-10-10T09:43:15.8979201Z test an_approximate_stratum_is_distinguishable_from_an_exact_one_in_the_trailer ... ok
2026-10-10T09:43:15.8982856Z test an_empty_stream_reports_zero_ranks_pulled ... ok
2026-10-10T09:43:15.8984124Z test an_exhausted_zero_contribution_stream_delays_no_certification ... ok
2026-10-10T09:43:15.8985485Z test an_exhaustive_fusion_carries_zero_width_intervals ... ok
2026-10-10T09:43:15.8991142Z test an_exhaustive_stratum_is_reported_rather_than_left_out ... ok
2026-10-10T09:43:15.8992390Z test a_declaration_never_moves_the_fusion_profiles_identity ... ok
2026-10-10T09:43:15.8993732Z test an_incomplete_stratum_makes_the_scores_estimates_without_refusing_the_rows ... ok
2026-10-10T09:43:15.8995126Z test an_open_stream_is_charged_its_head_and_a_lossy_one_its_first_rank ... ok
2026-10-10T09:43:15.8996928Z test an_operand_the_decay_rule_refuses_is_propagated_rather_than_measured_as_a_class_of_one ... ok
2026-10-10T09:43:15.9006798Z test a_strictly_descending_stream_fuses_past_the_decay_collision ... ok
2026-10-10T09:43:15.9037319Z test an_interval_that_cannot_be_computed_is_refused_and_never_reported_as_zero ... ok
2026-10-10T09:43:15.9054840Z test checked_addition_overflow_is_refused ... ok
2026-10-10T09:43:15.9056915Z test class_width_is_the_curve_the_bound_is_one_point_of ... ok
2026-10-10T09:43:15.9066619Z test both_decay_rules_fuse_past_their_own_collision ... ok
2026-10-10T09:43:15.9068844Z test completeness_is_asserted_by_the_trailer_never_by_the_rows_in_hand ... ok
2026-10-10T09:43:15.9070600Z test cross_stratum_sum_is_the_checked_sum ... ok
2026-10-10T09:43:15.9073099Z test cut_on_a_tie_turns_on_the_bound_and_on_nothing_else ... ok
2026-10-10T09:43:15.9085983Z test an_undeclared_read_that_may_ask_bounds_itself_where_the_threshold_falls ... ok
2026-10-10T09:43:15.9087882Z test contributions_sum_to_the_fused_score ... ok
2026-10-10T09:43:15.9089406Z test decoded_profile_bytes_are_held_to_the_positive_weight_law ... ok
2026-10-10T09:43:15.9094674Z test deepest_rank_within_width_matches_an_independently_walked_truth_at_several_tolerances ... ok
2026-10-10T09:43:15.9096978Z test differential_against_eager_oracle ... ok
2026-10-10T09:43:15.9099134Z test drop_cancellation_and_receipts ... ok
2026-10-10T09:43:15.9101044Z test equal_scores_use_the_declared_tie_break ... ok
2026-10-10T09:43:15.9110628Z test every_profile_the_separation_derivation_accepted_before_still_builds_with_its_identity ... ok
2026-10-10T09:43:15.9134145Z test deepest_rank_within_width_is_the_last_depth_the_offending_run_still_fits_in ... ok
2026-10-10T09:43:15.9146554Z test exhausted_on_an_approximate_stratum_does_not_make_the_answer_exact ... ok
2026-10-10T09:43:15.9147637Z test fuse_returns_at_most_k_rows_in_the_declared_order ... ok
2026-10-10T09:43:15.9196471Z test a_declaration_changes_the_reading_and_never_the_answer ... ok
2026-10-10T09:43:15.9199391Z test golden_output_is_byte_identical ... ok
2026-10-10T09:43:15.9200416Z test maximal_legitimate_score_stays_below_the_ceiling ... ok
2026-10-10T09:43:15.9201453Z test fusion_past_the_collision_is_deterministic ... ok
2026-10-10T09:43:15.9202496Z test native_and_wasm_share_canonical_bytes_and_output ... ok
2026-10-10T09:43:15.9203626Z test no_weight_lighter_than_the_one_named_reaches_the_depth ... ok
2026-10-10T09:43:15.9204589Z test output_is_score_descending ... ok
2026-10-10T09:43:15.9205462Z test profile_construction_is_validated ... ok
2026-10-10T09:43:15.9206631Z test protocol_violations_are_typed ... ok
2026-10-10T09:43:15.9207680Z test declared_domains_bound_the_reading_over_disjoint_strata ... ok
2026-10-10T09:43:15.9208782Z test reaching_a_depth_is_not_monotone_in_the_weight ... ok
2026-10-10T09:43:15.9217350Z test the_bound_at_the_reported_depth_holds_where_the_width_is_nowhere_near_the_tolerance ... ok
2026-10-10T09:43:15.9218727Z test every_weight_in_the_measurement_table_fuses ... ok
2026-10-10T09:43:15.9219979Z test the_certain_prefix_shrinks_as_the_declared_loss_widens ... ok
2026-10-10T09:43:15.9223088Z test the_collided_regime_has_a_byte_identical_golden ... ok
2026-10-10T09:43:15.9224348Z test the_class_at_the_reported_depth_is_the_run_the_bounded_read_never_finishes ... ok
2026-10-10T09:43:15.9227243Z test the_contribution_law_no_longer_depends_on_a_declared_ordering ... ok
2026-10-10T09:43:15.9228570Z test the_decay_rule_reports_a_class_width_with_no_stratum_in_the_question ... ok
2026-10-10T09:43:15.9237417Z test the_decay_rules_stratum_free_class_width_refuses_the_operands_it_cannot_evaluate ... ok
2026-10-10T09:43:15.9239021Z test the_emitted_sequence_matches_an_explicit_expected_order ... ok
2026-10-10T09:43:15.9243781Z test the_evidence_identity_moves_exactly_when_the_evidence_does ... ok
2026-10-10T09:43:15.9245286Z test the_exactness_verdict_does_not_move_as_a_caller_reads_deeper ... ok
2026-10-10T09:43:15.9257724Z test the_existing_decay_rules_identity_bytes_are_where_they_always_were ... ok
2026-10-10T09:43:15.9259249Z test the_fidelity_map_is_keyed_like_the_maps_beside_it ... ok
2026-10-10T09:43:15.9260838Z test the_plan_range_refusal_and_the_saturation_refusal_are_different_variants ... ok
2026-10-10T09:43:15.9262200Z test the_backward_pass_agrees_with_the_quadratic_definition ... ok
2026-10-10T09:43:15.9263614Z test the_reported_single_stratum_repeat_is_refused_naming_the_item_and_the_stratum ... ok
2026-10-10T09:43:15.9287514Z test the_resolution_map_keys_every_weighted_stream_including_one_that_yielded_nothing ... ok
2026-10-10T09:43:15.9298757Z test the_smallest_k_and_the_smallest_weight_set_a_profile_admits_are_not_refused ... ok
2026-10-10T09:43:15.9307064Z test the_trailer_carries_every_handed_streams_attestation_and_invents_none ... ok
2026-10-10T09:43:15.9314943Z test the_trailer_names_a_plan_only_when_every_stream_names_the_same_one ... ok
2026-10-10T09:43:15.9366640Z test the_resolution_counters_stay_observations_under_a_declared_domain ... ok
2026-10-10T09:43:15.9367847Z test the_truncated_rule_saturates_where_no_weight_can_lift_it ... ok
2026-10-10T09:43:15.9368930Z test the_weighted_rule_is_a_separate_identity_and_round_trips ... ok
2026-10-10T09:43:15.9370301Z test the_weighted_rule_still_orders_at_fourteen_million_ranks ... ok
2026-10-10T09:43:15.9396496Z test threshold_witness_is_recorded_before_exhaustion ... ok
2026-10-10T09:43:15.9398401Z test tied_rows_in_an_exhaustive_answer_are_all_certain ... ok
2026-10-10T09:43:15.9399612Z test tied_rows_stop_being_certain_once_a_stratum_declares_a_loss ... ok
2026-10-10T09:43:15.9400647Z test trailer_names_the_pinned_plan ... ok
2026-10-10T09:43:15.9401490Z test trailer_preserves_each_producer_status ... ok
2026-10-10T09:43:15.9402703Z test two_producers_naming_one_entity_fuse_normally_unless_they_declared_otherwise ... ok
2026-10-10T09:43:15.9403986Z test two_ranks_fuse_at_the_weight_that_used_to_refuse_them ... ok
2026-10-10T09:43:15.9405286Z test two_streams_tagged_with_one_stratum_are_refused_while_two_distinct_strata_fuse ... ok
2026-10-10T09:43:15.9406879Z test the_trailer_reports_the_declarations_the_fusion_ran_under ... ok
2026-10-10T09:43:15.9426950Z test weight_for_depth_names_a_weight_that_reaches_it ... ok
2026-10-10T09:43:15.9428248Z test weight_for_depth_refuses_a_depth_of_zero_and_answers_a_depth_of_one ... ok
2026-10-10T09:43:16.2697150Z test the_differential_holds_under_declared_domains_over_many_configurations ... ok
2026-10-10T09:43:17.9817611Z test weight_for_depth_answers_at_the_deepest_depth_a_plan_can_record_and_refuses_past_it ... ok
2026-10-10T09:43:18.4740722Z test no_fused_answer_ever_contains_one_entity_twice ... ok
2026-10-10T09:43:24.7725007Z test weight_for_depth_refuses_only_where_no_weight_can_reach ... ok
2026-10-10T09:43:24.7726038Z 
2026-10-10T09:43:24.7726953Z test result: ok. 122 passed; 0 failed; 0 ignored; 0 measured; 0 filtered out; finished in 8.89s
2026-10-10T09:43:24.7727637Z 
2026-10-10T09:43:24.7730269Z [1m[92m     Running[0m tests/fusion_frontier_alloc.rs (target/debug/build/purrdf-retrieval/35e4a18fe3cd199f/out/fusion_frontier_alloc-35e4a18fe3cd199f)
2026-10-10T09:43:24.7741564Z 
2026-10-10T09:43:24.7741927Z running 5 tests
2026-10-10T09:43:24.7776736Z test disjoint_strata_declaring_their_blocks_read_and_hold_the_same_at_any_length ... ok
2026-10-10T09:43:24.7778131Z test the_frontier_stays_bounded_past_the_collision ... ok
2026-10-10T09:43:24.7816729Z test the_frontier_peak_tracks_the_profile_bound_and_not_the_stream_length ... ok
2026-10-10T09:43:24.7817969Z test the_peak_follows_the_rows_certified_when_a_stream_declares_allowed_duplicates ... ok
2026-10-10T09:43:24.7829482Z test a_unique_declaration_is_what_keeps_a_deep_answer_affordable ... ok
2026-10-10T09:43:24.7830056Z 
2026-10-10T09:43:24.7830742Z test result: ok. 5 passed; 0 failed; 0 ignored; 0 measured; 0 filtered out; finished in 0.01s
2026-10-10T09:43:24.7831313Z 
2026-10-10T09:43:24.7832601Z [1m[92m     Running[0m tests/multimodal_read_bound.rs (target/debug/build/purrdf-retrieval/849657bab72a36f4/out/multimodal_read_bound-849657bab72a36f4)
2026-10-10T09:43:24.7844493Z 
2026-10-10T09:43:24.7844692Z running 35 tests
2026-10-10T09:43:24.7848325Z test a_candidate_both_sharers_named_crosses_at_the_second_rank_too ... ok
2026-10-10T09:43:24.7854225Z test a_candidate_whose_block_only_its_namer_admits_crosses_at_the_second_rank ... ok
2026-10-10T09:43:24.7856891Z test a_candidate_one_of_two_sharers_named_crosses_only_past_the_smoothing_constant ... ok
2026-10-10T09:43:24.7867042Z test a_host_learns_the_crossing_its_declarations_condemn_it_to_without_reading_a_row ... ok
2026-10-10T09:43:24.7874712Z test a_candidate_that_cannot_win_is_never_looked_up ... ok
2026-10-10T09:43:24.7896838Z test a_lone_allowed_stratum_is_not_licensed_by_being_alone ... ok
2026-10-10T09:43:24.7917959Z test a_single_unrestricted_unique_stratum_is_licensed_the_requests_bound ... ok
2026-10-10T09:43:24.8086965Z test a_lookup_answered_by_a_moved_index_is_refused_and_one_at_the_pinned_generation_is_admitted ... ok
2026-10-10T09:43:24.8116881Z test a_lookup_from_an_index_found_short_is_refused_and_one_from_the_attested_short_index_is_admitted ... ok
2026-10-10T09:43:24.8146384Z test a_stream_that_runs_out_is_exhausted_and_read_once ... ok
2026-10-10T09:43:24.8170559Z test a_truthful_exhaustion_over_a_costly_answer_is_told_from_a_cheap_one_only_by_the_counter ... ok
2026-10-10T09:43:24.8183502Z test a_stratum_disjoint_from_a_sharing_pair_narrows_while_the_pair_does_not ... ok
2026-10-10T09:43:24.8207071Z test distinct_blocks_disjoint_results_read_only_what_the_bound_needs ... ok
2026-10-10T09:43:24.8239535Z test a_stratum_sharing_a_block_with_another_is_never_licensed ... ok
2026-10-10T09:43:24.8273280Z test a_unique_stratum_narrows_beside_a_disjoint_allowed_one ... ok
2026-10-10T09:43:24.8382113Z test no_configuration_reads_a_stratum_twice ... ok
2026-10-10T09:43:24.8463030Z test membership_lookups_stop_the_drain_where_the_threshold_licenses ... ok
2026-10-10T09:43:24.8546651Z test shared_block_disjoint_results_drain_both_streams_unbounded_control ... ok
2026-10-10T09:43:24.8555377Z test shared_block_intersecting_results_answer_at_the_sixth_rank_reading_six_rows ... ok
2026-10-10T09:43:24.8557283Z test pairwise_disjoint_unique_strata_are_each_licensed_the_requests_bound ... ok
2026-10-10T09:43:24.8641248Z test the_declaration_alone_moves_every_measured_number ... ok
2026-10-10T09:43:24.8689133Z test a_stopping_rank_the_rows_overrun_is_read_past_in_the_same_read ... ok
2026-10-10T09:43:24.8797331Z test the_declared_basis_alone_buys_a_shallower_read_of_the_same_answer ... ok
2026-10-10T09:43:24.8810133Z test the_finality_licence_is_spelled_once_and_enforcement_keeps_its_own ... ok
2026-10-10T09:43:24.8822955Z test every_stratum_is_read_once_and_produces_exactly_the_rows_its_fusion_pulled ... ok
2026-10-10T09:43:24.8886418Z test the_exclusion_lookup_counter_moves_between_two_runs_that_both_ask ... ok
2026-10-10T09:43:24.8907120Z test the_measured_table_is_what_it_was ... ok
2026-10-10T09:43:24.8989803Z test the_plan_surfaces_the_crossing_and_it_predicts_the_read_that_reaches_it ... ok
2026-10-10T09:43:24.9076777Z test the_ranks_and_the_read_work_both_move_between_a_cheap_run_and_a_corpus_cost_run ... ok
2026-10-10T09:43:24.9078557Z test the_rendered_observed_resolution_carries_every_counter_a_caller_pays_for ... ok
2026-10-10T09:43:24.9155467Z test the_lookups_answer_the_drained_configuration_reading_only_the_ranks_the_fusion_pulls ... ok
2026-10-10T09:43:24.9529446Z test undeclared_domains_answering_lookups_read_once_and_answer_identically ... ok
2026-10-10T09:43:24.9688761Z test the_engine_reads_within_a_pinned_factor_of_the_shallowest_prefixes ... ok
2026-10-10T09:43:25.0098631Z test the_on_demand_read_returns_the_answer_the_materialised_read_returns ... ok
2026-10-10T09:43:25.0270096Z test the_work_never_exceeds_the_materialised_control_in_any_configuration ... ok
2026-10-10T09:43:25.0270732Z 
2026-10-10T09:43:25.0271407Z test result: ok. 35 passed; 0 failed; 0 ignored; 0 measured; 0 filtered out; finished in 0.24s
2026-10-10T09:43:25.0271991Z 
2026-10-10T09:43:25.0277250Z [1m[92m     Running[0m tests/on_demand_receipt.rs (target/debug/build/purrdf-retrieval/86c0ee9e854a4ada/out/on_demand_receipt-86c0ee9e854a4ada)
2026-10-10T09:43:25.0289708Z 
2026-10-10T09:43:25.0289925Z running 8 tests
2026-10-10T09:43:25.0334123Z test a_callers_single_call_read_on_demand_to_its_end_names_the_callers_text ... ok
2026-10-10T09:43:25.0336240Z test a_read_stopped_mid_invocation_carries_a_verified_receipt_identical_to_the_materialised_one ... ok
2026-10-10T09:43:25.0371145Z test an_index_that_moves_under_the_read_is_refused_when_the_read_settles ... ok
2026-10-10T09:43:25.0372971Z test a_forged_announcement_is_refused_at_the_settlement_and_the_true_one_is_admitted ... ok
2026-10-10T09:43:25.0374427Z test a_callers_single_call_or_filter_is_read_on_demand_and_a_callers_join_is_materialised ... ok
2026-10-10T09:43:25.0388642Z test a_shortfall_found_after_the_announcement_is_refused_and_one_announced_is_carried ... ok
2026-10-10T09:43:25.0412252Z test an_unweighted_stratum_that_beats_its_bound_fails_the_request_and_a_mid_read_fault_is_its_status ... ok
2026-10-10T09:43:25.0423810Z test an_unweighted_stratum_whose_index_moves_under_its_read_is_refused_not_certified ... ok
2026-10-10T09:43:25.0424496Z 
2026-10-10T09:43:25.0425138Z test result: ok. 8 passed; 0 failed; 0 ignored; 0 measured; 0 filtered out; finished in 0.01s
2026-10-10T09:43:25.0426074Z 
2026-10-10T09:43:25.0429556Z [1m[92m     Running[0m tests/emitter_projections.rs (target/debug/build/purrdf-shapes/a62f5455590c3f3a/out/emitter_projections-a62f5455590c3f3a)
2026-10-10T09:43:25.0446524Z 
2026-10-10T09:43:25.0446808Z running 139 tests
2026-10-10T09:43:25.0496831Z test graphql_projects_closed_by_types ... ok
2026-10-10T09:43:25.0517250Z test graphql_projects_iri_pair ... ok
2026-10-10T09:43:25.0525122Z test graphql_projects_computed_values ... ok
2026-10-10T09:43:25.0560349Z test graphql_projects_debug_severity ... ok
2026-10-10T09:43:25.0561405Z test graphql_projects_list_valued_datatype ... ok
2026-10-10T09:43:25.0562438Z test graphql_projects_max_list_length ... ok
2026-10-10T09:43:25.0563323Z test graphql_projects_list_valued_class ... ok
2026-10-10T09:43:25.0564214Z test graphql_projects_list_valued_node_kind ... ok
2026-10-10T09:43:25.0565085Z test graphql_projects_node_expression_target ... ok
2026-10-10T09:43:25.0566504Z test graphql_projects_min_list_length ... ok
2026-10-10T09:43:25.0567334Z test graphql_projects_member_shape ... ok
2026-10-10T09:43:25.0568184Z test graphql_projects_reifier_severity ... ok
2026-10-10T09:43:25.0569071Z test graphql_projects_path_valued_pairs ... ok
2026-10-10T09:43:25.0581058Z test graphql_projects_node_list ... ok
2026-10-10T09:43:25.0581718Z test graphql_projects_single_line ... ok
2026-10-10T09:43:25.0587235Z test graphql_projects_root_class ... ok
2026-10-10T09:43:25.0609188Z test graphql_projects_unique_members ... ok
2026-10-10T09:43:25.0619440Z test graphql_projects_target_where ... ok
2026-10-10T09:43:25.0620338Z test graphql_projects_subset_of ... ok
2026-10-10T09:43:25.0626371Z test graphql_projects_some_value ... ok
2026-10-10T09:43:25.0637313Z test graphql_projects_unique_values_for ... ok
2026-10-10T09:43:25.0654383Z test json_schema_projects_closed_by_types ... ok
2026-10-10T09:43:25.0675840Z test json_schema_projects_debug_severity ... ok
2026-10-10T09:43:25.0676772Z test json_schema_projects_computed_values ... ok
2026-10-10T09:43:25.0677870Z test json_schema_projects_iri_pair ... ok
2026-10-10T09:43:25.0678932Z test json_schema_projects_focus_node_constraints ... ok
2026-10-10T09:43:25.0701704Z test json_schema_projects_list_valued_class ... ok
2026-10-10T09:43:25.0702782Z test json_schema_projects_max_list_length ... ok
2026-10-10T09:43:25.0712598Z test json_schema_projects_list_valued_datatype ... ok
2026-10-10T09:43:25.0732161Z test json_schema_projects_list_valued_node_kind ... ok
2026-10-10T09:43:25.0739487Z test json_schema_projects_member_shape ... ok
2026-10-10T09:43:25.0740710Z test json_schema_projects_min_list_length ... ok
2026-10-10T09:43:25.0749085Z test json_schema_projects_node_expression_target ... ok
2026-10-10T09:43:25.0762388Z test json_schema_projects_reifier_severity ... ok
2026-10-10T09:43:25.0771783Z test json_schema_projects_node_list ... ok
2026-10-10T09:43:25.0786631Z test json_schema_projects_path_valued_pairs ... ok
2026-10-10T09:43:25.0816548Z test json_schema_projects_root_class ... ok
2026-10-10T09:43:25.0819256Z test json_schema_projects_single_line ... ok
2026-10-10T09:43:25.0824772Z test json_schema_projects_subset_of ... ok
2026-10-10T09:43:25.0826273Z test json_schema_projects_target_where ... ok
2026-10-10T09:43:25.0827483Z test json_schema_projects_some_value ... ok
2026-10-10T09:43:25.0828318Z test json_schema_projects_unique_members ... ok
2026-10-10T09:43:25.0829241Z test json_schema_projects_unique_values_for ... ok
2026-10-10T09:43:25.0849518Z test linkml_projects_debug_severity ... ok
2026-10-10T09:43:25.0854898Z test linkml_projects_closed_by_types ... ok
2026-10-10T09:43:25.0863725Z test linkml_projects_computed_values ... ok
2026-10-10T09:43:25.0882925Z test linkml_projects_list_valued_datatype ... ok
2026-10-10T09:43:25.0887087Z test linkml_projects_list_valued_class ... ok
2026-10-10T09:43:25.0906912Z test linkml_projects_iri_pair ... ok
2026-10-10T09:43:25.0912784Z test linkml_projects_max_list_length ... ok
2026-10-10T09:43:25.0926450Z test linkml_projects_list_valued_node_kind ... ok
2026-10-10T09:43:25.0940560Z test linkml_projects_min_list_length ... ok
2026-10-10T09:43:25.0943342Z test json_schema_records_shape_based_property_constraints ... ok
2026-10-10T09:43:25.0944376Z test linkml_projects_member_shape ... ok
2026-10-10T09:43:25.0960974Z test linkml_projects_path_valued_pairs ... ok
2026-10-10T09:43:25.0976440Z test linkml_projects_node_expression_target ... ok
2026-10-10T09:43:25.0983660Z test linkml_projects_reifier_severity ... ok
2026-10-10T09:43:25.0984561Z test linkml_projects_single_line ... ok
2026-10-10T09:43:25.0985351Z test linkml_projects_root_class ... ok
2026-10-10T09:43:25.0996528Z test linkml_projects_node_list ... ok
2026-10-10T09:43:25.1008319Z test linkml_projects_subset_of ... ok
2026-10-10T09:43:25.1016878Z test linkml_projects_some_value ... ok
2026-10-10T09:43:25.1032346Z test linkml_projects_unique_members ... ok
2026-10-10T09:43:25.1033164Z test linkml_projects_target_where ... ok
2026-10-10T09:43:25.1033891Z test linkml_projects_unique_values_for ... ok
2026-10-10T09:43:25.1136722Z test observed::json_schema_a_recursive_value_shape_is_inlined_once ... ok
2026-10-10T09:43:25.1156639Z test observed::json_schema_and_agrees_with_validation ... ok
2026-10-10T09:43:25.1158184Z test observed::json_schema_closed_by_types_is_recorded_where_declared_closure_projects ... ok
2026-10-10T09:43:25.1196710Z test observed::json_schema_base_direction_agrees_with_validation ... ok
2026-10-10T09:43:25.1287134Z test observed::json_schema_deactivated_property_shape_agrees_with_validation ... ok
2026-10-10T09:43:25.1288306Z test observed::json_schema_datatypes_agree_with_validation ... ok
2026-10-10T09:43:25.1289291Z test observed::json_schema_has_value_agrees_with_validation ... ok
2026-10-10T09:43:25.1290148Z test observed::json_schema_in_lists_intersect ... ok
2026-10-10T09:43:25.1392097Z test observed::json_schema_language_in_agrees_with_validation ... ok
2026-10-10T09:43:25.1827206Z test observed::json_schema_list_components_agree_with_validation ... ok
2026-10-10T09:43:25.1851962Z test observed::json_schema_lengths_agree_with_validation ... ok
2026-10-10T09:43:25.1920382Z test observed::json_schema_node_agrees_with_validation ... ok
2026-10-10T09:43:25.2076997Z test observed::json_schema_node_list_components_agree_with_validation ... ok
2026-10-10T09:43:25.2131387Z test observed::json_schema_node_kinds_agree_with_validation ... ok
2026-10-10T09:43:25.2136852Z test observed::json_schema_case_insensitive_flag_agrees_with_validation ... ok
2026-10-10T09:43:25.2186723Z test observed::json_schema_node_property_shapes_are_proven_unreachable ... ok
2026-10-10T09:43:25.2246703Z test observed::json_schema_not_and_xone_over_a_wider_shape_are_proven_inexpressible ... ok
2026-10-10T09:43:25.2379354Z test observed::json_schema_focus_node_constraints_agree_with_validation ... ok
2026-10-10T09:43:25.2444015Z test observed::json_schema_not_agrees_with_validation ... ok
2026-10-10T09:43:25.2616566Z test observed::json_schema_or_agrees_with_validation ... ok
2026-10-10T09:43:25.2640820Z test observed::json_schema_numeric_datatypes_agree_with_validation ... ok
2026-10-10T09:43:25.2806771Z test observed::json_schema_pattern_on_integers_is_proven_inexpressible ... ok
2026-10-10T09:43:25.2846365Z test observed::json_schema_pattern_agrees_with_validation ... ok
2026-10-10T09:43:25.2940282Z test observed::json_schema_severity_agrees_with_validation ... ok
2026-10-10T09:43:25.2941493Z test observed::json_schema_several_values_are_each_judged ... ok
2026-10-10T09:43:25.3028889Z test observed::json_schema_pattern_on_iris_agrees_with_validation ... ok
2026-10-10T09:43:25.3079528Z test observed::json_schema_some_value_agrees_with_validation ... ok
2026-10-10T09:43:25.3083452Z test observed::json_schema_single_line_agrees_with_validation ... ok
2026-10-10T09:43:25.3231248Z test observed::json_schema_xone_agrees_with_validation ... ok
2026-10-10T09:43:25.3266406Z test pydantic_projects_closed_by_types ... ok
2026-10-10T09:43:25.3296430Z test pydantic_projects_computed_values ... ok
2026-10-10T09:43:25.3326803Z test pydantic_projects_debug_severity ... ok
2026-10-10T09:43:25.3327797Z test pydantic_projects_iri_pair ... ok
2026-10-10T09:43:25.3386377Z test pydantic_projects_list_valued_class ... ok
2026-10-10T09:43:25.3416603Z test pydantic_projects_list_valued_datatype ... ok
2026-10-10T09:43:25.3446410Z test pydantic_projects_list_valued_node_kind ... ok
2026-10-10T09:43:25.3476415Z test pydantic_projects_max_list_length ... ok
2026-10-10T09:43:25.3500790Z test pydantic_projects_member_shape ... ok
2026-10-10T09:43:25.3524922Z test pydantic_projects_min_list_length ... ok
2026-10-10T09:43:25.3566491Z test pydantic_projects_node_expression_target ... ok
2026-10-10T09:43:25.3596431Z test pydantic_projects_node_list ... ok
2026-10-10T09:43:25.3626440Z test pydantic_projects_path_valued_pairs ... ok
2026-10-10T09:43:25.3656352Z test pydantic_projects_reifier_severity ... ok
2026-10-10T09:43:25.3657400Z test pydantic_projects_root_class ... ok
2026-10-10T09:43:25.3686398Z test pydantic_projects_single_line ... ok
2026-10-10T09:43:25.3731270Z test pydantic_projects_some_value ... ok
2026-10-10T09:43:25.3776407Z test pydantic_projects_subset_of ... ok
2026-10-10T09:43:25.3777349Z test pydantic_projects_target_where ... ok
2026-10-10T09:43:25.3836354Z test pydantic_projects_unique_members ... ok
2026-10-10T09:43:25.3866325Z test pydantic_projects_unique_values_for ... ok
2026-10-10T09:43:25.3867377Z test typescript_projects_closed_by_types ... ok
2026-10-10T09:43:25.3896423Z test typescript_projects_computed_values ... ok
2026-10-10T09:43:25.3926411Z test typescript_projects_debug_severity ... ok
2026-10-10T09:43:25.3956217Z test typescript_projects_iri_pair ... ok
2026-10-10T09:43:25.3957239Z test typescript_projects_list_valued_class ... ok
2026-10-10T09:43:25.3982614Z test typescript_projects_list_valued_datatype ... ok
2026-10-10T09:43:25.4036524Z test typescript_projects_list_valued_node_kind ... ok
2026-10-10T09:43:25.4047610Z test typescript_projects_max_list_length ... ok
2026-10-10T09:43:25.4084811Z test typescript_projects_member_shape ... ok
2026-10-10T09:43:25.4125874Z test typescript_projects_min_list_length ... ok
2026-10-10T09:43:25.4156495Z test typescript_projects_node_expression_target ... ok
2026-10-10T09:43:25.4179900Z test typescript_projects_node_list ... ok
2026-10-10T09:43:25.4206667Z test typescript_projects_path_valued_pairs ... ok
2026-10-10T09:43:25.4246489Z test typescript_projects_reifier_severity ... ok
2026-10-10T09:43:25.4266427Z test typescript_projects_root_class ... ok
2026-10-10T09:43:25.4296446Z test typescript_projects_single_line ... ok
2026-10-10T09:43:25.4336476Z test typescript_projects_some_value ... ok
2026-10-10T09:43:25.4366270Z test typescript_projects_subset_of ... ok
2026-10-10T09:43:25.4376588Z test typescript_projects_target_where ... ok
2026-10-10T09:43:25.4399805Z test typescript_projects_unique_members ... ok
2026-10-10T09:43:25.4426496Z test typescript_projects_unique_values_for ... ok
2026-10-10T09:43:25.4579440Z test observed::json_schema_numeric_bounds_agree_with_validation ... ok
2026-10-10T09:43:25.6488182Z test observed::json_schema_typed_numeric_bounds_agree_with_validation ... ok
2026-10-10T09:43:26.9580915Z test observed::json_schema_temporal_bounds_agree_with_validation ... ok
2026-10-10T09:43:26.9581663Z 
2026-10-10T09:43:26.9582056Z test result: ok. 139 passed; 0 failed; 0 ignored; 0 measured; 0 filtered out; finished in 1.91s
2026-10-10T09:43:26.9582417Z 
2026-10-10T09:43:26.9592126Z [1m[92m     Running[0m tests/evaluated_targets.rs (target/debug/build/purrdf-shapes/ac73dfa7484d84f5/out/evaluated_targets-ac73dfa7484d84f5)
2026-10-10T09:43:26.9607618Z 
2026-10-10T09:43:26.9607816Z running 28 tests
2026-10-10T09:43:26.9619215Z test a_class_declared_only_in_the_data_graph_triggers_no_implicit_target ... ok
2026-10-10T09:43:26.9620114Z test a_class_that_is_a_shape_only_by_its_parameters_gets_no_implicit_target ... ok
2026-10-10T09:43:26.9627578Z test a_data_graph_sh_shape_statement_makes_its_subject_a_focus_node ... ok
2026-10-10T09:43:26.9629196Z test a_candidate_is_checked_against_a_sparql_target_by_its_select ... ok
2026-10-10T09:43:26.9637087Z test a_function_call_target_node_targets_its_output ... ok
2026-10-10T09:43:26.9638179Z test a_consistent_ask_and_select_validate_on_the_candidate_path ... ok
2026-10-10T09:43:26.9639141Z test a_narrowed_where_target_agrees_with_the_full_scan ... ok
2026-10-10T09:43:26.9640093Z test a_property_shape_that_is_a_class_targets_its_instances ... ok
2026-10-10T09:43:26.9647071Z test a_rule_fires_at_an_explicit_shape_target ... ok
2026-10-10T09:43:26.9648031Z test a_select_node_expression_target_selects_its_output_nodes ... ok
2026-10-10T09:43:26.9651575Z test a_sh_shape_statement_naming_no_shape_targets_nothing ... ok
2026-10-10T09:43:26.9653086Z test a_sh_shape_statement_can_name_a_shape_reached_only_through_another ... ok
2026-10-10T09:43:26.9661717Z test a_shape_class_targets_the_instances_of_its_subclasses ... ok
2026-10-10T09:43:26.9662742Z test a_shape_that_is_not_a_class_gets_no_implicit_target ... ok
2026-10-10T09:43:26.9671629Z test a_sh_shape_statement_in_a_shared_graph_can_name_a_blank_shape ... ok
2026-10-10T09:43:26.9672977Z test a_sparql_target_ask_answers_for_a_node_the_data_graph_does_not_hold ... ok
2026-10-10T09:43:26.9674187Z test a_sparql_target_with_two_ask_values_is_refused ... ok
2026-10-10T09:43:26.9675391Z test a_sparql_target_ask_must_be_an_ask_that_meets_the_prebinding_restrictions ... ok
2026-10-10T09:43:26.9677088Z test a_where_target_ranges_over_the_nodes_of_the_data_graph_triple_terms_included ... ok
2026-10-10T09:43:26.9687178Z test a_where_constraint_that_does_not_count_against_conformance_narrows_nothing ... ok
2026-10-10T09:43:26.9688431Z test an_implicit_class_target_follows_shacl_instances_in_the_shapes_graph ... ok
2026-10-10T09:43:26.9689653Z test an_ill_formed_node_expression_target_is_refused_and_the_well_formed_one_targets ... ok
2026-10-10T09:43:26.9690830Z test a_sparql_target_with_an_ask_validates_as_its_select_does ... ok
2026-10-10T09:43:26.9697219Z test explicit_shape_targets_union_with_declared_targets ... ok
2026-10-10T09:43:26.9698131Z test an_inconsistent_ask_and_select_are_refused_on_the_candidate_path ... ok
2026-10-10T09:43:26.9698951Z test extension_usage_reads_the_sparql_inside_a_target_node_expression ... ok
2026-10-10T09:43:26.9700760Z test function_resolution_reports_the_calls_inside_targets ... ok
2026-10-10T09:43:26.9702001Z test unique_values_for_compares_the_explicit_shape_targets ... ok
2026-10-10T09:43:26.9702501Z 
2026-10-10T09:43:26.9703258Z test result: ok. 28 passed; 0 failed; 0 ignored; 0 measured; 0 filtered out; finished in 0.01s
2026-10-10T09:43:26.9703963Z 
2026-10-10T09:43:26.9709061Z [1m[92m     Running[0m tests/exact_numeric_ranges.rs (target/debug/build/purrdf-shapes/9fbc1f0673a9227b/out/exact_numeric_ranges-9fbc1f0673a9227b)
2026-10-10T09:43:26.9723623Z 
2026-10-10T09:43:26.9723786Z running 3 tests
2026-10-10T09:43:26.9742675Z test decimal_ranges_are_exact_past_eighteen_digits ... ok
2026-10-10T09:43:26.9752170Z test an_ill_typed_numeric_literal_violates_beside_its_well_formed_neighbour ... ok
2026-10-10T09:43:26.9768361Z test integer_ranges_are_exact_at_any_size ... ok
2026-10-10T09:43:26.9768772Z 
2026-10-10T09:43:26.9769827Z test result: ok. 3 passed; 0 failed; 0 ignored; 0 measured; 0 filtered out; finished in 0.00s
2026-10-10T09:43:26.9770504Z 
2026-10-10T09:43:26.9773234Z [1m[92m     Running[0m tests/execution_scope.rs (target/debug/build/purrdf-shapes/3ca677ec94611d76/out/execution_scope-3ca677ec94611d76)
2026-10-10T09:43:26.9787469Z 
2026-10-10T09:43:26.9787632Z running 5 tests
2026-10-10T09:43:26.9799536Z test a_service_in_a_constraint_query_is_refused_at_load_with_or_without_a_scope ... ok
2026-10-10T09:43:26.9813784Z test replacing_the_ambient_context_takes_every_scope_off_the_thread_and_puts_it_back ... ok
2026-10-10T09:43:26.9826718Z test a_service_target_is_refused_at_load_with_or_without_a_source_and_a_local_target_answers ... ok
2026-10-10T09:43:26.9840564Z test the_stop_signal_is_polled_between_focus_nodes_of_a_validation_with_no_sparql ... ok
2026-10-10T09:43:26.9847977Z test rule_application_polls_the_stop_signal_between_focus_nodes ... ok
2026-10-10T09:43:26.9848367Z 
2026-10-10T09:43:26.9848747Z test result: ok. 5 passed; 0 failed; 0 ignored; 0 measured; 0 filtered out; finished in 0.01s
2026-10-10T09:43:26.9849117Z 
2026-10-10T09:43:26.9852369Z [1m[92m     Running[0m tests/exists_relation_prebinding.rs (target/debug/build/purrdf-shapes/17804fd5a88e575a/out/exists_relation_prebinding-17804fd5a88e575a)
2026-10-10T09:43:26.9866291Z 
2026-10-10T09:43:26.9866498Z running 8 tests
2026-10-10T09:43:26.9916872Z test exists_over_a_bound_only_relation ... ok
2026-10-10T09:43:26.9956544Z test a_filter_of_this_beneath_the_seed ... ok
2026-10-10T09:43:26.9966632Z test a_bind_of_this_over_a_bound_only_relation ... ok
2026-10-10T09:43:26.9967387Z test exists_over_a_free_capable_relation ... ok
2026-10-10T09:43:26.9968304Z test a_bind_of_this_over_a_free_capable_relation ... ok
2026-10-10T09:43:26.9968833Z test not_exists_over_a_bound_only_relation ... ok
2026-10-10T09:43:26.9969274Z test not_exists_over_a_free_capable_relation ... ok
2026-10-10T09:43:27.0020472Z test not_exists_with_the_call_after_an_atom ... ok
2026-10-10T09:43:27.0020907Z 
2026-10-10T09:43:27.0021529Z test result: ok. 8 passed; 0 failed; 0 ignored; 0 measured; 0 filtered out; finished in 0.02s
2026-10-10T09:43:27.0022134Z 
2026-10-10T09:43:27.0027232Z [1m[92m     Running[0m tests/foreign_value_nodes.rs (target/debug/build/purrdf-shapes/aea5690b96f05e2f/out/foreign_value_nodes-aea5690b96f05e2f)
2026-10-10T09:43:27.0041068Z 
2026-10-10T09:43:27.0041210Z running 2 tests
2026-10-10T09:43:27.0045828Z test the_target_node_is_really_absent_from_the_data_graph ... ok
2026-10-10T09:43:27.0078919Z test constraints_decide_foreign_value_nodes_by_term_equality ... ok
2026-10-10T09:43:27.0079243Z 
2026-10-10T09:43:27.0079623Z test result: ok. 2 passed; 0 failed; 0 ignored; 0 measured; 0 filtered out; finished in 0.00s
2026-10-10T09:43:27.0079979Z 
2026-10-10T09:43:27.0083252Z [1m[92m     Running[0m tests/function_body_relation.rs (target/debug/build/purrdf-shapes/3d38c98fba0f5f52/out/function_body_relation-3d38c98fba0f5f52)
2026-10-10T09:43:27.0096980Z 
2026-10-10T09:43:27.0097200Z running 26 tests
2026-10-10T09:43:27.0110469Z test a_cycle_between_a_function_body_and_a_shape_terminates ... ok
2026-10-10T09:43:27.0111770Z test a_declared_namespace_makes_an_unregistered_iri_under_it_a_hard_error ... ok
2026-10-10T09:43:27.0113275Z test a_declared_namespace_reaches_a_sparql_constraint_body ... ok
2026-10-10T09:43:27.0124163Z test a_body_naming_no_registered_relation_is_ordinary_data ... ok
2026-10-10T09:43:27.0125394Z test a_function_body_reaches_a_registered_relation ... ok
2026-10-10T09:43:27.0126913Z test a_function_called_from_two_branches_is_walked_both_times ... ok
2026-10-10T09:43:27.0148313Z test a_registered_iri_reaches_its_relation_from_a_sparql_constraint_body ... ok
2026-10-10T09:43:27.0159578Z test a_registered_iri_under_a_declared_namespace_still_reaches_its_relation ... ok
2026-10-10T09:43:27.0160925Z test a_select_nested_in_a_union_operand_is_reported ... ok
2026-10-10T09:43:27.0162401Z test a_select_inside_a_custom_function_body_is_reported ... ok
2026-10-10T09:43:27.0163766Z test a_sibling_iri_sharing_a_registered_prefix_stays_ordinary_data ... ok
2026-10-10T09:43:27.0165208Z test a_site_this_environment_cannot_read_is_reported_with_its_reason ... ok
2026-10-10T09:43:27.0166967Z test an_incomplete_index_declared_from_a_function_body_refuses_the_verdict ... ok
2026-10-10T09:43:27.0168548Z test a_sparql_rule_takes_a_declared_namespace_and_still_answers_without_one ... ok
2026-10-10T09:43:27.0169998Z test a_registered_iri_outside_predicate_position_is_not_a_call ... ok
2026-10-10T09:43:27.0171361Z test an_inline_filter_shape_s_sparql_is_reported_like_a_named_one_s ... ok
2026-10-10T09:43:27.0172716Z test extension_usage_does_not_claim_a_merely_same_prefixed_sibling ... ok
2026-10-10T09:43:27.0174061Z test extension_usage_names_the_declaration_a_predicate_sits_in ... ok
2026-10-10T09:43:27.0180214Z test extension_usage_reads_component_validators_and_inline_nested_shapes ... ok
2026-10-10T09:43:27.0181739Z test extension_usage_reports_whether_a_function_body_reaches_its_relation ... ok
2026-10-10T09:43:27.0183245Z test extension_usage_walks_every_sparql_bearing_construct ... ok
2026-10-10T09:43:27.0184813Z test every_remaining_door_takes_a_declared_namespace_and_still_answers_without_one ... ok
2026-10-10T09:43:27.0186619Z test the_same_graph_under_an_empty_environment_reads_completely ... ok
2026-10-10T09:43:27.0189288Z test without_a_registry_the_same_body_is_ordinary_data ... ok
2026-10-10T09:43:27.0190993Z test without_the_declaration_the_same_iri_is_ordinary_data ... ok
2026-10-10T09:43:27.0194747Z test without_the_declaration_the_same_constraint_body_is_ordinary_data ... ok
2026-10-10T09:43:27.0195096Z 
2026-10-10T09:43:27.0195840Z test result: ok. 26 passed; 0 failed; 0 ignored; 0 measured; 0 filtered out; finished in 0.01s
2026-10-10T09:43:27.0196494Z 
2026-10-10T09:43:27.0201433Z [1m[92m     Running[0m tests/governor_inheritance.rs (target/debug/build/purrdf-shapes/b7deb70df75cf9ca/out/governor_inheritance-b7deb70df75cf9ca)
2026-10-10T09:43:27.0215418Z 
2026-10-10T09:43:27.0215999Z running 4 tests
2026-10-10T09:43:27.0256909Z test an_ungoverned_validation_is_unchanged ... ok
2026-10-10T09:43:27.0269029Z test shacl_sparql_constraints_inherit_governors ... ok
2026-10-10T09:43:27.0306519Z test an_exhausted_validation_never_reports_a_verdict ... ok
2026-10-10T09:43:27.1362315Z test governed_focus_fanout_has_schedule_independent_evidence ... ok
2026-10-10T09:43:27.1362677Z 
2026-10-10T09:43:27.1363055Z test result: ok. 4 passed; 0 failed; 0 ignored; 0 measured; 0 filtered out; finished in 0.11s
2026-10-10T09:43:27.1363414Z 
2026-10-10T09:43:27.1369602Z [1m[92m     Running[0m tests/host_entry_points.rs (target/debug/build/purrdf-shapes/08a6d66e160e6b24/out/host_entry_points-08a6d66e160e6b24)
2026-10-10T09:43:27.1385037Z 
2026-10-10T09:43:27.1385238Z running 11 tests
2026-10-10T09:43:27.1392127Z test a_term_argument_is_an_n_triples_term_or_an_absolute_iri ... ok
2026-10-10T09:43:27.1426656Z test a_scope_binding_that_could_never_be_read_is_refused ... ok
2026-10-10T09:43:27.1427766Z test a_sparql_expr_node_evaluates_natively_with_its_prefixes ... ok
2026-10-10T09:43:27.1456438Z test a_labelled_blank_node_reads_the_scope ... ok
2026-10-10T09:43:27.1526733Z test run_rules_over_a_shapes_graph_is_the_shacl_engine_run ... ok
2026-10-10T09:43:27.1537008Z test run_rules_over_an_srl_rule_set_is_the_srl_engine_run ... ok
2026-10-10T09:43:27.1538087Z test the_inference_graph_and_its_proof_render_deterministically ... ok
2026-10-10T09:43:27.1580207Z test the_term_generating_round_limit_is_exact ... ok
2026-10-10T09:43:27.1851571Z test lint_supersedes_what_shacl_1_2_core_makes_well_formed ... ok
2026-10-10T09:43:27.1954846Z test lint_reports_a_malformed_graph_and_not_its_well_formed_neighbour ... ok
2026-10-10T09:43:27.1956274Z test lint_certifies_the_sparql_expr_declaration_clean_and_binds_it_natively ... ok
2026-10-10T09:43:27.1956909Z 
2026-10-10T09:43:27.1957562Z test result: ok. 11 passed; 0 failed; 0 ignored; 0 measured; 0 filtered out; finished in 0.06s
2026-10-10T09:43:27.1958504Z 
2026-10-10T09:43:27.1962863Z [1m[92m     Running[0m tests/large_schema_emission.rs (target/debug/build/purrdf-shapes/1868158525464670/out/large_schema_emission-1868158525464670)
2026-10-10T09:43:27.1977292Z 
2026-10-10T09:43:27.1977498Z running 5 tests
2026-10-10T09:43:27.2476954Z test all_three_emitters_keep_the_shared_depth_refusal_and_accept_its_neighbor ... ok
2026-10-10T09:43:27.4627357Z test a_yaml_alias_expansion_is_bounded_by_the_input ... ok
2026-10-10T09:43:29.5542270Z test a_schema_past_65536_definitions_and_properties_imports ... ok
2026-10-10T09:43:52.3974045Z test a_schema_past_sixteen_mebibytes_emits_in_every_language_deterministically ... ok
2026-10-10T09:44:23.5537697Z test ontology_width_and_coverage_past_the_old_caps_emit_in_all_three_languages ... ok
2026-10-10T09:44:23.5538894Z 
2026-10-10T09:44:23.5540137Z test result: ok. 5 passed; 0 failed; 0 ignored; 0 measured; 0 filtered out; finished in 56.36s
2026-10-10T09:44:23.5540645Z 
2026-10-10T09:44:23.5675453Z [1m[92m     Running[0m tests/logical_shape_arguments.rs (target/debug/build/purrdf-shapes/96ff83fb19c5cd42/out/logical_shape_arguments-96ff83fb19c5cd42)
2026-10-10T09:44:23.5690505Z 
2026-10-10T09:44:23.5690777Z running 14 tests
2026-10-10T09:44:23.5702643Z test node_over_anonymous_property_shape ... ok
2026-10-10T09:44:23.5703548Z test node_over_named_property_shape ... ok
2026-10-10T09:44:23.5709842Z test node_over_node_shape_wrapping_a_property_shape ... ok
2026-10-10T09:44:23.5710796Z test and_over_property_shape_member ... ok
2026-10-10T09:44:23.5711652Z test not_over_anonymous_property_shape ... ok
2026-10-10T09:44:23.5712738Z test not_over_anonymous_property_shape_on_the_prepared_change_path ... ok
2026-10-10T09:44:23.5718703Z test not_over_named_property_shape ... ok
2026-10-10T09:44:23.5719627Z test not_over_node_shape_wrapping_a_property_shape ... ok
2026-10-10T09:44:23.5720762Z test or_over_property_shape_members ... ok
2026-10-10T09:44:23.5721791Z test qualified_value_shape_that_is_a_property_shape ... ok
2026-10-10T09:44:23.5723352Z test xone_reports_the_node_matching_both_members ... ok
2026-10-10T09:44:23.5724370Z test reifier_shape_that_is_a_property_shape ... ok
2026-10-10T09:44:23.5724959Z test reifier_shape_reached_through_sh_node ... ok
2026-10-10T09:44:23.5727421Z test xone_over_property_shape_members ... ok
2026-10-10T09:44:23.5727746Z 
2026-10-10T09:44:23.5728128Z test result: ok. 14 passed; 0 failed; 0 ignored; 0 measured; 0 filtered out; finished in 0.00s
2026-10-10T09:44:23.5728483Z 
2026-10-10T09:44:23.5732138Z [1m[92m     Running[0m tests/loss_ledger_golden.rs (target/debug/build/purrdf-shapes/3bbed34e7964fad5/out/loss_ledger_golden-3bbed34e7964fad5)
2026-10-10T09:44:23.5746556Z 
2026-10-10T09:44:23.5746718Z running 3 tests
2026-10-10T09:44:23.5787934Z test golden_shapes_ledger_is_sound ... ok
2026-10-10T09:44:23.5794043Z test shapes_loss_ledger_schema_version_is_pinned ... ok
2026-10-10T09:44:23.5794812Z test shapes_loss_ledger_has_not_drifted ... ok
2026-10-10T09:44:23.5795197Z 
2026-10-10T09:44:23.5796163Z test result: ok. 3 passed; 0 failed; 0 ignored; 0 measured; 0 filtered out; finished in 0.00s
2026-10-10T09:44:23.5796792Z 
2026-10-10T09:44:23.5800685Z [1m[92m     Running[0m tests/loss_ledger_soundness.rs (target/debug/build/purrdf-shapes/8144b1883f135fe2/out/loss_ledger_soundness-8144b1883f135fe2)
2026-10-10T09:44:23.5814378Z 
2026-10-10T09:44:23.5814521Z running 13 tests
2026-10-10T09:44:23.5848408Z test complete_green_with_the_correct_expected_codes ... ok
2026-10-10T09:44:23.5853896Z test complete_red_via_result_core_names_the_missing_code ... ok
2026-10-10T09:44:23.5854940Z test closed_by_types_records_its_declared_code_and_closed_true_does_not ... ok
2026-10-10T09:44:23.5856378Z test complete_red_when_a_real_recorded_code_is_omitted - should panic ... ok
2026-10-10T09:44:23.5857311Z test computed_values_record_their_declared_codes ... ok
2026-10-10T09:44:23.5858083Z test lossless_shape_compiles_with_empty_ledger ... ok
2026-10-10T09:44:23.5858928Z test path_valued_pairs_and_subset_of_record_declared_codes ... ok
2026-10-10T09:44:23.5860110Z test rejected_pattern_is_a_typed_emission_failure ... ok
2026-10-10T09:44:23.5860684Z test iri_valued_pairs_record_their_declared_codes ... ok
2026-10-10T09:44:23.5861182Z test category_pattern_translates_without_a_dialect_loss ... ok
2026-10-10T09:44:23.5861631Z test sound_green_for_real_compile_output ... ok
2026-10-10T09:44:23.5862064Z test unique_values_for_records_its_declared_code ... ok
2026-10-10T09:44:23.5864697Z test shacl12_constraints_record_declared_codes ... ok
2026-10-10T09:44:23.5865115Z 
2026-10-10T09:44:23.5866007Z test result: ok. 13 passed; 0 failed; 0 ignored; 0 measured; 0 filtered out; finished in 0.00s
2026-10-10T09:44:23.5866646Z 
2026-10-10T09:44:23.5870648Z [1m[92m     Running[0m tests/matched_leaf_prebinding.rs (target/debug/build/purrdf-shapes/e02ee957dcbf8e45/out/matched_leaf_prebinding-e02ee957dcbf8e45)
2026-10-10T09:44:23.5884447Z 
2026-10-10T09:44:23.5884649Z running 7 tests
2026-10-10T09:44:23.5916513Z test minus_remains_forbidden_at_the_shacl_loader ... ok
2026-10-10T09:44:23.5946768Z test missing_property_optional_and_controls_report_only_the_two_missing_nodes ... ok
2026-10-10T09:44:23.6006518Z test optional_and_minus_answer_alike_on_every_lane ... ok
2026-10-10T09:44:23.6007841Z test cached_rebinding_uses_each_exact_focus_in_optional_and_nested_modifiers ... ok
2026-10-10T09:44:23.6009259Z test predicates_and_nested_predicates_rebind_and_non_iris_match_nothing ... ok
2026-10-10T09:44:23.6036693Z test every_focus_kind_keeps_its_identity_in_nested_matched_positions ... ok
2026-10-10T09:44:23.6054219Z test graph_name_only_bindings_are_local_in_optional_and_exists_scopes ... ok
2026-10-10T09:44:23.6054799Z 
2026-10-10T09:44:23.6055447Z test result: ok. 7 passed; 0 failed; 0 ignored; 0 measured; 0 filtered out; finished in 0.02s
2026-10-10T09:44:23.6056360Z 
2026-10-10T09:44:23.6060428Z [1m[92m     Running[0m tests/named_graph_view.rs (target/debug/build/purrdf-shapes/183cba8ce0df9ae4/out/named_graph_view-183cba8ce0df9ae4)
2026-10-10T09:44:23.6072981Z 
2026-10-10T09:44:23.6073132Z running 8 tests
2026-10-10T09:44:23.6077710Z test blank_empty_and_absent_graphs_are_selected_without_leaking_the_source ... ok
2026-10-10T09:44:23.6079077Z test collection_and_object_readers_honor_the_selected_default_graph ... ok
2026-10-10T09:44:23.6087253Z test construction_and_warm_native_probes_allocate_nothing_and_preserve_term_ids ... ok
2026-10-10T09:44:23.6090756Z test metadata_in_an_invisible_graph_does_not_allocate_a_base_row_dedup_table ... ok
2026-10-10T09:44:23.6092177Z test every_prepared_pattern_reads_only_the_selected_graph ... ok
2026-10-10T09:44:23.6093727Z test explicit_materialization_contains_exactly_the_projected_selected_graph ... ok
2026-10-10T09:44:23.6104197Z test core_classes_paths_and_sparql_return_the_same_complete_report_as_an_owned_graph ... ok
2026-10-10T09:44:23.6106342Z test shape_only_class_terms_preserve_the_selection_after_dictionary_supplementation ... ok
2026-10-10T09:44:23.6106867Z 
2026-10-10T09:44:23.6107407Z test result: ok. 8 passed; 0 failed; 0 ignored; 0 measured; 0 filtered out; finished in 0.00s
2026-10-10T09:44:23.6107782Z 
2026-10-10T09:44:23.6113382Z [1m[92m     Running[0m tests/native_xpath.rs (target/debug/build/purrdf-shapes/089596b07afeba70/out/native_xpath-089596b07afeba70)
2026-10-10T09:44:23.6126235Z 
2026-10-10T09:44:23.6126508Z running 28 tests
2026-10-10T09:44:23.7027657Z test a_node_expression_resource_refusal_aborts_and_the_neighbour_evaluates ... ok
2026-10-10T09:44:23.7050597Z test alternating_laws_and_failed_admission_preserve_the_actual_warm_program ... ok
2026-10-10T09:44:23.7076824Z test change_path_fallback_runs_sparql_regex_under_the_selected_law ... ok
2026-10-10T09:44:23.7101331Z test change_path_resource_refusal_raises_and_the_neighbour_is_admitted ... ok
2026-10-10T09:44:23.7146730Z test change_path_validates_core_patterns_under_the_selected_law ... ok
2026-10-10T09:44:23.7166619Z test constant_dynamic_regex_and_replace_share_native_query_selection ... ok
2026-10-10T09:44:23.7196692Z test copy_on_write_validation_options_preserve_the_original_cache_owner ... ok
2026-10-10T09:44:23.7474165Z test a_rules_resource_refusal_aborts_and_the_neighbour_runs ... ok
2026-10-10T09:44:23.7496698Z test every_binding_route_retains_the_selected_pattern_law ... ok
2026-10-10T09:44:23.7553615Z test every_rule_language_infers_under_each_selected_law ... ok
2026-10-10T09:44:23.7606675Z test global_rules_preserve_native_laws_and_reached_operational_refusals ... ok
2026-10-10T09:44:23.7636425Z test governed_native_validation_keeps_budget_and_pattern_refusals_distinct ... ok
2026-10-10T09:44:23.7637708Z test governed_target_and_constraint_queries_share_one_budget_without_partial_findings ... ok
2026-10-10T09:44:23.7696367Z test native_backreferences_reach_every_focus_door_without_changing_legacy ... ok
2026-10-10T09:44:23.7697962Z test native_operational_failure_aborts_nested_boolean_constraints ... ok
2026-10-10T09:44:23.7726459Z test node_expressions_evaluate_under_each_selected_law ... ok
2026-10-10T09:44:23.7786213Z test quoted_flag_obeys_the_selected_dated_law ... ok
2026-10-10T09:44:23.7787220Z test rules_entailment_constructs_under_the_selected_law_and_aborts_on_refusal ... ok
2026-10-10T09:44:23.7816462Z test selected_execution_preserves_prepared_product_bytes_and_restore_provenance ... ok
2026-10-10T09:44:23.7817639Z test some_value_query_failure_is_discarded_when_a_later_value_conforms ... ok
2026-10-10T09:44:23.7818774Z test some_value_query_resource_refusal_survives_a_later_conforming_value ... ok
2026-10-10T09:44:23.7819828Z test sparql_function_children_inherit_native_patterns_and_refusals ... ok
2026-10-10T09:44:23.7820793Z test strict_source_preflight_checks_untargeted_declarations ... ok
2026-10-10T09:44:23.7821801Z test target_binding_uses_the_selected_law_before_acquiring_focus_nodes ... ok
2026-10-10T09:44:23.8116926Z test text_graphs_validate_under_each_selected_law ... ok
2026-10-10T09:44:24.5538649Z test adversary_pattern_shapes_validate_at_the_production_defaults_like_the_compatibility_engine ... ok
2026-10-10T09:44:26.1466784Z test counted_pattern_shapes_validate_at_the_production_defaults_like_the_compatibility_engine ... ok
2026-10-10T09:44:34.2551977Z test a_backreference_blowup_pattern_shape_still_refuses_beside_a_conforming_neighbour ... ok
2026-10-10T09:44:34.2552577Z 
2026-10-10T09:44:34.2553111Z test result: ok. 28 passed; 0 failed; 0 ignored; 0 measured; 0 filtered out; finished in 10.64s
2026-10-10T09:44:34.2553626Z 
2026-10-10T09:44:34.2583527Z [1m[92m     Running[0m tests/never_panic.rs (target/debug/build/purrdf-shapes/a3fff8cb229fdb19/out/never_panic-a3fff8cb229fdb19)
2026-10-10T09:44:34.2598738Z 
2026-10-10T09:44:34.2598914Z running 7 tests
2026-10-10T09:44:34.2630181Z test cyclic_node_expression_graph_is_hard_error ... ok
2026-10-10T09:44:34.2686617Z test import_json_schema_never_panics ... ok
2026-10-10T09:44:34.2758282Z test import_linkml_never_panics ... ok
2026-10-10T09:44:34.2766651Z test shared_named_sub_expression_is_not_a_cycle ... ok
2026-10-10T09:44:34.2782860Z test parse_linkml_never_panics ... ok
2026-10-10T09:44:34.2821502Z test parse_shapes_never_panics_raw ... ok
2026-10-10T09:44:34.2880164Z test parse_shapes_never_panics_structured ... ok
2026-10-10T09:44:34.2880589Z 
2026-10-10T09:44:34.2881148Z test result: ok. 7 passed; 0 failed; 0 ignored; 0 measured; 0 filtered out; finished in 0.03s
2026-10-10T09:44:34.2881516Z 
2026-10-10T09:44:34.2886178Z [1m[92m     Running[0m tests/node_expr_reference.rs (target/debug/build/purrdf-shapes/b2c4c447950e7de7/out/node_expr_reference-b2c4c447950e7de7)
2026-10-10T09:44:34.2899437Z 
2026-10-10T09:44:34.2899598Z running 2 tests
2026-10-10T09:44:34.2917074Z test every_arm_declares_the_contract_its_clause_defines ... ok
2026-10-10T09:44:35.3907352Z test production_evaluation_matches_the_reference_interpreter ... ok
2026-10-10T09:44:35.3907874Z 
2026-10-10T09:44:35.3908459Z test result: ok. 2 passed; 0 failed; 0 ignored; 0 measured; 0 filtered out; finished in 1.10s
2026-10-10T09:44:35.3909004Z 
2026-10-10T09:44:35.3913913Z [1m[92m     Running[0m tests/node_expressions.rs (target/debug/build/purrdf-shapes/1ac612bc25af2f64/out/node_expressions-1ac612bc25af2f64)
2026-10-10T09:44:35.3929485Z 
2026-10-10T09:44:35.3929815Z running 53 tests
2026-10-10T09:44:35.3953394Z test a_computed_shape_argument_must_produce_exactly_one_iri ... ok
2026-10-10T09:44:35.3955014Z test a_list_expression_member_may_still_not_be_a_blank_node ... ok
2026-10-10T09:44:35.3956786Z test a_computed_shape_argument_that_names_no_shape_is_an_error ... ok
2026-10-10T09:44:35.3957935Z test a_list_expression_member_may_be_a_triple_term ... ok
2026-10-10T09:44:35.3959083Z test a_path_expression_with_sh_nodes_and_a_focus_node_is_refused ... ok
2026-10-10T09:44:35.3960654Z test a_key_the_selected_kind_does_not_read_is_refused_rather_than_dropped ... ok
2026-10-10T09:44:35.3962426Z test a_triple_term_flows_through_the_expression_language_as_a_value ... ok
2026-10-10T09:44:35.3963985Z test a_shape_operand_that_is_not_a_shape_fails_the_load_at_every_kind ... ok
2026-10-10T09:44:35.3965811Z test a_list_parameter_function_body_producing_two_nodes_is_an_evaluation_failure ... ok
2026-10-10T09:44:35.3967255Z test an_af_path_expression_walks_from_each_of_its_sh_nodes ... ok
2026-10-10T09:44:35.3968881Z test a_sparql_function_argument_producing_two_nodes_is_an_evaluation_failure ... ok
2026-10-10T09:44:35.3970855Z test an_unrecognised_shnex_term_on_an_expression_node_is_refused ... ok
2026-10-10T09:44:35.3972138Z test annotations_and_application_vocabulary_on_an_expression_node_still_load ... ok
2026-10-10T09:44:35.3973261Z test both_spellings_of_one_kind_on_one_node_is_ambiguous ... ok
2026-10-10T09:44:35.3983750Z test an_argument_that_produces_no_node_reaches_sparql_as_unbound ... ok
2026-10-10T09:44:35.3984763Z test concat_preserves_operand_order_and_duplicates ... ok
2026-10-10T09:44:35.3985983Z test conforms_to_shape_reports_the_conformance_of_one_node ... ok
2026-10-10T09:44:35.3987109Z test conforms_to_shape_accepts_a_computed_shape_argument ... ok
2026-10-10T09:44:35.3987953Z test empty_expression_yields_no_nodes ... ok
2026-10-10T09:44:35.3988905Z test conforms_to_shape_still_refuses_a_named_shape_that_does_not_exist ... ok
2026-10-10T09:44:35.3992567Z test filter_shape_preserves_input_order_and_duplicates ... ok
2026-10-10T09:44:35.4001057Z test find_first_yields_nothing_when_no_node_conforms ... ok
2026-10-10T09:44:35.4007076Z test distinct_keeps_first_occurrences_by_term_equality ... ok
2026-10-10T09:44:35.4008616Z test find_first_and_match_all_accept_the_empty_shape_but_not_an_undefined_iri ... ok
2026-10-10T09:44:35.4027733Z test flat_map_defaults_its_input_to_the_focus_node ... ok
2026-10-10T09:44:35.4028850Z test flat_map_rebinds_the_focus_per_input_node ... ok
2026-10-10T09:44:35.4029936Z test find_first_returns_the_first_conforming_node ... ok
2026-10-10T09:44:35.4032897Z test instances_of_includes_subclass_instances ... ok
2026-10-10T09:44:35.4033959Z test list_expression_preserves_authored_order ... ok
2026-10-10T09:44:35.4034605Z test match_all_against_a_declared_shape_still_answers_false_for_non_conforming_nodes ... ok
2026-10-10T09:44:35.4035342Z test node_by_expression_naming_a_missing_shape_fails_the_load_even_with_no_targets ... ok
2026-10-10T09:44:35.4036424Z test node_by_expression_reports_its_own_constraint_component ... ok
2026-10-10T09:44:35.4036943Z test match_all_is_true_only_when_every_node_conforms ... ok
2026-10-10T09:44:35.4037414Z test instances_of_takes_a_computed_class_expression ... ok
2026-10-10T09:44:35.4037871Z test node_by_expression_checks_a_repeated_shape_once ... ok
2026-10-10T09:44:35.4038313Z test path_values_multi_valued_focus_is_a_failure ... ok
2026-10-10T09:44:35.4038811Z test nodes_matching_selects_every_conforming_node_of_the_graph ... ok
2026-10-10T09:44:35.4039398Z test node_by_expression_resolves_named_shapes_through_lists_and_branches ... ok
2026-10-10T09:44:35.4039922Z test path_values_walks_from_the_context_focus ... ok
2026-10-10T09:44:35.4040336Z test path_values_walks_from_a_computed_focus ... ok
2026-10-10T09:44:35.4056656Z test remove_uses_term_equality_not_value_equality ... ok
2026-10-10T09:44:35.4059598Z test remove_drops_the_named_nodes_preserving_order ... ok
2026-10-10T09:44:35.4077593Z test node_by_expression_still_loads_for_named_shapes_and_computed_expressions ... ok
2026-10-10T09:44:35.4078556Z test sh_and_shnex_ordering_spellings_agree ... ok
2026-10-10T09:44:35.4079267Z test sh_and_shnex_paging_spellings_agree ... ok
2026-10-10T09:44:35.4080018Z test triple_term_expression_yields_a_triple_term ... ok
2026-10-10T09:44:35.4080995Z test the_same_five_expressions_load_when_the_keys_are_spelled_consistently ... ok
2026-10-10T09:44:35.4081595Z test two_different_kinds_on_one_node_is_ambiguous ... ok
2026-10-10T09:44:35.4082027Z test var_focus_node_resolves_to_the_focus ... ok
2026-10-10T09:44:35.4082405Z test var_unbound_name_yields_no_nodes ... ok
2026-10-10T09:44:35.4083022Z test var_value_resolves_to_the_value_node_under_test ... ok
2026-10-10T09:44:35.4083584Z test the_same_five_kinds_still_load_when_the_operand_really_is_a_shape ... ok
2026-10-10T09:44:35.4092991Z test sh_and_shnex_spellings_produce_identical_results ... ok
2026-10-10T09:44:35.4093459Z 
2026-10-10T09:44:35.4094104Z test result: ok. 53 passed; 0 failed; 0 ignored; 0 measured; 0 filtered out; finished in 0.02s
2026-10-10T09:44:35.4094744Z 
2026-10-10T09:44:35.4098931Z [1m[92m     Running[0m tests/ontology_schema_surface.rs (target/debug/build/purrdf-shapes/07e4a22490b2c493/out/ontology_schema_surface-07e4a22490b2c493)
2026-10-10T09:44:35.4114616Z 
2026-10-10T09:44:35.4114783Z running 29 tests
2026-10-10T09:44:35.4657073Z test a_restricted_property_is_judged_on_its_class_outside_its_domain ... ok
2026-10-10T09:44:35.4837130Z test a_subclass_projects_an_inherited_disjunction_its_owner_cannot ... ok
2026-10-10T09:44:35.5387018Z test all_language_emitter_outputs_are_byte_deterministic ... ok
2026-10-10T09:44:35.5446733Z test an_external_shape_cell_reports_xml_approximation_at_its_actual_validator ... ok
2026-10-10T09:44:35.6816993Z test a_subclass_shape_is_not_overridden_by_an_inherited_disjunction ... ok
2026-10-10T09:44:35.8646976Z test direct_shacl_shapes_stay_authoritative_over_restrictions ... ok
2026-10-10T09:44:37.2096917Z test every_language_emitter_carries_the_projection_or_records_its_loss ... ok
2026-10-10T09:44:37.3167175Z test every_schema_cell_that_admits_xml_reports_unchecked_representation ... ok
2026-10-10T09:44:38.2256867Z test facets_on_a_defined_datatype_restrict_its_definition ... ok
2026-10-10T09:44:38.2346658Z test graphql_names_literal_enumerations_beside_their_array_form ... ok
2026-10-10T09:44:38.2376487Z test iri_only_ontologies_report_no_class_expressions ... ok
2026-10-10T09:44:38.2526758Z test iri_only_output_changes_only_in_owl_property_values_and_precision ... ok
2026-10-10T09:44:38.2686635Z test iri_only_output_matches_its_golden ... ok
2026-10-10T09:44:38.4116938Z test compilation_manifest_and_emitters_are_deterministic ... ok
2026-10-10T09:44:38.5680536Z test manifest_reports_every_form_with_its_outcome_and_provenance ... ok
2026-10-10T09:44:42.3087123Z test json_schema_projection_judges_projected_instances ... ok
2026-10-10T09:44:42.3336890Z test ontology_property_surface_reaches_every_language_emitter ... ok
2026-10-10T09:44:42.4917089Z test ontology_with_every_anonymous_class_expression_compiles ... ok
2026-10-10T09:44:42.5107095Z test public_member_count_shapes_do_not_claim_an_xml_exclusion ... ok
2026-10-10T09:44:42.6687107Z test relation_carries_restriction_provenance_and_precision ... ok
2026-10-10T09:44:42.7647245Z test reported_outcomes_match_every_emitter_on_an_agent_provenance_slice ... ok
2026-10-10T09:44:42.7686410Z test shaped_only_mode_excludes_every_component ... ok
2026-10-10T09:44:44.3448398Z test ontology_complete_output_reads_back_through_every_importer ... ok
2026-10-10T09:44:44.3697242Z test universal_restriction_to_owl_nothing_forbids_the_property ... ok
2026-10-10T09:44:44.6326870Z test unrepresented_components_are_named_on_the_class_definition ... ok
2026-10-10T09:44:44.6726878Z test xml_exclusion_controls_keep_their_exact_shape_coverage ... ok
2026-10-10T09:44:46.3916577Z test thousands_of_restricted_classes_on_shared_properties_scale_linearly ... ok
2026-10-10T09:45:09.4235122Z test a_four_thousand_deep_subclass_chain_compiles_and_validates ... ok
2026-10-10T09:45:15.8977338Z test a_gene_ontology_sized_tree_references_inherited_restrictions ... ok
2026-10-10T09:45:15.8977704Z 
2026-10-10T09:45:15.8978105Z test result: ok. 29 passed; 0 failed; 0 ignored; 0 measured; 0 filtered out; finished in 40.49s
2026-10-10T09:45:15.8978483Z 
2026-10-10T09:45:15.9029750Z [1m[92m     Running[0m tests/owl_value_semantics.rs (target/debug/build/purrdf-shapes/3659f1d24a747e43/out/owl_value_semantics-3659f1d24a747e43)
2026-10-10T09:45:15.9045399Z 
2026-10-10T09:45:15.9045639Z running 29 tests
2026-10-10T09:45:15.9337170Z test a_datatype_range_admits_the_node_a_has_value_gives_it ... ok
2026-10-10T09:45:15.9606210Z test a_datatype_range_keeps_its_literals_and_takes_nodes ... ok
2026-10-10T09:45:15.9927275Z test a_cross_kind_has_value_or_has_self_is_read_by_owl_2_full ... ok
2026-10-10T09:45:15.9976424Z test a_hash_namespace_gives_the_schema_a_fragment_free_id ... ok
2026-10-10T09:45:16.0136866Z test a_class_disjoint_with_rdfs_literal_rejects_literals_exactly ... ok
2026-10-10T09:45:16.0437187Z test a_named_class_range_takes_a_literal_as_an_approximation ... ok
2026-10-10T09:45:16.1506785Z test a_node_value_meets_an_object_property_data_range ... ok
2026-10-10T09:45:16.1566686Z test a_subclass_of_the_empty_union_admits_no_instance ... ok
2026-10-10T09:45:16.1851213Z test a_facet_over_an_integer_admits_every_integer_datatype_within_it ... ok
2026-10-10T09:45:16.1886951Z test a_decimal_range_or_filler_admits_every_decimal_value_whatever_its_tag ... ok
2026-10-10T09:45:16.1888142Z test a_string_filler_admits_the_string_datatypes_derived_from_it ... ok
2026-10-10T09:45:16.1916565Z test a_universal_over_owl_thing_takes_a_literal_and_is_projected ... ok
2026-10-10T09:45:16.1937033Z test an_object_property_over_a_datatype_takes_its_literals ... ok
2026-10-10T09:45:16.2387082Z test cardinalities_beyond_64_bits_are_read_not_refused ... ok
2026-10-10T09:45:16.4249195Z test an_object_property_restricted_to_a_data_range_takes_its_literals ... ok
2026-10-10T09:45:16.4817072Z test empty_single_and_repeated_boolean_members_are_read_by_their_meaning ... ok
2026-10-10T09:45:16.5567094Z test class_fillers_of_a_property_that_takes_literals_admit_literals ... ok
2026-10-10T09:45:16.5626779Z test graphql_names_a_nested_type_apart_from_a_colliding_class ... ok
2026-10-10T09:45:16.6016884Z test every_property_takes_well_typed_literals_and_rejects_ill_typed_ones ... ok
2026-10-10T09:45:16.6405270Z test empty_fillers_and_ranges_admit_no_value ... ok
2026-10-10T09:45:16.6586587Z test owl_time_durations_take_bare_integer_years ... ok
2026-10-10T09:45:16.6606893Z test literals_an_object_property_takes_are_admitted_on_every_class_carrying_it ... ok
2026-10-10T09:45:16.7057106Z test prov_o_annotation_and_object_property_punning_compiles ... ok
2026-10-10T09:45:16.7156760Z test shacl_datatypes_stay_judged_by_tag ... ok
2026-10-10T09:45:16.7306728Z test qudt_datatype_properties_over_classes_are_read_by_owl_2_full ... ok
2026-10-10T09:45:16.7334273Z test self_restricted_and_xml_admitting_cells_are_approximations ... ok
2026-10-10T09:45:16.7476413Z test the_complement_of_a_restriction_that_always_holds_admits_no_instance ... ok
2026-10-10T09:45:16.8155085Z test string_facets_hold_of_every_string_datatype_literal ... ok
2026-10-10T09:45:16.9431298Z test an_enumeration_and_a_has_value_match_every_literal_of_an_equal_value ... ok
2026-10-10T09:45:16.9431697Z 
2026-10-10T09:45:16.9432077Z test result: ok. 29 passed; 0 failed; 0 ignored; 0 measured; 0 filtered out; finished in 1.04s
2026-10-10T09:45:16.9432433Z 
2026-10-10T09:45:16.9439373Z [1m[92m     Running[0m tests/exact_facets.rs (target/debug/build/purrdf-shex/ad523c9dfb58494a/out/exact_facets-ad523c9dfb58494a)
2026-10-10T09:45:16.9452425Z 
2026-10-10T09:45:16.9452629Z running 17 tests
2026-10-10T09:45:16.9467491Z test a_lossy_bound_does_not_leak_into_an_unrelated_constraint_shexc ... ok
2026-10-10T09:45:16.9468895Z test a_double_bound_keeps_binary_semantics_and_a_decimal_bound_is_exact ... ok
2026-10-10T09:45:16.9469737Z test a_double_bound_past_the_double_range_is_infinite ... ok
2026-10-10T09:45:16.9470765Z test a_lossy_bound_does_not_leak_into_an_unrelated_constraint_shexj ... ok
2026-10-10T09:45:16.9471577Z test bounds_survive_imports ... ok
2026-10-10T09:45:16.9472377Z test a_bound_past_the_f64_range_is_kept_by_the_exact_parsers_only ... ok
2026-10-10T09:45:16.9473395Z test bounds_sharing_one_double_parse_and_decide_by_their_digits ... ok
2026-10-10T09:45:16.9474316Z test exact_shape_maps_hold_under_a_selected_xpath_law ... ok
2026-10-10T09:45:16.9475069Z test bounds_survive_start_and_nesting ... ok
2026-10-10T09:45:16.9476357Z test exact_bounds_hold_under_a_selected_xpath_law ... ok
2026-10-10T09:45:16.9477293Z test imports_merge_equal_exact_bounds_and_refuse_different_ones ... ok
2026-10-10T09:45:16.9478186Z test integer_bounds_past_machine_words_are_exact ... ok
2026-10-10T09:45:16.9479047Z test the_exact_writer_matches_the_plain_one_on_exact_bounds ... ok
2026-10-10T09:45:16.9480009Z test two_bounds_of_one_constraint_sharing_an_ast_value_stay_apart ... ok
2026-10-10T09:45:16.9486844Z test the_exact_writer_round_trips_shexc_through_shexj ... ok
2026-10-10T09:45:16.9493494Z test the_exact_writer_round_trips_shexj ... ok
2026-10-10T09:45:16.9494947Z test the_lossy_ast_path_is_unchanged_and_the_shape_map_path_is_exact ... ok
2026-10-10T09:45:16.9495504Z 
2026-10-10T09:45:16.9496239Z test result: ok. 17 passed; 0 failed; 0 ignored; 0 measured; 0 filtered out; finished in 0.00s
2026-10-10T09:45:16.9496623Z 
2026-10-10T09:45:16.9499205Z [1m[92m     Running[0m tests/imports_unit.rs (target/debug/build/purrdf-shex/ba8f0fdf448bece1/out/imports_unit-ba8f0fdf448bece1)
2026-10-10T09:45:16.9510536Z 
2026-10-10T09:45:16.9510701Z running 6 tests
2026-10-10T09:45:16.9514819Z test conflicting_redefinition_errors ... ok
2026-10-10T09:45:16.9515885Z test cyclic_imports_terminate ... ok
2026-10-10T09:45:16.9517564Z test root_start_wins_over_import ... ok
2026-10-10T09:45:16.9517980Z test self_import_dedups ... ok
2026-10-10T09:45:16.9518357Z test transitive_import_merges_and_validates ... ok
2026-10-10T09:45:16.9518749Z test unresolved_import_errors ... ok
2026-10-10T09:45:16.9518945Z 
2026-10-10T09:45:16.9519304Z test result: ok. 6 passed; 0 failed; 0 ignored; 0 measured; 0 filtered out; finished in 0.00s
2026-10-10T09:45:16.9519661Z 
2026-10-10T09:45:16.9520656Z [1m[92m     Running[0m tests/language_tag_gate.rs (target/debug/build/purrdf-shex/c799d1a689f7b490/out/language_tag_gate-c799d1a689f7b490)
2026-10-10T09:45:16.9529526Z 
2026-10-10T09:45:16.9529700Z running 4 tests
2026-10-10T09:45:16.9538295Z test every_refused_stem_is_rejected_at_shexj_ingress ... ok
2026-10-10T09:45:16.9539372Z test every_refused_tag_is_rejected_at_shexj_ingress ... ok
2026-10-10T09:45:16.9542417Z test every_accepted_tag_survives_shexj_to_shexc_to_shexc ... ok
2026-10-10T09:45:16.9543605Z test every_accepted_stem_survives_shexj_to_shexc_to_shexc ... ok
2026-10-10T09:45:16.9543999Z 
2026-10-10T09:45:16.9544508Z test result: ok. 4 passed; 0 failed; 0 ignored; 0 measured; 0 filtered out; finished in 0.00s
2026-10-10T09:45:16.9544907Z 
2026-10-10T09:45:16.9546534Z [1m[92m     Running[0m tests/native_xpath.rs (target/debug/build/purrdf-shex/38fc3d425cc27d43/out/native_xpath-38fc3d425cc27d43)
2026-10-10T09:45:16.9558276Z 
2026-10-10T09:45:16.9558485Z running 11 tests
2026-10-10T09:45:16.9564892Z test compilation_and_matching_refusals_remain_typed_with_valid_neighbors ... ok
2026-10-10T09:45:16.9594820Z test current_bounds_are_admitted_before_a_reused_program_and_fuel_is_fresh ... ok
2026-10-10T09:45:16.9626831Z test interned_labeled_verdicts_do_not_survive_into_a_request_with_less_fuel ... ok
2026-10-10T09:45:16.9628072Z test negation_alternatives_references_and_partial_maps_do_not_erase_refusal ... ok
2026-10-10T09:45:16.9629230Z test reused_schema_selects_the_actual_dated_law_and_preserves_compatibility ... ok
2026-10-10T09:45:16.9630655Z test syntax_findings_are_not_reused_as_operational_verdicts ... ok
2026-10-10T09:45:16.9631682Z test textual_shape_map_door_preserves_both_parse_and_operational_causes ... ok
2026-10-10T09:45:16.9632716Z test triple_assignment_cannot_hide_an_operational_value_failure ... ok
2026-10-10T09:45:17.7943866Z test adversary_patterns_conform_at_the_production_defaults_like_the_compatibility_engine ... ok
2026-10-10T09:45:19.1563626Z test counted_repetition_patterns_conform_at_the_production_defaults_like_the_compatibility_engine ... ok
2026-10-10T09:45:28.3329686Z test a_backreference_blowup_pattern_still_refuses_beside_a_conformant_neighbour ... ok
2026-10-10T09:45:28.3330142Z 
2026-10-10T09:45:28.3330904Z test result: ok. 11 passed; 0 failed; 0 ignored; 0 measured; 0 filtered out; finished in 11.38s
2026-10-10T09:45:28.3331300Z 
2026-10-10T09:45:28.3337156Z [1m[92m     Running[0m tests/ownership_tests.rs (target/debug/build/purrdf-slice/15875e802d84e6d5/out/ownership_tests-15875e802d84e6d5)
2026-10-10T09:45:28.3348725Z 
2026-10-10T09:45:28.3348963Z running 15 tests
2026-10-10T09:45:28.3367930Z test declared_but_unowned_term ... ok
2026-10-10T09:45:28.3379018Z test describe_target_iri_reaches_dependency_walk ... ok
2026-10-10T09:45:28.3407378Z test every_rdf_artifact_carries_a_semantic_digest_and_no_other_kind_does ... ok
2026-10-10T09:45:28.3419903Z test group_aggregate_iri_reaches_dependency_walk ... ok
2026-10-10T09:45:28.3420901Z test construct_template_graph_iri_reaches_dependency_walk ... ok
2026-10-10T09:45:28.3421778Z test malformed_artifact_hard_fails_analysis ... ok
2026-10-10T09:45:28.3422626Z test ownership_conflict ... ok
2026-10-10T09:45:28.3423356Z test ownership_mismatch ... ok
2026-10-10T09:45:28.3424067Z test parsed_not_textual_edges ... ok
2026-10-10T09:45:28.3424999Z test order_by_function_iri_reaches_dependency_walk ... ok
2026-10-10T09:45:28.3433205Z test property_function_relation_iri_is_excluded_from_dependency_walk_when_configured ... ok
2026-10-10T09:45:28.3436966Z test path_independence ... ok
2026-10-10T09:45:28.3443676Z test single_validated_owner ... ok
2026-10-10T09:45:28.3447998Z test semantic_vs_nonsemantic ... ok
2026-10-10T09:45:28.3449845Z test values_quoted_triple_iri_reaches_dependency_walk ... ok
2026-10-10T09:45:28.3450325Z 
2026-10-10T09:45:28.3450965Z test result: ok. 15 passed; 0 failed; 0 ignored; 0 measured; 0 filtered out; finished in 0.01s
2026-10-10T09:45:28.3451579Z 
2026-10-10T09:45:28.3456593Z [1m[92m     Running[0m tests/fixtures.rs (target/debug/build/purrdf-sparql-algebra/79d9e09e0cd2ac25/out/fixtures-79d9e09e0cd2ac25)
2026-10-10T09:45:28.3465280Z 
2026-10-10T09:45:28.3465439Z running 2 tests
2026-10-10T09:45:28.3471984Z test negative_out_of_scope_and_malformed ... ok
2026-10-10T09:45:28.3478006Z test positive_in_scope_features ... ok
2026-10-10T09:45:28.3478388Z 
2026-10-10T09:45:28.3479076Z test result: ok. 2 passed; 0 failed; 0 ignored; 0 measured; 0 filtered out; finished in 0.00s
2026-10-10T09:45:28.3479710Z 
2026-10-10T09:45:28.3481088Z [1m[92m     Running[0m tests/iterative_traits.rs (target/debug/build/purrdf-sparql-algebra/b976d20ee164aa22/out/iterative_traits-b976d20ee164aa22)
2026-10-10T09:45:28.3490018Z 
2026-10-10T09:45:28.3490233Z running 3 tests
2026-10-10T09:45:28.3890753Z test generated_pairs_compare_as_the_derived_reference ... ok
2026-10-10T09:45:28.4092488Z test a_generated_tree_matches_the_derived_reference ... ok
2026-10-10T09:45:29.8026908Z test every_corpus_tree_matches_the_derived_reference ... ok
2026-10-10T09:45:29.8027467Z 
2026-10-10T09:45:29.8028116Z test result: ok. 3 passed; 0 failed; 0 ignored; 0 measured; 0 filtered out; finished in 1.45s
2026-10-10T09:45:29.8028631Z 
2026-10-10T09:45:29.8030661Z [1m[92m     Running[0m tests/lexer_owned_admission.rs (target/debug/build/purrdf-sparql-algebra/a2d62eb83ba0b777/out/lexer_owned_admission-a2d62eb83ba0b777)
2026-10-10T09:45:29.8041240Z 
2026-10-10T09:45:29.8041410Z running 3 tests
2026-10-10T09:45:29.8044261Z test first_token_capacity_refuses_before_allocating ... ok
2026-10-10T09:45:29.8047085Z test lexical_failure_releases_token_and_decoding_scratch_before_publication ... ok
2026-10-10T09:45:29.8441086Z test escaped_tokens_keep_exact_original_storage_and_scanner_values ... ok
2026-10-10T09:45:29.8441901Z 
2026-10-10T09:45:29.8442763Z test result: ok. 3 passed; 0 failed; 0 ignored; 0 measured; 0 filtered out; finished in 0.04s
2026-10-10T09:45:29.8443471Z 
2026-10-10T09:45:29.8445257Z [1m[92m     Running[0m tests/linear_property_paths.rs (target/debug/build/purrdf-sparql-algebra/38fd00528b1c5368/out/linear_property_paths-38fd00528b1c5368)
2026-10-10T09:45:29.8454280Z 
2026-10-10T09:45:29.8454446Z running 11 tests
2026-10-10T09:45:29.8467292Z test compact_serialization_uses_exact_registry_identity_and_keeps_calls_and_quoted_terms ... ok
2026-10-10T09:45:29.8469290Z test both_serializers_keep_data_predicates_distinct_under_namespace_and_exact_registries ... ok
2026-10-10T09:45:29.8471132Z test a_non_linear_element_preserves_the_whole_path_without_minting_join_points ... ok
2026-10-10T09:45:29.8472854Z test both_serializer_modes_protect_registry_collisions_inside_modifiers_and_exists ... ok
2026-10-10T09:45:29.8474218Z test linear_path_lowering_does_not_enable_annotation_or_triple_term_path_syntax ... ok
2026-10-10T09:45:29.8475089Z test every_object_and_path_has_its_own_collision_safe_hidden_join ... ok
2026-10-10T09:45:29.8476323Z test inverse_projection_is_the_normalized_triples_visible_order ... ok
2026-10-10T09:45:29.8477785Z [1m[92m     Running[0m tests/name_class_boundaries.rs (target/debug/build/purrdf-sparql-algebra/372dfe8c0e9f4f5f/out/name_class_boundaries-372dfe8c0e9f4f5f)
2026-10-10T09:45:29.8478906Z test serializer_modes_have_deterministic_predicate_spellings ... ok
2026-10-10T09:45:29.8479604Z test linear_paths_remain_forbidden_in_every_template_form ... ok
2026-10-10T09:45:29.8480388Z test update_display_protects_where_predicates_and_keeps_template_predicates_plain ... ok
2026-10-10T09:45:29.8481138Z test linear_paths_and_their_expansions_are_the_same_bgp ... ok
2026-10-10T09:45:29.8481574Z 
2026-10-10T09:45:29.8482056Z test result: ok. 11 passed; 0 failed; 0 ignored; 0 measured; 0 filtered out; finished in 0.00s
2026-10-10T09:45:29.8482625Z 
2026-10-10T09:45:29.8486610Z 
2026-10-10T09:45:29.8486879Z running 11 tests
2026-10-10T09:45:29.8490557Z test a_no_break_space_in_delimiter_position_is_refused ... ok
2026-10-10T09:45:29.8491545Z test a_zero_width_space_is_refused_in_delimiter_position ... ok
2026-10-10T09:45:29.8494533Z test a_scalar_that_opens_no_name_is_not_absorbed_into_one ... ok
2026-10-10T09:45:29.8495911Z test a_hyphen_after_a_variable_is_still_subtraction ... ok
2026-10-10T09:45:29.8497114Z test every_lawful_name_head_still_parses ... ok
2026-10-10T09:45:29.8498088Z test exactly_the_four_ws_members_separate_the_two_terms ... ok
2026-10-10T09:45:29.8498983Z test lawful_non_ascii_names_are_still_accepted ... ok
2026-10-10T09:45:29.8500337Z test the_lawful_neighbour_still_parses_and_still_names_three_variables ... ok
2026-10-10T09:45:29.8501423Z test lawful_non_ascii_variable_names_are_still_accepted ... ok
2026-10-10T09:45:29.8502178Z test non_ascii_whitespace_inside_an_iriref_still_parses ... ok
2026-10-10T09:45:29.8503530Z [1m[92m     Running[0m tests/nesting_bounded_by_memory.rs (target/debug/build/purrdf-sparql-algebra/a0c8ecb466556782/out/nesting_bounded_by_memory-a0c8ecb466556782)
2026-10-10T09:45:29.8505196Z test the_ogham_space_mark_is_a_name_character_not_a_separator ... ok
2026-10-10T09:45:29.8505966Z 
2026-10-10T09:45:29.8506734Z test result: ok. 11 passed; 0 failed; 0 ignored; 0 measured; 0 filtered out; finished in 0.00s
2026-10-10T09:45:29.8507389Z 
2026-10-10T09:45:29.8513104Z 
2026-10-10T09:45:29.8513740Z running 7 tests
2026-10-10T09:45:29.8557333Z test every_construct_one_level_deep_parses_to_the_same_algebra_on_any_stack ... ok
2026-10-10T09:45:29.9098321Z test brackets_a_hundred_thousand_deep_build_no_node ... ok
2026-10-10T09:45:30.1816908Z test a_linear_sequence_a_hundred_thousand_levels_deep_stays_connected ... ok
2026-10-10T09:45:30.2783331Z test linear_paths_a_hundred_thousand_deep_lower_on_a_small_stack ... ok
2026-10-10T09:45:30.3816690Z test nested_aggregates_are_refused_as_nested_aggregates_at_any_depth ... ok
2026-10-10T09:45:32.8282510Z test a_hundred_thousand_sibling_elements_parse_on_a_small_stack ... ok
2026-10-10T09:46:29.8551944Z test every_construct_parses_a_hundred_thousand_levels_deep_on_a_small_stack has been running for over 60 seconds
2026-10-10T09:47:55.6917027Z ##[error]The operation was canceled.
2026-10-10T09:47:55.7043670Z Post job cleanup.
2026-10-10T09:47:55.8011515Z [command]/usr/bin/git version
2026-10-10T09:47:55.8062800Z git version 2.55.0
2026-10-10T09:47:55.8105799Z Temporarily overriding HOME='/home/runner/work/_temp/ac1773ae-3765-4181-9c18-786622ba6d72' before making global git config changes
2026-10-10T09:47:55.8107790Z Adding repository directory to the temporary git global config as a safe directory
2026-10-10T09:47:55.8112413Z [command]/usr/bin/git config --global --add safe.directory /home/runner/work/purrdf/purrdf
2026-10-10T09:47:55.8156877Z Removing SSH command configuration
2026-10-10T09:47:55.8165125Z [command]/usr/bin/git config --local --name-only --get-regexp core\.sshCommand
2026-10-10T09:47:55.8214980Z [command]/usr/bin/git submodule foreach --recursive sh -c "git config --local --name-only --get-regexp 'core\.sshCommand' && git config --local --unset-all 'core.sshCommand' || :"
2026-10-10T09:47:55.8514714Z Removing HTTP extra header
2026-10-10T09:47:55.8521683Z [command]/usr/bin/git config --local --name-only --get-regexp http\.https\:\/\/github\.com\/\.extraheader
2026-10-10T09:47:55.8570255Z [command]/usr/bin/git submodule foreach --recursive sh -c "git config --local --name-only --get-regexp 'http\.https\:\/\/github\.com\/\.extraheader' && git config --local --unset-all 'http.https://github.com/.extraheader' || :"
2026-10-10T09:47:55.8908861Z Removing includeIf entries pointing to credentials config files
2026-10-10T09:47:55.8917502Z [command]/usr/bin/git config --local --name-only --get-regexp ^includeIf\.gitdir:
2026-10-10T09:47:55.8978229Z [command]/usr/bin/git submodule foreach --recursive git config --local --show-origin --name-only --get-regexp remote.origin.url
2026-10-10T09:47:55.9571407Z Cleaning up orphan processes
2026-10-10T09:47:55.9792205Z Terminate orphan process: pid (2686) (make)
2026-10-10T09:47:55.9837982Z Terminate orphan process: pid (2696) (sh)
2026-10-10T09:47:55.9863558Z Terminate orphan process: pid (2697) (cargo)
2026-10-10T09:47:55.9944956Z Terminate orphan process: pid (22856) (nesting_bounded_by_memory-a0c8ecb466556782)
