old_path	new_path
host-owner-packet/base/bindings/python/src/py_entail.rs	host-owner-packet/base/bindings/python/src/py_entail.rs.txt
host-owner-packet/base/bindings/python/src/py_gts_dataset.rs	host-owner-packet/base/bindings/python/src/py_gts_dataset.rs.txt
host-owner-packet/base/bindings/python/src/py_store/prepared.rs	host-owner-packet/base/bindings/python/src/py_store/prepared.rs.txt
host-owner-packet/base/bindings/python/src/py_store/query.rs	host-owner-packet/base/bindings/python/src/py_store/query.rs.txt
host-owner-packet/base/crates/rdf-capi/src/cursor.rs	host-owner-packet/base/crates/rdf-capi/src/cursor.rs.txt
host-owner-packet/base/crates/rdf-capi/src/graph.rs	host-owner-packet/base/crates/rdf-capi/src/graph.rs.txt
host-owner-packet/base/crates/rdf-capi/src/handles.rs	host-owner-packet/base/crates/rdf-capi/src/handles.rs.txt
host-owner-packet/base/crates/rdf-capi/src/query.rs	host-owner-packet/base/crates/rdf-capi/src/query.rs.txt
host-owner-packet/base/crates/rdf-capi/src/version.rs	host-owner-packet/base/crates/rdf-capi/src/version.rs.txt
host-owner-packet/base/crates/rdf-core/src/ir/dataset.rs	host-owner-packet/base/crates/rdf-core/src/ir/dataset.rs.txt
host-owner-packet/base/crates/rdf-core/src/ir/mutable.rs	host-owner-packet/base/crates/rdf-core/src/ir/mutable.rs.txt
host-owner-packet/final-followthrough/base/bindings/python/src/attestation.rs	host-owner-packet/final-followthrough/base/bindings/python/src/attestation.rs.txt
host-owner-packet/final-followthrough/base/bindings/python/src/py_gts_dataset.rs	host-owner-packet/final-followthrough/base/bindings/python/src/py_gts_dataset.rs.txt
host-owner-packet/final-followthrough/base/bindings/python/src/py_store/query.rs	host-owner-packet/final-followthrough/base/bindings/python/src/py_store/query.rs.txt
host-owner-packet/final-followthrough/base/crates/rdf-capi/src/query.rs	host-owner-packet/final-followthrough/base/crates/rdf-capi/src/query.rs.txt
host-owner-packet/final-followthrough/new/bindings/python/src/attestation.rs	host-owner-packet/final-followthrough/new/bindings/python/src/attestation.rs.txt
host-owner-packet/final-followthrough/new/bindings/python/src/py_gts_dataset.rs	host-owner-packet/final-followthrough/new/bindings/python/src/py_gts_dataset.rs.txt
host-owner-packet/final-followthrough/new/bindings/python/src/py_store/query.rs	host-owner-packet/final-followthrough/new/bindings/python/src/py_store/query.rs.txt
host-owner-packet/final-followthrough/new/crates/rdf-capi/src/query.rs	host-owner-packet/final-followthrough/new/crates/rdf-capi/src/query.rs.txt
host-owner-packet/followthrough/base/bindings/python/src/attestation.rs	host-owner-packet/followthrough/base/bindings/python/src/attestation.rs.txt
host-owner-packet/followthrough/base/bindings/python/src/py_projection.rs	host-owner-packet/followthrough/base/bindings/python/src/py_projection.rs.txt
host-owner-packet/followthrough/base/bindings/python/src/py_store/prepared.rs	host-owner-packet/followthrough/base/bindings/python/src/py_store/prepared.rs.txt
host-owner-packet/followthrough/base/bindings/python/src/py_store/query.rs	host-owner-packet/followthrough/base/bindings/python/src/py_store/query.rs.txt
host-owner-packet/followthrough/base/bindings/python/src/py_store/results.rs	host-owner-packet/followthrough/base/bindings/python/src/py_store/results.rs.txt
host-owner-packet/followthrough/new/bindings/python/src/attestation.rs	host-owner-packet/followthrough/new/bindings/python/src/attestation.rs.txt
host-owner-packet/followthrough/new/bindings/python/src/py_projection.rs	host-owner-packet/followthrough/new/bindings/python/src/py_projection.rs.txt
host-owner-packet/followthrough/new/bindings/python/src/py_store/prepared.rs	host-owner-packet/followthrough/new/bindings/python/src/py_store/prepared.rs.txt
host-owner-packet/followthrough/new/bindings/python/src/py_store/query.rs	host-owner-packet/followthrough/new/bindings/python/src/py_store/query.rs.txt
host-owner-packet/followthrough/new/bindings/python/src/py_store/results.rs	host-owner-packet/followthrough/new/bindings/python/src/py_store/results.rs.txt
host-owner-packet/new/bindings/python/src/py_entail.rs	host-owner-packet/new/bindings/python/src/py_entail.rs.txt
host-owner-packet/new/bindings/python/src/py_gts_dataset.rs	host-owner-packet/new/bindings/python/src/py_gts_dataset.rs.txt
host-owner-packet/new/bindings/python/src/py_store/prepared.rs	host-owner-packet/new/bindings/python/src/py_store/prepared.rs.txt
host-owner-packet/new/bindings/python/src/py_store/query.rs	host-owner-packet/new/bindings/python/src/py_store/query.rs.txt
host-owner-packet/new/crates/rdf-capi/src/cursor.rs	host-owner-packet/new/crates/rdf-capi/src/cursor.rs.txt
host-owner-packet/new/crates/rdf-capi/src/graph.rs	host-owner-packet/new/crates/rdf-capi/src/graph.rs.txt
host-owner-packet/new/crates/rdf-capi/src/handles.rs	host-owner-packet/new/crates/rdf-capi/src/handles.rs.txt
host-owner-packet/new/crates/rdf-capi/src/query.rs	host-owner-packet/new/crates/rdf-capi/src/query.rs.txt
host-owner-packet/new/crates/rdf-capi/src/version.rs	host-owner-packet/new/crates/rdf-capi/src/version.rs.txt
host-owner-packet/new/crates/rdf-core/src/ir/dataset.rs	host-owner-packet/new/crates/rdf-core/src/ir/dataset.rs.txt
host-owner-packet/new/crates/rdf-core/src/ir/mutable.rs	host-owner-packet/new/crates/rdf-core/src/ir/mutable.rs.txt
sparql-eval-complete-bounded-workspace/agg_fn-stat-native-postimage.rs	sparql-eval-complete-bounded-workspace/agg_fn-stat-native-postimage.rs.txt
sparql-eval-complete-bounded-workspace/algebra-admission-draft.rs	sparql-eval-complete-bounded-workspace/algebra-admission-draft.rs.txt
sparql-eval-complete-bounded-workspace/algebra-clippy-correction-3-postimages/crates/sparql-algebra/src/error.rs	sparql-eval-complete-bounded-workspace/algebra-clippy-correction-3-postimages/crates/sparql-algebra/src/error.rs.txt
sparql-eval-complete-bounded-workspace/algebra-clippy-correction-3-postimages/crates/sparql-algebra/src/lexer.rs	sparql-eval-complete-bounded-workspace/algebra-clippy-correction-3-postimages/crates/sparql-algebra/src/lexer.rs.txt
sparql-eval-complete-bounded-workspace/algebra-clippy-correction-3-postimages/crates/sparql-algebra/src/parser/machine.rs	sparql-eval-complete-bounded-workspace/algebra-clippy-correction-3-postimages/crates/sparql-algebra/src/parser/machine.rs.txt
sparql-eval-complete-bounded-workspace/algebra-clippy-correction-3-postimages/crates/sparql-algebra/src/parser/triples.rs	sparql-eval-complete-bounded-workspace/algebra-clippy-correction-3-postimages/crates/sparql-algebra/src/parser/triples.rs.txt
sparql-eval-complete-bounded-workspace/algebra-clippy-correction-3-postimages/crates/sparql-algebra/src/parser.rs	sparql-eval-complete-bounded-workspace/algebra-clippy-correction-3-postimages/crates/sparql-algebra/src/parser.rs.txt
sparql-eval-complete-bounded-workspace/algebra-clippy-correction-3-postimages/crates/sparql-algebra/src/serialize.rs	sparql-eval-complete-bounded-workspace/algebra-clippy-correction-3-postimages/crates/sparql-algebra/src/serialize.rs.txt
sparql-eval-complete-bounded-workspace/algebra-clippy-correction-3-postimages/crates/sparql-algebra/src/traits.rs	sparql-eval-complete-bounded-workspace/algebra-clippy-correction-3-postimages/crates/sparql-algebra/src/traits.rs.txt
sparql-eval-complete-bounded-workspace/algebra-clippy-correction-3-postimages/crates/sparql-algebra/src/validate.rs	sparql-eval-complete-bounded-workspace/algebra-clippy-correction-3-postimages/crates/sparql-algebra/src/validate.rs.txt
sparql-eval-complete-bounded-workspace/algebra-clippy-correction-3-postimages/crates/sparql-algebra/src/walk.rs	sparql-eval-complete-bounded-workspace/algebra-clippy-correction-3-postimages/crates/sparql-algebra/src/walk.rs.txt
sparql-eval-complete-bounded-workspace/blank-scope-visibility-native-baseline.rs	sparql-eval-complete-bounded-workspace/blank-scope-visibility-native-baseline.rs.txt
sparql-eval-complete-bounded-workspace/blank-scope-visibility-native-postimage.rs	sparql-eval-complete-bounded-workspace/blank-scope-visibility-native-postimage.rs.txt
sparql-eval-complete-bounded-workspace/bounded-semantic-matrix-draft.rs	sparql-eval-complete-bounded-workspace/bounded-semantic-matrix-draft.rs.txt
sparql-eval-complete-bounded-workspace/builder-compiler45-base/crates/rdf-core/tests/native_regex_storage.rs	sparql-eval-complete-bounded-workspace/builder-compiler45-base/crates/rdf-core/tests/native_regex_storage.rs.txt
sparql-eval-complete-bounded-workspace/builder-compiler45-new/crates/rdf-core/tests/native_regex_storage.rs	sparql-eval-complete-bounded-workspace/builder-compiler45-new/crates/rdf-core/tests/native_regex_storage.rs.txt
sparql-eval-complete-bounded-workspace/builder-scoped-blank-growth-base/crates/rdf-core/src/ir/builder.rs	sparql-eval-complete-bounded-workspace/builder-scoped-blank-growth-base/crates/rdf-core/src/ir/builder.rs.txt
sparql-eval-complete-bounded-workspace/builder-scoped-blank-growth-base/crates/rdf-core/tests/native_regex_storage.rs	sparql-eval-complete-bounded-workspace/builder-scoped-blank-growth-base/crates/rdf-core/tests/native_regex_storage.rs.txt
sparql-eval-complete-bounded-workspace/builder-scoped-blank-growth-new/crates/rdf-core/src/ir/builder.rs	sparql-eval-complete-bounded-workspace/builder-scoped-blank-growth-new/crates/rdf-core/src/ir/builder.rs.txt
sparql-eval-complete-bounded-workspace/builder-scoped-blank-growth-new/crates/rdf-core/tests/native_regex_storage.rs	sparql-eval-complete-bounded-workspace/builder-scoped-blank-growth-new/crates/rdf-core/tests/native_regex_storage.rs.txt
sparql-eval-complete-bounded-workspace/case_tables.generated.rs	sparql-eval-complete-bounded-workspace/case_tables.generated.rs.txt
sparql-eval-complete-bounded-workspace/case_tables.regenerated.rs	sparql-eval-complete-bounded-workspace/case_tables.regenerated.rs.txt
sparql-eval-complete-bounded-workspace/cdt-clippy-correction-postimages/base/crates/cdt/src/functions.rs	sparql-eval-complete-bounded-workspace/cdt-clippy-correction-postimages/base/crates/cdt/src/functions.rs.txt
sparql-eval-complete-bounded-workspace/cdt-clippy-correction-postimages/base/crates/cdt/src/limits.rs	sparql-eval-complete-bounded-workspace/cdt-clippy-correction-postimages/base/crates/cdt/src/limits.rs.txt
sparql-eval-complete-bounded-workspace/cdt-clippy-correction-postimages/base/crates/cdt/src/ops.rs	sparql-eval-complete-bounded-workspace/cdt-clippy-correction-postimages/base/crates/cdt/src/ops.rs.txt
sparql-eval-complete-bounded-workspace/cdt-clippy-correction-postimages/base/crates/cdt/src/render.rs	sparql-eval-complete-bounded-workspace/cdt-clippy-correction-postimages/base/crates/cdt/src/render.rs.txt
sparql-eval-complete-bounded-workspace/cdt-clippy-correction-postimages/base/crates/cdt/src/tree.rs	sparql-eval-complete-bounded-workspace/cdt-clippy-correction-postimages/base/crates/cdt/src/tree.rs.txt
sparql-eval-complete-bounded-workspace/cdt-clippy-correction-postimages/new/crates/cdt/src/functions.rs	sparql-eval-complete-bounded-workspace/cdt-clippy-correction-postimages/new/crates/cdt/src/functions.rs.txt
sparql-eval-complete-bounded-workspace/cdt-clippy-correction-postimages/new/crates/cdt/src/limits.rs	sparql-eval-complete-bounded-workspace/cdt-clippy-correction-postimages/new/crates/cdt/src/limits.rs.txt
sparql-eval-complete-bounded-workspace/cdt-clippy-correction-postimages/new/crates/cdt/src/ops.rs	sparql-eval-complete-bounded-workspace/cdt-clippy-correction-postimages/new/crates/cdt/src/ops.rs.txt
sparql-eval-complete-bounded-workspace/cdt-clippy-correction-postimages/new/crates/cdt/src/render.rs	sparql-eval-complete-bounded-workspace/cdt-clippy-correction-postimages/new/crates/cdt/src/render.rs.txt
sparql-eval-complete-bounded-workspace/cdt-clippy-correction-postimages/new/crates/cdt/src/tree.rs	sparql-eval-complete-bounded-workspace/cdt-clippy-correction-postimages/new/crates/cdt/src/tree.rs.txt
sparql-eval-complete-bounded-workspace/cdt-compiler32-base/crates/cdt/src/limits.rs	sparql-eval-complete-bounded-workspace/cdt-compiler32-base/crates/cdt/src/limits.rs.txt
sparql-eval-complete-bounded-workspace/cdt-compiler32-base/crates/cdt/src/render.rs	sparql-eval-complete-bounded-workspace/cdt-compiler32-base/crates/cdt/src/render.rs.txt
sparql-eval-complete-bounded-workspace/cdt-compiler32-base/crates/cdt/src/tree.rs	sparql-eval-complete-bounded-workspace/cdt-compiler32-base/crates/cdt/src/tree.rs.txt
sparql-eval-complete-bounded-workspace/cdt-compiler32-new/crates/cdt/src/limits.rs	sparql-eval-complete-bounded-workspace/cdt-compiler32-new/crates/cdt/src/limits.rs.txt
sparql-eval-complete-bounded-workspace/cdt-compiler32-new/crates/cdt/src/render.rs	sparql-eval-complete-bounded-workspace/cdt-compiler32-new/crates/cdt/src/render.rs.txt
sparql-eval-complete-bounded-workspace/cdt-compiler32-new/crates/cdt/src/tree.rs	sparql-eval-complete-bounded-workspace/cdt-compiler32-new/crates/cdt/src/tree.rs.txt
sparql-eval-complete-bounded-workspace/cdt-compiler33-base/crates/cdt/tests/value_relations.rs	sparql-eval-complete-bounded-workspace/cdt-compiler33-base/crates/cdt/tests/value_relations.rs.txt
sparql-eval-complete-bounded-workspace/cdt-compiler33-new/crates/cdt/tests/value_relations.rs	sparql-eval-complete-bounded-workspace/cdt-compiler33-new/crates/cdt/tests/value_relations.rs.txt
sparql-eval-complete-bounded-workspace/cdt-composite-owner-unit-fixtures.rs	sparql-eval-complete-bounded-workspace/cdt-composite-owner-unit-fixtures.rs.txt
sparql-eval-complete-bounded-workspace/cdt-composite-value-draft.rs	sparql-eval-complete-bounded-workspace/cdt-composite-value-draft.rs.txt
sparql-eval-complete-bounded-workspace/cdt-first-error-base/crates/cdt/src/memory.rs	sparql-eval-complete-bounded-workspace/cdt-first-error-base/crates/cdt/src/memory.rs.txt
sparql-eval-complete-bounded-workspace/cdt-first-error-base/crates/cdt/src/ops.rs	sparql-eval-complete-bounded-workspace/cdt-first-error-base/crates/cdt/src/ops.rs.txt
sparql-eval-complete-bounded-workspace/cdt-first-error-base/crates/lex/src/allocation.rs	sparql-eval-complete-bounded-workspace/cdt-first-error-base/crates/lex/src/allocation.rs.txt
sparql-eval-complete-bounded-workspace/cdt-first-error-fixtures.rs	sparql-eval-complete-bounded-workspace/cdt-first-error-fixtures.rs.txt
sparql-eval-complete-bounded-workspace/cdt-first-error-native-fixtures.rs	sparql-eval-complete-bounded-workspace/cdt-first-error-native-fixtures.rs.txt
sparql-eval-complete-bounded-workspace/cdt-first-error-new/crates/cdt/src/memory.rs	sparql-eval-complete-bounded-workspace/cdt-first-error-new/crates/cdt/src/memory.rs.txt
sparql-eval-complete-bounded-workspace/cdt-first-error-new/crates/cdt/src/ops.rs	sparql-eval-complete-bounded-workspace/cdt-first-error-new/crates/cdt/src/ops.rs.txt
sparql-eval-complete-bounded-workspace/cdt-first-error-new/crates/lex/src/allocation.rs	sparql-eval-complete-bounded-workspace/cdt-first-error-new/crates/lex/src/allocation.rs.txt
sparql-eval-complete-bounded-workspace/cdt-matrix44-fixture-base/crates/cdt/tests/value_relations.rs	sparql-eval-complete-bounded-workspace/cdt-matrix44-fixture-base/crates/cdt/tests/value_relations.rs.txt
sparql-eval-complete-bounded-workspace/cdt-matrix44-fixture-new/crates/cdt/tests/value_relations.rs	sparql-eval-complete-bounded-workspace/cdt-matrix44-fixture-new/crates/cdt/tests/value_relations.rs.txt
sparql-eval-complete-bounded-workspace/cdt-memory-draft.rs	sparql-eval-complete-bounded-workspace/cdt-memory-draft.rs.txt
sparql-eval-complete-bounded-workspace/cdt-primitive-base/crates/cdt/src/functions.rs	sparql-eval-complete-bounded-workspace/cdt-primitive-base/crates/cdt/src/functions.rs.txt
sparql-eval-complete-bounded-workspace/cdt-primitive-base/crates/cdt/src/limits.rs	sparql-eval-complete-bounded-workspace/cdt-primitive-base/crates/cdt/src/limits.rs.txt
sparql-eval-complete-bounded-workspace/cdt-primitive-base/crates/cdt/src/term.rs	sparql-eval-complete-bounded-workspace/cdt-primitive-base/crates/cdt/src/term.rs.txt
sparql-eval-complete-bounded-workspace/cdt-primitive-base/crates/cdt/src/tree.rs	sparql-eval-complete-bounded-workspace/cdt-primitive-base/crates/cdt/src/tree.rs.txt
sparql-eval-complete-bounded-workspace/cdt-primitive-base/crates/cdt/src/value.rs	sparql-eval-complete-bounded-workspace/cdt-primitive-base/crates/cdt/src/value.rs.txt
sparql-eval-complete-bounded-workspace/cdt-primitive-base/crates/lex/src/allocation.rs	sparql-eval-complete-bounded-workspace/cdt-primitive-base/crates/lex/src/allocation.rs.txt
sparql-eval-complete-bounded-workspace/cdt-primitive-dispatch-kernels.rs	sparql-eval-complete-bounded-workspace/cdt-primitive-dispatch-kernels.rs.txt
sparql-eval-complete-bounded-workspace/cdt-primitive-list-kernels.rs	sparql-eval-complete-bounded-workspace/cdt-primitive-list-kernels.rs.txt
sparql-eval-complete-bounded-workspace/cdt-primitive-map-kernels.rs	sparql-eval-complete-bounded-workspace/cdt-primitive-map-kernels.rs.txt
sparql-eval-complete-bounded-workspace/cdt-primitive-native-fixtures.rs	sparql-eval-complete-bounded-workspace/cdt-primitive-native-fixtures.rs.txt
sparql-eval-complete-bounded-workspace/cdt-primitive-new/crates/cdt/src/functions.rs	sparql-eval-complete-bounded-workspace/cdt-primitive-new/crates/cdt/src/functions.rs.txt
sparql-eval-complete-bounded-workspace/cdt-primitive-new/crates/cdt/src/limits.rs	sparql-eval-complete-bounded-workspace/cdt-primitive-new/crates/cdt/src/limits.rs.txt
sparql-eval-complete-bounded-workspace/cdt-primitive-new/crates/cdt/src/term.rs	sparql-eval-complete-bounded-workspace/cdt-primitive-new/crates/cdt/src/term.rs.txt
sparql-eval-complete-bounded-workspace/cdt-primitive-new/crates/cdt/src/tree.rs	sparql-eval-complete-bounded-workspace/cdt-primitive-new/crates/cdt/src/tree.rs.txt
sparql-eval-complete-bounded-workspace/cdt-primitive-new/crates/cdt/src/value.rs	sparql-eval-complete-bounded-workspace/cdt-primitive-new/crates/cdt/src/value.rs.txt
sparql-eval-complete-bounded-workspace/cdt-primitive-new/crates/lex/src/allocation.rs	sparql-eval-complete-bounded-workspace/cdt-primitive-new/crates/lex/src/allocation.rs.txt
sparql-eval-complete-bounded-workspace/cdt-primitive-stable-sort.rs	sparql-eval-complete-bounded-workspace/cdt-primitive-stable-sort.rs.txt
sparql-eval-complete-bounded-workspace/cdt-primitive-term-native.rs	sparql-eval-complete-bounded-workspace/cdt-primitive-term-native.rs.txt
sparql-eval-complete-bounded-workspace/cdt-primitive-tree-clone.rs	sparql-eval-complete-bounded-workspace/cdt-primitive-tree-clone.rs.txt
sparql-eval-complete-bounded-workspace/cdt-primitive-value-native.rs	sparql-eval-complete-bounded-workspace/cdt-primitive-value-native.rs.txt
sparql-eval-complete-bounded-workspace/certainty-owner-draft.rs	sparql-eval-complete-bounded-workspace/certainty-owner-draft.rs.txt
sparql-eval-complete-bounded-workspace/certainty-owner-lifetime-fixtures.rs	sparql-eval-complete-bounded-workspace/certainty-owner-lifetime-fixtures.rs.txt
sparql-eval-complete-bounded-workspace/certainty-owner-postimages/crates/sparql-eval/src/expr.rs	sparql-eval-complete-bounded-workspace/certainty-owner-postimages/crates/sparql-eval/src/expr.rs.txt
sparql-eval-complete-bounded-workspace/certainty-owner-postimages/crates/sparql-eval/src/property_fn_plan.rs	sparql-eval-complete-bounded-workspace/certainty-owner-postimages/crates/sparql-eval/src/property_fn_plan.rs.txt
sparql-eval-complete-bounded-workspace/certainty-owner-postimages/crates/sparql-eval/src/solution.rs	sparql-eval-complete-bounded-workspace/certainty-owner-postimages/crates/sparql-eval/src/solution.rs.txt
sparql-eval-complete-bounded-workspace/certainty-owner-postimages/crates/sparql-eval/src/workspace.rs	sparql-eval-complete-bounded-workspace/certainty-owner-postimages/crates/sparql-eval/src/workspace.rs.txt
sparql-eval-complete-bounded-workspace/compatibility-thread-priority-postimages/crates/rdf-core/src/xsd_regex/xpath/pike.rs	sparql-eval-complete-bounded-workspace/compatibility-thread-priority-postimages/crates/rdf-core/src/xsd_regex/xpath/pike.rs.txt
sparql-eval-complete-bounded-workspace/compatibility_tables.generated.rs	sparql-eval-complete-bounded-workspace/compatibility_tables.generated.rs.txt
sparql-eval-complete-bounded-workspace/compatibility_tables.regenerated.rs	sparql-eval-complete-bounded-workspace/compatibility_tables.regenerated.rs.txt
sparql-eval-complete-bounded-workspace/compiler36-base/crates/sparql-eval/src/bgp.rs	sparql-eval-complete-bounded-workspace/compiler36-base/crates/sparql-eval/src/bgp.rs.txt
sparql-eval-complete-bounded-workspace/compiler36-base/crates/sparql-eval/src/blank_scope.rs	sparql-eval-complete-bounded-workspace/compiler36-base/crates/sparql-eval/src/blank_scope.rs.txt
sparql-eval-complete-bounded-workspace/compiler36-base/crates/sparql-eval/src/governor/soundness.rs	sparql-eval-complete-bounded-workspace/compiler36-base/crates/sparql-eval/src/governor/soundness.rs.txt
sparql-eval-complete-bounded-workspace/compiler36-base/crates/sparql-eval/src/property_fn_plan.rs	sparql-eval-complete-bounded-workspace/compiler36-base/crates/sparql-eval/src/property_fn_plan.rs.txt
sparql-eval-complete-bounded-workspace/compiler36-base/crates/sparql-eval/src/template.rs	sparql-eval-complete-bounded-workspace/compiler36-base/crates/sparql-eval/src/template.rs.txt
sparql-eval-complete-bounded-workspace/compiler36-new/crates/sparql-eval/src/bgp.rs	sparql-eval-complete-bounded-workspace/compiler36-new/crates/sparql-eval/src/bgp.rs.txt
sparql-eval-complete-bounded-workspace/compiler36-new/crates/sparql-eval/src/blank_scope.rs	sparql-eval-complete-bounded-workspace/compiler36-new/crates/sparql-eval/src/blank_scope.rs.txt
sparql-eval-complete-bounded-workspace/compiler36-new/crates/sparql-eval/src/governor/soundness.rs	sparql-eval-complete-bounded-workspace/compiler36-new/crates/sparql-eval/src/governor/soundness.rs.txt
sparql-eval-complete-bounded-workspace/compiler36-new/crates/sparql-eval/src/property_fn_plan.rs	sparql-eval-complete-bounded-workspace/compiler36-new/crates/sparql-eval/src/property_fn_plan.rs.txt
sparql-eval-complete-bounded-workspace/compiler36-new/crates/sparql-eval/src/template.rs	sparql-eval-complete-bounded-workspace/compiler36-new/crates/sparql-eval/src/template.rs.txt
sparql-eval-complete-bounded-workspace/compiler36-root-postimages/crates/sparql-eval/src/agg_fn.rs	sparql-eval-complete-bounded-workspace/compiler36-root-postimages/crates/sparql-eval/src/agg_fn.rs.txt
sparql-eval-complete-bounded-workspace/compiler36-root-postimages/crates/sparql-eval/src/contain.rs	sparql-eval-complete-bounded-workspace/compiler36-root-postimages/crates/sparql-eval/src/contain.rs.txt
sparql-eval-complete-bounded-workspace/compiler36-root-postimages/crates/sparql-eval/src/engine.rs	sparql-eval-complete-bounded-workspace/compiler36-root-postimages/crates/sparql-eval/src/engine.rs.txt
sparql-eval-complete-bounded-workspace/compiler36-root-postimages/crates/sparql-eval/src/plan_cache.rs	sparql-eval-complete-bounded-workspace/compiler36-root-postimages/crates/sparql-eval/src/plan_cache.rs.txt
sparql-eval-complete-bounded-workspace/compiler36-root-postimages/crates/sparql-eval/src/property_fn.rs	sparql-eval-complete-bounded-workspace/compiler36-root-postimages/crates/sparql-eval/src/property_fn.rs.txt
sparql-eval-complete-bounded-workspace/compiler36-root-postimages/crates/sparql-eval/src/property_fn_eval.rs	sparql-eval-complete-bounded-workspace/compiler36-root-postimages/crates/sparql-eval/src/property_fn_eval.rs.txt
sparql-eval-complete-bounded-workspace/compiler36-root-postimages/crates/sparql-eval/src/witness.rs	sparql-eval-complete-bounded-workspace/compiler36-root-postimages/crates/sparql-eval/src/witness.rs.txt
sparql-eval-complete-bounded-workspace/compiler38-root-postimages/crates/sparql-eval/src/witness.rs	sparql-eval-complete-bounded-workspace/compiler38-root-postimages/crates/sparql-eval/src/witness.rs.txt
sparql-eval-complete-bounded-workspace/compiler38-root-postimages/crates/sparql-eval/tests/numeric_aggregate_ownership.rs	sparql-eval-complete-bounded-workspace/compiler38-root-postimages/crates/sparql-eval/tests/numeric_aggregate_ownership.rs.txt
sparql-eval-complete-bounded-workspace/compiler38-root-postimages/crates/sparql-eval/tests/ranked_declaration.rs	sparql-eval-complete-bounded-workspace/compiler38-root-postimages/crates/sparql-eval/tests/ranked_declaration.rs.txt
sparql-eval-complete-bounded-workspace/compiler38-root-postimages/crates/sparql-eval/tests/relation_witness.rs	sparql-eval-complete-bounded-workspace/compiler38-root-postimages/crates/sparql-eval/tests/relation_witness.rs.txt
sparql-eval-complete-bounded-workspace/correlated-compiler-27-postimages/crates/sparql-eval/src/binop.rs	sparql-eval-complete-bounded-workspace/correlated-compiler-27-postimages/crates/sparql-eval/src/binop.rs.txt
sparql-eval-complete-bounded-workspace/correlated-compiler-27-postimages/crates/sparql-eval/src/enf.rs	sparql-eval-complete-bounded-workspace/correlated-compiler-27-postimages/crates/sparql-eval/src/enf.rs.txt
sparql-eval-complete-bounded-workspace/correlated-compiler-27-postimages/crates/sparql-eval/src/expr.rs	sparql-eval-complete-bounded-workspace/correlated-compiler-27-postimages/crates/sparql-eval/src/expr.rs.txt
sparql-eval-complete-bounded-workspace/correlated-compiler-27-postimages/crates/sparql-eval/src/parallel.rs	sparql-eval-complete-bounded-workspace/correlated-compiler-27-postimages/crates/sparql-eval/src/parallel.rs.txt
sparql-eval-complete-bounded-workspace/correlated-compiler-27-postimages/crates/sparql-eval/src/service_endpoints.rs	sparql-eval-complete-bounded-workspace/correlated-compiler-27-postimages/crates/sparql-eval/src/service_endpoints.rs.txt
sparql-eval-complete-bounded-workspace/correlated-compiler-27-postimages/crates/sparql-eval/src/substitute.rs	sparql-eval-complete-bounded-workspace/correlated-compiler-27-postimages/crates/sparql-eval/src/substitute.rs.txt
sparql-eval-complete-bounded-workspace/correlated-compiler-27-postimages/crates/sparql-eval/src/workspace.rs	sparql-eval-complete-bounded-workspace/correlated-compiler-27-postimages/crates/sparql-eval/src/workspace.rs.txt
sparql-eval-complete-bounded-workspace/correlated-deferral-owner.rs	sparql-eval-complete-bounded-workspace/correlated-deferral-owner.rs.txt
sparql-eval-complete-bounded-workspace/correlated-delivery-lookup-postimages/bgp.rs	sparql-eval-complete-bounded-workspace/correlated-delivery-lookup-postimages/bgp.rs.txt
sparql-eval-complete-bounded-workspace/correlated-delivery-lookup-postimages/binop.rs	sparql-eval-complete-bounded-workspace/correlated-delivery-lookup-postimages/binop.rs.txt
sparql-eval-complete-bounded-workspace/correlated-delivery-lookup-postimages/eval.rs	sparql-eval-complete-bounded-workspace/correlated-delivery-lookup-postimages/eval.rs.txt
sparql-eval-complete-bounded-workspace/correlated-delivery-lookup-postimages/expr.rs	sparql-eval-complete-bounded-workspace/correlated-delivery-lookup-postimages/expr.rs.txt
sparql-eval-complete-bounded-workspace/correlated-delivery-lookup-postimages/scratch.rs	sparql-eval-complete-bounded-workspace/correlated-delivery-lookup-postimages/scratch.rs.txt
sparql-eval-complete-bounded-workspace/correlated-environment-owner.rs	sparql-eval-complete-bounded-workspace/correlated-environment-owner.rs.txt
sparql-eval-complete-bounded-workspace/correlated-exists-owner-postimages/crates/sparql-algebra/src/owned.rs	sparql-eval-complete-bounded-workspace/correlated-exists-owner-postimages/crates/sparql-algebra/src/owned.rs.txt
sparql-eval-complete-bounded-workspace/correlated-exists-owner-postimages/crates/sparql-algebra/src/traits.rs	sparql-eval-complete-bounded-workspace/correlated-exists-owner-postimages/crates/sparql-algebra/src/traits.rs.txt
sparql-eval-complete-bounded-workspace/correlated-exists-owner-postimages/crates/sparql-eval/src/binop.rs	sparql-eval-complete-bounded-workspace/correlated-exists-owner-postimages/crates/sparql-eval/src/binop.rs.txt
sparql-eval-complete-bounded-workspace/correlated-exists-owner-postimages/crates/sparql-eval/src/deferred_exists.rs	sparql-eval-complete-bounded-workspace/correlated-exists-owner-postimages/crates/sparql-eval/src/deferred_exists.rs.txt
sparql-eval-complete-bounded-workspace/correlated-exists-owner-postimages/crates/sparql-eval/src/enf.rs	sparql-eval-complete-bounded-workspace/correlated-exists-owner-postimages/crates/sparql-eval/src/enf.rs.txt
sparql-eval-complete-bounded-workspace/correlated-exists-owner-postimages/crates/sparql-eval/src/error.rs	sparql-eval-complete-bounded-workspace/correlated-exists-owner-postimages/crates/sparql-eval/src/error.rs.txt
sparql-eval-complete-bounded-workspace/correlated-exists-owner-postimages/crates/sparql-eval/src/eval.rs	sparql-eval-complete-bounded-workspace/correlated-exists-owner-postimages/crates/sparql-eval/src/eval.rs.txt
sparql-eval-complete-bounded-workspace/correlated-exists-owner-postimages/crates/sparql-eval/src/exists_admission_gate.rs	sparql-eval-complete-bounded-workspace/correlated-exists-owner-postimages/crates/sparql-eval/src/exists_admission_gate.rs.txt
sparql-eval-complete-bounded-workspace/correlated-exists-owner-postimages/crates/sparql-eval/src/expr.rs	sparql-eval-complete-bounded-workspace/correlated-exists-owner-postimages/crates/sparql-eval/src/expr.rs.txt
sparql-eval-complete-bounded-workspace/correlated-exists-owner-postimages/crates/sparql-eval/src/governor/charge_points.rs	sparql-eval-complete-bounded-workspace/correlated-exists-owner-postimages/crates/sparql-eval/src/governor/charge_points.rs.txt
sparql-eval-complete-bounded-workspace/correlated-exists-owner-postimages/crates/sparql-eval/src/modifier.rs	sparql-eval-complete-bounded-workspace/correlated-exists-owner-postimages/crates/sparql-eval/src/modifier.rs.txt
sparql-eval-complete-bounded-workspace/correlated-exists-owner-postimages/crates/sparql-eval/src/parallel.rs	sparql-eval-complete-bounded-workspace/correlated-exists-owner-postimages/crates/sparql-eval/src/parallel.rs.txt
sparql-eval-complete-bounded-workspace/correlated-exists-owner-postimages/crates/sparql-eval/src/plan/mod.rs	sparql-eval-complete-bounded-workspace/correlated-exists-owner-postimages/crates/sparql-eval/src/plan/mod.rs.txt
sparql-eval-complete-bounded-workspace/correlated-exists-owner-postimages/crates/sparql-eval/src/protocol.rs	sparql-eval-complete-bounded-workspace/correlated-exists-owner-postimages/crates/sparql-eval/src/protocol.rs.txt
sparql-eval-complete-bounded-workspace/correlated-exists-owner-postimages/crates/sparql-eval/src/row_checkpoint.rs	sparql-eval-complete-bounded-workspace/correlated-exists-owner-postimages/crates/sparql-eval/src/row_checkpoint.rs.txt
sparql-eval-complete-bounded-workspace/correlated-exists-owner-postimages/crates/sparql-eval/src/service_endpoints.rs	sparql-eval-complete-bounded-workspace/correlated-exists-owner-postimages/crates/sparql-eval/src/service_endpoints.rs.txt
sparql-eval-complete-bounded-workspace/correlated-exists-owner-postimages/crates/sparql-eval/src/substitute.rs	sparql-eval-complete-bounded-workspace/correlated-exists-owner-postimages/crates/sparql-eval/src/substitute.rs.txt
sparql-eval-complete-bounded-workspace/correlated-exists-owner-postimages/crates/sparql-eval/src/user_fn.rs	sparql-eval-complete-bounded-workspace/correlated-exists-owner-postimages/crates/sparql-eval/src/user_fn.rs.txt
sparql-eval-complete-bounded-workspace/correlated-exists-owner-postimages/crates/sparql-eval/src/workspace.rs	sparql-eval-complete-bounded-workspace/correlated-exists-owner-postimages/crates/sparql-eval/src/workspace.rs.txt
sparql-eval-complete-bounded-workspace/correlated-exists-owner-postimages/crates/sparql-eval/src/xpath_regex.rs	sparql-eval-complete-bounded-workspace/correlated-exists-owner-postimages/crates/sparql-eval/src/xpath_regex.rs.txt
sparql-eval-complete-bounded-workspace/correlated-exists-owner-postimages/crates/sparql-eval/tests/correlated_owned_admission.rs	sparql-eval-complete-bounded-workspace/correlated-exists-owner-postimages/crates/sparql-eval/tests/correlated_owned_admission.rs.txt
sparql-eval-complete-bounded-workspace/correlated-native-traffic-postimages/binop.rs	sparql-eval-complete-bounded-workspace/correlated-native-traffic-postimages/binop.rs.txt
sparql-eval-complete-bounded-workspace/correlated-native-traffic-postimages/correlated_owned_admission.rs	sparql-eval-complete-bounded-workspace/correlated-native-traffic-postimages/correlated_owned_admission.rs.txt
sparql-eval-complete-bounded-workspace/correlated-outer-row-owner.rs	sparql-eval-complete-bounded-workspace/correlated-outer-row-owner.rs.txt
sparql-eval-complete-bounded-workspace/correlated-owner-before-traffic-probe.rs	sparql-eval-complete-bounded-workspace/correlated-owner-before-traffic-probe.rs.txt
sparql-eval-complete-bounded-workspace/correlated-owner-fixtures.rs	sparql-eval-complete-bounded-workspace/correlated-owner-fixtures.rs.txt
sparql-eval-complete-bounded-workspace/correlated-owner-support.rs	sparql-eval-complete-bounded-workspace/correlated-owner-support.rs.txt
sparql-eval-complete-bounded-workspace/correlated-prepared-owner.rs	sparql-eval-complete-bounded-workspace/correlated-prepared-owner.rs.txt
sparql-eval-complete-bounded-workspace/correlated-public-fixtures.rs	sparql-eval-complete-bounded-workspace/correlated-public-fixtures.rs.txt
sparql-eval-complete-bounded-workspace/correlated-rewrite-expressions.rs	sparql-eval-complete-bounded-workspace/correlated-rewrite-expressions.rs.txt
sparql-eval-complete-bounded-workspace/correlated-rewrite-values.rs	sparql-eval-complete-bounded-workspace/correlated-rewrite-values.rs.txt
sparql-eval-complete-bounded-workspace/correlated-sites-owner.rs	sparql-eval-complete-bounded-workspace/correlated-sites-owner.rs.txt
sparql-eval-complete-bounded-workspace/correlated_owned_admission-compiler38-postimage.rs	sparql-eval-complete-bounded-workspace/correlated_owned_admission-compiler38-postimage.rs.txt
sparql-eval-complete-bounded-workspace/custom-aggregate-native-direct.rs	sparql-eval-complete-bounded-workspace/custom-aggregate-native-direct.rs.txt
sparql-eval-complete-bounded-workspace/custom-aggregate-native-owners.rs	sparql-eval-complete-bounded-workspace/custom-aggregate-native-owners.rs.txt
sparql-eval-complete-bounded-workspace/custom-aggregate-owned-entry-fixtures.rs	sparql-eval-complete-bounded-workspace/custom-aggregate-owned-entry-fixtures.rs.txt
sparql-eval-complete-bounded-workspace/custom-contextual-owner-fixture.rs	sparql-eval-complete-bounded-workspace/custom-contextual-owner-fixture.rs.txt
sparql-eval-complete-bounded-workspace/custom_aggregate_ownership-compiler38-postimage.rs	sparql-eval-complete-bounded-workspace/custom_aggregate_ownership-compiler38-postimage.rs.txt
sparql-eval-complete-bounded-workspace/deferred_exists-compiler36-baseline.rs	sparql-eval-complete-bounded-workspace/deferred_exists-compiler36-baseline.rs.txt
sparql-eval-complete-bounded-workspace/deferred_exists-compiler36-postimage.rs	sparql-eval-complete-bounded-workspace/deferred_exists-compiler36-postimage.rs.txt
sparql-eval-complete-bounded-workspace/enf-compiler36-baseline.rs	sparql-eval-complete-bounded-workspace/enf-compiler36-baseline.rs.txt
sparql-eval-complete-bounded-workspace/enf-compiler36-postimage.rs	sparql-eval-complete-bounded-workspace/enf-compiler36-postimage.rs.txt
sparql-eval-complete-bounded-workspace/error-native-json-postimage.rs	sparql-eval-complete-bounded-workspace/error-native-json-postimage.rs.txt
sparql-eval-complete-bounded-workspace/error-native-results-postimage.rs	sparql-eval-complete-bounded-workspace/error-native-results-postimage.rs.txt
sparql-eval-complete-bounded-workspace/evaluator-clippy-correction-5-postimages/crates/sparql-eval/src/binop.rs	sparql-eval-complete-bounded-workspace/evaluator-clippy-correction-5-postimages/crates/sparql-eval/src/binop.rs.txt
sparql-eval-complete-bounded-workspace/evaluator-clippy-correction-5-postimages/crates/sparql-eval/src/deferred_exists.rs	sparql-eval-complete-bounded-workspace/evaluator-clippy-correction-5-postimages/crates/sparql-eval/src/deferred_exists.rs.txt
sparql-eval-complete-bounded-workspace/evaluator-clippy-correction-5-postimages/crates/sparql-eval/src/enf.rs	sparql-eval-complete-bounded-workspace/evaluator-clippy-correction-5-postimages/crates/sparql-eval/src/enf.rs.txt
sparql-eval-complete-bounded-workspace/evaluator-clippy-correction-5-postimages/crates/sparql-eval/src/eval.rs	sparql-eval-complete-bounded-workspace/evaluator-clippy-correction-5-postimages/crates/sparql-eval/src/eval.rs.txt
sparql-eval-complete-bounded-workspace/evaluator-clippy-correction-5-postimages/crates/sparql-eval/src/expr.rs	sparql-eval-complete-bounded-workspace/evaluator-clippy-correction-5-postimages/crates/sparql-eval/src/expr.rs.txt
sparql-eval-complete-bounded-workspace/evaluator-clippy-correction-5-postimages/crates/sparql-eval/src/parallel.rs	sparql-eval-complete-bounded-workspace/evaluator-clippy-correction-5-postimages/crates/sparql-eval/src/parallel.rs.txt
sparql-eval-complete-bounded-workspace/evaluator-clippy-correction-5-postimages/crates/sparql-eval/src/remote.rs	sparql-eval-complete-bounded-workspace/evaluator-clippy-correction-5-postimages/crates/sparql-eval/src/remote.rs.txt
sparql-eval-complete-bounded-workspace/evaluator-clippy-correction-5-postimages/crates/sparql-eval/src/remote_http.rs	sparql-eval-complete-bounded-workspace/evaluator-clippy-correction-5-postimages/crates/sparql-eval/src/remote_http.rs.txt
sparql-eval-complete-bounded-workspace/evaluator-clippy-correction-5-postimages/crates/sparql-eval/src/scratch.rs	sparql-eval-complete-bounded-workspace/evaluator-clippy-correction-5-postimages/crates/sparql-eval/src/scratch.rs.txt
sparql-eval-complete-bounded-workspace/evaluator-clippy-correction-5-postimages/crates/sparql-eval/src/service_endpoints.rs	sparql-eval-complete-bounded-workspace/evaluator-clippy-correction-5-postimages/crates/sparql-eval/src/service_endpoints.rs.txt
sparql-eval-complete-bounded-workspace/evaluator-clippy-correction-5-postimages/crates/sparql-eval/src/substitute.rs	sparql-eval-complete-bounded-workspace/evaluator-clippy-correction-5-postimages/crates/sparql-eval/src/substitute.rs.txt
sparql-eval-complete-bounded-workspace/evaluator-clippy-correction-5-postimages/crates/sparql-eval/src/xpath_regex.rs	sparql-eval-complete-bounded-workspace/evaluator-clippy-correction-5-postimages/crates/sparql-eval/src/xpath_regex.rs.txt
sparql-eval-complete-bounded-workspace/exclusion_lookup-native-service-postimage.rs	sparql-eval-complete-bounded-workspace/exclusion_lookup-native-service-postimage.rs.txt
sparql-eval-complete-bounded-workspace/execute-native-service-postimage.rs	sparql-eval-complete-bounded-workspace/execute-native-service-postimage.rs.txt
sparql-eval-complete-bounded-workspace/execute_dataset-native-service-postimage.rs	sparql-eval-complete-bounded-workspace/execute_dataset-native-service-postimage.rs.txt
sparql-eval-complete-bounded-workspace/expand-uchars-owner-draft.rs	sparql-eval-complete-bounded-workspace/expand-uchars-owner-draft.rs.txt
sparql-eval-complete-bounded-workspace/expand-uchars-owner-fixtures.rs	sparql-eval-complete-bounded-workspace/expand-uchars-owner-fixtures.rs.txt
sparql-eval-complete-bounded-workspace/expand-uchars-owner-postimages/crates/lex/src/allocation.rs	sparql-eval-complete-bounded-workspace/expand-uchars-owner-postimages/crates/lex/src/allocation.rs.txt
sparql-eval-complete-bounded-workspace/expand-uchars-owner-postimages/crates/lex/src/terminals.rs	sparql-eval-complete-bounded-workspace/expand-uchars-owner-postimages/crates/lex/src/terminals.rs.txt
sparql-eval-complete-bounded-workspace/expand-uchars-owner-postimages/crates/rdf-core/tests/native_regex_storage.rs	sparql-eval-complete-bounded-workspace/expand-uchars-owner-postimages/crates/rdf-core/tests/native_regex_storage.rs.txt
sparql-eval-complete-bounded-workspace/expr-compiler36-baseline.rs	sparql-eval-complete-bounded-workspace/expr-compiler36-baseline.rs.txt
sparql-eval-complete-bounded-workspace/expr-compiler36-postimage.rs	sparql-eval-complete-bounded-workspace/expr-compiler36-postimage.rs.txt
sparql-eval-complete-bounded-workspace/expr-owned-string-carrier-draft.rs	sparql-eval-complete-bounded-workspace/expr-owned-string-carrier-draft.rs.txt
sparql-eval-complete-bounded-workspace/expr-owned-triple-draft.rs	sparql-eval-complete-bounded-workspace/expr-owned-triple-draft.rs.txt
sparql-eval-complete-bounded-workspace/expr-vm-owner-postimage/crates/sparql-eval/src/expr.rs	sparql-eval-complete-bounded-workspace/expr-vm-owner-postimage/crates/sparql-eval/src/expr.rs.txt
sparql-eval-complete-bounded-workspace/expr-vm-owner-postimage/crates/sparql-eval/src/vm/mod.rs	sparql-eval-complete-bounded-workspace/expr-vm-owner-postimage/crates/sparql-eval/src/vm/mod.rs.txt
sparql-eval-complete-bounded-workspace/expr-vm-owner-postimage/crates/sparql-eval/src/vm/tests.rs	sparql-eval-complete-bounded-workspace/expr-vm-owner-postimage/crates/sparql-eval/src/vm/tests.rs.txt
sparql-eval-complete-bounded-workspace/expr-vm-string-owner-fixtures.rs	sparql-eval-complete-bounded-workspace/expr-vm-string-owner-fixtures.rs.txt
sparql-eval-complete-bounded-workspace/function_body_relation-native-service-postimage.rs	sparql-eval-complete-bounded-workspace/function_body_relation-native-service-postimage.rs.txt
sparql-eval-complete-bounded-workspace/fusion-native-service-postimage.rs	sparql-eval-complete-bounded-workspace/fusion-native-service-postimage.rs.txt
sparql-eval-complete-bounded-workspace/general-drop-postimages/crates/lex/src/walk.rs	sparql-eval-complete-bounded-workspace/general-drop-postimages/crates/lex/src/walk.rs.txt
sparql-eval-complete-bounded-workspace/general-drop-postimages/crates/sparql-algebra/src/owned.rs	sparql-eval-complete-bounded-workspace/general-drop-postimages/crates/sparql-algebra/src/owned.rs.txt
sparql-eval-complete-bounded-workspace/general-drop-postimages/crates/sparql-algebra/src/tree.rs	sparql-eval-complete-bounded-workspace/general-drop-postimages/crates/sparql-algebra/src/tree.rs.txt
sparql-eval-complete-bounded-workspace/general-drop-postimages/crates/sparql-algebra/tests/allocation_free_drop.rs	sparql-eval-complete-bounded-workspace/general-drop-postimages/crates/sparql-algebra/tests/allocation_free_drop.rs.txt
sparql-eval-complete-bounded-workspace/general-drop-postimages/drop_body.rs	sparql-eval-complete-bounded-workspace/general-drop-postimages/drop_body.rs.txt
sparql-eval-complete-bounded-workspace/governed-metadata-owner.rs	sparql-eval-complete-bounded-workspace/governed-metadata-owner.rs.txt
sparql-eval-complete-bounded-workspace/governed-metadata-postimages/crates/sparql-eval/src/engine.rs	sparql-eval-complete-bounded-workspace/governed-metadata-postimages/crates/sparql-eval/src/engine.rs.txt
sparql-eval-complete-bounded-workspace/graph-native-box.rs	sparql-eval-complete-bounded-workspace/graph-native-box.rs.txt
sparql-eval-complete-bounded-workspace/graph-native-builder-methods.rs	sparql-eval-complete-bounded-workspace/graph-native-builder-methods.rs.txt
sparql-eval-complete-bounded-workspace/graph-native-builder-tests.rs	sparql-eval-complete-bounded-workspace/graph-native-builder-tests.rs.txt
sparql-eval-complete-bounded-workspace/graph-native-hash.rs	sparql-eval-complete-bounded-workspace/graph-native-hash.rs.txt
sparql-eval-complete-bounded-workspace/graph-native-map.rs	sparql-eval-complete-bounded-workspace/graph-native-map.rs.txt
sparql-eval-complete-bounded-workspace/graph-native-postimages/crates/iri/src/langtag.rs	sparql-eval-complete-bounded-workspace/graph-native-postimages/crates/iri/src/langtag.rs.txt
sparql-eval-complete-bounded-workspace/graph-native-postimages/crates/lex/src/allocation.rs	sparql-eval-complete-bounded-workspace/graph-native-postimages/crates/lex/src/allocation.rs.txt
sparql-eval-complete-bounded-workspace/graph-native-postimages/crates/rdf-core/src/cdt_blank.rs	sparql-eval-complete-bounded-workspace/graph-native-postimages/crates/rdf-core/src/cdt_blank.rs.txt
sparql-eval-complete-bounded-workspace/graph-native-postimages/crates/rdf-core/src/hash.rs	sparql-eval-complete-bounded-workspace/graph-native-postimages/crates/rdf-core/src/hash.rs.txt
sparql-eval-complete-bounded-workspace/graph-native-postimages/crates/rdf-core/src/ir/builder.rs	sparql-eval-complete-bounded-workspace/graph-native-postimages/crates/rdf-core/src/ir/builder.rs.txt
sparql-eval-complete-bounded-workspace/graph-native-postimages/crates/rdf-core/src/ir/dataset.rs	sparql-eval-complete-bounded-workspace/graph-native-postimages/crates/rdf-core/src/ir/dataset.rs.txt
sparql-eval-complete-bounded-workspace/graph-native-postimages/crates/rdf-core/src/ir/mod.rs	sparql-eval-complete-bounded-workspace/graph-native-postimages/crates/rdf-core/src/ir/mod.rs.txt
sparql-eval-complete-bounded-workspace/graph-native-postimages/crates/rdf-core/src/ir/term.rs	sparql-eval-complete-bounded-workspace/graph-native-postimages/crates/rdf-core/src/ir/term.rs.txt
sparql-eval-complete-bounded-workspace/graph-native-postimages/crates/rdf-core/src/ir/validate.rs	sparql-eval-complete-bounded-workspace/graph-native-postimages/crates/rdf-core/src/ir/validate.rs.txt
sparql-eval-complete-bounded-workspace/graph-native-postimages/crates/rdf-core/src/lib.rs	sparql-eval-complete-bounded-workspace/graph-native-postimages/crates/rdf-core/src/lib.rs.txt
sparql-eval-complete-bounded-workspace/graph-native-postimages/crates/rdf-core/src/term_fixture.rs	sparql-eval-complete-bounded-workspace/graph-native-postimages/crates/rdf-core/src/term_fixture.rs.txt
sparql-eval-complete-bounded-workspace/graph-native-term-fixture.rs	sparql-eval-complete-bounded-workspace/graph-native-term-fixture.rs.txt
sparql-eval-complete-bounded-workspace/graph-native-validation.rs	sparql-eval-complete-bounded-workspace/graph-native-validation.rs.txt
sparql-eval-complete-bounded-workspace/hnsw-owner-postimages/error.rs	sparql-eval-complete-bounded-workspace/hnsw-owner-postimages/error.rs.txt
sparql-eval-complete-bounded-workspace/hnsw-owner-postimages/index.rs	sparql-eval-complete-bounded-workspace/hnsw-owner-postimages/index.rs.txt
sparql-eval-complete-bounded-workspace/hnsw-owner-postimages/invocation.rs	sparql-eval-complete-bounded-workspace/hnsw-owner-postimages/invocation.rs.txt
sparql-eval-complete-bounded-workspace/hnsw-owner-postimages/knn.rs	sparql-eval-complete-bounded-workspace/hnsw-owner-postimages/knn.rs.txt
sparql-eval-complete-bounded-workspace/hnsw-owner-postimages/relation.rs	sparql-eval-complete-bounded-workspace/hnsw-owner-postimages/relation.rs.txt
sparql-eval-complete-bounded-workspace/hnsw-owner-postimages/search.rs	sparql-eval-complete-bounded-workspace/hnsw-owner-postimages/search.rs.txt
sparql-eval-complete-bounded-workspace/hnsw-owner-postimages/workspace.rs	sparql-eval-complete-bounded-workspace/hnsw-owner-postimages/workspace.rs.txt
sparql-eval-complete-bounded-workspace/hnsw-peak-probe-postimage.rs	sparql-eval-complete-bounded-workspace/hnsw-peak-probe-postimage.rs.txt
sparql-eval-complete-bounded-workspace/ieee-inline-render-regressions.rs	sparql-eval-complete-bounded-workspace/ieee-inline-render-regressions.rs.txt
sparql-eval-complete-bounded-workspace/interned-graph-owner.rs	sparql-eval-complete-bounded-workspace/interned-graph-owner.rs.txt
sparql-eval-complete-bounded-workspace/interned-graph-postimages/crates/shapes/src/sparql.rs	sparql-eval-complete-bounded-workspace/interned-graph-postimages/crates/shapes/src/sparql.rs.txt
sparql-eval-complete-bounded-workspace/interned-graph-postimages/crates/sparql-eval/src/engine.rs	sparql-eval-complete-bounded-workspace/interned-graph-postimages/crates/sparql-eval/src/engine.rs.txt
sparql-eval-complete-bounded-workspace/interned-graph-postimages/crates/sparql-eval/src/interned.rs	sparql-eval-complete-bounded-workspace/interned-graph-postimages/crates/sparql-eval/src/interned.rs.txt
sparql-eval-complete-bounded-workspace/interned-graph-postimages/crates/sparql-eval/src/lib.rs	sparql-eval-complete-bounded-workspace/interned-graph-postimages/crates/sparql-eval/src/lib.rs.txt
sparql-eval-complete-bounded-workspace/interned-graph-postimages/crates/sparql-eval/src/retained.rs	sparql-eval-complete-bounded-workspace/interned-graph-postimages/crates/sparql-eval/src/retained.rs.txt
sparql-eval-complete-bounded-workspace/interned-graph-postimages/crates/sparql-eval/tests/segmented_query.rs	sparql-eval-complete-bounded-workspace/interned-graph-postimages/crates/sparql-eval/tests/segmented_query.rs.txt
sparql-eval-complete-bounded-workspace/interned-graph-retention-test.rs	sparql-eval-complete-bounded-workspace/interned-graph-retention-test.rs.txt
sparql-eval-complete-bounded-workspace/iri-term-display-draft.rs	sparql-eval-complete-bounded-workspace/iri-term-display-draft.rs.txt
sparql-eval-complete-bounded-workspace/json_escape-native-json-postimage.rs	sparql-eval-complete-bounded-workspace/json_escape-native-json-postimage.rs.txt
sparql-eval-complete-bounded-workspace/json_read-native-results-postimage.rs	sparql-eval-complete-bounded-workspace/json_read-native-results-postimage.rs.txt
sparql-eval-complete-bounded-workspace/knn-combined-cursor-postimage.rs	sparql-eval-complete-bounded-workspace/knn-combined-cursor-postimage.rs.txt
sparql-eval-complete-bounded-workspace/knn-cursor-invocation-postimage.rs	sparql-eval-complete-bounded-workspace/knn-cursor-invocation-postimage.rs.txt
sparql-eval-complete-bounded-workspace/lex-allocation-draft.rs	sparql-eval-complete-bounded-workspace/lex-allocation-draft.rs.txt
sparql-eval-complete-bounded-workspace/lib-native-results-postimage.rs	sparql-eval-complete-bounded-workspace/lib-native-results-postimage.rs.txt
sparql-eval-complete-bounded-workspace/list-compiler35-base/crates/sparql-eval/src/list_fn.rs	sparql-eval-complete-bounded-workspace/list-compiler35-base/crates/sparql-eval/src/list_fn.rs.txt
sparql-eval-complete-bounded-workspace/list-compiler35-new/crates/sparql-eval/src/list_fn.rs	sparql-eval-complete-bounded-workspace/list-compiler35-new/crates/sparql-eval/src/list_fn.rs.txt
sparql-eval-complete-bounded-workspace/list-native-base/crates/lex/src/walk.rs	sparql-eval-complete-bounded-workspace/list-native-base/crates/lex/src/walk.rs.txt
sparql-eval-complete-bounded-workspace/list-native-base/crates/rdf-core/src/collections.rs	sparql-eval-complete-bounded-workspace/list-native-base/crates/rdf-core/src/collections.rs.txt
sparql-eval-complete-bounded-workspace/list-native-base/crates/rdf-core/src/ir/term_walk.rs	sparql-eval-complete-bounded-workspace/list-native-base/crates/rdf-core/src/ir/term_walk.rs.txt
sparql-eval-complete-bounded-workspace/list-native-base/crates/sparql-eval/src/convert.rs	sparql-eval-complete-bounded-workspace/list-native-base/crates/sparql-eval/src/convert.rs.txt
sparql-eval-complete-bounded-workspace/list-native-base/crates/sparql-eval/src/eval.rs	sparql-eval-complete-bounded-workspace/list-native-base/crates/sparql-eval/src/eval.rs.txt
sparql-eval-complete-bounded-workspace/list-native-base/crates/sparql-eval/src/expr.rs	sparql-eval-complete-bounded-workspace/list-native-base/crates/sparql-eval/src/expr.rs.txt
sparql-eval-complete-bounded-workspace/list-native-base/crates/sparql-eval/src/list_fn.rs	sparql-eval-complete-bounded-workspace/list-native-base/crates/sparql-eval/src/list_fn.rs.txt
sparql-eval-complete-bounded-workspace/list-native-base/crates/sparql-eval/src/template.rs	sparql-eval-complete-bounded-workspace/list-native-base/crates/sparql-eval/src/template.rs.txt
sparql-eval-complete-bounded-workspace/list-native-base/crates/sparql-eval/src/user_fn.rs	sparql-eval-complete-bounded-workspace/list-native-base/crates/sparql-eval/src/user_fn.rs.txt
sparql-eval-complete-bounded-workspace/list-native-base/crates/sparql-eval/src/workspace.rs	sparql-eval-complete-bounded-workspace/list-native-base/crates/sparql-eval/src/workspace.rs.txt
sparql-eval-complete-bounded-workspace/list-native-new/crates/lex/src/walk.rs	sparql-eval-complete-bounded-workspace/list-native-new/crates/lex/src/walk.rs.txt
sparql-eval-complete-bounded-workspace/list-native-new/crates/rdf-core/src/collections.rs	sparql-eval-complete-bounded-workspace/list-native-new/crates/rdf-core/src/collections.rs.txt
sparql-eval-complete-bounded-workspace/list-native-new/crates/rdf-core/src/ir/term_walk.rs	sparql-eval-complete-bounded-workspace/list-native-new/crates/rdf-core/src/ir/term_walk.rs.txt
sparql-eval-complete-bounded-workspace/list-native-new/crates/sparql-eval/src/convert.rs	sparql-eval-complete-bounded-workspace/list-native-new/crates/sparql-eval/src/convert.rs.txt
sparql-eval-complete-bounded-workspace/list-native-new/crates/sparql-eval/src/eval.rs	sparql-eval-complete-bounded-workspace/list-native-new/crates/sparql-eval/src/eval.rs.txt
sparql-eval-complete-bounded-workspace/list-native-new/crates/sparql-eval/src/expr.rs	sparql-eval-complete-bounded-workspace/list-native-new/crates/sparql-eval/src/expr.rs.txt
sparql-eval-complete-bounded-workspace/list-native-new/crates/sparql-eval/src/list_fn.rs	sparql-eval-complete-bounded-workspace/list-native-new/crates/sparql-eval/src/list_fn.rs.txt
sparql-eval-complete-bounded-workspace/list-native-new/crates/sparql-eval/src/template.rs	sparql-eval-complete-bounded-workspace/list-native-new/crates/sparql-eval/src/template.rs.txt
sparql-eval-complete-bounded-workspace/list-native-new/crates/sparql-eval/src/user_fn.rs	sparql-eval-complete-bounded-workspace/list-native-new/crates/sparql-eval/src/user_fn.rs.txt
sparql-eval-complete-bounded-workspace/list-native-new/crates/sparql-eval/src/workspace.rs	sparql-eval-complete-bounded-workspace/list-native-new/crates/sparql-eval/src/workspace.rs.txt
sparql-eval-complete-bounded-workspace/literal-native-cdt-postimage.rs	sparql-eval-complete-bounded-workspace/literal-native-cdt-postimage.rs.txt
sparql-eval-complete-bounded-workspace/lowercase-native-base/crates/lex/examples/gen_unicode_tables.rs	sparql-eval-complete-bounded-workspace/lowercase-native-base/crates/lex/examples/gen_unicode_tables.rs.txt
sparql-eval-complete-bounded-workspace/lowercase-native-base/crates/lex/src/unicode.rs	sparql-eval-complete-bounded-workspace/lowercase-native-base/crates/lex/src/unicode.rs.txt
sparql-eval-complete-bounded-workspace/lowercase-native-base/crates/sparql-eval/src/expr.rs	sparql-eval-complete-bounded-workspace/lowercase-native-base/crates/sparql-eval/src/expr.rs.txt
sparql-eval-complete-bounded-workspace/lowercase-native-new/crates/lex/examples/gen_unicode_tables.rs	sparql-eval-complete-bounded-workspace/lowercase-native-new/crates/lex/examples/gen_unicode_tables.rs.txt
sparql-eval-complete-bounded-workspace/lowercase-native-new/crates/lex/src/unicode/case_tables.rs	sparql-eval-complete-bounded-workspace/lowercase-native-new/crates/lex/src/unicode/case_tables.rs.txt
sparql-eval-complete-bounded-workspace/lowercase-native-new/crates/lex/src/unicode/casing.rs	sparql-eval-complete-bounded-workspace/lowercase-native-new/crates/lex/src/unicode/casing.rs.txt
sparql-eval-complete-bounded-workspace/lowercase-native-new/crates/lex/src/unicode.rs	sparql-eval-complete-bounded-workspace/lowercase-native-new/crates/lex/src/unicode.rs.txt
sparql-eval-complete-bounded-workspace/lowercase-native-new/crates/sparql-eval/src/expr.rs	sparql-eval-complete-bounded-workspace/lowercase-native-new/crates/sparql-eval/src/expr.rs.txt
sparql-eval-complete-bounded-workspace/lowercase-native-new/crates/sparql-eval/tests/contextual_lowercase.rs	sparql-eval-complete-bounded-workspace/lowercase-native-new/crates/sparql-eval/tests/contextual_lowercase.rs.txt
sparql-eval-complete-bounded-workspace/memory-native-cdt-postimage.rs	sparql-eval-complete-bounded-workspace/memory-native-cdt-postimage.rs.txt
sparql-eval-complete-bounded-workspace/modifier-custom-native-baseline.rs	sparql-eval-complete-bounded-workspace/modifier-custom-native-baseline.rs.txt
sparql-eval-complete-bounded-workspace/modifier-custom-native-formatted.rs	sparql-eval-complete-bounded-workspace/modifier-custom-native-formatted.rs.txt
sparql-eval-complete-bounded-workspace/modifier-custom-native-postimage.rs	sparql-eval-complete-bounded-workspace/modifier-custom-native-postimage.rs.txt
sparql-eval-complete-bounded-workspace/modifier-custom-owners-baseline.rs	sparql-eval-complete-bounded-workspace/modifier-custom-owners-baseline.rs.txt
sparql-eval-complete-bounded-workspace/modifier-custom-owners-postimage.rs	sparql-eval-complete-bounded-workspace/modifier-custom-owners-postimage.rs.txt
sparql-eval-complete-bounded-workspace/modifier-visibility-native-baseline.rs	sparql-eval-complete-bounded-workspace/modifier-visibility-native-baseline.rs.txt
sparql-eval-complete-bounded-workspace/modifier-visibility-native-postimage.rs	sparql-eval-complete-bounded-workspace/modifier-visibility-native-postimage.rs.txt
sparql-eval-complete-bounded-workspace/multimodal_read_bound-native-service-postimage.rs	sparql-eval-complete-bounded-workspace/multimodal_read_bound-native-service-postimage.rs.txt
sparql-eval-complete-bounded-workspace/named-graph-typed-refusal-base/crates/sparql-eval/src/modifier.rs	sparql-eval-complete-bounded-workspace/named-graph-typed-refusal-base/crates/sparql-eval/src/modifier.rs.txt
sparql-eval-complete-bounded-workspace/named-graph-typed-refusal-new/crates/sparql-eval/src/modifier.rs	sparql-eval-complete-bounded-workspace/named-graph-typed-refusal-new/crates/sparql-eval/src/modifier.rs.txt
sparql-eval-complete-bounded-workspace/native-allocation-scope-fixtures.rs	sparql-eval-complete-bounded-workspace/native-allocation-scope-fixtures.rs.txt
sparql-eval-complete-bounded-workspace/native-call-runtime-error-postimage.rs	sparql-eval-complete-bounded-workspace/native-call-runtime-error-postimage.rs.txt
sparql-eval-complete-bounded-workspace/native-call-runtime-postimage.rs	sparql-eval-complete-bounded-workspace/native-call-runtime-postimage.rs.txt
sparql-eval-complete-bounded-workspace/native-call-slot-resident-reference.rs	sparql-eval-complete-bounded-workspace/native-call-slot-resident-reference.rs.txt
sparql-eval-complete-bounded-workspace/native-cdt-literal-semantics.rs	sparql-eval-complete-bounded-workspace/native-cdt-literal-semantics.rs.txt
sparql-eval-complete-bounded-workspace/native-cdt-memory-bridge.rs	sparql-eval-complete-bounded-workspace/native-cdt-memory-bridge.rs.txt
sparql-eval-complete-bounded-workspace/native-cdt-owner-fixtures.rs	sparql-eval-complete-bounded-workspace/native-cdt-owner-fixtures.rs.txt
sparql-eval-complete-bounded-workspace/native-cdt-owner-postimage/crates/cdt/src/lib.rs	sparql-eval-complete-bounded-workspace/native-cdt-owner-postimage/crates/cdt/src/lib.rs.txt
sparql-eval-complete-bounded-workspace/native-cdt-owner-postimage/crates/cdt/src/limits.rs	sparql-eval-complete-bounded-workspace/native-cdt-owner-postimage/crates/cdt/src/limits.rs.txt
sparql-eval-complete-bounded-workspace/native-cdt-owner-postimage/crates/cdt/src/memory.rs	sparql-eval-complete-bounded-workspace/native-cdt-owner-postimage/crates/cdt/src/memory.rs.txt
sparql-eval-complete-bounded-workspace/native-cdt-owner-postimage/crates/cdt/src/ops.rs	sparql-eval-complete-bounded-workspace/native-cdt-owner-postimage/crates/cdt/src/ops.rs.txt
sparql-eval-complete-bounded-workspace/native-cdt-owner-postimage/crates/cdt/src/parse.rs	sparql-eval-complete-bounded-workspace/native-cdt-owner-postimage/crates/cdt/src/parse.rs.txt
sparql-eval-complete-bounded-workspace/native-cdt-owner-postimage/crates/cdt/src/render.rs	sparql-eval-complete-bounded-workspace/native-cdt-owner-postimage/crates/cdt/src/render.rs.txt
sparql-eval-complete-bounded-workspace/native-cdt-owner-postimage/crates/cdt/src/tree.rs	sparql-eval-complete-bounded-workspace/native-cdt-owner-postimage/crates/cdt/src/tree.rs.txt
sparql-eval-complete-bounded-workspace/native-cdt-owner-postimage/crates/cdt/src/value.rs	sparql-eval-complete-bounded-workspace/native-cdt-owner-postimage/crates/cdt/src/value.rs.txt
sparql-eval-complete-bounded-workspace/native-cdt-owner-postimage/crates/iri/src/host.rs	sparql-eval-complete-bounded-workspace/native-cdt-owner-postimage/crates/iri/src/host.rs.txt
sparql-eval-complete-bounded-workspace/native-cdt-owner-postimage/crates/iri/src/lib.rs	sparql-eval-complete-bounded-workspace/native-cdt-owner-postimage/crates/iri/src/lib.rs.txt
sparql-eval-complete-bounded-workspace/native-cdt-owner-postimage/crates/iri/src/parse.rs	sparql-eval-complete-bounded-workspace/native-cdt-owner-postimage/crates/iri/src/parse.rs.txt
sparql-eval-complete-bounded-workspace/native-cdt-owner-postimage/crates/lex/src/allocation.rs	sparql-eval-complete-bounded-workspace/native-cdt-owner-postimage/crates/lex/src/allocation.rs.txt
sparql-eval-complete-bounded-workspace/native-cdt-owner-postimage/crates/lex/src/lib.rs	sparql-eval-complete-bounded-workspace/native-cdt-owner-postimage/crates/lex/src/lib.rs.txt
sparql-eval-complete-bounded-workspace/native-cdt-owner-postimage/crates/lex/src/walk.rs	sparql-eval-complete-bounded-workspace/native-cdt-owner-postimage/crates/lex/src/walk.rs.txt
sparql-eval-complete-bounded-workspace/native-cdt-owner-postimage/crates/sparql-eval/src/composite_value.rs	sparql-eval-complete-bounded-workspace/native-cdt-owner-postimage/crates/sparql-eval/src/composite_value.rs.txt
sparql-eval-complete-bounded-workspace/native-cdt-owner-postimage/crates/sparql-eval/src/lib.rs	sparql-eval-complete-bounded-workspace/native-cdt-owner-postimage/crates/sparql-eval/src/lib.rs.txt
sparql-eval-complete-bounded-workspace/native-cdt-owner-postimage/crates/sparql-eval/src/modifier.rs	sparql-eval-complete-bounded-workspace/native-cdt-owner-postimage/crates/sparql-eval/src/modifier.rs.txt
sparql-eval-complete-bounded-workspace/native-cdt-relations-fixtures.rs	sparql-eval-complete-bounded-workspace/native-cdt-relations-fixtures.rs.txt
sparql-eval-complete-bounded-workspace/native-clone-postimages/crates/sparql-algebra/src/algebra.rs	sparql-eval-complete-bounded-workspace/native-clone-postimages/crates/sparql-algebra/src/algebra.rs.txt
sparql-eval-complete-bounded-workspace/native-clone-postimages/crates/sparql-algebra/src/owned.rs	sparql-eval-complete-bounded-workspace/native-clone-postimages/crates/sparql-algebra/src/owned.rs.txt
sparql-eval-complete-bounded-workspace/native-diagnostic-clone-postimages/crates/iri/src/base.rs	sparql-eval-complete-bounded-workspace/native-diagnostic-clone-postimages/crates/iri/src/base.rs.txt
sparql-eval-complete-bounded-workspace/native-diagnostic-clone-postimages/crates/iri/src/error.rs	sparql-eval-complete-bounded-workspace/native-diagnostic-clone-postimages/crates/iri/src/error.rs.txt
sparql-eval-complete-bounded-workspace/native-diagnostic-clone-postimages/crates/lex/src/allocation.rs	sparql-eval-complete-bounded-workspace/native-diagnostic-clone-postimages/crates/lex/src/allocation.rs.txt
sparql-eval-complete-bounded-workspace/native-diagnostic-clone-postimages/crates/lex/src/diagnostic.rs	sparql-eval-complete-bounded-workspace/native-diagnostic-clone-postimages/crates/lex/src/diagnostic.rs.txt
sparql-eval-complete-bounded-workspace/native-diagnostic-clone-postimages/crates/rdf-core/src/diagnostic.rs	sparql-eval-complete-bounded-workspace/native-diagnostic-clone-postimages/crates/rdf-core/src/diagnostic.rs.txt
sparql-eval-complete-bounded-workspace/native-diagnostic-clone-tests-postimage.rs	sparql-eval-complete-bounded-workspace/native-diagnostic-clone-tests-postimage.rs.txt
sparql-eval-complete-bounded-workspace/native-diagnostic-owner-draft.rs	sparql-eval-complete-bounded-workspace/native-diagnostic-owner-draft.rs.txt
sparql-eval-complete-bounded-workspace/native-hnsw-bounded-query-tests.rs	sparql-eval-complete-bounded-workspace/native-hnsw-bounded-query-tests.rs.txt
sparql-eval-complete-bounded-workspace/native-preparation-compile-correction-base/crates/sparql-algebra/src/algebra.rs	sparql-eval-complete-bounded-workspace/native-preparation-compile-correction-base/crates/sparql-algebra/src/algebra.rs.txt
sparql-eval-complete-bounded-workspace/native-preparation-compile-correction-base/crates/sparql-algebra/src/ast.rs	sparql-eval-complete-bounded-workspace/native-preparation-compile-correction-base/crates/sparql-algebra/src/ast.rs.txt
sparql-eval-complete-bounded-workspace/native-preparation-compile-correction-base/crates/sparql-algebra/src/owned.rs	sparql-eval-complete-bounded-workspace/native-preparation-compile-correction-base/crates/sparql-algebra/src/owned.rs.txt
sparql-eval-complete-bounded-workspace/native-preparation-compile-correction-base/crates/sparql-algebra/src/validate.rs	sparql-eval-complete-bounded-workspace/native-preparation-compile-correction-base/crates/sparql-algebra/src/validate.rs.txt
sparql-eval-complete-bounded-workspace/native-preparation-compile-correction-base/crates/sparql-algebra/src/walk.rs	sparql-eval-complete-bounded-workspace/native-preparation-compile-correction-base/crates/sparql-algebra/src/walk.rs.txt
sparql-eval-complete-bounded-workspace/native-preparation-compile-correction-new/crates/sparql-algebra/src/algebra.rs	sparql-eval-complete-bounded-workspace/native-preparation-compile-correction-new/crates/sparql-algebra/src/algebra.rs.txt
sparql-eval-complete-bounded-workspace/native-preparation-compile-correction-new/crates/sparql-algebra/src/ast.rs	sparql-eval-complete-bounded-workspace/native-preparation-compile-correction-new/crates/sparql-algebra/src/ast.rs.txt
sparql-eval-complete-bounded-workspace/native-preparation-compile-correction-new/crates/sparql-algebra/src/owned.rs	sparql-eval-complete-bounded-workspace/native-preparation-compile-correction-new/crates/sparql-algebra/src/owned.rs.txt
sparql-eval-complete-bounded-workspace/native-preparation-compile-correction-new/crates/sparql-algebra/src/validate.rs	sparql-eval-complete-bounded-workspace/native-preparation-compile-correction-new/crates/sparql-algebra/src/validate.rs.txt
sparql-eval-complete-bounded-workspace/native-preparation-compile-correction-new/crates/sparql-algebra/src/walk.rs	sparql-eval-complete-bounded-workspace/native-preparation-compile-correction-new/crates/sparql-algebra/src/walk.rs.txt
sparql-eval-complete-bounded-workspace/native-prepare-postimages/check_owner.rs	sparql-eval-complete-bounded-workspace/native-prepare-postimages/check_owner.rs.txt
sparql-eval-complete-bounded-workspace/native-prepare-postimages/crates/sparql-eval/src/engine.rs	sparql-eval-complete-bounded-workspace/native-prepare-postimages/crates/sparql-eval/src/engine.rs.txt
sparql-eval-complete-bounded-workspace/native-prepare-postimages/crates/sparql-eval/src/plan_cache.rs	sparql-eval-complete-bounded-workspace/native-prepare-postimages/crates/sparql-eval/src/plan_cache.rs.txt
sparql-eval-complete-bounded-workspace/native-prepare-postimages/crates/sparql-eval/src/workspace.rs	sparql-eval-complete-bounded-workspace/native-prepare-postimages/crates/sparql-eval/src/workspace.rs.txt
sparql-eval-complete-bounded-workspace/native-prepare-postimages/key_owner.rs	sparql-eval-complete-bounded-workspace/native-prepare-postimages/key_owner.rs.txt
sparql-eval-complete-bounded-workspace/native-prepare-postimages/key_write.rs	sparql-eval-complete-bounded-workspace/native-prepare-postimages/key_write.rs.txt
sparql-eval-complete-bounded-workspace/native-prepare-postimages/parse_owner.rs	sparql-eval-complete-bounded-workspace/native-prepare-postimages/parse_owner.rs.txt
sparql-eval-complete-bounded-workspace/native-prepare-postimages/prepare_body.rs	sparql-eval-complete-bounded-workspace/native-prepare-postimages/prepare_body.rs.txt
sparql-eval-complete-bounded-workspace/native-prepare-postimages/request_owner.rs	sparql-eval-complete-bounded-workspace/native-prepare-postimages/request_owner.rs.txt
sparql-eval-complete-bounded-workspace/native-prepare-postimages/schema_owner.rs	sparql-eval-complete-bounded-workspace/native-prepare-postimages/schema_owner.rs.txt
sparql-eval-complete-bounded-workspace/native-property-containment-postimages/crates/sparql-eval/src/contain.rs	sparql-eval-complete-bounded-workspace/native-property-containment-postimages/crates/sparql-eval/src/contain.rs.txt
sparql-eval-complete-bounded-workspace/native-property-containment-postimages/crates/sparql-eval/src/property_fn.rs	sparql-eval-complete-bounded-workspace/native-property-containment-postimages/crates/sparql-eval/src/property_fn.rs.txt
sparql-eval-complete-bounded-workspace/native-property-containment-postimages/crates/sparql-eval/src/property_fn_eval.rs	sparql-eval-complete-bounded-workspace/native-property-containment-postimages/crates/sparql-eval/src/property_fn_eval.rs.txt
sparql-eval-complete-bounded-workspace/native-quoted-triple-drop-draft.rs	sparql-eval-complete-bounded-workspace/native-quoted-triple-drop-draft.rs.txt
sparql-eval-complete-bounded-workspace/native-quoted-triple-drop-fixture.rs	sparql-eval-complete-bounded-workspace/native-quoted-triple-drop-fixture.rs.txt
sparql-eval-complete-bounded-workspace/native-regex-cache-body-draft.rs	sparql-eval-complete-bounded-workspace/native-regex-cache-body-draft.rs.txt
sparql-eval-complete-bounded-workspace/native-regex-caller-lexical-frame-postimage.rs	sparql-eval-complete-bounded-workspace/native-regex-caller-lexical-frame-postimage.rs.txt
sparql-eval-complete-bounded-workspace/native-regex-caller-postimages/crates/rdf-core/src/small/shared.rs	sparql-eval-complete-bounded-workspace/native-regex-caller-postimages/crates/rdf-core/src/small/shared.rs.txt
sparql-eval-complete-bounded-workspace/native-regex-caller-postimages/crates/sparql-eval/src/expr.rs	sparql-eval-complete-bounded-workspace/native-regex-caller-postimages/crates/sparql-eval/src/expr.rs.txt
sparql-eval-complete-bounded-workspace/native-regex-caller-postimages/crates/sparql-eval/src/plan_cache.rs	sparql-eval-complete-bounded-workspace/native-regex-caller-postimages/crates/sparql-eval/src/plan_cache.rs.txt
sparql-eval-complete-bounded-workspace/native-regex-caller-postimages/crates/sparql-eval/src/vm/mod.rs	sparql-eval-complete-bounded-workspace/native-regex-caller-postimages/crates/sparql-eval/src/vm/mod.rs.txt
sparql-eval-complete-bounded-workspace/native-regex-caller-postimages/crates/sparql-eval/src/workspace.rs	sparql-eval-complete-bounded-workspace/native-regex-caller-postimages/crates/sparql-eval/src/workspace.rs.txt
sparql-eval-complete-bounded-workspace/native-regex-caller-postimages/crates/sparql-eval/src/xpath_regex.rs	sparql-eval-complete-bounded-workspace/native-regex-caller-postimages/crates/sparql-eval/src/xpath_regex.rs.txt
sparql-eval-complete-bounded-workspace/native-regex-compatibility-caller-unit.rs	sparql-eval-complete-bounded-workspace/native-regex-compatibility-caller-unit.rs.txt
sparql-eval-complete-bounded-workspace/native-regex-compatibility-core-fixtures.rs	sparql-eval-complete-bounded-workspace/native-regex-compatibility-core-fixtures.rs.txt
sparql-eval-complete-bounded-workspace/native-regex-compatibility-entry-fixtures.rs	sparql-eval-complete-bounded-workspace/native-regex-compatibility-entry-fixtures.rs.txt
sparql-eval-complete-bounded-workspace/native-regex-compatibility-generator-unit.rs	sparql-eval-complete-bounded-workspace/native-regex-compatibility-generator-unit.rs.txt
sparql-eval-complete-bounded-workspace/native-regex-compatibility-native-api.rs	sparql-eval-complete-bounded-workspace/native-regex-compatibility-native-api.rs.txt
sparql-eval-complete-bounded-workspace/native-regex-compatibility-postimages/crates/lex/examples/gen_unicode_tables.rs	sparql-eval-complete-bounded-workspace/native-regex-compatibility-postimages/crates/lex/examples/gen_unicode_tables.rs.txt
sparql-eval-complete-bounded-workspace/native-regex-compatibility-postimages/crates/rdf-core/src/xsd_regex/xpath/compatibility.rs	sparql-eval-complete-bounded-workspace/native-regex-compatibility-postimages/crates/rdf-core/src/xsd_regex/xpath/compatibility.rs.txt
sparql-eval-complete-bounded-workspace/native-regex-compatibility-postimages/crates/rdf-core/src/xsd_regex/xpath/compile.rs	sparql-eval-complete-bounded-workspace/native-regex-compatibility-postimages/crates/rdf-core/src/xsd_regex/xpath/compile.rs.txt
sparql-eval-complete-bounded-workspace/native-regex-compatibility-postimages/crates/rdf-core/src/xsd_regex/xpath/match.rs	sparql-eval-complete-bounded-workspace/native-regex-compatibility-postimages/crates/rdf-core/src/xsd_regex/xpath/match.rs.txt
sparql-eval-complete-bounded-workspace/native-regex-compatibility-postimages/crates/rdf-core/src/xsd_regex/xpath/mod.rs	sparql-eval-complete-bounded-workspace/native-regex-compatibility-postimages/crates/rdf-core/src/xsd_regex/xpath/mod.rs.txt
sparql-eval-complete-bounded-workspace/native-regex-compatibility-postimages/crates/rdf-core/src/xsd_regex/xpath/pike.rs	sparql-eval-complete-bounded-workspace/native-regex-compatibility-postimages/crates/rdf-core/src/xsd_regex/xpath/pike.rs.txt
sparql-eval-complete-bounded-workspace/native-regex-compatibility-postimages/crates/rdf-core/src/xsd_regex/xpath/replace.rs	sparql-eval-complete-bounded-workspace/native-regex-compatibility-postimages/crates/rdf-core/src/xsd_regex/xpath/replace.rs.txt
sparql-eval-complete-bounded-workspace/native-regex-compatibility-postimages/crates/sparql-eval/src/eval.rs	sparql-eval-complete-bounded-workspace/native-regex-compatibility-postimages/crates/sparql-eval/src/eval.rs.txt
sparql-eval-complete-bounded-workspace/native-regex-compatibility-postimages/crates/sparql-eval/src/expr.rs	sparql-eval-complete-bounded-workspace/native-regex-compatibility-postimages/crates/sparql-eval/src/expr.rs.txt
sparql-eval-complete-bounded-workspace/native-regex-compatibility-postimages/crates/sparql-eval/src/vm/tests.rs	sparql-eval-complete-bounded-workspace/native-regex-compatibility-postimages/crates/sparql-eval/src/vm/tests.rs.txt
sparql-eval-complete-bounded-workspace/native-regex-compatibility-postimages/crates/sparql-eval/src/xpath_regex.rs	sparql-eval-complete-bounded-workspace/native-regex-compatibility-postimages/crates/sparql-eval/src/xpath_regex.rs.txt
sparql-eval-complete-bounded-workspace/native-regex-compatibility-program-fixtures.rs	sparql-eval-complete-bounded-workspace/native-regex-compatibility-program-fixtures.rs.txt
sparql-eval-complete-bounded-workspace/native-regex-compiler-postimages/crates/rdf-core/src/xsd_regex/scan.rs	sparql-eval-complete-bounded-workspace/native-regex-compiler-postimages/crates/rdf-core/src/xsd_regex/scan.rs.txt
sparql-eval-complete-bounded-workspace/native-regex-compiler-postimages/crates/rdf-core/src/xsd_regex/xflag.rs	sparql-eval-complete-bounded-workspace/native-regex-compiler-postimages/crates/rdf-core/src/xsd_regex/xflag.rs.txt
sparql-eval-complete-bounded-workspace/native-regex-compiler-postimages/crates/rdf-core/src/xsd_regex/xpath/compile.rs	sparql-eval-complete-bounded-workspace/native-regex-compiler-postimages/crates/rdf-core/src/xsd_regex/xpath/compile.rs.txt
sparql-eval-complete-bounded-workspace/native-regex-compiler-postimages/crates/rdf-core/src/xsd_regex/xpath/match.rs	sparql-eval-complete-bounded-workspace/native-regex-compiler-postimages/crates/rdf-core/src/xsd_regex/xpath/match.rs.txt
sparql-eval-complete-bounded-workspace/native-regex-compiler-postimages/crates/rdf-core/src/xsd_regex/xpath/mod.rs	sparql-eval-complete-bounded-workspace/native-regex-compiler-postimages/crates/rdf-core/src/xsd_regex/xpath/mod.rs.txt
sparql-eval-complete-bounded-workspace/native-regex-compiler-postimages/crates/rdf-core/src/xsd_regex/xpath/pike.rs	sparql-eval-complete-bounded-workspace/native-regex-compiler-postimages/crates/rdf-core/src/xsd_regex/xpath/pike.rs.txt
sparql-eval-complete-bounded-workspace/native-regex-compiler-postimages/crates/rdf-core/tests/native_regex_storage.rs	sparql-eval-complete-bounded-workspace/native-regex-compiler-postimages/crates/rdf-core/tests/native_regex_storage.rs.txt
sparql-eval-complete-bounded-workspace/native-regex-diagnostic-postimages/allocation.rs	sparql-eval-complete-bounded-workspace/native-regex-diagnostic-postimages/allocation.rs.txt
sparql-eval-complete-bounded-workspace/native-regex-diagnostic-postimages/base-0.rs	sparql-eval-complete-bounded-workspace/native-regex-diagnostic-postimages/base-0.rs.txt
sparql-eval-complete-bounded-workspace/native-regex-diagnostic-postimages/base-1.rs	sparql-eval-complete-bounded-workspace/native-regex-diagnostic-postimages/base-1.rs.txt
sparql-eval-complete-bounded-workspace/native-regex-diagnostic-postimages/base-2.rs	sparql-eval-complete-bounded-workspace/native-regex-diagnostic-postimages/base-2.rs.txt
sparql-eval-complete-bounded-workspace/native-regex-diagnostic-postimages/base-3.rs	sparql-eval-complete-bounded-workspace/native-regex-diagnostic-postimages/base-3.rs.txt
sparql-eval-complete-bounded-workspace/native-regex-diagnostic-postimages/base-4.rs	sparql-eval-complete-bounded-workspace/native-regex-diagnostic-postimages/base-4.rs.txt
sparql-eval-complete-bounded-workspace/native-regex-diagnostic-postimages/base-5.rs	sparql-eval-complete-bounded-workspace/native-regex-diagnostic-postimages/base-5.rs.txt
sparql-eval-complete-bounded-workspace/native-regex-diagnostic-postimages/compile.rs	sparql-eval-complete-bounded-workspace/native-regex-diagnostic-postimages/compile.rs.txt
sparql-eval-complete-bounded-workspace/native-regex-diagnostic-postimages/error.rs	sparql-eval-complete-bounded-workspace/native-regex-diagnostic-postimages/error.rs.txt
sparql-eval-complete-bounded-workspace/native-regex-diagnostic-postimages/mod.rs	sparql-eval-complete-bounded-workspace/native-regex-diagnostic-postimages/mod.rs.txt
sparql-eval-complete-bounded-workspace/native-regex-diagnostic-postimages/native_regex_storage.rs	sparql-eval-complete-bounded-workspace/native-regex-diagnostic-postimages/native_regex_storage.rs.txt
sparql-eval-complete-bounded-workspace/native-regex-diagnostic-postimages/scan.rs	sparql-eval-complete-bounded-workspace/native-regex-diagnostic-postimages/scan.rs.txt
sparql-eval-complete-bounded-workspace/native-regex-execution-postimages/base-0.rs	sparql-eval-complete-bounded-workspace/native-regex-execution-postimages/base-0.rs.txt
sparql-eval-complete-bounded-workspace/native-regex-execution-postimages/base-1.rs	sparql-eval-complete-bounded-workspace/native-regex-execution-postimages/base-1.rs.txt
sparql-eval-complete-bounded-workspace/native-regex-execution-postimages/base-2.rs	sparql-eval-complete-bounded-workspace/native-regex-execution-postimages/base-2.rs.txt
sparql-eval-complete-bounded-workspace/native-regex-execution-postimages/base-3.rs	sparql-eval-complete-bounded-workspace/native-regex-execution-postimages/base-3.rs.txt
sparql-eval-complete-bounded-workspace/native-regex-execution-postimages/base-4.rs	sparql-eval-complete-bounded-workspace/native-regex-execution-postimages/base-4.rs.txt
sparql-eval-complete-bounded-workspace/native-regex-execution-postimages/base-5.rs	sparql-eval-complete-bounded-workspace/native-regex-execution-postimages/base-5.rs.txt
sparql-eval-complete-bounded-workspace/native-regex-execution-postimages/base-6.rs	sparql-eval-complete-bounded-workspace/native-regex-execution-postimages/base-6.rs.txt
sparql-eval-complete-bounded-workspace/native-regex-execution-postimages/base-test.rs	sparql-eval-complete-bounded-workspace/native-regex-execution-postimages/base-test.rs.txt
sparql-eval-complete-bounded-workspace/native-regex-execution-postimages/compile.rs	sparql-eval-complete-bounded-workspace/native-regex-execution-postimages/compile.rs.txt
sparql-eval-complete-bounded-workspace/native-regex-execution-postimages/match.rs	sparql-eval-complete-bounded-workspace/native-regex-execution-postimages/match.rs.txt
sparql-eval-complete-bounded-workspace/native-regex-execution-postimages/mod.rs	sparql-eval-complete-bounded-workspace/native-regex-execution-postimages/mod.rs.txt
sparql-eval-complete-bounded-workspace/native-regex-execution-postimages/native_regex_storage.rs	sparql-eval-complete-bounded-workspace/native-regex-execution-postimages/native_regex_storage.rs.txt
sparql-eval-complete-bounded-workspace/native-regex-execution-postimages/pike-drop-order.rs	sparql-eval-complete-bounded-workspace/native-regex-execution-postimages/pike-drop-order.rs.txt
sparql-eval-complete-bounded-workspace/native-regex-execution-postimages/pike.rs	sparql-eval-complete-bounded-workspace/native-regex-execution-postimages/pike.rs.txt
sparql-eval-complete-bounded-workspace/native-regex-execution-postimages/replace.rs	sparql-eval-complete-bounded-workspace/native-regex-execution-postimages/replace.rs.txt
sparql-eval-complete-bounded-workspace/native-regex-execution-postimages/sets.rs	sparql-eval-complete-bounded-workspace/native-regex-execution-postimages/sets.rs.txt
sparql-eval-complete-bounded-workspace/native-regex-execution-postimages/walk.rs	sparql-eval-complete-bounded-workspace/native-regex-execution-postimages/walk.rs.txt
sparql-eval-complete-bounded-workspace/native-regex-map-access-draft.rs	sparql-eval-complete-bounded-workspace/native-regex-map-access-draft.rs.txt
sparql-eval-complete-bounded-workspace/native-regex-program-owner-draft.rs	sparql-eval-complete-bounded-workspace/native-regex-program-owner-draft.rs.txt
sparql-eval-complete-bounded-workspace/native-regex-program-owner-fixtures.rs	sparql-eval-complete-bounded-workspace/native-regex-program-owner-fixtures.rs.txt
sparql-eval-complete-bounded-workspace/native-regex-publication-api.rs	sparql-eval-complete-bounded-workspace/native-regex-publication-api.rs.txt
sparql-eval-complete-bounded-workspace/native-regex-publication-fixtures.rs	sparql-eval-complete-bounded-workspace/native-regex-publication-fixtures.rs.txt
sparql-eval-complete-bounded-workspace/native-regex-publication-method.rs	sparql-eval-complete-bounded-workspace/native-regex-publication-method.rs.txt
sparql-eval-complete-bounded-workspace/native-regex-publication-postimage.rs	sparql-eval-complete-bounded-workspace/native-regex-publication-postimage.rs.txt
sparql-eval-complete-bounded-workspace/native-regex-star-priority-postimages/crates/rdf-core/src/xsd_regex/xpath/compile.rs	sparql-eval-complete-bounded-workspace/native-regex-star-priority-postimages/crates/rdf-core/src/xsd_regex/xpath/compile.rs.txt
sparql-eval-complete-bounded-workspace/native-regex-star-priority-postimages/crates/rdf-core/src/xsd_regex/xpath/pike.rs	sparql-eval-complete-bounded-workspace/native-regex-star-priority-postimages/crates/rdf-core/src/xsd_regex/xpath/pike.rs.txt
sparql-eval-complete-bounded-workspace/native-scratch-term-copy-memory.rs	sparql-eval-complete-bounded-workspace/native-scratch-term-copy-memory.rs.txt
sparql-eval-complete-bounded-workspace/native-shared-config-postimages/crates/sparql-eval/src/engine.rs	sparql-eval-complete-bounded-workspace/native-shared-config-postimages/crates/sparql-eval/src/engine.rs.txt
sparql-eval-complete-bounded-workspace/native-shared-config-postimages/crates/sparql-eval/src/eval.rs	sparql-eval-complete-bounded-workspace/native-shared-config-postimages/crates/sparql-eval/src/eval.rs.txt
sparql-eval-complete-bounded-workspace/native-shared-config-postimages/crates/sparql-eval/src/property_fn_eval.rs	sparql-eval-complete-bounded-workspace/native-shared-config-postimages/crates/sparql-eval/src/property_fn_eval.rs.txt
sparql-eval-complete-bounded-workspace/native-shared-config-postimages/crates/sparql-eval/src/update.rs	sparql-eval-complete-bounded-workspace/native-shared-config-postimages/crates/sparql-eval/src/update.rs.txt
sparql-eval-complete-bounded-workspace/native-table-owner-proposal.rs	sparql-eval-complete-bounded-workspace/native-table-owner-proposal.rs.txt
sparql-eval-complete-bounded-workspace/native-term-copy-owner-fixtures.rs	sparql-eval-complete-bounded-workspace/native-term-copy-owner-fixtures.rs.txt
sparql-eval-complete-bounded-workspace/native-term-copy-postimages/dataset_view.rs	sparql-eval-complete-bounded-workspace/native-term-copy-postimages/dataset_view.rs.txt
sparql-eval-complete-bounded-workspace/native-term-copy-postimages/ir-mod.rs	sparql-eval-complete-bounded-workspace/native-term-copy-postimages/ir-mod.rs.txt
sparql-eval-complete-bounded-workspace/native-term-copy-postimages/scratch.rs	sparql-eval-complete-bounded-workspace/native-term-copy-postimages/scratch.rs.txt
sparql-eval-complete-bounded-workspace/native-term-copy-postimages/term_walk.rs	sparql-eval-complete-bounded-workspace/native-term-copy-postimages/term_walk.rs.txt
sparql-eval-complete-bounded-workspace/native-term-copy-postimages/workspace.rs	sparql-eval-complete-bounded-workspace/native-term-copy-postimages/workspace.rs.txt
sparql-eval-complete-bounded-workspace/native-term-fold-memory.rs	sparql-eval-complete-bounded-workspace/native-term-fold-memory.rs.txt
sparql-eval-complete-bounded-workspace/native-text-publication-draft.rs	sparql-eval-complete-bounded-workspace/native-text-publication-draft.rs.txt
sparql-eval-complete-bounded-workspace/native-view-term-copy-memory.rs	sparql-eval-complete-bounded-workspace/native-view-term-copy-memory.rs.txt
sparql-eval-complete-bounded-workspace/native-witness-methods.rs	sparql-eval-complete-bounded-workspace/native-witness-methods.rs.txt
sparql-eval-complete-bounded-workspace/native-witness-postimages/crates/sparql-eval/src/binop.rs	sparql-eval-complete-bounded-workspace/native-witness-postimages/crates/sparql-eval/src/binop.rs.txt
sparql-eval-complete-bounded-workspace/native-witness-postimages/crates/sparql-eval/src/eval.rs	sparql-eval-complete-bounded-workspace/native-witness-postimages/crates/sparql-eval/src/eval.rs.txt
sparql-eval-complete-bounded-workspace/native-witness-postimages/crates/sparql-eval/src/expr.rs	sparql-eval-complete-bounded-workspace/native-witness-postimages/crates/sparql-eval/src/expr.rs.txt
sparql-eval-complete-bounded-workspace/native-witness-postimages/crates/sparql-eval/src/lib.rs	sparql-eval-complete-bounded-workspace/native-witness-postimages/crates/sparql-eval/src/lib.rs.txt
sparql-eval-complete-bounded-workspace/native-witness-postimages/crates/sparql-eval/src/modifier.rs	sparql-eval-complete-bounded-workspace/native-witness-postimages/crates/sparql-eval/src/modifier.rs.txt
sparql-eval-complete-bounded-workspace/native-witness-postimages/crates/sparql-eval/src/property_fn_eval.rs	sparql-eval-complete-bounded-workspace/native-witness-postimages/crates/sparql-eval/src/property_fn_eval.rs.txt
sparql-eval-complete-bounded-workspace/native-witness-postimages/crates/sparql-eval/src/user_fn.rs	sparql-eval-complete-bounded-workspace/native-witness-postimages/crates/sparql-eval/src/user_fn.rs.txt
sparql-eval-complete-bounded-workspace/native-witness-postimages/crates/sparql-eval/src/witness.rs	sparql-eval-complete-bounded-workspace/native-witness-postimages/crates/sparql-eval/src/witness.rs.txt
sparql-eval-complete-bounded-workspace/native-witness-storage.rs	sparql-eval-complete-bounded-workspace/native-witness-storage.rs.txt
sparql-eval-complete-bounded-workspace/native-witness-tests.rs	sparql-eval-complete-bounded-workspace/native-witness-tests.rs.txt
sparql-eval-complete-bounded-workspace/nested-service-denial-owner-fixture.rs	sparql-eval-complete-bounded-workspace/nested-service-denial-owner-fixture.rs.txt
sparql-eval-complete-bounded-workspace/numeric-clippy-5-postimages/base/crates/sparql-eval/src/bgp/positive.rs	sparql-eval-complete-bounded-workspace/numeric-clippy-5-postimages/base/crates/sparql-eval/src/bgp/positive.rs.txt
sparql-eval-complete-bounded-workspace/numeric-clippy-5-postimages/base/crates/sparql-eval/src/bgp.rs	sparql-eval-complete-bounded-workspace/numeric-clippy-5-postimages/base/crates/sparql-eval/src/bgp.rs.txt
sparql-eval-complete-bounded-workspace/numeric-clippy-5-postimages/base/crates/sparql-eval/src/blank_scope.rs	sparql-eval-complete-bounded-workspace/numeric-clippy-5-postimages/base/crates/sparql-eval/src/blank_scope.rs.txt
sparql-eval-complete-bounded-workspace/numeric-clippy-5-postimages/base/crates/sparql-eval/src/expr/cast_rounding_tests.rs	sparql-eval-complete-bounded-workspace/numeric-clippy-5-postimages/base/crates/sparql-eval/src/expr/cast_rounding_tests.rs.txt
sparql-eval-complete-bounded-workspace/numeric-clippy-5-postimages/base/crates/sparql-eval/src/expr.rs	sparql-eval-complete-bounded-workspace/numeric-clippy-5-postimages/base/crates/sparql-eval/src/expr.rs.txt
sparql-eval-complete-bounded-workspace/numeric-clippy-5-postimages/base/crates/sparql-eval/src/governor/charge_points.rs	sparql-eval-complete-bounded-workspace/numeric-clippy-5-postimages/base/crates/sparql-eval/src/governor/charge_points.rs.txt
sparql-eval-complete-bounded-workspace/numeric-clippy-5-postimages/base/crates/sparql-eval/src/governor/ledger.rs	sparql-eval-complete-bounded-workspace/numeric-clippy-5-postimages/base/crates/sparql-eval/src/governor/ledger.rs.txt
sparql-eval-complete-bounded-workspace/numeric-clippy-5-postimages/base/crates/sparql-eval/src/governor/soundness.rs	sparql-eval-complete-bounded-workspace/numeric-clippy-5-postimages/base/crates/sparql-eval/src/governor/soundness.rs.txt
sparql-eval-complete-bounded-workspace/numeric-clippy-5-postimages/base/crates/sparql-eval/src/join_plan.rs	sparql-eval-complete-bounded-workspace/numeric-clippy-5-postimages/base/crates/sparql-eval/src/join_plan.rs.txt
sparql-eval-complete-bounded-workspace/numeric-clippy-5-postimages/base/crates/sparql-eval/src/native_numeric.rs	sparql-eval-complete-bounded-workspace/numeric-clippy-5-postimages/base/crates/sparql-eval/src/native_numeric.rs.txt
sparql-eval-complete-bounded-workspace/numeric-clippy-5-postimages/base/crates/sparql-eval/src/parsed_value.rs	sparql-eval-complete-bounded-workspace/numeric-clippy-5-postimages/base/crates/sparql-eval/src/parsed_value.rs.txt
sparql-eval-complete-bounded-workspace/numeric-clippy-5-postimages/base/crates/sparql-eval/src/plan/mod.rs	sparql-eval-complete-bounded-workspace/numeric-clippy-5-postimages/base/crates/sparql-eval/src/plan/mod.rs.txt
sparql-eval-complete-bounded-workspace/numeric-clippy-5-postimages/base/crates/sparql-eval/src/property_fn_plan.rs	sparql-eval-complete-bounded-workspace/numeric-clippy-5-postimages/base/crates/sparql-eval/src/property_fn_plan.rs.txt
sparql-eval-complete-bounded-workspace/numeric-clippy-5-postimages/base/crates/sparql-eval/src/solution.rs	sparql-eval-complete-bounded-workspace/numeric-clippy-5-postimages/base/crates/sparql-eval/src/solution.rs.txt
sparql-eval-complete-bounded-workspace/numeric-clippy-5-postimages/base/crates/sparql-eval/src/stack/height.rs	sparql-eval-complete-bounded-workspace/numeric-clippy-5-postimages/base/crates/sparql-eval/src/stack/height.rs.txt
sparql-eval-complete-bounded-workspace/numeric-clippy-5-postimages/base/crates/sparql-eval/src/template.rs	sparql-eval-complete-bounded-workspace/numeric-clippy-5-postimages/base/crates/sparql-eval/src/template.rs.txt
sparql-eval-complete-bounded-workspace/numeric-clippy-5-postimages/new/crates/sparql-eval/src/bgp/positive.rs	sparql-eval-complete-bounded-workspace/numeric-clippy-5-postimages/new/crates/sparql-eval/src/bgp/positive.rs.txt
sparql-eval-complete-bounded-workspace/numeric-clippy-5-postimages/new/crates/sparql-eval/src/bgp.rs	sparql-eval-complete-bounded-workspace/numeric-clippy-5-postimages/new/crates/sparql-eval/src/bgp.rs.txt
sparql-eval-complete-bounded-workspace/numeric-clippy-5-postimages/new/crates/sparql-eval/src/blank_scope.rs	sparql-eval-complete-bounded-workspace/numeric-clippy-5-postimages/new/crates/sparql-eval/src/blank_scope.rs.txt
sparql-eval-complete-bounded-workspace/numeric-clippy-5-postimages/new/crates/sparql-eval/src/expr/cast_rounding_tests.rs	sparql-eval-complete-bounded-workspace/numeric-clippy-5-postimages/new/crates/sparql-eval/src/expr/cast_rounding_tests.rs.txt
sparql-eval-complete-bounded-workspace/numeric-clippy-5-postimages/new/crates/sparql-eval/src/expr.rs	sparql-eval-complete-bounded-workspace/numeric-clippy-5-postimages/new/crates/sparql-eval/src/expr.rs.txt
sparql-eval-complete-bounded-workspace/numeric-clippy-5-postimages/new/crates/sparql-eval/src/governor/charge_points.rs	sparql-eval-complete-bounded-workspace/numeric-clippy-5-postimages/new/crates/sparql-eval/src/governor/charge_points.rs.txt
sparql-eval-complete-bounded-workspace/numeric-clippy-5-postimages/new/crates/sparql-eval/src/governor/ledger.rs	sparql-eval-complete-bounded-workspace/numeric-clippy-5-postimages/new/crates/sparql-eval/src/governor/ledger.rs.txt
sparql-eval-complete-bounded-workspace/numeric-clippy-5-postimages/new/crates/sparql-eval/src/governor/soundness.rs	sparql-eval-complete-bounded-workspace/numeric-clippy-5-postimages/new/crates/sparql-eval/src/governor/soundness.rs.txt
sparql-eval-complete-bounded-workspace/numeric-clippy-5-postimages/new/crates/sparql-eval/src/join_plan.rs	sparql-eval-complete-bounded-workspace/numeric-clippy-5-postimages/new/crates/sparql-eval/src/join_plan.rs.txt
sparql-eval-complete-bounded-workspace/numeric-clippy-5-postimages/new/crates/sparql-eval/src/native_numeric.rs	sparql-eval-complete-bounded-workspace/numeric-clippy-5-postimages/new/crates/sparql-eval/src/native_numeric.rs.txt
sparql-eval-complete-bounded-workspace/numeric-clippy-5-postimages/new/crates/sparql-eval/src/parsed_value.rs	sparql-eval-complete-bounded-workspace/numeric-clippy-5-postimages/new/crates/sparql-eval/src/parsed_value.rs.txt
sparql-eval-complete-bounded-workspace/numeric-clippy-5-postimages/new/crates/sparql-eval/src/plan/mod.rs	sparql-eval-complete-bounded-workspace/numeric-clippy-5-postimages/new/crates/sparql-eval/src/plan/mod.rs.txt
sparql-eval-complete-bounded-workspace/numeric-clippy-5-postimages/new/crates/sparql-eval/src/property_fn_plan.rs	sparql-eval-complete-bounded-workspace/numeric-clippy-5-postimages/new/crates/sparql-eval/src/property_fn_plan.rs.txt
sparql-eval-complete-bounded-workspace/numeric-clippy-5-postimages/new/crates/sparql-eval/src/solution.rs	sparql-eval-complete-bounded-workspace/numeric-clippy-5-postimages/new/crates/sparql-eval/src/solution.rs.txt
sparql-eval-complete-bounded-workspace/numeric-clippy-5-postimages/new/crates/sparql-eval/src/stack/height.rs	sparql-eval-complete-bounded-workspace/numeric-clippy-5-postimages/new/crates/sparql-eval/src/stack/height.rs.txt
sparql-eval-complete-bounded-workspace/numeric-clippy-5-postimages/new/crates/sparql-eval/src/template.rs	sparql-eval-complete-bounded-workspace/numeric-clippy-5-postimages/new/crates/sparql-eval/src/template.rs.txt
sparql-eval-complete-bounded-workspace/numeric-compiler27-base/crates/sparql-eval/src/blank_scope.rs	sparql-eval-complete-bounded-workspace/numeric-compiler27-base/crates/sparql-eval/src/blank_scope.rs.txt
sparql-eval-complete-bounded-workspace/numeric-compiler27-base/crates/sparql-eval/src/eval.rs	sparql-eval-complete-bounded-workspace/numeric-compiler27-base/crates/sparql-eval/src/eval.rs.txt
sparql-eval-complete-bounded-workspace/numeric-compiler27-base/crates/sparql-eval/src/governor/soundness.rs	sparql-eval-complete-bounded-workspace/numeric-compiler27-base/crates/sparql-eval/src/governor/soundness.rs.txt
sparql-eval-complete-bounded-workspace/numeric-compiler27-base/crates/sparql-eval/src/plan/mod.rs	sparql-eval-complete-bounded-workspace/numeric-compiler27-base/crates/sparql-eval/src/plan/mod.rs.txt
sparql-eval-complete-bounded-workspace/numeric-compiler27-base/crates/sparql-eval/src/property_fn_plan.rs	sparql-eval-complete-bounded-workspace/numeric-compiler27-base/crates/sparql-eval/src/property_fn_plan.rs.txt
sparql-eval-complete-bounded-workspace/numeric-compiler27-new/crates/sparql-eval/src/blank_scope.rs	sparql-eval-complete-bounded-workspace/numeric-compiler27-new/crates/sparql-eval/src/blank_scope.rs.txt
sparql-eval-complete-bounded-workspace/numeric-compiler27-new/crates/sparql-eval/src/eval.rs	sparql-eval-complete-bounded-workspace/numeric-compiler27-new/crates/sparql-eval/src/eval.rs.txt
sparql-eval-complete-bounded-workspace/numeric-compiler27-new/crates/sparql-eval/src/governor/soundness.rs	sparql-eval-complete-bounded-workspace/numeric-compiler27-new/crates/sparql-eval/src/governor/soundness.rs.txt
sparql-eval-complete-bounded-workspace/numeric-compiler27-new/crates/sparql-eval/src/plan/mod.rs	sparql-eval-complete-bounded-workspace/numeric-compiler27-new/crates/sparql-eval/src/plan/mod.rs.txt
sparql-eval-complete-bounded-workspace/numeric-compiler27-new/crates/sparql-eval/src/property_fn_plan.rs	sparql-eval-complete-bounded-workspace/numeric-compiler27-new/crates/sparql-eval/src/property_fn_plan.rs.txt
sparql-eval-complete-bounded-workspace/on_demand_receipt-native-service-postimage.rs	sparql-eval-complete-bounded-workspace/on_demand_receipt-native-service-postimage.rs.txt
sparql-eval-complete-bounded-workspace/ops-native-cdt-postimage.rs	sparql-eval-complete-bounded-workspace/ops-native-cdt-postimage.rs.txt
sparql-eval-complete-bounded-workspace/parallel-compiler36-baseline.rs	sparql-eval-complete-bounded-workspace/parallel-compiler36-baseline.rs.txt
sparql-eval-complete-bounded-workspace/parallel-compiler36-postimage.rs	sparql-eval-complete-bounded-workspace/parallel-compiler36-postimage.rs.txt
sparql-eval-complete-bounded-workspace/parser-scope-clippy-postimages/base/crates/sparql-algebra/src/parser/table.rs	sparql-eval-complete-bounded-workspace/parser-scope-clippy-postimages/base/crates/sparql-algebra/src/parser/table.rs.txt
sparql-eval-complete-bounded-workspace/parser-scope-clippy-postimages/base/crates/sparql-algebra/src/scope.rs	sparql-eval-complete-bounded-workspace/parser-scope-clippy-postimages/base/crates/sparql-algebra/src/scope.rs.txt
sparql-eval-complete-bounded-workspace/parser-scope-clippy-postimages/new/crates/sparql-algebra/src/parser/table.rs	sparql-eval-complete-bounded-workspace/parser-scope-clippy-postimages/new/crates/sparql-algebra/src/parser/table.rs.txt
sparql-eval-complete-bounded-workspace/parser-scope-clippy-postimages/new/crates/sparql-algebra/src/scope.rs	sparql-eval-complete-bounded-workspace/parser-scope-clippy-postimages/new/crates/sparql-algebra/src/scope.rs.txt
sparql-eval-complete-bounded-workspace/parser-scope-homes-postimage.rs	sparql-eval-complete-bounded-workspace/parser-scope-homes-postimage.rs.txt
sparql-eval-complete-bounded-workspace/parser-scope-table-postimage.rs	sparql-eval-complete-bounded-workspace/parser-scope-table-postimage.rs.txt
sparql-eval-complete-bounded-workspace/path-owner-syntax.rs	sparql-eval-complete-bounded-workspace/path-owner-syntax.rs.txt
sparql-eval-complete-bounded-workspace/prebinding-rewrite-expressions.rs	sparql-eval-complete-bounded-workspace/prebinding-rewrite-expressions.rs.txt
sparql-eval-complete-bounded-workspace/prebinding-rewrite-fixtures.rs	sparql-eval-complete-bounded-workspace/prebinding-rewrite-fixtures.rs.txt
sparql-eval-complete-bounded-workspace/prebinding-rewrite-leaves.rs	sparql-eval-complete-bounded-workspace/prebinding-rewrite-leaves.rs.txt
sparql-eval-complete-bounded-workspace/prebinding-rewrite-owner-postimages/crates/lex/src/allocation.rs	sparql-eval-complete-bounded-workspace/prebinding-rewrite-owner-postimages/crates/lex/src/allocation.rs.txt
sparql-eval-complete-bounded-workspace/prebinding-rewrite-owner-postimages/crates/sparql-algebra/src/algebra.rs	sparql-eval-complete-bounded-workspace/prebinding-rewrite-owner-postimages/crates/sparql-algebra/src/algebra.rs.txt
sparql-eval-complete-bounded-workspace/prebinding-rewrite-owner-postimages/crates/sparql-algebra/src/validate.rs	sparql-eval-complete-bounded-workspace/prebinding-rewrite-owner-postimages/crates/sparql-algebra/src/validate.rs.txt
sparql-eval-complete-bounded-workspace/prebinding-rewrite-owner-postimages/crates/sparql-algebra/src/walk.rs	sparql-eval-complete-bounded-workspace/prebinding-rewrite-owner-postimages/crates/sparql-algebra/src/walk.rs.txt
sparql-eval-complete-bounded-workspace/prebinding-rewrite-owner-postimages/crates/sparql-eval/src/expr.rs	sparql-eval-complete-bounded-workspace/prebinding-rewrite-owner-postimages/crates/sparql-eval/src/expr.rs.txt
sparql-eval-complete-bounded-workspace/prebinding-rewrite-owner-postimages/crates/sparql-eval/src/solution.rs	sparql-eval-complete-bounded-workspace/prebinding-rewrite-owner-postimages/crates/sparql-eval/src/solution.rs.txt
sparql-eval-complete-bounded-workspace/prebinding-rewrite-owner-postimages/crates/sparql-eval/src/substitute.rs	sparql-eval-complete-bounded-workspace/prebinding-rewrite-owner-postimages/crates/sparql-eval/src/substitute.rs.txt
sparql-eval-complete-bounded-workspace/prebinding-rewrite-owner-postimages/crates/sparql-eval/src/workspace.rs	sparql-eval-complete-bounded-workspace/prebinding-rewrite-owner-postimages/crates/sparql-eval/src/workspace.rs.txt
sparql-eval-complete-bounded-workspace/prebinding-rewrite-scopes.rs	sparql-eval-complete-bounded-workspace/prebinding-rewrite-scopes.rs.txt
sparql-eval-complete-bounded-workspace/prebinding-rewrite-support.rs	sparql-eval-complete-bounded-workspace/prebinding-rewrite-support.rs.txt
sparql-eval-complete-bounded-workspace/preparation-planner-base-postimages/crates/hash/src/frame.rs	sparql-eval-complete-bounded-workspace/preparation-planner-base-postimages/crates/hash/src/frame.rs.txt
sparql-eval-complete-bounded-workspace/preparation-planner-base-postimages/crates/sparql-algebra/src/algebra.rs	sparql-eval-complete-bounded-workspace/preparation-planner-base-postimages/crates/sparql-algebra/src/algebra.rs.txt
sparql-eval-complete-bounded-workspace/preparation-planner-base-postimages/crates/sparql-algebra/src/ast.rs	sparql-eval-complete-bounded-workspace/preparation-planner-base-postimages/crates/sparql-algebra/src/ast.rs.txt
sparql-eval-complete-bounded-workspace/preparation-planner-base-postimages/crates/sparql-algebra/src/owned.rs	sparql-eval-complete-bounded-workspace/preparation-planner-base-postimages/crates/sparql-algebra/src/owned.rs.txt
sparql-eval-complete-bounded-workspace/preparation-planner-base-postimages/crates/sparql-eval/src/agg_fn.rs	sparql-eval-complete-bounded-workspace/preparation-planner-base-postimages/crates/sparql-eval/src/agg_fn.rs.txt
sparql-eval-complete-bounded-workspace/preparation-planner-base-postimages/crates/sparql-eval/src/blank_scope.rs	sparql-eval-complete-bounded-workspace/preparation-planner-base-postimages/crates/sparql-eval/src/blank_scope.rs.txt
sparql-eval-complete-bounded-workspace/preparation-planner-base-postimages/crates/sparql-eval/src/contain.rs	sparql-eval-complete-bounded-workspace/preparation-planner-base-postimages/crates/sparql-eval/src/contain.rs.txt
sparql-eval-complete-bounded-workspace/preparation-planner-base-postimages/crates/sparql-eval/src/governor/soundness.rs	sparql-eval-complete-bounded-workspace/preparation-planner-base-postimages/crates/sparql-eval/src/governor/soundness.rs.txt
sparql-eval-complete-bounded-workspace/preparation-planner-base-postimages/crates/sparql-eval/src/join_plan.rs	sparql-eval-complete-bounded-workspace/preparation-planner-base-postimages/crates/sparql-eval/src/join_plan.rs.txt
sparql-eval-complete-bounded-workspace/preparation-planner-base-postimages/crates/sparql-eval/src/property_fn.rs	sparql-eval-complete-bounded-workspace/preparation-planner-base-postimages/crates/sparql-eval/src/property_fn.rs.txt
sparql-eval-complete-bounded-workspace/preparation-planner-base-postimages/crates/sparql-eval/src/property_fn_eval.rs	sparql-eval-complete-bounded-workspace/preparation-planner-base-postimages/crates/sparql-eval/src/property_fn_eval.rs.txt
sparql-eval-complete-bounded-workspace/preparation-planner-base-postimages/crates/sparql-eval/src/property_fn_plan.rs	sparql-eval-complete-bounded-workspace/preparation-planner-base-postimages/crates/sparql-eval/src/property_fn_plan.rs.txt
sparql-eval-complete-bounded-workspace/preparation-planner-base-postimages/crates/sparql-eval/src/registry_id.rs	sparql-eval-complete-bounded-workspace/preparation-planner-base-postimages/crates/sparql-eval/src/registry_id.rs.txt
sparql-eval-complete-bounded-workspace/preparation-planner-base-postimages/crates/sparql-eval/src/user_fn.rs	sparql-eval-complete-bounded-workspace/preparation-planner-base-postimages/crates/sparql-eval/src/user_fn.rs.txt
sparql-eval-complete-bounded-workspace/preparation-planner-base-postimages/crates/sparql-eval/src/workspace.rs	sparql-eval-complete-bounded-workspace/preparation-planner-base-postimages/crates/sparql-eval/src/workspace.rs.txt
sparql-eval-complete-bounded-workspace/preparation-planner-new-postimages/crates/hash/src/frame.rs	sparql-eval-complete-bounded-workspace/preparation-planner-new-postimages/crates/hash/src/frame.rs.txt
sparql-eval-complete-bounded-workspace/preparation-planner-new-postimages/crates/sparql-algebra/src/algebra.rs	sparql-eval-complete-bounded-workspace/preparation-planner-new-postimages/crates/sparql-algebra/src/algebra.rs.txt
sparql-eval-complete-bounded-workspace/preparation-planner-new-postimages/crates/sparql-algebra/src/ast.rs	sparql-eval-complete-bounded-workspace/preparation-planner-new-postimages/crates/sparql-algebra/src/ast.rs.txt
sparql-eval-complete-bounded-workspace/preparation-planner-new-postimages/crates/sparql-algebra/src/owned.rs	sparql-eval-complete-bounded-workspace/preparation-planner-new-postimages/crates/sparql-algebra/src/owned.rs.txt
sparql-eval-complete-bounded-workspace/preparation-planner-new-postimages/crates/sparql-eval/src/agg_fn.rs	sparql-eval-complete-bounded-workspace/preparation-planner-new-postimages/crates/sparql-eval/src/agg_fn.rs.txt
sparql-eval-complete-bounded-workspace/preparation-planner-new-postimages/crates/sparql-eval/src/blank_scope.rs	sparql-eval-complete-bounded-workspace/preparation-planner-new-postimages/crates/sparql-eval/src/blank_scope.rs.txt
sparql-eval-complete-bounded-workspace/preparation-planner-new-postimages/crates/sparql-eval/src/contain.rs	sparql-eval-complete-bounded-workspace/preparation-planner-new-postimages/crates/sparql-eval/src/contain.rs.txt
sparql-eval-complete-bounded-workspace/preparation-planner-new-postimages/crates/sparql-eval/src/governor/soundness.rs	sparql-eval-complete-bounded-workspace/preparation-planner-new-postimages/crates/sparql-eval/src/governor/soundness.rs.txt
sparql-eval-complete-bounded-workspace/preparation-planner-new-postimages/crates/sparql-eval/src/join_plan.rs	sparql-eval-complete-bounded-workspace/preparation-planner-new-postimages/crates/sparql-eval/src/join_plan.rs.txt
sparql-eval-complete-bounded-workspace/preparation-planner-new-postimages/crates/sparql-eval/src/property_fn.rs	sparql-eval-complete-bounded-workspace/preparation-planner-new-postimages/crates/sparql-eval/src/property_fn.rs.txt
sparql-eval-complete-bounded-workspace/preparation-planner-new-postimages/crates/sparql-eval/src/property_fn_eval.rs	sparql-eval-complete-bounded-workspace/preparation-planner-new-postimages/crates/sparql-eval/src/property_fn_eval.rs.txt
sparql-eval-complete-bounded-workspace/preparation-planner-new-postimages/crates/sparql-eval/src/property_fn_plan.rs	sparql-eval-complete-bounded-workspace/preparation-planner-new-postimages/crates/sparql-eval/src/property_fn_plan.rs.txt
sparql-eval-complete-bounded-workspace/preparation-planner-new-postimages/crates/sparql-eval/src/registry_id.rs	sparql-eval-complete-bounded-workspace/preparation-planner-new-postimages/crates/sparql-eval/src/registry_id.rs.txt
sparql-eval-complete-bounded-workspace/preparation-planner-new-postimages/crates/sparql-eval/src/user_fn.rs	sparql-eval-complete-bounded-workspace/preparation-planner-new-postimages/crates/sparql-eval/src/user_fn.rs.txt
sparql-eval-complete-bounded-workspace/preparation-planner-new-postimages/crates/sparql-eval/src/workspace.rs	sparql-eval-complete-bounded-workspace/preparation-planner-new-postimages/crates/sparql-eval/src/workspace.rs.txt
sparql-eval-complete-bounded-workspace/property_fn-native-service-postimage.rs	sparql-eval-complete-bounded-workspace/property_fn-native-service-postimage.rs.txt
sparql-eval-complete-bounded-workspace/query-completion-matrix48-base/crates/sparql-eval/src/bgp.rs	sparql-eval-complete-bounded-workspace/query-completion-matrix48-base/crates/sparql-eval/src/bgp.rs.txt
sparql-eval-complete-bounded-workspace/query-completion-matrix48-base/crates/sparql-eval/tests/query_completion.rs	sparql-eval-complete-bounded-workspace/query-completion-matrix48-base/crates/sparql-eval/tests/query_completion.rs.txt
sparql-eval-complete-bounded-workspace/query-completion-matrix48-new/crates/sparql-eval/src/bgp.rs	sparql-eval-complete-bounded-workspace/query-completion-matrix48-new/crates/sparql-eval/src/bgp.rs.txt
sparql-eval-complete-bounded-workspace/query-completion-matrix48-new/crates/sparql-eval/tests/query_completion.rs	sparql-eval-complete-bounded-workspace/query-completion-matrix48-new/crates/sparql-eval/tests/query_completion.rs.txt
sparql-eval-complete-bounded-workspace/query-completion-phase-owner-base/crates/sparql-eval/src/engine/bounded_workspace.rs	sparql-eval-complete-bounded-workspace/query-completion-phase-owner-base/crates/sparql-eval/src/engine/bounded_workspace.rs.txt
sparql-eval-complete-bounded-workspace/query-completion-phase-owner-base/crates/sparql-eval/src/engine/graph_build.rs	sparql-eval-complete-bounded-workspace/query-completion-phase-owner-base/crates/sparql-eval/src/engine/graph_build.rs.txt
sparql-eval-complete-bounded-workspace/query-completion-phase-owner-base/crates/sparql-eval/src/engine/prepared_fallible.rs	sparql-eval-complete-bounded-workspace/query-completion-phase-owner-base/crates/sparql-eval/src/engine/prepared_fallible.rs.txt
sparql-eval-complete-bounded-workspace/query-completion-phase-owner-base/crates/sparql-eval/src/engine.rs	sparql-eval-complete-bounded-workspace/query-completion-phase-owner-base/crates/sparql-eval/src/engine.rs.txt
sparql-eval-complete-bounded-workspace/query-completion-phase-owner-base/crates/sparql-eval/tests/query_completion.rs	sparql-eval-complete-bounded-workspace/query-completion-phase-owner-base/crates/sparql-eval/tests/query_completion.rs.txt
sparql-eval-complete-bounded-workspace/query-completion-phase-owner-new/crates/sparql-eval/src/engine/bounded_workspace.rs	sparql-eval-complete-bounded-workspace/query-completion-phase-owner-new/crates/sparql-eval/src/engine/bounded_workspace.rs.txt
sparql-eval-complete-bounded-workspace/query-completion-phase-owner-new/crates/sparql-eval/src/engine/graph_build.rs	sparql-eval-complete-bounded-workspace/query-completion-phase-owner-new/crates/sparql-eval/src/engine/graph_build.rs.txt
sparql-eval-complete-bounded-workspace/query-completion-phase-owner-new/crates/sparql-eval/src/engine/prepared_fallible.rs	sparql-eval-complete-bounded-workspace/query-completion-phase-owner-new/crates/sparql-eval/src/engine/prepared_fallible.rs.txt
sparql-eval-complete-bounded-workspace/query-completion-phase-owner-new/crates/sparql-eval/src/engine.rs	sparql-eval-complete-bounded-workspace/query-completion-phase-owner-new/crates/sparql-eval/src/engine.rs.txt
sparql-eval-complete-bounded-workspace/query-completion-phase-owner-new/crates/sparql-eval/tests/query_completion.rs	sparql-eval-complete-bounded-workspace/query-completion-phase-owner-new/crates/sparql-eval/tests/query_completion.rs.txt
sparql-eval-complete-bounded-workspace/query-completion-projection-base/crates/sparql-eval/src/engine.rs	sparql-eval-complete-bounded-workspace/query-completion-projection-base/crates/sparql-eval/src/engine.rs.txt
sparql-eval-complete-bounded-workspace/query-completion-projection-base/crates/sparql-eval/tests/query_completion.rs	sparql-eval-complete-bounded-workspace/query-completion-projection-base/crates/sparql-eval/tests/query_completion.rs.txt
sparql-eval-complete-bounded-workspace/query-completion-projection-new/crates/sparql-eval/src/engine.rs	sparql-eval-complete-bounded-workspace/query-completion-projection-new/crates/sparql-eval/src/engine.rs.txt
sparql-eval-complete-bounded-workspace/query-completion-projection-new/crates/sparql-eval/tests/query_completion.rs	sparql-eval-complete-bounded-workspace/query-completion-projection-new/crates/sparql-eval/tests/query_completion.rs.txt
sparql-eval-complete-bounded-workspace/read-native-json-postimage.rs	sparql-eval-complete-bounded-workspace/read-native-json-postimage.rs.txt
sparql-eval-complete-bounded-workspace/reconciled-text-unicode-tables-formatted.rs	sparql-eval-complete-bounded-workspace/reconciled-text-unicode-tables-formatted.rs.txt
sparql-eval-complete-bounded-workspace/reconciled-text-unicode-tables.rs	sparql-eval-complete-bounded-workspace/reconciled-text-unicode-tables.rs.txt
sparql-eval-complete-bounded-workspace/relation_incompleteness-native-service-postimage.rs	sparql-eval-complete-bounded-workspace/relation_incompleteness-native-service-postimage.rs.txt
sparql-eval-complete-bounded-workspace/relation_witness-native-service-postimage.rs	sparql-eval-complete-bounded-workspace/relation_witness-native-service-postimage.rs.txt
sparql-eval-complete-bounded-workspace/remote-compiler35-baseline.rs	sparql-eval-complete-bounded-workspace/remote-compiler35-baseline.rs.txt
sparql-eval-complete-bounded-workspace/remote-compiler35-postimage.rs	sparql-eval-complete-bounded-workspace/remote-compiler35-postimage.rs.txt
sparql-eval-complete-bounded-workspace/remote-core-fold.rs	sparql-eval-complete-bounded-workspace/remote-core-fold.rs.txt
sparql-eval-complete-bounded-workspace/remote-fixture-adapters.rs	sparql-eval-complete-bounded-workspace/remote-fixture-adapters.rs.txt
sparql-eval-complete-bounded-workspace/remote-http-native.rs	sparql-eval-complete-bounded-workspace/remote-http-native.rs.txt
sparql-eval-complete-bounded-workspace/remote-invoke.rs	sparql-eval-complete-bounded-workspace/remote-invoke.rs.txt
sparql-eval-complete-bounded-workspace/remote-native-owner-fixtures.rs	sparql-eval-complete-bounded-workspace/remote-native-owner-fixtures.rs.txt
sparql-eval-complete-bounded-workspace/remote-native-owner-postimages/crates/rdf-core/src/cdt_blank.rs	sparql-eval-complete-bounded-workspace/remote-native-owner-postimages/crates/rdf-core/src/cdt_blank.rs.txt
sparql-eval-complete-bounded-workspace/remote-native-owner-postimages/crates/rdf-core/src/ir/mod.rs	sparql-eval-complete-bounded-workspace/remote-native-owner-postimages/crates/rdf-core/src/ir/mod.rs.txt
sparql-eval-complete-bounded-workspace/remote-native-owner-postimages/crates/rdf-core/src/ir/term_walk.rs	sparql-eval-complete-bounded-workspace/remote-native-owner-postimages/crates/rdf-core/src/ir/term_walk.rs.txt
sparql-eval-complete-bounded-workspace/remote-native-owner-postimages/crates/rdf-core/src/lib.rs	sparql-eval-complete-bounded-workspace/remote-native-owner-postimages/crates/rdf-core/src/lib.rs.txt
sparql-eval-complete-bounded-workspace/remote-native-owner-postimages/crates/sparql-algebra/src/lib.rs	sparql-eval-complete-bounded-workspace/remote-native-owner-postimages/crates/sparql-algebra/src/lib.rs.txt
sparql-eval-complete-bounded-workspace/remote-native-owner-postimages/crates/sparql-algebra/src/parser/table.rs	sparql-eval-complete-bounded-workspace/remote-native-owner-postimages/crates/sparql-algebra/src/parser/table.rs.txt
sparql-eval-complete-bounded-workspace/remote-native-owner-postimages/crates/sparql-algebra/src/serialize.rs	sparql-eval-complete-bounded-workspace/remote-native-owner-postimages/crates/sparql-algebra/src/serialize.rs.txt
sparql-eval-complete-bounded-workspace/remote-native-owner-postimages/crates/sparql-eval/src/engine.rs	sparql-eval-complete-bounded-workspace/remote-native-owner-postimages/crates/sparql-eval/src/engine.rs.txt
sparql-eval-complete-bounded-workspace/remote-native-owner-postimages/crates/sparql-eval/src/error.rs	sparql-eval-complete-bounded-workspace/remote-native-owner-postimages/crates/sparql-eval/src/error.rs.txt
sparql-eval-complete-bounded-workspace/remote-native-owner-postimages/crates/sparql-eval/src/lib.rs	sparql-eval-complete-bounded-workspace/remote-native-owner-postimages/crates/sparql-eval/src/lib.rs.txt
sparql-eval-complete-bounded-workspace/remote-native-owner-postimages/crates/sparql-eval/src/protocol.rs	sparql-eval-complete-bounded-workspace/remote-native-owner-postimages/crates/sparql-eval/src/protocol.rs.txt
sparql-eval-complete-bounded-workspace/remote-native-owner-postimages/crates/sparql-eval/src/remote.rs	sparql-eval-complete-bounded-workspace/remote-native-owner-postimages/crates/sparql-eval/src/remote.rs.txt
sparql-eval-complete-bounded-workspace/remote-native-owner-postimages/crates/sparql-eval/src/remote_http.rs	sparql-eval-complete-bounded-workspace/remote-native-owner-postimages/crates/sparql-eval/src/remote_http.rs.txt
sparql-eval-complete-bounded-workspace/remote-native-owner-postimages/crates/sparql-eval/src/row_ingest.rs	sparql-eval-complete-bounded-workspace/remote-native-owner-postimages/crates/sparql-eval/src/row_ingest.rs.txt
sparql-eval-complete-bounded-workspace/remote-native-owner-postimages/crates/sparql-eval/src/service.rs	sparql-eval-complete-bounded-workspace/remote-native-owner-postimages/crates/sparql-eval/src/service.rs.txt
sparql-eval-complete-bounded-workspace/remote-native-owner-postimages/crates/sparql-eval/src/workspace.rs	sparql-eval-complete-bounded-workspace/remote-native-owner-postimages/crates/sparql-eval/src/workspace.rs.txt
sparql-eval-complete-bounded-workspace/remote-native-owner-postimages/crates/sparql-eval/tests/correlated_owned_admission.rs	sparql-eval-complete-bounded-workspace/remote-native-owner-postimages/crates/sparql-eval/tests/correlated_owned_admission.rs.txt
sparql-eval-complete-bounded-workspace/remote-native-protocol.rs	sparql-eval-complete-bounded-workspace/remote-native-protocol.rs.txt
sparql-eval-complete-bounded-workspace/remote-production.rs	sparql-eval-complete-bounded-workspace/remote-production.rs.txt
sparql-eval-complete-bounded-workspace/remote-public-entry-fixtures.rs	sparql-eval-complete-bounded-workspace/remote-public-entry-fixtures.rs.txt
sparql-eval-complete-bounded-workspace/remote-remap.rs	sparql-eval-complete-bounded-workspace/remote-remap.rs.txt
sparql-eval-complete-bounded-workspace/remote-serializer-names.rs	sparql-eval-complete-bounded-workspace/remote-serializer-names.rs.txt
sparql-eval-complete-bounded-workspace/remote-serializer-public.rs	sparql-eval-complete-bounded-workspace/remote-serializer-public.rs.txt
sparql-eval-complete-bounded-workspace/remote-serializer-storage.rs	sparql-eval-complete-bounded-workspace/remote-serializer-storage.rs.txt
sparql-eval-complete-bounded-workspace/render-native-cdt-postimage.rs	sparql-eval-complete-bounded-workspace/render-native-cdt-postimage.rs.txt
sparql-eval-complete-bounded-workspace/retained-cdt-binding-postimages/blank.rs	sparql-eval-complete-bounded-workspace/retained-cdt-binding-postimages/blank.rs.txt
sparql-eval-complete-bounded-workspace/retained-cdt-binding-postimages/cdt-before-growth.rs	sparql-eval-complete-bounded-workspace/retained-cdt-binding-postimages/cdt-before-growth.rs.txt
sparql-eval-complete-bounded-workspace/retained-cdt-binding-postimages/cdt.rs	sparql-eval-complete-bounded-workspace/retained-cdt-binding-postimages/cdt.rs.txt
sparql-eval-complete-bounded-workspace/retained-cdt-binding-postimages/cdt_blank_storage-before-cleanup.rs	sparql-eval-complete-bounded-workspace/retained-cdt-binding-postimages/cdt_blank_storage-before-cleanup.rs.txt
sparql-eval-complete-bounded-workspace/retained-cdt-binding-postimages/cdt_blank_storage.rs	sparql-eval-complete-bounded-workspace/retained-cdt-binding-postimages/cdt_blank_storage.rs.txt
sparql-eval-complete-bounded-workspace/retained-cdt-binding-postimages/invocation-before.rs	sparql-eval-complete-bounded-workspace/retained-cdt-binding-postimages/invocation-before.rs.txt
sparql-eval-complete-bounded-workspace/retained-cdt-binding-postimages/invocation.rs	sparql-eval-complete-bounded-workspace/retained-cdt-binding-postimages/invocation.rs.txt
sparql-eval-complete-bounded-workspace/retained-diagnostic-postimages/base0.rs	sparql-eval-complete-bounded-workspace/retained-diagnostic-postimages/base0.rs.txt
sparql-eval-complete-bounded-workspace/retained-diagnostic-postimages/base1.rs	sparql-eval-complete-bounded-workspace/retained-diagnostic-postimages/base1.rs.txt
sparql-eval-complete-bounded-workspace/retained-diagnostic-postimages/base2.rs	sparql-eval-complete-bounded-workspace/retained-diagnostic-postimages/base2.rs.txt
sparql-eval-complete-bounded-workspace/retained-diagnostic-postimages/base3.rs	sparql-eval-complete-bounded-workspace/retained-diagnostic-postimages/base3.rs.txt
sparql-eval-complete-bounded-workspace/retained-diagnostic-postimages/diagnostic.rs	sparql-eval-complete-bounded-workspace/retained-diagnostic-postimages/diagnostic.rs.txt
sparql-eval-complete-bounded-workspace/retained-diagnostic-postimages/lib.rs	sparql-eval-complete-bounded-workspace/retained-diagnostic-postimages/lib.rs.txt
sparql-eval-complete-bounded-workspace/retained-diagnostic-postimages/native_regex_storage.rs	sparql-eval-complete-bounded-workspace/retained-diagnostic-postimages/native_regex_storage.rs.txt
sparql-eval-complete-bounded-workspace/retained-diagnostic-postimages/presentation.rs	sparql-eval-complete-bounded-workspace/retained-diagnostic-postimages/presentation.rs.txt
sparql-eval-complete-bounded-workspace/retained-diagnostic-postimages/retained.rs	sparql-eval-complete-bounded-workspace/retained-diagnostic-postimages/retained.rs.txt
sparql-eval-complete-bounded-workspace/retained-diagnostic-postimages/test-base.rs	sparql-eval-complete-bounded-workspace/retained-diagnostic-postimages/test-base.rs.txt
sparql-eval-complete-bounded-workspace/retained-diagnostic-producer-postimages/base0.rs	sparql-eval-complete-bounded-workspace/retained-diagnostic-producer-postimages/base0.rs.txt
sparql-eval-complete-bounded-workspace/retained-diagnostic-producer-postimages/base1.rs	sparql-eval-complete-bounded-workspace/retained-diagnostic-producer-postimages/base1.rs.txt
sparql-eval-complete-bounded-workspace/retained-diagnostic-producer-postimages/base2.rs	sparql-eval-complete-bounded-workspace/retained-diagnostic-producer-postimages/base2.rs.txt
sparql-eval-complete-bounded-workspace/retained-diagnostic-producer-postimages/diagnostic_owned_admission.rs	sparql-eval-complete-bounded-workspace/retained-diagnostic-producer-postimages/diagnostic_owned_admission.rs.txt
sparql-eval-complete-bounded-workspace/retained-diagnostic-producer-postimages/engine.rs	sparql-eval-complete-bounded-workspace/retained-diagnostic-producer-postimages/engine.rs.txt
sparql-eval-complete-bounded-workspace/retained-diagnostic-producer-postimages/execution.rs	sparql-eval-complete-bounded-workspace/retained-diagnostic-producer-postimages/execution.rs.txt
sparql-eval-complete-bounded-workspace/retained-diagnostic-terminal-postimages/base0.rs	sparql-eval-complete-bounded-workspace/retained-diagnostic-terminal-postimages/base0.rs.txt
sparql-eval-complete-bounded-workspace/retained-diagnostic-terminal-postimages/base1.rs	sparql-eval-complete-bounded-workspace/retained-diagnostic-terminal-postimages/base1.rs.txt
sparql-eval-complete-bounded-workspace/retained-diagnostic-terminal-postimages/base2.rs	sparql-eval-complete-bounded-workspace/retained-diagnostic-terminal-postimages/base2.rs.txt
sparql-eval-complete-bounded-workspace/retained-diagnostic-terminal-postimages/base3.rs	sparql-eval-complete-bounded-workspace/retained-diagnostic-terminal-postimages/base3.rs.txt
sparql-eval-complete-bounded-workspace/retained-diagnostic-terminal-postimages/base4.rs	sparql-eval-complete-bounded-workspace/retained-diagnostic-terminal-postimages/base4.rs.txt
sparql-eval-complete-bounded-workspace/retained-diagnostic-terminal-postimages/base5.rs	sparql-eval-complete-bounded-workspace/retained-diagnostic-terminal-postimages/base5.rs.txt
sparql-eval-complete-bounded-workspace/retained-diagnostic-terminal-postimages/bounded_workspace.rs	sparql-eval-complete-bounded-workspace/retained-diagnostic-terminal-postimages/bounded_workspace.rs.txt
sparql-eval-complete-bounded-workspace/retained-diagnostic-terminal-postimages/diagnostic_owned_admission.rs	sparql-eval-complete-bounded-workspace/retained-diagnostic-terminal-postimages/diagnostic_owned_admission.rs.txt
sparql-eval-complete-bounded-workspace/retained-diagnostic-terminal-postimages/engine.rs	sparql-eval-complete-bounded-workspace/retained-diagnostic-terminal-postimages/engine.rs.txt
sparql-eval-complete-bounded-workspace/retained-diagnostic-terminal-postimages/fallible.rs	sparql-eval-complete-bounded-workspace/retained-diagnostic-terminal-postimages/fallible.rs.txt
sparql-eval-complete-bounded-workspace/retained-diagnostic-terminal-postimages/graph_build.rs	sparql-eval-complete-bounded-workspace/retained-diagnostic-terminal-postimages/graph_build.rs.txt
sparql-eval-complete-bounded-workspace/retained-diagnostic-terminal-postimages/lib.rs	sparql-eval-complete-bounded-workspace/retained-diagnostic-terminal-postimages/lib.rs.txt
sparql-eval-complete-bounded-workspace/retained-diagnostic-terminal-postimages/retained.rs	sparql-eval-complete-bounded-workspace/retained-diagnostic-terminal-postimages/retained.rs.txt
sparql-eval-complete-bounded-workspace/retained-graph-owner.rs	sparql-eval-complete-bounded-workspace/retained-graph-owner.rs.txt
sparql-eval-complete-bounded-workspace/retained-iri-recognition-postimages/irih.rs	sparql-eval-complete-bounded-workspace/retained-iri-recognition-postimages/irih.rs.txt
sparql-eval-complete-bounded-workspace/retained-iri-recognition-postimages/iril.rs	sparql-eval-complete-bounded-workspace/retained-iri-recognition-postimages/iril.rs.txt
sparql-eval-complete-bounded-workspace/retained-iri-recognition-postimages/irip.rs	sparql-eval-complete-bounded-workspace/retained-iri-recognition-postimages/irip.rs.txt
sparql-eval-complete-bounded-workspace/retained-iri-recognition-postimages/native_regex_storage.rs	sparql-eval-complete-bounded-workspace/retained-iri-recognition-postimages/native_regex_storage.rs.txt
sparql-eval-complete-bounded-workspace/retained-substitute-postimages/substitute.formatted.rs	sparql-eval-complete-bounded-workspace/retained-substitute-postimages/substitute.formatted.rs.txt
sparql-eval-complete-bounded-workspace/retained-substitute-postimages/substitute.rs	sparql-eval-complete-bounded-workspace/retained-substitute-postimages/substitute.rs.txt
sparql-eval-complete-bounded-workspace/runtime-substitution-owner.rs	sparql-eval-complete-bounded-workspace/runtime-substitution-owner.rs.txt
sparql-eval-complete-bounded-workspace/runtime-substitution-postimages/crates/sparql-eval/src/engine.rs	sparql-eval-complete-bounded-workspace/runtime-substitution-postimages/crates/sparql-eval/src/engine.rs.txt
sparql-eval-complete-bounded-workspace/segmented-acceptance-postimages/crates/sparql-eval/tests/segmented_query.rs	sparql-eval-complete-bounded-workspace/segmented-acceptance-postimages/crates/sparql-eval/tests/segmented_query.rs.txt
sparql-eval-complete-bounded-workspace/segmented-acceptance-rewrites.rs	sparql-eval-complete-bounded-workspace/segmented-acceptance-rewrites.rs.txt
sparql-eval-complete-bounded-workspace/segmented-receipt-rewrite.rs	sparql-eval-complete-bounded-workspace/segmented-receipt-rewrite.rs.txt
sparql-eval-complete-bounded-workspace/serialize-compiler33-baseline.rs	sparql-eval-complete-bounded-workspace/serialize-compiler33-baseline.rs.txt
sparql-eval-complete-bounded-workspace/serialize-compiler33-postimage.rs	sparql-eval-complete-bounded-workspace/serialize-compiler33-postimage.rs.txt
sparql-eval-complete-bounded-workspace/service-denial-postimages/remote.rs	sparql-eval-complete-bounded-workspace/service-denial-postimages/remote.rs.txt
sparql-eval-complete-bounded-workspace/service-denial-postimages/workspace.rs	sparql-eval-complete-bounded-workspace/service-denial-postimages/workspace.rs.txt
sparql-eval-complete-bounded-workspace/service-endpoint-classification-native.rs	sparql-eval-complete-bounded-workspace/service-endpoint-classification-native.rs.txt
sparql-eval-complete-bounded-workspace/service-endpoint-diagnostics-native.rs	sparql-eval-complete-bounded-workspace/service-endpoint-diagnostics-native.rs.txt
sparql-eval-complete-bounded-workspace/service-endpoint-frames-native.rs	sparql-eval-complete-bounded-workspace/service-endpoint-frames-native.rs.txt
sparql-eval-complete-bounded-workspace/service-endpoint-invocation-native.rs	sparql-eval-complete-bounded-workspace/service-endpoint-invocation-native.rs.txt
sparql-eval-complete-bounded-workspace/service-endpoint-native-postimages/binop.rs	sparql-eval-complete-bounded-workspace/service-endpoint-native-postimages/binop.rs.txt
sparql-eval-complete-bounded-workspace/service-endpoint-native-postimages/core-lib.rs	sparql-eval-complete-bounded-workspace/service-endpoint-native-postimages/core-lib.rs.txt
sparql-eval-complete-bounded-workspace/service-endpoint-native-postimages/correlated_owned_admission.rs	sparql-eval-complete-bounded-workspace/service-endpoint-native-postimages/correlated_owned_admission.rs.txt
sparql-eval-complete-bounded-workspace/service-endpoint-native-postimages/error.rs	sparql-eval-complete-bounded-workspace/service-endpoint-native-postimages/error.rs.txt
sparql-eval-complete-bounded-workspace/service-endpoint-native-postimages/eval.rs	sparql-eval-complete-bounded-workspace/service-endpoint-native-postimages/eval.rs.txt
sparql-eval-complete-bounded-workspace/service-endpoint-native-postimages/service_endpoints.rs	sparql-eval-complete-bounded-workspace/service-endpoint-native-postimages/service_endpoints.rs.txt
sparql-eval-complete-bounded-workspace/service-endpoint-native-postimages/term_writer.rs	sparql-eval-complete-bounded-workspace/service-endpoint-native-postimages/term_writer.rs.txt
sparql-eval-complete-bounded-workspace/service-endpoint-native-postimages/workspace.rs	sparql-eval-complete-bounded-workspace/service-endpoint-native-postimages/workspace.rs.txt
sparql-eval-complete-bounded-workspace/service-endpoint-owner-fixtures.rs	sparql-eval-complete-bounded-workspace/service-endpoint-owner-fixtures.rs.txt
sparql-eval-complete-bounded-workspace/service-endpoint-runtime-native.rs	sparql-eval-complete-bounded-workspace/service-endpoint-runtime-native.rs.txt
sparql-eval-complete-bounded-workspace/service_endpoints-compiler36-baseline.rs	sparql-eval-complete-bounded-workspace/service_endpoints-compiler36-baseline.rs.txt
sparql-eval-complete-bounded-workspace/service_endpoints-compiler36-postimage.rs	sparql-eval-complete-bounded-workspace/service_endpoints-compiler36-postimage.rs.txt
sparql-eval-complete-bounded-workspace/shared-control-draft.rs	sparql-eval-complete-bounded-workspace/shared-control-draft.rs.txt
sparql-eval-complete-bounded-workspace/shared-native-service-postimage.rs	sparql-eval-complete-bounded-workspace/shared-native-service-postimage.rs.txt
sparql-eval-complete-bounded-workspace/shared-owner-allocation-fixtures.rs	sparql-eval-complete-bounded-workspace/shared-owner-allocation-fixtures.rs.txt
sparql-eval-complete-bounded-workspace/soundness-owner-base-postimages/crates/sparql-eval/src/binop.rs	sparql-eval-complete-bounded-workspace/soundness-owner-base-postimages/crates/sparql-eval/src/binop.rs.txt
sparql-eval-complete-bounded-workspace/soundness-owner-base-postimages/crates/sparql-eval/src/cdt_unfold.rs	sparql-eval-complete-bounded-workspace/soundness-owner-base-postimages/crates/sparql-eval/src/cdt_unfold.rs.txt
sparql-eval-complete-bounded-workspace/soundness-owner-base-postimages/crates/sparql-eval/src/eval.rs	sparql-eval-complete-bounded-workspace/soundness-owner-base-postimages/crates/sparql-eval/src/eval.rs.txt
sparql-eval-complete-bounded-workspace/soundness-owner-base-postimages/crates/sparql-eval/src/expr.rs	sparql-eval-complete-bounded-workspace/soundness-owner-base-postimages/crates/sparql-eval/src/expr.rs.txt
sparql-eval-complete-bounded-workspace/soundness-owner-base-postimages/crates/sparql-eval/src/governor/lift.rs	sparql-eval-complete-bounded-workspace/soundness-owner-base-postimages/crates/sparql-eval/src/governor/lift.rs.txt
sparql-eval-complete-bounded-workspace/soundness-owner-base-postimages/crates/sparql-eval/src/governor/soundness.rs	sparql-eval-complete-bounded-workspace/soundness-owner-base-postimages/crates/sparql-eval/src/governor/soundness.rs.txt
sparql-eval-complete-bounded-workspace/soundness-owner-base-postimages/crates/sparql-eval/src/modifier.rs	sparql-eval-complete-bounded-workspace/soundness-owner-base-postimages/crates/sparql-eval/src/modifier.rs.txt
sparql-eval-complete-bounded-workspace/soundness-owner-base-postimages/crates/sparql-eval/src/solution.rs	sparql-eval-complete-bounded-workspace/soundness-owner-base-postimages/crates/sparql-eval/src/solution.rs.txt
sparql-eval-complete-bounded-workspace/soundness-owner-base-postimages/crates/sparql-eval/src/workspace.rs	sparql-eval-complete-bounded-workspace/soundness-owner-base-postimages/crates/sparql-eval/src/workspace.rs.txt
sparql-eval-complete-bounded-workspace/soundness-owner-new-postimages/crates/sparql-eval/src/binop.rs	sparql-eval-complete-bounded-workspace/soundness-owner-new-postimages/crates/sparql-eval/src/binop.rs.txt
sparql-eval-complete-bounded-workspace/soundness-owner-new-postimages/crates/sparql-eval/src/cdt_unfold.rs	sparql-eval-complete-bounded-workspace/soundness-owner-new-postimages/crates/sparql-eval/src/cdt_unfold.rs.txt
sparql-eval-complete-bounded-workspace/soundness-owner-new-postimages/crates/sparql-eval/src/eval.rs	sparql-eval-complete-bounded-workspace/soundness-owner-new-postimages/crates/sparql-eval/src/eval.rs.txt
sparql-eval-complete-bounded-workspace/soundness-owner-new-postimages/crates/sparql-eval/src/expr.rs	sparql-eval-complete-bounded-workspace/soundness-owner-new-postimages/crates/sparql-eval/src/expr.rs.txt
sparql-eval-complete-bounded-workspace/soundness-owner-new-postimages/crates/sparql-eval/src/governor/lift.rs	sparql-eval-complete-bounded-workspace/soundness-owner-new-postimages/crates/sparql-eval/src/governor/lift.rs.txt
sparql-eval-complete-bounded-workspace/soundness-owner-new-postimages/crates/sparql-eval/src/governor/soundness.rs	sparql-eval-complete-bounded-workspace/soundness-owner-new-postimages/crates/sparql-eval/src/governor/soundness.rs.txt
sparql-eval-complete-bounded-workspace/soundness-owner-new-postimages/crates/sparql-eval/src/modifier.rs	sparql-eval-complete-bounded-workspace/soundness-owner-new-postimages/crates/sparql-eval/src/modifier.rs.txt
sparql-eval-complete-bounded-workspace/soundness-owner-new-postimages/crates/sparql-eval/src/solution.rs	sparql-eval-complete-bounded-workspace/soundness-owner-new-postimages/crates/sparql-eval/src/solution.rs.txt
sparql-eval-complete-bounded-workspace/soundness-owner-new-postimages/crates/sparql-eval/src/workspace.rs	sparql-eval-complete-bounded-workspace/soundness-owner-new-postimages/crates/sparql-eval/src/workspace.rs.txt
sparql-eval-complete-bounded-workspace/stat-native-accumulators.rs	sparql-eval-complete-bounded-workspace/stat-native-accumulators.rs.txt
sparql-eval-complete-bounded-workspace/stat-native-kernels.rs	sparql-eval-complete-bounded-workspace/stat-native-kernels.rs.txt
sparql-eval-complete-bounded-workspace/stat-native-lifecycle.rs	sparql-eval-complete-bounded-workspace/stat-native-lifecycle.rs.txt
sparql-eval-complete-bounded-workspace/stat-native-public-fixtures.rs	sparql-eval-complete-bounded-workspace/stat-native-public-fixtures.rs.txt
sparql-eval-complete-bounded-workspace/stat_agg-native-postimage.rs	sparql-eval-complete-bounded-workspace/stat_agg-native-postimage.rs.txt
sparql-eval-complete-bounded-workspace/substitute-compiler36-baseline.rs	sparql-eval-complete-bounded-workspace/substitute-compiler36-baseline.rs.txt
sparql-eval-complete-bounded-workspace/substitute-compiler36-postimage.rs	sparql-eval-complete-bounded-workspace/substitute-compiler36-postimage.rs.txt
sparql-eval-complete-bounded-workspace/substitution-ground-owner-draft.rs	sparql-eval-complete-bounded-workspace/substitution-ground-owner-draft.rs.txt
sparql-eval-complete-bounded-workspace/substitution-ground-owner-fixtures.rs	sparql-eval-complete-bounded-workspace/substitution-ground-owner-fixtures.rs.txt
sparql-eval-complete-bounded-workspace/substitution-ground-owner-postimages/crates/sparql-algebra/src/error.rs	sparql-eval-complete-bounded-workspace/substitution-ground-owner-postimages/crates/sparql-algebra/src/error.rs.txt
sparql-eval-complete-bounded-workspace/substitution-ground-owner-postimages/crates/sparql-algebra/src/tree.rs	sparql-eval-complete-bounded-workspace/substitution-ground-owner-postimages/crates/sparql-algebra/src/tree.rs.txt
sparql-eval-complete-bounded-workspace/substitution-ground-owner-postimages/crates/sparql-algebra/tests/deep_trees.rs	sparql-eval-complete-bounded-workspace/substitution-ground-owner-postimages/crates/sparql-algebra/tests/deep_trees.rs.txt
sparql-eval-complete-bounded-workspace/substitution-ground-owner-postimages/crates/sparql-eval/src/substitute.rs	sparql-eval-complete-bounded-workspace/substitution-ground-owner-postimages/crates/sparql-eval/src/substitute.rs.txt
sparql-eval-complete-bounded-workspace/substitution-ground-owner-postimages/crates/sparql-eval/src/workspace.rs	sparql-eval-complete-bounded-workspace/substitution-ground-owner-postimages/crates/sparql-eval/src/workspace.rs.txt
sparql-eval-complete-bounded-workspace/substitution-ground-resident-wrappers.rs	sparql-eval-complete-bounded-workspace/substitution-ground-resident-wrappers.rs.txt
sparql-eval-complete-bounded-workspace/template-native-base/crates/lex/src/allocation/shared.rs	sparql-eval-complete-bounded-workspace/template-native-base/crates/lex/src/allocation/shared.rs.txt
sparql-eval-complete-bounded-workspace/template-native-base/crates/rdf-core/src/ir/term_walk.rs	sparql-eval-complete-bounded-workspace/template-native-base/crates/rdf-core/src/ir/term_walk.rs.txt
sparql-eval-complete-bounded-workspace/template-native-base/crates/sparql-eval/src/eval.rs	sparql-eval-complete-bounded-workspace/template-native-base/crates/sparql-eval/src/eval.rs.txt
sparql-eval-complete-bounded-workspace/template-native-base/crates/sparql-eval/src/expr.rs	sparql-eval-complete-bounded-workspace/template-native-base/crates/sparql-eval/src/expr.rs.txt
sparql-eval-complete-bounded-workspace/template-native-base/crates/sparql-eval/src/scratch.rs	sparql-eval-complete-bounded-workspace/template-native-base/crates/sparql-eval/src/scratch.rs.txt
sparql-eval-complete-bounded-workspace/template-native-base/crates/sparql-eval/src/template.rs	sparql-eval-complete-bounded-workspace/template-native-base/crates/sparql-eval/src/template.rs.txt
sparql-eval-complete-bounded-workspace/template-native-base/crates/sparql-eval/src/update.rs	sparql-eval-complete-bounded-workspace/template-native-base/crates/sparql-eval/src/update.rs.txt
sparql-eval-complete-bounded-workspace/template-native-base/crates/sparql-eval/src/user_fn.rs	sparql-eval-complete-bounded-workspace/template-native-base/crates/sparql-eval/src/user_fn.rs.txt
sparql-eval-complete-bounded-workspace/template-native-base/crates/sparql-eval/src/workspace.rs	sparql-eval-complete-bounded-workspace/template-native-base/crates/sparql-eval/src/workspace.rs.txt
sparql-eval-complete-bounded-workspace/template-native-new/crates/lex/src/allocation/shared.rs	sparql-eval-complete-bounded-workspace/template-native-new/crates/lex/src/allocation/shared.rs.txt
sparql-eval-complete-bounded-workspace/template-native-new/crates/rdf-core/src/ir/term_walk.rs	sparql-eval-complete-bounded-workspace/template-native-new/crates/rdf-core/src/ir/term_walk.rs.txt
sparql-eval-complete-bounded-workspace/template-native-new/crates/sparql-eval/src/eval.rs	sparql-eval-complete-bounded-workspace/template-native-new/crates/sparql-eval/src/eval.rs.txt
sparql-eval-complete-bounded-workspace/template-native-new/crates/sparql-eval/src/expr.rs	sparql-eval-complete-bounded-workspace/template-native-new/crates/sparql-eval/src/expr.rs.txt
sparql-eval-complete-bounded-workspace/template-native-new/crates/sparql-eval/src/scratch.rs	sparql-eval-complete-bounded-workspace/template-native-new/crates/sparql-eval/src/scratch.rs.txt
sparql-eval-complete-bounded-workspace/template-native-new/crates/sparql-eval/src/template.rs	sparql-eval-complete-bounded-workspace/template-native-new/crates/sparql-eval/src/template.rs.txt
sparql-eval-complete-bounded-workspace/template-native-new/crates/sparql-eval/src/update.rs	sparql-eval-complete-bounded-workspace/template-native-new/crates/sparql-eval/src/update.rs.txt
sparql-eval-complete-bounded-workspace/template-native-new/crates/sparql-eval/src/user_fn.rs	sparql-eval-complete-bounded-workspace/template-native-new/crates/sparql-eval/src/user_fn.rs.txt
sparql-eval-complete-bounded-workspace/template-native-new/crates/sparql-eval/src/workspace.rs	sparql-eval-complete-bounded-workspace/template-native-new/crates/sparql-eval/src/workspace.rs.txt
sparql-eval-complete-bounded-workspace/temporal-parser-regressions.rs	sparql-eval-complete-bounded-workspace/temporal-parser-regressions.rs.txt
sparql-eval-complete-bounded-workspace/term-writer-native-memory.rs	sparql-eval-complete-bounded-workspace/term-writer-native-memory.rs.txt
sparql-eval-complete-bounded-workspace/vm-compiler-before-native.rs	sparql-eval-complete-bounded-workspace/vm-compiler-before-native.rs.txt
sparql-eval-complete-bounded-workspace/vm-owned-arguments-draft.rs	sparql-eval-complete-bounded-workspace/vm-owned-arguments-draft.rs.txt
sparql-eval-complete-bounded-workspace/vm-string-view-draft.rs	sparql-eval-complete-bounded-workspace/vm-string-view-draft.rs.txt
sparql-eval-complete-bounded-workspace/wasm-dataset-handle-postimages/crates/rdf-wasm/src/dataset.rs	sparql-eval-complete-bounded-workspace/wasm-dataset-handle-postimages/crates/rdf-wasm/src/dataset.rs.txt
sparql-eval-complete-bounded-workspace/wasm-dataset-handle-postimages/crates/rdf-wasm/src/projection.rs	sparql-eval-complete-bounded-workspace/wasm-dataset-handle-postimages/crates/rdf-wasm/src/projection.rs.txt
sparql-eval-complete-bounded-workspace/wasm-dataset-handle-postimages/crates/rdf-wasm/src/query.rs	sparql-eval-complete-bounded-workspace/wasm-dataset-handle-postimages/crates/rdf-wasm/src/query.rs.txt
sparql-eval-complete-bounded-workspace/wasm-dataset-handle-postimages/crates/rdf-wasm/src/stream.rs	sparql-eval-complete-bounded-workspace/wasm-dataset-handle-postimages/crates/rdf-wasm/src/stream.rs.txt
sparql-eval-complete-bounded-workspace/wasm-dataset-handle-preimages/crates/rdf-wasm/src/dataset.rs	sparql-eval-complete-bounded-workspace/wasm-dataset-handle-preimages/crates/rdf-wasm/src/dataset.rs.txt
sparql-eval-complete-bounded-workspace/wasm-dataset-handle-preimages/crates/rdf-wasm/src/projection.rs	sparql-eval-complete-bounded-workspace/wasm-dataset-handle-preimages/crates/rdf-wasm/src/projection.rs.txt
sparql-eval-complete-bounded-workspace/wasm-dataset-handle-preimages/crates/rdf-wasm/src/query.rs	sparql-eval-complete-bounded-workspace/wasm-dataset-handle-preimages/crates/rdf-wasm/src/query.rs.txt
sparql-eval-complete-bounded-workspace/wasm-dataset-handle-preimages/crates/rdf-wasm/src/stream.rs	sparql-eval-complete-bounded-workspace/wasm-dataset-handle-preimages/crates/rdf-wasm/src/stream.rs.txt
sparql-eval-complete-bounded-workspace/wasm-operation-owner-lint-postimage.rs	sparql-eval-complete-bounded-workspace/wasm-operation-owner-lint-postimage.rs.txt
sparql-eval-complete-bounded-workspace/wasm_determinism-native-service-postimage.rs	sparql-eval-complete-bounded-workspace/wasm_determinism-native-service-postimage.rs.txt
sparql-eval-complete-bounded-workspace/witness-native-service-postimage.rs	sparql-eval-complete-bounded-workspace/witness-native-service-postimage.rs.txt
sparql-eval-complete-bounded-workspace/workspace-native-service-postimage.rs	sparql-eval-complete-bounded-workspace/workspace-native-service-postimage.rs.txt
sparql-eval-complete-bounded-workspace/workspace-owned-row-regressions.rs	sparql-eval-complete-bounded-workspace/workspace-owned-row-regressions.rs.txt
sparql-eval-complete-bounded-workspace/xsd-clippy-correction-postimages/base/crates/xsd/src/exact/decimal.rs	sparql-eval-complete-bounded-workspace/xsd-clippy-correction-postimages/base/crates/xsd/src/exact/decimal.rs.txt
sparql-eval-complete-bounded-workspace/xsd-clippy-correction-postimages/base/crates/xsd/src/temporal.rs	sparql-eval-complete-bounded-workspace/xsd-clippy-correction-postimages/base/crates/xsd/src/temporal.rs.txt
sparql-eval-complete-bounded-workspace/xsd-clippy-correction-postimages/new/crates/xsd/src/exact/decimal.rs	sparql-eval-complete-bounded-workspace/xsd-clippy-correction-postimages/new/crates/xsd/src/exact/decimal.rs.txt
sparql-eval-complete-bounded-workspace/xsd-clippy-correction-postimages/new/crates/xsd/src/temporal.rs	sparql-eval-complete-bounded-workspace/xsd-clippy-correction-postimages/new/crates/xsd/src/temporal.rs.txt
