native-profile	Set up job	﻿2026-10-08T18:11:20.0528777Z Current runner version: '2.337.0'
native-profile	Set up job	2026-10-08T18:11:20.0550239Z ##[group]Runner Image Provisioner
native-profile	Set up job	2026-10-08T18:11:20.0550970Z Hosted Compute Agent
native-profile	Set up job	2026-10-08T18:11:20.0551567Z Version: 20261002.596
native-profile	Set up job	2026-10-08T18:11:20.0552161Z Commit: c3d12f3313a95f25162a1503be624f3b0617f8c0
native-profile	Set up job	2026-10-08T18:11:20.0552778Z Build Date: 2026-10-02T22:28:27Z
native-profile	Set up job	2026-10-08T18:11:20.0553528Z Worker ID: {9c0c5bd0-5ae0-4672-91f8-e1f5a35cef80}
native-profile	Set up job	2026-10-08T18:11:20.0554143Z Region: westcentralus
native-profile	Set up job	2026-10-08T18:11:20.0554665Z Cloud: Azure
native-profile	Set up job	2026-10-08T18:11:20.0555216Z ##[endgroup]
native-profile	Set up job	2026-10-08T18:11:20.0556359Z ##[group]Operating System
native-profile	Set up job	2026-10-08T18:11:20.0556923Z Ubuntu
native-profile	Set up job	2026-10-08T18:11:20.0557384Z 24.04.5
native-profile	Set up job	2026-10-08T18:11:20.0557850Z LTS
native-profile	Set up job	2026-10-08T18:11:20.0558386Z ##[endgroup]
native-profile	Set up job	2026-10-08T18:11:20.0558861Z ##[group]Runner Image
native-profile	Set up job	2026-10-08T18:11:20.0559394Z Image: ubuntu-24.04
native-profile	Set up job	2026-10-08T18:11:20.0559902Z Version: 20261004.327.1
native-profile	Set up job	2026-10-08T18:11:20.0560778Z Included Software: https://github.com/actions/runner-images/blob/ubuntu24/20261004.327/images/ubuntu/Ubuntu2404-Readme.md
native-profile	Set up job	2026-10-08T18:11:20.0562301Z Image Release: https://github.com/actions/runner-images/releases/tag/ubuntu24%2F20261004.327
native-profile	Set up job	2026-10-08T18:11:20.0563207Z ##[endgroup]
native-profile	Set up job	2026-10-08T18:11:20.0564178Z ##[group]GITHUB_TOKEN Permissions
native-profile	Set up job	2026-10-08T18:11:20.0565946Z Contents: read
native-profile	Set up job	2026-10-08T18:11:20.0566486Z Metadata: read
native-profile	Set up job	2026-10-08T18:11:20.0566974Z ##[endgroup]
native-profile	Set up job	2026-10-08T18:11:20.0568691Z Secret source: Actions
native-profile	Set up job	2026-10-08T18:11:20.0569538Z Cache mode: write
native-profile	Set up job	2026-10-08T18:11:20.0570192Z Prepare workflow directory
native-profile	Set up job	2026-10-08T18:11:20.0881447Z Prepare all required actions
native-profile	Set up job	2026-10-08T18:11:20.0919593Z Getting action download info
native-profile	Set up job	2026-10-08T18:11:20.3777551Z Download action repository 'actions/checkout@9c091bb21b7c1c1d1991bb908d89e4e9dddfe3e0' (SHA:9c091bb21b7c1c1d1991bb908d89e4e9dddfe3e0)
native-profile	Set up job	2026-10-08T18:11:20.4825423Z Download action repository 'dtolnay/rust-toolchain@29eef336d9b2848a0b548edc03f92a220660cdb8' (SHA:29eef336d9b2848a0b548edc03f92a220660cdb8)
native-profile	Set up job	2026-10-08T18:11:20.6940119Z Download action repository 'actions/download-artifact@95815c38cf2ff2164869cbab79da8d1f422bc89e' (SHA:95815c38cf2ff2164869cbab79da8d1f422bc89e)
native-profile	Set up job	2026-10-08T18:11:21.4099187Z Download action repository 'actions/setup-node@48b55a011bda9f5d6aeb4c2d9c7362e8dae4041e' (SHA:48b55a011bda9f5d6aeb4c2d9c7362e8dae4041e)
native-profile	Set up job	2026-10-08T18:11:21.5380272Z Download action repository 'actions/upload-artifact@043fb46d1a93c77aae656e7c1c64a875d1fc6a0a' (SHA:043fb46d1a93c77aae656e7c1c64a875d1fc6a0a)
native-profile	Set up job	2026-10-08T18:11:21.8086357Z Complete job name: native-profile
native-profile	Start task-owned disk setup evidence	﻿2026-10-08T18:11:21.8798347Z ##[group]Run campaign="/opt/purrdf-native-profile/$GITHUB_RUN_ID-$GITHUB_RUN_ATTEMPT"
native-profile	Start task-owned disk setup evidence	2026-10-08T18:11:21.8799394Z ^[[36;1mcampaign="/opt/purrdf-native-profile/$GITHUB_RUN_ID-$GITHUB_RUN_ATTEMPT"^[[0m
native-profile	Start task-owned disk setup evidence	2026-10-08T18:11:21.8800108Z ^[[36;1msudo mkdir -p "$campaign"^[[0m
native-profile	Start task-owned disk setup evidence	2026-10-08T18:11:21.8800627Z ^[[36;1msudo chown -R "$(id -u):$(id -g)" "$campaign"^[[0m
native-profile	Start task-owned disk setup evidence	2026-10-08T18:11:21.8801196Z ^[[36;1mdate +%s%N > "$campaign/setup-start.txt"^[[0m
native-profile	Start task-owned disk setup evidence	2026-10-08T18:11:21.8801819Z ^[[36;1msudo mkdir -p /opt/purrdf-native-profile-tests^[[0m
native-profile	Start task-owned disk setup evidence	2026-10-08T18:11:21.8802496Z ^[[36;1msudo chown "$(id -u):$(id -g)" /opt/purrdf-native-profile-tests^[[0m
native-profile	Start task-owned disk setup evidence	2026-10-08T18:11:21.8803407Z ^[[36;1mmkdir -p "$campaign/resources"^[[0m
native-profile	Start task-owned disk setup evidence	2026-10-08T18:11:21.8804146Z ^[[36;1mcp "$campaign/setup-start.txt" "$campaign/resources/setup-start.txt"^[[0m
native-profile	Start task-owned disk setup evidence	2026-10-08T18:11:21.8804907Z ^[[36;1mdf -h /opt > "$campaign/resources/setup-disk-before.txt"^[[0m
native-profile	Start task-owned disk setup evidence	2026-10-08T18:11:22.1054995Z shell: /usr/bin/bash -e {0}
native-profile	Start task-owned disk setup evidence	2026-10-08T18:11:22.1055765Z env:
native-profile	Start task-owned disk setup evidence	2026-10-08T18:11:22.1056159Z   CARGO_BUILD_JOBS: 8
native-profile	Start task-owned disk setup evidence	2026-10-08T18:11:22.1056944Z   PURRDF_REQUIRE_SIMD_PATHS: distance:portable,distance:sse2,blake3:sse2,deflate:sse2,csv:sse2
native-profile	Start task-owned disk setup evidence	2026-10-08T18:11:22.1057683Z ##[endgroup]
native-profile	Reclaim unused runner toolchains before native links	﻿2026-10-08T18:11:22.1649532Z ##[group]Run sudo rm -rf /usr/share/dotnet /opt/ghc /usr/local/lib/android /usr/share/swift
native-profile	Reclaim unused runner toolchains before native links	2026-10-08T18:11:22.1650554Z ^[[36;1msudo rm -rf /usr/share/dotnet /opt/ghc /usr/local/lib/android /usr/share/swift^[[0m
native-profile	Reclaim unused runner toolchains before native links	2026-10-08T18:11:22.1651615Z ^[[36;1mdf -h /opt > "/opt/purrdf-native-profile/$GITHUB_RUN_ID-$GITHUB_RUN_ATTEMPT/resources/setup-disk-after.txt"^[[0m
native-profile	Reclaim unused runner toolchains before native links	2026-10-08T18:11:22.1708295Z shell: /usr/bin/bash -e {0}
native-profile	Reclaim unused runner toolchains before native links	2026-10-08T18:11:22.1708742Z env:
native-profile	Reclaim unused runner toolchains before native links	2026-10-08T18:11:22.1709093Z   CARGO_BUILD_JOBS: 8
native-profile	Reclaim unused runner toolchains before native links	2026-10-08T18:11:22.1709764Z   PURRDF_REQUIRE_SIMD_PATHS: distance:portable,distance:sse2,blake3:sse2,deflate:sse2,csv:sse2
native-profile	Reclaim unused runner toolchains before native links	2026-10-08T18:11:22.1710497Z ##[endgroup]
native-profile	Run actions/checkout@9c091bb21b7c1c1d1991bb908d89e4e9dddfe3e0	﻿2026-10-08T18:13:26.5836356Z ##[group]Run actions/checkout@9c091bb21b7c1c1d1991bb908d89e4e9dddfe3e0
native-profile	Run actions/checkout@9c091bb21b7c1c1d1991bb908d89e4e9dddfe3e0	2026-10-08T18:13:26.5836721Z with:
native-profile	Run actions/checkout@9c091bb21b7c1c1d1991bb908d89e4e9dddfe3e0	2026-10-08T18:13:26.5836907Z   persist-credentials: false
native-profile	Run actions/checkout@9c091bb21b7c1c1d1991bb908d89e4e9dddfe3e0	2026-10-08T18:13:26.5837141Z   repository: Blackcat-Informatics/purrdf
native-profile	Run actions/checkout@9c091bb21b7c1c1d1991bb908d89e4e9dddfe3e0	2026-10-08T18:13:26.5839082Z   token: ***
native-profile	Run actions/checkout@9c091bb21b7c1c1d1991bb908d89e4e9dddfe3e0	2026-10-08T18:13:26.5839256Z   ssh-strict: true
native-profile	Run actions/checkout@9c091bb21b7c1c1d1991bb908d89e4e9dddfe3e0	2026-10-08T18:13:26.5839427Z   ssh-user: git
native-profile	Run actions/checkout@9c091bb21b7c1c1d1991bb908d89e4e9dddfe3e0	2026-10-08T18:13:26.5839585Z   clean: true
native-profile	Run actions/checkout@9c091bb21b7c1c1d1991bb908d89e4e9dddfe3e0	2026-10-08T18:13:26.5839764Z   sparse-checkout-cone-mode: true
native-profile	Run actions/checkout@9c091bb21b7c1c1d1991bb908d89e4e9dddfe3e0	2026-10-08T18:13:26.5839971Z   fetch-depth: 1
native-profile	Run actions/checkout@9c091bb21b7c1c1d1991bb908d89e4e9dddfe3e0	2026-10-08T18:13:26.5840131Z   fetch-tags: false
native-profile	Run actions/checkout@9c091bb21b7c1c1d1991bb908d89e4e9dddfe3e0	2026-10-08T18:13:26.5840323Z   show-progress: true
native-profile	Run actions/checkout@9c091bb21b7c1c1d1991bb908d89e4e9dddfe3e0	2026-10-08T18:13:26.5840491Z   lfs: false
native-profile	Run actions/checkout@9c091bb21b7c1c1d1991bb908d89e4e9dddfe3e0	2026-10-08T18:13:26.5840641Z   submodules: false
native-profile	Run actions/checkout@9c091bb21b7c1c1d1991bb908d89e4e9dddfe3e0	2026-10-08T18:13:26.5840806Z   set-safe-directory: true
native-profile	Run actions/checkout@9c091bb21b7c1c1d1991bb908d89e4e9dddfe3e0	2026-10-08T18:13:26.5841021Z   allow-unsafe-pr-checkout: false
native-profile	Run actions/checkout@9c091bb21b7c1c1d1991bb908d89e4e9dddfe3e0	2026-10-08T18:13:26.5841245Z env:
native-profile	Run actions/checkout@9c091bb21b7c1c1d1991bb908d89e4e9dddfe3e0	2026-10-08T18:13:26.5841394Z   CARGO_BUILD_JOBS: 8
native-profile	Run actions/checkout@9c091bb21b7c1c1d1991bb908d89e4e9dddfe3e0	2026-10-08T18:13:26.5841702Z   PURRDF_REQUIRE_SIMD_PATHS: distance:portable,distance:sse2,blake3:sse2,deflate:sse2,csv:sse2
native-profile	Run actions/checkout@9c091bb21b7c1c1d1991bb908d89e4e9dddfe3e0	2026-10-08T18:13:26.5842083Z ##[endgroup]
native-profile	Run actions/checkout@9c091bb21b7c1c1d1991bb908d89e4e9dddfe3e0	2026-10-08T18:13:26.6625495Z Syncing repository: Blackcat-Informatics/purrdf
native-profile	Run actions/checkout@9c091bb21b7c1c1d1991bb908d89e4e9dddfe3e0	2026-10-08T18:13:26.6626619Z ##[group]Getting Git version info
native-profile	Run actions/checkout@9c091bb21b7c1c1d1991bb908d89e4e9dddfe3e0	2026-10-08T18:13:26.6626915Z Working directory is '/home/runner/work/purrdf/purrdf'
native-profile	Run actions/checkout@9c091bb21b7c1c1d1991bb908d89e4e9dddfe3e0	2026-10-08T18:13:26.6627376Z [command]/usr/bin/git version
native-profile	Run actions/checkout@9c091bb21b7c1c1d1991bb908d89e4e9dddfe3e0	2026-10-08T18:13:26.6679834Z git version 2.55.0
native-profile	Run actions/checkout@9c091bb21b7c1c1d1991bb908d89e4e9dddfe3e0	2026-10-08T18:13:26.6694648Z ##[endgroup]
native-profile	Run actions/checkout@9c091bb21b7c1c1d1991bb908d89e4e9dddfe3e0	2026-10-08T18:13:26.6703683Z Temporarily overriding HOME='/home/runner/work/_temp/a5986828-b405-4c64-8980-bb059f7f8059' before making global git config changes
native-profile	Run actions/checkout@9c091bb21b7c1c1d1991bb908d89e4e9dddfe3e0	2026-10-08T18:13:26.6704776Z Adding repository directory to the temporary git global config as a safe directory
native-profile	Run actions/checkout@9c091bb21b7c1c1d1991bb908d89e4e9dddfe3e0	2026-10-08T18:13:26.6708382Z [command]/usr/bin/git config --global --add safe.directory /home/runner/work/purrdf/purrdf
native-profile	Run actions/checkout@9c091bb21b7c1c1d1991bb908d89e4e9dddfe3e0	2026-10-08T18:13:26.6749253Z Deleting the contents of '/home/runner/work/purrdf/purrdf'
native-profile	Run actions/checkout@9c091bb21b7c1c1d1991bb908d89e4e9dddfe3e0	2026-10-08T18:13:26.6752108Z ##[group]Determining repository object format
native-profile	Run actions/checkout@9c091bb21b7c1c1d1991bb908d89e4e9dddfe3e0	2026-10-08T18:13:26.6752988Z ##[endgroup]
native-profile	Run actions/checkout@9c091bb21b7c1c1d1991bb908d89e4e9dddfe3e0	2026-10-08T18:13:26.6753494Z ##[group]Initializing the repository
native-profile	Run actions/checkout@9c091bb21b7c1c1d1991bb908d89e4e9dddfe3e0	2026-10-08T18:13:26.6756256Z [command]/usr/bin/git init /home/runner/work/purrdf/purrdf
native-profile	Run actions/checkout@9c091bb21b7c1c1d1991bb908d89e4e9dddfe3e0	2026-10-08T18:13:26.6843328Z hint: Using 'master' as the name for the initial branch. This default branch name
native-profile	Run actions/checkout@9c091bb21b7c1c1d1991bb908d89e4e9dddfe3e0	2026-10-08T18:13:26.6844038Z hint: will change to "main" in Git 3.0. To configure the initial branch name
native-profile	Run actions/checkout@9c091bb21b7c1c1d1991bb908d89e4e9dddfe3e0	2026-10-08T18:13:26.6844688Z hint: to use in all of your new repositories, which will suppress this warning,
native-profile	Run actions/checkout@9c091bb21b7c1c1d1991bb908d89e4e9dddfe3e0	2026-10-08T18:13:26.6845015Z hint: call:
native-profile	Run actions/checkout@9c091bb21b7c1c1d1991bb908d89e4e9dddfe3e0	2026-10-08T18:13:26.6845175Z hint:
native-profile	Run actions/checkout@9c091bb21b7c1c1d1991bb908d89e4e9dddfe3e0	2026-10-08T18:13:26.6845413Z hint: 	git config --global init.defaultBranch <name>
native-profile	Run actions/checkout@9c091bb21b7c1c1d1991bb908d89e4e9dddfe3e0	2026-10-08T18:13:26.6845675Z hint:
native-profile	Run actions/checkout@9c091bb21b7c1c1d1991bb908d89e4e9dddfe3e0	2026-10-08T18:13:26.6845918Z hint: Names commonly chosen instead of 'master' are 'main', 'trunk' and
native-profile	Run actions/checkout@9c091bb21b7c1c1d1991bb908d89e4e9dddfe3e0	2026-10-08T18:13:26.6846417Z hint: 'development'. The just-created branch can be renamed via this command:
native-profile	Run actions/checkout@9c091bb21b7c1c1d1991bb908d89e4e9dddfe3e0	2026-10-08T18:13:26.6846896Z hint:
native-profile	Run actions/checkout@9c091bb21b7c1c1d1991bb908d89e4e9dddfe3e0	2026-10-08T18:13:26.6847166Z hint: 	git branch -m <name>
native-profile	Run actions/checkout@9c091bb21b7c1c1d1991bb908d89e4e9dddfe3e0	2026-10-08T18:13:26.6847419Z hint:
native-profile	Run actions/checkout@9c091bb21b7c1c1d1991bb908d89e4e9dddfe3e0	2026-10-08T18:13:26.6847693Z hint: Disable this message with "git config set advice.defaultBranchName false"
native-profile	Run actions/checkout@9c091bb21b7c1c1d1991bb908d89e4e9dddfe3e0	2026-10-08T18:13:26.6848254Z Initialized empty Git repository in /home/runner/work/purrdf/purrdf/.git/
native-profile	Run actions/checkout@9c091bb21b7c1c1d1991bb908d89e4e9dddfe3e0	2026-10-08T18:13:26.6854262Z [command]/usr/bin/git remote add origin https://github.com/Blackcat-Informatics/purrdf
native-profile	Run actions/checkout@9c091bb21b7c1c1d1991bb908d89e4e9dddfe3e0	2026-10-08T18:13:26.6895328Z ##[endgroup]
native-profile	Run actions/checkout@9c091bb21b7c1c1d1991bb908d89e4e9dddfe3e0	2026-10-08T18:13:26.6895830Z ##[group]Disabling automatic garbage collection
native-profile	Run actions/checkout@9c091bb21b7c1c1d1991bb908d89e4e9dddfe3e0	2026-10-08T18:13:26.6898556Z [command]/usr/bin/git config --local gc.auto 0
native-profile	Run actions/checkout@9c091bb21b7c1c1d1991bb908d89e4e9dddfe3e0	2026-10-08T18:13:26.6922944Z ##[endgroup]
native-profile	Run actions/checkout@9c091bb21b7c1c1d1991bb908d89e4e9dddfe3e0	2026-10-08T18:13:26.6923981Z ##[group]Setting up auth
native-profile	Run actions/checkout@9c091bb21b7c1c1d1991bb908d89e4e9dddfe3e0	2026-10-08T18:13:26.6924373Z Removing SSH command configuration
native-profile	Run actions/checkout@9c091bb21b7c1c1d1991bb908d89e4e9dddfe3e0	2026-10-08T18:13:26.6928127Z [command]/usr/bin/git config --local --name-only --get-regexp core\.sshCommand
native-profile	Run actions/checkout@9c091bb21b7c1c1d1991bb908d89e4e9dddfe3e0	2026-10-08T18:13:26.6952375Z [command]/usr/bin/git submodule foreach --recursive sh -c "git config --local --name-only --get-regexp 'core\.sshCommand' && git config --local --unset-all 'core.sshCommand' || :"
native-profile	Run actions/checkout@9c091bb21b7c1c1d1991bb908d89e4e9dddfe3e0	2026-10-08T18:13:26.7295917Z Removing HTTP extra header
native-profile	Run actions/checkout@9c091bb21b7c1c1d1991bb908d89e4e9dddfe3e0	2026-10-08T18:13:26.7300014Z [command]/usr/bin/git config --local --name-only --get-regexp http\.https\:\/\/github\.com\/\.extraheader
native-profile	Run actions/checkout@9c091bb21b7c1c1d1991bb908d89e4e9dddfe3e0	2026-10-08T18:13:26.7324532Z [command]/usr/bin/git submodule foreach --recursive sh -c "git config --local --name-only --get-regexp 'http\.https\:\/\/github\.com\/\.extraheader' && git config --local --unset-all 'http.https://github.com/.extraheader' || :"
native-profile	Run actions/checkout@9c091bb21b7c1c1d1991bb908d89e4e9dddfe3e0	2026-10-08T18:13:26.7502856Z Removing includeIf entries pointing to credentials config files
native-profile	Run actions/checkout@9c091bb21b7c1c1d1991bb908d89e4e9dddfe3e0	2026-10-08T18:13:26.7503564Z [command]/usr/bin/git config --local --name-only --get-regexp ^includeIf\.gitdir:
native-profile	Run actions/checkout@9c091bb21b7c1c1d1991bb908d89e4e9dddfe3e0	2026-10-08T18:13:26.7527504Z [command]/usr/bin/git submodule foreach --recursive git config --local --show-origin --name-only --get-regexp remote.origin.url
native-profile	Run actions/checkout@9c091bb21b7c1c1d1991bb908d89e4e9dddfe3e0	2026-10-08T18:13:26.7721271Z [command]/usr/bin/git config --file /home/runner/work/_temp/git-credentials-63a39911-dcd0-413e-8e5d-19c91de3357d.config http.https://github.com/.extraheader AUTHORIZATION: basic ***
native-profile	Run actions/checkout@9c091bb21b7c1c1d1991bb908d89e4e9dddfe3e0	2026-10-08T18:13:26.7751166Z [command]/usr/bin/git config --local includeIf.gitdir:/home/runner/work/purrdf/purrdf/.git.path /home/runner/work/_temp/git-credentials-63a39911-dcd0-413e-8e5d-19c91de3357d.config
native-profile	Run actions/checkout@9c091bb21b7c1c1d1991bb908d89e4e9dddfe3e0	2026-10-08T18:13:26.7776165Z [command]/usr/bin/git config --local includeIf.gitdir:/home/runner/work/purrdf/purrdf/.git/worktrees/*.path /home/runner/work/_temp/git-credentials-63a39911-dcd0-413e-8e5d-19c91de3357d.config
native-profile	Run actions/checkout@9c091bb21b7c1c1d1991bb908d89e4e9dddfe3e0	2026-10-08T18:13:26.7804321Z [command]/usr/bin/git config --local includeIf.gitdir:/github/workspace/.git.path /github/runner_temp/git-credentials-63a39911-dcd0-413e-8e5d-19c91de3357d.config
native-profile	Run actions/checkout@9c091bb21b7c1c1d1991bb908d89e4e9dddfe3e0	2026-10-08T18:13:26.7829039Z [command]/usr/bin/git config --local includeIf.gitdir:/github/workspace/.git/worktrees/*.path /github/runner_temp/git-credentials-63a39911-dcd0-413e-8e5d-19c91de3357d.config
native-profile	Run actions/checkout@9c091bb21b7c1c1d1991bb908d89e4e9dddfe3e0	2026-10-08T18:13:26.7850907Z ##[endgroup]
native-profile	Run actions/checkout@9c091bb21b7c1c1d1991bb908d89e4e9dddfe3e0	2026-10-08T18:13:26.7851280Z ##[group]Fetching the repository
native-profile	Run actions/checkout@9c091bb21b7c1c1d1991bb908d89e4e9dddfe3e0	2026-10-08T18:13:26.7856424Z [command]/usr/bin/git -c protocol.version=2 fetch --no-tags --prune --no-recurse-submodules --depth=1 origin +47c9cdfcffe9271facb85c05034d89e466a4d77a:refs/remotes/origin/paudley/308-reduce-native-ci-test-compilation-and-c
native-profile	Run actions/checkout@9c091bb21b7c1c1d1991bb908d89e4e9dddfe3e0	2026-10-08T18:13:29.2552724Z From https://github.com/Blackcat-Informatics/purrdf
native-profile	Run actions/checkout@9c091bb21b7c1c1d1991bb908d89e4e9dddfe3e0	2026-10-08T18:13:29.2553711Z  * [new ref]           47c9cdfcffe9271facb85c05034d89e466a4d77a -> origin/paudley/308-reduce-native-ci-test-compilation-and-c
native-profile	Run actions/checkout@9c091bb21b7c1c1d1991bb908d89e4e9dddfe3e0	2026-10-08T18:13:29.2562141Z [command]/usr/bin/git branch --list --remote origin/paudley/308-reduce-native-ci-test-compilation-and-c
native-profile	Run actions/checkout@9c091bb21b7c1c1d1991bb908d89e4e9dddfe3e0	2026-10-08T18:13:29.2588173Z   origin/paudley/308-reduce-native-ci-test-compilation-and-c
native-profile	Run actions/checkout@9c091bb21b7c1c1d1991bb908d89e4e9dddfe3e0	2026-10-08T18:13:29.2597759Z [command]/usr/bin/git rev-parse refs/remotes/origin/paudley/308-reduce-native-ci-test-compilation-and-c
native-profile	Run actions/checkout@9c091bb21b7c1c1d1991bb908d89e4e9dddfe3e0	2026-10-08T18:13:29.2613526Z 47c9cdfcffe9271facb85c05034d89e466a4d77a
native-profile	Run actions/checkout@9c091bb21b7c1c1d1991bb908d89e4e9dddfe3e0	2026-10-08T18:13:29.2616441Z ##[endgroup]
native-profile	Run actions/checkout@9c091bb21b7c1c1d1991bb908d89e4e9dddfe3e0	2026-10-08T18:13:29.2616761Z ##[group]Determining the checkout info
native-profile	Run actions/checkout@9c091bb21b7c1c1d1991bb908d89e4e9dddfe3e0	2026-10-08T18:13:29.2617486Z ##[endgroup]
native-profile	Run actions/checkout@9c091bb21b7c1c1d1991bb908d89e4e9dddfe3e0	2026-10-08T18:13:29.2621299Z [command]/usr/bin/git sparse-checkout disable
native-profile	Run actions/checkout@9c091bb21b7c1c1d1991bb908d89e4e9dddfe3e0	2026-10-08T18:13:29.2662845Z [command]/usr/bin/git config --local --unset-all extensions.worktreeConfig
native-profile	Run actions/checkout@9c091bb21b7c1c1d1991bb908d89e4e9dddfe3e0	2026-10-08T18:13:29.2687073Z ##[group]Checking out the ref
native-profile	Run actions/checkout@9c091bb21b7c1c1d1991bb908d89e4e9dddfe3e0	2026-10-08T18:13:29.2690244Z [command]/usr/bin/git checkout --progress --force -B paudley/308-reduce-native-ci-test-compilation-and-c refs/remotes/origin/paudley/308-reduce-native-ci-test-compilation-and-c
native-profile	Run actions/checkout@9c091bb21b7c1c1d1991bb908d89e4e9dddfe3e0	2026-10-08T18:13:30.2838693Z Updating files:  95% (17527/18283)
native-profile	Run actions/checkout@9c091bb21b7c1c1d1991bb908d89e4e9dddfe3e0	2026-10-08T18:13:30.2892598Z Updating files:  96% (17552/18283)
native-profile	Run actions/checkout@9c091bb21b7c1c1d1991bb908d89e4e9dddfe3e0	2026-10-08T18:13:30.2947557Z Updating files:  97% (17735/18283)
native-profile	Run actions/checkout@9c091bb21b7c1c1d1991bb908d89e4e9dddfe3e0	2026-10-08T18:13:30.3003725Z Updating files:  98% (17918/18283)
native-profile	Run actions/checkout@9c091bb21b7c1c1d1991bb908d89e4e9dddfe3e0	2026-10-08T18:13:30.3057811Z Updating files:  99% (18101/18283)
native-profile	Run actions/checkout@9c091bb21b7c1c1d1991bb908d89e4e9dddfe3e0	2026-10-08T18:13:30.3058499Z Updating files: 100% (18283/18283)
native-profile	Run actions/checkout@9c091bb21b7c1c1d1991bb908d89e4e9dddfe3e0	2026-10-08T18:13:30.3058892Z Updating files: 100% (18283/18283), done.
native-profile	Run actions/checkout@9c091bb21b7c1c1d1991bb908d89e4e9dddfe3e0	2026-10-08T18:13:30.3208077Z Switched to a new branch 'paudley/308-reduce-native-ci-test-compilation-and-c'
native-profile	Run actions/checkout@9c091bb21b7c1c1d1991bb908d89e4e9dddfe3e0	2026-10-08T18:13:30.3213404Z branch 'paudley/308-reduce-native-ci-test-compilation-and-c' set up to track 'origin/paudley/308-reduce-native-ci-test-compilation-and-c'.
native-profile	Run actions/checkout@9c091bb21b7c1c1d1991bb908d89e4e9dddfe3e0	2026-10-08T18:13:30.3271554Z ##[endgroup]
native-profile	Run actions/checkout@9c091bb21b7c1c1d1991bb908d89e4e9dddfe3e0	2026-10-08T18:13:30.3274663Z [command]/usr/bin/git log -1 --format=%H
native-profile	Run actions/checkout@9c091bb21b7c1c1d1991bb908d89e4e9dddfe3e0	2026-10-08T18:13:30.3295740Z 47c9cdfcffe9271facb85c05034d89e466a4d77a
native-profile	Run actions/checkout@9c091bb21b7c1c1d1991bb908d89e4e9dddfe3e0	2026-10-08T18:13:30.3306165Z ##[group]Removing auth
native-profile	Run actions/checkout@9c091bb21b7c1c1d1991bb908d89e4e9dddfe3e0	2026-10-08T18:13:30.3306512Z Removing SSH command configuration
native-profile	Run actions/checkout@9c091bb21b7c1c1d1991bb908d89e4e9dddfe3e0	2026-10-08T18:13:30.3313004Z [command]/usr/bin/git config --local --name-only --get-regexp core\.sshCommand
native-profile	Run actions/checkout@9c091bb21b7c1c1d1991bb908d89e4e9dddfe3e0	2026-10-08T18:13:30.3334646Z [command]/usr/bin/git submodule foreach --recursive sh -c "git config --local --name-only --get-regexp 'core\.sshCommand' && git config --local --unset-all 'core.sshCommand' || :"
native-profile	Run actions/checkout@9c091bb21b7c1c1d1991bb908d89e4e9dddfe3e0	2026-10-08T18:13:30.3530787Z Removing HTTP extra header
native-profile	Run actions/checkout@9c091bb21b7c1c1d1991bb908d89e4e9dddfe3e0	2026-10-08T18:13:30.3534209Z [command]/usr/bin/git config --local --name-only --get-regexp http\.https\:\/\/github\.com\/\.extraheader
native-profile	Run actions/checkout@9c091bb21b7c1c1d1991bb908d89e4e9dddfe3e0	2026-10-08T18:13:30.3559333Z [command]/usr/bin/git submodule foreach --recursive sh -c "git config --local --name-only --get-regexp 'http\.https\:\/\/github\.com\/\.extraheader' && git config --local --unset-all 'http.https://github.com/.extraheader' || :"
native-profile	Run actions/checkout@9c091bb21b7c1c1d1991bb908d89e4e9dddfe3e0	2026-10-08T18:13:30.3752730Z Removing includeIf entries pointing to credentials config files
native-profile	Run actions/checkout@9c091bb21b7c1c1d1991bb908d89e4e9dddfe3e0	2026-10-08T18:13:30.3756769Z [command]/usr/bin/git config --local --name-only --get-regexp ^includeIf\.gitdir:
native-profile	Run actions/checkout@9c091bb21b7c1c1d1991bb908d89e4e9dddfe3e0	2026-10-08T18:13:30.3781991Z includeif.gitdir:/home/runner/work/purrdf/purrdf/.git.path
native-profile	Run actions/checkout@9c091bb21b7c1c1d1991bb908d89e4e9dddfe3e0	2026-10-08T18:13:30.3782801Z includeif.gitdir:/home/runner/work/purrdf/purrdf/.git/worktrees/*.path
native-profile	Run actions/checkout@9c091bb21b7c1c1d1991bb908d89e4e9dddfe3e0	2026-10-08T18:13:30.3783926Z includeif.gitdir:/github/workspace/.git.path
native-profile	Run actions/checkout@9c091bb21b7c1c1d1991bb908d89e4e9dddfe3e0	2026-10-08T18:13:30.3784509Z includeif.gitdir:/github/workspace/.git/worktrees/*.path
native-profile	Run actions/checkout@9c091bb21b7c1c1d1991bb908d89e4e9dddfe3e0	2026-10-08T18:13:30.3790621Z [command]/usr/bin/git config --local --get-all includeif.gitdir:/home/runner/work/purrdf/purrdf/.git.path
native-profile	Run actions/checkout@9c091bb21b7c1c1d1991bb908d89e4e9dddfe3e0	2026-10-08T18:13:30.3810831Z /home/runner/work/_temp/git-credentials-63a39911-dcd0-413e-8e5d-19c91de3357d.config
native-profile	Run actions/checkout@9c091bb21b7c1c1d1991bb908d89e4e9dddfe3e0	2026-10-08T18:13:30.3819898Z [command]/usr/bin/git config --local --unset includeif.gitdir:/home/runner/work/purrdf/purrdf/.git.path /home/runner/work/_temp/git-credentials-63a39911-dcd0-413e-8e5d-19c91de3357d.config
native-profile	Run actions/checkout@9c091bb21b7c1c1d1991bb908d89e4e9dddfe3e0	2026-10-08T18:13:30.3851255Z [command]/usr/bin/git config --local --get-all includeif.gitdir:/home/runner/work/purrdf/purrdf/.git/worktrees/*.path
native-profile	Run actions/checkout@9c091bb21b7c1c1d1991bb908d89e4e9dddfe3e0	2026-10-08T18:13:30.3875541Z /home/runner/work/_temp/git-credentials-63a39911-dcd0-413e-8e5d-19c91de3357d.config
native-profile	Run actions/checkout@9c091bb21b7c1c1d1991bb908d89e4e9dddfe3e0	2026-10-08T18:13:30.3882643Z [command]/usr/bin/git config --local --unset includeif.gitdir:/home/runner/work/purrdf/purrdf/.git/worktrees/*.path /home/runner/work/_temp/git-credentials-63a39911-dcd0-413e-8e5d-19c91de3357d.config
native-profile	Run actions/checkout@9c091bb21b7c1c1d1991bb908d89e4e9dddfe3e0	2026-10-08T18:13:30.3914304Z [command]/usr/bin/git config --local --get-all includeif.gitdir:/github/workspace/.git.path
native-profile	Run actions/checkout@9c091bb21b7c1c1d1991bb908d89e4e9dddfe3e0	2026-10-08T18:13:30.3936991Z /github/runner_temp/git-credentials-63a39911-dcd0-413e-8e5d-19c91de3357d.config
native-profile	Run actions/checkout@9c091bb21b7c1c1d1991bb908d89e4e9dddfe3e0	2026-10-08T18:13:30.3944071Z [command]/usr/bin/git config --local --unset includeif.gitdir:/github/workspace/.git.path /github/runner_temp/git-credentials-63a39911-dcd0-413e-8e5d-19c91de3357d.config
native-profile	Run actions/checkout@9c091bb21b7c1c1d1991bb908d89e4e9dddfe3e0	2026-10-08T18:13:30.3971744Z [command]/usr/bin/git config --local --get-all includeif.gitdir:/github/workspace/.git/worktrees/*.path
native-profile	Run actions/checkout@9c091bb21b7c1c1d1991bb908d89e4e9dddfe3e0	2026-10-08T18:13:30.3996902Z /github/runner_temp/git-credentials-63a39911-dcd0-413e-8e5d-19c91de3357d.config
native-profile	Run actions/checkout@9c091bb21b7c1c1d1991bb908d89e4e9dddfe3e0	2026-10-08T18:13:30.3998679Z [command]/usr/bin/git config --local --unset includeif.gitdir:/github/workspace/.git/worktrees/*.path /github/runner_temp/git-credentials-63a39911-dcd0-413e-8e5d-19c91de3357d.config
native-profile	Run actions/checkout@9c091bb21b7c1c1d1991bb908d89e4e9dddfe3e0	2026-10-08T18:13:30.4029029Z [command]/usr/bin/git submodule foreach --recursive git config --local --show-origin --name-only --get-regexp remote.origin.url
native-profile	Run actions/checkout@9c091bb21b7c1c1d1991bb908d89e4e9dddfe3e0	2026-10-08T18:13:30.4230122Z Removing credentials config '/home/runner/work/_temp/git-credentials-63a39911-dcd0-413e-8e5d-19c91de3357d.config'
native-profile	Run actions/checkout@9c091bb21b7c1c1d1991bb908d89e4e9dddfe3e0	2026-10-08T18:13:30.4237922Z ##[endgroup]
native-profile	Install Rust	﻿2026-10-08T18:13:30.4491678Z ##[group]Run dtolnay/rust-toolchain@29eef336d9b2848a0b548edc03f92a220660cdb8
native-profile	Install Rust	2026-10-08T18:13:30.4492012Z with:
native-profile	Install Rust	2026-10-08T18:13:30.4492173Z   toolchain: nightly
native-profile	Install Rust	2026-10-08T18:13:30.4492348Z env:
native-profile	Install Rust	2026-10-08T18:13:30.4492502Z   CARGO_BUILD_JOBS: 8
native-profile	Install Rust	2026-10-08T18:13:30.4492816Z   PURRDF_REQUIRE_SIMD_PATHS: distance:portable,distance:sse2,blake3:sse2,deflate:sse2,csv:sse2
native-profile	Install Rust	2026-10-08T18:13:30.4493316Z ##[endgroup]
native-profile	Install Rust	2026-10-08T18:13:30.4563365Z ##[start-action display=Run : parse toolchain version;id=__dtolnay_rust-toolchain.parse]
native-profile	Install Rust	2026-10-08T18:13:30.4584772Z ##[group]Run : parse toolchain version
native-profile	Install Rust	2026-10-08T18:13:30.4585049Z ^[[36;1m: parse toolchain version^[[0m
native-profile	Install Rust	2026-10-08T18:13:30.4585264Z ^[[36;1mif [[ -z $toolchain ]]; then^[[0m
native-profile	Install Rust	2026-10-08T18:13:30.4585664Z ^[[36;1m  # GitHub does not enforce `required: true` inputs itself. https://github.com/actions/runner/issues/1070^[[0m
native-profile	Install Rust	2026-10-08T18:13:30.4586114Z ^[[36;1m  echo "'toolchain' is a required input" >&2^[[0m
native-profile	Install Rust	2026-10-08T18:13:30.4586353Z ^[[36;1m  exit 1^[[0m
native-profile	Install Rust	2026-10-08T18:13:30.4586661Z ^[[36;1melif [[ $toolchain =~ ^stable' '[0-9]+' '(year|month|week|day)s?' 'ago$ ]]; then^[[0m
native-profile	Install Rust	2026-10-08T18:13:30.4586977Z ^[[36;1m  if [[ Linux == macOS ]]; then^[[0m
native-profile	Install Rust	2026-10-08T18:13:30.4587379Z ^[[36;1m    echo "toolchain=1.$((($(date -v-$(sed 's/stable \([0-9]*\) \(.\).*/\1\2/' <<< $toolchain) +%s)/60/60/24-16569)/7/6))" >> $GITHUB_OUTPUT^[[0m
native-profile	Install Rust	2026-10-08T18:13:30.4587759Z ^[[36;1m  else^[[0m
native-profile	Install Rust	2026-10-08T18:13:30.4588074Z ^[[36;1m    echo "toolchain=1.$((($(date --date "${toolchain#stable }" +%s)/60/60/24-16569)/7/6))" >> $GITHUB_OUTPUT^[[0m
native-profile	Install Rust	2026-10-08T18:13:30.4588409Z ^[[36;1m  fi^[[0m
native-profile	Install Rust	2026-10-08T18:13:30.4588644Z ^[[36;1melif [[ $toolchain =~ ^stable' 'minus' '[0-9]+' 'releases?$ ]]; then^[[0m
native-profile	Install Rust	2026-10-08T18:13:30.4589042Z ^[[36;1m  echo "toolchain=1.$((($(date +%s)/60/60/24-16569)/7/6-${toolchain//[^0-9]/}))" >> $GITHUB_OUTPUT^[[0m
native-profile	Install Rust	2026-10-08T18:13:30.4589394Z ^[[36;1melif [[ $toolchain =~ ^1\.[0-9]+$ ]]; then^[[0m
native-profile	Install Rust	2026-10-08T18:13:30.4589787Z ^[[36;1m  echo "toolchain=1.$((i=${toolchain#1.}, c=($(date +%s)/60/60/24-16569)/7/6, i+9*i*(10*i<=c)+90*i*(100*i<=c)))" >> $GITHUB_OUTPUT^[[0m
native-profile	Install Rust	2026-10-08T18:13:30.4590153Z ^[[36;1melse^[[0m
native-profile	Install Rust	2026-10-08T18:13:30.4590376Z ^[[36;1m  echo "toolchain=$toolchain" >> $GITHUB_OUTPUT^[[0m
native-profile	Install Rust	2026-10-08T18:13:30.4590647Z ^[[36;1mfi^[[0m
native-profile	Install Rust	2026-10-08T18:13:30.4647764Z shell: /usr/bin/bash --noprofile --norc -e -o pipefail {0}
native-profile	Install Rust	2026-10-08T18:13:30.4648048Z env:
native-profile	Install Rust	2026-10-08T18:13:30.4648210Z   CARGO_BUILD_JOBS: 8
native-profile	Install Rust	2026-10-08T18:13:30.4648525Z   PURRDF_REQUIRE_SIMD_PATHS: distance:portable,distance:sse2,blake3:sse2,deflate:sse2,csv:sse2
native-profile	Install Rust	2026-10-08T18:13:30.4648868Z   toolchain: nightly
native-profile	Install Rust	2026-10-08T18:13:30.4649042Z ##[endgroup]
native-profile	Install Rust	2026-10-08T18:13:30.4739557Z ##[end-action id=__dtolnay_rust-toolchain.parse;outcome=success;conclusion=success;duration_ms=17]
native-profile	Install Rust	2026-10-08T18:13:30.4756071Z ##[start-action display=Run : construct rustup command line;id=__dtolnay_rust-toolchain.flags]
native-profile	Install Rust	2026-10-08T18:13:30.4770533Z ##[group]Run : construct rustup command line
native-profile	Install Rust	2026-10-08T18:13:30.4770799Z ^[[36;1m: construct rustup command line^[[0m
native-profile	Install Rust	2026-10-08T18:13:30.4771159Z ^[[36;1mecho "targets=$(for t in ${targets//,/ }; do echo -n ' --target' $t; done)" >> $GITHUB_OUTPUT^[[0m
native-profile	Install Rust	2026-10-08T18:13:30.4771637Z ^[[36;1mecho "components=$(for c in ${components//,/ }; do echo -n ' --component' $c; done)" >> $GITHUB_OUTPUT^[[0m
native-profile	Install Rust	2026-10-08T18:13:30.4772015Z ^[[36;1mecho "downgrade=" >> $GITHUB_OUTPUT^[[0m
native-profile	Install Rust	2026-10-08T18:13:30.4821999Z shell: /usr/bin/bash --noprofile --norc -e -o pipefail {0}
native-profile	Install Rust	2026-10-08T18:13:30.4822269Z env:
native-profile	Install Rust	2026-10-08T18:13:30.4822428Z   CARGO_BUILD_JOBS: 8
native-profile	Install Rust	2026-10-08T18:13:30.4822742Z   PURRDF_REQUIRE_SIMD_PATHS: distance:portable,distance:sse2,blake3:sse2,deflate:sse2,csv:sse2
native-profile	Install Rust	2026-10-08T18:13:30.4823208Z   targets: 
native-profile	Install Rust	2026-10-08T18:13:30.4823374Z   components: 
native-profile	Install Rust	2026-10-08T18:13:30.4823536Z ##[endgroup]
native-profile	Install Rust	2026-10-08T18:13:30.4903484Z ##[end-action id=__dtolnay_rust-toolchain.flags;outcome=success;conclusion=success;duration_ms=14]
native-profile	Install Rust	2026-10-08T18:13:30.4906048Z ##[start-action display=Run : set $CARGO_HOME;id=__dtolnay_rust-toolchain.__run]
native-profile	Install Rust	2026-10-08T18:13:30.4920295Z ##[group]Run : set $CARGO_HOME
native-profile	Install Rust	2026-10-08T18:13:30.4920512Z ^[[36;1m: set $CARGO_HOME^[[0m
native-profile	Install Rust	2026-10-08T18:13:30.4920767Z ^[[36;1mecho CARGO_HOME=${CARGO_HOME:-"$HOME/.cargo"} >> $GITHUB_ENV^[[0m
native-profile	Install Rust	2026-10-08T18:13:30.4973020Z shell: /usr/bin/bash --noprofile --norc -e -o pipefail {0}
native-profile	Install Rust	2026-10-08T18:13:30.4973478Z env:
native-profile	Install Rust	2026-10-08T18:13:30.4973638Z   CARGO_BUILD_JOBS: 8
native-profile	Install Rust	2026-10-08T18:13:30.4973953Z   PURRDF_REQUIRE_SIMD_PATHS: distance:portable,distance:sse2,blake3:sse2,deflate:sse2,csv:sse2
native-profile	Install Rust	2026-10-08T18:13:30.4974295Z ##[endgroup]
native-profile	Install Rust	2026-10-08T18:13:30.5049493Z ##[end-action id=__dtolnay_rust-toolchain.__run;outcome=success;conclusion=success;duration_ms=14]
native-profile	Install Rust	2026-10-08T18:13:30.5051145Z ##[start-action display=Run : install rustup if needed;id=__dtolnay_rust-toolchain.__run_2]
native-profile	Install Rust	2026-10-08T18:13:30.5070507Z ##[group]Run : install rustup if needed
native-profile	Install Rust	2026-10-08T18:13:30.5070759Z ^[[36;1m: install rustup if needed^[[0m
native-profile	Install Rust	2026-10-08T18:13:30.5071005Z ^[[36;1mif ! command -v rustup &>/dev/null; then^[[0m
native-profile	Install Rust	2026-10-08T18:13:30.5071594Z ^[[36;1m  curl --proto '=https' --tlsv1.2 --retry 10 --retry-connrefused --location --silent --show-error --fail https://sh.rustup.rs | sh -s -- --default-toolchain none -y^[[0m
native-profile	Install Rust	2026-10-08T18:13:30.5072140Z ^[[36;1m  echo "$CARGO_HOME/bin" >> $GITHUB_PATH^[[0m
native-profile	Install Rust	2026-10-08T18:13:30.5072361Z ^[[36;1mfi^[[0m
native-profile	Install Rust	2026-10-08T18:13:30.5123400Z shell: /usr/bin/bash --noprofile --norc -e -o pipefail {0}
native-profile	Install Rust	2026-10-08T18:13:30.5123673Z env:
native-profile	Install Rust	2026-10-08T18:13:30.5123830Z   CARGO_BUILD_JOBS: 8
native-profile	Install Rust	2026-10-08T18:13:30.5124142Z   PURRDF_REQUIRE_SIMD_PATHS: distance:portable,distance:sse2,blake3:sse2,deflate:sse2,csv:sse2
native-profile	Install Rust	2026-10-08T18:13:30.5124494Z   CARGO_HOME: /home/runner/.cargo
native-profile	Install Rust	2026-10-08T18:13:30.5124688Z ##[endgroup]
native-profile	Install Rust	2026-10-08T18:13:30.5196217Z ##[end-action id=__dtolnay_rust-toolchain.__run_2;outcome=success;conclusion=success;duration_ms=14]
native-profile	Install Rust	2026-10-08T18:13:30.5199179Z ##[start-action display=Run : install rustup if needed on windows;id=__dtolnay_rust-toolchain.__run_3]
native-profile	Install Rust	2026-10-08T18:13:30.5204257Z ##[end-action id=__dtolnay_rust-toolchain.__run_3;outcome=skipped;conclusion=skipped;duration_ms=0]
native-profile	Install Rust	2026-10-08T18:13:30.5206715Z ##[start-action display=rustup toolchain install nightly;id=__dtolnay_rust-toolchain.__run_4]
native-profile	Install Rust	2026-10-08T18:13:30.5221305Z ##[group]Run rustup toolchain install nightly --profile minimal --no-self-update
native-profile	Install Rust	2026-10-08T18:13:30.5221750Z ^[[36;1mrustup toolchain install nightly --profile minimal --no-self-update^[[0m
native-profile	Install Rust	2026-10-08T18:13:30.5274150Z shell: /usr/bin/bash --noprofile --norc -e -o pipefail {0}
native-profile	Install Rust	2026-10-08T18:13:30.5274424Z env:
native-profile	Install Rust	2026-10-08T18:13:30.5274595Z   CARGO_BUILD_JOBS: 8
native-profile	Install Rust	2026-10-08T18:13:30.5274917Z   PURRDF_REQUIRE_SIMD_PATHS: distance:portable,distance:sse2,blake3:sse2,deflate:sse2,csv:sse2
native-profile	Install Rust	2026-10-08T18:13:30.5275282Z   CARGO_HOME: /home/runner/.cargo
native-profile	Install Rust	2026-10-08T18:13:30.5275508Z   RUSTUP_PERMIT_COPY_RENAME: 1
native-profile	Install Rust	2026-10-08T18:13:30.5275707Z ##[endgroup]
native-profile	Install Rust	2026-10-08T18:13:30.5727658Z info: syncing channel updates for nightly-x86_64-unknown-linux-gnu
native-profile	Install Rust	2026-10-08T18:13:31.4070234Z info: latest update on 2026-10-08 for version 1.101.0-nightly (1d81eb4ad 2026-10-07)
native-profile	Install Rust	2026-10-08T18:13:31.4070691Z info: downloading 3 components
native-profile	Install Rust	2026-10-08T18:13:38.1345618Z 
native-profile	Install Rust	2026-10-08T18:13:38.1404189Z   nightly-x86_64-unknown-linux-gnu installed - rustc 1.101.0-nightly (1d81eb4ad 2026-10-07)
native-profile	Install Rust	2026-10-08T18:13:38.1404559Z 
native-profile	Install Rust	2026-10-08T18:13:38.1457197Z ##[end-action id=__dtolnay_rust-toolchain.__run_4;outcome=success;conclusion=success;duration_ms=7624]
native-profile	Install Rust	2026-10-08T18:13:38.1461943Z ##[start-action display=Run rustup default nightly;id=__dtolnay_rust-toolchain.__run_5]
native-profile	Install Rust	2026-10-08T18:13:38.1479441Z ##[group]Run rustup default nightly
native-profile	Install Rust	2026-10-08T18:13:38.1479709Z ^[[36;1mrustup default nightly^[[0m
native-profile	Install Rust	2026-10-08T18:13:38.1533526Z shell: /usr/bin/bash --noprofile --norc -e -o pipefail {0}
native-profile	Install Rust	2026-10-08T18:13:38.1533957Z env:
native-profile	Install Rust	2026-10-08T18:13:38.1534123Z   CARGO_BUILD_JOBS: 8
native-profile	Install Rust	2026-10-08T18:13:38.1534447Z   PURRDF_REQUIRE_SIMD_PATHS: distance:portable,distance:sse2,blake3:sse2,deflate:sse2,csv:sse2
native-profile	Install Rust	2026-10-08T18:13:38.1534955Z   CARGO_HOME: /home/runner/.cargo
native-profile	Install Rust	2026-10-08T18:13:38.1535154Z ##[endgroup]
native-profile	Install Rust	2026-10-08T18:13:38.1637081Z info: using existing install for nightly-x86_64-unknown-linux-gnu
native-profile	Install Rust	2026-10-08T18:13:38.1644298Z info: default toolchain set to nightly-x86_64-unknown-linux-gnu
native-profile	Install Rust	2026-10-08T18:13:38.1644664Z 
native-profile	Install Rust	2026-10-08T18:13:38.1700373Z   nightly-x86_64-unknown-linux-gnu unchanged - rustc 1.101.0-nightly (1d81eb4ad 2026-10-07)
native-profile	Install Rust	2026-10-08T18:13:38.1700860Z 
native-profile	Install Rust	2026-10-08T18:13:38.1702789Z info: note that the toolchain 'nightly-x86_64-unknown-linux-gnu' is currently in use (overridden by '/home/runner/work/purrdf/purrdf/rust-toolchain.toml')
native-profile	Install Rust	2026-10-08T18:13:38.1715260Z ##[end-action id=__dtolnay_rust-toolchain.__run_5;outcome=success;conclusion=success;duration_ms=25]
native-profile	Install Rust	2026-10-08T18:13:38.1718995Z ##[start-action display=Run : create cachekey;id=__dtolnay_rust-toolchain.rustc-version]
native-profile	Install Rust	2026-10-08T18:13:38.1734354Z ##[group]Run : create cachekey
native-profile	Install Rust	2026-10-08T18:13:38.1734603Z ^[[36;1m: create cachekey^[[0m
native-profile	Install Rust	2026-10-08T18:13:38.1735017Z ^[[36;1mDATE=$(rustc +nightly --version --verbose | sed -ne 's/^commit-date: \(20[0-9][0-9]\)-\([01][0-9]\)-\([0-3][0-9]\)$/\1\2\3/p')^[[0m
native-profile	Install Rust	2026-10-08T18:13:38.1735517Z ^[[36;1mHASH=$(rustc +nightly --version --verbose | sed -ne 's/^commit-hash: //p')^[[0m
native-profile	Install Rust	2026-10-08T18:13:38.1735894Z ^[[36;1mecho "cachekey=$(echo $DATE$HASH | head -c12)" >> $GITHUB_OUTPUT^[[0m
native-profile	Install Rust	2026-10-08T18:13:38.1787538Z shell: /usr/bin/bash --noprofile --norc -e -o pipefail {0}
native-profile	Install Rust	2026-10-08T18:13:38.1787801Z env:
native-profile	Install Rust	2026-10-08T18:13:38.1787958Z   CARGO_BUILD_JOBS: 8
native-profile	Install Rust	2026-10-08T18:13:38.1788271Z   PURRDF_REQUIRE_SIMD_PATHS: distance:portable,distance:sse2,blake3:sse2,deflate:sse2,csv:sse2
native-profile	Install Rust	2026-10-08T18:13:38.1788628Z   CARGO_HOME: /home/runner/.cargo
native-profile	Install Rust	2026-10-08T18:13:38.1788831Z ##[endgroup]
native-profile	Install Rust	2026-10-08T18:13:38.2071826Z ##[end-action id=__dtolnay_rust-toolchain.rustc-version;outcome=success;conclusion=success;duration_ms=35]
native-profile	Install Rust	2026-10-08T18:13:38.2074234Z ##[start-action display=Run : disable incremental compilation;id=__dtolnay_rust-toolchain.__run_6]
native-profile	Install Rust	2026-10-08T18:13:38.2089289Z ##[group]Run : disable incremental compilation
native-profile	Install Rust	2026-10-08T18:13:38.2089573Z ^[[36;1m: disable incremental compilation^[[0m
native-profile	Install Rust	2026-10-08T18:13:38.2105621Z ^[[36;1mif [ -z "${CARGO_INCREMENTAL+set}" ]; then^[[0m
native-profile	Install Rust	2026-10-08T18:13:38.2105924Z ^[[36;1m  echo CARGO_INCREMENTAL=0 >> $GITHUB_ENV^[[0m
native-profile	Install Rust	2026-10-08T18:13:38.2106158Z ^[[36;1mfi^[[0m
native-profile	Install Rust	2026-10-08T18:13:38.2159713Z shell: /usr/bin/bash --noprofile --norc -e -o pipefail {0}
native-profile	Install Rust	2026-10-08T18:13:38.2159977Z env:
native-profile	Install Rust	2026-10-08T18:13:38.2160139Z   CARGO_BUILD_JOBS: 8
native-profile	Install Rust	2026-10-08T18:13:38.2160459Z   PURRDF_REQUIRE_SIMD_PATHS: distance:portable,distance:sse2,blake3:sse2,deflate:sse2,csv:sse2
native-profile	Install Rust	2026-10-08T18:13:38.2160823Z   CARGO_HOME: /home/runner/.cargo
native-profile	Install Rust	2026-10-08T18:13:38.2161028Z ##[endgroup]
native-profile	Install Rust	2026-10-08T18:13:38.2232001Z ##[end-action id=__dtolnay_rust-toolchain.__run_6;outcome=success;conclusion=success;duration_ms=15]
native-profile	Install Rust	2026-10-08T18:13:38.2233957Z ##[start-action display=Run : enable colors in Cargo output;id=__dtolnay_rust-toolchain.__run_7]
native-profile	Install Rust	2026-10-08T18:13:38.2248042Z ##[group]Run : enable colors in Cargo output
native-profile	Install Rust	2026-10-08T18:13:38.2248306Z ^[[36;1m: enable colors in Cargo output^[[0m
native-profile	Install Rust	2026-10-08T18:13:38.2248557Z ^[[36;1mif [ -z "${CARGO_TERM_COLOR+set}" ]; then^[[0m
native-profile	Install Rust	2026-10-08T18:13:38.2248819Z ^[[36;1m  echo CARGO_TERM_COLOR=always >> $GITHUB_ENV^[[0m
native-profile	Install Rust	2026-10-08T18:13:38.2249046Z ^[[36;1mfi^[[0m
native-profile	Install Rust	2026-10-08T18:13:38.2297335Z shell: /usr/bin/bash --noprofile --norc -e -o pipefail {0}
native-profile	Install Rust	2026-10-08T18:13:38.2297603Z env:
native-profile	Install Rust	2026-10-08T18:13:38.2297760Z   CARGO_BUILD_JOBS: 8
native-profile	Install Rust	2026-10-08T18:13:38.2298073Z   PURRDF_REQUIRE_SIMD_PATHS: distance:portable,distance:sse2,blake3:sse2,deflate:sse2,csv:sse2
native-profile	Install Rust	2026-10-08T18:13:38.2298431Z   CARGO_HOME: /home/runner/.cargo
native-profile	Install Rust	2026-10-08T18:13:38.2298629Z   CARGO_INCREMENTAL: 0
native-profile	Install Rust	2026-10-08T18:13:38.2298953Z ##[endgroup]
native-profile	Install Rust	2026-10-08T18:13:38.2367731Z ##[end-action id=__dtolnay_rust-toolchain.__run_7;outcome=success;conclusion=success;duration_ms=13]
native-profile	Install Rust	2026-10-08T18:13:38.2371522Z ##[start-action display=Run : enable Cargo sparse registry;id=__dtolnay_rust-toolchain.__run_8]
native-profile	Install Rust	2026-10-08T18:13:38.2386847Z ##[group]Run : enable Cargo sparse registry
native-profile	Install Rust	2026-10-08T18:13:38.2387118Z ^[[36;1m: enable Cargo sparse registry^[[0m
native-profile	Install Rust	2026-10-08T18:13:38.2387404Z ^[[36;1m# implemented in 1.66, stabilized in 1.68, made default in 1.70^[[0m
native-profile	Install Rust	2026-10-08T18:13:38.2387952Z ^[[36;1mif [ -z "${CARGO_REGISTRIES_CRATES_IO_PROTOCOL+set}" -o -f "/home/runner/work/_temp"/.implicit_cargo_registries_crates_io_protocol ]; then^[[0m
native-profile	Install Rust	2026-10-08T18:13:38.2388508Z ^[[36;1m  if rustc +nightly --version --verbose | grep -q '^release: 1\.6[89]\.'; then^[[0m
native-profile	Install Rust	2026-10-08T18:13:38.2388948Z ^[[36;1m    touch "/home/runner/work/_temp"/.implicit_cargo_registries_crates_io_protocol || true^[[0m
native-profile	Install Rust	2026-10-08T18:13:38.2389355Z ^[[36;1m    echo CARGO_REGISTRIES_CRATES_IO_PROTOCOL=sparse >> $GITHUB_ENV^[[0m
native-profile	Install Rust	2026-10-08T18:13:38.2389748Z ^[[36;1m  elif rustc +nightly --version --verbose | grep -q '^release: 1\.6[67]\.'; then^[[0m
native-profile	Install Rust	2026-10-08T18:13:38.2390178Z ^[[36;1m    touch "/home/runner/work/_temp"/.implicit_cargo_registries_crates_io_protocol || true^[[0m
native-profile	Install Rust	2026-10-08T18:13:38.2390588Z ^[[36;1m    echo CARGO_REGISTRIES_CRATES_IO_PROTOCOL=git >> $GITHUB_ENV^[[0m
native-profile	Install Rust	2026-10-08T18:13:38.2390857Z ^[[36;1m  fi^[[0m
native-profile	Install Rust	2026-10-08T18:13:38.2391015Z ^[[36;1mfi^[[0m
native-profile	Install Rust	2026-10-08T18:13:38.2438327Z shell: /usr/bin/bash --noprofile --norc -e -o pipefail {0}
native-profile	Install Rust	2026-10-08T18:13:38.2438592Z env:
native-profile	Install Rust	2026-10-08T18:13:38.2438751Z   CARGO_BUILD_JOBS: 8
native-profile	Install Rust	2026-10-08T18:13:38.2439063Z   PURRDF_REQUIRE_SIMD_PATHS: distance:portable,distance:sse2,blake3:sse2,deflate:sse2,csv:sse2
native-profile	Install Rust	2026-10-08T18:13:38.2439412Z   CARGO_HOME: /home/runner/.cargo
native-profile	Install Rust	2026-10-08T18:13:38.2439615Z   CARGO_INCREMENTAL: 0
native-profile	Install Rust	2026-10-08T18:13:38.2439790Z   CARGO_TERM_COLOR: always
native-profile	Install Rust	2026-10-08T18:13:38.2439969Z ##[endgroup]
native-profile	Install Rust	2026-10-08T18:13:38.2700521Z ##[end-action id=__dtolnay_rust-toolchain.__run_8;outcome=success;conclusion=success;duration_ms=32]
native-profile	Install Rust	2026-10-08T18:13:38.2704414Z ##[start-action display=Run : work around spurious network errors in curl 8.0;id=__dtolnay_rust-toolchain.__run_9]
native-profile	Install Rust	2026-10-08T18:13:38.2719569Z ##[group]Run : work around spurious network errors in curl 8.0
native-profile	Install Rust	2026-10-08T18:13:38.2719919Z ^[[36;1m: work around spurious network errors in curl 8.0^[[0m
native-profile	Install Rust	2026-10-08T18:13:38.2720353Z ^[[36;1m# https://rust-lang.zulipchat.com/#narrow/stream/246057-t-cargo/topic/timeout.20investigation^[[0m
native-profile	Install Rust	2026-10-08T18:13:38.2720824Z ^[[36;1mif rustc +nightly --version --verbose | grep -q '^release: 1\.7[01]\.'; then^[[0m
native-profile	Install Rust	2026-10-08T18:13:38.2721197Z ^[[36;1m  echo CARGO_HTTP_MULTIPLEXING=false >> $GITHUB_ENV^[[0m
native-profile	Install Rust	2026-10-08T18:13:38.2721444Z ^[[36;1mfi^[[0m
native-profile	Install Rust	2026-10-08T18:13:38.2773349Z shell: /usr/bin/bash --noprofile --norc -e -o pipefail {0}
native-profile	Install Rust	2026-10-08T18:13:38.2773631Z env:
native-profile	Install Rust	2026-10-08T18:13:38.2773793Z   CARGO_BUILD_JOBS: 8
native-profile	Install Rust	2026-10-08T18:13:38.2774111Z   PURRDF_REQUIRE_SIMD_PATHS: distance:portable,distance:sse2,blake3:sse2,deflate:sse2,csv:sse2
native-profile	Install Rust	2026-10-08T18:13:38.2774480Z   CARGO_HOME: /home/runner/.cargo
native-profile	Install Rust	2026-10-08T18:13:38.2774686Z   CARGO_INCREMENTAL: 0
native-profile	Install Rust	2026-10-08T18:13:38.2774868Z   CARGO_TERM_COLOR: always
native-profile	Install Rust	2026-10-08T18:13:38.2775058Z ##[endgroup]
native-profile	Install Rust	2026-10-08T18:13:38.2934831Z ##[end-action id=__dtolnay_rust-toolchain.__run_9;outcome=success;conclusion=success;duration_ms=22]
native-profile	Install Rust	2026-10-08T18:13:38.2937842Z ##[start-action display=Run rustc +nightly --version --verbose;id=__dtolnay_rust-toolchain.__run_10]
native-profile	Install Rust	2026-10-08T18:13:38.2952319Z ##[group]Run rustc +nightly --version --verbose
native-profile	Install Rust	2026-10-08T18:13:38.2952603Z ^[[36;1mrustc +nightly --version --verbose^[[0m
native-profile	Install Rust	2026-10-08T18:13:38.3000602Z shell: /usr/bin/bash --noprofile --norc -e -o pipefail {0}
native-profile	Install Rust	2026-10-08T18:13:38.3000870Z env:
native-profile	Install Rust	2026-10-08T18:13:38.3001027Z   CARGO_BUILD_JOBS: 8
native-profile	Install Rust	2026-10-08T18:13:38.3001342Z   PURRDF_REQUIRE_SIMD_PATHS: distance:portable,distance:sse2,blake3:sse2,deflate:sse2,csv:sse2
native-profile	Install Rust	2026-10-08T18:13:38.3001862Z   CARGO_HOME: /home/runner/.cargo
native-profile	Install Rust	2026-10-08T18:13:38.3002068Z   CARGO_INCREMENTAL: 0
native-profile	Install Rust	2026-10-08T18:13:38.3002248Z   CARGO_TERM_COLOR: always
native-profile	Install Rust	2026-10-08T18:13:38.3002426Z ##[endgroup]
native-profile	Install Rust	2026-10-08T18:13:38.3150716Z rustc 1.101.0-nightly (1d81eb4ad 2026-10-07)
native-profile	Install Rust	2026-10-08T18:13:38.3151429Z binary: rustc
native-profile	Install Rust	2026-10-08T18:13:38.3151651Z commit-hash: 1d81eb4ad9cd207e3e638bd32b17ec4fce8412a6
native-profile	Install Rust	2026-10-08T18:13:38.3151917Z commit-date: 2026-10-07
native-profile	Install Rust	2026-10-08T18:13:38.3152107Z host: x86_64-unknown-linux-gnu
native-profile	Install Rust	2026-10-08T18:13:38.3152306Z release: 1.101.0-nightly
native-profile	Install Rust	2026-10-08T18:13:38.3152481Z LLVM version: 23.1.3
native-profile	Install Rust	2026-10-08T18:13:38.3164172Z ##[end-action id=__dtolnay_rust-toolchain.__run_10;outcome=success;conclusion=success;duration_ms=22]
native-profile	Download exact compiler admission	﻿2026-10-08T18:13:38.3231435Z ##[group]Run actions/download-artifact@95815c38cf2ff2164869cbab79da8d1f422bc89e
native-profile	Download exact compiler admission	2026-10-08T18:13:38.3231785Z with:
native-profile	Download exact compiler admission	2026-10-08T18:13:38.3232101Z   name: native-profile-37822266421-1-admission
native-profile	Download exact compiler admission	2026-10-08T18:13:38.3232374Z   path: /opt/purrdf-native-profile/37822266421-1
native-profile	Download exact compiler admission	2026-10-08T18:13:38.3232639Z   merge-multiple: false
native-profile	Download exact compiler admission	2026-10-08T18:13:38.3232843Z   repository: Blackcat-Informatics/purrdf
native-profile	Download exact compiler admission	2026-10-08T18:13:38.3233275Z   run-id: 37822266421
native-profile	Download exact compiler admission	2026-10-08T18:13:38.3233457Z env:
native-profile	Download exact compiler admission	2026-10-08T18:13:38.3233605Z   CARGO_BUILD_JOBS: 8
native-profile	Download exact compiler admission	2026-10-08T18:13:38.3233905Z   PURRDF_REQUIRE_SIMD_PATHS: distance:portable,distance:sse2,blake3:sse2,deflate:sse2,csv:sse2
native-profile	Download exact compiler admission	2026-10-08T18:13:38.3234253Z   CARGO_HOME: /home/runner/.cargo
native-profile	Download exact compiler admission	2026-10-08T18:13:38.3234455Z   CARGO_INCREMENTAL: 0
native-profile	Download exact compiler admission	2026-10-08T18:13:38.3234630Z   CARGO_TERM_COLOR: always
native-profile	Download exact compiler admission	2026-10-08T18:13:38.3234807Z ##[endgroup]
native-profile	Download exact compiler admission	2026-10-08T18:13:38.4398794Z Downloading single artifact
native-profile	Download exact compiler admission	2026-10-08T18:13:38.4518814Z (node:2391) [DEP0040] DeprecationWarning: The `punycode` module is deprecated. Please use a userland alternative instead.
native-profile	Download exact compiler admission	2026-10-08T18:13:38.4519896Z (Use `node --trace-deprecation ...` to show where the warning was created)
native-profile	Download exact compiler admission	2026-10-08T18:13:38.6723920Z Preparing to download the following artifacts:
native-profile	Download exact compiler admission	2026-10-08T18:13:38.6724888Z - native-profile-37822266421-1-admission (ID: 11569129292, Size: 676, Expected Digest: sha256:45129fb2aa5e17a69d732acfefdc526260f7b52295cd8f1f98feda6e1b1f8cf7)
native-profile	Download exact compiler admission	2026-10-08T18:13:38.9029389Z Redirecting to blob download url: https://productionresultssa16.blob.core.windows.net/actions-results/290968d1-6611-4c65-b3b5-bb12d421a66e/workflow-job-run-011477fd-3bf9-5bbf-8aec-6bff9c54f35f/artifacts/3b567afe5e1e4938230f89a8a3aadb410631bc9250964418f0c47093884bdfd4.zip
native-profile	Download exact compiler admission	2026-10-08T18:13:38.9030999Z Starting download of artifact to: /opt/purrdf-native-profile/37822266421-1
native-profile	Download exact compiler admission	2026-10-08T18:13:39.1231923Z (node:2391) [DEP0005] DeprecationWarning: Buffer() is deprecated due to security and usability issues. Please use the Buffer.alloc(), Buffer.allocUnsafe(), or Buffer.from() methods instead.
native-profile	Download exact compiler admission	2026-10-08T18:13:39.1280197Z SHA256 digest of downloaded artifact is 45129fb2aa5e17a69d732acfefdc526260f7b52295cd8f1f98feda6e1b1f8cf7
native-profile	Download exact compiler admission	2026-10-08T18:13:39.1280891Z Artifact download completed successfully.
native-profile	Download exact compiler admission	2026-10-08T18:13:39.1281272Z Total of 1 artifact(s) downloaded
native-profile	Download exact compiler admission	2026-10-08T18:13:39.1285074Z Download artifact has finished successfully
native-profile	Require the admitted compiler and Cargo before building the controller	﻿2026-10-08T18:13:39.1386271Z ##[group]Run campaign="/opt/purrdf-native-profile/$GITHUB_RUN_ID-$GITHUB_RUN_ATTEMPT"
native-profile	Require the admitted compiler and Cargo before building the controller	2026-10-08T18:13:39.1386763Z ^[[36;1mcampaign="/opt/purrdf-native-profile/$GITHUB_RUN_ID-$GITHUB_RUN_ATTEMPT"^[[0m
native-profile	Require the admitted compiler and Cargo before building the controller	2026-10-08T18:13:39.1387135Z ^[[36;1mrustc -vV > "$campaign/resources/actual-rustc.txt"^[[0m
native-profile	Require the admitted compiler and Cargo before building the controller	2026-10-08T18:13:39.1387429Z ^[[36;1mcargo -Vv > "$campaign/resources/actual-cargo.txt"^[[0m
native-profile	Require the admitted compiler and Cargo before building the controller	2026-10-08T18:13:39.1387784Z ^[[36;1mdiff -u "$campaign/admitted-rustc.txt" "$campaign/resources/actual-rustc.txt"^[[0m
native-profile	Require the admitted compiler and Cargo before building the controller	2026-10-08T18:13:39.1388208Z ^[[36;1mdiff -u "$campaign/admitted-cargo.txt" "$campaign/resources/actual-cargo.txt"^[[0m
native-profile	Require the admitted compiler and Cargo before building the controller	2026-10-08T18:13:39.1442308Z shell: /usr/bin/bash -e {0}
native-profile	Require the admitted compiler and Cargo before building the controller	2026-10-08T18:13:39.1442519Z env:
native-profile	Require the admitted compiler and Cargo before building the controller	2026-10-08T18:13:39.1442682Z   CARGO_BUILD_JOBS: 8
native-profile	Require the admitted compiler and Cargo before building the controller	2026-10-08T18:13:39.1443015Z   PURRDF_REQUIRE_SIMD_PATHS: distance:portable,distance:sse2,blake3:sse2,deflate:sse2,csv:sse2
native-profile	Require the admitted compiler and Cargo before building the controller	2026-10-08T18:13:39.1443734Z   CARGO_HOME: /home/runner/.cargo
native-profile	Require the admitted compiler and Cargo before building the controller	2026-10-08T18:13:39.1443942Z   CARGO_INCREMENTAL: 0
native-profile	Require the admitted compiler and Cargo before building the controller	2026-10-08T18:13:39.1444157Z   CARGO_TERM_COLOR: always
native-profile	Require the admitted compiler and Cargo before building the controller	2026-10-08T18:13:39.1444342Z ##[endgroup]
native-profile	Require the admitted compiler and Cargo before building the controller	2026-10-08T18:13:39.1922455Z info: syncing channel updates for nightly-x86_64-unknown-linux-gnu
native-profile	Require the admitted compiler and Cargo before building the controller	2026-10-08T18:13:39.4447394Z info: latest update on 2026-10-08 for version 1.101.0-nightly (1d81eb4ad 2026-10-07)
native-profile	Require the admitted compiler and Cargo before building the controller	2026-10-08T18:13:39.4540297Z info: downloading 4 components
native-profile	Install Node for the actual native ECMAScript oracle	﻿2026-10-08T18:13:43.2726689Z ##[group]Run actions/setup-node@48b55a011bda9f5d6aeb4c2d9c7362e8dae4041e
native-profile	Install Node for the actual native ECMAScript oracle	2026-10-08T18:13:43.2727008Z with:
native-profile	Install Node for the actual native ECMAScript oracle	2026-10-08T18:13:43.2727170Z   node-version: 24
native-profile	Install Node for the actual native ECMAScript oracle	2026-10-08T18:13:43.2727342Z   check-latest: false
native-profile	Install Node for the actual native ECMAScript oracle	2026-10-08T18:13:43.2729244Z   token: ***
native-profile	Install Node for the actual native ECMAScript oracle	2026-10-08T18:13:43.2729442Z   package-manager-cache: true
native-profile	Install Node for the actual native ECMAScript oracle	2026-10-08T18:13:43.2729642Z env:
native-profile	Install Node for the actual native ECMAScript oracle	2026-10-08T18:13:43.2729802Z   CARGO_BUILD_JOBS: 8
native-profile	Install Node for the actual native ECMAScript oracle	2026-10-08T18:13:43.2730120Z   PURRDF_REQUIRE_SIMD_PATHS: distance:portable,distance:sse2,blake3:sse2,deflate:sse2,csv:sse2
native-profile	Install Node for the actual native ECMAScript oracle	2026-10-08T18:13:43.2730491Z   CARGO_HOME: /home/runner/.cargo
native-profile	Install Node for the actual native ECMAScript oracle	2026-10-08T18:13:43.2730695Z   CARGO_INCREMENTAL: 0
native-profile	Install Node for the actual native ECMAScript oracle	2026-10-08T18:13:43.2730878Z   CARGO_TERM_COLOR: always
native-profile	Install Node for the actual native ECMAScript oracle	2026-10-08T18:13:43.2731061Z ##[endgroup]
native-profile	Install Node for the actual native ECMAScript oracle	2026-10-08T18:13:43.4009562Z Found in cache @ /opt/hostedtoolcache/node/24.21.0/x64
native-profile	Install Node for the actual native ECMAScript oracle	2026-10-08T18:13:43.4013239Z ##[group]Environment details
native-profile	Install Node for the actual native ECMAScript oracle	2026-10-08T18:13:43.7864260Z node: v24.21.0
native-profile	Install Node for the actual native ECMAScript oracle	2026-10-08T18:13:43.7864650Z npm: 11.19.0
native-profile	Install Node for the actual native ECMAScript oracle	2026-10-08T18:13:43.7864878Z yarn: 1.22.22
native-profile	Install Node for the actual native ECMAScript oracle	2026-10-08T18:13:43.7865521Z ##[endgroup]
native-profile	Install the pinned Binaryen validator	﻿2026-10-08T18:13:43.7971332Z Prepare all required actions
native-profile	Install the pinned Binaryen validator	2026-10-08T18:13:43.7997252Z ##[group]Run ./.github/actions/binaryen-toolchain
native-profile	Install the pinned Binaryen validator	2026-10-08T18:13:43.7997506Z env:
native-profile	Install the pinned Binaryen validator	2026-10-08T18:13:43.7997667Z   CARGO_BUILD_JOBS: 8
native-profile	Install the pinned Binaryen validator	2026-10-08T18:13:43.7997994Z   PURRDF_REQUIRE_SIMD_PATHS: distance:portable,distance:sse2,blake3:sse2,deflate:sse2,csv:sse2
native-profile	Install the pinned Binaryen validator	2026-10-08T18:13:43.7998353Z   CARGO_HOME: /home/runner/.cargo
native-profile	Install the pinned Binaryen validator	2026-10-08T18:13:43.7998553Z   CARGO_INCREMENTAL: 0
native-profile	Install the pinned Binaryen validator	2026-10-08T18:13:43.7998753Z   CARGO_TERM_COLOR: always
native-profile	Install the pinned Binaryen validator	2026-10-08T18:13:43.7998944Z ##[endgroup]
native-profile	Install the pinned Binaryen validator	2026-10-08T18:13:43.8001542Z ##[start-action display=Install binaryen (prebuilt, matched to BINARYEN_VERSION) and verify SIMD;id=__self.__run]
native-profile	Install the pinned Binaryen validator	2026-10-08T18:13:43.8015470Z ##[group]Run set -euo pipefail
native-profile	Install the pinned Binaryen validator	2026-10-08T18:13:43.8015747Z ^[[36;1mset -euo pipefail^[[0m
native-profile	Install the pinned Binaryen validator	2026-10-08T18:13:43.8016000Z ^[[36;1mver="$(grep -oP '^BINARYEN_VERSION := \K[0-9]+' Makefile)"^[[0m
native-profile	Install the pinned Binaryen validator	2026-10-08T18:13:43.8016311Z ^[[36;1mbase="binaryen-version_${ver}-x86_64-linux"^[[0m
native-profile	Install the pinned Binaryen validator	2026-10-08T18:13:43.8016722Z ^[[36;1murl="https://github.com/WebAssembly/binaryen/releases/download/version_${ver}/${base}.tar.gz"^[[0m
native-profile	Install the pinned Binaryen validator	2026-10-08T18:13:43.8017153Z ^[[36;1mcurl -fsSL "$url" -o /tmp/bn.tar.gz^[[0m
native-profile	Install the pinned Binaryen validator	2026-10-08T18:13:43.8017420Z ^[[36;1mcurl -fsSL "${url}.sha256" -o /tmp/bn.sha256^[[0m
native-profile	Install the pinned Binaryen validator	2026-10-08T18:13:43.8017776Z ^[[36;1mecho "$(awk '{print $1}' /tmp/bn.sha256)  /tmp/bn.tar.gz" | sha256sum -c -^[[0m
native-profile	Install the pinned Binaryen validator	2026-10-08T18:13:43.8018214Z ^[[36;1mmkdir -p /tmp/binaryen && tar -xzf /tmp/bn.tar.gz -C /tmp/binaryen --strip-components=1^[[0m
native-profile	Install the pinned Binaryen validator	2026-10-08T18:13:43.8018609Z ^[[36;1mecho "/tmp/binaryen/bin" >> "$GITHUB_PATH"^[[0m
native-profile	Install the pinned Binaryen validator	2026-10-08T18:13:43.8018874Z ^[[36;1mexport PATH="/tmp/binaryen/bin:$PATH"^[[0m
native-profile	Install the pinned Binaryen validator	2026-10-08T18:13:43.8019174Z ^[[36;1mfound="$(wasm-opt --version | grep -oE '[0-9]+' | head -1)"^[[0m
native-profile	Install the pinned Binaryen validator	2026-10-08T18:13:43.8019583Z ^[[36;1mtest "$found" = "$ver" || { echo "binaryen version mismatch: got $found, expected $ver"; exit 1; }^[[0m
native-profile	Install the pinned Binaryen validator	2026-10-08T18:13:43.8020041Z ^[[36;1mprintf '(module)\n' | wasm-opt --enable-simd -o /dev/null - \^[[0m
native-profile	Install the pinned Binaryen validator	2026-10-08T18:13:43.8020438Z ^[[36;1m  || { echo "FAIL: installed wasm-opt lacks --enable-simd support"; exit 1; }^[[0m
native-profile	Install the pinned Binaryen validator	2026-10-08T18:13:43.8020850Z ^[[36;1mecho "binaryen $found installed (wasm-opt --enable-simd verified)"^[[0m
native-profile	Install the pinned Binaryen validator	2026-10-08T18:13:43.8495616Z shell: /usr/bin/bash --noprofile --norc -e -o pipefail {0}
native-profile	Install the pinned Binaryen validator	2026-10-08T18:13:43.8495922Z env:
native-profile	Install the pinned Binaryen validator	2026-10-08T18:13:43.8496095Z   CARGO_BUILD_JOBS: 8
native-profile	Install the pinned Binaryen validator	2026-10-08T18:13:43.8496419Z   PURRDF_REQUIRE_SIMD_PATHS: distance:portable,distance:sse2,blake3:sse2,deflate:sse2,csv:sse2
native-profile	Install the pinned Binaryen validator	2026-10-08T18:13:43.8496948Z   CARGO_HOME: /home/runner/.cargo
native-profile	Install the pinned Binaryen validator	2026-10-08T18:13:43.8497164Z   CARGO_INCREMENTAL: 0
native-profile	Install the pinned Binaryen validator	2026-10-08T18:13:43.8497350Z   CARGO_TERM_COLOR: always
native-profile	Install the pinned Binaryen validator	2026-10-08T18:13:43.8497532Z ##[endgroup]
native-profile	Install the pinned Binaryen validator	2026-10-08T18:13:45.0144975Z /tmp/bn.tar.gz: OK
native-profile	Install the pinned Binaryen validator	2026-10-08T18:13:46.7504169Z warning: no passes specified, not doing any work
native-profile	Install the pinned Binaryen validator	2026-10-08T18:13:46.7507505Z binaryen 130 installed (wasm-opt --enable-simd verified)
native-profile	Install the pinned Binaryen validator	2026-10-08T18:13:46.7520684Z ##[end-action id=__self.__run;outcome=success;conclusion=success;duration_ms=2951]
native-profile	Install the pinned header-contract generator outside measured targets	﻿2026-10-08T18:13:46.7731863Z ##[group]Run cargo install cargo-c --version 0.10.23 --locked
native-profile	Install the pinned header-contract generator outside measured targets	2026-10-08T18:13:46.7732232Z ^[[36;1mcargo install cargo-c --version 0.10.23 --locked^[[0m
native-profile	Install the pinned header-contract generator outside measured targets	2026-10-08T18:13:46.7787165Z shell: /usr/bin/bash -e {0}
native-profile	Install the pinned header-contract generator outside measured targets	2026-10-08T18:13:46.7787375Z env:
native-profile	Install the pinned header-contract generator outside measured targets	2026-10-08T18:13:46.7787536Z   CARGO_BUILD_JOBS: 8
native-profile	Install the pinned header-contract generator outside measured targets	2026-10-08T18:13:46.7787862Z   PURRDF_REQUIRE_SIMD_PATHS: distance:portable,distance:sse2,blake3:sse2,deflate:sse2,csv:sse2
native-profile	Install the pinned header-contract generator outside measured targets	2026-10-08T18:13:46.7788248Z   CARGO_HOME: /home/runner/.cargo
native-profile	Install the pinned header-contract generator outside measured targets	2026-10-08T18:13:46.7788462Z   CARGO_INCREMENTAL: 0
native-profile	Install the pinned header-contract generator outside measured targets	2026-10-08T18:13:46.7788644Z   CARGO_TERM_COLOR: always
native-profile	Install the pinned header-contract generator outside measured targets	2026-10-08T18:13:46.7788831Z ##[endgroup]
native-profile	Install the pinned header-contract generator outside measured targets	2026-10-08T18:13:46.8187379Z ^[[1m^[[92m    Updating^[[0m crates.io index
native-profile	Install the pinned header-contract generator outside measured targets	2026-10-08T18:13:46.9678097Z ^[[1m^[[92m Downloading^[[0m crates ...
native-profile	Install the pinned header-contract generator outside measured targets	2026-10-08T18:13:47.1022310Z ^[[1m^[[92m  Downloaded^[[0m cargo-c v0.10.23+cargo-0.97.1
native-profile	Install the pinned header-contract generator outside measured targets	2026-10-08T18:13:47.1659588Z ^[[1m^[[92m  Installing^[[0m cargo-c v0.10.23+cargo-0.97.1
native-profile	Install the pinned header-contract generator outside measured targets	2026-10-08T18:13:47.1660927Z ^[[1m^[[33mwarning^[[0m: default toolchain implicitly overridden with `nightly-x86_64-unknown-linux-gnu` by rustup toolchain file
native-profile	Install the pinned header-contract generator outside measured targets	2026-10-08T18:13:47.1661752Z   ^[[1m^[[94m|^[[0m
native-profile	Install the pinned header-contract generator outside measured targets	2026-10-08T18:13:47.1662407Z   ^[[1m^[[94m= ^[[0m^[[1mhelp^[[0m: use `cargo +stable install` if you meant to use the stable toolchain
native-profile	Install the pinned header-contract generator outside measured targets	2026-10-08T18:13:47.1663751Z   ^[[1m^[[94m= ^[[0m^[[1mnote^[[0m: rustup selects the toolchain based on the parent environment and not the environment of the package being installed
native-profile	Install the pinned header-contract generator outside measured targets	2026-10-08T18:13:47.1708189Z ^[[1m^[[92m    Updating^[[0m crates.io index
native-profile	Install the pinned header-contract generator outside measured targets	2026-10-08T18:13:48.0007234Z ^[[1m^[[33mwarning^[[0m: package `chacha20 v0.10.0` in Cargo.lock is yanked in registry `crates-io`
native-profile	Install the pinned header-contract generator outside measured targets	2026-10-08T18:13:48.0447943Z ^[[1m^[[92m    Updating^[[0m crates.io index
native-profile	Install the pinned header-contract generator outside measured targets	2026-10-08T18:13:48.3677146Z ^[[1m^[[92m Downloading^[[0m crates ...
native-profile	Install the pinned header-contract generator outside measured targets	2026-10-08T18:13:48.4216451Z ^[[1m^[[92m  Downloaded^[[0m anstyle-hyperlink v1.0.2
native-profile	Install the pinned header-contract generator outside measured targets	2026-10-08T18:13:48.4227767Z ^[[1m^[[92m  Downloaded^[[0m anstyle-progress v0.1.0
native-profile	Install the pinned header-contract generator outside measured targets	2026-10-08T18:13:48.4357839Z ^[[1m^[[92m  Downloaded^[[0m futures-sink v0.3.32
native-profile	Install the pinned header-contract generator outside measured targets	2026-10-08T18:13:48.4500516Z ^[[1m^[[92m  Downloaded^[[0m anstyle-query v1.1.5
native-profile	Install the pinned header-contract generator outside measured targets	2026-10-08T18:13:48.4510461Z ^[[1m^[[92m  Downloaded^[[0m anstyle-parse v1.0.0
native-profile	Install the pinned header-contract generator outside measured targets	2026-10-08T18:13:48.4533516Z ^[[1m^[[92m  Downloaded^[[0m generic-array v0.14.9
native-profile	Install the pinned header-contract generator outside measured targets	2026-10-08T18:13:48.4552664Z ^[[1m^[[92m  Downloaded^[[0m gix-bitmap v0.3.2
native-profile	Install the pinned header-contract generator outside measured targets	2026-10-08T18:13:48.4564094Z ^[[1m^[[92m  Downloaded^[[0m errno v0.3.14
native-profile	Install the pinned header-contract generator outside measured targets	2026-10-08T18:13:48.4566259Z ^[[1m^[[92m  Downloaded^[[0m colorchoice v1.0.5
native-profile	Install the pinned header-contract generator outside measured targets	2026-10-08T18:13:48.4574034Z ^[[1m^[[92m  Downloaded^[[0m gix-attributes v0.31.0
native-profile	Install the pinned header-contract generator outside measured targets	2026-10-08T18:13:48.4586134Z ^[[1m^[[92m  Downloaded^[[0m gix-chunk v0.7.2
native-profile	Install the pinned header-contract generator outside measured targets	2026-10-08T18:13:48.4673411Z ^[[1m^[[92m  Downloaded^[[0m fallible-streaming-iterator v0.1.9
native-profile	Install the pinned header-contract generator outside measured targets	2026-10-08T18:13:48.4698397Z ^[[1m^[[92m  Downloaded^[[0m git2-curl v0.21.0
native-profile	Install the pinned header-contract generator outside measured targets	2026-10-08T18:13:48.4713988Z ^[[1m^[[92m  Downloaded^[[0m block-buffer v0.12.0
native-profile	Install the pinned header-contract generator outside measured targets	2026-10-08T18:13:48.4740509Z ^[[1m^[[92m  Downloaded^[[0m gix-actor v0.40.0
native-profile	Install the pinned header-contract generator outside measured targets	2026-10-08T18:13:48.4754964Z ^[[1m^[[92m  Downloaded^[[0m gix-archive v0.30.0
native-profile	Install the pinned header-contract generator outside measured targets	2026-10-08T18:13:48.4781432Z ^[[1m^[[92m  Downloaded^[[0m getrandom v0.4.2
native-profile	Install the pinned header-contract generator outside measured targets	2026-10-08T18:13:48.4845046Z ^[[1m^[[92m  Downloaded^[[0m anstream v1.0.0
native-profile	Install the pinned header-contract generator outside measured targets	2026-10-08T18:13:48.4865479Z ^[[1m^[[92m  Downloaded^[[0m anstyle v1.0.14
native-profile	Install the pinned header-contract generator outside measured targets	2026-10-08T18:13:48.4880017Z ^[[1m^[[92m  Downloaded^[[0m block-buffer v0.10.4
native-profile	Install the pinned header-contract generator outside measured targets	2026-10-08T18:13:48.4890096Z ^[[1m^[[92m  Downloaded^[[0m cargo-util-terminal v0.1.0
native-profile	Install the pinned header-contract generator outside measured targets	2026-10-08T18:13:48.4898585Z ^[[1m^[[92m  Downloaded^[[0m crypto-common v0.2.2
native-profile	Install the pinned header-contract generator outside measured targets	2026-10-08T18:13:48.4909455Z ^[[1m^[[92m  Downloaded^[[0m color-print v0.3.7
native-profile	Install the pinned header-contract generator outside measured targets	2026-10-08T18:13:48.4919198Z ^[[1m^[[92m  Downloaded^[[0m crossbeam-deque v0.8.6
native-profile	Install the pinned header-contract generator outside measured targets	2026-10-08T18:13:48.4932148Z ^[[1m^[[92m  Downloaded^[[0m clap_lex v1.1.0
native-profile	Install the pinned header-contract generator outside measured targets	2026-10-08T18:13:48.4940590Z ^[[1m^[[92m  Downloaded^[[0m futures-io v0.3.32
native-profile	Install the pinned header-contract generator outside measured targets	2026-10-08T18:13:48.4962359Z ^[[1m^[[92m  Downloaded^[[0m gix-shallow v0.10.0
native-profile	Install the pinned header-contract generator outside measured targets	2026-10-08T18:13:48.5023420Z ^[[1m^[[92m  Downloaded^[[0m crates-io v0.40.19
native-profile	Install the pinned header-contract generator outside measured targets	2026-10-08T18:13:48.5030729Z ^[[1m^[[92m  Downloaded^[[0m crypto-common v0.1.6
native-profile	Install the pinned header-contract generator outside measured targets	2026-10-08T18:13:48.5039781Z ^[[1m^[[92m  Downloaded^[[0m gix-command v0.8.1
native-profile	Install the pinned header-contract generator outside measured targets	2026-10-08T18:13:48.5049720Z ^[[1m^[[92m  Downloaded^[[0m gix-config-value v0.17.2
native-profile	Install the pinned header-contract generator outside measured targets	2026-10-08T18:13:48.5062050Z ^[[1m^[[92m  Downloaded^[[0m cfg-if v1.0.4
native-profile	Install the pinned header-contract generator outside measured targets	2026-10-08T18:13:48.5073416Z ^[[1m^[[92m  Downloaded^[[0m ct-codecs v1.1.6
native-profile	Install the pinned header-contract generator outside measured targets	2026-10-08T18:13:48.5083621Z ^[[1m^[[92m  Downloaded^[[0m gix-hashtable v0.13.0
native-profile	Install the pinned header-contract generator outside measured targets	2026-10-08T18:13:48.5092637Z ^[[1m^[[92m  Downloaded^[[0m cargo-platform v0.3.3
native-profile	Install the pinned header-contract generator outside measured targets	2026-10-08T18:13:48.5102661Z ^[[1m^[[92m  Downloaded^[[0m equivalent v1.0.2
native-profile	Install the pinned header-contract generator outside measured targets	2026-10-08T18:13:48.5110350Z ^[[1m^[[92m  Downloaded^[[0m cfg_aliases v0.2.1
native-profile	Install the pinned header-contract generator outside measured targets	2026-10-08T18:13:48.5118174Z ^[[1m^[[92m  Downloaded^[[0m fnv v1.0.7
native-profile	Install the pinned header-contract generator outside measured targets	2026-10-08T18:13:48.5125573Z ^[[1m^[[92m  Downloaded^[[0m form_urlencoded v1.2.2
native-profile	Install the pinned header-contract generator outside measured targets	2026-10-08T18:13:48.5132695Z ^[[1m^[[92m  Downloaded^[[0m getrandom v0.2.17
native-profile	Install the pinned header-contract generator outside measured targets	2026-10-08T18:13:48.5159492Z ^[[1m^[[92m  Downloaded^[[0m gix-ignore v0.19.1
native-profile	Install the pinned header-contract generator outside measured targets	2026-10-08T18:13:48.5195719Z ^[[1m^[[92m  Downloaded^[[0m arrayref v0.3.9
native-profile	Install the pinned header-contract generator outside measured targets	2026-10-08T18:13:48.5208580Z ^[[1m^[[92m  Downloaded^[[0m constant_time_eq v0.4.2
native-profile	Install the pinned header-contract generator outside measured targets	2026-10-08T18:13:48.5229309Z ^[[1m^[[92m  Downloaded^[[0m cpufeatures v0.2.17
native-profile	Install the pinned header-contract generator outside measured targets	2026-10-08T18:13:48.5243381Z ^[[1m^[[92m  Downloaded^[[0m gix-lock v21.0.2
native-profile	Install the pinned header-contract generator outside measured targets	2026-10-08T18:13:48.5255077Z ^[[1m^[[92m  Downloaded^[[0m anyhow v1.0.102
native-profile	Install the pinned header-contract generator outside measured targets	2026-10-08T18:13:48.5291837Z ^[[1m^[[92m  Downloaded^[[0m futures-core v0.3.32
native-profile	Install the pinned header-contract generator outside measured targets	2026-10-08T18:13:48.5304890Z ^[[1m^[[92m  Downloaded^[[0m base16ct v0.2.0
native-profile	Install the pinned header-contract generator outside measured targets	2026-10-08T18:13:48.5316342Z ^[[1m^[[92m  Downloaded^[[0m cargo-credential-libsecret v0.5.7
native-profile	Install the pinned header-contract generator outside measured targets	2026-10-08T18:13:48.5324763Z ^[[1m^[[92m  Downloaded^[[0m cpufeatures v0.3.0
native-profile	Install the pinned header-contract generator outside measured targets	2026-10-08T18:13:48.5334449Z ^[[1m^[[92m  Downloaded^[[0m foldhash v0.1.5
native-profile	Install the pinned header-contract generator outside measured targets	2026-10-08T18:13:48.5344803Z ^[[1m^[[92m  Downloaded^[[0m bitmaps v2.1.0
native-profile	Install the pinned header-contract generator outside measured targets	2026-10-08T18:13:48.5354600Z ^[[1m^[[92m  Downloaded^[[0m cmov v0.5.4
native-profile	Install the pinned header-contract generator outside measured targets	2026-10-08T18:13:48.5372644Z ^[[1m^[[92m  Downloaded^[[0m futures-channel v0.3.32
native-profile	Install the pinned header-contract generator outside measured targets	2026-10-08T18:13:48.5392097Z ^[[1m^[[92m  Downloaded^[[0m cargo-credential v0.4.10
native-profile	Install the pinned header-contract generator outside measured targets	2026-10-08T18:13:48.5406877Z ^[[1m^[[92m  Downloaded^[[0m clru v0.6.3
native-profile	Install the pinned header-contract generator outside measured targets	2026-10-08T18:13:48.5419439Z ^[[1m^[[92m  Downloaded^[[0m ctutils v0.4.2
native-profile	Install the pinned header-contract generator outside measured targets	2026-10-08T18:13:48.5439307Z ^[[1m^[[92m  Downloaded^[[0m digest v0.11.3
native-profile	Install the pinned header-contract generator outside measured targets	2026-10-08T18:13:48.5459219Z ^[[1m^[[92m  Downloaded^[[0m fallible-iterator v0.3.0
native-profile	Install the pinned header-contract generator outside measured targets	2026-10-08T18:13:48.5471290Z ^[[1m^[[92m  Downloaded^[[0m gix-glob v0.24.0
native-profile	Install the pinned header-contract generator outside measured targets	2026-10-08T18:13:48.5481704Z ^[[1m^[[92m  Downloaded^[[0m gix-trace v0.1.20
native-profile	Install the pinned header-contract generator outside measured targets	2026-10-08T18:13:48.5489785Z ^[[1m^[[92m  Downloaded^[[0m gix-negotiate v0.29.0
native-profile	Install the pinned header-contract generator outside measured targets	2026-10-08T18:13:48.5498487Z ^[[1m^[[92m  Downloaded^[[0m gix-utils v0.3.3
native-profile	Install the pinned header-contract generator outside measured targets	2026-10-08T18:13:48.5507057Z ^[[1m^[[92m  Downloaded^[[0m hash32 v0.3.1
native-profile	Install the pinned header-contract generator outside measured targets	2026-10-08T18:13:48.5517795Z ^[[1m^[[92m  Downloaded^[[0m autocfg v1.5.1
native-profile	Install the pinned header-contract generator outside measured targets	2026-10-08T18:13:48.5532843Z ^[[1m^[[92m  Downloaded^[[0m ecdsa v0.16.9
native-profile	Install the pinned header-contract generator outside measured targets	2026-10-08T18:13:48.5548033Z ^[[1m^[[92m  Downloaded^[[0m erased-serde v0.4.10
native-profile	Install the pinned header-contract generator outside measured targets	2026-10-08T18:13:48.5568378Z ^[[1m^[[92m  Downloaded^[[0m fastrand v2.4.1
native-profile	Install the pinned header-contract generator outside measured targets	2026-10-08T18:13:48.5580120Z ^[[1m^[[92m  Downloaded^[[0m foldhash v0.2.0
native-profile	Install the pinned header-contract generator outside measured targets	2026-10-08T18:13:48.5591048Z ^[[1m^[[92m  Downloaded^[[0m dashmap v6.2.1
native-profile	Install the pinned header-contract generator outside measured targets	2026-10-08T18:13:48.5610883Z ^[[1m^[[92m  Downloaded^[[0m digest v0.10.7
native-profile	Install the pinned header-contract generator outside measured targets	2026-10-08T18:13:48.5625425Z ^[[1m^[[92m  Downloaded^[[0m heck v0.5.0
native-profile	Install the pinned header-contract generator outside measured targets	2026-10-08T18:13:48.5635225Z ^[[1m^[[92m  Downloaded^[[0m allocator-api2 v0.2.21
native-profile	Install the pinned header-contract generator outside measured targets	2026-10-08T18:13:48.5656170Z ^[[1m^[[92m  Downloaded^[[0m arrayvec v0.7.6
native-profile	Install the pinned header-contract generator outside measured targets	2026-10-08T18:13:48.5672170Z ^[[1m^[[92m  Downloaded^[[0m async-trait v0.1.89
native-profile	Install the pinned header-contract generator outside measured targets	2026-10-08T18:13:48.5701972Z ^[[1m^[[92m  Downloaded^[[0m base64ct v1.8.3
native-profile	Install the pinned header-contract generator outside measured targets	2026-10-08T18:13:48.5723839Z ^[[1m^[[92m  Downloaded^[[0m futures-executor v0.3.32
native-profile	Install the pinned header-contract generator outside measured targets	2026-10-08T18:13:48.5736428Z ^[[1m^[[92m  Downloaded^[[0m gix-credentials v0.37.2
native-profile	Install the pinned header-contract generator outside measured targets	2026-10-08T18:13:48.5751843Z ^[[1m^[[92m  Downloaded^[[0m gix-date v0.15.4
native-profile	Install the pinned header-contract generator outside measured targets	2026-10-08T18:13:48.5765961Z ^[[1m^[[92m  Downloaded^[[0m annotate-snippets v0.12.16
native-profile	Install the pinned header-contract generator outside measured targets	2026-10-08T18:13:48.5794388Z ^[[1m^[[92m  Downloaded^[[0m chacha20 v0.10.0
native-profile	Install the pinned header-contract generator outside measured targets	2026-10-08T18:13:48.5813186Z ^[[1m^[[92m  Downloaded^[[0m crc32fast v1.5.0
native-profile	Install the pinned header-contract generator outside measured targets	2026-10-08T18:13:48.5828362Z ^[[1m^[[92m  Downloaded^[[0m yoke-derive v0.8.2
native-profile	Install the pinned header-contract generator outside measured targets	2026-10-08T18:13:48.5838525Z ^[[1m^[[92m  Downloaded^[[0m displaydoc v0.2.6
native-profile	Install the pinned header-contract generator outside measured targets	2026-10-08T18:13:48.5855044Z ^[[1m^[[92m  Downloaded^[[0m either v1.16.0
native-profile	Install the pinned header-contract generator outside measured targets	2026-10-08T18:13:48.5866936Z ^[[1m^[[92m  Downloaded^[[0m faster-hex v0.10.0
native-profile	Install the pinned header-contract generator outside measured targets	2026-10-08T18:13:48.5879783Z ^[[1m^[[92m  Downloaded^[[0m find-msvc-tools v0.1.9
native-profile	Install the pinned header-contract generator outside measured targets	2026-10-08T18:13:48.5893728Z ^[[1m^[[92m  Downloaded^[[0m byteorder v1.5.0
native-profile	Install the pinned header-contract generator outside measured targets	2026-10-08T18:13:48.5908291Z ^[[1m^[[92m  Downloaded^[[0m ff v0.13.1
native-profile	Install the pinned header-contract generator outside measured targets	2026-10-08T18:13:48.5920985Z ^[[1m^[[92m  Downloaded^[[0m synstructure v0.13.2
native-profile	Install the pinned header-contract generator outside measured targets	2026-10-08T18:13:48.5943925Z ^[[1m^[[92m  Downloaded^[[0m const-oid v0.9.6
native-profile	Install the pinned header-contract generator outside measured targets	2026-10-08T18:13:48.5964058Z ^[[1m^[[92m  Downloaded^[[0m futures v0.3.32
native-profile	Install the pinned header-contract generator outside measured targets	2026-10-08T18:13:48.5986702Z ^[[1m^[[92m  Downloaded^[[0m gix-sec v0.13.3
native-profile	Install the pinned header-contract generator outside measured targets	2026-10-08T18:13:48.5997584Z ^[[1m^[[92m  Downloaded^[[0m gix-prompt v0.14.2
native-profile	Install the pinned header-contract generator outside measured targets	2026-10-08T18:13:48.6007060Z ^[[1m^[[92m  Downloaded^[[0m home v0.5.12
native-profile	Install the pinned header-contract generator outside measured targets	2026-10-08T18:13:48.6015172Z ^[[1m^[[92m  Downloaded^[[0m is_executable v1.0.5
native-profile	Install the pinned header-contract generator outside measured targets	2026-10-08T18:13:48.6026768Z ^[[1m^[[92m  Downloaded^[[0m gix-quote v0.7.2
native-profile	Install the pinned header-contract generator outside measured targets	2026-10-08T18:13:48.6036197Z ^[[1m^[[92m  Downloaded^[[0m is_terminal_polyfill v1.70.2
native-profile	Install the pinned header-contract generator outside measured targets	2026-10-08T18:13:48.6047787Z ^[[1m^[[92m  Downloaded^[[0m clap_derive v4.6.1
native-profile	Install the pinned header-contract generator outside measured targets	2026-10-08T18:13:48.6081655Z ^[[1m^[[92m  Downloaded^[[0m color-print-proc-macro v0.3.7
native-profile	Install the pinned header-contract generator outside measured targets	2026-10-08T18:13:48.6106300Z ^[[1m^[[92m  Downloaded^[[0m ed25519-compact v2.3.0
native-profile	Install the pinned header-contract generator outside measured targets	2026-10-08T18:13:48.6131214Z ^[[1m^[[92m  Downloaded^[[0m filetime v0.2.29
native-profile	Install the pinned header-contract generator outside measured targets	2026-10-08T18:13:48.6148501Z ^[[1m^[[92m  Downloaded^[[0m ar_archive_writer v0.5.1
native-profile	Install the pinned header-contract generator outside measured targets	2026-10-08T18:13:48.6181837Z ^[[1m^[[92m  Downloaded^[[0m arc-swap v1.9.1
native-profile	Install the pinned header-contract generator outside measured targets	2026-10-08T18:13:48.6220032Z ^[[1m^[[92m  Downloaded^[[0m const-oid v0.10.2
native-profile	Install the pinned header-contract generator outside measured targets	2026-10-08T18:13:48.6255967Z ^[[1m^[[92m  Downloaded^[[0m zmij v1.0.21
native-profile	Install the pinned header-contract generator outside measured targets	2026-10-08T18:13:48.6256390Z ^[[1m^[[92m  Downloaded^[[0m clap_complete v4.6.5
native-profile	Install the pinned header-contract generator outside measured targets	2026-10-08T18:13:48.6282178Z ^[[1m^[[92m  Downloaded^[[0m deranged v0.5.8
native-profile	Install the pinned header-contract generator outside measured targets	2026-10-08T18:13:48.6294167Z ^[[1m^[[92m  Downloaded^[[0m idna_adapter v1.2.2
native-profile	Install the pinned header-contract generator outside measured targets	2026-10-08T18:13:48.6301993Z ^[[1m^[[92m  Downloaded^[[0m io-close v0.3.7
native-profile	Install the pinned header-contract generator outside measured targets	2026-10-08T18:13:48.6311419Z ^[[1m^[[92m  Downloaded^[[0m elliptic-curve v0.13.8
native-profile	Install the pinned header-contract generator outside measured targets	2026-10-08T18:13:48.6353016Z ^[[1m^[[92m  Downloaded^[[0m matchers v0.2.0
native-profile	Install the pinned header-contract generator outside measured targets	2026-10-08T18:13:48.6372625Z ^[[1m^[[92m  Downloaded^[[0m openssl-probe v0.1.6
native-profile	Install the pinned header-contract generator outside measured targets	2026-10-08T18:13:48.6373317Z ^[[1m^[[92m  Downloaded^[[0m bitflags v2.11.1
native-profile	Install the pinned header-contract generator outside measured targets	2026-10-08T18:13:48.6408941Z ^[[1m^[[92m  Downloaded^[[0m cargo-util v0.2.29
native-profile	Install the pinned header-contract generator outside measured targets	2026-10-08T18:13:48.6421822Z ^[[1m^[[92m  Downloaded^[[0m crossbeam-epoch v0.9.18
native-profile	Install the pinned header-contract generator outside measured targets	2026-10-08T18:13:48.6441831Z ^[[1m^[[92m  Downloaded^[[0m crossbeam-utils v0.8.21
native-profile	Install the pinned header-contract generator outside measured targets	2026-10-08T18:13:48.6465628Z ^[[1m^[[92m  Downloaded^[[0m camino v1.2.2
native-profile	Install the pinned header-contract generator outside measured targets	2026-10-08T18:13:48.6481999Z ^[[1m^[[92m  Downloaded^[[0m cargo-util-schemas v0.14.0
native-profile	Install the pinned header-contract generator outside measured targets	2026-10-08T18:13:48.6501045Z ^[[1m^[[92m  Downloaded^[[0m clap v4.6.1
native-profile	Install the pinned header-contract generator outside measured targets	2026-10-08T18:13:48.6583489Z ^[[1m^[[92m  Downloaded^[[0m gix-validate v0.11.2
native-profile	Install the pinned header-contract generator outside measured targets	2026-10-08T18:13:48.6592902Z ^[[1m^[[92m  Downloaded^[[0m hex v0.4.3
native-profile	Install the pinned header-contract generator outside measured targets	2026-10-08T18:13:48.6605109Z ^[[1m^[[92m  Downloaded^[[0m maybe-async v0.2.11
native-profile	Install the pinned header-contract generator outside measured targets	2026-10-08T18:13:48.6626339Z ^[[1m^[[92m  Downloaded^[[0m pin-project-lite v0.2.17
native-profile	Install the pinned header-contract generator outside measured targets	2026-10-08T18:13:48.6672660Z ^[[1m^[[92m  Downloaded^[[0m cc v1.2.63
native-profile	Install the pinned header-contract generator outside measured targets	2026-10-08T18:13:48.6697076Z ^[[1m^[[92m  Downloaded^[[0m tinyvec v1.11.0
native-profile	Install the pinned header-contract generator outside measured targets	2026-10-08T18:13:48.6717153Z ^[[1m^[[92m  Downloaded^[[0m toml v1.1.2+spec-1.1.0
native-profile	Install the pinned header-contract generator outside measured targets	2026-10-08T18:13:48.6748891Z ^[[1m^[[92m  Downloaded^[[0m base64 v0.22.1
native-profile	Install the pinned header-contract generator outside measured targets	2026-10-08T18:13:48.6778702Z ^[[1m^[[92m  Downloaded^[[0m utf8_iter v1.0.4
native-profile	Install the pinned header-contract generator outside measured targets	2026-10-08T18:13:48.6786476Z ^[[1m^[[92m  Downloaded^[[0m scopeguard v1.2.0
native-profile	Install the pinned header-contract generator outside measured targets	2026-10-08T18:13:48.6795450Z ^[[1m^[[92m  Downloaded^[[0m sha1 v0.11.0
native-profile	Install the pinned header-contract generator outside measured targets	2026-10-08T18:13:48.6808716Z ^[[1m^[[92m  Downloaded^[[0m shell-words v1.1.1
native-profile	Install the pinned header-contract generator outside measured targets	2026-10-08T18:13:48.6815613Z ^[[1m^[[92m  Downloaded^[[0m utf8parse v0.2.2
native-profile	Install the pinned header-contract generator outside measured targets	2026-10-08T18:13:48.6822629Z ^[[1m^[[92m  Downloaded^[[0m gix-error v0.2.4
native-profile	Install the pinned header-contract generator outside measured targets	2026-10-08T18:13:48.6835576Z ^[[1m^[[92m  Downloaded^[[0m gix-refspec v0.39.0
native-profile	Install the pinned header-contract generator outside measured targets	2026-10-08T18:13:48.6848278Z ^[[1m^[[92m  Downloaded^[[0m gix-revision v0.43.0
native-profile	Install the pinned header-contract generator outside measured targets	2026-10-08T18:13:48.6861874Z ^[[1m^[[92m  Downloaded^[[0m gix-tempfile v21.0.2
native-profile	Install the pinned header-contract generator outside measured targets	2026-10-08T18:13:48.6872049Z ^[[1m^[[92m  Downloaded^[[0m gix-url v0.35.3
native-profile	Install the pinned header-contract generator outside measured targets	2026-10-08T18:13:48.6882205Z ^[[1m^[[92m  Downloaded^[[0m gix-worktree-state v0.28.0
native-profile	Install the pinned header-contract generator outside measured targets	2026-10-08T18:13:48.6892464Z ^[[1m^[[92m  Downloaded^[[0m gix-pathspec v0.16.1
native-profile	Install the pinned header-contract generator outside measured targets	2026-10-08T18:13:48.6903686Z ^[[1m^[[92m  Downloaded^[[0m gix-packetline v0.21.4
native-profile	Install the pinned header-contract generator outside measured targets	2026-10-08T18:13:48.6917674Z ^[[1m^[[92m  Downloaded^[[0m gix-worktree v0.50.0
native-profile	Install the pinned header-contract generator outside measured targets	2026-10-08T18:13:48.6929487Z ^[[1m^[[92m  Downloaded^[[0m crypto-bigint v0.5.5
native-profile	Install the pinned header-contract generator outside measured targets	2026-10-08T18:13:48.6985965Z ^[[1m^[[92m  Downloaded^[[0m flate2 v1.1.9
native-profile	Install the pinned header-contract generator outside measured targets	2026-10-08T18:13:48.7023681Z ^[[1m^[[92m  Downloaded^[[0m globset v0.4.18
native-profile	Install the pinned header-contract generator outside measured targets	2026-10-08T18:13:48.7035467Z ^[[1m^[[92m  Downloaded^[[0m der v0.7.10
native-profile	Install the pinned header-contract generator outside measured targets	2026-10-08T18:13:48.7076086Z ^[[1m^[[92m  Downloaded^[[0m log v0.4.30
native-profile	Install the pinned header-contract generator outside measured targets	2026-10-08T18:13:48.7094862Z ^[[1m^[[92m  Downloaded^[[0m quote v1.0.45
native-profile	Install the pinned header-contract generator outside measured targets	2026-10-08T18:13:48.7115205Z ^[[1m^[[92m  Downloaded^[[0m serde-untagged v0.1.9
native-profile	Install the pinned header-contract generator outside measured targets	2026-10-08T18:13:48.7127600Z ^[[1m^[[92m  Downloaded^[[0m serde-value v0.7.0
native-profile	Install the pinned header-contract generator outside measured targets	2026-10-08T18:13:48.7134769Z ^[[1m^[[92m  Downloaded^[[0m shlex v1.3.0
native-profile	Install the pinned header-contract generator outside measured targets	2026-10-08T18:13:48.7144055Z ^[[1m^[[92m  Downloaded^[[0m bytes v1.11.1
native-profile	Install the pinned header-contract generator outside measured targets	2026-10-08T18:13:48.7176952Z ^[[1m^[[92m  Downloaded^[[0m gix-blame v0.11.0
native-profile	Install the pinned header-contract generator outside measured targets	2026-10-08T18:13:48.7198420Z ^[[1m^[[92m  Downloaded^[[0m powerfmt v0.2.0
native-profile	Install the pinned header-contract generator outside measured targets	2026-10-08T18:13:48.7206592Z ^[[1m^[[92m  Downloaded^[[0m rfc6979 v0.4.0
native-profile	Install the pinned header-contract generator outside measured targets	2026-10-08T18:13:48.7214173Z ^[[1m^[[92m  Downloaded^[[0m crossbeam-channel v0.5.15
native-profile	Install the pinned header-contract generator outside measured targets	2026-10-08T18:13:48.7244773Z ^[[1m^[[92m  Downloaded^[[0m curl v0.4.49
native-profile	Install the pinned header-contract generator outside measured targets	2026-10-08T18:13:48.7276808Z ^[[1m^[[92m  Downloaded^[[0m shlex v2.0.1
native-profile	Install the pinned header-contract generator outside measured targets	2026-10-08T18:13:48.7286397Z ^[[1m^[[92m  Downloaded^[[0m gix-revwalk v0.29.0
native-profile	Install the pinned header-contract generator outside measured targets	2026-10-08T18:13:48.7295750Z ^[[1m^[[92m  Downloaded^[[0m openssl-sys v0.9.116
native-profile	Install the pinned header-contract generator outside measured targets	2026-10-08T18:13:48.7338321Z ^[[1m^[[92m  Downloaded^[[0m typenum v1.20.1
native-profile	Install the pinned header-contract generator outside measured targets	2026-10-08T18:13:48.7365433Z ^[[1m^[[92m  Downloaded^[[0m aho-corasick v1.1.4
native-profile	Install the pinned header-contract generator outside measured targets	2026-10-08T18:13:48.7406288Z ^[[1m^[[92m  Downloaded^[[0m gix-hash v0.23.0
native-profile	Install the pinned header-contract generator outside measured targets	2026-10-08T18:13:48.7417662Z ^[[1m^[[92m  Downloaded^[[0m gix-discover v0.49.0
native-profile	Install the pinned header-contract generator outside measured targets	2026-10-08T18:13:48.7429361Z ^[[1m^[[92m  Downloaded^[[0m gix-fs v0.19.2
native-profile	Install the pinned header-contract generator outside measured targets	2026-10-08T18:13:48.7441145Z ^[[1m^[[92m  Downloaded^[[0m gix-worktree-stream v0.30.0
native-profile	Install the pinned header-contract generator outside measured targets	2026-10-08T18:13:48.7450924Z ^[[1m^[[92m  Downloaded^[[0m glob v0.3.3
native-profile	Install the pinned header-contract generator outside measured targets	2026-10-08T18:13:48.7462014Z ^[[1m^[[92m  Downloaded^[[0m tinyvec_macros v0.1.1
native-profile	Install the pinned header-contract generator outside measured targets	2026-10-08T18:13:48.7468085Z ^[[1m^[[92m  Downloaded^[[0m unicode-bom v2.0.3
native-profile	Install the pinned header-contract generator outside measured targets	2026-10-08T18:13:48.7479459Z ^[[1m^[[92m  Downloaded^[[0m unicode-normalization v0.1.25
native-profile	Install the pinned header-contract generator outside measured targets	2026-10-08T18:13:48.7506585Z ^[[1m^[[92m  Downloaded^[[0m zerofrom-derive v0.1.7
native-profile	Install the pinned header-contract generator outside measured targets	2026-10-08T18:13:48.7514505Z ^[[1m^[[92m  Downloaded^[[0m hashlink v0.11.0
native-profile	Install the pinned header-contract generator outside measured targets	2026-10-08T18:13:48.7528187Z ^[[1m^[[92m  Downloaded^[[0m gix-traverse v0.55.0
native-profile	Install the pinned header-contract generator outside measured targets	2026-10-08T18:13:48.7541647Z ^[[1m^[[92m  Downloaded^[[0m gix-submodule v0.28.0
native-profile	Install the pinned header-contract generator outside measured targets	2026-10-08T18:13:48.7551122Z ^[[1m^[[92m  Downloaded^[[0m toml_writer v1.1.1+spec-1.1.0
native-profile	Install the pinned header-contract generator outside measured targets	2026-10-08T18:13:48.7561568Z ^[[1m^[[92m  Downloaded^[[0m group v0.13.0
native-profile	Install the pinned header-contract generator outside measured targets	2026-10-08T18:13:48.7573253Z ^[[1m^[[92m  Downloaded^[[0m implib v0.6.0
native-profile	Install the pinned header-contract generator outside measured targets	2026-10-08T18:13:48.7585531Z ^[[1m^[[92m  Downloaded^[[0m gix-commitgraph v0.35.0
native-profile	Install the pinned header-contract generator outside measured targets	2026-10-08T18:13:48.7597124Z ^[[1m^[[92m  Downloaded^[[0m gix-filter v0.28.0
native-profile	Install the pinned header-contract generator outside measured targets	2026-10-08T18:13:48.7616967Z ^[[1m^[[92m  Downloaded^[[0m gix-features v0.46.2
native-profile	Install the pinned header-contract generator outside measured targets	2026-10-08T18:13:48.7636083Z ^[[1m^[[92m  Downloaded^[[0m hybrid-array v0.4.12
native-profile	Install the pinned header-contract generator outside measured targets	2026-10-08T18:13:48.7652761Z ^[[1m^[[92m  Downloaded^[[0m supports-unicode v3.0.0
native-profile	Install the pinned header-contract generator outside measured targets	2026-10-08T18:13:48.7660927Z ^[[1m^[[92m  Downloaded^[[0m hmac v0.12.1
native-profile	Install the pinned header-contract generator outside measured targets	2026-10-08T18:13:48.7675787Z ^[[1m^[[92m  Downloaded^[[0m nonempty v0.12.0
native-profile	Install the pinned header-contract generator outside measured targets	2026-10-08T18:13:48.7684506Z ^[[1m^[[92m  Downloaded^[[0m rand v0.10.1
native-profile	Install the pinned header-contract generator outside measured targets	2026-10-08T18:13:48.7713567Z ^[[1m^[[92m  Downloaded^[[0m time-macros v0.2.27
native-profile	Install the pinned header-contract generator outside measured targets	2026-10-08T18:13:48.7732080Z ^[[1m^[[92m  Downloaded^[[0m tinystr v0.8.3
native-profile	Install the pinned header-contract generator outside measured targets	2026-10-08T18:13:48.7747777Z ^[[1m^[[92m  Downloaded^[[0m clap_builder v4.6.0
native-profile	Install the pinned header-contract generator outside measured targets	2026-10-08T18:13:48.7797502Z ^[[1m^[[92m  Downloaded^[[0m writeable v0.6.3
native-profile	Install the pinned header-contract generator outside measured targets	2026-10-08T18:13:48.7812407Z ^[[1m^[[92m  Downloaded^[[0m nu-ansi-term v0.50.3
native-profile	Install the pinned header-contract generator outside measured targets	2026-10-08T18:13:48.7830831Z ^[[1m^[[92m  Downloaded^[[0m pasetors v0.7.8
native-profile	Install the pinned header-contract generator outside measured targets	2026-10-08T18:13:48.7873235Z ^[[1m^[[92m  Downloaded^[[0m libloading v0.9.0
native-profile	Install the pinned header-contract generator outside measured targets	2026-10-08T18:13:48.7892197Z ^[[1m^[[92m  Downloaded^[[0m num-conv v0.2.2
native-profile	Install the pinned header-contract generator outside measured targets	2026-10-08T18:13:48.7898807Z ^[[1m^[[92m  Downloaded^[[0m zeroize v1.8.2
native-profile	Install the pinned header-contract generator outside measured targets	2026-10-08T18:13:48.7908935Z ^[[1m^[[92m  Downloaded^[[0m blake3 v1.8.5
native-profile	Install the pinned header-contract generator outside measured targets	2026-10-08T18:13:48.7970171Z ^[[1m^[[92m  Downloaded^[[0m cbindgen v0.29.3
native-profile	Install the pinned header-contract generator outside measured targets	2026-10-08T18:13:48.8700800Z ^[[1m^[[92m  Downloaded^[[0m num-traits v0.2.19
native-profile	Install the pinned header-contract generator outside measured targets	2026-10-08T18:13:48.8721090Z ^[[1m^[[92m  Downloaded^[[0m serde_spanned v1.1.1
native-profile	Install the pinned header-contract generator outside measured targets	2026-10-08T18:13:48.8731162Z ^[[1m^[[92m  Downloaded^[[0m strsim v0.11.1
native-profile	Install the pinned header-contract generator outside measured targets	2026-10-08T18:13:48.8740976Z ^[[1m^[[92m  Downloaded^[[0m subtle v2.6.1
native-profile	Install the pinned header-contract generator outside measured targets	2026-10-08T18:13:48.8750193Z ^[[1m^[[92m  Downloaded^[[0m zerovec v0.11.6
native-profile	Install the pinned header-contract generator outside measured targets	2026-10-08T18:13:48.8797014Z ^[[1m^[[92m  Downloaded^[[0m serde_derive v1.0.228
native-profile	Install the pinned header-contract generator outside measured targets	2026-10-08T18:13:48.8821223Z ^[[1m^[[92m  Downloaded^[[0m tracing-chrome v0.7.2
native-profile	Install the pinned header-contract generator outside measured targets	2026-10-08T18:13:48.8831549Z ^[[1m^[[92m  Downloaded^[[0m hmac v0.13.0
native-profile	Install the pinned header-contract generator outside measured targets	2026-10-08T18:13:48.8848357Z ^[[1m^[[92m  Downloaded^[[0m itoa v1.0.18
native-profile	Install the pinned header-contract generator outside measured targets	2026-10-08T18:13:48.8859760Z ^[[1m^[[92m  Downloaded^[[0m futures-task v0.3.32
native-profile	Install the pinned header-contract generator outside measured targets	2026-10-08T18:13:48.8868848Z ^[[1m^[[92m  Downloaded^[[0m syn v2.0.117
native-profile	Install the pinned header-contract generator outside measured targets	2026-10-08T18:13:48.8951632Z ^[[1m^[[92m  Downloaded^[[0m gix-path v0.11.3
native-profile	Install the pinned header-contract generator outside measured targets	2026-10-08T18:13:48.8966033Z ^[[1m^[[92m  Downloaded^[[0m gix-index v0.49.0
native-profile	Install the pinned header-contract generator outside measured targets	2026-10-08T18:13:48.8994498Z ^[[1m^[[92m  Downloaded^[[0m gix-odb v0.78.0
native-profile	Install the pinned header-contract generator outside measured targets	2026-10-08T18:13:48.9019911Z ^[[1m^[[92m  Downloaded^[[0m supports-hyperlinks v3.2.0
native-profile	Install the pinned header-contract generator outside measured targets	2026-10-08T18:13:48.9028490Z ^[[1m^[[92m  Downloaded^[[0m rustc-hash v2.1.2
native-profile	Install the pinned header-contract generator outside measured targets	2026-10-08T18:13:48.9038547Z ^[[1m^[[92m  Downloaded^[[0m gix-status v0.28.0
native-profile	Install the pinned header-contract generator outside measured targets	2026-10-08T18:13:48.9053653Z ^[[1m^[[92m  Downloaded^[[0m http-auth v0.1.10
native-profile	Install the pinned header-contract generator outside measured targets	2026-10-08T18:13:48.9069485Z ^[[1m^[[92m  Downloaded^[[0m ignore v0.4.25
native-profile	Install the pinned header-contract generator outside measured targets	2026-10-08T18:13:48.9087126Z ^[[1m^[[92m  Downloaded^[[0m icu_properties v2.2.0
native-profile	Install the pinned header-contract generator outside measured targets	2026-10-08T18:13:48.9105450Z ^[[1m^[[92m  Downloaded^[[0m icu_locale_core v2.2.0
native-profile	Install the pinned header-contract generator outside measured targets	2026-10-08T18:13:48.9159222Z ^[[1m^[[92m  Downloaded^[[0m gix-object v0.58.0
native-profile	Install the pinned header-contract generator outside measured targets	2026-10-08T18:13:48.9183966Z ^[[1m^[[92m  Downloaded^[[0m serde_ignored v0.1.14
native-profile	Install the pinned header-contract generator outside measured targets	2026-10-08T18:13:48.9193799Z ^[[1m^[[92m  Downloaded^[[0m bstr v1.12.1
native-profile	Install the pinned header-contract generator outside measured targets	2026-10-08T18:13:48.9255767Z ^[[1m^[[92m  Downloaded^[[0m typeid v1.0.3
native-profile	Install the pinned header-contract generator outside measured targets	2026-10-08T18:13:48.9265331Z ^[[1m^[[92m  Downloaded^[[0m vcpkg v0.2.15
native-profile	Install the pinned header-contract generator outside measured targets	2026-10-08T18:13:48.9693419Z ^[[1m^[[92m  Downloaded^[[0m serde_core v1.0.228
native-profile	Install the pinned header-contract generator outside measured targets	2026-10-08T18:13:48.9715606Z ^[[1m^[[92m  Downloaded^[[0m stable_deref_trait v1.2.1
native-profile	Install the pinned header-contract generator outside measured targets	2026-10-08T18:13:48.9723509Z ^[[1m^[[92m  Downloaded^[[0m tracing-log v0.2.0
native-profile	Install the pinned header-contract generator outside measured targets	2026-10-08T18:13:48.9735667Z ^[[1m^[[92m  Downloaded^[[0m object v0.37.3
native-profile	Install the pinned header-contract generator outside measured targets	2026-10-08T18:13:48.9824863Z ^[[1m^[[92m  Downloaded^[[0m pathdiff v0.2.3
native-profile	Install the pinned header-contract generator outside measured targets	2026-10-08T18:13:48.9831754Z ^[[1m^[[92m  Downloaded^[[0m percent-encoding v2.3.2
native-profile	Install the pinned header-contract generator outside measured targets	2026-10-08T18:13:48.9838335Z ^[[1m^[[92m  Downloaded^[[0m rustc-stable-hash v0.1.2
native-profile	Install the pinned header-contract generator outside measured targets	2026-10-08T18:13:48.9850215Z ^[[1m^[[92m  Downloaded^[[0m rustfix v0.9.6
native-profile	Install the pinned header-contract generator outside measured targets	2026-10-08T18:13:48.9860719Z ^[[1m^[[92m  Downloaded^[[0m sized-chunks v0.6.5
native-profile	Install the pinned header-contract generator outside measured targets	2026-10-08T18:13:48.9881027Z ^[[1m^[[92m  Downloaded^[[0m unicase v2.9.0
native-profile	Install the pinned header-contract generator outside measured targets	2026-10-08T18:13:48.9891489Z ^[[1m^[[92m  Downloaded^[[0m pem-rfc7468 v0.7.0
native-profile	Install the pinned header-contract generator outside measured targets	2026-10-08T18:13:48.9906665Z ^[[1m^[[92m  Downloaded^[[0m tracing-core v0.1.36
native-profile	Install the pinned header-contract generator outside measured targets	2026-10-08T18:13:48.9937824Z ^[[1m^[[92m  Downloaded^[[0m parking_lot_core v0.9.12
native-profile	Install the pinned header-contract generator outside measured targets	2026-10-08T18:13:48.9944634Z ^[[1m^[[92m  Downloaded^[[0m spki v0.7.3
native-profile	Install the pinned header-contract generator outside measured targets	2026-10-08T18:13:48.9958042Z ^[[1m^[[92m  Downloaded^[[0m tracing-attributes v0.1.31
native-profile	Install the pinned header-contract generator outside measured targets	2026-10-08T18:13:48.9978595Z ^[[1m^[[92m  Downloaded^[[0m futures-timer v3.0.4
native-profile	Install the pinned header-contract generator outside measured targets	2026-10-08T18:13:48.9993672Z ^[[1m^[[92m  Downloaded^[[0m gix-protocol v0.59.0
native-profile	Install the pinned header-contract generator outside measured targets	2026-10-08T18:13:49.0017610Z ^[[1m^[[92m  Downloaded^[[0m semver v1.0.28
native-profile	Install the pinned header-contract generator outside measured targets	2026-10-08T18:13:49.0035445Z ^[[1m^[[92m  Downloaded^[[0m parking_lot v0.12.5
native-profile	Install the pinned header-contract generator outside measured targets	2026-10-08T18:13:49.0054299Z ^[[1m^[[92m  Downloaded^[[0m socket2 v0.6.4
native-profile	Install the pinned header-contract generator outside measured targets	2026-10-08T18:13:49.0068432Z ^[[1m^[[92m  Downloaded^[[0m object v0.39.1
native-profile	Install the pinned header-contract generator outside measured targets	2026-10-08T18:13:49.0157002Z ^[[1m^[[92m  Downloaded^[[0m serde_json v1.0.150
native-profile	Install the pinned header-contract generator outside measured targets	2026-10-08T18:13:49.0215165Z ^[[1m^[[92m  Downloaded^[[0m sharded-slab v0.1.7
native-profile	Install the pinned header-contract generator outside measured targets	2026-10-08T18:13:49.0240720Z ^[[1m^[[92m  Downloaded^[[0m icu_normalizer v2.2.0
native-profile	Install the pinned header-contract generator outside measured targets	2026-10-08T18:13:49.0270003Z ^[[1m^[[92m  Downloaded^[[0m icu_provider v2.2.0
native-profile	Install the pinned header-contract generator outside measured targets	2026-10-08T18:13:49.0290213Z ^[[1m^[[92m  Downloaded^[[0m gix-transport v0.55.1
native-profile	Install the pinned header-contract generator outside measured targets	2026-10-08T18:13:49.0319033Z ^[[1m^[[92m  Downloaded^[[0m zerofrom v0.1.8
native-profile	Install the pinned header-contract generator outside measured targets	2026-10-08T18:13:49.0326572Z ^[[1m^[[92m  Downloaded^[[0m gix-diff v0.61.0
native-profile	Install the pinned header-contract generator outside measured targets	2026-10-08T18:13:49.0348397Z ^[[1m^[[92m  Downloaded^[[0m signature v2.2.0
native-profile	Install the pinned header-contract generator outside measured targets	2026-10-08T18:13:49.0359261Z ^[[1m^[[92m  Downloaded^[[0m gix-ref v0.61.0
native-profile	Install the pinned header-contract generator outside measured targets	2026-10-08T18:13:49.0394036Z ^[[1m^[[92m  Downloaded^[[0m icu_normalizer_data v2.2.0
native-profile	Install the pinned header-contract generator outside measured targets	2026-10-08T18:13:49.0410642Z ^[[1m^[[92m  Downloaded^[[0m proc-macro2 v1.0.106
native-profile	Install the pinned header-contract generator outside measured targets	2026-10-08T18:13:49.0434043Z ^[[1m^[[92m  Downloaded^[[0m gix-config v0.54.0
native-profile	Install the pinned header-contract generator outside measured targets	2026-10-08T18:13:49.0468624Z ^[[1m^[[92m  Downloaded^[[0m gix-dir v0.23.0
native-profile	Install the pinned header-contract generator outside measured targets	2026-10-08T18:13:49.0489951Z ^[[1m^[[92m  Downloaded^[[0m jiff-static v0.2.28
native-profile	Install the pinned header-contract generator outside measured targets	2026-10-08T18:13:49.0510322Z ^[[1m^[[92m  Downloaded^[[0m version_check v0.9.5
native-profile	Install the pinned header-contract generator outside measured targets	2026-10-08T18:13:49.0519954Z ^[[1m^[[92m  Downloaded^[[0m zerotrie v0.2.4
native-profile	Install the pinned header-contract generator outside measured targets	2026-10-08T18:13:49.0550504Z ^[[1m^[[92m  Downloaded^[[0m jobserver v0.1.34
native-profile	Install the pinned header-contract generator outside measured targets	2026-10-08T18:13:49.0566393Z ^[[1m^[[92m  Downloaded^[[0m tar v0.4.46
native-profile	Install the pinned header-contract generator outside measured targets	2026-10-08T18:13:49.0588781Z ^[[1m^[[92m  Downloaded^[[0m time-core v0.1.8
native-profile	Install the pinned header-contract generator outside measured targets	2026-10-08T18:13:49.0598273Z ^[[1m^[[92m  Downloaded^[[0m toml_datetime v1.1.1+spec-1.1.0
native-profile	Install the pinned header-contract generator outside measured targets	2026-10-08T18:13:49.0608670Z ^[[1m^[[92m  Downloaded^[[0m unicode-ident v1.0.24
native-profile	Install the pinned header-contract generator outside measured targets	2026-10-08T18:13:49.0630500Z ^[[1m^[[92m  Downloaded^[[0m slab v0.4.12
native-profile	Install the pinned header-contract generator outside measured targets	2026-10-08T18:13:49.0640560Z ^[[1m^[[92m  Downloaded^[[0m heapless v0.8.0
native-profile	Install the pinned header-contract generator outside measured targets	2026-10-08T18:13:49.0670102Z ^[[1m^[[92m  Downloaded^[[0m icu_collections v2.2.0
native-profile	Install the pinned header-contract generator outside measured targets	2026-10-08T18:13:49.0718471Z ^[[1m^[[92m  Downloaded^[[0m yoke v0.8.2
native-profile	Install the pinned header-contract generator outside measured targets	2026-10-08T18:13:49.0732659Z ^[[1m^[[92m  Downloaded^[[0m same-file v1.0.6
native-profile	Install the pinned header-contract generator outside measured targets	2026-10-08T18:13:49.0743313Z ^[[1m^[[92m  Downloaded^[[0m gix-pack v0.68.0
native-profile	Install the pinned header-contract generator outside measured targets	2026-10-08T18:13:49.0794284Z ^[[1m^[[92m  Downloaded^[[0m indexmap v2.14.0
native-profile	Install the pinned header-contract generator outside measured targets	2026-10-08T18:13:49.0827412Z ^[[1m^[[92m  Downloaded^[[0m toml_parser v1.1.2+spec-1.1.0
native-profile	Install the pinned header-contract generator outside measured targets	2026-10-08T18:13:49.0848653Z ^[[1m^[[92m  Downloaded^[[0m futures-util v0.3.32
native-profile	Install the pinned header-contract generator outside measured targets	2026-10-08T18:13:49.0951796Z ^[[1m^[[92m  Downloaded^[[0m rustversion v1.0.22
native-profile	Install the pinned header-contract generator outside measured targets	2026-10-08T18:13:49.0973290Z ^[[1m^[[92m  Downloaded^[[0m static_assertions v1.1.0
native-profile	Install the pinned header-contract generator outside measured targets	2026-10-08T18:13:49.0984322Z ^[[1m^[[92m  Downloaded^[[0m terminal_size v0.4.4
native-profile	Install the pinned header-contract generator outside measured targets	2026-10-08T18:13:49.0994486Z ^[[1m^[[92m  Downloaded^[[0m toml_edit v0.25.12+spec-1.1.0
native-profile	Install the pinned header-contract generator outside measured targets	2026-10-08T18:13:49.1025166Z ^[[1m^[[92m  Downloaded^[[0m http v1.4.1
native-profile	Install the pinned header-contract generator outside measured targets	2026-10-08T18:13:49.1053676Z ^[[1m^[[92m  Downloaded^[[0m shell-escape v0.1.5
native-profile	Install the pinned header-contract generator outside measured targets	2026-10-08T18:13:49.1060318Z ^[[1m^[[92m  Downloaded^[[0m winnow v0.7.15
native-profile	Install the pinned header-contract generator outside measured targets	2026-10-08T18:13:49.1134690Z ^[[1m^[[92m  Downloaded^[[0m once_cell v1.21.4
native-profile	Install the pinned header-contract generator outside measured targets	2026-10-08T18:13:49.1154057Z ^[[1m^[[92m  Downloaded^[[0m prodash v31.0.0
native-profile	Install the pinned header-contract generator outside measured targets	2026-10-08T18:13:49.1185376Z ^[[1m^[[92m  Downloaded^[[0m pkcs8 v0.10.2
native-profile	Install the pinned header-contract generator outside measured targets	2026-10-08T18:13:49.1207687Z ^[[1m^[[92m  Downloaded^[[0m fiat-crypto v0.3.0
native-profile	Install the pinned header-contract generator outside measured targets	2026-10-08T18:13:49.1294820Z ^[[1m^[[92m  Downloaded^[[0m nom v7.1.3
native-profile	Install the pinned header-contract generator outside measured targets	2026-10-08T18:13:49.1334935Z ^[[1m^[[92m  Downloaded^[[0m sha2 v0.10.9
native-profile	Install the pinned header-contract generator outside measured targets	2026-10-08T18:13:49.1354886Z ^[[1m^[[92m  Downloaded^[[0m sha2 v0.11.0
native-profile	Install the pinned header-contract generator outside measured targets	2026-10-08T18:13:49.1385713Z ^[[1m^[[92m  Downloaded^[[0m walkdir v2.5.0
native-profile	Install the pinned header-contract generator outside measured targets	2026-10-08T18:13:49.1400156Z ^[[1m^[[92m  Downloaded^[[0m idna v1.1.0
native-profile	Install the pinned header-contract generator outside measured targets	2026-10-08T18:13:49.1427844Z ^[[1m^[[92m  Downloaded^[[0m potential_utf v0.1.5
native-profile	Install the pinned header-contract generator outside measured targets	2026-10-08T18:13:49.1436611Z ^[[1m^[[92m  Downloaded^[[0m rand_core v0.6.4
native-profile	Install the pinned header-contract generator outside measured targets	2026-10-08T18:13:49.1447114Z ^[[1m^[[92m  Downloaded^[[0m sha1 v0.10.6
native-profile	Install the pinned header-contract generator outside measured targets	2026-10-08T18:13:49.1459624Z ^[[1m^[[92m  Downloaded^[[0m tempfile v3.27.0
native-profile	Install the pinned header-contract generator outside measured targets	2026-10-08T18:13:49.1480302Z ^[[1m^[[92m  Downloaded^[[0m toml v0.9.12+spec-1.1.0
native-profile	Install the pinned header-contract generator outside measured targets	2026-10-08T18:13:49.1512819Z ^[[1m^[[92m  Downloaded^[[0m toml_datetime v0.7.5+spec-1.1.0
native-profile	Install the pinned header-contract generator outside measured targets	2026-10-08T18:13:49.1523511Z ^[[1m^[[92m  Downloaded^[[0m libssh2-sys v0.3.1
native-profile	Install the pinned header-contract generator outside measured targets	2026-10-08T18:13:49.1788364Z ^[[1m^[[92m  Downloaded^[[0m memoffset v0.9.1
native-profile	Install the pinned header-contract generator outside measured targets	2026-10-08T18:13:49.1797979Z ^[[1m^[[92m  Downloaded^[[0m rand_core v0.10.1
native-profile	Install the pinned header-contract generator outside measured targets	2026-10-08T18:13:49.1810259Z ^[[1m^[[92m  Downloaded^[[0m lazy_static v1.5.0
native-profile	Install the pinned header-contract generator outside measured targets	2026-10-08T18:13:49.1823757Z ^[[1m^[[92m  Downloaded^[[0m nix v0.31.3
native-profile	Install the pinned header-contract generator outside measured targets	2026-10-08T18:13:49.1915748Z ^[[1m^[[92m  Downloaded^[[0m opener v0.8.4
native-profile	Install the pinned header-contract generator outside measured targets	2026-10-08T18:13:49.1927575Z ^[[1m^[[92m  Downloaded^[[0m regex-syntax v0.8.10
native-profile	Install the pinned header-contract generator outside measured targets	2026-10-08T18:13:49.1981778Z ^[[1m^[[92m  Downloaded^[[0m thread_local v1.1.9
native-profile	Install the pinned header-contract generator outside measured targets	2026-10-08T18:13:49.1993417Z ^[[1m^[[92m  Downloaded^[[0m kstring v2.0.2
native-profile	Install the pinned header-contract generator outside measured targets	2026-10-08T18:13:49.2005337Z ^[[1m^[[92m  Downloaded^[[0m rand_xoshiro v0.6.0
native-profile	Install the pinned header-contract generator outside measured targets	2026-10-08T18:13:49.2020104Z ^[[1m^[[92m  Downloaded^[[0m regex v1.12.3
native-profile	Install the pinned header-contract generator outside measured targets	2026-10-08T18:13:49.2066485Z ^[[1m^[[92m  Downloaded^[[0m sec1 v0.7.3
native-profile	Install the pinned header-contract generator outside measured targets	2026-10-08T18:13:49.2079034Z ^[[1m^[[92m  Downloaded^[[0m thiserror v2.0.18
native-profile	Install the pinned header-contract generator outside measured targets	2026-10-08T18:13:49.2129099Z ^[[1m^[[92m  Downloaded^[[0m thiserror-impl v2.0.18
native-profile	Install the pinned header-contract generator outside measured targets	2026-10-08T18:13:49.2140315Z ^[[1m^[[92m  Downloaded^[[0m litemap v0.8.2
native-profile	Install the pinned header-contract generator outside measured targets	2026-10-08T18:13:49.2158353Z ^[[1m^[[92m  Downloaded^[[0m lock_api v0.4.14
native-profile	Install the pinned header-contract generator outside measured targets	2026-10-08T18:13:49.2168019Z ^[[1m^[[92m  Downloaded^[[0m memmap2 v0.9.10
native-profile	Install the pinned header-contract generator outside measured targets	2026-10-08T18:13:49.2181455Z ^[[1m^[[92m  Downloaded^[[0m os_info v3.15.0
native-profile	Install the pinned header-contract generator outside measured targets	2026-10-08T18:13:49.2206416Z ^[[1m^[[92m  Downloaded^[[0m pkg-config v0.3.33
native-profile	Install the pinned header-contract generator outside measured targets	2026-10-08T18:13:49.2218290Z ^[[1m^[[92m  Downloaded^[[0m serde v1.0.228
native-profile	Install the pinned header-contract generator outside measured targets	2026-10-08T18:13:49.2245084Z ^[[1m^[[92m  Downloaded^[[0m minimal-lexical v0.2.1
native-profile	Install the pinned header-contract generator outside measured targets	2026-10-08T18:13:49.2280944Z ^[[1m^[[92m  Downloaded^[[0m p384 v0.13.1
native-profile	Install the pinned header-contract generator outside measured targets	2026-10-08T18:13:49.2316147Z ^[[1m^[[92m  Downloaded^[[0m winnow v1.0.3
native-profile	Install the pinned header-contract generator outside measured targets	2026-10-08T18:13:49.2391182Z ^[[1m^[[92m  Downloaded^[[0m hashbrown v0.14.5
native-profile	Install the pinned header-contract generator outside measured targets	2026-10-08T18:13:49.2429364Z ^[[1m^[[92m  Downloaded^[[0m hashbrown v0.15.5
native-profile	Install the pinned header-contract generator outside measured targets	2026-10-08T18:13:49.2468014Z ^[[1m^[[92m  Downloaded^[[0m ordered-float v2.10.1
native-profile	Install the pinned header-contract generator outside measured targets	2026-10-08T18:13:49.2478233Z ^[[1m^[[92m  Downloaded^[[0m smallvec v1.15.1
native-profile	Install the pinned header-contract generator outside measured targets	2026-10-08T18:13:49.2494379Z ^[[1m^[[92m  Downloaded^[[0m imara-diff v0.1.8
native-profile	Install the pinned header-contract generator outside measured targets	2026-10-08T18:13:49.2525999Z ^[[1m^[[92m  Downloaded^[[0m itertools v0.14.0
native-profile	Install the pinned header-contract generator outside measured targets	2026-10-08T18:13:49.2580258Z ^[[1m^[[92m  Downloaded^[[0m memchr v2.8.1
native-profile	Install the pinned header-contract generator outside measured targets	2026-10-08T18:13:49.2623254Z ^[[1m^[[92m  Downloaded^[[0m primeorder v0.13.6
native-profile	Install the pinned header-contract generator outside measured targets	2026-10-08T18:13:49.2633603Z ^[[1m^[[92m  Downloaded^[[0m sha1-checked v0.10.0
native-profile	Install the pinned header-contract generator outside measured targets	2026-10-08T18:13:49.2679439Z ^[[1m^[[92m  Downloaded^[[0m zerovec-derive v0.11.3
native-profile	Install the pinned header-contract generator outside measured targets	2026-10-08T18:13:49.2691482Z ^[[1m^[[92m  Downloaded^[[0m hkdf v0.12.4
native-profile	Install the pinned header-contract generator outside measured targets	2026-10-08T18:13:49.2709664Z ^[[1m^[[92m  Downloaded^[[0m git2 v0.20.4
native-profile	Install the pinned header-contract generator outside measured targets	2026-10-08T18:13:49.2773857Z ^[[1m^[[92m  Downloaded^[[0m hashbrown v0.16.1
native-profile	Install the pinned header-contract generator outside measured targets	2026-10-08T18:13:49.2813952Z ^[[1m^[[92m  Downloaded^[[0m hashbrown v0.17.1
native-profile	Install the pinned header-contract generator outside measured targets	2026-10-08T18:13:49.2855974Z ^[[1m^[[92m  Downloaded^[[0m icu_properties_data v2.2.0
native-profile	Install the pinned header-contract generator outside measured targets	2026-10-08T18:13:49.2939525Z ^[[1m^[[92m  Downloaded^[[0m imara-diff v0.2.0
native-profile	Install the pinned header-contract generator outside measured targets	2026-10-08T18:13:49.2973415Z ^[[1m^[[92m  Downloaded^[[0m url v2.5.8
native-profile	Install the pinned header-contract generator outside measured targets	2026-10-08T18:13:49.2993940Z ^[[1m^[[92m  Downloaded^[[0m im-rc v15.1.0
native-profile	Install the pinned header-contract generator outside measured targets	2026-10-08T18:13:49.3039148Z ^[[1m^[[92m  Downloaded^[[0m rusqlite v0.39.0
native-profile	Install the pinned header-contract generator outside measured targets	2026-10-08T18:13:49.3090535Z ^[[1m^[[92m  Downloaded^[[0m time v0.3.47
native-profile	Install the pinned header-contract generator outside measured targets	2026-10-08T18:13:49.3190929Z ^[[1m^[[92m  Downloaded^[[0m tracing-subscriber v0.3.23
native-profile	Install the pinned header-contract generator outside measured targets	2026-10-08T18:13:49.3258819Z ^[[1m^[[92m  Downloaded^[[0m gix v0.81.0
native-profile	Install the pinned header-contract generator outside measured targets	2026-10-08T18:13:49.3387425Z ^[[1m^[[92m  Downloaded^[[0m orion v0.17.14
native-profile	Install the pinned header-contract generator outside measured targets	2026-10-08T18:13:49.3463344Z ^[[1m^[[92m  Downloaded^[[0m rustix v1.1.4
native-profile	Install the pinned header-contract generator outside measured targets	2026-10-08T18:13:49.3673796Z ^[[1m^[[92m  Downloaded^[[0m zlib-rs v0.6.3
native-profile	Install the pinned header-contract generator outside measured targets	2026-10-08T18:13:49.3714984Z ^[[1m^[[92m  Downloaded^[[0m regex-automata v0.4.14
native-profile	Install the pinned header-contract generator outside measured targets	2026-10-08T18:13:49.3825277Z ^[[1m^[[92m  Downloaded^[[0m encoding_rs v0.8.35
native-profile	Install the pinned header-contract generator outside measured targets	2026-10-08T18:13:49.3985434Z ^[[1m^[[92m  Downloaded^[[0m libc v0.2.186
native-profile	Install the pinned header-contract generator outside measured targets	2026-10-08T18:13:49.4296935Z ^[[1m^[[92m  Downloaded^[[0m unicode-width v0.2.2
native-profile	Install the pinned header-contract generator outside measured targets	2026-10-08T18:13:49.4342781Z ^[[1m^[[92m  Downloaded^[[0m libz-sys v1.1.29
native-profile	Install the pinned header-contract generator outside measured targets	2026-10-08T18:13:49.4532397Z ^[[1m^[[92m  Downloaded^[[0m tracing v0.1.44
native-profile	Install the pinned header-contract generator outside measured targets	2026-10-08T18:13:49.4661984Z ^[[1m^[[92m  Downloaded^[[0m curl-sys v0.4.88+curl-8.20.0
native-profile	Install the pinned header-contract generator outside measured targets	2026-10-08T18:13:49.5159231Z ^[[1m^[[92m  Downloaded^[[0m gix-merge v0.14.0
native-profile	Install the pinned header-contract generator outside measured targets	2026-10-08T18:13:49.5261248Z ^[[1m^[[92m  Downloaded^[[0m jiff v0.2.28
native-profile	Install the pinned header-contract generator outside measured targets	2026-10-08T18:13:49.5397899Z ^[[1m^[[92m  Downloaded^[[0m libgit2-sys v0.18.5+1.9.4
native-profile	Install the pinned header-contract generator outside measured targets	2026-10-08T18:13:49.5887684Z ^[[1m^[[92m  Downloaded^[[0m libnghttp2-sys v0.1.13+1.68.1
native-profile	Install the pinned header-contract generator outside measured targets	2026-10-08T18:13:49.7244581Z ^[[1m^[[92m  Downloaded^[[0m cargo v0.97.1
native-profile	Install the pinned header-contract generator outside measured targets	2026-10-08T18:13:49.8475805Z ^[[1m^[[92m  Downloaded^[[0m linux-raw-sys v0.12.1
native-profile	Install the pinned header-contract generator outside measured targets	2026-10-08T18:13:49.8984390Z ^[[1m^[[92m  Downloaded^[[0m libsqlite3-sys v0.37.0
native-profile	Install the pinned header-contract generator outside measured targets	2026-10-08T18:13:50.3994306Z ^[[1m^[[92m   Compiling^[[0m proc-macro2 v1.0.106
native-profile	Install the pinned header-contract generator outside measured targets	2026-10-08T18:13:50.3994945Z ^[[1m^[[92m   Compiling^[[0m quote v1.0.45
native-profile	Install the pinned header-contract generator outside measured targets	2026-10-08T18:13:50.3995459Z ^[[1m^[[92m   Compiling^[[0m unicode-ident v1.0.24
native-profile	Install the pinned header-contract generator outside measured targets	2026-10-08T18:13:50.3995878Z ^[[1m^[[92m   Compiling^[[0m libc v0.2.186
native-profile	Install the pinned header-contract generator outside measured targets	2026-10-08T18:13:50.3996184Z ^[[1m^[[92m   Compiling^[[0m memchr v2.8.1
native-profile	Install the pinned header-contract generator outside measured targets	2026-10-08T18:13:50.4058676Z ^[[1m^[[92m   Compiling^[[0m cfg-if v1.0.4
native-profile	Install the pinned header-contract generator outside measured targets	2026-10-08T18:13:50.4059533Z ^[[1m^[[92m   Compiling^[[0m regex-syntax v0.8.10
native-profile	Install the pinned header-contract generator outside measured targets	2026-10-08T18:13:50.4079590Z ^[[1m^[[92m   Compiling^[[0m typenum v1.20.1
native-profile	Install the pinned header-contract generator outside measured targets	2026-10-08T18:13:50.4654629Z ^[[1m^[[92m   Compiling^[[0m serde_core v1.0.228
native-profile	Install the pinned header-contract generator outside measured targets	2026-10-08T18:13:50.4864685Z ^[[1m^[[92m   Compiling^[[0m smallvec v1.15.1
native-profile	Install the pinned header-contract generator outside measured targets	2026-10-08T18:13:50.6684263Z ^[[1m^[[92m   Compiling^[[0m thiserror v2.0.18
native-profile	Install the pinned header-contract generator outside measured targets	2026-10-08T18:13:50.8494518Z ^[[1m^[[92m   Compiling^[[0m version_check v0.9.5
native-profile	Install the pinned header-contract generator outside measured targets	2026-10-08T18:13:51.0764571Z ^[[1m^[[92m   Compiling^[[0m aho-corasick v1.1.4
native-profile	Install the pinned header-contract generator outside measured targets	2026-10-08T18:13:51.5824521Z ^[[1m^[[92m   Compiling^[[0m stable_deref_trait v1.2.1
native-profile	Install the pinned header-contract generator outside measured targets	2026-10-08T18:13:51.6383229Z ^[[1m^[[92m   Compiling^[[0m syn v2.0.117
native-profile	Install the pinned header-contract generator outside measured targets	2026-10-08T18:13:51.6904574Z ^[[1m^[[92m   Compiling^[[0m zeroize v1.8.2
native-profile	Install the pinned header-contract generator outside measured targets	2026-10-08T18:13:51.9104952Z ^[[1m^[[92m   Compiling^[[0m generic-array v0.14.9
native-profile	Install the pinned header-contract generator outside measured targets	2026-10-08T18:13:52.0284743Z ^[[1m^[[92m   Compiling^[[0m once_cell v1.21.4
native-profile	Install the pinned header-contract generator outside measured targets	2026-10-08T18:13:52.3512896Z ^[[1m^[[92m   Compiling^[[0m bitflags v2.11.1
native-profile	Install the pinned header-contract generator outside measured targets	2026-10-08T18:13:52.3543822Z ^[[1m^[[92m   Compiling^[[0m subtle v2.6.1
native-profile	Install the pinned header-contract generator outside measured targets	2026-10-08T18:13:52.5864621Z ^[[1m^[[92m   Compiling^[[0m crossbeam-utils v0.8.21
native-profile	Install the pinned header-contract generator outside measured targets	2026-10-08T18:13:52.8334468Z ^[[1m^[[92m   Compiling^[[0m fastrand v2.4.1
native-profile	Install the pinned header-contract generator outside measured targets	2026-10-08T18:13:52.9744804Z ^[[1m^[[92m   Compiling^[[0m const-oid v0.9.6
native-profile	Install the pinned header-contract generator outside measured targets	2026-10-08T18:13:53.1774592Z ^[[1m^[[92m   Compiling^[[0m gix-trace v0.1.20
native-profile	Install the pinned header-contract generator outside measured targets	2026-10-08T18:13:53.2604546Z ^[[1m^[[92m   Compiling^[[0m parking_lot_core v0.9.12
native-profile	Install the pinned header-contract generator outside measured targets	2026-10-08T18:13:53.3954823Z ^[[1m^[[92m   Compiling^[[0m tinyvec_macros v0.1.1
native-profile	Install the pinned header-contract generator outside measured targets	2026-10-08T18:13:53.4444531Z ^[[1m^[[92m   Compiling^[[0m tinyvec v1.11.0
native-profile	Install the pinned header-contract generator outside measured targets	2026-10-08T18:13:53.8264584Z ^[[1m^[[92m   Compiling^[[0m regex-automata v0.4.14
native-profile	Install the pinned header-contract generator outside measured targets	2026-10-08T18:13:54.3124457Z ^[[1m^[[92m   Compiling^[[0m scopeguard v1.2.0
native-profile	Install the pinned header-contract generator outside measured targets	2026-10-08T18:13:54.3845696Z ^[[1m^[[92m   Compiling^[[0m lock_api v0.4.14
native-profile	Install the pinned header-contract generator outside measured targets	2026-10-08T18:13:54.4644959Z ^[[1m^[[92m   Compiling^[[0m unicode-normalization v0.1.25
native-profile	Install the pinned header-contract generator outside measured targets	2026-10-08T18:13:54.8864575Z ^[[1m^[[92m   Compiling^[[0m crypto-common v0.1.6
native-profile	Install the pinned header-contract generator outside measured targets	2026-10-08T18:13:54.9914928Z ^[[1m^[[92m   Compiling^[[0m block-buffer v0.10.4
native-profile	Install the pinned header-contract generator outside measured targets	2026-10-08T18:13:55.0276396Z ^[[1m^[[92m   Compiling^[[0m crc32fast v1.5.0
native-profile	Install the pinned header-contract generator outside measured targets	2026-10-08T18:13:55.1013444Z ^[[1m^[[92m   Compiling^[[0m parking_lot v0.12.5
native-profile	Install the pinned header-contract generator outside measured targets	2026-10-08T18:13:55.1314803Z ^[[1m^[[92m   Compiling^[[0m digest v0.10.7
native-profile	Install the pinned header-contract generator outside measured targets	2026-10-08T18:13:55.1394490Z ^[[1m^[[92m   Compiling^[[0m same-file v1.0.6
native-profile	Install the pinned header-contract generator outside measured targets	2026-10-08T18:13:55.2850070Z ^[[1m^[[92m   Compiling^[[0m walkdir v2.5.0
native-profile	Install the pinned header-contract generator outside measured targets	2026-10-08T18:13:55.5424647Z ^[[1m^[[92m   Compiling^[[0m jobserver v0.1.34
native-profile	Install the pinned header-contract generator outside measured targets	2026-10-08T18:13:55.5644493Z ^[[1m^[[92m   Compiling^[[0m shlex v2.0.1
native-profile	Install the pinned header-contract generator outside measured targets	2026-10-08T18:13:55.7404506Z ^[[1m^[[92m   Compiling^[[0m itoa v1.0.18
native-profile	Install the pinned header-contract generator outside measured targets	2026-10-08T18:13:55.9854577Z ^[[1m^[[92m   Compiling^[[0m find-msvc-tools v0.1.9
native-profile	Install the pinned header-contract generator outside measured targets	2026-10-08T18:13:56.0554797Z ^[[1m^[[92m   Compiling^[[0m zlib-rs v0.6.3
native-profile	Install the pinned header-contract generator outside measured targets	2026-10-08T18:13:56.3004637Z ^[[1m^[[92m   Compiling^[[0m cc v1.2.63
native-profile	Install the pinned header-contract generator outside measured targets	2026-10-08T18:13:56.5519851Z ^[[1m^[[92m   Compiling^[[0m bytes v1.11.1
native-profile	Install the pinned header-contract generator outside measured targets	2026-10-08T18:13:56.9774542Z ^[[1m^[[92m   Compiling^[[0m prodash v31.0.0
native-profile	Install the pinned header-contract generator outside measured targets	2026-10-08T18:13:57.9104693Z ^[[1m^[[92m   Compiling^[[0m crossbeam-channel v0.5.15
native-profile	Install the pinned header-contract generator outside measured targets	2026-10-08T18:13:58.4012022Z ^[[1m^[[92m   Compiling^[[0m foldhash v0.2.0
native-profile	Install the pinned header-contract generator outside measured targets	2026-10-08T18:13:58.6749284Z ^[[1m^[[92m   Compiling^[[0m equivalent v1.0.2
native-profile	Install the pinned header-contract generator outside measured targets	2026-10-08T18:13:58.7541181Z ^[[1m^[[92m   Compiling^[[0m cpufeatures v0.2.17
native-profile	Install the pinned header-contract generator outside measured targets	2026-10-08T18:13:58.8355311Z ^[[1m^[[92m   Compiling^[[0m byteorder v1.5.0
native-profile	Install the pinned header-contract generator outside measured targets	2026-10-08T18:13:59.1454733Z ^[[1m^[[92m   Compiling^[[0m heapless v0.8.0
native-profile	Install the pinned header-contract generator outside measured targets	2026-10-08T18:13:59.3694485Z ^[[1m^[[92m   Compiling^[[0m hash32 v0.3.1
native-profile	Install the pinned header-contract generator outside measured targets	2026-10-08T18:13:59.4962043Z ^[[1m^[[92m   Compiling^[[0m rustix v1.1.4
native-profile	Install the pinned header-contract generator outside measured targets	2026-10-08T18:13:59.5344544Z ^[[1m^[[92m   Compiling^[[0m bstr v1.12.1
native-profile	Install the pinned header-contract generator outside measured targets	2026-10-08T18:13:59.9444574Z ^[[1m^[[92m   Compiling^[[0m pkg-config v0.3.33
native-profile	Install the pinned header-contract generator outside measured targets	2026-10-08T18:14:00.5581505Z ^[[1m^[[92m   Compiling^[[0m gix-validate v0.11.2
native-profile	Install the pinned header-contract generator outside measured targets	2026-10-08T18:14:01.0324606Z ^[[1m^[[92m   Compiling^[[0m gix-utils v0.3.3
native-profile	Install the pinned header-contract generator outside measured targets	2026-10-08T18:14:01.2594538Z ^[[1m^[[92m   Compiling^[[0m thiserror-impl v2.0.18
native-profile	Install the pinned header-contract generator outside measured targets	2026-10-08T18:14:01.4405153Z ^[[1m^[[92m   Compiling^[[0m gix-error v0.2.4
native-profile	Install the pinned header-contract generator outside measured targets	2026-10-08T18:14:01.7524851Z ^[[1m^[[92m   Compiling^[[0m linux-raw-sys v0.12.1
native-profile	Install the pinned header-contract generator outside measured targets	2026-10-08T18:14:01.7614371Z ^[[1m^[[92m   Compiling^[[0m faster-hex v0.10.0
native-profile	Install the pinned header-contract generator outside measured targets	2026-10-08T18:14:01.8576721Z ^[[1m^[[92m   Compiling^[[0m sha1 v0.10.6
native-profile	Install the pinned header-contract generator outside measured targets	2026-10-08T18:14:02.0334668Z ^[[1m^[[92m   Compiling^[[0m jiff v0.2.28
native-profile	Install the pinned header-contract generator outside measured targets	2026-10-08T18:14:02.2280982Z ^[[1m^[[92m   Compiling^[[0m allocator-api2 v0.2.21
native-profile	Install the pinned header-contract generator outside measured targets	2026-10-08T18:14:02.3114656Z ^[[1m^[[92m   Compiling^[[0m vcpkg v0.2.15
native-profile	Install the pinned header-contract generator outside measured targets	2026-10-08T18:14:02.4590739Z ^[[1m^[[92m   Compiling^[[0m sha1-checked v0.10.0
native-profile	Install the pinned header-contract generator outside measured targets	2026-10-08T18:14:02.8084526Z ^[[1m^[[92m   Compiling^[[0m hashbrown v0.16.1
native-profile	Install the pinned header-contract generator outside measured targets	2026-10-08T18:14:03.0724769Z ^[[1m^[[92m   Compiling^[[0m rand_core v0.10.1
native-profile	Install the pinned header-contract generator outside measured targets	2026-10-08T18:14:03.2734803Z ^[[1m^[[92m   Compiling^[[0m getrandom v0.4.2
native-profile	Install the pinned header-contract generator outside measured targets	2026-10-08T18:14:03.3264886Z ^[[1m^[[92m   Compiling^[[0m gix-path v0.11.3
native-profile	Install the pinned header-contract generator outside measured targets	2026-10-08T18:14:03.5024520Z ^[[1m^[[92m   Compiling^[[0m winnow v0.7.15
native-profile	Install the pinned header-contract generator outside measured targets	2026-10-08T18:14:03.9044603Z ^[[1m^[[92m   Compiling^[[0m gix-features v0.46.2
native-profile	Install the pinned header-contract generator outside measured targets	2026-10-08T18:14:04.2614499Z ^[[1m^[[92m   Compiling^[[0m synstructure v0.13.2
native-profile	Install the pinned header-contract generator outside measured targets	2026-10-08T18:14:04.2847270Z ^[[1m^[[92m   Compiling^[[0m memmap2 v0.9.10
native-profile	Install the pinned header-contract generator outside measured targets	2026-10-08T18:14:04.6446658Z ^[[1m^[[92m   Compiling^[[0m gix-hash v0.23.0
native-profile	Install the pinned header-contract generator outside measured targets	2026-10-08T18:14:04.7424547Z ^[[1m^[[92m   Compiling^[[0m openssl-sys v0.9.116
native-profile	Install the pinned header-contract generator outside measured targets	2026-10-08T18:14:05.2624533Z ^[[1m^[[92m   Compiling^[[0m gix-hashtable v0.13.0
native-profile	Install the pinned header-contract generator outside measured targets	2026-10-08T18:14:05.3617223Z ^[[1m^[[92m   Compiling^[[0m zerofrom-derive v0.1.7
native-profile	Install the pinned header-contract generator outside measured targets	2026-10-08T18:14:05.3795254Z ^[[1m^[[92m   Compiling^[[0m yoke-derive v0.8.2
native-profile	Install the pinned header-contract generator outside measured targets	2026-10-08T18:14:05.5974594Z ^[[1m^[[92m   Compiling^[[0m libz-sys v1.1.29
native-profile	Install the pinned header-contract generator outside measured targets	2026-10-08T18:14:05.8774754Z ^[[1m^[[92m   Compiling^[[0m hashbrown v0.14.5
native-profile	Install the pinned header-contract generator outside measured targets	2026-10-08T18:14:06.1202398Z ^[[1m^[[92m   Compiling^[[0m tempfile v3.27.0
native-profile	Install the pinned header-contract generator outside measured targets	2026-10-08T18:14:06.8875875Z ^[[1m^[[92m   Compiling^[[0m zerofrom v0.1.8
native-profile	Install the pinned header-contract generator outside measured targets	2026-10-08T18:14:07.1094544Z ^[[1m^[[92m   Compiling^[[0m yoke v0.8.2
native-profile	Install the pinned header-contract generator outside measured targets	2026-10-08T18:14:07.1466114Z ^[[1m^[[92m   Compiling^[[0m gix-fs v0.19.2
native-profile	Install the pinned header-contract generator outside measured targets	2026-10-08T18:14:07.2504732Z ^[[1m^[[92m   Compiling^[[0m dashmap v6.2.1
native-profile	Install the pinned header-contract generator outside measured targets	2026-10-08T18:14:07.2975427Z ^[[1m^[[92m   Compiling^[[0m gix-chunk v0.7.2
native-profile	Install the pinned header-contract generator outside measured targets	2026-10-08T18:14:07.3167075Z ^[[1m^[[92m   Compiling^[[0m gix-quote v0.7.2
native-profile	Install the pinned header-contract generator outside measured targets	2026-10-08T18:14:07.4264695Z ^[[1m^[[92m   Compiling^[[0m zerovec-derive v0.11.3
native-profile	Install the pinned header-contract generator outside measured targets	2026-10-08T18:14:07.7124777Z ^[[1m^[[92m   Compiling^[[0m nonempty v0.12.0
native-profile	Install the pinned header-contract generator outside measured targets	2026-10-08T18:14:07.8494550Z ^[[1m^[[92m   Compiling^[[0m displaydoc v0.2.6
native-profile	Install the pinned header-contract generator outside measured targets	2026-10-08T18:14:07.8964693Z ^[[1m^[[92m   Compiling^[[0m percent-encoding v2.3.2
native-profile	Install the pinned header-contract generator outside measured targets	2026-10-08T18:14:07.9244680Z ^[[1m^[[92m   Compiling^[[0m gix-commitgraph v0.35.0
native-profile	Install the pinned header-contract generator outside measured targets	2026-10-08T18:14:08.2524713Z ^[[1m^[[92m   Compiling^[[0m gix-date v0.15.4
native-profile	Install the pinned header-contract generator outside measured targets	2026-10-08T18:14:08.4697201Z ^[[1m^[[92m   Compiling^[[0m gix-tempfile v21.0.2
native-profile	Install the pinned header-contract generator outside measured targets	2026-10-08T18:14:08.6653801Z ^[[1m^[[92m   Compiling^[[0m gix-actor v0.40.0
native-profile	Install the pinned header-contract generator outside measured targets	2026-10-08T18:14:08.7115888Z ^[[1m^[[92m   Compiling^[[0m zerovec v0.11.6
native-profile	Install the pinned header-contract generator outside measured targets	2026-10-08T18:14:08.7914575Z ^[[1m^[[92m   Compiling^[[0m gix-glob v0.24.0
native-profile	Install the pinned header-contract generator outside measured targets	2026-10-08T18:14:09.2055015Z ^[[1m^[[92m   Compiling^[[0m gix-object v0.58.0
native-profile	Install the pinned header-contract generator outside measured targets	2026-10-08T18:14:09.3624778Z ^[[1m^[[92m   Compiling^[[0m gix-lock v21.0.2
native-profile	Install the pinned header-contract generator outside measured targets	2026-10-08T18:14:10.0114825Z ^[[1m^[[92m   Compiling^[[0m libnghttp2-sys v0.1.13+1.68.1
native-profile	Install the pinned header-contract generator outside measured targets	2026-10-08T18:14:10.1924611Z ^[[1m^[[92m   Compiling^[[0m getrandom v0.2.17
native-profile	Install the pinned header-contract generator outside measured targets	2026-10-08T18:14:10.3234598Z ^[[1m^[[92m   Compiling^[[0m tinystr v0.8.3
native-profile	Install the pinned header-contract generator outside measured targets	2026-10-08T18:14:10.3764535Z ^[[1m^[[92m   Compiling^[[0m rand_core v0.6.4
native-profile	Install the pinned header-contract generator outside measured targets	2026-10-08T18:14:10.3854564Z ^[[1m^[[92m   Compiling^[[0m gix-config-value v0.17.2
native-profile	Install the pinned header-contract generator outside measured targets	2026-10-08T18:14:10.5164589Z ^[[1m^[[92m   Compiling^[[0m serde v1.0.228
native-profile	Install the pinned header-contract generator outside measured targets	2026-10-08T18:14:10.6444925Z ^[[1m^[[92m   Compiling^[[0m litemap v0.8.2
native-profile	Install the pinned header-contract generator outside measured targets	2026-10-08T18:14:10.7376337Z ^[[1m^[[92m   Compiling^[[0m writeable v0.6.3
native-profile	Install the pinned header-contract generator outside measured targets	2026-10-08T18:14:10.7974805Z ^[[1m^[[92m   Compiling^[[0m unicode-bom v2.0.3
native-profile	Install the pinned header-contract generator outside measured targets	2026-10-08T18:14:10.9370219Z ^[[1m^[[92m   Compiling^[[0m gix-revwalk v0.29.0
native-profile	Install the pinned header-contract generator outside measured targets	2026-10-08T18:14:10.9454474Z ^[[1m^[[92m   Compiling^[[0m zmij v1.0.21
native-profile	Install the pinned header-contract generator outside measured targets	2026-10-08T18:14:11.1564748Z ^[[1m^[[92m   Compiling^[[0m icu_locale_core v2.2.0
native-profile	Install the pinned header-contract generator outside measured targets	2026-10-08T18:14:11.3474572Z ^[[1m^[[92m   Compiling^[[0m potential_utf v0.1.5
native-profile	Install the pinned header-contract generator outside measured targets	2026-10-08T18:14:11.3905587Z ^[[1m^[[92m   Compiling^[[0m zerotrie v0.2.4
native-profile	Install the pinned header-contract generator outside measured targets	2026-10-08T18:14:11.9274593Z ^[[1m^[[92m   Compiling^[[0m serde_derive v1.0.228
native-profile	Install the pinned header-contract generator outside measured targets	2026-10-08T18:14:12.0434636Z ^[[1m^[[92m   Compiling^[[0m curl-sys v0.4.88+curl-8.20.0
native-profile	Install the pinned header-contract generator outside measured targets	2026-10-08T18:14:12.1614518Z ^[[1m^[[92m   Compiling^[[0m autocfg v1.5.1
native-profile	Install the pinned header-contract generator outside measured targets	2026-10-08T18:14:12.3384575Z ^[[1m^[[92m   Compiling^[[0m icu_properties_data v2.2.0
native-profile	Install the pinned header-contract generator outside measured targets	2026-10-08T18:14:12.4894732Z ^[[1m^[[92m   Compiling^[[0m base64ct v1.8.3
native-profile	Install the pinned header-contract generator outside measured targets	2026-10-08T18:14:12.7464590Z ^[[1m^[[92m   Compiling^[[0m serde_json v1.0.150
native-profile	Install the pinned header-contract generator outside measured targets	2026-10-08T18:14:12.9091378Z ^[[1m^[[92m   Compiling^[[0m icu_normalizer_data v2.2.0
native-profile	Install the pinned header-contract generator outside measured targets	2026-10-08T18:14:13.0154477Z ^[[1m^[[92m   Compiling^[[0m utf8_iter v1.0.4
native-profile	Install the pinned header-contract generator outside measured targets	2026-10-08T18:14:13.0784842Z ^[[1m^[[92m   Compiling^[[0m log v0.4.30
native-profile	Install the pinned header-contract generator outside measured targets	2026-10-08T18:14:13.1404604Z ^[[1m^[[92m   Compiling^[[0m static_assertions v1.1.0
native-profile	Install the pinned header-contract generator outside measured targets	2026-10-08T18:14:13.2034524Z ^[[1m^[[92m   Compiling^[[0m kstring v2.0.2
native-profile	Install the pinned header-contract generator outside measured targets	2026-10-08T18:14:13.4004565Z ^[[1m^[[92m   Compiling^[[0m icu_collections v2.2.0
native-profile	Install the pinned header-contract generator outside measured targets	2026-10-08T18:14:13.5264519Z ^[[1m^[[92m   Compiling^[[0m pem-rfc7468 v0.7.0
native-profile	Install the pinned header-contract generator outside measured targets	2026-10-08T18:14:14.3990442Z ^[[1m^[[92m   Compiling^[[0m icu_provider v2.2.0
native-profile	Install the pinned header-contract generator outside measured targets	2026-10-08T18:14:14.7234430Z ^[[1m^[[92m   Compiling^[[0m gix-sec v0.13.3
native-profile	Install the pinned header-contract generator outside measured targets	2026-10-08T18:14:14.9754691Z ^[[1m^[[92m   Compiling^[[0m shell-words v1.1.1
native-profile	Install the pinned header-contract generator outside measured targets	2026-10-08T18:14:15.2214352Z ^[[1m^[[92m   Compiling^[[0m gix-command v0.8.1
native-profile	Install the pinned header-contract generator outside measured targets	2026-10-08T18:14:15.5449519Z ^[[1m^[[92m   Compiling^[[0m der v0.7.10
native-profile	Install the pinned header-contract generator outside measured targets	2026-10-08T18:14:15.6330965Z ^[[1m^[[92m   Compiling^[[0m gix-attributes v0.31.0
native-profile	Install the pinned header-contract generator outside measured targets	2026-10-08T18:14:16.1390254Z ^[[1m^[[92m   Compiling^[[0m filetime v0.2.29
native-profile	Install the pinned header-contract generator outside measured targets	2026-10-08T18:14:16.4514763Z ^[[1m^[[92m   Compiling^[[0m pin-project-lite v0.2.17
native-profile	Install the pinned header-contract generator outside measured targets	2026-10-08T18:14:16.5413300Z ^[[1m^[[92m   Compiling^[[0m icu_normalizer v2.2.0
native-profile	Install the pinned header-contract generator outside measured targets	2026-10-08T18:14:17.5334450Z ^[[1m^[[92m   Compiling^[[0m spki v0.7.3
native-profile	Install the pinned header-contract generator outside measured targets	2026-10-08T18:14:17.8654947Z ^[[1m^[[92m   Compiling^[[0m icu_properties v2.2.0
native-profile	Install the pinned header-contract generator outside measured targets	2026-10-08T18:14:18.5974585Z ^[[1m^[[92m   Compiling^[[0m gix-ref v0.61.0
native-profile	Install the pinned header-contract generator outside measured targets	2026-10-08T18:14:19.6384959Z ^[[1m^[[92m   Compiling^[[0m libssh2-sys v0.3.1
native-profile	Install the pinned header-contract generator outside measured targets	2026-10-08T18:14:19.6614600Z ^[[1m^[[92m   Compiling^[[0m hashbrown v0.17.1
native-profile	Install the pinned header-contract generator outside measured targets	2026-10-08T18:14:20.0002007Z ^[[1m^[[92m   Compiling^[[0m hmac v0.12.1
native-profile	Install the pinned header-contract generator outside measured targets	2026-10-08T18:14:20.0195481Z ^[[1m^[[92m   Compiling^[[0m hybrid-array v0.4.12
native-profile	Install the pinned header-contract generator outside measured targets	2026-10-08T18:14:20.2380872Z ^[[1m^[[92m   Compiling^[[0m openssl-probe v0.1.6
native-profile	Install the pinned header-contract generator outside measured targets	2026-10-08T18:14:20.2694685Z ^[[1m^[[92m   Compiling^[[0m curl v0.4.49
native-profile	Install the pinned header-contract generator outside measured targets	2026-10-08T18:14:20.6064731Z ^[[1m^[[92m   Compiling^[[0m idna_adapter v1.2.2
native-profile	Install the pinned header-contract generator outside measured targets	2026-10-08T18:14:20.7605037Z ^[[1m^[[92m   Compiling^[[0m pkcs8 v0.10.2
native-profile	Install the pinned header-contract generator outside measured targets	2026-10-08T18:14:21.0704530Z ^[[1m^[[92m   Compiling^[[0m indexmap v2.14.0
native-profile	Install the pinned header-contract generator outside measured targets	2026-10-08T18:14:21.0824776Z ^[[1m^[[92m   Compiling^[[0m gix-traverse v0.55.0
native-profile	Install the pinned header-contract generator outside measured targets	2026-10-08T18:14:21.1253471Z ^[[1m^[[92m   Compiling^[[0m ff v0.13.1
native-profile	Install the pinned header-contract generator outside measured targets	2026-10-08T18:14:21.3404907Z ^[[1m^[[92m   Compiling^[[0m gix-packetline v0.21.4
native-profile	Install the pinned header-contract generator outside measured targets	2026-10-08T18:14:21.5980441Z ^[[1m^[[92m   Compiling^[[0m gix-bitmap v0.3.2
native-profile	Install the pinned header-contract generator outside measured targets	2026-10-08T18:14:21.6384712Z ^[[1m^[[92m   Compiling^[[0m socket2 v0.6.4
native-profile	Install the pinned header-contract generator outside measured targets	2026-10-08T18:14:21.8794614Z ^[[1m^[[92m   Compiling^[[0m tracing-core v0.1.36
native-profile	Install the pinned header-contract generator outside measured targets	2026-10-08T18:14:21.9184569Z ^[[1m^[[92m   Compiling^[[0m utf8parse v0.2.2
native-profile	Install the pinned header-contract generator outside measured targets	2026-10-08T18:14:22.0094797Z ^[[1m^[[92m   Compiling^[[0m anyhow v1.0.102
native-profile	Install the pinned header-contract generator outside measured targets	2026-10-08T18:14:22.1426095Z ^[[1m^[[92m   Compiling^[[0m cpufeatures v0.3.0
native-profile	Install the pinned header-contract generator outside measured targets	2026-10-08T18:14:22.2070740Z ^[[1m^[[92m   Compiling^[[0m cmov v0.5.4
native-profile	Install the pinned header-contract generator outside measured targets	2026-10-08T18:14:22.3204566Z ^[[1m^[[92m   Compiling^[[0m winnow v1.0.3
native-profile	Install the pinned header-contract generator outside measured targets	2026-10-08T18:14:22.4174580Z ^[[1m^[[92m   Compiling^[[0m base16ct v0.2.0
native-profile	Install the pinned header-contract generator outside measured targets	2026-10-08T18:14:22.5171022Z ^[[1m^[[92m   Compiling^[[0m anstyle v1.0.14
native-profile	Install the pinned header-contract generator outside measured targets	2026-10-08T18:14:22.5394695Z ^[[1m^[[92m   Compiling^[[0m fnv v1.0.7
native-profile	Install the pinned header-contract generator outside measured targets	2026-10-08T18:14:22.5904592Z ^[[1m^[[92m   Compiling^[[0m sec1 v0.7.3
native-profile	Install the pinned header-contract generator outside measured targets	2026-10-08T18:14:22.7114545Z ^[[1m^[[92m   Compiling^[[0m gix-index v0.49.0
native-profile	Install the pinned header-contract generator outside measured targets	2026-10-08T18:14:22.7504445Z ^[[1m^[[92m   Compiling^[[0m ctutils v0.4.2
native-profile	Install the pinned header-contract generator outside measured targets	2026-10-08T18:14:23.0884673Z ^[[1m^[[92m   Compiling^[[0m anstyle-parse v1.0.0
native-profile	Install the pinned header-contract generator outside measured targets	2026-10-08T18:14:23.1674631Z ^[[1m^[[92m   Compiling^[[0m group v0.13.0
native-profile	Install the pinned header-contract generator outside measured targets	2026-10-08T18:14:23.3601402Z ^[[1m^[[92m   Compiling^[[0m crypto-common v0.2.2
native-profile	Install the pinned header-contract generator outside measured targets	2026-10-08T18:14:23.4134658Z ^[[1m^[[92m   Compiling^[[0m block-buffer v0.12.0
native-profile	Install the pinned header-contract generator outside measured targets	2026-10-08T18:14:23.6084513Z ^[[1m^[[92m   Compiling^[[0m idna v1.1.0
native-profile	Install the pinned header-contract generator outside measured targets	2026-10-08T18:14:23.7584482Z ^[[1m^[[92m   Compiling^[[0m hkdf v0.12.4
native-profile	Install the pinned header-contract generator outside measured targets	2026-10-08T18:14:23.9529239Z ^[[1m^[[92m   Compiling^[[0m gix-pathspec v0.16.1
native-profile	Install the pinned header-contract generator outside measured targets	2026-10-08T18:14:25.1344831Z ^[[1m^[[92m   Compiling^[[0m toml_parser v1.1.2+spec-1.1.0
native-profile	Install the pinned header-contract generator outside measured targets	2026-10-08T18:14:25.2165248Z ^[[1m^[[92m   Compiling^[[0m num-traits v0.2.19
native-profile	Install the pinned header-contract generator outside measured targets	2026-10-08T18:14:25.3685057Z ^[[1m^[[92m   Compiling^[[0m gix-ignore v0.19.1
native-profile	Install the pinned header-contract generator outside measured targets	2026-10-08T18:14:26.0294687Z ^[[1m^[[92m   Compiling^[[0m crypto-bigint v0.5.5
native-profile	Install the pinned header-contract generator outside measured targets	2026-10-08T18:14:27.0224980Z ^[[1m^[[92m   Compiling^[[0m gix-url v0.35.3
native-profile	Install the pinned header-contract generator outside measured targets	2026-10-08T18:14:27.1274548Z ^[[1m^[[92m   Compiling^[[0m form_urlencoded v1.2.2
native-profile	Install the pinned header-contract generator outside measured targets	2026-10-08T18:14:27.3614394Z ^[[1m^[[92m   Compiling^[[0m tracing-attributes v0.1.31
native-profile	Install the pinned header-contract generator outside measured targets	2026-10-08T18:14:27.3944541Z ^[[1m^[[92m   Compiling^[[0m libgit2-sys v0.18.5+1.9.4
native-profile	Install the pinned header-contract generator outside measured targets	2026-10-08T18:14:27.7805816Z ^[[1m^[[92m   Compiling^[[0m serde_spanned v1.1.1
native-profile	Install the pinned header-contract generator outside measured targets	2026-10-08T18:14:27.8114459Z ^[[1m^[[92m   Compiling^[[0m rustversion v1.0.22
native-profile	Install the pinned header-contract generator outside measured targets	2026-10-08T18:14:27.9604885Z ^[[1m^[[92m   Compiling^[[0m colorchoice v1.0.5
native-profile	Install the pinned header-contract generator outside measured targets	2026-10-08T18:14:28.1464551Z ^[[1m^[[92m   Compiling^[[0m foldhash v0.1.5
native-profile	Install the pinned header-contract generator outside measured targets	2026-10-08T18:14:28.1654539Z ^[[1m^[[92m   Compiling^[[0m anstyle-query v1.1.5
native-profile	Install the pinned header-contract generator outside measured targets	2026-10-08T18:14:28.2562738Z ^[[1m^[[92m   Compiling^[[0m powerfmt v0.2.0
native-profile	Install the pinned header-contract generator outside measured targets	2026-10-08T18:14:28.3364517Z ^[[1m^[[92m   Compiling^[[0m const-oid v0.10.2
native-profile	Install the pinned header-contract generator outside measured targets	2026-10-08T18:14:28.6062633Z ^[[1m^[[92m   Compiling^[[0m is_terminal_polyfill v1.70.2
native-profile	Install the pinned header-contract generator outside measured targets	2026-10-08T18:14:28.6545500Z ^[[1m^[[92m   Compiling^[[0m typeid v1.0.3
native-profile	Install the pinned header-contract generator outside measured targets	2026-10-08T18:14:28.6685701Z ^[[1m^[[92m   Compiling^[[0m tracing v0.1.44
native-profile	Install the pinned header-contract generator outside measured targets	2026-10-08T18:14:28.6851172Z ^[[1m^[[92m   Compiling^[[0m anstream v1.0.0
native-profile	Install the pinned header-contract generator outside measured targets	2026-10-08T18:14:28.8654869Z ^[[1m^[[92m   Compiling^[[0m digest v0.11.3
native-profile	Install the pinned header-contract generator outside measured targets	2026-10-08T18:14:28.9972994Z ^[[1m^[[92m   Compiling^[[0m deranged v0.5.8
native-profile	Install the pinned header-contract generator outside measured targets	2026-10-08T18:14:29.1234561Z ^[[1m^[[92m   Compiling^[[0m hashbrown v0.15.5
native-profile	Install the pinned header-contract generator outside measured targets	2026-10-08T18:14:29.1944729Z ^[[1m^[[92m   Compiling^[[0m elliptic-curve v0.13.8
native-profile	Install the pinned header-contract generator outside measured targets	2026-10-08T18:14:29.2314430Z ^[[1m^[[92m   Compiling^[[0m url v2.5.8
native-profile	Install the pinned header-contract generator outside measured targets	2026-10-08T18:14:29.4634952Z ^[[1m^[[92m   Compiling^[[0m gix-worktree v0.50.0
native-profile	Install the pinned header-contract generator outside measured targets	2026-10-08T18:14:29.7684628Z ^[[1m^[[92m   Compiling^[[0m gix-prompt v0.14.2
native-profile	Install the pinned header-contract generator outside measured targets	2026-10-08T18:14:30.5115218Z ^[[1m^[[92m   Compiling^[[0m gix-revision v0.43.0
native-profile	Install the pinned header-contract generator outside measured targets	2026-10-08T18:14:30.5766326Z ^[[1m^[[92m   Compiling^[[0m encoding_rs v0.8.35
native-profile	Install the pinned header-contract generator outside measured targets	2026-10-08T18:14:30.6214723Z ^[[1m^[[92m   Compiling^[[0m time-core v0.1.8
native-profile	Install the pinned header-contract generator outside measured targets	2026-10-08T18:14:30.7154600Z ^[[1m^[[92m   Compiling^[[0m futures-core v0.3.32
native-profile	Install the pinned header-contract generator outside measured targets	2026-10-08T18:14:30.8554871Z ^[[1m^[[92m   Compiling^[[0m futures-sink v0.3.32
native-profile	Install the pinned header-contract generator outside measured targets	2026-10-08T18:14:30.8707099Z ^[[1m^[[92m   Compiling^[[0m num-conv v0.2.2
native-profile	Install the pinned header-contract generator outside measured targets	2026-10-08T18:14:30.8944839Z ^[[1m^[[92m   Compiling^[[0m erased-serde v0.4.10
native-profile	Install the pinned header-contract generator outside measured targets	2026-10-08T18:14:31.0124526Z ^[[1m^[[92m   Compiling^[[0m cfg_aliases v0.2.1
native-profile	Install the pinned header-contract generator outside measured targets	2026-10-08T18:14:31.0674645Z ^[[1m^[[92m   Compiling^[[0m nix v0.31.3
native-profile	Install the pinned header-contract generator outside measured targets	2026-10-08T18:14:31.0914554Z ^[[1m^[[92m   Compiling^[[0m time v0.3.47
native-profile	Install the pinned header-contract generator outside measured targets	2026-10-08T18:14:31.3184601Z ^[[1m^[[92m   Compiling^[[0m gix-refspec v0.39.0
native-profile	Install the pinned header-contract generator outside measured targets	2026-10-08T18:14:31.3564630Z ^[[1m^[[92m   Compiling^[[0m futures-channel v0.3.32
native-profile	Install the pinned header-contract generator outside measured targets	2026-10-08T18:14:31.4344687Z ^[[1m^[[92m   Compiling^[[0m imara-diff v0.1.8
native-profile	Install the pinned header-contract generator outside measured targets	2026-10-08T18:14:31.5454640Z ^[[1m^[[92m   Compiling^[[0m gix-credentials v0.37.2
native-profile	Install the pinned header-contract generator outside measured targets	2026-10-08T18:14:33.2814577Z ^[[1m^[[92m   Compiling^[[0m gix-filter v0.28.0
native-profile	Install the pinned header-contract generator outside measured targets	2026-10-08T18:14:33.5714755Z ^[[1m^[[92m   Compiling^[[0m gix-discover v0.49.0
native-profile	Install the pinned header-contract generator outside measured targets	2026-10-08T18:14:33.6084604Z ^[[1m^[[92m   Compiling^[[0m rfc6979 v0.4.0
native-profile	Install the pinned header-contract generator outside measured targets	2026-10-08T18:14:33.7234535Z ^[[1m^[[92m   Compiling^[[0m signature v2.2.0
native-profile	Install the pinned header-contract generator outside measured targets	2026-10-08T18:14:33.8874856Z ^[[1m^[[92m   Compiling^[[0m terminal_size v0.4.4
native-profile	Install the pinned header-contract generator outside measured targets	2026-10-08T18:14:34.0114686Z ^[[1m^[[92m   Compiling^[[0m clru v0.6.3
native-profile	Install the pinned header-contract generator outside measured targets	2026-10-08T18:14:34.4324745Z ^[[1m^[[92m   Compiling^[[0m libsqlite3-sys v0.37.0
native-profile	Install the pinned header-contract generator outside measured targets	2026-10-08T18:14:34.7374597Z ^[[1m^[[92m   Compiling^[[0m crossbeam-epoch v0.9.18
native-profile	Install the pinned header-contract generator outside measured targets	2026-10-08T18:14:34.7464453Z ^[[1m^[[92m   Compiling^[[0m toml_datetime v1.1.1+spec-1.1.0
native-profile	Install the pinned header-contract generator outside measured targets	2026-10-08T18:14:35.1797922Z ^[[1m^[[92m   Compiling^[[0m toml_writer v1.1.1+spec-1.1.0
native-profile	Install the pinned header-contract generator outside measured targets	2026-10-08T18:14:35.2714575Z ^[[1m^[[92m   Compiling^[[0m minimal-lexical v0.2.1
native-profile	Install the pinned header-contract generator outside measured targets	2026-10-08T18:14:35.5124722Z ^[[1m^[[92m   Compiling^[[0m heck v0.5.0
native-profile	Install the pinned header-contract generator outside measured targets	2026-10-08T18:14:35.7634936Z ^[[1m^[[92m   Compiling^[[0m futures-task v0.3.32
native-profile	Install the pinned header-contract generator outside measured targets	2026-10-08T18:14:35.9524821Z ^[[1m^[[92m   Compiling^[[0m object v0.37.3
native-profile	Install the pinned header-contract generator outside measured targets	2026-10-08T18:14:36.1574897Z ^[[1m^[[92m   Compiling^[[0m lazy_static v1.5.0
native-profile	Install the pinned header-contract generator outside measured targets	2026-10-08T18:14:36.2434582Z ^[[1m^[[92m   Compiling^[[0m clap_lex v1.1.0
native-profile	Install the pinned header-contract generator outside measured targets	2026-10-08T18:14:36.4065028Z ^[[1m^[[92m   Compiling^[[0m strsim v0.11.1
native-profile	Install the pinned header-contract generator outside measured targets	2026-10-08T18:14:36.5924545Z ^[[1m^[[92m   Compiling^[[0m base64 v0.22.1
native-profile	Install the pinned header-contract generator outside measured targets	2026-10-08T18:14:36.6094512Z ^[[1m^[[92m   Compiling^[[0m futures-io v0.3.32
native-profile	Install the pinned header-contract generator outside measured targets	2026-10-08T18:14:36.8544493Z ^[[1m^[[92m   Compiling^[[0m slab v0.4.12
native-profile	Install the pinned header-contract generator outside measured targets	2026-10-08T18:14:37.0834502Z ^[[1m^[[92m   Compiling^[[0m futures-util v0.3.32
native-profile	Install the pinned header-contract generator outside measured targets	2026-10-08T18:14:37.4124566Z ^[[1m^[[92m   Compiling^[[0m clap_builder v4.6.0
native-profile	Install the pinned header-contract generator outside measured targets	2026-10-08T18:14:37.7264522Z ^[[1m^[[92m   Compiling^[[0m nom v7.1.3
native-profile	Install the pinned header-contract generator outside measured targets	2026-10-08T18:14:37.8544659Z ^[[1m^[[92m   Compiling^[[0m sharded-slab v0.1.7
native-profile	Install the pinned header-contract generator outside measured targets	2026-10-08T18:14:38.6524720Z ^[[1m^[[92m   Compiling^[[0m clap_derive v4.6.1
native-profile	Install the pinned header-contract generator outside measured targets	2026-10-08T18:14:39.1324536Z ^[[1m^[[92m   Compiling^[[0m flate2 v1.1.9
native-profile	Install the pinned header-contract generator outside measured targets	2026-10-08T18:14:39.8014796Z ^[[1m^[[92m   Compiling^[[0m crossbeam-deque v0.8.6
native-profile	Install the pinned header-contract generator outside measured targets	2026-10-08T18:14:40.2704556Z ^[[1m^[[92m   Compiling^[[0m gix-pack v0.68.0
native-profile	Install the pinned header-contract generator outside measured targets	2026-10-08T18:14:41.4185309Z ^[[1m^[[92m   Compiling^[[0m gix-dir v0.23.0
native-profile	Install the pinned header-contract generator outside measured targets	2026-10-08T18:14:41.6322959Z ^[[1m^[[92m   Compiling^[[0m gix-diff v0.61.0
native-profile	Install the pinned header-contract generator outside measured targets	2026-10-08T18:14:42.4474552Z ^[[1m^[[92m   Compiling^[[0m ecdsa v0.16.9
native-profile	Install the pinned header-contract generator outside measured targets	2026-10-08T18:14:43.6595004Z ^[[1m^[[92m   Compiling^[[0m ordered-float v2.10.1
native-profile	Install the pinned header-contract generator outside measured targets	2026-10-08T18:14:43.9704684Z ^[[1m^[[92m   Compiling^[[0m arc-swap v1.9.1
native-profile	Install the pinned header-contract generator outside measured targets	2026-10-08T18:14:44.4092572Z ^[[1m^[[92m   Compiling^[[0m tar v0.4.46
native-profile	Install the pinned header-contract generator outside measured targets	2026-10-08T18:14:44.6714607Z ^[[1m^[[92m   Compiling^[[0m primeorder v0.13.6
native-profile	Install the pinned header-contract generator outside measured targets	2026-10-08T18:14:45.0394721Z ^[[1m^[[92m   Compiling^[[0m tracing-log v0.2.0
native-profile	Install the pinned header-contract generator outside measured targets	2026-10-08T18:14:45.4392269Z ^[[1m^[[92m   Compiling^[[0m gix-config v0.54.0
native-profile	Install the pinned header-contract generator outside measured targets	2026-10-08T18:14:45.4784772Z ^[[1m^[[92m   Compiling^[[0m globset v0.4.18
native-profile	Install the pinned header-contract generator outside measured targets	2026-10-08T18:14:47.8094568Z ^[[1m^[[92m   Compiling^[[0m memoffset v0.9.1
native-profile	Install the pinned header-contract generator outside measured targets	2026-10-08T18:14:47.9784779Z ^[[1m^[[92m   Compiling^[[0m gix-negotiate v0.29.0
native-profile	Install the pinned header-contract generator outside measured targets	2026-10-08T18:14:49.3894629Z ^[[1m^[[92m   Compiling^[[0m gix-shallow v0.10.0
native-profile	Install the pinned header-contract generator outside measured targets	2026-10-08T18:14:50.2374769Z ^[[1m^[[92m   Compiling^[[0m maybe-async v0.2.11
native-profile	Install the pinned header-contract generator outside measured targets	2026-10-08T18:14:50.8841794Z ^[[1m^[[92m   Compiling^[[0m matchers v0.2.0
native-profile	Install the pinned header-contract generator outside measured targets	2026-10-08T18:14:50.9024510Z ^[[1m^[[92m   Compiling^[[0m sha2 v0.10.9
native-profile	Install the pinned header-contract generator outside measured targets	2026-10-08T18:14:51.0434534Z ^[[1m^[[92m   Compiling^[[0m blake3 v1.8.5
native-profile	Install the pinned header-contract generator outside measured targets	2026-10-08T18:14:51.2934817Z ^[[1m^[[92m   Compiling^[[0m bitmaps v2.1.0
native-profile	Install the pinned header-contract generator outside measured targets	2026-10-08T18:14:52.5294589Z ^[[1m^[[92m   Compiling^[[0m im-rc v15.1.0
native-profile	Install the pinned header-contract generator outside measured targets	2026-10-08T18:14:52.7034412Z ^[[1m^[[92m   Compiling^[[0m thread_local v1.1.9
native-profile	Install the pinned header-contract generator outside measured targets	2026-10-08T18:14:52.9194566Z ^[[1m^[[92m   Compiling^[[0m unicode-width v0.2.2
native-profile	Install the pinned header-contract generator outside measured targets	2026-10-08T18:14:53.1874725Z ^[[1m^[[92m   Compiling^[[0m fiat-crypto v0.3.0
native-profile	Install the pinned header-contract generator outside measured targets	2026-10-08T18:14:53.2127933Z ^[[1m^[[92m   Compiling^[[0m nu-ansi-term v0.50.3
native-profile	Install the pinned header-contract generator outside measured targets	2026-10-08T18:14:53.9254480Z ^[[1m^[[92m   Compiling^[[0m object v0.39.1
native-profile	Install the pinned header-contract generator outside measured targets	2026-10-08T18:14:54.0674788Z ^[[1m^[[92m   Compiling^[[0m tracing-subscriber v0.3.23
native-profile	Install the pinned header-contract generator outside measured targets	2026-10-08T18:14:54.1292251Z ^[[1m^[[92m   Compiling^[[0m annotate-snippets v0.12.16
native-profile	Install the pinned header-contract generator outside measured targets	2026-10-08T18:14:55.3124682Z ^[[1m^[[92m   Compiling^[[0m sized-chunks v0.6.5
native-profile	Install the pinned header-contract generator outside measured targets	2026-10-08T18:14:56.1111775Z ^[[1m^[[92m   Compiling^[[0m p384 v0.13.1
native-profile	Install the pinned header-contract generator outside measured targets	2026-10-08T18:14:56.7945420Z ^[[1m^[[92m   Compiling^[[0m gix-submodule v0.28.0
native-profile	Install the pinned header-contract generator outside measured targets	2026-10-08T18:14:59.7984857Z ^[[1m^[[92m   Compiling^[[0m ignore v0.4.25
native-profile	Install the pinned header-contract generator outside measured targets	2026-10-08T18:15:00.7837617Z ^[[1m^[[92m   Compiling^[[0m cargo v0.97.1
native-profile	Install the pinned header-contract generator outside measured targets	2026-10-08T18:15:01.2324722Z ^[[1m^[[92m   Compiling^[[0m serde-untagged v0.1.9
native-profile	Install the pinned header-contract generator outside measured targets	2026-10-08T18:15:02.5514697Z ^[[1m^[[92m   Compiling^[[0m gix-odb v0.78.0
native-profile	Install the pinned header-contract generator outside measured targets	2026-10-08T18:15:02.8464370Z ^[[1m^[[92m   Compiling^[[0m serde-value v0.7.0
native-profile	Install the pinned header-contract generator outside measured targets	2026-10-08T18:15:03.1184547Z ^[[1m^[[92m   Compiling^[[0m orion v0.17.14
native-profile	Install the pinned header-contract generator outside measured targets	2026-10-08T18:15:03.7594517Z ^[[1m^[[92m   Compiling^[[0m gix-status v0.28.0
native-profile	Install the pinned header-contract generator outside measured targets	2026-10-08T18:15:04.2254720Z ^[[1m^[[92m   Compiling^[[0m futures-executor v0.3.32
native-profile	Install the pinned header-contract generator outside measured targets	2026-10-08T18:15:04.5285433Z ^[[1m^[[92m   Compiling^[[0m clap v4.6.1
native-profile	Install the pinned header-contract generator outside measured targets	2026-10-08T18:15:04.5994829Z ^[[1m^[[92m   Compiling^[[0m color-print-proc-macro v0.3.7
native-profile	Install the pinned header-contract generator outside measured targets	2026-10-08T18:15:07.0054528Z ^[[1m^[[92m   Compiling^[[0m toml v1.1.2+spec-1.1.0
native-profile	Install the pinned header-contract generator outside measured targets	2026-10-08T18:15:08.8874609Z ^[[1m^[[92m   Compiling^[[0m cargo-credential v0.4.10
native-profile	Install the pinned header-contract generator outside measured targets	2026-10-08T18:15:11.0184845Z ^[[1m^[[92m   Compiling^[[0m sha2 v0.11.0
native-profile	Install the pinned header-contract generator outside measured targets	2026-10-08T18:15:12.0904710Z ^[[1m^[[92m   Compiling^[[0m chacha20 v0.10.0
native-profile	Install the pinned header-contract generator outside measured targets	2026-10-08T18:15:12.3904528Z ^[[1m^[[92m   Compiling^[[0m rand_xoshiro v0.6.0
native-profile	Install the pinned header-contract generator outside measured targets	2026-10-08T18:15:12.9444794Z ^[[1m^[[92m   Compiling^[[0m anstyle-hyperlink v1.0.2
native-profile	Install the pinned header-contract generator outside measured targets	2026-10-08T18:15:13.3454570Z ^[[1m^[[92m   Compiling^[[0m ed25519-compact v2.3.0
native-profile	Install the pinned header-contract generator outside measured targets	2026-10-08T18:15:13.3734697Z ^[[1m^[[92m   Compiling^[[0m hashlink v0.11.0
native-profile	Install the pinned header-contract generator outside measured targets	2026-10-08T18:15:13.3994615Z ^[[1m^[[92m   Compiling^[[0m regex v1.12.3
native-profile	Install the pinned header-contract generator outside measured targets	2026-10-08T18:15:13.4184797Z ^[[1m^[[92m   Compiling^[[0m toml_datetime v0.7.5+spec-1.1.0
native-profile	Install the pinned header-contract generator outside measured targets	2026-10-08T18:15:13.8134977Z ^[[1m^[[92m   Compiling^[[0m semver v1.0.28
native-profile	Install the pinned header-contract generator outside measured targets	2026-10-08T18:15:14.2735231Z ^[[1m^[[92m   Compiling^[[0m libloading v0.9.0
native-profile	Install the pinned header-contract generator outside measured targets	2026-10-08T18:15:14.4844592Z ^[[1m^[[92m   Compiling^[[0m camino v1.2.2
native-profile	Install the pinned header-contract generator outside measured targets	2026-10-08T18:15:14.7084788Z ^[[1m^[[92m   Compiling^[[0m is_executable v1.0.5
native-profile	Install the pinned header-contract generator outside measured targets	2026-10-08T18:15:14.7504751Z ^[[1m^[[92m   Compiling^[[0m fallible-iterator v0.3.0
native-profile	Install the pinned header-contract generator outside measured targets	2026-10-08T18:15:14.8026400Z ^[[1m^[[92m   Compiling^[[0m shlex v1.3.0
native-profile	Install the pinned header-contract generator outside measured targets	2026-10-08T18:15:15.1445294Z ^[[1m^[[92m   Compiling^[[0m fallible-streaming-iterator v0.1.9
native-profile	Install the pinned header-contract generator outside measured targets	2026-10-08T18:15:15.1504616Z ^[[1m^[[92m   Compiling^[[0m anstyle-progress v0.1.0
native-profile	Install the pinned header-contract generator outside measured targets	2026-10-08T18:15:15.2284621Z ^[[1m^[[92m   Compiling^[[0m supports-hyperlinks v3.2.0
native-profile	Install the pinned header-contract generator outside measured targets	2026-10-08T18:15:15.3194613Z ^[[1m^[[92m   Compiling^[[0m supports-unicode v3.0.0
native-profile	Install the pinned header-contract generator outside measured targets	2026-10-08T18:15:15.3744619Z ^[[1m^[[92m   Compiling^[[0m ct-codecs v1.1.6
native-profile	Install the pinned header-contract generator outside measured targets	2026-10-08T18:15:15.4094592Z ^[[1m^[[92m   Compiling^[[0m constant_time_eq v0.4.2
native-profile	Install the pinned header-contract generator outside measured targets	2026-10-08T18:15:15.4634595Z ^[[1m^[[92m   Compiling^[[0m arrayref v0.3.9
native-profile	Install the pinned header-contract generator outside measured targets	2026-10-08T18:15:15.5464901Z ^[[1m^[[92m   Compiling^[[0m either v1.16.0
native-profile	Install the pinned header-contract generator outside measured targets	2026-10-08T18:15:15.6004564Z ^[[1m^[[92m   Compiling^[[0m arrayvec v0.7.6
native-profile	Install the pinned header-contract generator outside measured targets	2026-10-08T18:15:15.7104600Z ^[[1m^[[92m   Compiling^[[0m cbindgen v0.29.3
native-profile	Install the pinned header-contract generator outside measured targets	2026-10-08T18:15:15.8444619Z ^[[1m^[[92m   Compiling^[[0m shell-escape v0.1.5
native-profile	Install the pinned header-contract generator outside measured targets	2026-10-08T18:15:15.9064637Z ^[[1m^[[92m   Compiling^[[0m hex v0.4.3
native-profile	Install the pinned header-contract generator outside measured targets	2026-10-08T18:15:15.9334496Z ^[[1m^[[92m   Compiling^[[0m itertools v0.14.0
native-profile	Install the pinned header-contract generator outside measured targets	2026-10-08T18:15:16.2874589Z ^[[1m^[[92m   Compiling^[[0m cargo-util v0.2.29
native-profile	Install the pinned header-contract generator outside measured targets	2026-10-08T18:15:16.5204550Z ^[[1m^[[92m   Compiling^[[0m pasetors v0.7.8
native-profile	Install the pinned header-contract generator outside measured targets	2026-10-08T18:15:17.2374553Z ^[[1m^[[92m   Compiling^[[0m cargo-util-terminal v0.1.0
native-profile	Install the pinned header-contract generator outside measured targets	2026-10-08T18:15:17.3213317Z ^[[1m^[[92m   Compiling^[[0m clap_complete v4.6.5
native-profile	Install the pinned header-contract generator outside measured targets	2026-10-08T18:15:18.2604829Z ^[[1m^[[92m   Compiling^[[0m cargo-credential-libsecret v0.5.7
native-profile	Install the pinned header-contract generator outside measured targets	2026-10-08T18:15:18.6957149Z ^[[1m^[[92m   Compiling^[[0m cargo-util-schemas v0.14.0
native-profile	Install the pinned header-contract generator outside measured targets	2026-10-08T18:15:18.8764513Z ^[[1m^[[92m   Compiling^[[0m toml v0.9.12+spec-1.1.0
native-profile	Install the pinned header-contract generator outside measured targets	2026-10-08T18:15:23.2914897Z ^[[1m^[[92m   Compiling^[[0m ar_archive_writer v0.5.1
native-profile	Install the pinned header-contract generator outside measured targets	2026-10-08T18:15:23.2974268Z ^[[1m^[[92m   Compiling^[[0m rand v0.10.1
native-profile	Install the pinned header-contract generator outside measured targets	2026-10-08T18:15:23.8105009Z ^[[1m^[[92m   Compiling^[[0m color-print v0.3.7
native-profile	Install the pinned header-contract generator outside measured targets	2026-10-08T18:15:23.8874544Z ^[[1m^[[92m   Compiling^[[0m futures v0.3.32
native-profile	Install the pinned header-contract generator outside measured targets	2026-10-08T18:15:23.9584670Z ^[[1m^[[92m   Compiling^[[0m os_info v3.15.0
native-profile	Install the pinned header-contract generator outside measured targets	2026-10-08T18:15:24.1774602Z ^[[1m^[[92m   Compiling^[[0m tracing-chrome v0.7.2
native-profile	Install the pinned header-contract generator outside measured targets	2026-10-08T18:15:25.6694958Z ^[[1m^[[92m   Compiling^[[0m toml_edit v0.25.12+spec-1.1.0
native-profile	Install the pinned header-contract generator outside measured targets	2026-10-08T18:15:26.6375016Z ^[[1m^[[92m   Compiling^[[0m sha1 v0.11.0
native-profile	Install the pinned header-contract generator outside measured targets	2026-10-08T18:15:27.3184520Z ^[[1m^[[92m   Compiling^[[0m hmac v0.13.0
native-profile	Install the pinned header-contract generator outside measured targets	2026-10-08T18:15:27.3964488Z ^[[1m^[[92m   Compiling^[[0m rustfix v0.9.6
native-profile	Install the pinned header-contract generator outside measured targets	2026-10-08T18:15:28.2944802Z ^[[1m^[[92m   Compiling^[[0m async-trait v0.1.89
native-profile	Install the pinned header-contract generator outside measured targets	2026-10-08T18:15:29.4484759Z ^[[1m^[[92m   Compiling^[[0m opener v0.8.4
native-profile	Install the pinned header-contract generator outside measured targets	2026-10-08T18:15:31.0071064Z ^[[1m^[[92m   Compiling^[[0m http v1.4.1
native-profile	Install the pinned header-contract generator outside measured targets	2026-10-08T18:15:31.2645109Z ^[[1m^[[92m   Compiling^[[0m serde_ignored v0.1.14
native-profile	Install the pinned header-contract generator outside measured targets	2026-10-08T18:15:31.5734923Z ^[[1m^[[92m   Compiling^[[0m cargo-platform v0.3.3
native-profile	Install the pinned header-contract generator outside measured targets	2026-10-08T18:15:31.8394542Z ^[[1m^[[92m   Compiling^[[0m http-auth v0.1.10
native-profile	Install the pinned header-contract generator outside measured targets	2026-10-08T18:15:32.8152922Z ^[[1m^[[92m   Compiling^[[0m gix-transport v0.55.1
native-profile	Install the pinned header-contract generator outside measured targets	2026-10-08T18:15:32.9964845Z ^[[1m^[[92m   Compiling^[[0m crates-io v0.40.19
native-profile	Install the pinned header-contract generator outside measured targets	2026-10-08T18:15:34.7434610Z ^[[1m^[[92m   Compiling^[[0m gix-protocol v0.59.0
native-profile	Install the pinned header-contract generator outside measured targets	2026-10-08T18:15:35.0816002Z ^[[1m^[[92m   Compiling^[[0m unicase v2.9.0
native-profile	Install the pinned header-contract generator outside measured targets	2026-10-08T18:15:35.4704509Z ^[[1m^[[92m   Compiling^[[0m pathdiff v0.2.3
native-profile	Install the pinned header-contract generator outside measured targets	2026-10-08T18:15:35.5744830Z ^[[1m^[[92m   Compiling^[[0m home v0.5.12
native-profile	Install the pinned header-contract generator outside measured targets	2026-10-08T18:15:35.6844561Z ^[[1m^[[92m   Compiling^[[0m futures-timer v3.0.4
native-profile	Install the pinned header-contract generator outside measured targets	2026-10-08T18:15:35.7864482Z ^[[1m^[[92m   Compiling^[[0m rustc-hash v2.1.2
native-profile	Install the pinned header-contract generator outside measured targets	2026-10-08T18:15:35.9204687Z ^[[1m^[[92m   Compiling^[[0m rustc-stable-hash v0.1.2
native-profile	Install the pinned header-contract generator outside measured targets	2026-10-08T18:15:36.2060138Z ^[[1m^[[92m   Compiling^[[0m gix v0.81.0
native-profile	Install the pinned header-contract generator outside measured targets	2026-10-08T18:15:36.6054425Z ^[[1m^[[92m   Compiling^[[0m glob v0.3.3
native-profile	Install the pinned header-contract generator outside measured targets	2026-10-08T18:15:41.3814753Z ^[[1m^[[92m   Compiling^[[0m implib v0.6.0
native-profile	Install the pinned header-contract generator outside measured targets	2026-10-08T18:16:12.1004928Z ^[[1m^[[92m   Compiling^[[0m git2 v0.20.4
native-profile	Install the pinned header-contract generator outside measured targets	2026-10-08T18:16:13.7211675Z ^[[1m^[[92m   Compiling^[[0m git2-curl v0.21.0
native-profile	Install the pinned header-contract generator outside measured targets	2026-10-08T18:16:14.3994495Z ^[[1m^[[92m   Compiling^[[0m rusqlite v0.39.0
native-profile	Install the pinned header-contract generator outside measured targets	2026-10-08T18:16:31.2260488Z ^[[1m^[[92m   Compiling^[[0m cargo-c v0.10.23+cargo-0.97.1
native-profile	Install the pinned header-contract generator outside measured targets	2026-10-08T18:17:33.9342083Z ^[[1m^[[92m    Finished^[[0m `release` profile [optimized] target(s) in 3m 47s
native-profile	Install the pinned header-contract generator outside measured targets	2026-10-08T18:17:33.9551948Z ^[[1m^[[92m  Installing^[[0m /home/runner/.cargo/bin/cargo-capi
native-profile	Install the pinned header-contract generator outside measured targets	2026-10-08T18:17:33.9552618Z ^[[1m^[[92m  Installing^[[0m /home/runner/.cargo/bin/cargo-cbuild
native-profile	Install the pinned header-contract generator outside measured targets	2026-10-08T18:17:33.9553165Z ^[[1m^[[92m  Installing^[[0m /home/runner/.cargo/bin/cargo-cinstall
native-profile	Install the pinned header-contract generator outside measured targets	2026-10-08T18:17:33.9553601Z ^[[1m^[[92m  Installing^[[0m /home/runner/.cargo/bin/cargo-ctest
native-profile	Install the pinned header-contract generator outside measured targets	2026-10-08T18:17:33.9561284Z ^[[1m^[[92m   Installed^[[0m package `cargo-c v0.10.23+cargo-0.97.1` (executables `cargo-capi`, `cargo-cbuild`, `cargo-cinstall`, `cargo-ctest`)
native-profile	Build the original Rust controller outside cold target AND build directories	﻿2026-10-08T18:17:34.5753938Z ##[group]Run campaign="/opt/purrdf-native-profile/$GITHUB_RUN_ID-$GITHUB_RUN_ATTEMPT"
native-profile	Build the original Rust controller outside cold target AND build directories	2026-10-08T18:17:34.5754495Z ^[[36;1mcampaign="/opt/purrdf-native-profile/$GITHUB_RUN_ID-$GITHUB_RUN_ATTEMPT"^[[0m
native-profile	Build the original Rust controller outside cold target AND build directories	2026-10-08T18:17:34.5755003Z ^[[36;1mCARGO_TARGET_DIR="$campaign/controller-target" CARGO_BUILD_BUILD_DIR="$campaign/controller-build" \^[[0m
native-profile	Build the original Rust controller outside cold target AND build directories	2026-10-08T18:17:34.5755568Z ^[[36;1m  cargo build --locked -p purrdf-capi --example native_ci_profile --profile test --jobs 8^[[0m
native-profile	Build the original Rust controller outside cold target AND build directories	2026-10-08T18:17:34.5756119Z ^[[36;1mecho "PURRDF_HOSTED_CONTROLLER=$campaign/controller-target/debug/examples/native_ci_profile" >> "$GITHUB_ENV"^[[0m
native-profile	Build the original Rust controller outside cold target AND build directories	2026-10-08T18:17:34.5756614Z ^[[36;1mecho "PURRDF_HOSTED_REAL_CARGO=$(command -v cargo)" >> "$GITHUB_ENV"^[[0m
native-profile	Build the original Rust controller outside cold target AND build directories	2026-10-08T18:17:34.5756964Z ^[[36;1mdate +%s%N > "$campaign/resources/setup-finished.txt"^[[0m
native-profile	Build the original Rust controller outside cold target AND build directories	2026-10-08T18:17:34.5814901Z shell: /usr/bin/bash -e {0}
native-profile	Build the original Rust controller outside cold target AND build directories	2026-10-08T18:17:34.5815121Z env:
native-profile	Build the original Rust controller outside cold target AND build directories	2026-10-08T18:17:34.5815290Z   CARGO_BUILD_JOBS: 8
native-profile	Build the original Rust controller outside cold target AND build directories	2026-10-08T18:17:34.5815615Z   PURRDF_REQUIRE_SIMD_PATHS: distance:portable,distance:sse2,blake3:sse2,deflate:sse2,csv:sse2
native-profile	Build the original Rust controller outside cold target AND build directories	2026-10-08T18:17:34.5816023Z   CARGO_HOME: /home/runner/.cargo
native-profile	Build the original Rust controller outside cold target AND build directories	2026-10-08T18:17:34.5816236Z   CARGO_INCREMENTAL: 0
native-profile	Build the original Rust controller outside cold target AND build directories	2026-10-08T18:17:34.5816419Z   CARGO_TERM_COLOR: always
native-profile	Build the original Rust controller outside cold target AND build directories	2026-10-08T18:17:34.5816615Z ##[endgroup]
native-profile	Build the original Rust controller outside cold target AND build directories	2026-10-08T18:17:34.6442916Z ^[[1m^[[92m    Updating^[[0m crates.io index
native-profile	Build the original Rust controller outside cold target AND build directories	2026-10-08T18:17:35.0051245Z ^[[1m^[[92m Downloading^[[0m crates ...
native-profile	Build the original Rust controller outside cold target AND build directories	2026-10-08T18:17:35.1385696Z ^[[1m^[[92m  Downloaded^[[0m block-buffer v0.12.1
native-profile	Build the original Rust controller outside cold target AND build directories	2026-10-08T18:17:35.1586037Z ^[[1m^[[92m  Downloaded^[[0m ctr v0.10.1
native-profile	Build the original Rust controller outside cold target AND build directories	2026-10-08T18:17:35.1604812Z ^[[1m^[[92m  Downloaded^[[0m cpubits v0.1.1
native-profile	Build the original Rust controller outside cold target AND build directories	2026-10-08T18:17:35.1693441Z ^[[1m^[[92m  Downloaded^[[0m cipher v0.5.2
native-profile	Build the original Rust controller outside cold target AND build directories	2026-10-08T18:17:35.1717345Z ^[[1m^[[92m  Downloaded^[[0m aead v0.6.1
native-profile	Build the original Rust controller outside cold target AND build directories	2026-10-08T18:17:35.1797782Z ^[[1m^[[92m  Downloaded^[[0m inout v0.2.2
native-profile	Build the original Rust controller outside cold target AND build directories	2026-10-08T18:17:35.1807348Z ^[[1m^[[92m  Downloaded^[[0m universal-hash v0.6.1
native-profile	Build the original Rust controller outside cold target AND build directories	2026-10-08T18:17:35.1941368Z ^[[1m^[[92m  Downloaded^[[0m ghash v0.6.0
native-profile	Build the original Rust controller outside cold target AND build directories	2026-10-08T18:17:35.2074877Z ^[[1m^[[92m  Downloaded^[[0m polyval v0.7.3
native-profile	Build the original Rust controller outside cold target AND build directories	2026-10-08T18:17:35.2091771Z ^[[1m^[[92m  Downloaded^[[0m visual-hashing v1.0.0
native-profile	Build the original Rust controller outside cold target AND build directories	2026-10-08T18:17:35.2210734Z ^[[1m^[[92m  Downloaded^[[0m hybrid-array v0.4.15
native-profile	Build the original Rust controller outside cold target AND build directories	2026-10-08T18:17:35.2228914Z ^[[1m^[[92m  Downloaded^[[0m twox-hash v2.1.2
native-profile	Build the original Rust controller outside cold target AND build directories	2026-10-08T18:17:35.2254683Z ^[[1m^[[92m  Downloaded^[[0m getrandom v0.3.4
native-profile	Build the original Rust controller outside cold target AND build directories	2026-10-08T18:17:35.2383933Z ^[[1m^[[92m  Downloaded^[[0m rayon-core v1.13.0
native-profile	Build the original Rust controller outside cold target AND build directories	2026-10-08T18:17:35.2417214Z ^[[1m^[[92m  Downloaded^[[0m aes-gcm v0.11.1
native-profile	Build the original Rust controller outside cold target AND build directories	2026-10-08T18:17:35.2442535Z ^[[1m^[[92m  Downloaded^[[0m memchr v2.8.2
native-profile	Build the original Rust controller outside cold target AND build directories	2026-10-08T18:17:35.2486749Z ^[[1m^[[92m  Downloaded^[[0m aes v0.9.3
native-profile	Build the original Rust controller outside cold target AND build directories	2026-10-08T18:17:35.2558068Z ^[[1m^[[92m  Downloaded^[[0m regex v1.12.4
native-profile	Build the original Rust controller outside cold target AND build directories	2026-10-08T18:17:35.2607352Z ^[[1m^[[92m  Downloaded^[[0m rayon v1.12.0
native-profile	Build the original Rust controller outside cold target AND build directories	2026-10-08T18:17:35.2683419Z ^[[1m^[[92m  Downloaded^[[0m regex-syntax v0.8.11
native-profile	Build the original Rust controller outside cold target AND build directories	2026-10-08T18:17:35.2763939Z ^[[1m^[[92m  Downloaded^[[0m structured-zstd v0.0.49
native-profile	Build the original Rust controller outside cold target AND build directories	2026-10-08T18:17:35.3423656Z ^[[1m^[[92m   Compiling^[[0m typenum v1.20.1
native-profile	Build the original Rust controller outside cold target AND build directories	2026-10-08T18:17:35.3424547Z ^[[1m^[[92m   Compiling^[[0m purrdf-hash v3.0.1 (/home/runner/work/purrdf/purrdf/crates/hash)
native-profile	Build the original Rust controller outside cold target AND build directories	2026-10-08T18:17:35.3425295Z ^[[1m^[[92m   Compiling^[[0m cpufeatures v0.3.0
native-profile	Build the original Rust controller outside cold target AND build directories	2026-10-08T18:17:35.3425792Z ^[[1m^[[92m   Compiling^[[0m const-oid v0.10.2
native-profile	Build the original Rust controller outside cold target AND build directories	2026-10-08T18:17:35.3426197Z ^[[1m^[[92m   Compiling^[[0m cfg-if v1.0.4
native-profile	Build the original Rust controller outside cold target AND build directories	2026-10-08T18:17:35.3426517Z ^[[1m^[[92m   Compiling^[[0m regex-syntax v0.8.11
native-profile	Build the original Rust controller outside cold target AND build directories	2026-10-08T18:17:35.3427141Z ^[[1m^[[92m   Compiling^[[0m purrdf-events v3.0.1 (/home/runner/work/purrdf/purrdf/crates/rdf-events)
native-profile	Build the original Rust controller outside cold target AND build directories	2026-10-08T18:17:35.3437170Z ^[[1m^[[92m   Compiling^[[0m crossbeam-utils v0.8.21
native-profile	Build the original Rust controller outside cold target AND build directories	2026-10-08T18:17:35.4064202Z ^[[1m^[[92m   Compiling^[[0m purrdf-core v3.0.1 (/home/runner/work/purrdf/purrdf/crates/rdf-core)
native-profile	Build the original Rust controller outside cold target AND build directories	2026-10-08T18:17:35.4364576Z ^[[1m^[[92m   Compiling^[[0m hashbrown v0.17.1
native-profile	Build the original Rust controller outside cold target AND build directories	2026-10-08T18:17:35.6065213Z ^[[1m^[[92m   Compiling^[[0m rayon-core v1.13.0
native-profile	Build the original Rust controller outside cold target AND build directories	2026-10-08T18:17:35.7924490Z ^[[1m^[[92m   Compiling^[[0m libc v0.2.186
native-profile	Build the original Rust controller outside cold target AND build directories	2026-10-08T18:17:35.8074289Z ^[[1m^[[92m   Compiling^[[0m either v1.16.0
native-profile	Build the original Rust controller outside cold target AND build directories	2026-10-08T18:17:36.1604912Z ^[[1m^[[92m   Compiling^[[0m getrandom v0.3.4
native-profile	Build the original Rust controller outside cold target AND build directories	2026-10-08T18:17:36.7754645Z ^[[1m^[[92m   Compiling^[[0m cmov v0.5.4
native-profile	Build the original Rust controller outside cold target AND build directories	2026-10-08T18:17:36.8804722Z ^[[1m^[[92m   Compiling^[[0m cpubits v0.1.1
native-profile	Build the original Rust controller outside cold target AND build directories	2026-10-08T18:17:36.9454567Z ^[[1m^[[92m   Compiling^[[0m crossbeam-epoch v0.9.18
native-profile	Build the original Rust controller outside cold target AND build directories	2026-10-08T18:17:37.0814545Z ^[[1m^[[92m   Compiling^[[0m ctutils v0.4.2
native-profile	Build the original Rust controller outside cold target AND build directories	2026-10-08T18:17:37.3277315Z ^[[1m^[[92m   Compiling^[[0m fastrand v2.4.1
native-profile	Build the original Rust controller outside cold target AND build directories	2026-10-08T18:17:37.3534661Z ^[[1m^[[92m   Compiling^[[0m twox-hash v2.1.2
native-profile	Build the original Rust controller outside cold target AND build directories	2026-10-08T18:17:37.4294607Z ^[[1m^[[92m   Compiling^[[0m crossbeam-deque v0.8.6
native-profile	Build the original Rust controller outside cold target AND build directories	2026-10-08T18:17:37.6514562Z ^[[1m^[[92m   Compiling^[[0m structured-zstd v0.0.49
native-profile	Build the original Rust controller outside cold target AND build directories	2026-10-08T18:17:37.6774476Z ^[[1m^[[92m   Compiling^[[0m visual-hashing v1.0.0
native-profile	Build the original Rust controller outside cold target AND build directories	2026-10-08T18:17:37.8894707Z ^[[1m^[[92m   Compiling^[[0m hybrid-array v0.4.15
native-profile	Build the original Rust controller outside cold target AND build directories	2026-10-08T18:17:38.3434816Z ^[[1m^[[92m   Compiling^[[0m regex-automata v0.4.14
native-profile	Build the original Rust controller outside cold target AND build directories	2026-10-08T18:17:38.8414977Z ^[[1m^[[92m   Compiling^[[0m crypto-common v0.2.2
native-profile	Build the original Rust controller outside cold target AND build directories	2026-10-08T18:17:38.9185150Z ^[[1m^[[92m   Compiling^[[0m block-buffer v0.12.1
native-profile	Build the original Rust controller outside cold target AND build directories	2026-10-08T18:17:38.9284556Z ^[[1m^[[92m   Compiling^[[0m rayon v1.12.0
native-profile	Build the original Rust controller outside cold target AND build directories	2026-10-08T18:17:39.2054796Z ^[[1m^[[92m   Compiling^[[0m inout v0.2.2
native-profile	Build the original Rust controller outside cold target AND build directories	2026-10-08T18:17:39.3835028Z ^[[1m^[[92m   Compiling^[[0m purrdf-stack v3.0.1 (/home/runner/work/purrdf/purrdf/crates/stack)
native-profile	Build the original Rust controller outside cold target AND build directories	2026-10-08T18:17:40.3654465Z ^[[1m^[[92m   Compiling^[[0m digest v0.11.3
native-profile	Build the original Rust controller outside cold target AND build directories	2026-10-08T18:17:40.5694445Z ^[[1m^[[92m   Compiling^[[0m sha2 v0.11.0
native-profile	Build the original Rust controller outside cold target AND build directories	2026-10-08T18:17:40.6124870Z ^[[1m^[[92m   Compiling^[[0m universal-hash v0.6.1
native-profile	Build the original Rust controller outside cold target AND build directories	2026-10-08T18:17:40.7675091Z ^[[1m^[[92m   Compiling^[[0m purrdf-lex v3.0.1 (/home/runner/work/purrdf/purrdf/crates/lex)
native-profile	Build the original Rust controller outside cold target AND build directories	2026-10-08T18:17:42.0721489Z ^[[1m^[[92m   Compiling^[[0m purrdf-deflate v3.0.1 (/home/runner/work/purrdf/purrdf/crates/deflate)
native-profile	Build the original Rust controller outside cold target AND build directories	2026-10-08T18:17:42.4217058Z ^[[1m^[[92m   Compiling^[[0m cipher v0.5.2
native-profile	Build the original Rust controller outside cold target AND build directories	2026-10-08T18:17:42.9854654Z ^[[1m^[[92m   Compiling^[[0m polyval v0.7.3
native-profile	Build the original Rust controller outside cold target AND build directories	2026-10-08T18:17:43.2105025Z ^[[1m^[[92m   Compiling^[[0m ghash v0.6.0
native-profile	Build the original Rust controller outside cold target AND build directories	2026-10-08T18:17:43.3331643Z ^[[1m^[[92m   Compiling^[[0m aes v0.9.3
native-profile	Build the original Rust controller outside cold target AND build directories	2026-10-08T18:17:43.4294391Z ^[[1m^[[92m   Compiling^[[0m ctr v0.10.1
native-profile	Build the original Rust controller outside cold target AND build directories	2026-10-08T18:17:43.7384744Z ^[[1m^[[92m   Compiling^[[0m regex v1.12.4
native-profile	Build the original Rust controller outside cold target AND build directories	2026-10-08T18:17:44.6674488Z ^[[1m^[[92m   Compiling^[[0m aead v0.6.1
native-profile	Build the original Rust controller outside cold target AND build directories	2026-10-08T18:17:44.8705121Z ^[[1m^[[92m   Compiling^[[0m aes-gcm v0.11.1
native-profile	Build the original Rust controller outside cold target AND build directories	2026-10-08T18:17:45.0364932Z ^[[1m^[[92m   Compiling^[[0m purrdf-ed25519 v3.0.1 (/home/runner/work/purrdf/purrdf/crates/ed25519)
native-profile	Build the original Rust controller outside cold target AND build directories	2026-10-08T18:17:46.3851916Z ^[[1m^[[92m   Compiling^[[0m purrdf-xsd v3.0.1 (/home/runner/work/purrdf/purrdf/crates/xsd)
native-profile	Build the original Rust controller outside cold target AND build directories	2026-10-08T18:17:46.7435046Z ^[[1m^[[92m   Compiling^[[0m purrdf-iri v3.0.1 (/home/runner/work/purrdf/purrdf/crates/iri)
native-profile	Build the original Rust controller outside cold target AND build directories	2026-10-08T18:17:46.8265217Z ^[[1m^[[92m   Compiling^[[0m purrdf-testkit v3.0.1 (/home/runner/work/purrdf/purrdf/crates/testkit)
native-profile	Build the original Rust controller outside cold target AND build directories	2026-10-08T18:17:51.4415842Z ^[[1m^[[92m   Compiling^[[0m purrdf-cdt v3.0.1 (/home/runner/work/purrdf/purrdf/crates/cdt)
native-profile	Build the original Rust controller outside cold target AND build directories	2026-10-08T18:17:51.8978642Z ^[[1m^[[92m   Compiling^[[0m purrdf-gts v3.0.1 (/home/runner/work/purrdf/purrdf/crates/gts)
native-profile	Build the original Rust controller outside cold target AND build directories	2026-10-08T18:17:58.6194990Z ^[[1m^[[92m   Compiling^[[0m purrdf-sparql-algebra v3.0.1 (/home/runner/work/purrdf/purrdf/crates/sparql-algebra)
native-profile	Build the original Rust controller outside cold target AND build directories	2026-10-08T18:18:23.1695737Z ^[[1m^[[92m   Compiling^[[0m purrdf-sparql-results v3.0.1 (/home/runner/work/purrdf/purrdf/crates/sparql-results)
native-profile	Build the original Rust controller outside cold target AND build directories	2026-10-08T18:18:23.1697111Z ^[[1m^[[92m   Compiling^[[0m purrdf-datalog v3.0.1 (/home/runner/work/purrdf/purrdf/crates/datalog)
native-profile	Build the original Rust controller outside cold target AND build directories	2026-10-08T18:18:27.9865065Z ^[[1m^[[92m   Compiling^[[0m purrdf-sparql-eval v3.0.1 (/home/runner/work/purrdf/purrdf/crates/sparql-eval)
native-profile	Build the original Rust controller outside cold target AND build directories	2026-10-08T18:18:30.4595021Z ^[[1m^[[92m   Compiling^[[0m purrdf-entail v3.0.1 (/home/runner/work/purrdf/purrdf/crates/entail)
native-profile	Build the original Rust controller outside cold target AND build directories	2026-10-08T18:18:31.8374955Z ^[[1m^[[92m   Compiling^[[0m purrdf-json v3.0.1 (/home/runner/work/purrdf/purrdf/crates/json)
native-profile	Build the original Rust controller outside cold target AND build directories	2026-10-08T18:18:32.6177788Z ^[[1m^[[92m   Compiling^[[0m purrdf-columnar v3.0.1 (/home/runner/work/purrdf/purrdf/crates/columnar)
native-profile	Build the original Rust controller outside cold target AND build directories	2026-10-08T18:18:35.1985019Z ^[[1m^[[92m   Compiling^[[0m purrdf-markdown v3.0.1 (/home/runner/work/purrdf/purrdf/crates/markdown)
native-profile	Build the original Rust controller outside cold target AND build directories	2026-10-08T18:18:42.8684915Z ^[[1m^[[92m   Compiling^[[0m purrdf-shex v3.0.1 (/home/runner/work/purrdf/purrdf/crates/shex)
native-profile	Build the original Rust controller outside cold target AND build directories	2026-10-08T18:18:56.3165433Z ^[[1m^[[92m   Compiling^[[0m purrdf-rdf v3.0.1 (/home/runner/work/purrdf/purrdf/crates/rdf)
native-profile	Build the original Rust controller outside cold target AND build directories	2026-10-08T18:19:01.0180333Z ^[[1m^[[92m   Compiling^[[0m purrdf-text v3.0.1 (/home/runner/work/purrdf/purrdf/crates/text)
native-profile	Build the original Rust controller outside cold target AND build directories	2026-10-08T18:19:01.7203860Z ^[[1m^[[92m   Compiling^[[0m purrdf-geo v3.0.1 (/home/runner/work/purrdf/purrdf/crates/geo)
native-profile	Build the original Rust controller outside cold target AND build directories	2026-10-08T18:19:23.2545120Z ^[[1m^[[92m   Compiling^[[0m purrdf-retrieval v3.0.1 (/home/runner/work/purrdf/purrdf/crates/retrieval)
native-profile	Build the original Rust controller outside cold target AND build directories	2026-10-08T18:19:30.6024949Z ^[[1m^[[92m   Compiling^[[0m purrdf-slice v3.0.1 (/home/runner/work/purrdf/purrdf/crates/slice)
native-profile	Build the original Rust controller outside cold target AND build directories	2026-10-08T18:19:35.0125152Z ^[[1m^[[92m   Compiling^[[0m purrdf-shapes v3.0.1 (/home/runner/work/purrdf/purrdf/crates/shapes)
native-profile	Build the original Rust controller outside cold target AND build directories	2026-10-08T18:19:39.9284938Z ^[[1m^[[92m   Compiling^[[0m purrdf-hnsw v3.0.1 (/home/runner/work/purrdf/purrdf/crates/hnsw)
native-profile	Build the original Rust controller outside cold target AND build directories	2026-10-08T18:20:19.0795001Z ^[[1m^[[92m   Compiling^[[0m purrdf-validate v3.0.1 (/home/runner/work/purrdf/purrdf/crates/validate)
native-profile	Build the original Rust controller outside cold target AND build directories	2026-10-08T18:20:49.9421179Z ^[[1m^[[92m   Compiling^[[0m purrdf v3.0.1 (/home/runner/work/purrdf/purrdf/crates/purrdf)
native-profile	Build the original Rust controller outside cold target AND build directories	2026-10-08T18:21:36.5619743Z ^[[1m^[[92m   Compiling^[[0m purrdf-capi v3.0.1 (/home/runner/work/purrdf/purrdf/crates/rdf-capi)
native-profile	Build the original Rust controller outside cold target AND build directories	2026-10-08T18:21:47.1549114Z ^[[1m^[[92m    Finished^[[0m `test` profile [optimized] target(s) in 4m 12s
native-profile	Execute validated cold and unchanged warm before-monolithic	﻿2026-10-08T18:21:47.1731023Z ##[group]Run set -o pipefail
native-profile	Execute validated cold and unchanged warm before-monolithic	2026-10-08T18:21:47.1731330Z ^[[36;1mset -o pipefail^[[0m
native-profile	Execute validated cold and unchanged warm before-monolithic	2026-10-08T18:21:47.1731659Z ^[[36;1mcampaign="/opt/purrdf-native-profile/$GITHUB_RUN_ID-$GITHUB_RUN_ATTEMPT"^[[0m
native-profile	Execute validated cold and unchanged warm before-monolithic	2026-10-08T18:21:47.1732013Z ^[[36;1mmkdir -p "$campaign/$PROFILE_CASE"^[[0m
native-profile	Execute validated cold and unchanged warm before-monolithic	2026-10-08T18:21:47.1732348Z ^[[36;1mcp "$campaign/setup-start.txt" "$campaign/$PROFILE_CASE/setup-start.txt"^[[0m
native-profile	Execute validated cold and unchanged warm before-monolithic	2026-10-08T18:21:47.1732823Z ^[[36;1mcp "$campaign/resources/setup-disk-before.txt" "$campaign/$PROFILE_CASE/setup-disk-before.txt"^[[0m
native-profile	Execute validated cold and unchanged warm before-monolithic	2026-10-08T18:21:47.1733527Z ^[[36;1mcp "$campaign/resources/setup-disk-after.txt" "$campaign/$PROFILE_CASE/setup-disk-after.txt"^[[0m
native-profile	Execute validated cold and unchanged warm before-monolithic	2026-10-08T18:21:47.1734011Z ^[[36;1mcp "$campaign/resources/actual-rustc.txt" "$campaign/$PROFILE_CASE/actual-rustc.txt"^[[0m
native-profile	Execute validated cold and unchanged warm before-monolithic	2026-10-08T18:21:47.1734481Z ^[[36;1mcp "$campaign/resources/actual-cargo.txt" "$campaign/$PROFILE_CASE/actual-cargo.txt"^[[0m
native-profile	Execute validated cold and unchanged warm before-monolithic	2026-10-08T18:21:47.1734982Z ^[[36;1m"$PURRDF_HOSTED_CONTROLLER" hosted-run "$PROFILE_CASE" 2>&1 | tee "$campaign/$PROFILE_CASE/hosted-run.txt"^[[0m
native-profile	Execute validated cold and unchanged warm before-monolithic	2026-10-08T18:21:47.1789738Z shell: /usr/bin/bash -e {0}
native-profile	Execute validated cold and unchanged warm before-monolithic	2026-10-08T18:21:47.1789956Z env:
native-profile	Execute validated cold and unchanged warm before-monolithic	2026-10-08T18:21:47.1790126Z   CARGO_BUILD_JOBS: 8
native-profile	Execute validated cold and unchanged warm before-monolithic	2026-10-08T18:21:47.1790452Z   PURRDF_REQUIRE_SIMD_PATHS: distance:portable,distance:sse2,blake3:sse2,deflate:sse2,csv:sse2
native-profile	Execute validated cold and unchanged warm before-monolithic	2026-10-08T18:21:47.1790814Z   CARGO_HOME: /home/runner/.cargo
native-profile	Execute validated cold and unchanged warm before-monolithic	2026-10-08T18:21:47.1791027Z   CARGO_INCREMENTAL: 0
native-profile	Execute validated cold and unchanged warm before-monolithic	2026-10-08T18:21:47.1791213Z   CARGO_TERM_COLOR: always
native-profile	Execute validated cold and unchanged warm before-monolithic	2026-10-08T18:21:47.1791617Z   PURRDF_HOSTED_CONTROLLER: /opt/purrdf-native-profile/37822266421-1/controller-target/debug/examples/native_ci_profile
native-profile	Execute validated cold and unchanged warm before-monolithic	2026-10-08T18:21:47.1792073Z   PURRDF_HOSTED_REAL_CARGO: /home/runner/.cargo/bin/cargo
native-profile	Execute validated cold and unchanged warm before-monolithic	2026-10-08T18:21:47.1792332Z   PROFILE_CASE: before-monolithic
native-profile	Execute validated cold and unchanged warm before-monolithic	2026-10-08T18:21:47.1792539Z ##[endgroup]
native-profile	Retain before-monolithic source-bound evidence even on failure	﻿2026-10-08T19:23:47.6563412Z ##[group]Run actions/upload-artifact@043fb46d1a93c77aae656e7c1c64a875d1fc6a0a
native-profile	Retain before-monolithic source-bound evidence even on failure	2026-10-08T19:23:47.6564861Z with:
native-profile	Retain before-monolithic source-bound evidence even on failure	2026-10-08T19:23:47.6565095Z   name: native-profile-37822266421-1-arm-before-monolithic
native-profile	Retain before-monolithic source-bound evidence even on failure	2026-10-08T19:23:47.6566186Z   path: /opt/purrdf-native-profile/37822266421-1/before-monolithic/*.json
native-profile	Retain before-monolithic source-bound evidence even on failure	/opt/purrdf-native-profile/37822266421-1/before-monolithic/*.txt
native-profile	Retain before-monolithic source-bound evidence even on failure	/opt/purrdf-native-profile/37822266421-1/before-monolithic/*.diff
native-profile	Retain before-monolithic source-bound evidence even on failure	/opt/purrdf-native-profile/37822266421-1/before-monolithic/*-cargo/*.json
native-profile	Retain before-monolithic source-bound evidence even on failure	/opt/purrdf-native-profile/37822266421-1/before-monolithic/*-cargo/*.html
native-profile	Retain before-monolithic source-bound evidence even on failure	
native-profile	Retain before-monolithic source-bound evidence even on failure	2026-10-08T19:23:47.6567204Z   if-no-files-found: error
native-profile	Retain before-monolithic source-bound evidence even on failure	2026-10-08T19:23:47.6567396Z   retention-days: 30
native-profile	Retain before-monolithic source-bound evidence even on failure	2026-10-08T19:23:47.6567575Z   compression-level: 6
native-profile	Retain before-monolithic source-bound evidence even on failure	2026-10-08T19:23:47.6567750Z   overwrite: false
native-profile	Retain before-monolithic source-bound evidence even on failure	2026-10-08T19:23:47.6567931Z   include-hidden-files: false
native-profile	Retain before-monolithic source-bound evidence even on failure	2026-10-08T19:23:47.6568126Z   archive: true
native-profile	Retain before-monolithic source-bound evidence even on failure	2026-10-08T19:23:47.6568291Z env:
native-profile	Retain before-monolithic source-bound evidence even on failure	2026-10-08T19:23:47.6568445Z   CARGO_BUILD_JOBS: 8
native-profile	Retain before-monolithic source-bound evidence even on failure	2026-10-08T19:23:47.6568763Z   PURRDF_REQUIRE_SIMD_PATHS: distance:portable,distance:sse2,blake3:sse2,deflate:sse2,csv:sse2
native-profile	Retain before-monolithic source-bound evidence even on failure	2026-10-08T19:23:47.6570301Z   CARGO_HOME: /home/runner/.cargo
native-profile	Retain before-monolithic source-bound evidence even on failure	2026-10-08T19:23:47.6570501Z   CARGO_INCREMENTAL: 0
native-profile	Retain before-monolithic source-bound evidence even on failure	2026-10-08T19:23:47.6570683Z   CARGO_TERM_COLOR: always
native-profile	Retain before-monolithic source-bound evidence even on failure	2026-10-08T19:23:47.6571075Z   PURRDF_HOSTED_CONTROLLER: /opt/purrdf-native-profile/37822266421-1/controller-target/debug/examples/native_ci_profile
native-profile	Retain before-monolithic source-bound evidence even on failure	2026-10-08T19:23:47.6571532Z   PURRDF_HOSTED_REAL_CARGO: /home/runner/.cargo/bin/cargo
native-profile	Retain before-monolithic source-bound evidence even on failure	2026-10-08T19:23:47.6571776Z ##[endgroup]
native-profile	Retain before-monolithic source-bound evidence even on failure	2026-10-08T19:23:47.9491677Z With the provided path, there will be 136 files uploaded
native-profile	Retain before-monolithic source-bound evidence even on failure	2026-10-08T19:23:47.9492301Z Artifact name is valid!
native-profile	Retain before-monolithic source-bound evidence even on failure	2026-10-08T19:23:47.9496401Z Root directory input is valid!
native-profile	Retain before-monolithic source-bound evidence even on failure	2026-10-08T19:23:48.3043587Z Uploading artifact: native-profile-37822266421-1-arm-before-monolithic.zip
native-profile	Retain before-monolithic source-bound evidence even on failure	2026-10-08T19:23:48.3074274Z Beginning upload of artifact content to blob storage
native-profile	Retain before-monolithic source-bound evidence even on failure	2026-10-08T19:23:49.5267551Z Uploaded bytes 6083928
native-profile	Retain before-monolithic source-bound evidence even on failure	2026-10-08T19:23:49.5814727Z Finished uploading artifact content to blob storage!
native-profile	Retain before-monolithic source-bound evidence even on failure	2026-10-08T19:23:49.5815481Z SHA256 digest of uploaded artifact is b6adef4d87598de7fecbb18ea0600ff7b749401cad3924cc903fc3deaec7ab98
native-profile	Retain before-monolithic source-bound evidence even on failure	2026-10-08T19:23:49.5816147Z Finalizing artifact upload
native-profile	Retain before-monolithic source-bound evidence even on failure	2026-10-08T19:23:49.9341673Z Artifact native-profile-37822266421-1-arm-before-monolithic successfully finalized. Artifact ID 11573741742
native-profile	Retain before-monolithic source-bound evidence even on failure	2026-10-08T19:23:49.9342680Z Artifact native-profile-37822266421-1-arm-before-monolithic has been successfully uploaded! Final size is 6083928 bytes. Artifact ID is 11573741742
native-profile	Retain before-monolithic source-bound evidence even on failure	2026-10-08T19:23:49.9345843Z Artifact download URL: https://github.com/Blackcat-Informatics/purrdf/actions/runs/37822266421/artifacts/11573741742
native-profile	Revalidate uploaded before-monolithic evidence and reclaim only private build trees	﻿2026-10-08T19:23:49.9502344Z ##[group]Run "$PURRDF_HOSTED_CONTROLLER" hosted-reclaim "$PROFILE_CASE"
native-profile	Revalidate uploaded before-monolithic evidence and reclaim only private build trees	2026-10-08T19:23:49.9502772Z ^[[36;1m"$PURRDF_HOSTED_CONTROLLER" hosted-reclaim "$PROFILE_CASE"^[[0m
native-profile	Revalidate uploaded before-monolithic evidence and reclaim only private build trees	2026-10-08T19:23:50.0113544Z shell: /usr/bin/bash -e {0}
native-profile	Revalidate uploaded before-monolithic evidence and reclaim only private build trees	2026-10-08T19:23:50.0113826Z env:
native-profile	Revalidate uploaded before-monolithic evidence and reclaim only private build trees	2026-10-08T19:23:50.0114008Z   CARGO_BUILD_JOBS: 8
native-profile	Revalidate uploaded before-monolithic evidence and reclaim only private build trees	2026-10-08T19:23:50.0114354Z   PURRDF_REQUIRE_SIMD_PATHS: distance:portable,distance:sse2,blake3:sse2,deflate:sse2,csv:sse2
native-profile	Revalidate uploaded before-monolithic evidence and reclaim only private build trees	2026-10-08T19:23:50.0114749Z   CARGO_HOME: /home/runner/.cargo
native-profile	Revalidate uploaded before-monolithic evidence and reclaim only private build trees	2026-10-08T19:23:50.0115145Z   CARGO_INCREMENTAL: 0
native-profile	Revalidate uploaded before-monolithic evidence and reclaim only private build trees	2026-10-08T19:23:50.0115340Z   CARGO_TERM_COLOR: always
native-profile	Revalidate uploaded before-monolithic evidence and reclaim only private build trees	2026-10-08T19:23:50.0115754Z   PURRDF_HOSTED_CONTROLLER: /opt/purrdf-native-profile/37822266421-1/controller-target/debug/examples/native_ci_profile
native-profile	Revalidate uploaded before-monolithic evidence and reclaim only private build trees	2026-10-08T19:23:50.0116221Z   PURRDF_HOSTED_REAL_CARGO: /home/runner/.cargo/bin/cargo
native-profile	Revalidate uploaded before-monolithic evidence and reclaim only private build trees	2026-10-08T19:23:50.0116501Z   PROFILE_CASE: before-monolithic
native-profile	Revalidate uploaded before-monolithic evidence and reclaim only private build trees	2026-10-08T19:23:50.0116726Z   PURRDF_HOSTED_UPLOAD_ID: 11573741742
native-profile	Revalidate uploaded before-monolithic evidence and reclaim only private build trees	2026-10-08T19:23:50.0117094Z   PURRDF_HOSTED_UPLOAD_DIGEST: b6adef4d87598de7fecbb18ea0600ff7b749401cad3924cc903fc3deaec7ab98
native-profile	Revalidate uploaded before-monolithic evidence and reclaim only private build trees	2026-10-08T19:23:50.0117521Z ##[endgroup]
native-profile	Execute validated cold and unchanged warm before-capi	﻿2026-10-08T19:23:51.9961422Z ##[group]Run set -o pipefail
native-profile	Execute validated cold and unchanged warm before-capi	2026-10-08T19:23:51.9961711Z ^[[36;1mset -o pipefail^[[0m
native-profile	Execute validated cold and unchanged warm before-capi	2026-10-08T19:23:51.9962031Z ^[[36;1mcampaign="/opt/purrdf-native-profile/$GITHUB_RUN_ID-$GITHUB_RUN_ATTEMPT"^[[0m
native-profile	Execute validated cold and unchanged warm before-capi	2026-10-08T19:23:51.9962391Z ^[[36;1mmkdir -p "$campaign/$PROFILE_CASE"^[[0m
native-profile	Execute validated cold and unchanged warm before-capi	2026-10-08T19:23:51.9962727Z ^[[36;1mcp "$campaign/setup-start.txt" "$campaign/$PROFILE_CASE/setup-start.txt"^[[0m
native-profile	Execute validated cold and unchanged warm before-capi	2026-10-08T19:23:51.9963434Z ^[[36;1mcp "$campaign/resources/setup-disk-before.txt" "$campaign/$PROFILE_CASE/setup-disk-before.txt"^[[0m
native-profile	Execute validated cold and unchanged warm before-capi	2026-10-08T19:23:51.9963950Z ^[[36;1mcp "$campaign/resources/setup-disk-after.txt" "$campaign/$PROFILE_CASE/setup-disk-after.txt"^[[0m
native-profile	Execute validated cold and unchanged warm before-capi	2026-10-08T19:23:51.9964442Z ^[[36;1mcp "$campaign/resources/actual-rustc.txt" "$campaign/$PROFILE_CASE/actual-rustc.txt"^[[0m
native-profile	Execute validated cold and unchanged warm before-capi	2026-10-08T19:23:51.9964899Z ^[[36;1mcp "$campaign/resources/actual-cargo.txt" "$campaign/$PROFILE_CASE/actual-cargo.txt"^[[0m
native-profile	Execute validated cold and unchanged warm before-capi	2026-10-08T19:23:51.9965403Z ^[[36;1m"$PURRDF_HOSTED_CONTROLLER" hosted-run "$PROFILE_CASE" 2>&1 | tee "$campaign/$PROFILE_CASE/hosted-run.txt"^[[0m
native-profile	Execute validated cold and unchanged warm before-capi	2026-10-08T19:23:52.0020529Z shell: /usr/bin/bash -e {0}
native-profile	Execute validated cold and unchanged warm before-capi	2026-10-08T19:23:52.0020762Z env:
native-profile	Execute validated cold and unchanged warm before-capi	2026-10-08T19:23:52.0020936Z   CARGO_BUILD_JOBS: 8
native-profile	Execute validated cold and unchanged warm before-capi	2026-10-08T19:23:52.0021284Z   PURRDF_REQUIRE_SIMD_PATHS: distance:portable,distance:sse2,blake3:sse2,deflate:sse2,csv:sse2
native-profile	Execute validated cold and unchanged warm before-capi	2026-10-08T19:23:52.0021650Z   CARGO_HOME: /home/runner/.cargo
native-profile	Execute validated cold and unchanged warm before-capi	2026-10-08T19:23:52.0021881Z   CARGO_INCREMENTAL: 0
native-profile	Execute validated cold and unchanged warm before-capi	2026-10-08T19:23:52.0022071Z   CARGO_TERM_COLOR: always
native-profile	Execute validated cold and unchanged warm before-capi	2026-10-08T19:23:52.0022481Z   PURRDF_HOSTED_CONTROLLER: /opt/purrdf-native-profile/37822266421-1/controller-target/debug/examples/native_ci_profile
native-profile	Execute validated cold and unchanged warm before-capi	2026-10-08T19:23:52.0022947Z   PURRDF_HOSTED_REAL_CARGO: /home/runner/.cargo/bin/cargo
native-profile	Execute validated cold and unchanged warm before-capi	2026-10-08T19:23:52.0023533Z   PROFILE_CASE: before-capi
native-profile	Execute validated cold and unchanged warm before-capi	2026-10-08T19:23:52.0023732Z ##[endgroup]
native-profile	Retain before-capi source-bound evidence even on failure	﻿2026-10-08T19:32:49.2966312Z ##[group]Run actions/upload-artifact@043fb46d1a93c77aae656e7c1c64a875d1fc6a0a
native-profile	Retain before-capi source-bound evidence even on failure	2026-10-08T19:32:49.2966652Z with:
native-profile	Retain before-capi source-bound evidence even on failure	2026-10-08T19:32:49.2966864Z   name: native-profile-37822266421-1-arm-before-capi
native-profile	Retain before-capi source-bound evidence even on failure	2026-10-08T19:32:49.2967820Z   path: /opt/purrdf-native-profile/37822266421-1/before-capi/*.json
native-profile	Retain before-capi source-bound evidence even on failure	/opt/purrdf-native-profile/37822266421-1/before-capi/*.txt
native-profile	Retain before-capi source-bound evidence even on failure	/opt/purrdf-native-profile/37822266421-1/before-capi/*.diff
native-profile	Retain before-capi source-bound evidence even on failure	/opt/purrdf-native-profile/37822266421-1/before-capi/*-cargo/*.json
native-profile	Retain before-capi source-bound evidence even on failure	/opt/purrdf-native-profile/37822266421-1/before-capi/*-cargo/*.html
native-profile	Retain before-capi source-bound evidence even on failure	
native-profile	Retain before-capi source-bound evidence even on failure	2026-10-08T19:32:49.2968745Z   if-no-files-found: error
native-profile	Retain before-capi source-bound evidence even on failure	2026-10-08T19:32:49.2968944Z   retention-days: 30
native-profile	Retain before-capi source-bound evidence even on failure	2026-10-08T19:32:49.2969134Z   compression-level: 6
native-profile	Retain before-capi source-bound evidence even on failure	2026-10-08T19:32:49.2969315Z   overwrite: false
native-profile	Retain before-capi source-bound evidence even on failure	2026-10-08T19:32:49.2969503Z   include-hidden-files: false
native-profile	Retain before-capi source-bound evidence even on failure	2026-10-08T19:32:49.2969708Z   archive: true
native-profile	Retain before-capi source-bound evidence even on failure	2026-10-08T19:32:49.2969878Z env:
native-profile	Retain before-capi source-bound evidence even on failure	2026-10-08T19:32:49.2970040Z   CARGO_BUILD_JOBS: 8
native-profile	Retain before-capi source-bound evidence even on failure	2026-10-08T19:32:49.2970355Z   PURRDF_REQUIRE_SIMD_PATHS: distance:portable,distance:sse2,blake3:sse2,deflate:sse2,csv:sse2
native-profile	Retain before-capi source-bound evidence even on failure	2026-10-08T19:32:49.2970748Z   CARGO_HOME: /home/runner/.cargo
native-profile	Retain before-capi source-bound evidence even on failure	2026-10-08T19:32:49.2970957Z   CARGO_INCREMENTAL: 0
native-profile	Retain before-capi source-bound evidence even on failure	2026-10-08T19:32:49.2971144Z   CARGO_TERM_COLOR: always
native-profile	Retain before-capi source-bound evidence even on failure	2026-10-08T19:32:49.2971541Z   PURRDF_HOSTED_CONTROLLER: /opt/purrdf-native-profile/37822266421-1/controller-target/debug/examples/native_ci_profile
native-profile	Retain before-capi source-bound evidence even on failure	2026-10-08T19:32:49.2972005Z   PURRDF_HOSTED_REAL_CARGO: /home/runner/.cargo/bin/cargo
native-profile	Retain before-capi source-bound evidence even on failure	2026-10-08T19:32:49.2972254Z ##[endgroup]
native-profile	Retain before-capi source-bound evidence even on failure	2026-10-08T19:32:49.4148977Z With the provided path, there will be 36 files uploaded
native-profile	Retain before-capi source-bound evidence even on failure	2026-10-08T19:32:49.4153267Z Artifact name is valid!
native-profile	Retain before-capi source-bound evidence even on failure	2026-10-08T19:32:49.4153870Z Root directory input is valid!
native-profile	Retain before-capi source-bound evidence even on failure	2026-10-08T19:32:49.8504580Z Uploading artifact: native-profile-37822266421-1-arm-before-capi.zip
native-profile	Retain before-capi source-bound evidence even on failure	2026-10-08T19:32:49.8535381Z Beginning upload of artifact content to blob storage
native-profile	Retain before-capi source-bound evidence even on failure	2026-10-08T19:32:50.7179230Z Uploaded bytes 3551893
native-profile	Retain before-capi source-bound evidence even on failure	2026-10-08T19:32:50.7736797Z Finished uploading artifact content to blob storage!
native-profile	Retain before-capi source-bound evidence even on failure	2026-10-08T19:32:50.7737889Z SHA256 digest of uploaded artifact is 70575ea964bb40a4de353d9516dc336d3063c5e0abf4db2df05ecf7789f59d90
native-profile	Retain before-capi source-bound evidence even on failure	2026-10-08T19:32:50.7738659Z Finalizing artifact upload
native-profile	Retain before-capi source-bound evidence even on failure	2026-10-08T19:32:51.2353917Z Artifact native-profile-37822266421-1-arm-before-capi successfully finalized. Artifact ID 11573698293
native-profile	Retain before-capi source-bound evidence even on failure	2026-10-08T19:32:51.2357869Z Artifact native-profile-37822266421-1-arm-before-capi has been successfully uploaded! Final size is 3551893 bytes. Artifact ID is 11573698293
native-profile	Retain before-capi source-bound evidence even on failure	2026-10-08T19:32:51.2359205Z Artifact download URL: https://github.com/Blackcat-Informatics/purrdf/actions/runs/37822266421/artifacts/11573698293
native-profile	Revalidate uploaded before-capi evidence and reclaim only private build trees	﻿2026-10-08T19:32:51.2480997Z ##[group]Run "$PURRDF_HOSTED_CONTROLLER" hosted-reclaim "$PROFILE_CASE"
native-profile	Revalidate uploaded before-capi evidence and reclaim only private build trees	2026-10-08T19:32:51.2481430Z ^[[36;1m"$PURRDF_HOSTED_CONTROLLER" hosted-reclaim "$PROFILE_CASE"^[[0m
native-profile	Revalidate uploaded before-capi evidence and reclaim only private build trees	2026-10-08T19:32:51.2539035Z shell: /usr/bin/bash -e {0}
native-profile	Revalidate uploaded before-capi evidence and reclaim only private build trees	2026-10-08T19:32:51.2539251Z env:
native-profile	Revalidate uploaded before-capi evidence and reclaim only private build trees	2026-10-08T19:32:51.2539417Z   CARGO_BUILD_JOBS: 8
native-profile	Revalidate uploaded before-capi evidence and reclaim only private build trees	2026-10-08T19:32:51.2539757Z   PURRDF_REQUIRE_SIMD_PATHS: distance:portable,distance:sse2,blake3:sse2,deflate:sse2,csv:sse2
native-profile	Revalidate uploaded before-capi evidence and reclaim only private build trees	2026-10-08T19:32:51.2540154Z   CARGO_HOME: /home/runner/.cargo
native-profile	Revalidate uploaded before-capi evidence and reclaim only private build trees	2026-10-08T19:32:51.2540377Z   CARGO_INCREMENTAL: 0
native-profile	Revalidate uploaded before-capi evidence and reclaim only private build trees	2026-10-08T19:32:51.2540568Z   CARGO_TERM_COLOR: always
native-profile	Revalidate uploaded before-capi evidence and reclaim only private build trees	2026-10-08T19:32:51.2540979Z   PURRDF_HOSTED_CONTROLLER: /opt/purrdf-native-profile/37822266421-1/controller-target/debug/examples/native_ci_profile
native-profile	Revalidate uploaded before-capi evidence and reclaim only private build trees	2026-10-08T19:32:51.2541454Z   PURRDF_HOSTED_REAL_CARGO: /home/runner/.cargo/bin/cargo
native-profile	Revalidate uploaded before-capi evidence and reclaim only private build trees	2026-10-08T19:32:51.2541721Z   PROFILE_CASE: before-capi
native-profile	Revalidate uploaded before-capi evidence and reclaim only private build trees	2026-10-08T19:32:51.2541956Z   PURRDF_HOSTED_UPLOAD_ID: 11573698293
native-profile	Revalidate uploaded before-capi evidence and reclaim only private build trees	2026-10-08T19:32:51.2542323Z   PURRDF_HOSTED_UPLOAD_DIGEST: 70575ea964bb40a4de353d9516dc336d3063c5e0abf4db2df05ecf7789f59d90
native-profile	Revalidate uploaded before-capi evidence and reclaim only private build trees	2026-10-08T19:32:51.2542730Z ##[endgroup]
native-profile	Execute validated cold and unchanged warm before-downstream	﻿2026-10-08T19:32:52.0137575Z ##[group]Run set -o pipefail
native-profile	Execute validated cold and unchanged warm before-downstream	2026-10-08T19:32:52.0137847Z ^[[36;1mset -o pipefail^[[0m
native-profile	Execute validated cold and unchanged warm before-downstream	2026-10-08T19:32:52.0138167Z ^[[36;1mcampaign="/opt/purrdf-native-profile/$GITHUB_RUN_ID-$GITHUB_RUN_ATTEMPT"^[[0m
native-profile	Execute validated cold and unchanged warm before-downstream	2026-10-08T19:32:52.0138523Z ^[[36;1mmkdir -p "$campaign/$PROFILE_CASE"^[[0m
native-profile	Execute validated cold and unchanged warm before-downstream	2026-10-08T19:32:52.0138859Z ^[[36;1mcp "$campaign/setup-start.txt" "$campaign/$PROFILE_CASE/setup-start.txt"^[[0m
native-profile	Execute validated cold and unchanged warm before-downstream	2026-10-08T19:32:52.0139338Z ^[[36;1mcp "$campaign/resources/setup-disk-before.txt" "$campaign/$PROFILE_CASE/setup-disk-before.txt"^[[0m
native-profile	Execute validated cold and unchanged warm before-downstream	2026-10-08T19:32:52.0139878Z ^[[36;1mcp "$campaign/resources/setup-disk-after.txt" "$campaign/$PROFILE_CASE/setup-disk-after.txt"^[[0m
native-profile	Execute validated cold and unchanged warm before-downstream	2026-10-08T19:32:52.0140381Z ^[[36;1mcp "$campaign/resources/actual-rustc.txt" "$campaign/$PROFILE_CASE/actual-rustc.txt"^[[0m
native-profile	Execute validated cold and unchanged warm before-downstream	2026-10-08T19:32:52.0140862Z ^[[36;1mcp "$campaign/resources/actual-cargo.txt" "$campaign/$PROFILE_CASE/actual-cargo.txt"^[[0m
native-profile	Execute validated cold and unchanged warm before-downstream	2026-10-08T19:32:52.0141379Z ^[[36;1m"$PURRDF_HOSTED_CONTROLLER" hosted-run "$PROFILE_CASE" 2>&1 | tee "$campaign/$PROFILE_CASE/hosted-run.txt"^[[0m
native-profile	Execute validated cold and unchanged warm before-downstream	2026-10-08T19:32:52.0195800Z shell: /usr/bin/bash -e {0}
native-profile	Execute validated cold and unchanged warm before-downstream	2026-10-08T19:32:52.0196028Z env:
native-profile	Execute validated cold and unchanged warm before-downstream	2026-10-08T19:32:52.0196208Z   CARGO_BUILD_JOBS: 8
native-profile	Execute validated cold and unchanged warm before-downstream	2026-10-08T19:32:52.0196547Z   PURRDF_REQUIRE_SIMD_PATHS: distance:portable,distance:sse2,blake3:sse2,deflate:sse2,csv:sse2
native-profile	Execute validated cold and unchanged warm before-downstream	2026-10-08T19:32:52.0196920Z   CARGO_HOME: /home/runner/.cargo
native-profile	Execute validated cold and unchanged warm before-downstream	2026-10-08T19:32:52.0197141Z   CARGO_INCREMENTAL: 0
native-profile	Execute validated cold and unchanged warm before-downstream	2026-10-08T19:32:52.0197336Z   CARGO_TERM_COLOR: always
native-profile	Execute validated cold and unchanged warm before-downstream	2026-10-08T19:32:52.0197750Z   PURRDF_HOSTED_CONTROLLER: /opt/purrdf-native-profile/37822266421-1/controller-target/debug/examples/native_ci_profile
native-profile	Execute validated cold and unchanged warm before-downstream	2026-10-08T19:32:52.0198222Z   PURRDF_HOSTED_REAL_CARGO: /home/runner/.cargo/bin/cargo
native-profile	Execute validated cold and unchanged warm before-downstream	2026-10-08T19:32:52.0198489Z   PROFILE_CASE: before-downstream
native-profile	Execute validated cold and unchanged warm before-downstream	2026-10-08T19:32:52.0198868Z ##[endgroup]
native-profile	Retain before-downstream source-bound evidence even on failure	﻿2026-10-08T19:33:01.7745904Z ##[group]Run actions/upload-artifact@043fb46d1a93c77aae656e7c1c64a875d1fc6a0a
native-profile	Retain before-downstream source-bound evidence even on failure	2026-10-08T19:33:01.7746254Z with:
native-profile	Retain before-downstream source-bound evidence even on failure	2026-10-08T19:33:01.7746481Z   name: native-profile-37822266421-1-arm-before-downstream
native-profile	Retain before-downstream source-bound evidence even on failure	2026-10-08T19:33:01.7747551Z   path: /opt/purrdf-native-profile/37822266421-1/before-downstream/*.json
native-profile	Retain before-downstream source-bound evidence even on failure	/opt/purrdf-native-profile/37822266421-1/before-downstream/*.txt
native-profile	Retain before-downstream source-bound evidence even on failure	/opt/purrdf-native-profile/37822266421-1/before-downstream/*.diff
native-profile	Retain before-downstream source-bound evidence even on failure	/opt/purrdf-native-profile/37822266421-1/before-downstream/*-cargo/*.json
native-profile	Retain before-downstream source-bound evidence even on failure	/opt/purrdf-native-profile/37822266421-1/before-downstream/*-cargo/*.html
native-profile	Retain before-downstream source-bound evidence even on failure	
native-profile	Retain before-downstream source-bound evidence even on failure	2026-10-08T19:33:01.7748564Z   if-no-files-found: error
native-profile	Retain before-downstream source-bound evidence even on failure	2026-10-08T19:33:01.7748765Z   retention-days: 30
native-profile	Retain before-downstream source-bound evidence even on failure	2026-10-08T19:33:01.7748958Z   compression-level: 6
native-profile	Retain before-downstream source-bound evidence even on failure	2026-10-08T19:33:01.7749142Z   overwrite: false
native-profile	Retain before-downstream source-bound evidence even on failure	2026-10-08T19:33:01.7749334Z   include-hidden-files: false
native-profile	Retain before-downstream source-bound evidence even on failure	2026-10-08T19:33:01.7749536Z   archive: true
native-profile	Retain before-downstream source-bound evidence even on failure	2026-10-08T19:33:01.7749711Z env:
native-profile	Retain before-downstream source-bound evidence even on failure	2026-10-08T19:33:01.7749876Z   CARGO_BUILD_JOBS: 8
native-profile	Retain before-downstream source-bound evidence even on failure	2026-10-08T19:33:01.7750220Z   PURRDF_REQUIRE_SIMD_PATHS: distance:portable,distance:sse2,blake3:sse2,deflate:sse2,csv:sse2
native-profile	Retain before-downstream source-bound evidence even on failure	2026-10-08T19:33:01.7750635Z   CARGO_HOME: /home/runner/.cargo
native-profile	Retain before-downstream source-bound evidence even on failure	2026-10-08T19:33:01.7750853Z   CARGO_INCREMENTAL: 0
native-profile	Retain before-downstream source-bound evidence even on failure	2026-10-08T19:33:01.7751040Z   CARGO_TERM_COLOR: always
native-profile	Retain before-downstream source-bound evidence even on failure	2026-10-08T19:33:01.7751448Z   PURRDF_HOSTED_CONTROLLER: /opt/purrdf-native-profile/37822266421-1/controller-target/debug/examples/native_ci_profile
native-profile	Retain before-downstream source-bound evidence even on failure	2026-10-08T19:33:01.7751911Z   PURRDF_HOSTED_REAL_CARGO: /home/runner/.cargo/bin/cargo
native-profile	Retain before-downstream source-bound evidence even on failure	2026-10-08T19:33:01.7752169Z ##[endgroup]
native-profile	Retain before-downstream source-bound evidence even on failure	2026-10-08T19:33:01.8951451Z With the provided path, there will be 24 files uploaded
native-profile	Retain before-downstream source-bound evidence even on failure	2026-10-08T19:33:01.8956163Z Artifact name is valid!
native-profile	Retain before-downstream source-bound evidence even on failure	2026-10-08T19:33:01.8956611Z Root directory input is valid!
native-profile	Retain before-downstream source-bound evidence even on failure	2026-10-08T19:33:02.2022017Z Uploading artifact: native-profile-37822266421-1-arm-before-downstream.zip
native-profile	Retain before-downstream source-bound evidence even on failure	2026-10-08T19:33:02.2053716Z Beginning upload of artifact content to blob storage
native-profile	Retain before-downstream source-bound evidence even on failure	2026-10-08T19:33:02.9649262Z Uploaded bytes 2465226
native-profile	Retain before-downstream source-bound evidence even on failure	2026-10-08T19:33:03.0219122Z Finished uploading artifact content to blob storage!
native-profile	Retain before-downstream source-bound evidence even on failure	2026-10-08T19:33:03.0220083Z SHA256 digest of uploaded artifact is dd949cf3b2036ae86f567e93149d100bf651beff8cb49e5d71df88c814e1b04a
native-profile	Retain before-downstream source-bound evidence even on failure	2026-10-08T19:33:03.0220660Z Finalizing artifact upload
native-profile	Retain before-downstream source-bound evidence even on failure	2026-10-08T19:33:03.4620367Z Artifact native-profile-37822266421-1-arm-before-downstream successfully finalized. Artifact ID 11573099942
native-profile	Retain before-downstream source-bound evidence even on failure	2026-10-08T19:33:03.4621429Z Artifact native-profile-37822266421-1-arm-before-downstream has been successfully uploaded! Final size is 2465226 bytes. Artifact ID is 11573099942
native-profile	Retain before-downstream source-bound evidence even on failure	2026-10-08T19:33:03.4623758Z Artifact download URL: https://github.com/Blackcat-Informatics/purrdf/actions/runs/37822266421/artifacts/11573099942
native-profile	Revalidate uploaded before-downstream evidence and reclaim only private build trees	﻿2026-10-08T19:33:03.4750538Z ##[group]Run "$PURRDF_HOSTED_CONTROLLER" hosted-reclaim "$PROFILE_CASE"
native-profile	Revalidate uploaded before-downstream evidence and reclaim only private build trees	2026-10-08T19:33:03.4750978Z ^[[36;1m"$PURRDF_HOSTED_CONTROLLER" hosted-reclaim "$PROFILE_CASE"^[[0m
native-profile	Revalidate uploaded before-downstream evidence and reclaim only private build trees	2026-10-08T19:33:03.4806243Z shell: /usr/bin/bash -e {0}
native-profile	Revalidate uploaded before-downstream evidence and reclaim only private build trees	2026-10-08T19:33:03.4806475Z env:
native-profile	Revalidate uploaded before-downstream evidence and reclaim only private build trees	2026-10-08T19:33:03.4806676Z   CARGO_BUILD_JOBS: 8
native-profile	Revalidate uploaded before-downstream evidence and reclaim only private build trees	2026-10-08T19:33:03.4807016Z   PURRDF_REQUIRE_SIMD_PATHS: distance:portable,distance:sse2,blake3:sse2,deflate:sse2,csv:sse2
native-profile	Revalidate uploaded before-downstream evidence and reclaim only private build trees	2026-10-08T19:33:03.4807394Z   CARGO_HOME: /home/runner/.cargo
native-profile	Revalidate uploaded before-downstream evidence and reclaim only private build trees	2026-10-08T19:33:03.4807623Z   CARGO_INCREMENTAL: 0
native-profile	Revalidate uploaded before-downstream evidence and reclaim only private build trees	2026-10-08T19:33:03.4807823Z   CARGO_TERM_COLOR: always
native-profile	Revalidate uploaded before-downstream evidence and reclaim only private build trees	2026-10-08T19:33:03.4808244Z   PURRDF_HOSTED_CONTROLLER: /opt/purrdf-native-profile/37822266421-1/controller-target/debug/examples/native_ci_profile
native-profile	Revalidate uploaded before-downstream evidence and reclaim only private build trees	2026-10-08T19:33:03.4808723Z   PURRDF_HOSTED_REAL_CARGO: /home/runner/.cargo/bin/cargo
native-profile	Revalidate uploaded before-downstream evidence and reclaim only private build trees	2026-10-08T19:33:03.4809006Z   PROFILE_CASE: before-downstream
native-profile	Revalidate uploaded before-downstream evidence and reclaim only private build trees	2026-10-08T19:33:03.4809235Z   PURRDF_HOSTED_UPLOAD_ID: 11573099942
native-profile	Revalidate uploaded before-downstream evidence and reclaim only private build trees	2026-10-08T19:33:03.4809614Z   PURRDF_HOSTED_UPLOAD_DIGEST: dd949cf3b2036ae86f567e93149d100bf651beff8cb49e5d71df88c814e1b04a
native-profile	Revalidate uploaded before-downstream evidence and reclaim only private build trees	2026-10-08T19:33:03.4810017Z ##[endgroup]
native-profile	Execute validated cold and unchanged warm after-lib	﻿2026-10-08T19:33:03.5894328Z ##[group]Run set -o pipefail
native-profile	Execute validated cold and unchanged warm after-lib	2026-10-08T19:33:03.5894785Z ^[[36;1mset -o pipefail^[[0m
native-profile	Execute validated cold and unchanged warm after-lib	2026-10-08T19:33:03.5895301Z ^[[36;1mcampaign="/opt/purrdf-native-profile/$GITHUB_RUN_ID-$GITHUB_RUN_ATTEMPT"^[[0m
native-profile	Execute validated cold and unchanged warm after-lib	2026-10-08T19:33:03.5896105Z ^[[36;1mmkdir -p "$campaign/$PROFILE_CASE"^[[0m
native-profile	Execute validated cold and unchanged warm after-lib	2026-10-08T19:33:03.5896639Z ^[[36;1mcp "$campaign/setup-start.txt" "$campaign/$PROFILE_CASE/setup-start.txt"^[[0m
native-profile	Execute validated cold and unchanged warm after-lib	2026-10-08T19:33:03.5897412Z ^[[36;1mcp "$campaign/resources/setup-disk-before.txt" "$campaign/$PROFILE_CASE/setup-disk-before.txt"^[[0m
native-profile	Execute validated cold and unchanged warm after-lib	2026-10-08T19:33:03.5898259Z ^[[36;1mcp "$campaign/resources/setup-disk-after.txt" "$campaign/$PROFILE_CASE/setup-disk-after.txt"^[[0m
native-profile	Execute validated cold and unchanged warm after-lib	2026-10-08T19:33:03.5898763Z ^[[36;1mcp "$campaign/resources/actual-rustc.txt" "$campaign/$PROFILE_CASE/actual-rustc.txt"^[[0m
native-profile	Execute validated cold and unchanged warm after-lib	2026-10-08T19:33:03.5899269Z ^[[36;1mcp "$campaign/resources/actual-cargo.txt" "$campaign/$PROFILE_CASE/actual-cargo.txt"^[[0m
native-profile	Execute validated cold and unchanged warm after-lib	2026-10-08T19:33:03.5899808Z ^[[36;1m"$PURRDF_HOSTED_CONTROLLER" hosted-run "$PROFILE_CASE" 2>&1 | tee "$campaign/$PROFILE_CASE/hosted-run.txt"^[[0m
native-profile	Execute validated cold and unchanged warm after-lib	2026-10-08T19:33:03.5975858Z shell: /usr/bin/bash -e {0}
native-profile	Execute validated cold and unchanged warm after-lib	2026-10-08T19:33:03.5976213Z env:
native-profile	Execute validated cold and unchanged warm after-lib	2026-10-08T19:33:03.5976493Z   CARGO_BUILD_JOBS: 8
native-profile	Execute validated cold and unchanged warm after-lib	2026-10-08T19:33:03.5977064Z   PURRDF_REQUIRE_SIMD_PATHS: distance:portable,distance:sse2,blake3:sse2,deflate:sse2,csv:sse2
native-profile	Execute validated cold and unchanged warm after-lib	2026-10-08T19:33:03.5977675Z   CARGO_HOME: /home/runner/.cargo
native-profile	Execute validated cold and unchanged warm after-lib	2026-10-08T19:33:03.5978022Z   CARGO_INCREMENTAL: 0
native-profile	Execute validated cold and unchanged warm after-lib	2026-10-08T19:33:03.5978326Z   CARGO_TERM_COLOR: always
native-profile	Execute validated cold and unchanged warm after-lib	2026-10-08T19:33:03.5979015Z   PURRDF_HOSTED_CONTROLLER: /opt/purrdf-native-profile/37822266421-1/controller-target/debug/examples/native_ci_profile
native-profile	Execute validated cold and unchanged warm after-lib	2026-10-08T19:33:03.5979820Z   PURRDF_HOSTED_REAL_CARGO: /home/runner/.cargo/bin/cargo
native-profile	Execute validated cold and unchanged warm after-lib	2026-10-08T19:33:03.5980255Z   PROFILE_CASE: after-lib
native-profile	Execute validated cold and unchanged warm after-lib	2026-10-08T19:33:03.5980576Z ##[endgroup]
native-profile	Retain after-lib source-bound evidence even on failure	﻿2026-10-08T19:51:38.1360912Z ##[group]Run actions/upload-artifact@043fb46d1a93c77aae656e7c1c64a875d1fc6a0a
native-profile	Retain after-lib source-bound evidence even on failure	2026-10-08T19:51:38.1361271Z with:
native-profile	Retain after-lib source-bound evidence even on failure	2026-10-08T19:51:38.1361492Z   name: native-profile-37822266421-1-arm-after-lib
native-profile	Retain after-lib source-bound evidence even on failure	2026-10-08T19:51:38.1362440Z   path: /opt/purrdf-native-profile/37822266421-1/after-lib/*.json
native-profile	Retain after-lib source-bound evidence even on failure	/opt/purrdf-native-profile/37822266421-1/after-lib/*.txt
native-profile	Retain after-lib source-bound evidence even on failure	/opt/purrdf-native-profile/37822266421-1/after-lib/*.diff
native-profile	Retain after-lib source-bound evidence even on failure	/opt/purrdf-native-profile/37822266421-1/after-lib/*-cargo/*.json
native-profile	Retain after-lib source-bound evidence even on failure	/opt/purrdf-native-profile/37822266421-1/after-lib/*-cargo/*.html
native-profile	Retain after-lib source-bound evidence even on failure	
native-profile	Retain after-lib source-bound evidence even on failure	2026-10-08T19:51:38.1363590Z   if-no-files-found: error
native-profile	Retain after-lib source-bound evidence even on failure	2026-10-08T19:51:38.1363799Z   retention-days: 30
native-profile	Retain after-lib source-bound evidence even on failure	2026-10-08T19:51:38.1363999Z   compression-level: 6
native-profile	Retain after-lib source-bound evidence even on failure	2026-10-08T19:51:38.1364194Z   overwrite: false
native-profile	Retain after-lib source-bound evidence even on failure	2026-10-08T19:51:38.1364385Z   include-hidden-files: false
native-profile	Retain after-lib source-bound evidence even on failure	2026-10-08T19:51:38.1364602Z   archive: true
native-profile	Retain after-lib source-bound evidence even on failure	2026-10-08T19:51:38.1364782Z env:
native-profile	Retain after-lib source-bound evidence even on failure	2026-10-08T19:51:38.1364949Z   CARGO_BUILD_JOBS: 8
native-profile	Retain after-lib source-bound evidence even on failure	2026-10-08T19:51:38.1365283Z   PURRDF_REQUIRE_SIMD_PATHS: distance:portable,distance:sse2,blake3:sse2,deflate:sse2,csv:sse2
native-profile	Retain after-lib source-bound evidence even on failure	2026-10-08T19:51:38.1365696Z   CARGO_HOME: /home/runner/.cargo
native-profile	Retain after-lib source-bound evidence even on failure	2026-10-08T19:51:38.1365922Z   CARGO_INCREMENTAL: 0
native-profile	Retain after-lib source-bound evidence even on failure	2026-10-08T19:51:38.1366125Z   CARGO_TERM_COLOR: always
native-profile	Retain after-lib source-bound evidence even on failure	2026-10-08T19:51:38.1366546Z   PURRDF_HOSTED_CONTROLLER: /opt/purrdf-native-profile/37822266421-1/controller-target/debug/examples/native_ci_profile
native-profile	Retain after-lib source-bound evidence even on failure	2026-10-08T19:51:38.1367045Z   PURRDF_HOSTED_REAL_CARGO: /home/runner/.cargo/bin/cargo
native-profile	Retain after-lib source-bound evidence even on failure	2026-10-08T19:51:38.1367314Z ##[endgroup]
native-profile	Retain after-lib source-bound evidence even on failure	2026-10-08T19:51:38.2548081Z With the provided path, there will be 24 files uploaded
native-profile	Retain after-lib source-bound evidence even on failure	2026-10-08T19:51:38.2551957Z Artifact name is valid!
native-profile	Retain after-lib source-bound evidence even on failure	2026-10-08T19:51:38.2552648Z Root directory input is valid!
native-profile	Retain after-lib source-bound evidence even on failure	2026-10-08T19:51:38.5780691Z Uploading artifact: native-profile-37822266421-1-arm-after-lib.zip
native-profile	Retain after-lib source-bound evidence even on failure	2026-10-08T19:51:38.5811192Z Beginning upload of artifact content to blob storage
native-profile	Retain after-lib source-bound evidence even on failure	2026-10-08T19:51:39.4279912Z Uploaded bytes 3138457
native-profile	Retain after-lib source-bound evidence even on failure	2026-10-08T19:51:39.4844218Z Finished uploading artifact content to blob storage!
native-profile	Retain after-lib source-bound evidence even on failure	2026-10-08T19:51:39.4844967Z SHA256 digest of uploaded artifact is b56bbed540988cb682c60c34fd7caaac72ec30cff81619b71d0e88bdb874286d
native-profile	Retain after-lib source-bound evidence even on failure	2026-10-08T19:51:39.4845587Z Finalizing artifact upload
native-profile	Retain after-lib source-bound evidence even on failure	2026-10-08T19:51:39.8444271Z Artifact native-profile-37822266421-1-arm-after-lib successfully finalized. Artifact ID 11575540935
native-profile	Retain after-lib source-bound evidence even on failure	2026-10-08T19:51:39.8445642Z Artifact native-profile-37822266421-1-arm-after-lib has been successfully uploaded! Final size is 3138457 bytes. Artifact ID is 11575540935
native-profile	Retain after-lib source-bound evidence even on failure	2026-10-08T19:51:39.8447929Z Artifact download URL: https://github.com/Blackcat-Informatics/purrdf/actions/runs/37822266421/artifacts/11575540935
native-profile	Revalidate uploaded after-lib evidence and reclaim only private build trees	﻿2026-10-08T19:51:39.8590564Z ##[group]Run "$PURRDF_HOSTED_CONTROLLER" hosted-reclaim "$PROFILE_CASE"
native-profile	Revalidate uploaded after-lib evidence and reclaim only private build trees	2026-10-08T19:51:39.8590995Z ^[[36;1m"$PURRDF_HOSTED_CONTROLLER" hosted-reclaim "$PROFILE_CASE"^[[0m
native-profile	Revalidate uploaded after-lib evidence and reclaim only private build trees	2026-10-08T19:51:39.8645845Z shell: /usr/bin/bash -e {0}
native-profile	Revalidate uploaded after-lib evidence and reclaim only private build trees	2026-10-08T19:51:39.8646071Z env:
native-profile	Revalidate uploaded after-lib evidence and reclaim only private build trees	2026-10-08T19:51:39.8646252Z   CARGO_BUILD_JOBS: 8
native-profile	Revalidate uploaded after-lib evidence and reclaim only private build trees	2026-10-08T19:51:39.8646603Z   PURRDF_REQUIRE_SIMD_PATHS: distance:portable,distance:sse2,blake3:sse2,deflate:sse2,csv:sse2
native-profile	Revalidate uploaded after-lib evidence and reclaim only private build trees	2026-10-08T19:51:39.8646982Z   CARGO_HOME: /home/runner/.cargo
native-profile	Revalidate uploaded after-lib evidence and reclaim only private build trees	2026-10-08T19:51:39.8647209Z   CARGO_INCREMENTAL: 0
native-profile	Revalidate uploaded after-lib evidence and reclaim only private build trees	2026-10-08T19:51:39.8647403Z   CARGO_TERM_COLOR: always
native-profile	Revalidate uploaded after-lib evidence and reclaim only private build trees	2026-10-08T19:51:39.8647831Z   PURRDF_HOSTED_CONTROLLER: /opt/purrdf-native-profile/37822266421-1/controller-target/debug/examples/native_ci_profile
native-profile	Revalidate uploaded after-lib evidence and reclaim only private build trees	2026-10-08T19:51:39.8648323Z   PURRDF_HOSTED_REAL_CARGO: /home/runner/.cargo/bin/cargo
native-profile	Revalidate uploaded after-lib evidence and reclaim only private build trees	2026-10-08T19:51:39.8648598Z   PROFILE_CASE: after-lib
native-profile	Revalidate uploaded after-lib evidence and reclaim only private build trees	2026-10-08T19:51:39.8648808Z   PURRDF_HOSTED_UPLOAD_ID: 11575540935
native-profile	Revalidate uploaded after-lib evidence and reclaim only private build trees	2026-10-08T19:51:39.8649191Z   PURRDF_HOSTED_UPLOAD_DIGEST: b56bbed540988cb682c60c34fd7caaac72ec30cff81619b71d0e88bdb874286d
native-profile	Revalidate uploaded after-lib evidence and reclaim only private build trees	2026-10-08T19:51:39.8649602Z ##[endgroup]
native-profile	Execute validated cold and unchanged warm after-doc	﻿2026-10-08T19:51:40.2492101Z ##[group]Run set -o pipefail
native-profile	Execute validated cold and unchanged warm after-doc	2026-10-08T19:51:40.2492391Z ^[[36;1mset -o pipefail^[[0m
native-profile	Execute validated cold and unchanged warm after-doc	2026-10-08T19:51:40.2492722Z ^[[36;1mcampaign="/opt/purrdf-native-profile/$GITHUB_RUN_ID-$GITHUB_RUN_ATTEMPT"^[[0m
native-profile	Execute validated cold and unchanged warm after-doc	2026-10-08T19:51:40.2493287Z ^[[36;1mmkdir -p "$campaign/$PROFILE_CASE"^[[0m
native-profile	Execute validated cold and unchanged warm after-doc	2026-10-08T19:51:40.2493660Z ^[[36;1mcp "$campaign/setup-start.txt" "$campaign/$PROFILE_CASE/setup-start.txt"^[[0m
native-profile	Execute validated cold and unchanged warm after-doc	2026-10-08T19:51:40.2494157Z ^[[36;1mcp "$campaign/resources/setup-disk-before.txt" "$campaign/$PROFILE_CASE/setup-disk-before.txt"^[[0m
native-profile	Execute validated cold and unchanged warm after-doc	2026-10-08T19:51:40.2494680Z ^[[36;1mcp "$campaign/resources/setup-disk-after.txt" "$campaign/$PROFILE_CASE/setup-disk-after.txt"^[[0m
native-profile	Execute validated cold and unchanged warm after-doc	2026-10-08T19:51:40.2495208Z ^[[36;1mcp "$campaign/resources/actual-rustc.txt" "$campaign/$PROFILE_CASE/actual-rustc.txt"^[[0m
native-profile	Execute validated cold and unchanged warm after-doc	2026-10-08T19:51:40.2495684Z ^[[36;1mcp "$campaign/resources/actual-cargo.txt" "$campaign/$PROFILE_CASE/actual-cargo.txt"^[[0m
native-profile	Execute validated cold and unchanged warm after-doc	2026-10-08T19:51:40.2496212Z ^[[36;1m"$PURRDF_HOSTED_CONTROLLER" hosted-run "$PROFILE_CASE" 2>&1 | tee "$campaign/$PROFILE_CASE/hosted-run.txt"^[[0m
native-profile	Execute validated cold and unchanged warm after-doc	2026-10-08T19:51:40.2549472Z shell: /usr/bin/bash -e {0}
native-profile	Execute validated cold and unchanged warm after-doc	2026-10-08T19:51:40.2549704Z env:
native-profile	Execute validated cold and unchanged warm after-doc	2026-10-08T19:51:40.2549888Z   CARGO_BUILD_JOBS: 8
native-profile	Execute validated cold and unchanged warm after-doc	2026-10-08T19:51:40.2550242Z   PURRDF_REQUIRE_SIMD_PATHS: distance:portable,distance:sse2,blake3:sse2,deflate:sse2,csv:sse2
native-profile	Execute validated cold and unchanged warm after-doc	2026-10-08T19:51:40.2550624Z   CARGO_HOME: /home/runner/.cargo
native-profile	Execute validated cold and unchanged warm after-doc	2026-10-08T19:51:40.2550853Z   CARGO_INCREMENTAL: 0
native-profile	Execute validated cold and unchanged warm after-doc	2026-10-08T19:51:40.2551056Z   CARGO_TERM_COLOR: always
native-profile	Execute validated cold and unchanged warm after-doc	2026-10-08T19:51:40.2551485Z   PURRDF_HOSTED_CONTROLLER: /opt/purrdf-native-profile/37822266421-1/controller-target/debug/examples/native_ci_profile
native-profile	Execute validated cold and unchanged warm after-doc	2026-10-08T19:51:40.2551982Z   PURRDF_HOSTED_REAL_CARGO: /home/runner/.cargo/bin/cargo
native-profile	Execute validated cold and unchanged warm after-doc	2026-10-08T19:51:40.2552264Z   PROFILE_CASE: after-doc
native-profile	Execute validated cold and unchanged warm after-doc	2026-10-08T19:51:40.2552476Z ##[endgroup]
native-profile	Retain after-doc source-bound evidence even on failure	﻿2026-10-08T19:59:37.8441680Z ##[group]Run actions/upload-artifact@043fb46d1a93c77aae656e7c1c64a875d1fc6a0a
native-profile	Retain after-doc source-bound evidence even on failure	2026-10-08T19:59:37.8442054Z with:
native-profile	Retain after-doc source-bound evidence even on failure	2026-10-08T19:59:37.8442274Z   name: native-profile-37822266421-1-arm-after-doc
native-profile	Retain after-doc source-bound evidence even on failure	2026-10-08T19:59:37.8443448Z   path: /opt/purrdf-native-profile/37822266421-1/after-doc/*.json
native-profile	Retain after-doc source-bound evidence even on failure	/opt/purrdf-native-profile/37822266421-1/after-doc/*.txt
native-profile	Retain after-doc source-bound evidence even on failure	/opt/purrdf-native-profile/37822266421-1/after-doc/*.diff
native-profile	Retain after-doc source-bound evidence even on failure	/opt/purrdf-native-profile/37822266421-1/after-doc/*-cargo/*.json
native-profile	Retain after-doc source-bound evidence even on failure	/opt/purrdf-native-profile/37822266421-1/after-doc/*-cargo/*.html
native-profile	Retain after-doc source-bound evidence even on failure	
native-profile	Retain after-doc source-bound evidence even on failure	2026-10-08T19:59:37.8444355Z   if-no-files-found: error
native-profile	Retain after-doc source-bound evidence even on failure	2026-10-08T19:59:37.8444586Z   retention-days: 30
native-profile	Retain after-doc source-bound evidence even on failure	2026-10-08T19:59:37.8444789Z   compression-level: 6
native-profile	Retain after-doc source-bound evidence even on failure	2026-10-08T19:59:37.8444988Z   overwrite: false
native-profile	Retain after-doc source-bound evidence even on failure	2026-10-08T19:59:37.8445184Z   include-hidden-files: false
native-profile	Retain after-doc source-bound evidence even on failure	2026-10-08T19:59:37.8445575Z   archive: true
native-profile	Retain after-doc source-bound evidence even on failure	2026-10-08T19:59:37.8445757Z env:
native-profile	Retain after-doc source-bound evidence even on failure	2026-10-08T19:59:37.8445931Z   CARGO_BUILD_JOBS: 8
native-profile	Retain after-doc source-bound evidence even on failure	2026-10-08T19:59:37.8446269Z   PURRDF_REQUIRE_SIMD_PATHS: distance:portable,distance:sse2,blake3:sse2,deflate:sse2,csv:sse2
native-profile	Retain after-doc source-bound evidence even on failure	2026-10-08T19:59:37.8446663Z   CARGO_HOME: /home/runner/.cargo
native-profile	Retain after-doc source-bound evidence even on failure	2026-10-08T19:59:37.8446889Z   CARGO_INCREMENTAL: 0
native-profile	Retain after-doc source-bound evidence even on failure	2026-10-08T19:59:37.8447085Z   CARGO_TERM_COLOR: always
native-profile	Retain after-doc source-bound evidence even on failure	2026-10-08T19:59:37.8447501Z   PURRDF_HOSTED_CONTROLLER: /opt/purrdf-native-profile/37822266421-1/controller-target/debug/examples/native_ci_profile
native-profile	Retain after-doc source-bound evidence even on failure	2026-10-08T19:59:37.8447984Z   PURRDF_HOSTED_REAL_CARGO: /home/runner/.cargo/bin/cargo
native-profile	Retain after-doc source-bound evidence even on failure	2026-10-08T19:59:37.8448247Z ##[endgroup]
native-profile	Retain after-doc source-bound evidence even on failure	2026-10-08T19:59:37.9628557Z With the provided path, there will be 32 files uploaded
native-profile	Retain after-doc source-bound evidence even on failure	2026-10-08T19:59:37.9631759Z Artifact name is valid!
native-profile	Retain after-doc source-bound evidence even on failure	2026-10-08T19:59:37.9632140Z Root directory input is valid!
native-profile	Retain after-doc source-bound evidence even on failure	2026-10-08T19:59:38.2824768Z Uploading artifact: native-profile-37822266421-1-arm-after-doc.zip
native-profile	Retain after-doc source-bound evidence even on failure	2026-10-08T19:59:38.2868489Z Beginning upload of artifact content to blob storage
native-profile	Retain after-doc source-bound evidence even on failure	2026-10-08T19:59:39.1629956Z Uploaded bytes 2695574
native-profile	Retain after-doc source-bound evidence even on failure	2026-10-08T19:59:39.2196871Z Finished uploading artifact content to blob storage!
native-profile	Retain after-doc source-bound evidence even on failure	2026-10-08T19:59:39.2197975Z SHA256 digest of uploaded artifact is 154ffc26f72c7ec24ee96dcb263abfbf1cf6f9ffcc0b75a5ace78c73efded214
native-profile	Retain after-doc source-bound evidence even on failure	2026-10-08T19:59:39.2198859Z Finalizing artifact upload
native-profile	Retain after-doc source-bound evidence even on failure	2026-10-08T19:59:39.5531109Z Artifact native-profile-37822266421-1-arm-after-doc successfully finalized. Artifact ID 11575103061
native-profile	Retain after-doc source-bound evidence even on failure	2026-10-08T19:59:39.5532038Z Artifact native-profile-37822266421-1-arm-after-doc has been successfully uploaded! Final size is 2695574 bytes. Artifact ID is 11575103061
native-profile	Retain after-doc source-bound evidence even on failure	2026-10-08T19:59:39.5534706Z Artifact download URL: https://github.com/Blackcat-Informatics/purrdf/actions/runs/37822266421/artifacts/11575103061
native-profile	Revalidate uploaded after-doc evidence and reclaim only private build trees	﻿2026-10-08T19:59:39.5952697Z ##[group]Run "$PURRDF_HOSTED_CONTROLLER" hosted-reclaim "$PROFILE_CASE"
native-profile	Revalidate uploaded after-doc evidence and reclaim only private build trees	2026-10-08T19:59:39.5953301Z ^[[36;1m"$PURRDF_HOSTED_CONTROLLER" hosted-reclaim "$PROFILE_CASE"^[[0m
native-profile	Revalidate uploaded after-doc evidence and reclaim only private build trees	2026-10-08T19:59:39.6012076Z shell: /usr/bin/bash -e {0}
native-profile	Revalidate uploaded after-doc evidence and reclaim only private build trees	2026-10-08T19:59:39.6012315Z env:
native-profile	Revalidate uploaded after-doc evidence and reclaim only private build trees	2026-10-08T19:59:39.6012498Z   CARGO_BUILD_JOBS: 8
native-profile	Revalidate uploaded after-doc evidence and reclaim only private build trees	2026-10-08T19:59:39.6012851Z   PURRDF_REQUIRE_SIMD_PATHS: distance:portable,distance:sse2,blake3:sse2,deflate:sse2,csv:sse2
native-profile	Revalidate uploaded after-doc evidence and reclaim only private build trees	2026-10-08T19:59:39.6013325Z   CARGO_HOME: /home/runner/.cargo
native-profile	Revalidate uploaded after-doc evidence and reclaim only private build trees	2026-10-08T19:59:39.6013557Z   CARGO_INCREMENTAL: 0
native-profile	Revalidate uploaded after-doc evidence and reclaim only private build trees	2026-10-08T19:59:39.6013766Z   CARGO_TERM_COLOR: always
native-profile	Revalidate uploaded after-doc evidence and reclaim only private build trees	2026-10-08T19:59:39.6014202Z   PURRDF_HOSTED_CONTROLLER: /opt/purrdf-native-profile/37822266421-1/controller-target/debug/examples/native_ci_profile
native-profile	Revalidate uploaded after-doc evidence and reclaim only private build trees	2026-10-08T19:59:39.6014688Z   PURRDF_HOSTED_REAL_CARGO: /home/runner/.cargo/bin/cargo
native-profile	Revalidate uploaded after-doc evidence and reclaim only private build trees	2026-10-08T19:59:39.6014969Z   PROFILE_CASE: after-doc
native-profile	Revalidate uploaded after-doc evidence and reclaim only private build trees	2026-10-08T19:59:39.6015187Z   PURRDF_HOSTED_UPLOAD_ID: 11575103061
native-profile	Revalidate uploaded after-doc evidence and reclaim only private build trees	2026-10-08T19:59:39.6015581Z   PURRDF_HOSTED_UPLOAD_DIGEST: 154ffc26f72c7ec24ee96dcb263abfbf1cf6f9ffcc0b75a5ace78c73efded214
native-profile	Revalidate uploaded after-doc evidence and reclaim only private build trees	2026-10-08T19:59:39.6016006Z ##[endgroup]
native-profile	Execute validated cold and unchanged warm after-integration-1	﻿2026-10-08T19:59:40.0721902Z ##[group]Run set -o pipefail
native-profile	Execute validated cold and unchanged warm after-integration-1	2026-10-08T19:59:40.0722213Z ^[[36;1mset -o pipefail^[[0m
native-profile	Execute validated cold and unchanged warm after-integration-1	2026-10-08T19:59:40.0722549Z ^[[36;1mcampaign="/opt/purrdf-native-profile/$GITHUB_RUN_ID-$GITHUB_RUN_ATTEMPT"^[[0m
native-profile	Execute validated cold and unchanged warm after-integration-1	2026-10-08T19:59:40.0722920Z ^[[36;1mmkdir -p "$campaign/$PROFILE_CASE"^[[0m
native-profile	Execute validated cold and unchanged warm after-integration-1	2026-10-08T19:59:40.0723525Z ^[[36;1mcp "$campaign/setup-start.txt" "$campaign/$PROFILE_CASE/setup-start.txt"^[[0m
native-profile	Execute validated cold and unchanged warm after-integration-1	2026-10-08T19:59:40.0724033Z ^[[36;1mcp "$campaign/resources/setup-disk-before.txt" "$campaign/$PROFILE_CASE/setup-disk-before.txt"^[[0m
native-profile	Execute validated cold and unchanged warm after-integration-1	2026-10-08T19:59:40.0724603Z ^[[36;1mcp "$campaign/resources/setup-disk-after.txt" "$campaign/$PROFILE_CASE/setup-disk-after.txt"^[[0m
native-profile	Execute validated cold and unchanged warm after-integration-1	2026-10-08T19:59:40.0725123Z ^[[36;1mcp "$campaign/resources/actual-rustc.txt" "$campaign/$PROFILE_CASE/actual-rustc.txt"^[[0m
native-profile	Execute validated cold and unchanged warm after-integration-1	2026-10-08T19:59:40.0725613Z ^[[36;1mcp "$campaign/resources/actual-cargo.txt" "$campaign/$PROFILE_CASE/actual-cargo.txt"^[[0m
native-profile	Execute validated cold and unchanged warm after-integration-1	2026-10-08T19:59:40.0726142Z ^[[36;1m"$PURRDF_HOSTED_CONTROLLER" hosted-run "$PROFILE_CASE" 2>&1 | tee "$campaign/$PROFILE_CASE/hosted-run.txt"^[[0m
native-profile	Execute validated cold and unchanged warm after-integration-1	2026-10-08T19:59:40.0781628Z shell: /usr/bin/bash -e {0}
native-profile	Execute validated cold and unchanged warm after-integration-1	2026-10-08T19:59:40.0781866Z env:
native-profile	Execute validated cold and unchanged warm after-integration-1	2026-10-08T19:59:40.0782053Z   CARGO_BUILD_JOBS: 8
native-profile	Execute validated cold and unchanged warm after-integration-1	2026-10-08T19:59:40.0782406Z   PURRDF_REQUIRE_SIMD_PATHS: distance:portable,distance:sse2,blake3:sse2,deflate:sse2,csv:sse2
native-profile	Execute validated cold and unchanged warm after-integration-1	2026-10-08T19:59:40.0782789Z   CARGO_HOME: /home/runner/.cargo
native-profile	Execute validated cold and unchanged warm after-integration-1	2026-10-08T19:59:40.0783027Z   CARGO_INCREMENTAL: 0
native-profile	Execute validated cold and unchanged warm after-integration-1	2026-10-08T19:59:40.0783402Z   CARGO_TERM_COLOR: always
native-profile	Execute validated cold and unchanged warm after-integration-1	2026-10-08T19:59:40.0783842Z   PURRDF_HOSTED_CONTROLLER: /opt/purrdf-native-profile/37822266421-1/controller-target/debug/examples/native_ci_profile
native-profile	Execute validated cold and unchanged warm after-integration-1	2026-10-08T19:59:40.0784330Z   PURRDF_HOSTED_REAL_CARGO: /home/runner/.cargo/bin/cargo
native-profile	Execute validated cold and unchanged warm after-integration-1	2026-10-08T19:59:40.0784619Z   PROFILE_CASE: after-integration-1
native-profile	Execute validated cold and unchanged warm after-integration-1	2026-10-08T19:59:40.0784853Z ##[endgroup]
native-profile	Retain after-integration-1 source-bound evidence even on failure	﻿2026-10-08T20:12:34.9674626Z ##[group]Run actions/upload-artifact@043fb46d1a93c77aae656e7c1c64a875d1fc6a0a
native-profile	Retain after-integration-1 source-bound evidence even on failure	2026-10-08T20:12:34.9674990Z with:
native-profile	Retain after-integration-1 source-bound evidence even on failure	2026-10-08T20:12:34.9675242Z   name: native-profile-37822266421-1-arm-after-integration-1
native-profile	Retain after-integration-1 source-bound evidence even on failure	2026-10-08T20:12:34.9676386Z   path: /opt/purrdf-native-profile/37822266421-1/after-integration-1/*.json
native-profile	Retain after-integration-1 source-bound evidence even on failure	/opt/purrdf-native-profile/37822266421-1/after-integration-1/*.txt
native-profile	Retain after-integration-1 source-bound evidence even on failure	/opt/purrdf-native-profile/37822266421-1/after-integration-1/*.diff
native-profile	Retain after-integration-1 source-bound evidence even on failure	/opt/purrdf-native-profile/37822266421-1/after-integration-1/*-cargo/*.json
native-profile	Retain after-integration-1 source-bound evidence even on failure	/opt/purrdf-native-profile/37822266421-1/after-integration-1/*-cargo/*.html
native-profile	Retain after-integration-1 source-bound evidence even on failure	
native-profile	Retain after-integration-1 source-bound evidence even on failure	2026-10-08T20:12:34.9677450Z   if-no-files-found: error
native-profile	Retain after-integration-1 source-bound evidence even on failure	2026-10-08T20:12:34.9677670Z   retention-days: 30
native-profile	Retain after-integration-1 source-bound evidence even on failure	2026-10-08T20:12:34.9677878Z   compression-level: 6
native-profile	Retain after-integration-1 source-bound evidence even on failure	2026-10-08T20:12:34.9678082Z   overwrite: false
native-profile	Retain after-integration-1 source-bound evidence even on failure	2026-10-08T20:12:34.9678285Z   include-hidden-files: false
native-profile	Retain after-integration-1 source-bound evidence even on failure	2026-10-08T20:12:34.9678511Z   archive: true
native-profile	Retain after-integration-1 source-bound evidence even on failure	2026-10-08T20:12:34.9678700Z env:
native-profile	Retain after-integration-1 source-bound evidence even on failure	2026-10-08T20:12:34.9678878Z   CARGO_BUILD_JOBS: 8
native-profile	Retain after-integration-1 source-bound evidence even on failure	2026-10-08T20:12:34.9679215Z   PURRDF_REQUIRE_SIMD_PATHS: distance:portable,distance:sse2,blake3:sse2,deflate:sse2,csv:sse2
native-profile	Retain after-integration-1 source-bound evidence even on failure	2026-10-08T20:12:34.9679634Z   CARGO_HOME: /home/runner/.cargo
native-profile	Retain after-integration-1 source-bound evidence even on failure	2026-10-08T20:12:34.9679867Z   CARGO_INCREMENTAL: 0
native-profile	Retain after-integration-1 source-bound evidence even on failure	2026-10-08T20:12:34.9701170Z   CARGO_TERM_COLOR: always
native-profile	Retain after-integration-1 source-bound evidence even on failure	2026-10-08T20:12:34.9701666Z   PURRDF_HOSTED_CONTROLLER: /opt/purrdf-native-profile/37822266421-1/controller-target/debug/examples/native_ci_profile
native-profile	Retain after-integration-1 source-bound evidence even on failure	2026-10-08T20:12:34.9702187Z   PURRDF_HOSTED_REAL_CARGO: /home/runner/.cargo/bin/cargo
native-profile	Retain after-integration-1 source-bound evidence even on failure	2026-10-08T20:12:34.9702465Z ##[endgroup]
native-profile	Retain after-integration-1 source-bound evidence even on failure	2026-10-08T20:12:35.0909196Z With the provided path, there will be 24 files uploaded
native-profile	Retain after-integration-1 source-bound evidence even on failure	2026-10-08T20:12:35.0913729Z Artifact name is valid!
native-profile	Retain after-integration-1 source-bound evidence even on failure	2026-10-08T20:12:35.0914183Z Root directory input is valid!
native-profile	Retain after-integration-1 source-bound evidence even on failure	2026-10-08T20:12:35.4076603Z Uploading artifact: native-profile-37822266421-1-arm-after-integration-1.zip
native-profile	Retain after-integration-1 source-bound evidence even on failure	2026-10-08T20:12:35.4107119Z Beginning upload of artifact content to blob storage
native-profile	Retain after-integration-1 source-bound evidence even on failure	2026-10-08T20:12:36.1901612Z Uploaded bytes 2691784
native-profile	Retain after-integration-1 source-bound evidence even on failure	2026-10-08T20:12:36.2474609Z Finished uploading artifact content to blob storage!
native-profile	Retain after-integration-1 source-bound evidence even on failure	2026-10-08T20:12:36.2475650Z SHA256 digest of uploaded artifact is cba4706c40c0b17e4de6f828d889755ae3f5c92877c5c04fb6d52bea1fffd4fd
native-profile	Retain after-integration-1 source-bound evidence even on failure	2026-10-08T20:12:36.2476187Z Finalizing artifact upload
native-profile	Retain after-integration-1 source-bound evidence even on failure	2026-10-08T20:12:36.6808275Z Artifact native-profile-37822266421-1-arm-after-integration-1 successfully finalized. Artifact ID 11575708871
native-profile	Retain after-integration-1 source-bound evidence even on failure	2026-10-08T20:12:36.6809736Z Artifact native-profile-37822266421-1-arm-after-integration-1 has been successfully uploaded! Final size is 2691784 bytes. Artifact ID is 11575708871
native-profile	Retain after-integration-1 source-bound evidence even on failure	2026-10-08T20:12:36.6811829Z Artifact download URL: https://github.com/Blackcat-Informatics/purrdf/actions/runs/37822266421/artifacts/11575708871
native-profile	Revalidate uploaded after-integration-1 evidence and reclaim only private build trees	﻿2026-10-08T20:12:36.6944594Z ##[group]Run "$PURRDF_HOSTED_CONTROLLER" hosted-reclaim "$PROFILE_CASE"
native-profile	Revalidate uploaded after-integration-1 evidence and reclaim only private build trees	2026-10-08T20:12:36.6945116Z ^[[36;1m"$PURRDF_HOSTED_CONTROLLER" hosted-reclaim "$PROFILE_CASE"^[[0m
native-profile	Revalidate uploaded after-integration-1 evidence and reclaim only private build trees	2026-10-08T20:12:36.6999579Z shell: /usr/bin/bash -e {0}
native-profile	Revalidate uploaded after-integration-1 evidence and reclaim only private build trees	2026-10-08T20:12:36.6999814Z env:
native-profile	Revalidate uploaded after-integration-1 evidence and reclaim only private build trees	2026-10-08T20:12:36.7000003Z   CARGO_BUILD_JOBS: 8
native-profile	Revalidate uploaded after-integration-1 evidence and reclaim only private build trees	2026-10-08T20:12:36.7000360Z   PURRDF_REQUIRE_SIMD_PATHS: distance:portable,distance:sse2,blake3:sse2,deflate:sse2,csv:sse2
native-profile	Revalidate uploaded after-integration-1 evidence and reclaim only private build trees	2026-10-08T20:12:36.7000758Z   CARGO_HOME: /home/runner/.cargo
native-profile	Revalidate uploaded after-integration-1 evidence and reclaim only private build trees	2026-10-08T20:12:36.7001150Z   CARGO_INCREMENTAL: 0
native-profile	Revalidate uploaded after-integration-1 evidence and reclaim only private build trees	2026-10-08T20:12:36.7001364Z   CARGO_TERM_COLOR: always
native-profile	Revalidate uploaded after-integration-1 evidence and reclaim only private build trees	2026-10-08T20:12:36.7001814Z   PURRDF_HOSTED_CONTROLLER: /opt/purrdf-native-profile/37822266421-1/controller-target/debug/examples/native_ci_profile
native-profile	Revalidate uploaded after-integration-1 evidence and reclaim only private build trees	2026-10-08T20:12:36.7002329Z   PURRDF_HOSTED_REAL_CARGO: /home/runner/.cargo/bin/cargo
native-profile	Revalidate uploaded after-integration-1 evidence and reclaim only private build trees	2026-10-08T20:12:36.7002629Z   PROFILE_CASE: after-integration-1
native-profile	Revalidate uploaded after-integration-1 evidence and reclaim only private build trees	2026-10-08T20:12:36.7002885Z   PURRDF_HOSTED_UPLOAD_ID: 11575708871
native-profile	Revalidate uploaded after-integration-1 evidence and reclaim only private build trees	2026-10-08T20:12:36.7003492Z   PURRDF_HOSTED_UPLOAD_DIGEST: cba4706c40c0b17e4de6f828d889755ae3f5c92877c5c04fb6d52bea1fffd4fd
native-profile	Revalidate uploaded after-integration-1 evidence and reclaim only private build trees	2026-10-08T20:12:36.7003909Z ##[endgroup]
native-profile	Execute validated cold and unchanged warm after-integration-2	﻿2026-10-08T20:12:37.2643009Z ##[group]Run set -o pipefail
native-profile	Execute validated cold and unchanged warm after-integration-2	2026-10-08T20:12:37.2643504Z ^[[36;1mset -o pipefail^[[0m
native-profile	Execute validated cold and unchanged warm after-integration-2	2026-10-08T20:12:37.2643851Z ^[[36;1mcampaign="/opt/purrdf-native-profile/$GITHUB_RUN_ID-$GITHUB_RUN_ATTEMPT"^[[0m
native-profile	Execute validated cold and unchanged warm after-integration-2	2026-10-08T20:12:37.2644236Z ^[[36;1mmkdir -p "$campaign/$PROFILE_CASE"^[[0m
native-profile	Execute validated cold and unchanged warm after-integration-2	2026-10-08T20:12:37.2644602Z ^[[36;1mcp "$campaign/setup-start.txt" "$campaign/$PROFILE_CASE/setup-start.txt"^[[0m
native-profile	Execute validated cold and unchanged warm after-integration-2	2026-10-08T20:12:37.2645114Z ^[[36;1mcp "$campaign/resources/setup-disk-before.txt" "$campaign/$PROFILE_CASE/setup-disk-before.txt"^[[0m
native-profile	Execute validated cold and unchanged warm after-integration-2	2026-10-08T20:12:37.2645664Z ^[[36;1mcp "$campaign/resources/setup-disk-after.txt" "$campaign/$PROFILE_CASE/setup-disk-after.txt"^[[0m
native-profile	Execute validated cold and unchanged warm after-integration-2	2026-10-08T20:12:37.2646199Z ^[[36;1mcp "$campaign/resources/actual-rustc.txt" "$campaign/$PROFILE_CASE/actual-rustc.txt"^[[0m
native-profile	Execute validated cold and unchanged warm after-integration-2	2026-10-08T20:12:37.2646696Z ^[[36;1mcp "$campaign/resources/actual-cargo.txt" "$campaign/$PROFILE_CASE/actual-cargo.txt"^[[0m
native-profile	Execute validated cold and unchanged warm after-integration-2	2026-10-08T20:12:37.2647235Z ^[[36;1m"$PURRDF_HOSTED_CONTROLLER" hosted-run "$PROFILE_CASE" 2>&1 | tee "$campaign/$PROFILE_CASE/hosted-run.txt"^[[0m
native-profile	Execute validated cold and unchanged warm after-integration-2	2026-10-08T20:12:37.2701826Z shell: /usr/bin/bash -e {0}
native-profile	Execute validated cold and unchanged warm after-integration-2	2026-10-08T20:12:37.2702064Z env:
native-profile	Execute validated cold and unchanged warm after-integration-2	2026-10-08T20:12:37.2702252Z   CARGO_BUILD_JOBS: 8
native-profile	Execute validated cold and unchanged warm after-integration-2	2026-10-08T20:12:37.2702610Z   PURRDF_REQUIRE_SIMD_PATHS: distance:portable,distance:sse2,blake3:sse2,deflate:sse2,csv:sse2
native-profile	Execute validated cold and unchanged warm after-integration-2	2026-10-08T20:12:37.2703000Z   CARGO_HOME: /home/runner/.cargo
native-profile	Execute validated cold and unchanged warm after-integration-2	2026-10-08T20:12:37.2703566Z   CARGO_INCREMENTAL: 0
native-profile	Execute validated cold and unchanged warm after-integration-2	2026-10-08T20:12:37.2703783Z   CARGO_TERM_COLOR: always
native-profile	Execute validated cold and unchanged warm after-integration-2	2026-10-08T20:12:37.2704224Z   PURRDF_HOSTED_CONTROLLER: /opt/purrdf-native-profile/37822266421-1/controller-target/debug/examples/native_ci_profile
native-profile	Execute validated cold and unchanged warm after-integration-2	2026-10-08T20:12:37.2704711Z   PURRDF_HOSTED_REAL_CARGO: /home/runner/.cargo/bin/cargo
native-profile	Execute validated cold and unchanged warm after-integration-2	2026-10-08T20:12:37.2705004Z   PROFILE_CASE: after-integration-2
native-profile	Execute validated cold and unchanged warm after-integration-2	2026-10-08T20:12:37.2705241Z ##[endgroup]
native-profile	Retain after-integration-2 source-bound evidence even on failure	﻿2026-10-08T20:38:42.1391213Z ##[group]Run actions/upload-artifact@043fb46d1a93c77aae656e7c1c64a875d1fc6a0a
native-profile	Retain after-integration-2 source-bound evidence even on failure	2026-10-08T20:38:42.1391581Z with:
native-profile	Retain after-integration-2 source-bound evidence even on failure	2026-10-08T20:38:42.1391850Z   name: native-profile-37822266421-1-arm-after-integration-2
native-profile	Retain after-integration-2 source-bound evidence even on failure	2026-10-08T20:38:42.1392982Z   path: /opt/purrdf-native-profile/37822266421-1/after-integration-2/*.json
native-profile	Retain after-integration-2 source-bound evidence even on failure	/opt/purrdf-native-profile/37822266421-1/after-integration-2/*.txt
native-profile	Retain after-integration-2 source-bound evidence even on failure	/opt/purrdf-native-profile/37822266421-1/after-integration-2/*.diff
native-profile	Retain after-integration-2 source-bound evidence even on failure	/opt/purrdf-native-profile/37822266421-1/after-integration-2/*-cargo/*.json
native-profile	Retain after-integration-2 source-bound evidence even on failure	/opt/purrdf-native-profile/37822266421-1/after-integration-2/*-cargo/*.html
native-profile	Retain after-integration-2 source-bound evidence even on failure	
native-profile	Retain after-integration-2 source-bound evidence even on failure	2026-10-08T20:38:42.1394414Z   if-no-files-found: error
native-profile	Retain after-integration-2 source-bound evidence even on failure	2026-10-08T20:38:42.1394642Z   retention-days: 30
native-profile	Retain after-integration-2 source-bound evidence even on failure	2026-10-08T20:38:42.1394852Z   compression-level: 6
native-profile	Retain after-integration-2 source-bound evidence even on failure	2026-10-08T20:38:42.1395060Z   overwrite: false
native-profile	Retain after-integration-2 source-bound evidence even on failure	2026-10-08T20:38:42.1395269Z   include-hidden-files: false
native-profile	Retain after-integration-2 source-bound evidence even on failure	2026-10-08T20:38:42.1395498Z   archive: true
native-profile	Retain after-integration-2 source-bound evidence even on failure	2026-10-08T20:38:42.1395688Z env:
native-profile	Retain after-integration-2 source-bound evidence even on failure	2026-10-08T20:38:42.1395877Z   CARGO_BUILD_JOBS: 8
native-profile	Retain after-integration-2 source-bound evidence even on failure	2026-10-08T20:38:42.1396223Z   PURRDF_REQUIRE_SIMD_PATHS: distance:portable,distance:sse2,blake3:sse2,deflate:sse2,csv:sse2
native-profile	Retain after-integration-2 source-bound evidence even on failure	2026-10-08T20:38:42.1396638Z   CARGO_HOME: /home/runner/.cargo
native-profile	Retain after-integration-2 source-bound evidence even on failure	2026-10-08T20:38:42.1396881Z   CARGO_INCREMENTAL: 0
native-profile	Retain after-integration-2 source-bound evidence even on failure	2026-10-08T20:38:42.1397095Z   CARGO_TERM_COLOR: always
native-profile	Retain after-integration-2 source-bound evidence even on failure	2026-10-08T20:38:42.1397525Z   PURRDF_HOSTED_CONTROLLER: /opt/purrdf-native-profile/37822266421-1/controller-target/debug/examples/native_ci_profile
native-profile	Retain after-integration-2 source-bound evidence even on failure	2026-10-08T20:38:42.1398022Z   PURRDF_HOSTED_REAL_CARGO: /home/runner/.cargo/bin/cargo
native-profile	Retain after-integration-2 source-bound evidence even on failure	2026-10-08T20:38:42.1398304Z ##[endgroup]
native-profile	Retain after-integration-2 source-bound evidence even on failure	2026-10-08T20:38:42.2727565Z With the provided path, there will be 124 files uploaded
native-profile	Retain after-integration-2 source-bound evidence even on failure	2026-10-08T20:38:42.2731994Z Artifact name is valid!
native-profile	Retain after-integration-2 source-bound evidence even on failure	2026-10-08T20:38:42.2732746Z Root directory input is valid!
native-profile	Retain after-integration-2 source-bound evidence even on failure	2026-10-08T20:38:42.5954806Z Uploading artifact: native-profile-37822266421-1-arm-after-integration-2.zip
native-profile	Retain after-integration-2 source-bound evidence even on failure	2026-10-08T20:38:42.5986862Z Beginning upload of artifact content to blob storage
native-profile	Retain after-integration-2 source-bound evidence even on failure	2026-10-08T20:38:43.5878997Z Uploaded bytes 3718832
native-profile	Retain after-integration-2 source-bound evidence even on failure	2026-10-08T20:38:43.6457068Z Finished uploading artifact content to blob storage!
native-profile	Retain after-integration-2 source-bound evidence even on failure	2026-10-08T20:38:43.6458954Z SHA256 digest of uploaded artifact is 635f5bbf1b560638b201efdaca3a18e7606ad2e4452fc3bb489f58e7a0d5aa77
native-profile	Retain after-integration-2 source-bound evidence even on failure	2026-10-08T20:38:43.6461066Z Finalizing artifact upload
native-profile	Retain after-integration-2 source-bound evidence even on failure	2026-10-08T20:38:44.0311631Z Artifact native-profile-37822266421-1-arm-after-integration-2 successfully finalized. Artifact ID 11576714855
native-profile	Retain after-integration-2 source-bound evidence even on failure	2026-10-08T20:38:44.0313341Z Artifact native-profile-37822266421-1-arm-after-integration-2 has been successfully uploaded! Final size is 3718832 bytes. Artifact ID is 11576714855
native-profile	Retain after-integration-2 source-bound evidence even on failure	2026-10-08T20:38:44.0316654Z Artifact download URL: https://github.com/Blackcat-Informatics/purrdf/actions/runs/37822266421/artifacts/11576714855
native-profile	Revalidate uploaded after-integration-2 evidence and reclaim only private build trees	﻿2026-10-08T20:38:44.0446798Z ##[group]Run "$PURRDF_HOSTED_CONTROLLER" hosted-reclaim "$PROFILE_CASE"
native-profile	Revalidate uploaded after-integration-2 evidence and reclaim only private build trees	2026-10-08T20:38:44.0447258Z ^[[36;1m"$PURRDF_HOSTED_CONTROLLER" hosted-reclaim "$PROFILE_CASE"^[[0m
native-profile	Revalidate uploaded after-integration-2 evidence and reclaim only private build trees	2026-10-08T20:38:44.0502256Z shell: /usr/bin/bash -e {0}
native-profile	Revalidate uploaded after-integration-2 evidence and reclaim only private build trees	2026-10-08T20:38:44.0502522Z env:
native-profile	Revalidate uploaded after-integration-2 evidence and reclaim only private build trees	2026-10-08T20:38:44.0502725Z   CARGO_BUILD_JOBS: 8
native-profile	Revalidate uploaded after-integration-2 evidence and reclaim only private build trees	2026-10-08T20:38:44.0503265Z   PURRDF_REQUIRE_SIMD_PATHS: distance:portable,distance:sse2,blake3:sse2,deflate:sse2,csv:sse2
native-profile	Revalidate uploaded after-integration-2 evidence and reclaim only private build trees	2026-10-08T20:38:44.0503672Z   CARGO_HOME: /home/runner/.cargo
native-profile	Revalidate uploaded after-integration-2 evidence and reclaim only private build trees	2026-10-08T20:38:44.0503934Z   CARGO_INCREMENTAL: 0
native-profile	Revalidate uploaded after-integration-2 evidence and reclaim only private build trees	2026-10-08T20:38:44.0504158Z   CARGO_TERM_COLOR: always
native-profile	Revalidate uploaded after-integration-2 evidence and reclaim only private build trees	2026-10-08T20:38:44.0504609Z   PURRDF_HOSTED_CONTROLLER: /opt/purrdf-native-profile/37822266421-1/controller-target/debug/examples/native_ci_profile
native-profile	Revalidate uploaded after-integration-2 evidence and reclaim only private build trees	2026-10-08T20:38:44.0505144Z   PURRDF_HOSTED_REAL_CARGO: /home/runner/.cargo/bin/cargo
native-profile	Revalidate uploaded after-integration-2 evidence and reclaim only private build trees	2026-10-08T20:38:44.0505478Z   PROFILE_CASE: after-integration-2
native-profile	Revalidate uploaded after-integration-2 evidence and reclaim only private build trees	2026-10-08T20:38:44.0505742Z   PURRDF_HOSTED_UPLOAD_ID: 11576714855
native-profile	Revalidate uploaded after-integration-2 evidence and reclaim only private build trees	2026-10-08T20:38:44.0506148Z   PURRDF_HOSTED_UPLOAD_DIGEST: 635f5bbf1b560638b201efdaca3a18e7606ad2e4452fc3bb489f58e7a0d5aa77
native-profile	Revalidate uploaded after-integration-2 evidence and reclaim only private build trees	2026-10-08T20:38:44.0506582Z ##[endgroup]
native-profile	Execute validated cold and unchanged warm after-integration-3	﻿2026-10-08T20:38:45.0047623Z ##[group]Run set -o pipefail
native-profile	Execute validated cold and unchanged warm after-integration-3	2026-10-08T20:38:45.0047920Z ^[[36;1mset -o pipefail^[[0m
native-profile	Execute validated cold and unchanged warm after-integration-3	2026-10-08T20:38:45.0048276Z ^[[36;1mcampaign="/opt/purrdf-native-profile/$GITHUB_RUN_ID-$GITHUB_RUN_ATTEMPT"^[[0m
native-profile	Execute validated cold and unchanged warm after-integration-3	2026-10-08T20:38:45.0048664Z ^[[36;1mmkdir -p "$campaign/$PROFILE_CASE"^[[0m
native-profile	Execute validated cold and unchanged warm after-integration-3	2026-10-08T20:38:45.0049030Z ^[[36;1mcp "$campaign/setup-start.txt" "$campaign/$PROFILE_CASE/setup-start.txt"^[[0m
native-profile	Execute validated cold and unchanged warm after-integration-3	2026-10-08T20:38:45.0049533Z ^[[36;1mcp "$campaign/resources/setup-disk-before.txt" "$campaign/$PROFILE_CASE/setup-disk-before.txt"^[[0m
native-profile	Execute validated cold and unchanged warm after-integration-3	2026-10-08T20:38:45.0050084Z ^[[36;1mcp "$campaign/resources/setup-disk-after.txt" "$campaign/$PROFILE_CASE/setup-disk-after.txt"^[[0m
native-profile	Execute validated cold and unchanged warm after-integration-3	2026-10-08T20:38:45.0050603Z ^[[36;1mcp "$campaign/resources/actual-rustc.txt" "$campaign/$PROFILE_CASE/actual-rustc.txt"^[[0m
native-profile	Execute validated cold and unchanged warm after-integration-3	2026-10-08T20:38:45.0051122Z ^[[36;1mcp "$campaign/resources/actual-cargo.txt" "$campaign/$PROFILE_CASE/actual-cargo.txt"^[[0m
native-profile	Execute validated cold and unchanged warm after-integration-3	2026-10-08T20:38:45.0051672Z ^[[36;1m"$PURRDF_HOSTED_CONTROLLER" hosted-run "$PROFILE_CASE" 2>&1 | tee "$campaign/$PROFILE_CASE/hosted-run.txt"^[[0m
native-profile	Execute validated cold and unchanged warm after-integration-3	2026-10-08T20:38:45.0107202Z shell: /usr/bin/bash -e {0}
native-profile	Execute validated cold and unchanged warm after-integration-3	2026-10-08T20:38:45.0107447Z env:
native-profile	Execute validated cold and unchanged warm after-integration-3	2026-10-08T20:38:45.0107644Z   CARGO_BUILD_JOBS: 8
native-profile	Execute validated cold and unchanged warm after-integration-3	2026-10-08T20:38:45.0108007Z   PURRDF_REQUIRE_SIMD_PATHS: distance:portable,distance:sse2,blake3:sse2,deflate:sse2,csv:sse2
native-profile	Execute validated cold and unchanged warm after-integration-3	2026-10-08T20:38:45.0108400Z   CARGO_HOME: /home/runner/.cargo
native-profile	Execute validated cold and unchanged warm after-integration-3	2026-10-08T20:38:45.0108644Z   CARGO_INCREMENTAL: 0
native-profile	Execute validated cold and unchanged warm after-integration-3	2026-10-08T20:38:45.0108865Z   CARGO_TERM_COLOR: always
native-profile	Execute validated cold and unchanged warm after-integration-3	2026-10-08T20:38:45.0109339Z   PURRDF_HOSTED_CONTROLLER: /opt/purrdf-native-profile/37822266421-1/controller-target/debug/examples/native_ci_profile
native-profile	Execute validated cold and unchanged warm after-integration-3	2026-10-08T20:38:45.0109837Z   PURRDF_HOSTED_REAL_CARGO: /home/runner/.cargo/bin/cargo
native-profile	Execute validated cold and unchanged warm after-integration-3	2026-10-08T20:38:45.0110292Z   PROFILE_CASE: after-integration-3
native-profile	Execute validated cold and unchanged warm after-integration-3	2026-10-08T20:38:45.0110545Z ##[endgroup]
native-profile	Retain after-integration-3 source-bound evidence even on failure	﻿2026-10-08T20:50:12.0653806Z ##[group]Run actions/upload-artifact@043fb46d1a93c77aae656e7c1c64a875d1fc6a0a
native-profile	Retain after-integration-3 source-bound evidence even on failure	2026-10-08T20:50:12.0654200Z with:
native-profile	Retain after-integration-3 source-bound evidence even on failure	2026-10-08T20:50:12.0654474Z   name: native-profile-37822266421-1-arm-after-integration-3
native-profile	Retain after-integration-3 source-bound evidence even on failure	2026-10-08T20:50:12.0655603Z   path: /opt/purrdf-native-profile/37822266421-1/after-integration-3/*.json
native-profile	Retain after-integration-3 source-bound evidence even on failure	/opt/purrdf-native-profile/37822266421-1/after-integration-3/*.txt
native-profile	Retain after-integration-3 source-bound evidence even on failure	/opt/purrdf-native-profile/37822266421-1/after-integration-3/*.diff
native-profile	Retain after-integration-3 source-bound evidence even on failure	/opt/purrdf-native-profile/37822266421-1/after-integration-3/*-cargo/*.json
native-profile	Retain after-integration-3 source-bound evidence even on failure	/opt/purrdf-native-profile/37822266421-1/after-integration-3/*-cargo/*.html
native-profile	Retain after-integration-3 source-bound evidence even on failure	
native-profile	Retain after-integration-3 source-bound evidence even on failure	2026-10-08T20:50:12.0656679Z   if-no-files-found: error
native-profile	Retain after-integration-3 source-bound evidence even on failure	2026-10-08T20:50:12.0656915Z   retention-days: 30
native-profile	Retain after-integration-3 source-bound evidence even on failure	2026-10-08T20:50:12.0657131Z   compression-level: 6
native-profile	Retain after-integration-3 source-bound evidence even on failure	2026-10-08T20:50:12.0657343Z   overwrite: false
native-profile	Retain after-integration-3 source-bound evidence even on failure	2026-10-08T20:50:12.0657555Z   include-hidden-files: false
native-profile	Retain after-integration-3 source-bound evidence even on failure	2026-10-08T20:50:12.0657787Z   archive: true
native-profile	Retain after-integration-3 source-bound evidence even on failure	2026-10-08T20:50:12.0658011Z env:
native-profile	Retain after-integration-3 source-bound evidence even on failure	2026-10-08T20:50:12.0658197Z   CARGO_BUILD_JOBS: 8
native-profile	Retain after-integration-3 source-bound evidence even on failure	2026-10-08T20:50:12.0658557Z   PURRDF_REQUIRE_SIMD_PATHS: distance:portable,distance:sse2,blake3:sse2,deflate:sse2,csv:sse2
native-profile	Retain after-integration-3 source-bound evidence even on failure	2026-10-08T20:50:12.0659000Z   CARGO_HOME: /home/runner/.cargo
native-profile	Retain after-integration-3 source-bound evidence even on failure	2026-10-08T20:50:12.0677127Z   CARGO_INCREMENTAL: 0
native-profile	Retain after-integration-3 source-bound evidence even on failure	2026-10-08T20:50:12.0677467Z   CARGO_TERM_COLOR: always
native-profile	Retain after-integration-3 source-bound evidence even on failure	2026-10-08T20:50:12.0678118Z   PURRDF_HOSTED_CONTROLLER: /opt/purrdf-native-profile/37822266421-1/controller-target/debug/examples/native_ci_profile
native-profile	Retain after-integration-3 source-bound evidence even on failure	2026-10-08T20:50:12.0678842Z   PURRDF_HOSTED_REAL_CARGO: /home/runner/.cargo/bin/cargo
native-profile	Retain after-integration-3 source-bound evidence even on failure	2026-10-08T20:50:12.0679249Z ##[endgroup]
native-profile	Retain after-integration-3 source-bound evidence even on failure	2026-10-08T20:50:12.1889231Z With the provided path, there will be 26 files uploaded
native-profile	Retain after-integration-3 source-bound evidence even on failure	2026-10-08T20:50:12.1893037Z Artifact name is valid!
native-profile	Retain after-integration-3 source-bound evidence even on failure	2026-10-08T20:50:12.1893738Z Root directory input is valid!
native-profile	Retain after-integration-3 source-bound evidence even on failure	2026-10-08T20:50:12.5132254Z Uploading artifact: native-profile-37822266421-1-arm-after-integration-3.zip
native-profile	Retain after-integration-3 source-bound evidence even on failure	2026-10-08T20:50:12.5164162Z Beginning upload of artifact content to blob storage
native-profile	Retain after-integration-3 source-bound evidence even on failure	2026-10-08T20:50:13.3010745Z Uploaded bytes 2741085
native-profile	Retain after-integration-3 source-bound evidence even on failure	2026-10-08T20:50:13.3612604Z Finished uploading artifact content to blob storage!
native-profile	Retain after-integration-3 source-bound evidence even on failure	2026-10-08T20:50:13.3613803Z SHA256 digest of uploaded artifact is d893906e7ab6c42d177640215813d2beaf98c2f5812c1c19a1b5bfebf9d381e0
native-profile	Retain after-integration-3 source-bound evidence even on failure	2026-10-08T20:50:13.3614533Z Finalizing artifact upload
native-profile	Retain after-integration-3 source-bound evidence even on failure	2026-10-08T20:50:13.7138711Z Artifact native-profile-37822266421-1-arm-after-integration-3 successfully finalized. Artifact ID 11577857838
native-profile	Retain after-integration-3 source-bound evidence even on failure	2026-10-08T20:50:13.7139949Z Artifact native-profile-37822266421-1-arm-after-integration-3 has been successfully uploaded! Final size is 2741085 bytes. Artifact ID is 11577857838
native-profile	Retain after-integration-3 source-bound evidence even on failure	2026-10-08T20:50:13.7141950Z Artifact download URL: https://github.com/Blackcat-Informatics/purrdf/actions/runs/37822266421/artifacts/11577857838
native-profile	Revalidate uploaded after-integration-3 evidence and reclaim only private build trees	﻿2026-10-08T20:50:13.7264302Z ##[group]Run "$PURRDF_HOSTED_CONTROLLER" hosted-reclaim "$PROFILE_CASE"
native-profile	Revalidate uploaded after-integration-3 evidence and reclaim only private build trees	2026-10-08T20:50:13.7264755Z ^[[36;1m"$PURRDF_HOSTED_CONTROLLER" hosted-reclaim "$PROFILE_CASE"^[[0m
native-profile	Revalidate uploaded after-integration-3 evidence and reclaim only private build trees	2026-10-08T20:50:13.7319950Z shell: /usr/bin/bash -e {0}
native-profile	Revalidate uploaded after-integration-3 evidence and reclaim only private build trees	2026-10-08T20:50:13.7320215Z env:
native-profile	Revalidate uploaded after-integration-3 evidence and reclaim only private build trees	2026-10-08T20:50:13.7320423Z   CARGO_BUILD_JOBS: 8
native-profile	Revalidate uploaded after-integration-3 evidence and reclaim only private build trees	2026-10-08T20:50:13.7320798Z   PURRDF_REQUIRE_SIMD_PATHS: distance:portable,distance:sse2,blake3:sse2,deflate:sse2,csv:sse2
native-profile	Revalidate uploaded after-integration-3 evidence and reclaim only private build trees	2026-10-08T20:50:13.7321204Z   CARGO_HOME: /home/runner/.cargo
native-profile	Revalidate uploaded after-integration-3 evidence and reclaim only private build trees	2026-10-08T20:50:13.7321457Z   CARGO_INCREMENTAL: 0
native-profile	Revalidate uploaded after-integration-3 evidence and reclaim only private build trees	2026-10-08T20:50:13.7321687Z   CARGO_TERM_COLOR: always
native-profile	Revalidate uploaded after-integration-3 evidence and reclaim only private build trees	2026-10-08T20:50:13.7322144Z   PURRDF_HOSTED_CONTROLLER: /opt/purrdf-native-profile/37822266421-1/controller-target/debug/examples/native_ci_profile
native-profile	Revalidate uploaded after-integration-3 evidence and reclaim only private build trees	2026-10-08T20:50:13.7322660Z   PURRDF_HOSTED_REAL_CARGO: /home/runner/.cargo/bin/cargo
native-profile	Revalidate uploaded after-integration-3 evidence and reclaim only private build trees	2026-10-08T20:50:13.7322975Z   PROFILE_CASE: after-integration-3
native-profile	Revalidate uploaded after-integration-3 evidence and reclaim only private build trees	2026-10-08T20:50:13.7323409Z   PURRDF_HOSTED_UPLOAD_ID: 11577857838
native-profile	Revalidate uploaded after-integration-3 evidence and reclaim only private build trees	2026-10-08T20:50:13.7323815Z   PURRDF_HOSTED_UPLOAD_DIGEST: d893906e7ab6c42d177640215813d2beaf98c2f5812c1c19a1b5bfebf9d381e0
native-profile	Revalidate uploaded after-integration-3 evidence and reclaim only private build trees	2026-10-08T20:50:13.7324248Z ##[endgroup]
native-profile	Execute validated cold and unchanged warm after-integration-4	﻿2026-10-08T20:50:14.2744340Z ##[group]Run set -o pipefail
native-profile	Execute validated cold and unchanged warm after-integration-4	2026-10-08T20:50:14.2744801Z ^[[36;1mset -o pipefail^[[0m
native-profile	Execute validated cold and unchanged warm after-integration-4	2026-10-08T20:50:14.2745156Z ^[[36;1mcampaign="/opt/purrdf-native-profile/$GITHUB_RUN_ID-$GITHUB_RUN_ATTEMPT"^[[0m
native-profile	Execute validated cold and unchanged warm after-integration-4	2026-10-08T20:50:14.2745553Z ^[[36;1mmkdir -p "$campaign/$PROFILE_CASE"^[[0m
native-profile	Execute validated cold and unchanged warm after-integration-4	2026-10-08T20:50:14.2745927Z ^[[36;1mcp "$campaign/setup-start.txt" "$campaign/$PROFILE_CASE/setup-start.txt"^[[0m
native-profile	Execute validated cold and unchanged warm after-integration-4	2026-10-08T20:50:14.2746440Z ^[[36;1mcp "$campaign/resources/setup-disk-before.txt" "$campaign/$PROFILE_CASE/setup-disk-before.txt"^[[0m
native-profile	Execute validated cold and unchanged warm after-integration-4	2026-10-08T20:50:14.2747040Z ^[[36;1mcp "$campaign/resources/setup-disk-after.txt" "$campaign/$PROFILE_CASE/setup-disk-after.txt"^[[0m
native-profile	Execute validated cold and unchanged warm after-integration-4	2026-10-08T20:50:14.2747574Z ^[[36;1mcp "$campaign/resources/actual-rustc.txt" "$campaign/$PROFILE_CASE/actual-rustc.txt"^[[0m
native-profile	Execute validated cold and unchanged warm after-integration-4	2026-10-08T20:50:14.2748085Z ^[[36;1mcp "$campaign/resources/actual-cargo.txt" "$campaign/$PROFILE_CASE/actual-cargo.txt"^[[0m
native-profile	Execute validated cold and unchanged warm after-integration-4	2026-10-08T20:50:14.2748634Z ^[[36;1m"$PURRDF_HOSTED_CONTROLLER" hosted-run "$PROFILE_CASE" 2>&1 | tee "$campaign/$PROFILE_CASE/hosted-run.txt"^[[0m
native-profile	Execute validated cold and unchanged warm after-integration-4	2026-10-08T20:50:14.2803390Z shell: /usr/bin/bash -e {0}
native-profile	Execute validated cold and unchanged warm after-integration-4	2026-10-08T20:50:14.2803649Z env:
native-profile	Execute validated cold and unchanged warm after-integration-4	2026-10-08T20:50:14.2803848Z   CARGO_BUILD_JOBS: 8
native-profile	Execute validated cold and unchanged warm after-integration-4	2026-10-08T20:50:14.2804217Z   PURRDF_REQUIRE_SIMD_PATHS: distance:portable,distance:sse2,blake3:sse2,deflate:sse2,csv:sse2
native-profile	Execute validated cold and unchanged warm after-integration-4	2026-10-08T20:50:14.2804633Z   CARGO_HOME: /home/runner/.cargo
native-profile	Execute validated cold and unchanged warm after-integration-4	2026-10-08T20:50:14.2804884Z   CARGO_INCREMENTAL: 0
native-profile	Execute validated cold and unchanged warm after-integration-4	2026-10-08T20:50:14.2805112Z   CARGO_TERM_COLOR: always
native-profile	Execute validated cold and unchanged warm after-integration-4	2026-10-08T20:50:14.2805567Z   PURRDF_HOSTED_CONTROLLER: /opt/purrdf-native-profile/37822266421-1/controller-target/debug/examples/native_ci_profile
native-profile	Execute validated cold and unchanged warm after-integration-4	2026-10-08T20:50:14.2806080Z   PURRDF_HOSTED_REAL_CARGO: /home/runner/.cargo/bin/cargo
native-profile	Execute validated cold and unchanged warm after-integration-4	2026-10-08T20:50:14.2806396Z   PROFILE_CASE: after-integration-4
native-profile	Execute validated cold and unchanged warm after-integration-4	2026-10-08T20:50:14.2806648Z ##[endgroup]
native-profile	Retain after-integration-4 source-bound evidence even on failure	﻿2026-10-08T21:00:35.3460809Z ##[group]Run actions/upload-artifact@043fb46d1a93c77aae656e7c1c64a875d1fc6a0a
native-profile	Retain after-integration-4 source-bound evidence even on failure	2026-10-08T21:00:35.3461203Z with:
native-profile	Retain after-integration-4 source-bound evidence even on failure	2026-10-08T21:00:35.3461481Z   name: native-profile-37822266421-1-arm-after-integration-4
native-profile	Retain after-integration-4 source-bound evidence even on failure	2026-10-08T21:00:35.3462697Z   path: /opt/purrdf-native-profile/37822266421-1/after-integration-4/*.json
native-profile	Retain after-integration-4 source-bound evidence even on failure	/opt/purrdf-native-profile/37822266421-1/after-integration-4/*.txt
native-profile	Retain after-integration-4 source-bound evidence even on failure	/opt/purrdf-native-profile/37822266421-1/after-integration-4/*.diff
native-profile	Retain after-integration-4 source-bound evidence even on failure	/opt/purrdf-native-profile/37822266421-1/after-integration-4/*-cargo/*.json
native-profile	Retain after-integration-4 source-bound evidence even on failure	/opt/purrdf-native-profile/37822266421-1/after-integration-4/*-cargo/*.html
native-profile	Retain after-integration-4 source-bound evidence even on failure	
native-profile	Retain after-integration-4 source-bound evidence even on failure	2026-10-08T21:00:35.3464119Z   if-no-files-found: error
native-profile	Retain after-integration-4 source-bound evidence even on failure	2026-10-08T21:00:35.3464365Z   retention-days: 30
native-profile	Retain after-integration-4 source-bound evidence even on failure	2026-10-08T21:00:35.3464598Z   compression-level: 6
native-profile	Retain after-integration-4 source-bound evidence even on failure	2026-10-08T21:00:35.3464823Z   overwrite: false
native-profile	Retain after-integration-4 source-bound evidence even on failure	2026-10-08T21:00:35.3465044Z   include-hidden-files: false
native-profile	Retain after-integration-4 source-bound evidence even on failure	2026-10-08T21:00:35.3465291Z   archive: true
native-profile	Retain after-integration-4 source-bound evidence even on failure	2026-10-08T21:00:35.3465496Z env:
native-profile	Retain after-integration-4 source-bound evidence even on failure	2026-10-08T21:00:35.3465696Z   CARGO_BUILD_JOBS: 8
native-profile	Retain after-integration-4 source-bound evidence even on failure	2026-10-08T21:00:35.3466067Z   PURRDF_REQUIRE_SIMD_PATHS: distance:portable,distance:sse2,blake3:sse2,deflate:sse2,csv:sse2
native-profile	Retain after-integration-4 source-bound evidence even on failure	2026-10-08T21:00:35.3466512Z   CARGO_HOME: /home/runner/.cargo
native-profile	Retain after-integration-4 source-bound evidence even on failure	2026-10-08T21:00:35.3466764Z   CARGO_INCREMENTAL: 0
native-profile	Retain after-integration-4 source-bound evidence even on failure	2026-10-08T21:00:35.3466994Z   CARGO_TERM_COLOR: always
native-profile	Retain after-integration-4 source-bound evidence even on failure	2026-10-08T21:00:35.3467446Z   PURRDF_HOSTED_CONTROLLER: /opt/purrdf-native-profile/37822266421-1/controller-target/debug/examples/native_ci_profile
native-profile	Retain after-integration-4 source-bound evidence even on failure	2026-10-08T21:00:35.3467970Z   PURRDF_HOSTED_REAL_CARGO: /home/runner/.cargo/bin/cargo
native-profile	Retain after-integration-4 source-bound evidence even on failure	2026-10-08T21:00:35.3468266Z ##[endgroup]
native-profile	Retain after-integration-4 source-bound evidence even on failure	2026-10-08T21:00:35.4627900Z With the provided path, there will be 24 files uploaded
native-profile	Retain after-integration-4 source-bound evidence even on failure	2026-10-08T21:00:35.4631432Z Artifact name is valid!
native-profile	Retain after-integration-4 source-bound evidence even on failure	2026-10-08T21:00:35.4632031Z Root directory input is valid!
native-profile	Retain after-integration-4 source-bound evidence even on failure	2026-10-08T21:00:35.8097043Z Uploading artifact: native-profile-37822266421-1-arm-after-integration-4.zip
native-profile	Retain after-integration-4 source-bound evidence even on failure	2026-10-08T21:00:35.8127864Z Beginning upload of artifact content to blob storage
native-profile	Retain after-integration-4 source-bound evidence even on failure	2026-10-08T21:00:36.6295758Z Uploaded bytes 2814314
native-profile	Retain after-integration-4 source-bound evidence even on failure	2026-10-08T21:00:36.6847192Z Finished uploading artifact content to blob storage!
native-profile	Retain after-integration-4 source-bound evidence even on failure	2026-10-08T21:00:36.6848084Z SHA256 digest of uploaded artifact is b7b7147d860d60d06cb21035e14fff532936b0fc94f6c36303d42f75be413351
native-profile	Retain after-integration-4 source-bound evidence even on failure	2026-10-08T21:00:36.6848655Z Finalizing artifact upload
native-profile	Retain after-integration-4 source-bound evidence even on failure	2026-10-08T21:00:37.0306102Z Artifact native-profile-37822266421-1-arm-after-integration-4 successfully finalized. Artifact ID 11579330066
native-profile	Retain after-integration-4 source-bound evidence even on failure	2026-10-08T21:00:37.0307126Z Artifact native-profile-37822266421-1-arm-after-integration-4 has been successfully uploaded! Final size is 2814314 bytes. Artifact ID is 11579330066
native-profile	Retain after-integration-4 source-bound evidence even on failure	2026-10-08T21:00:37.0309311Z Artifact download URL: https://github.com/Blackcat-Informatics/purrdf/actions/runs/37822266421/artifacts/11579330066
native-profile	Revalidate uploaded after-integration-4 evidence and reclaim only private build trees	﻿2026-10-08T21:00:37.0437324Z ##[group]Run "$PURRDF_HOSTED_CONTROLLER" hosted-reclaim "$PROFILE_CASE"
native-profile	Revalidate uploaded after-integration-4 evidence and reclaim only private build trees	2026-10-08T21:00:37.0437872Z ^[[36;1m"$PURRDF_HOSTED_CONTROLLER" hosted-reclaim "$PROFILE_CASE"^[[0m
native-profile	Revalidate uploaded after-integration-4 evidence and reclaim only private build trees	2026-10-08T21:00:37.0491962Z shell: /usr/bin/bash -e {0}
native-profile	Revalidate uploaded after-integration-4 evidence and reclaim only private build trees	2026-10-08T21:00:37.0492229Z env:
native-profile	Revalidate uploaded after-integration-4 evidence and reclaim only private build trees	2026-10-08T21:00:37.0492429Z   CARGO_BUILD_JOBS: 8
native-profile	Revalidate uploaded after-integration-4 evidence and reclaim only private build trees	2026-10-08T21:00:37.0492819Z   PURRDF_REQUIRE_SIMD_PATHS: distance:portable,distance:sse2,blake3:sse2,deflate:sse2,csv:sse2
native-profile	Revalidate uploaded after-integration-4 evidence and reclaim only private build trees	2026-10-08T21:00:37.0493434Z   CARGO_HOME: /home/runner/.cargo
native-profile	Revalidate uploaded after-integration-4 evidence and reclaim only private build trees	2026-10-08T21:00:37.0493717Z   CARGO_INCREMENTAL: 0
native-profile	Revalidate uploaded after-integration-4 evidence and reclaim only private build trees	2026-10-08T21:00:37.0493947Z   CARGO_TERM_COLOR: always
native-profile	Revalidate uploaded after-integration-4 evidence and reclaim only private build trees	2026-10-08T21:00:37.0494423Z   PURRDF_HOSTED_CONTROLLER: /opt/purrdf-native-profile/37822266421-1/controller-target/debug/examples/native_ci_profile
native-profile	Revalidate uploaded after-integration-4 evidence and reclaim only private build trees	2026-10-08T21:00:37.0494963Z   PURRDF_HOSTED_REAL_CARGO: /home/runner/.cargo/bin/cargo
native-profile	Revalidate uploaded after-integration-4 evidence and reclaim only private build trees	2026-10-08T21:00:37.0495284Z   PROFILE_CASE: after-integration-4
native-profile	Revalidate uploaded after-integration-4 evidence and reclaim only private build trees	2026-10-08T21:00:37.0495564Z   PURRDF_HOSTED_UPLOAD_ID: 11579330066
native-profile	Revalidate uploaded after-integration-4 evidence and reclaim only private build trees	2026-10-08T21:00:37.0495983Z   PURRDF_HOSTED_UPLOAD_DIGEST: b7b7147d860d60d06cb21035e14fff532936b0fc94f6c36303d42f75be413351
native-profile	Revalidate uploaded after-integration-4 evidence and reclaim only private build trees	2026-10-08T21:00:37.0496435Z ##[endgroup]
native-profile	Execute validated cold and unchanged warm after-capi	﻿2026-10-08T21:00:37.6222555Z ##[group]Run set -o pipefail
native-profile	Execute validated cold and unchanged warm after-capi	2026-10-08T21:00:37.6222866Z ^[[36;1mset -o pipefail^[[0m
native-profile	Execute validated cold and unchanged warm after-capi	2026-10-08T21:00:37.6223415Z ^[[36;1mcampaign="/opt/purrdf-native-profile/$GITHUB_RUN_ID-$GITHUB_RUN_ATTEMPT"^[[0m
native-profile	Execute validated cold and unchanged warm after-capi	2026-10-08T21:00:37.6223830Z ^[[36;1mmkdir -p "$campaign/$PROFILE_CASE"^[[0m
native-profile	Execute validated cold and unchanged warm after-capi	2026-10-08T21:00:37.6224214Z ^[[36;1mcp "$campaign/setup-start.txt" "$campaign/$PROFILE_CASE/setup-start.txt"^[[0m
native-profile	Execute validated cold and unchanged warm after-capi	2026-10-08T21:00:37.6224755Z ^[[36;1mcp "$campaign/resources/setup-disk-before.txt" "$campaign/$PROFILE_CASE/setup-disk-before.txt"^[[0m
native-profile	Execute validated cold and unchanged warm after-capi	2026-10-08T21:00:37.6225344Z ^[[36;1mcp "$campaign/resources/setup-disk-after.txt" "$campaign/$PROFILE_CASE/setup-disk-after.txt"^[[0m
native-profile	Execute validated cold and unchanged warm after-capi	2026-10-08T21:00:37.6225893Z ^[[36;1mcp "$campaign/resources/actual-rustc.txt" "$campaign/$PROFILE_CASE/actual-rustc.txt"^[[0m
native-profile	Execute validated cold and unchanged warm after-capi	2026-10-08T21:00:37.6226406Z ^[[36;1mcp "$campaign/resources/actual-cargo.txt" "$campaign/$PROFILE_CASE/actual-cargo.txt"^[[0m
native-profile	Execute validated cold and unchanged warm after-capi	2026-10-08T21:00:37.6226977Z ^[[36;1m"$PURRDF_HOSTED_CONTROLLER" hosted-run "$PROFILE_CASE" 2>&1 | tee "$campaign/$PROFILE_CASE/hosted-run.txt"^[[0m
native-profile	Execute validated cold and unchanged warm after-capi	2026-10-08T21:00:37.6281515Z shell: /usr/bin/bash -e {0}
native-profile	Execute validated cold and unchanged warm after-capi	2026-10-08T21:00:37.6281765Z env:
native-profile	Execute validated cold and unchanged warm after-capi	2026-10-08T21:00:37.6281970Z   CARGO_BUILD_JOBS: 8
native-profile	Execute validated cold and unchanged warm after-capi	2026-10-08T21:00:37.6282346Z   PURRDF_REQUIRE_SIMD_PATHS: distance:portable,distance:sse2,blake3:sse2,deflate:sse2,csv:sse2
native-profile	Execute validated cold and unchanged warm after-capi	2026-10-08T21:00:37.6282761Z   CARGO_HOME: /home/runner/.cargo
native-profile	Execute validated cold and unchanged warm after-capi	2026-10-08T21:00:37.6283026Z   CARGO_INCREMENTAL: 0
native-profile	Execute validated cold and unchanged warm after-capi	2026-10-08T21:00:37.6283408Z   CARGO_TERM_COLOR: always
native-profile	Execute validated cold and unchanged warm after-capi	2026-10-08T21:00:37.6283871Z   PURRDF_HOSTED_CONTROLLER: /opt/purrdf-native-profile/37822266421-1/controller-target/debug/examples/native_ci_profile
native-profile	Execute validated cold and unchanged warm after-capi	2026-10-08T21:00:37.6284397Z   PURRDF_HOSTED_REAL_CARGO: /home/runner/.cargo/bin/cargo
native-profile	Execute validated cold and unchanged warm after-capi	2026-10-08T21:00:37.6284701Z   PROFILE_CASE: after-capi
native-profile	Execute validated cold and unchanged warm after-capi	2026-10-08T21:00:37.6284934Z ##[endgroup]
native-profile	Retain after-capi source-bound evidence even on failure	﻿2026-10-08T21:09:23.0018205Z ##[group]Run actions/upload-artifact@043fb46d1a93c77aae656e7c1c64a875d1fc6a0a
native-profile	Retain after-capi source-bound evidence even on failure	2026-10-08T21:09:23.0018599Z with:
native-profile	Retain after-capi source-bound evidence even on failure	2026-10-08T21:09:23.0018845Z   name: native-profile-37822266421-1-arm-after-capi
native-profile	Retain after-capi source-bound evidence even on failure	2026-10-08T21:09:23.0019844Z   path: /opt/purrdf-native-profile/37822266421-1/after-capi/*.json
native-profile	Retain after-capi source-bound evidence even on failure	/opt/purrdf-native-profile/37822266421-1/after-capi/*.txt
native-profile	Retain after-capi source-bound evidence even on failure	/opt/purrdf-native-profile/37822266421-1/after-capi/*.diff
native-profile	Retain after-capi source-bound evidence even on failure	/opt/purrdf-native-profile/37822266421-1/after-capi/*-cargo/*.json
native-profile	Retain after-capi source-bound evidence even on failure	/opt/purrdf-native-profile/37822266421-1/after-capi/*-cargo/*.html
native-profile	Retain after-capi source-bound evidence even on failure	
native-profile	Retain after-capi source-bound evidence even on failure	2026-10-08T21:09:23.0020798Z   if-no-files-found: error
native-profile	Retain after-capi source-bound evidence even on failure	2026-10-08T21:09:23.0021191Z   retention-days: 30
native-profile	Retain after-capi source-bound evidence even on failure	2026-10-08T21:09:23.0021416Z   compression-level: 6
native-profile	Retain after-capi source-bound evidence even on failure	2026-10-08T21:09:23.0021643Z   overwrite: false
native-profile	Retain after-capi source-bound evidence even on failure	2026-10-08T21:09:23.0021875Z   include-hidden-files: false
native-profile	Retain after-capi source-bound evidence even on failure	2026-10-08T21:09:23.0022124Z   archive: true
native-profile	Retain after-capi source-bound evidence even on failure	2026-10-08T21:09:23.0022330Z env:
native-profile	Retain after-capi source-bound evidence even on failure	2026-10-08T21:09:23.0022531Z   CARGO_BUILD_JOBS: 8
native-profile	Retain after-capi source-bound evidence even on failure	2026-10-08T21:09:23.0022897Z   PURRDF_REQUIRE_SIMD_PATHS: distance:portable,distance:sse2,blake3:sse2,deflate:sse2,csv:sse2
native-profile	Retain after-capi source-bound evidence even on failure	2026-10-08T21:09:23.0023561Z   CARGO_HOME: /home/runner/.cargo
native-profile	Retain after-capi source-bound evidence even on failure	2026-10-08T21:09:23.0023841Z   CARGO_INCREMENTAL: 0
native-profile	Retain after-capi source-bound evidence even on failure	2026-10-08T21:09:23.0024064Z   CARGO_TERM_COLOR: always
native-profile	Retain after-capi source-bound evidence even on failure	2026-10-08T21:09:23.0024514Z   PURRDF_HOSTED_CONTROLLER: /opt/purrdf-native-profile/37822266421-1/controller-target/debug/examples/native_ci_profile
native-profile	Retain after-capi source-bound evidence even on failure	2026-10-08T21:09:23.0025020Z   PURRDF_HOSTED_REAL_CARGO: /home/runner/.cargo/bin/cargo
native-profile	Retain after-capi source-bound evidence even on failure	2026-10-08T21:09:23.0025321Z ##[endgroup]
native-profile	Retain after-capi source-bound evidence even on failure	2026-10-08T21:09:23.1231472Z With the provided path, there will be 36 files uploaded
native-profile	Retain after-capi source-bound evidence even on failure	2026-10-08T21:09:23.1235244Z Artifact name is valid!
native-profile	Retain after-capi source-bound evidence even on failure	2026-10-08T21:09:23.1235662Z Root directory input is valid!
native-profile	Retain after-capi source-bound evidence even on failure	2026-10-08T21:09:23.4486783Z Uploading artifact: native-profile-37822266421-1-arm-after-capi.zip
native-profile	Retain after-capi source-bound evidence even on failure	2026-10-08T21:09:23.4516783Z Beginning upload of artifact content to blob storage
native-profile	Retain after-capi source-bound evidence even on failure	2026-10-08T21:09:24.2941404Z Uploaded bytes 3551615
native-profile	Retain after-capi source-bound evidence even on failure	2026-10-08T21:09:24.3502645Z Finished uploading artifact content to blob storage!
native-profile	Retain after-capi source-bound evidence even on failure	2026-10-08T21:09:24.3503688Z SHA256 digest of uploaded artifact is 4b48edda140085e3d38996af06d05ce9ddddeae9cd8e7b47cfd636fca7ff47a3
native-profile	Retain after-capi source-bound evidence even on failure	2026-10-08T21:09:24.3504539Z Finalizing artifact upload
native-profile	Retain after-capi source-bound evidence even on failure	2026-10-08T21:09:24.7372967Z Artifact native-profile-37822266421-1-arm-after-capi successfully finalized. Artifact ID 11578629421
native-profile	Retain after-capi source-bound evidence even on failure	2026-10-08T21:09:24.7374545Z Artifact native-profile-37822266421-1-arm-after-capi has been successfully uploaded! Final size is 3551615 bytes. Artifact ID is 11578629421
native-profile	Retain after-capi source-bound evidence even on failure	2026-10-08T21:09:24.7377386Z Artifact download URL: https://github.com/Blackcat-Informatics/purrdf/actions/runs/37822266421/artifacts/11578629421
native-profile	Revalidate uploaded after-capi evidence and reclaim only private build trees	﻿2026-10-08T21:09:24.7491823Z ##[group]Run "$PURRDF_HOSTED_CONTROLLER" hosted-reclaim "$PROFILE_CASE"
native-profile	Revalidate uploaded after-capi evidence and reclaim only private build trees	2026-10-08T21:09:24.7492279Z ^[[36;1m"$PURRDF_HOSTED_CONTROLLER" hosted-reclaim "$PROFILE_CASE"^[[0m
native-profile	Revalidate uploaded after-capi evidence and reclaim only private build trees	2026-10-08T21:09:24.7547518Z shell: /usr/bin/bash -e {0}
native-profile	Revalidate uploaded after-capi evidence and reclaim only private build trees	2026-10-08T21:09:24.7547784Z env:
native-profile	Revalidate uploaded after-capi evidence and reclaim only private build trees	2026-10-08T21:09:24.7547991Z   CARGO_BUILD_JOBS: 8
native-profile	Revalidate uploaded after-capi evidence and reclaim only private build trees	2026-10-08T21:09:24.7548377Z   PURRDF_REQUIRE_SIMD_PATHS: distance:portable,distance:sse2,blake3:sse2,deflate:sse2,csv:sse2
native-profile	Revalidate uploaded after-capi evidence and reclaim only private build trees	2026-10-08T21:09:24.7548801Z   CARGO_HOME: /home/runner/.cargo
native-profile	Revalidate uploaded after-capi evidence and reclaim only private build trees	2026-10-08T21:09:24.7549069Z   CARGO_INCREMENTAL: 0
native-profile	Revalidate uploaded after-capi evidence and reclaim only private build trees	2026-10-08T21:09:24.7549301Z   CARGO_TERM_COLOR: always
native-profile	Revalidate uploaded after-capi evidence and reclaim only private build trees	2026-10-08T21:09:24.7549766Z   PURRDF_HOSTED_CONTROLLER: /opt/purrdf-native-profile/37822266421-1/controller-target/debug/examples/native_ci_profile
native-profile	Revalidate uploaded after-capi evidence and reclaim only private build trees	2026-10-08T21:09:24.7550298Z   PURRDF_HOSTED_REAL_CARGO: /home/runner/.cargo/bin/cargo
native-profile	Revalidate uploaded after-capi evidence and reclaim only private build trees	2026-10-08T21:09:24.7550613Z   PROFILE_CASE: after-capi
native-profile	Revalidate uploaded after-capi evidence and reclaim only private build trees	2026-10-08T21:09:24.7550868Z   PURRDF_HOSTED_UPLOAD_ID: 11578629421
native-profile	Revalidate uploaded after-capi evidence and reclaim only private build trees	2026-10-08T21:09:24.7551301Z   PURRDF_HOSTED_UPLOAD_DIGEST: 4b48edda140085e3d38996af06d05ce9ddddeae9cd8e7b47cfd636fca7ff47a3
native-profile	Revalidate uploaded after-capi evidence and reclaim only private build trees	2026-10-08T21:09:24.7551743Z ##[endgroup]
native-profile	Execute validated cold and unchanged warm after-downstream	﻿2026-10-08T21:09:25.3379810Z ##[group]Run set -o pipefail
native-profile	Execute validated cold and unchanged warm after-downstream	2026-10-08T21:09:25.3380130Z ^[[36;1mset -o pipefail^[[0m
native-profile	Execute validated cold and unchanged warm after-downstream	2026-10-08T21:09:25.3380496Z ^[[36;1mcampaign="/opt/purrdf-native-profile/$GITHUB_RUN_ID-$GITHUB_RUN_ATTEMPT"^[[0m
native-profile	Execute validated cold and unchanged warm after-downstream	2026-10-08T21:09:25.3380910Z ^[[36;1mmkdir -p "$campaign/$PROFILE_CASE"^[[0m
native-profile	Execute validated cold and unchanged warm after-downstream	2026-10-08T21:09:25.3381313Z ^[[36;1mcp "$campaign/setup-start.txt" "$campaign/$PROFILE_CASE/setup-start.txt"^[[0m
native-profile	Execute validated cold and unchanged warm after-downstream	2026-10-08T21:09:25.3381843Z ^[[36;1mcp "$campaign/resources/setup-disk-before.txt" "$campaign/$PROFILE_CASE/setup-disk-before.txt"^[[0m
native-profile	Execute validated cold and unchanged warm after-downstream	2026-10-08T21:09:25.3382436Z ^[[36;1mcp "$campaign/resources/setup-disk-after.txt" "$campaign/$PROFILE_CASE/setup-disk-after.txt"^[[0m
native-profile	Execute validated cold and unchanged warm after-downstream	2026-10-08T21:09:25.3382991Z ^[[36;1mcp "$campaign/resources/actual-rustc.txt" "$campaign/$PROFILE_CASE/actual-rustc.txt"^[[0m
native-profile	Execute validated cold and unchanged warm after-downstream	2026-10-08T21:09:25.3383719Z ^[[36;1mcp "$campaign/resources/actual-cargo.txt" "$campaign/$PROFILE_CASE/actual-cargo.txt"^[[0m
native-profile	Execute validated cold and unchanged warm after-downstream	2026-10-08T21:09:25.3384480Z ^[[36;1m"$PURRDF_HOSTED_CONTROLLER" hosted-run "$PROFILE_CASE" 2>&1 | tee "$campaign/$PROFILE_CASE/hosted-run.txt"^[[0m
native-profile	Execute validated cold and unchanged warm after-downstream	2026-10-08T21:09:25.3447646Z shell: /usr/bin/bash -e {0}
native-profile	Execute validated cold and unchanged warm after-downstream	2026-10-08T21:09:25.3447920Z env:
native-profile	Execute validated cold and unchanged warm after-downstream	2026-10-08T21:09:25.3448134Z   CARGO_BUILD_JOBS: 8
native-profile	Execute validated cold and unchanged warm after-downstream	2026-10-08T21:09:25.3448528Z   PURRDF_REQUIRE_SIMD_PATHS: distance:portable,distance:sse2,blake3:sse2,deflate:sse2,csv:sse2
native-profile	Execute validated cold and unchanged warm after-downstream	2026-10-08T21:09:25.3448952Z   CARGO_HOME: /home/runner/.cargo
native-profile	Execute validated cold and unchanged warm after-downstream	2026-10-08T21:09:25.3449224Z   CARGO_INCREMENTAL: 0
native-profile	Execute validated cold and unchanged warm after-downstream	2026-10-08T21:09:25.3449469Z   CARGO_TERM_COLOR: always
native-profile	Execute validated cold and unchanged warm after-downstream	2026-10-08T21:09:25.3449943Z   PURRDF_HOSTED_CONTROLLER: /opt/purrdf-native-profile/37822266421-1/controller-target/debug/examples/native_ci_profile
native-profile	Execute validated cold and unchanged warm after-downstream	2026-10-08T21:09:25.3450465Z   PURRDF_HOSTED_REAL_CARGO: /home/runner/.cargo/bin/cargo
native-profile	Execute validated cold and unchanged warm after-downstream	2026-10-08T21:09:25.3450784Z   PROFILE_CASE: after-downstream
native-profile	Execute validated cold and unchanged warm after-downstream	2026-10-08T21:09:25.3451050Z ##[endgroup]
native-profile	Retain after-downstream source-bound evidence even on failure	﻿2026-10-08T21:09:34.8393352Z ##[group]Run actions/upload-artifact@043fb46d1a93c77aae656e7c1c64a875d1fc6a0a
native-profile	Retain after-downstream source-bound evidence even on failure	2026-10-08T21:09:34.8393799Z with:
native-profile	Retain after-downstream source-bound evidence even on failure	2026-10-08T21:09:34.8394079Z   name: native-profile-37822266421-1-arm-after-downstream
native-profile	Retain after-downstream source-bound evidence even on failure	2026-10-08T21:09:34.8395173Z   path: /opt/purrdf-native-profile/37822266421-1/after-downstream/*.json
native-profile	Retain after-downstream source-bound evidence even on failure	/opt/purrdf-native-profile/37822266421-1/after-downstream/*.txt
native-profile	Retain after-downstream source-bound evidence even on failure	/opt/purrdf-native-profile/37822266421-1/after-downstream/*.diff
native-profile	Retain after-downstream source-bound evidence even on failure	/opt/purrdf-native-profile/37822266421-1/after-downstream/*-cargo/*.json
native-profile	Retain after-downstream source-bound evidence even on failure	/opt/purrdf-native-profile/37822266421-1/after-downstream/*-cargo/*.html
native-profile	Retain after-downstream source-bound evidence even on failure	
native-profile	Retain after-downstream source-bound evidence even on failure	2026-10-08T21:09:34.8396226Z   if-no-files-found: error
native-profile	Retain after-downstream source-bound evidence even on failure	2026-10-08T21:09:34.8396474Z   retention-days: 30
native-profile	Retain after-downstream source-bound evidence even on failure	2026-10-08T21:09:34.8396707Z   compression-level: 6
native-profile	Retain after-downstream source-bound evidence even on failure	2026-10-08T21:09:34.8396934Z   overwrite: false
native-profile	Retain after-downstream source-bound evidence even on failure	2026-10-08T21:09:34.8397161Z   include-hidden-files: false
native-profile	Retain after-downstream source-bound evidence even on failure	2026-10-08T21:09:34.8397409Z   archive: true
native-profile	Retain after-downstream source-bound evidence even on failure	2026-10-08T21:09:34.8397622Z env:
native-profile	Retain after-downstream source-bound evidence even on failure	2026-10-08T21:09:34.8397825Z   CARGO_BUILD_JOBS: 8
native-profile	Retain after-downstream source-bound evidence even on failure	2026-10-08T21:09:34.8398193Z   PURRDF_REQUIRE_SIMD_PATHS: distance:portable,distance:sse2,blake3:sse2,deflate:sse2,csv:sse2
native-profile	Retain after-downstream source-bound evidence even on failure	2026-10-08T21:09:34.8398651Z   CARGO_HOME: /home/runner/.cargo
native-profile	Retain after-downstream source-bound evidence even on failure	2026-10-08T21:09:34.8398910Z   CARGO_INCREMENTAL: 0
native-profile	Retain after-downstream source-bound evidence even on failure	2026-10-08T21:09:34.8399140Z   CARGO_TERM_COLOR: always
native-profile	Retain after-downstream source-bound evidence even on failure	2026-10-08T21:09:34.8399587Z   PURRDF_HOSTED_CONTROLLER: /opt/purrdf-native-profile/37822266421-1/controller-target/debug/examples/native_ci_profile
native-profile	Retain after-downstream source-bound evidence even on failure	2026-10-08T21:09:34.8400102Z   PURRDF_HOSTED_REAL_CARGO: /home/runner/.cargo/bin/cargo
native-profile	Retain after-downstream source-bound evidence even on failure	2026-10-08T21:09:34.8400401Z ##[endgroup]
native-profile	Retain after-downstream source-bound evidence even on failure	2026-10-08T21:09:34.9611438Z With the provided path, there will be 24 files uploaded
native-profile	Retain after-downstream source-bound evidence even on failure	2026-10-08T21:09:34.9615522Z Artifact name is valid!
native-profile	Retain after-downstream source-bound evidence even on failure	2026-10-08T21:09:34.9616019Z Root directory input is valid!
native-profile	Retain after-downstream source-bound evidence even on failure	2026-10-08T21:09:35.3432026Z Uploading artifact: native-profile-37822266421-1-arm-after-downstream.zip
native-profile	Retain after-downstream source-bound evidence even on failure	2026-10-08T21:09:35.3460779Z Beginning upload of artifact content to blob storage
native-profile	Retain after-downstream source-bound evidence even on failure	2026-10-08T21:09:36.0903512Z Uploaded bytes 2465179
native-profile	Retain after-downstream source-bound evidence even on failure	2026-10-08T21:09:36.1459901Z Finished uploading artifact content to blob storage!
native-profile	Retain after-downstream source-bound evidence even on failure	2026-10-08T21:09:36.1460925Z SHA256 digest of uploaded artifact is 1d59548e5710f6eb2a9856a3c6e3d0025adab80a4f46e8bed8c360f740471a08
native-profile	Retain after-downstream source-bound evidence even on failure	2026-10-08T21:09:36.1461725Z Finalizing artifact upload
native-profile	Retain after-downstream source-bound evidence even on failure	2026-10-08T21:09:36.5243459Z Artifact native-profile-37822266421-1-arm-after-downstream successfully finalized. Artifact ID 11578454793
native-profile	Retain after-downstream source-bound evidence even on failure	2026-10-08T21:09:36.5245013Z Artifact native-profile-37822266421-1-arm-after-downstream has been successfully uploaded! Final size is 2465179 bytes. Artifact ID is 11578454793
native-profile	Retain after-downstream source-bound evidence even on failure	2026-10-08T21:09:36.5246805Z Artifact download URL: https://github.com/Blackcat-Informatics/purrdf/actions/runs/37822266421/artifacts/11578454793
native-profile	Revalidate uploaded after-downstream evidence and reclaim only private build trees	﻿2026-10-08T21:09:36.5368819Z ##[group]Run "$PURRDF_HOSTED_CONTROLLER" hosted-reclaim "$PROFILE_CASE"
native-profile	Revalidate uploaded after-downstream evidence and reclaim only private build trees	2026-10-08T21:09:36.5369289Z ^[[36;1m"$PURRDF_HOSTED_CONTROLLER" hosted-reclaim "$PROFILE_CASE"^[[0m
native-profile	Revalidate uploaded after-downstream evidence and reclaim only private build trees	2026-10-08T21:09:36.5424308Z shell: /usr/bin/bash -e {0}
native-profile	Revalidate uploaded after-downstream evidence and reclaim only private build trees	2026-10-08T21:09:36.5424578Z env:
native-profile	Revalidate uploaded after-downstream evidence and reclaim only private build trees	2026-10-08T21:09:36.5424800Z   CARGO_BUILD_JOBS: 8
native-profile	Revalidate uploaded after-downstream evidence and reclaim only private build trees	2026-10-08T21:09:36.5425352Z   PURRDF_REQUIRE_SIMD_PATHS: distance:portable,distance:sse2,blake3:sse2,deflate:sse2,csv:sse2
native-profile	Revalidate uploaded after-downstream evidence and reclaim only private build trees	2026-10-08T21:09:36.5425781Z   CARGO_HOME: /home/runner/.cargo
native-profile	Revalidate uploaded after-downstream evidence and reclaim only private build trees	2026-10-08T21:09:36.5426057Z   CARGO_INCREMENTAL: 0
native-profile	Revalidate uploaded after-downstream evidence and reclaim only private build trees	2026-10-08T21:09:36.5426297Z   CARGO_TERM_COLOR: always
native-profile	Revalidate uploaded after-downstream evidence and reclaim only private build trees	2026-10-08T21:09:36.5426773Z   PURRDF_HOSTED_CONTROLLER: /opt/purrdf-native-profile/37822266421-1/controller-target/debug/examples/native_ci_profile
native-profile	Revalidate uploaded after-downstream evidence and reclaim only private build trees	2026-10-08T21:09:36.5427316Z   PURRDF_HOSTED_REAL_CARGO: /home/runner/.cargo/bin/cargo
native-profile	Revalidate uploaded after-downstream evidence and reclaim only private build trees	2026-10-08T21:09:36.5427641Z   PROFILE_CASE: after-downstream
native-profile	Revalidate uploaded after-downstream evidence and reclaim only private build trees	2026-10-08T21:09:36.5427921Z   PURRDF_HOSTED_UPLOAD_ID: 11578454793
native-profile	Revalidate uploaded after-downstream evidence and reclaim only private build trees	2026-10-08T21:09:36.5428344Z   PURRDF_HOSTED_UPLOAD_DIGEST: 1d59548e5710f6eb2a9856a3c6e3d0025adab80a4f46e8bed8c360f740471a08
native-profile	Revalidate uploaded after-downstream evidence and reclaim only private build trees	2026-10-08T21:09:36.5428788Z ##[endgroup]
native-profile	Execute validated cold and unchanged warm profile-before-capi	﻿2026-10-08T21:09:36.6482480Z ##[group]Run set -o pipefail
native-profile	Execute validated cold and unchanged warm profile-before-capi	2026-10-08T21:09:36.6482805Z ^[[36;1mset -o pipefail^[[0m
native-profile	Execute validated cold and unchanged warm profile-before-capi	2026-10-08T21:09:36.6483357Z ^[[36;1mcampaign="/opt/purrdf-native-profile/$GITHUB_RUN_ID-$GITHUB_RUN_ATTEMPT"^[[0m
native-profile	Execute validated cold and unchanged warm profile-before-capi	2026-10-08T21:09:36.6483816Z ^[[36;1mmkdir -p "$campaign/$PROFILE_CASE"^[[0m
native-profile	Execute validated cold and unchanged warm profile-before-capi	2026-10-08T21:09:36.6484216Z ^[[36;1mcp "$campaign/setup-start.txt" "$campaign/$PROFILE_CASE/setup-start.txt"^[[0m
native-profile	Execute validated cold and unchanged warm profile-before-capi	2026-10-08T21:09:36.6484752Z ^[[36;1mcp "$campaign/resources/setup-disk-before.txt" "$campaign/$PROFILE_CASE/setup-disk-before.txt"^[[0m
native-profile	Execute validated cold and unchanged warm profile-before-capi	2026-10-08T21:09:36.6485333Z ^[[36;1mcp "$campaign/resources/setup-disk-after.txt" "$campaign/$PROFILE_CASE/setup-disk-after.txt"^[[0m
native-profile	Execute validated cold and unchanged warm profile-before-capi	2026-10-08T21:09:36.6485889Z ^[[36;1mcp "$campaign/resources/actual-rustc.txt" "$campaign/$PROFILE_CASE/actual-rustc.txt"^[[0m
native-profile	Execute validated cold and unchanged warm profile-before-capi	2026-10-08T21:09:36.6486431Z ^[[36;1mcp "$campaign/resources/actual-cargo.txt" "$campaign/$PROFILE_CASE/actual-cargo.txt"^[[0m
native-profile	Execute validated cold and unchanged warm profile-before-capi	2026-10-08T21:09:36.6487008Z ^[[36;1m"$PURRDF_HOSTED_CONTROLLER" hosted-run "$PROFILE_CASE" 2>&1 | tee "$campaign/$PROFILE_CASE/hosted-run.txt"^[[0m
native-profile	Execute validated cold and unchanged warm profile-before-capi	2026-10-08T21:09:36.6541891Z shell: /usr/bin/bash -e {0}
native-profile	Execute validated cold and unchanged warm profile-before-capi	2026-10-08T21:09:36.6542163Z env:
native-profile	Execute validated cold and unchanged warm profile-before-capi	2026-10-08T21:09:36.6542376Z   CARGO_BUILD_JOBS: 8
native-profile	Execute validated cold and unchanged warm profile-before-capi	2026-10-08T21:09:36.6542773Z   PURRDF_REQUIRE_SIMD_PATHS: distance:portable,distance:sse2,blake3:sse2,deflate:sse2,csv:sse2
native-profile	Execute validated cold and unchanged warm profile-before-capi	2026-10-08T21:09:36.6543364Z   CARGO_HOME: /home/runner/.cargo
native-profile	Execute validated cold and unchanged warm profile-before-capi	2026-10-08T21:09:36.6543631Z   CARGO_INCREMENTAL: 0
native-profile	Execute validated cold and unchanged warm profile-before-capi	2026-10-08T21:09:36.6543868Z   CARGO_TERM_COLOR: always
native-profile	Execute validated cold and unchanged warm profile-before-capi	2026-10-08T21:09:36.6544339Z   PURRDF_HOSTED_CONTROLLER: /opt/purrdf-native-profile/37822266421-1/controller-target/debug/examples/native_ci_profile
native-profile	Execute validated cold and unchanged warm profile-before-capi	2026-10-08T21:09:36.6544869Z   PURRDF_HOSTED_REAL_CARGO: /home/runner/.cargo/bin/cargo
native-profile	Execute validated cold and unchanged warm profile-before-capi	2026-10-08T21:09:36.6545196Z   PROFILE_CASE: profile-before-capi
native-profile	Execute validated cold and unchanged warm profile-before-capi	2026-10-08T21:09:36.6545466Z ##[endgroup]
native-profile	Retain profile-before-capi source-bound evidence even on failure	﻿2026-10-08T21:22:39.2304410Z ##[group]Run actions/upload-artifact@043fb46d1a93c77aae656e7c1c64a875d1fc6a0a
native-profile	Retain profile-before-capi source-bound evidence even on failure	2026-10-08T21:22:39.2304810Z with:
native-profile	Retain profile-before-capi source-bound evidence even on failure	2026-10-08T21:22:39.2305100Z   name: native-profile-37822266421-1-arm-profile-before-capi
native-profile	Retain profile-before-capi source-bound evidence even on failure	2026-10-08T21:22:39.2306266Z   path: /opt/purrdf-native-profile/37822266421-1/profile-before-capi/*.json
native-profile	Retain profile-before-capi source-bound evidence even on failure	/opt/purrdf-native-profile/37822266421-1/profile-before-capi/*.txt
native-profile	Retain profile-before-capi source-bound evidence even on failure	/opt/purrdf-native-profile/37822266421-1/profile-before-capi/*.diff
native-profile	Retain profile-before-capi source-bound evidence even on failure	/opt/purrdf-native-profile/37822266421-1/profile-before-capi/*-cargo/*.json
native-profile	Retain profile-before-capi source-bound evidence even on failure	/opt/purrdf-native-profile/37822266421-1/profile-before-capi/*-cargo/*.html
native-profile	Retain profile-before-capi source-bound evidence even on failure	
native-profile	Retain profile-before-capi source-bound evidence even on failure	2026-10-08T21:22:39.2307381Z   if-no-files-found: error
native-profile	Retain profile-before-capi source-bound evidence even on failure	2026-10-08T21:22:39.2307624Z   retention-days: 30
native-profile	Retain profile-before-capi source-bound evidence even on failure	2026-10-08T21:22:39.2307859Z   compression-level: 6
native-profile	Retain profile-before-capi source-bound evidence even on failure	2026-10-08T21:22:39.2308089Z   overwrite: false
native-profile	Retain profile-before-capi source-bound evidence even on failure	2026-10-08T21:22:39.2308327Z   include-hidden-files: false
native-profile	Retain profile-before-capi source-bound evidence even on failure	2026-10-08T21:22:39.2308582Z   archive: true
native-profile	Retain profile-before-capi source-bound evidence even on failure	2026-10-08T21:22:39.2308795Z env:
native-profile	Retain profile-before-capi source-bound evidence even on failure	2026-10-08T21:22:39.2309001Z   CARGO_BUILD_JOBS: 8
native-profile	Retain profile-before-capi source-bound evidence even on failure	2026-10-08T21:22:39.2309379Z   PURRDF_REQUIRE_SIMD_PATHS: distance:portable,distance:sse2,blake3:sse2,deflate:sse2,csv:sse2
native-profile	Retain profile-before-capi source-bound evidence even on failure	2026-10-08T21:22:39.2309813Z   CARGO_HOME: /home/runner/.cargo
native-profile	Retain profile-before-capi source-bound evidence even on failure	2026-10-08T21:22:39.2310084Z   CARGO_INCREMENTAL: 0
native-profile	Retain profile-before-capi source-bound evidence even on failure	2026-10-08T21:22:39.2310325Z   CARGO_TERM_COLOR: always
native-profile	Retain profile-before-capi source-bound evidence even on failure	2026-10-08T21:22:39.2310786Z   PURRDF_HOSTED_CONTROLLER: /opt/purrdf-native-profile/37822266421-1/controller-target/debug/examples/native_ci_profile
native-profile	Retain profile-before-capi source-bound evidence even on failure	2026-10-08T21:22:39.2311471Z   PURRDF_HOSTED_REAL_CARGO: /home/runner/.cargo/bin/cargo
native-profile	Retain profile-before-capi source-bound evidence even on failure	2026-10-08T21:22:39.2311776Z ##[endgroup]
native-profile	Retain profile-before-capi source-bound evidence even on failure	2026-10-08T21:22:39.3471657Z With the provided path, there will be 37 files uploaded
native-profile	Retain profile-before-capi source-bound evidence even on failure	2026-10-08T21:22:39.3475131Z Artifact name is valid!
native-profile	Retain profile-before-capi source-bound evidence even on failure	2026-10-08T21:22:39.3475706Z Root directory input is valid!
native-profile	Retain profile-before-capi source-bound evidence even on failure	2026-10-08T21:22:39.7119648Z Uploading artifact: native-profile-37822266421-1-arm-profile-before-capi.zip
native-profile	Retain profile-before-capi source-bound evidence even on failure	2026-10-08T21:22:39.7151885Z Beginning upload of artifact content to blob storage
native-profile	Retain profile-before-capi source-bound evidence even on failure	2026-10-08T21:22:40.5698113Z Uploaded bytes 3562906
native-profile	Retain profile-before-capi source-bound evidence even on failure	2026-10-08T21:22:40.6251486Z Finished uploading artifact content to blob storage!
native-profile	Retain profile-before-capi source-bound evidence even on failure	2026-10-08T21:22:40.6252272Z SHA256 digest of uploaded artifact is 6df2c879710b8416587e2c35e0b5f110938e2e6b2f7ded946e1d468fdac3bfa3
native-profile	Retain profile-before-capi source-bound evidence even on failure	2026-10-08T21:22:40.6252980Z Finalizing artifact upload
native-profile	Retain profile-before-capi source-bound evidence even on failure	2026-10-08T21:22:40.9741994Z Artifact native-profile-37822266421-1-arm-profile-before-capi successfully finalized. Artifact ID 11579752745
native-profile	Retain profile-before-capi source-bound evidence even on failure	2026-10-08T21:22:40.9743046Z Artifact native-profile-37822266421-1-arm-profile-before-capi has been successfully uploaded! Final size is 3562906 bytes. Artifact ID is 11579752745
native-profile	Retain profile-before-capi source-bound evidence even on failure	2026-10-08T21:22:40.9745496Z Artifact download URL: https://github.com/Blackcat-Informatics/purrdf/actions/runs/37822266421/artifacts/11579752745
native-profile	Revalidate uploaded profile-before-capi evidence and reclaim only private build trees	﻿2026-10-08T21:22:40.9863722Z ##[group]Run "$PURRDF_HOSTED_CONTROLLER" hosted-reclaim "$PROFILE_CASE"
native-profile	Revalidate uploaded profile-before-capi evidence and reclaim only private build trees	2026-10-08T21:22:40.9864221Z ^[[36;1m"$PURRDF_HOSTED_CONTROLLER" hosted-reclaim "$PROFILE_CASE"^[[0m
native-profile	Revalidate uploaded profile-before-capi evidence and reclaim only private build trees	2026-10-08T21:22:40.9918676Z shell: /usr/bin/bash -e {0}
native-profile	Revalidate uploaded profile-before-capi evidence and reclaim only private build trees	2026-10-08T21:22:40.9918950Z env:
native-profile	Revalidate uploaded profile-before-capi evidence and reclaim only private build trees	2026-10-08T21:22:40.9919171Z   CARGO_BUILD_JOBS: 8
native-profile	Revalidate uploaded profile-before-capi evidence and reclaim only private build trees	2026-10-08T21:22:40.9919574Z   PURRDF_REQUIRE_SIMD_PATHS: distance:portable,distance:sse2,blake3:sse2,deflate:sse2,csv:sse2
native-profile	Revalidate uploaded profile-before-capi evidence and reclaim only private build trees	2026-10-08T21:22:40.9920003Z   CARGO_HOME: /home/runner/.cargo
native-profile	Revalidate uploaded profile-before-capi evidence and reclaim only private build trees	2026-10-08T21:22:40.9920275Z   CARGO_INCREMENTAL: 0
native-profile	Revalidate uploaded profile-before-capi evidence and reclaim only private build trees	2026-10-08T21:22:40.9920549Z   CARGO_TERM_COLOR: always
native-profile	Revalidate uploaded profile-before-capi evidence and reclaim only private build trees	2026-10-08T21:22:40.9921033Z   PURRDF_HOSTED_CONTROLLER: /opt/purrdf-native-profile/37822266421-1/controller-target/debug/examples/native_ci_profile
native-profile	Revalidate uploaded profile-before-capi evidence and reclaim only private build trees	2026-10-08T21:22:40.9921577Z   PURRDF_HOSTED_REAL_CARGO: /home/runner/.cargo/bin/cargo
native-profile	Revalidate uploaded profile-before-capi evidence and reclaim only private build trees	2026-10-08T21:22:40.9921909Z   PROFILE_CASE: profile-before-capi
native-profile	Revalidate uploaded profile-before-capi evidence and reclaim only private build trees	2026-10-08T21:22:40.9922200Z   PURRDF_HOSTED_UPLOAD_ID: 11579752745
native-profile	Revalidate uploaded profile-before-capi evidence and reclaim only private build trees	2026-10-08T21:22:40.9922626Z   PURRDF_HOSTED_UPLOAD_DIGEST: 6df2c879710b8416587e2c35e0b5f110938e2e6b2f7ded946e1d468fdac3bfa3
native-profile	Revalidate uploaded profile-before-capi evidence and reclaim only private build trees	2026-10-08T21:22:40.9932115Z ##[endgroup]
native-profile	Retain shared setup and attributable post-upload reclamation evidence	﻿2026-10-08T21:22:41.9750238Z ##[group]Run actions/upload-artifact@043fb46d1a93c77aae656e7c1c64a875d1fc6a0a
native-profile	Retain shared setup and attributable post-upload reclamation evidence	2026-10-08T21:22:41.9750873Z with:
native-profile	Retain shared setup and attributable post-upload reclamation evidence	2026-10-08T21:22:41.9751282Z   name: native-profile-37822266421-1-resources
native-profile	Retain shared setup and attributable post-upload reclamation evidence	2026-10-08T21:22:41.9751862Z   path: /opt/purrdf-native-profile/37822266421-1/resources/
native-profile	Retain shared setup and attributable post-upload reclamation evidence	2026-10-08T21:22:41.9752397Z   if-no-files-found: error
native-profile	Retain shared setup and attributable post-upload reclamation evidence	2026-10-08T21:22:41.9752787Z   retention-days: 30
native-profile	Retain shared setup and attributable post-upload reclamation evidence	2026-10-08T21:22:41.9753318Z   compression-level: 6
native-profile	Retain shared setup and attributable post-upload reclamation evidence	2026-10-08T21:22:41.9753689Z   overwrite: false
native-profile	Retain shared setup and attributable post-upload reclamation evidence	2026-10-08T21:22:41.9754052Z   include-hidden-files: false
native-profile	Retain shared setup and attributable post-upload reclamation evidence	2026-10-08T21:22:41.9754491Z   archive: true
native-profile	Retain shared setup and attributable post-upload reclamation evidence	2026-10-08T21:22:41.9754840Z env:
native-profile	Retain shared setup and attributable post-upload reclamation evidence	2026-10-08T21:22:41.9755172Z   CARGO_BUILD_JOBS: 8
native-profile	Retain shared setup and attributable post-upload reclamation evidence	2026-10-08T21:22:41.9755790Z   PURRDF_REQUIRE_SIMD_PATHS: distance:portable,distance:sse2,blake3:sse2,deflate:sse2,csv:sse2
native-profile	Retain shared setup and attributable post-upload reclamation evidence	2026-10-08T21:22:41.9756472Z   CARGO_HOME: /home/runner/.cargo
native-profile	Retain shared setup and attributable post-upload reclamation evidence	2026-10-08T21:22:41.9756867Z   CARGO_INCREMENTAL: 0
native-profile	Retain shared setup and attributable post-upload reclamation evidence	2026-10-08T21:22:41.9757210Z   CARGO_TERM_COLOR: always
native-profile	Retain shared setup and attributable post-upload reclamation evidence	2026-10-08T21:22:41.9757940Z   PURRDF_HOSTED_CONTROLLER: /opt/purrdf-native-profile/37822266421-1/controller-target/debug/examples/native_ci_profile
native-profile	Retain shared setup and attributable post-upload reclamation evidence	2026-10-08T21:22:41.9758805Z   PURRDF_HOSTED_REAL_CARGO: /home/runner/.cargo/bin/cargo
native-profile	Retain shared setup and attributable post-upload reclamation evidence	2026-10-08T21:22:41.9759296Z ##[endgroup]
native-profile	Retain shared setup and attributable post-upload reclamation evidence	2026-10-08T21:22:42.0902942Z With the provided path, there will be 18 files uploaded
native-profile	Retain shared setup and attributable post-upload reclamation evidence	2026-10-08T21:22:42.0907049Z Artifact name is valid!
native-profile	Retain shared setup and attributable post-upload reclamation evidence	2026-10-08T21:22:42.0907451Z Root directory input is valid!
native-profile	Retain shared setup and attributable post-upload reclamation evidence	2026-10-08T21:22:42.4362214Z Uploading artifact: native-profile-37822266421-1-resources.zip
native-profile	Retain shared setup and attributable post-upload reclamation evidence	2026-10-08T21:22:42.4394363Z Beginning upload of artifact content to blob storage
native-profile	Retain shared setup and attributable post-upload reclamation evidence	2026-10-08T21:22:42.7829033Z Uploaded bytes 15158
native-profile	Retain shared setup and attributable post-upload reclamation evidence	2026-10-08T21:22:42.8390396Z Finished uploading artifact content to blob storage!
native-profile	Retain shared setup and attributable post-upload reclamation evidence	2026-10-08T21:22:42.8391395Z SHA256 digest of uploaded artifact is b1dfe3658537811c7c0ae7f0683f4192fb75b56a899be5ebfb5a7fc48973a17d
native-profile	Retain shared setup and attributable post-upload reclamation evidence	2026-10-08T21:22:42.8391893Z Finalizing artifact upload
native-profile	Retain shared setup and attributable post-upload reclamation evidence	2026-10-08T21:22:43.2282300Z Artifact native-profile-37822266421-1-resources successfully finalized. Artifact ID 11579702830
native-profile	Retain shared setup and attributable post-upload reclamation evidence	2026-10-08T21:22:43.2283582Z Artifact native-profile-37822266421-1-resources has been successfully uploaded! Final size is 15158 bytes. Artifact ID is 11579702830
native-profile	Retain shared setup and attributable post-upload reclamation evidence	2026-10-08T21:22:43.2285908Z Artifact download URL: https://github.com/Blackcat-Informatics/purrdf/actions/runs/37822266421/artifacts/11579702830
native-profile	Post Install Node for the actual native ECMAScript oracle	﻿2026-10-08T21:22:43.2457514Z Post job cleanup.
native-profile	Post Run actions/checkout@9c091bb21b7c1c1d1991bb908d89e4e9dddfe3e0	﻿2026-10-08T21:22:43.3604832Z Post job cleanup.
native-profile	Post Run actions/checkout@9c091bb21b7c1c1d1991bb908d89e4e9dddfe3e0	2026-10-08T21:22:43.4280273Z [command]/usr/bin/git version
native-profile	Post Run actions/checkout@9c091bb21b7c1c1d1991bb908d89e4e9dddfe3e0	2026-10-08T21:22:43.4316694Z git version 2.55.0
native-profile	Post Run actions/checkout@9c091bb21b7c1c1d1991bb908d89e4e9dddfe3e0	2026-10-08T21:22:43.4342189Z Temporarily overriding HOME='/home/runner/work/_temp/20fa62b9-61a8-4071-b6f8-eb8777b57667' before making global git config changes
native-profile	Post Run actions/checkout@9c091bb21b7c1c1d1991bb908d89e4e9dddfe3e0	2026-10-08T21:22:43.4343546Z Adding repository directory to the temporary git global config as a safe directory
native-profile	Post Run actions/checkout@9c091bb21b7c1c1d1991bb908d89e4e9dddfe3e0	2026-10-08T21:22:43.4345940Z [command]/usr/bin/git config --global --add safe.directory /home/runner/work/purrdf/purrdf
native-profile	Post Run actions/checkout@9c091bb21b7c1c1d1991bb908d89e4e9dddfe3e0	2026-10-08T21:22:43.4371098Z Removing SSH command configuration
native-profile	Post Run actions/checkout@9c091bb21b7c1c1d1991bb908d89e4e9dddfe3e0	2026-10-08T21:22:43.4376326Z [command]/usr/bin/git config --local --name-only --get-regexp core\.sshCommand
native-profile	Post Run actions/checkout@9c091bb21b7c1c1d1991bb908d89e4e9dddfe3e0	2026-10-08T21:22:43.4404022Z [command]/usr/bin/git submodule foreach --recursive sh -c "git config --local --name-only --get-regexp 'core\.sshCommand' && git config --local --unset-all 'core.sshCommand' || :"
native-profile	Post Run actions/checkout@9c091bb21b7c1c1d1991bb908d89e4e9dddfe3e0	2026-10-08T21:22:43.4623181Z Removing HTTP extra header
native-profile	Post Run actions/checkout@9c091bb21b7c1c1d1991bb908d89e4e9dddfe3e0	2026-10-08T21:22:43.4627487Z [command]/usr/bin/git config --local --name-only --get-regexp http\.https\:\/\/github\.com\/\.extraheader
native-profile	Post Run actions/checkout@9c091bb21b7c1c1d1991bb908d89e4e9dddfe3e0	2026-10-08T21:22:43.4656178Z [command]/usr/bin/git submodule foreach --recursive sh -c "git config --local --name-only --get-regexp 'http\.https\:\/\/github\.com\/\.extraheader' && git config --local --unset-all 'http.https://github.com/.extraheader' || :"
native-profile	Post Run actions/checkout@9c091bb21b7c1c1d1991bb908d89e4e9dddfe3e0	2026-10-08T21:22:43.4869464Z Removing includeIf entries pointing to credentials config files
native-profile	Post Run actions/checkout@9c091bb21b7c1c1d1991bb908d89e4e9dddfe3e0	2026-10-08T21:22:43.4874134Z [command]/usr/bin/git config --local --name-only --get-regexp ^includeIf\.gitdir:
native-profile	Post Run actions/checkout@9c091bb21b7c1c1d1991bb908d89e4e9dddfe3e0	2026-10-08T21:22:43.4901280Z [command]/usr/bin/git submodule foreach --recursive git config --local --show-origin --name-only --get-regexp remote.origin.url
native-profile	Complete job	﻿2026-10-08T21:22:43.5229866Z Cleaning up orphan processes
native-profile	Complete job	2026-10-08T21:22:43.5462113Z ##[warning]Node.js 20 is deprecated. The following actions target Node.js 20 but are being forced to run on Node.js 24: actions/download-artifact@95815c38cf2ff2164869cbab79da8d1f422bc89e. For more information see: https://github.blog/changelog/2025-09-19-deprecation-of-node-20-on-github-actions-runners/
