005b02ce008b4dcfc19e4963aa1f01cf648af9ee36255cdded34ee2757187197	/home/paudley/Active/purrdf/.worktrees/454-rdflib-shim-algebra-level-reassignment/.stage/rdflib-shim-algebra-level-reassignment/raw/native-cost-candidate-863c75-native-boundary-ir/qualification_454_native_cost.purrdf_lex-8a1054ef04a1ca05.purrdf_lex.1fd7b0069f7c4a15-cgu.0.rcgu.o.rcgu.ll
0217e021d55d9856488bc1c1be186e45f9e74dab63d589d8d0832051cee93aca	/home/paudley/Active/purrdf/.worktrees/454-rdflib-shim-algebra-level-reassignment/.stage/rdflib-shim-algebra-level-reassignment/raw/native-cost-candidate-863c75-direct-dispatch-ir/qualification_454_native_cost.regex_automata-443ceb1c47427307.regex_automata.b12be791bb49d87e-cgu.0.rcgu.o.rcgu.ll
02447ecdcc7d2ab9187340ae67c25d6839fe2ad472f5c8aeb00d56066c632327	/home/paudley/Active/purrdf/.worktrees/454-rdflib-shim-algebra-level-reassignment/.stage/rdflib-shim-algebra-level-reassignment/raw/native-cost-candidate-863c75-native-boundary-ir/qualification_454_native_cost.purrdf_core-c1792174a43b914e.purrdf_core.ce843a9727c25724-cgu.0.rcgu.o.rcgu.ll
024f7e09a758157ebe70c0105dd0f7e0682ccbe21a3a909fac87b1ebafeb4e78	/home/paudley/Active/purrdf/.worktrees/454-rdflib-shim-algebra-level-reassignment/.stage/rdflib-shim-algebra-level-reassignment/raw/final-credential-policy-scan-20261008/after.sha256
02cfe3e9515ae5380e19508fed7ac4016421217d2c20f9c29f4a6a2cf30af5be	/opt/purrdf-454-current-qualification-20261008/final-project-private-kernel-native-cost-1/artifacts/candidate-native-build/release/build/qualification-454-native-cost/8da9b71ba832a22e/out/qualification_454_native_cost.purrdf_xsd-1cf4391a6b7531d6.purrdf_xsd.adc7a472107af13b-cgu.0.rcgu.o.rcgu.s
048a9d5f7e7e0fd107280659b3a4e0328f808381fd8982be5c338a82768abb84	/home/paudley/Active/purrdf/.worktrees/454-rdflib-shim-algebra-level-reassignment/.stage/rdflib-shim-algebra-level-reassignment/raw/native-cost-candidate-863c75-native-boundary-ir/qualification_454_native_cost.regex_syntax-6125fa51d0bc5933.regex_syntax.612fae0621a53369-cgu.0.rcgu.o.rcgu.ll
0519f19e733b02208b41db7569d033ba31acdb723e44c1e4dd6254b28d855c01	/home/paudley/Active/purrdf/.worktrees/454-rdflib-shim-algebra-level-reassignment/.stage/rdflib-shim-algebra-level-reassignment/raw/native-cost-candidate-863c75-default-boundary-ir/qualification_454_native_cost.core-5f5c0031517c19c4.core.1b0f708be8c133d1-cgu.0.rcgu.o.rcgu.ll
0519f19e733b02208b41db7569d033ba31acdb723e44c1e4dd6254b28d855c01	/home/paudley/Active/purrdf/.worktrees/454-rdflib-shim-algebra-level-reassignment/.stage/rdflib-shim-algebra-level-reassignment/raw/native-cost-candidate-863c75-direct-dispatch-ir/qualification_454_native_cost.core-5f5c0031517c19c4.core.1b0f708be8c133d1-cgu.0.rcgu.o.rcgu.ll
0519f19e733b02208b41db7569d033ba31acdb723e44c1e4dd6254b28d855c01	/home/paudley/Active/purrdf/.worktrees/454-rdflib-shim-algebra-level-reassignment/.stage/rdflib-shim-algebra-level-reassignment/raw/native-cost-candidate-863c75-ir/qualification_454_native_cost.core-5f5c0031517c19c4.core.1b0f708be8c133d1-cgu.0.rcgu.o.rcgu.ll
0519f19e733b02208b41db7569d033ba31acdb723e44c1e4dd6254b28d855c01	/home/paudley/Active/purrdf/.worktrees/454-rdflib-shim-algebra-level-reassignment/.stage/rdflib-shim-algebra-level-reassignment/raw/native-cost-candidate-863c75-native-boundary-ir/qualification_454_native_cost.core-5f5c0031517c19c4.core.1b0f708be8c133d1-cgu.0.rcgu.o.rcgu.ll
05e82ba543770bc4bca561b3655d1973430b86fa62b5049b0418f2fd33daaa08	/opt/purrdf-454-current-qualification-20261008/final-smallvec-bulk-rust-1/source-start.sha256
0694637589d660ba927279f7f39f27693655864e5a3d9e9c574e16b4ee0ee375	/opt/purrdf-454-current-qualification-20261008/final-project-private-kernel-native-cost-1/artifacts/candidate-native-build/release/build/qualification-454-native-cost/8da9b71ba832a22e/out/qualification_454_native_cost.regex_syntax-b2ee09bb1f3a6613.regex_syntax.612fae0621a53369-cgu.0.rcgu.o.rcgu.s
06e4d1caf0d98d271e57451de4c66db272192118c694edd660382e73b7cec852	/opt/purrdf-454-current-qualification-20261008/final-project-private-kernel-native-cost-1/artifacts/candidate-native-build/release/build/qualification-454-native-cost/8da9b71ba832a22e/out/qualification_454_native_cost.purrdf_sparql_eval-de8b55b65b068f1e.purrdf_sparql_eval.1e4be50d5a1c0ebd-cgu.0.rcgu.o.rcgu.s
06fccf32adadc9a934879434e75c37e53338bcf249b1e8276403b24f86af3d7c	/opt/purrdf-454-current-qualification-20261008/final-lower-native-cost-1/artifacts/baseline-native-build/release/build/qualification-454-native-cost/581f94ec0f256a95/out/qualification_454_native_cost.core-5f5c0031517c19c4.core.1b0f708be8c133d1-cgu.0.rcgu.o.rcgu.ll
06fccf32adadc9a934879434e75c37e53338bcf249b1e8276403b24f86af3d7c	/opt/purrdf-454-current-qualification-20261008/final-project-private-kernel-native-cost-1/artifacts/candidate-native-build/release/build/qualification-454-native-cost/8da9b71ba832a22e/out/qualification_454_native_cost.core-5f5c0031517c19c4.core.1b0f708be8c133d1-cgu.0.rcgu.o.rcgu.ll
07aad1998be88d26b730a9b662f56ae3d074208fc66cf30430b17dfd94e2c788	/home/paudley/Active/purrdf/.worktrees/454-rdflib-shim-algebra-level-reassignment/.stage/rdflib-shim-algebra-level-reassignment/raw/final-smallvec-cost-body-review/candidate-eval-demangled.s
0909d2fd3023ab978bab12ec55729ee425641415ce69e8eabd8fb5f6b0c93cc3	/home/paudley/Active/purrdf/.worktrees/454-rdflib-shim-algebra-level-reassignment/.stage/rdflib-shim-algebra-level-reassignment/raw/native-cost-base-ir/qualification_454_native_cost.purrdf_sparql_eval-0ecc65cc8c2d1ea3.purrdf_sparql_eval.85e4f8f062a88157-cgu.0.rcgu.o.rcgu.s
09d2a8c6cc84cd886aa6e9c087313bf0ac8a4f944ce5d8abb578416404bf980f	/home/paudley/Active/purrdf/.worktrees/454-rdflib-shim-algebra-level-reassignment/.stage/rdflib-shim-algebra-level-reassignment/raw/t2-base-python-ir/purrdf_native.s.gz
0a3f8a4428233658746a03a3fc1d5fe47356814e824b191acf84e484ef891829	/home/paudley/Active/purrdf/.worktrees/454-rdflib-shim-algebra-level-reassignment/.stage/rdflib-shim-algebra-level-reassignment/raw/native-cost-candidate-863c75-ir/qualification_454_native_cost.purrdf_cdt-7285be266600a81c.purrdf_cdt.65bb4d13a4648eed-cgu.0.rcgu.o.rcgu.s
0b26a50087ca355704051ec38e791f692d0a4405562e67cbae1941026546d29d	/home/paudley/Active/purrdf/.worktrees/454-rdflib-shim-algebra-level-reassignment/.stage/rdflib-shim-algebra-level-reassignment/raw/native-cost-candidate-863c75-native-boundary-ir/qualification_454_native_cost.regex_automata-443ceb1c47427307.regex_automata.b12be791bb49d87e-cgu.0.rcgu.o.rcgu.ll
0bb32d070139e1d555cc85e3ec3bf35ef40c1d73f58252bd6f6824d8ee2a7cab	/home/paudley/Active/purrdf/.worktrees/454-rdflib-shim-algebra-level-reassignment/.stage/rdflib-shim-algebra-level-reassignment/raw/t3-inline-cost-candidate-native-ir/qualification_454_native_cost.purrdf_sparql_eval-0d067d9d4a72ce33.purrdf_sparql_eval.5766da4c1a18e898-cgu.0.rcgu.o.rcgu.s
0bf5ef76c5441b0cd937a560bf8f4f0426f0b8826f50092f9d6463a3f315f18f	/home/paudley/Active/purrdf/.worktrees/454-rdflib-shim-algebra-level-reassignment/.stage/rdflib-shim-algebra-level-reassignment/raw/project-outer-owning-inline-diagnostic-review/candidate-inline-demangled.log
0c840dc1d98270980e4ed7807a6b094683537b61ce028cb251b0d4bfb84b9cde	/home/paudley/Active/purrdf/.worktrees/454-rdflib-shim-algebra-level-reassignment/.stage/rdflib-shim-algebra-level-reassignment/raw/native-cost-candidate-863c75-direct-dispatch-ir/qualification_454_native_cost.purrdf_xsd-63c2141a0f4369ee.purrdf_xsd.adc7a472107af13b-cgu.0.rcgu.o.rcgu.s
0ca4700331e4fa75a72761942b86163de03c3909fb5cbf28a8be4147084f3355	/home/paudley/Active/purrdf/.worktrees/454-rdflib-shim-algebra-level-reassignment/.stage/rdflib-shim-algebra-level-reassignment/raw/native-cost-candidate-863c75-ir/qualification_454_native_cost.regex_syntax-6125fa51d0bc5933.regex_syntax.612fae0621a53369-cgu.0.rcgu.o.rcgu.s
0d7cb638484e1135750f5c974abafebf7bc3c9be092c3b14c94f2580db749219	/home/paudley/Active/purrdf/.worktrees/454-rdflib-shim-algebra-level-reassignment/.stage/rdflib-shim-algebra-level-reassignment/raw/t2-base-native-inventory.log
0f6a16a46f58b63695ce818026cb992b94d1bbdcc725841655bcbd9c0e47c257	/home/paudley/Active/purrdf/.worktrees/454-rdflib-shim-algebra-level-reassignment/.stage/rdflib-shim-algebra-level-reassignment/raw/native-cost-candidate-863c75-direct-dispatch-ir/qualification_454_native_cost.qualification_454_native_cost.258b1530d971e06d-cgu.0.rcgu.ll
0f9d852bf3cce8992ded370ce2853d8a12d6c76ce0907412b71522d830771766	/opt/purrdf-454-current-qualification-20261008/final-lower-native-cost-1/baseline-source-start.sha256
0f9d852bf3cce8992ded370ce2853d8a12d6c76ce0907412b71522d830771766	/opt/purrdf-454-current-qualification-20261008/final-project-private-kernel-native-cost-1/baseline-source-start.sha256
124e042841e61c13fe53147d722c204b26b7fe672b03fa70e2a7ca3edf3da2a2	/home/paudley/Active/purrdf/.worktrees/454-rdflib-shim-algebra-level-reassignment/.stage/rdflib-shim-algebra-level-reassignment/raw/native-cost-candidate-863c75-default-boundary-ir/qualification_454_native_cost.purrdf_cdt-7285be266600a81c.purrdf_cdt.65bb4d13a4648eed-cgu.0.rcgu.o.rcgu.s
1272ddb8704298875584d91d65752901f2d10b1a11bd458af6e1cf4c742047e5	/opt/purrdf-454-current-qualification-20261008/final-project-private-kernel-native-cost-1/artifacts/candidate-native-build/release/build/qualification-454-native-cost/8da9b71ba832a22e/out/qualification_454_native_cost.qualification_454_native_cost.258b1530d971e06d-cgu.0.rcgu.ll
127941c04998463cb861364605815b8e393f30c270f4ed5fb16b7dccaf1ee9ac	/opt/purrdf-454-current-qualification-20261008/final-lower-native-cost-1/artifacts/baseline-native-build/release/build/qualification-454-native-cost/581f94ec0f256a95/out/qualification_454_native_cost.purrdf_sparql_algebra-50cc4ff436032765.purrdf_sparql_algebra.7add042db7b439c1-cgu.0.rcgu.o.rcgu.ll
1380d45899e969a5b38d214f6d127189cd97ddfdb6b3346539686792a0a0a56f	/home/paudley/Active/purrdf/.worktrees/454-rdflib-shim-algebra-level-reassignment/.stage/rdflib-shim-algebra-level-reassignment/raw/t3-candidate-native-ir/qualification_454_native_cost.qualification_454_native_cost.569991f014440d2b-cgu.0.rcgu.s
13b34c667b3d76ec1891b67aeb0a454589e08de73edb0b737d06df8ee2f4e0fa	/home/paudley/Active/purrdf/.worktrees/454-rdflib-shim-algebra-level-reassignment/.stage/rdflib-shim-algebra-level-reassignment/raw/t3-candidate-native-ir/qualification_454_native_cost.purrdf_sparql_algebra-2f54bfeaed8b20be.purrdf_sparql_algebra.1f9a9904874edf46-cgu.0.rcgu.o.rcgu.s
13b34c667b3d76ec1891b67aeb0a454589e08de73edb0b737d06df8ee2f4e0fa	/home/paudley/Active/purrdf/.worktrees/454-rdflib-shim-algebra-level-reassignment/.stage/rdflib-shim-algebra-level-reassignment/raw/t3-inline-cost-candidate-native-ir/qualification_454_native_cost.purrdf_sparql_algebra-2f54bfeaed8b20be.purrdf_sparql_algebra.1f9a9904874edf46-cgu.0.rcgu.o.rcgu.s
13b34c667b3d76ec1891b67aeb0a454589e08de73edb0b737d06df8ee2f4e0fa	/home/paudley/Active/purrdf/.worktrees/454-rdflib-shim-algebra-level-reassignment/.stage/rdflib-shim-algebra-level-reassignment/raw/t3-static-tail-candidate-native-ir/qualification_454_native_cost.purrdf_sparql_algebra-2f54bfeaed8b20be.purrdf_sparql_algebra.1f9a9904874edf46-cgu.0.rcgu.o.rcgu.s
13f6ac0a6be2176042fa87f49070b478c0c7af71ff3494b9a772d53ace88e3a4	/opt/purrdf-454-current-qualification-20261008/final-lower-native-cost-1/artifacts/baseline-native-build/release/build/qualification-454-native-cost/581f94ec0f256a95/out/qualification_454_native_cost.rayon_core-a09d3af25b1fff7b.rayon_core.47ca217b8d4110f1-cgu.0.rcgu.o.rcgu.ll
15e3fea4e30968f919bc1391cf9808478827023c716694d2fc75c07489885366	/home/paudley/Active/purrdf/.worktrees/454-rdflib-shim-algebra-level-reassignment/.stage/rdflib-shim-algebra-level-reassignment/raw/native-cost-candidate-863c75-default-boundary-ir/qualification_454_native_cost.std-453218b5e9634890.std.552422bcccb5c833-cgu.0.rcgu.o.rcgu.ll
15e3fea4e30968f919bc1391cf9808478827023c716694d2fc75c07489885366	/home/paudley/Active/purrdf/.worktrees/454-rdflib-shim-algebra-level-reassignment/.stage/rdflib-shim-algebra-level-reassignment/raw/native-cost-candidate-863c75-direct-dispatch-ir/qualification_454_native_cost.std-453218b5e9634890.std.552422bcccb5c833-cgu.0.rcgu.o.rcgu.ll
15e3fea4e30968f919bc1391cf9808478827023c716694d2fc75c07489885366	/home/paudley/Active/purrdf/.worktrees/454-rdflib-shim-algebra-level-reassignment/.stage/rdflib-shim-algebra-level-reassignment/raw/native-cost-candidate-863c75-ir/qualification_454_native_cost.std-453218b5e9634890.std.552422bcccb5c833-cgu.0.rcgu.o.rcgu.ll
15e3fea4e30968f919bc1391cf9808478827023c716694d2fc75c07489885366	/home/paudley/Active/purrdf/.worktrees/454-rdflib-shim-algebra-level-reassignment/.stage/rdflib-shim-algebra-level-reassignment/raw/native-cost-candidate-863c75-native-boundary-ir/qualification_454_native_cost.std-453218b5e9634890.std.552422bcccb5c833-cgu.0.rcgu.o.rcgu.ll
160e9fdceac2d67a87afda3410776870afb8be4ff1925bfc68bf4cb402bf6cc9	/home/paudley/Active/purrdf/.worktrees/454-rdflib-shim-algebra-level-reassignment/.stage/rdflib-shim-algebra-level-reassignment/raw/t3-base-native-ir/qualification_454_native_cost.purrdf_sparql_algebra-4a3078603cefb9e1.purrdf_sparql_algebra.964a97ffd952b2f0-cgu.0.rcgu.o.rcgu.s
16eb1171a1583f4110296b53384dd9f5f48dbb1819774e4c895169005e6ae90b	/home/paudley/Active/purrdf/.worktrees/454-rdflib-shim-algebra-level-reassignment/.stage/rdflib-shim-algebra-level-reassignment/raw/native-cost-candidate-863c75-ir/qualification_454_native_cost.purrdf_sparql_eval-bf425426783cf5de.purrdf_sparql_eval.1e4be50d5a1c0ebd-cgu.0.rcgu.o.rcgu.ll
1830decfc99e3aa8b35804b7f40fac0ccd1093e49f0bbc10086df053fdfb4bd1	/home/paudley/Active/purrdf/.worktrees/454-rdflib-shim-algebra-level-reassignment/.stage/rdflib-shim-algebra-level-reassignment/raw/native-cost-candidate-863c75-default-boundary-ir/qualification_454_native_cost.regex_syntax-6125fa51d0bc5933.regex_syntax.612fae0621a53369-cgu.0.rcgu.o.rcgu.ll
1859b85621d40c5d4034a300cd1d753f94e749a53a6d12afe78228c5375a4633	/home/paudley/Active/purrdf/.worktrees/454-rdflib-shim-algebra-level-reassignment/.stage/rdflib-shim-algebra-level-reassignment/raw/t3-base-python-ir/purrdf_native.s.gz
18757c96d0cfd014463a73798bc35334d8f13c0d43cc15c8d27f26ea1015de28	/home/paudley/Active/purrdf/.worktrees/454-rdflib-shim-algebra-level-reassignment/.stage/rdflib-shim-algebra-level-reassignment/raw/native-cost-base-863c75-extended-ir/qualification_454_native_cost.purrdf_sparql_algebra-402482970920ebe5.purrdf_sparql_algebra.c486a7030e123a0e-cgu.0.rcgu.o.rcgu.ll
18be362661d6f47bb4738f86c2bee3542b359a29be3b387dbd44e4abe499c770	/home/paudley/Active/purrdf/.worktrees/454-rdflib-shim-algebra-level-reassignment/.stage/rdflib-shim-algebra-level-reassignment/raw/final-bulk-mint-cost-body-review/candidate-eval-demangled.s
1a536331f9b5dbe62981fdac195dbcf08bb69de51b2579b8d170e6f587eddb0f	/opt/purrdf-454-current-qualification-20261008/final-project-private-kernel-native-cost-1/artifacts/candidate-native-build/release/build/qualification-454-native-cost/8da9b71ba832a22e/out/qualification_454_native_cost.purrdf_iri-c86cf0cb545e7053.purrdf_iri.6d5e0d082ee51115-cgu.0.rcgu.o.rcgu.ll
1af7ffa542a28b1d16599e74e7619748e4c0549e6157e88020f4584eebda514b	/home/paudley/Active/purrdf/.worktrees/454-rdflib-shim-algebra-level-reassignment/.stage/rdflib-shim-algebra-level-reassignment/raw/t3-base-native-ir/qualification_454_native_cost.purrdf_sparql_algebra-4a3078603cefb9e1.purrdf_sparql_algebra.964a97ffd952b2f0-cgu.0.rcgu.o.rcgu.ll
1d2109c1f5ed70ee0136c6aaa4e60e3b65b584c2c7e5deaaff17d261d0ceec30	/home/paudley/Active/purrdf/.worktrees/454-rdflib-shim-algebra-level-reassignment/.stage/rdflib-shim-algebra-level-reassignment/raw/final-lower-cost-body-review/candidate-eval-demangled.ll
1d2173bf6a6eb317b812104369d88c17711c10fb91efe4b3946860bdb2a6c727	/home/paudley/Active/purrdf/.worktrees/454-rdflib-shim-algebra-level-reassignment/.stage/rdflib-shim-algebra-level-reassignment/raw/t3-base-native-ir/qualification_454_native_cost.purrdf_sparql_eval-f1be5881d2e83378.purrdf_sparql_eval.5af75fb13b780118-cgu.0.rcgu.o.rcgu.s
1db20bf627fcdc3a9c8f5f00cacef934cf9480e9e7ddda8d877ca55ea5cccfc8	/home/paudley/Active/purrdf/.worktrees/454-rdflib-shim-algebra-level-reassignment/.stage/rdflib-shim-algebra-level-reassignment/raw/t3-base-native-ir/qualification_454_native_cost.purrdf_xsd-a303e4b5ea32edec.purrdf_xsd.45fede5b5c9bc100-cgu.0.rcgu.o.rcgu.ll
1e1b7d4e70d325f81729c7efae8d57b190f69069e5219301f1ffbfae1256cc8e	/opt/purrdf-454-current-qualification-20261008/final-project-private-kernel-native-cost-1/artifacts/candidate-native-target/release/qualification-454-native-cost
1ed457e14bd362da9aa23b74190550ef2a2659ed09bd57004cebe6e7da673f5d	/home/paudley/Active/purrdf/.worktrees/454-rdflib-shim-algebra-level-reassignment/.stage/rdflib-shim-algebra-level-reassignment/raw/final-project-view-lift-cost-body-review/candidate-eval-demangled.s
1ee9d12482dc510cacc84de80d1e87d4fb0c02f13014773f74a1886b73530cb2	/home/paudley/Active/purrdf/.worktrees/454-rdflib-shim-algebra-level-reassignment/.stage/rdflib-shim-algebra-level-reassignment/raw/final-project-outer-bulk-cost-body-review/candidate-eval-demangled.s
1f92b5b193a82675ec4f4bfb06e5e11cbab64291be397dcfac2f228a4c2de203	/opt/purrdf-454-current-qualification-20261008/final-project-private-kernel-native-cost-1/artifacts/candidate-native-build/release/build/qualification-454-native-cost/8da9b71ba832a22e/out/qualification_454_native_cost.std-453218b5e9634890.std.552422bcccb5c833-cgu.0.rcgu.o.rcgu.ll
1fc43a33050caaf051215384385573aa6091ec423e04d05e5f95c5aa78e7f7e5	/home/paudley/Active/purrdf/.worktrees/454-rdflib-shim-algebra-level-reassignment/.stage/rdflib-shim-algebra-level-reassignment/raw/native-cost-candidate-863c75-wasm-ir/qualification_454_native_cost.purrdf_sparql_eval-8d88597f61c9805d.purrdf_sparql_eval.3390c597aa620bea-cgu.0.rcgu.o.rcgu.ll
20d4c6e5a7cea4e9e2e68830cbd651cd33db9abce266ed1db1615a4f2dae1e32	/home/paudley/Active/purrdf/.worktrees/454-rdflib-shim-algebra-level-reassignment/.stage/rdflib-shim-algebra-level-reassignment/raw/native-cost-candidate-863c75-direct-dispatch-ir/qualification_454_native_cost.purrdf_iri-1f1d526d055ecfbb.purrdf_iri.6d5e0d082ee51115-cgu.0.rcgu.o.rcgu.ll
20d95a0c6c232b434cbff2f52cf0f070007b589a552d18872d034890bbef6f64	/home/paudley/Active/purrdf/.worktrees/454-rdflib-shim-algebra-level-reassignment/.stage/rdflib-shim-algebra-level-reassignment/raw/t3-static-tail-candidate-native-inventory.log
20fb41f4a4a69621c75530adf4b2642a52cec286c67460c6a5a9113d4fd4ed14	/home/paudley/Active/purrdf/.worktrees/454-rdflib-shim-algebra-level-reassignment/.stage/rdflib-shim-algebra-level-reassignment/raw/native-cost-candidate-863c75-ir/qualification_454_native_cost.purrdf_sparql_eval-bf425426783cf5de.purrdf_sparql_eval.1e4be50d5a1c0ebd-cgu.0.rcgu.o.rcgu.s
222fdf9107530e136897f22df0ed1156c57fd770bc8c72b6b5f13934f8b3711c	/home/paudley/Active/purrdf/.worktrees/454-rdflib-shim-algebra-level-reassignment/.stage/rdflib-shim-algebra-level-reassignment/raw/t3-candidate-native-ir/qualification_454_native_cost.purrdf_sparql_eval-0d067d9d4a72ce33.purrdf_sparql_eval.5766da4c1a18e898-cgu.0.rcgu.o.rcgu.s
2253585ebf97752e305c3192f2608e0eb6d6778ffe119f65824824671d5d689a	/opt/purrdf-454-current-qualification-20261008/final-lower-native-cost-1/baseline-tracked-paths.txt
2253585ebf97752e305c3192f2608e0eb6d6778ffe119f65824824671d5d689a	/opt/purrdf-454-current-qualification-20261008/final-project-private-kernel-native-cost-1/baseline-tracked-paths.txt
25b8de77e020ba38ba1eef05b0b9b6926321b7826b35049cee5d3721f90fa2d8	/home/paudley/Active/purrdf/.worktrees/454-rdflib-shim-algebra-level-reassignment/.stage/rdflib-shim-algebra-level-reassignment/raw/native-cost-candidate-863c75-ir/qualification_454_native_cost.rayon_core-85598031e85a4450.rayon_core.47ca217b8d4110f1-cgu.0.rcgu.o.rcgu.ll
25e03e844a8ff6bbebff7054f0b1597c651c150050ae96062f381da0492d96e2	/opt/purrdf-454-current-qualification-20261008/final-project-private-kernel-native-cost-1/artifacts/candidate-native-build/release/build/qualification-454-native-cost/8da9b71ba832a22e/out/qualification_454_native_cost.purrdf_sparql_algebra-6b86485a6a4910aa.purrdf_sparql_algebra.1f9a9904874edf46-cgu.0.rcgu.o.rcgu.ll
26968257f3c7ac7d74591c0311fcdea7e251d7a162baa5a3ef5035e1bf50c975	/home/paudley/Active/purrdf/.worktrees/454-rdflib-shim-algebra-level-reassignment/.stage/rdflib-shim-algebra-level-reassignment/raw/project-outer-inline-diagnostic-review/candidate-inline-demangled.log
287ac63af411d8979beb38ee4170c1a1f34a25a2df4de91225f762656a525049	/home/paudley/Active/purrdf/.worktrees/454-rdflib-shim-algebra-level-reassignment/.stage/rdflib-shim-algebra-level-reassignment/raw/t2-unit-mode-python-ir/purrdf_native.ll.gz
2957999791d23c2f63fca754e208a5f1e9551e3c8318c6e4beffd12cb867e292	/home/paudley/Active/purrdf/.worktrees/454-rdflib-shim-algebra-level-reassignment/.stage/rdflib-shim-algebra-level-reassignment/raw/t3-base-zh-Hans.po
2957ee6814da794b79be0bdf2c995f4cabaf20f21fb5191e464060de6c93db55	/home/paudley/Active/purrdf/.worktrees/454-rdflib-shim-algebra-level-reassignment/.stage/rdflib-shim-algebra-level-reassignment/raw/native-cost-candidate-863c75-thin-apply-ir/qualification_454_native_cost.qualification_454_native_cost.258b1530d971e06d-cgu.0.rcgu.ll
295f9774a14757640ce3560d6cdccb091c45c2ffb3b803907500a3c3aa107ffc	/home/paudley/Active/purrdf/.worktrees/454-rdflib-shim-algebra-level-reassignment/.stage/rdflib-shim-algebra-level-reassignment/raw/native-cost-base-863c75-extended-ir/qualification_454_native_cost.purrdf_sparql_eval-0ecc65cc8c2d1ea3.purrdf_sparql_eval.85e4f8f062a88157-cgu.0.rcgu.o.rcgu.s
29e8d965dd5423c2515b0c23f365bac73069f2746c4ccbab0a4ad2ab608faba6	/home/paudley/Active/purrdf/.worktrees/454-rdflib-shim-algebra-level-reassignment/.stage/rdflib-shim-algebra-level-reassignment/raw/native-cost-candidate-863c75-direct-dispatch-ir/qualification_454_native_cost.purrdf_sparql_algebra-2f54bfeaed8b20be.purrdf_sparql_algebra.1f9a9904874edf46-cgu.0.rcgu.o.rcgu.ll
2b324a7918c12f30170a5d5cccb79c5727870a255c5975f378efda0932d683f4	/home/paudley/Active/purrdf/.worktrees/454-rdflib-shim-algebra-level-reassignment/.stage/rdflib-shim-algebra-level-reassignment/raw/t2-candidate-native-ir/qualification_454_native_cost.purrdf_sparql_eval-bf425426783cf5de.purrdf_sparql_eval.1e4be50d5a1c0ebd-cgu.0.rcgu.o.rcgu.s
2b7877d404225addb76b9b125d513f82b049d5040bd11dbee965d975d61e975f	/home/paudley/Active/purrdf/.worktrees/454-rdflib-shim-algebra-level-reassignment/.stage/rdflib-shim-algebra-level-reassignment/raw/final-credential-policy-scan-20261008/selected-paths.txt
2c58004fc117b1c23990c3087f363594bd3316e59d076ad5fbd9349f413d84ed	/home/paudley/Active/purrdf/.worktrees/454-rdflib-shim-algebra-level-reassignment/.stage/rdflib-shim-algebra-level-reassignment/raw/native-cost-base-863c75-wasm-ir/qualification_454_native_cost.purrdf_sparql_algebra-06fbdff6ca78b517.purrdf_sparql_algebra.aab3ba0e27ad4130-cgu.0.rcgu.o.rcgu.ll
2dad40d8eeedcaf529bb436f4db1066e92a613abc285fd357cf2d8229481557d	/home/paudley/Active/purrdf/.worktrees/454-rdflib-shim-algebra-level-reassignment/.stage/rdflib-shim-algebra-level-reassignment/raw/native-cost-candidate-863c75-native-boundary-ir/qualification_454_native_cost.purrdf_iri-1f1d526d055ecfbb.purrdf_iri.6d5e0d082ee51115-cgu.0.rcgu.o.rcgu.ll
2e328ef4951cb54ba5783f69f78fee999383dc83a5b450a815e8697ddb55b73e	/home/paudley/Active/purrdf/.worktrees/454-rdflib-shim-algebra-level-reassignment/.stage/rdflib-shim-algebra-level-reassignment/raw/final-bulk-mint-cost-body-review/candidate-host-demangled.ll
2e328ef4951cb54ba5783f69f78fee999383dc83a5b450a815e8697ddb55b73e	/home/paudley/Active/purrdf/.worktrees/454-rdflib-shim-algebra-level-reassignment/.stage/rdflib-shim-algebra-level-reassignment/raw/final-lower-cost-body-review/candidate-host-demangled.ll
30b7e06bfe2a7057fb4afd775496293d23206a7890149bdbf9777fa07c7c5e74	/home/paudley/Active/purrdf/.worktrees/454-rdflib-shim-algebra-level-reassignment/.stage/rdflib-shim-algebra-level-reassignment/raw/portfolio-main402-premerge-main-zh-Hans.po
30b7e06bfe2a7057fb4afd775496293d23206a7890149bdbf9777fa07c7c5e74	/opt/purrdf-454-current-qualification-20261008/final-doc-generation-1/main-preimage.po
3135be1922685e14673828a3c4431bbf8e39d7cb2f4774dd33ded0254712b0fd	/home/paudley/Active/purrdf/.worktrees/454-rdflib-shim-algebra-level-reassignment/.stage/rdflib-shim-algebra-level-reassignment/raw/t3-base-native-ir/qualification_454_native_cost.purrdf_xsd-a303e4b5ea32edec.purrdf_xsd.45fede5b5c9bc100-cgu.0.rcgu.o.rcgu.s
3499e676c27609a96571c77edcbf99fe3198cf0d5fbe3ea448471b00e7c166e0	/opt/purrdf-454-current-qualification-20261008/final-lower-native-cost-1/artifacts/baseline-native-build/release/build/qualification-454-native-cost/581f94ec0f256a95/out/qualification_454_native_cost.regex_automata-9ccbb3567b2d6ad1.regex_automata.b12be791bb49d87e-cgu.0.rcgu.o.rcgu.s
394bd35313850baae8edccaa3917df5677d22aa3011616b88c1d6659751142c7	/opt/purrdf-454-current-qualification-20261008/final-lower-native-cost-1/artifacts/baseline-native-build/release/build/qualification-454-native-cost/581f94ec0f256a95/out/qualification_454_native_cost.purrdf_sparql_eval-63ba93050babd550.purrdf_sparql_eval.fd0fbf081ab66fe2-cgu.0.rcgu.o.rcgu.s
3a09e9d79b0417eecde3298cb405b624b36e88f5b018a6128df06bc63fb598a9	/home/paudley/Active/purrdf/.worktrees/454-rdflib-shim-algebra-level-reassignment/.stage/rdflib-shim-algebra-level-reassignment/raw/native-cost-candidate-863c75-wasm-ir/qualification_454_native_cost.qualification_454_native_cost.a23569bcf19efc09-cgu.0.rcgu.s
3a34bdce4477c1e20b90a1d9eb81ff8b02e3e6faaed1543b3f50f519a5bdd7c9	/home/paudley/Active/purrdf/.worktrees/454-rdflib-shim-algebra-level-reassignment/.stage/rdflib-shim-algebra-level-reassignment/raw/native-cost-candidate-863c75-ir/qualification_454_native_cost.purrdf_core-c1792174a43b914e.purrdf_core.ce843a9727c25724-cgu.0.rcgu.o.rcgu.ll
3a3e188e7344862a8b72b2c6040307447ec9495400fce833e8102988314485ee	/home/paudley/Active/purrdf/.worktrees/454-rdflib-shim-algebra-level-reassignment/.stage/rdflib-shim-algebra-level-reassignment/raw/portfolio-integration-main-zh-Hans.po
3a76fcb09160f0fb821f91257f81a4c2597557b4bcd91848ed4ba45be80a8201	/home/paudley/Active/purrdf/.worktrees/454-rdflib-shim-algebra-level-reassignment/.stage/rdflib-shim-algebra-level-reassignment/raw/t2-candidate-native-ir/qualification_454_native_cost.purrdf_sparql_eval-bf425426783cf5de.purrdf_sparql_eval.1e4be50d5a1c0ebd-cgu.0.rcgu.o.rcgu.ll
3bd46c95a8ee87baa6895c814720caa6284da9cd0cd3d10158da1a0bea447362	/home/paudley/Active/purrdf/.worktrees/454-rdflib-shim-algebra-level-reassignment/.stage/rdflib-shim-algebra-level-reassignment/raw/t2-base-native-parser-inventory.log
3c2fc0aa6e48333b67a94b0af8eccab526d9165bce4c8ab5487003cf6dd1ee69	/opt/purrdf-454-current-qualification-20261008/final-project-private-kernel-native-cost-1/artifacts/candidate-native-build/release/build/qualification-454-native-cost/8da9b71ba832a22e/out/qualification_454_native_cost.purrdf_cdt-8a4dfb1d964cdaf4.purrdf_cdt.65bb4d13a4648eed-cgu.0.rcgu.o.rcgu.ll
3ce825fb52d16f06f2e642078a14728c7631a10d33fcf2d9af73ee04629b0cc4	/home/paudley/Active/purrdf/.worktrees/454-rdflib-shim-algebra-level-reassignment/.stage/rdflib-shim-algebra-level-reassignment/raw/current-cost-body-review/baseline-native-full.ll
3d5b57ebe1a45311f4f96de90e588327fa8f67f3021380ed726d08a4b0667fff	/home/paudley/Active/purrdf/.worktrees/454-rdflib-shim-algebra-level-reassignment/.stage/rdflib-shim-algebra-level-reassignment/raw/native-cost-base-863c75-extended-ir/qualification_454_native_cost.qualification_454_native_cost.cc427bdd6978a017-cgu.0.rcgu.ll
3de5eeb1279fde14cd2eb28976552d124aa434c9613179200be6c111f043d668	/opt/purrdf-454-current-qualification-20261008/final-project-private-kernel-native-cost-1/artifacts/candidate-native-build/release/build/qualification-454-native-cost/8da9b71ba832a22e/out/qualification_454_native_cost.rayon_core-a09d3af25b1fff7b.rayon_core.47ca217b8d4110f1-cgu.0.rcgu.o.rcgu.ll
407ed2f8fd41c1d0bac1d4c4b2d07612b3addcb0575c5eb4b55ecfa3719dc534	/home/paudley/Active/purrdf/.worktrees/454-rdflib-shim-algebra-level-reassignment/.stage/rdflib-shim-algebra-level-reassignment/raw/native-cost-candidate-863c75-default-boundary-ir/qualification_454_native_cost.purrdf_sparql_algebra-2f54bfeaed8b20be.purrdf_sparql_algebra.1f9a9904874edf46-cgu.0.rcgu.o.rcgu.ll
46ea2ed553c3b69a565ce8fc6983c65dced682d7826ade0b7ac434ba891965c0	/home/paudley/Active/purrdf/.worktrees/454-rdflib-shim-algebra-level-reassignment/.stage/rdflib-shim-algebra-level-reassignment/raw/final-project-private-kernel-cost-body-review/candidate-eval-demangled.ll
47e849e29da9729ceb1d8d02f0fffcb9fea1978aad197b5c2f270e2de260407b	/home/paudley/Active/purrdf/.worktrees/454-rdflib-shim-algebra-level-reassignment/.stage/rdflib-shim-algebra-level-reassignment/raw/t3-candidate-native-ir/qualification_454_native_cost.purrdf_sparql_algebra-2f54bfeaed8b20be.purrdf_sparql_algebra.1f9a9904874edf46-cgu.0.rcgu.o.rcgu.ll
47e849e29da9729ceb1d8d02f0fffcb9fea1978aad197b5c2f270e2de260407b	/home/paudley/Active/purrdf/.worktrees/454-rdflib-shim-algebra-level-reassignment/.stage/rdflib-shim-algebra-level-reassignment/raw/t3-inline-cost-candidate-native-ir/qualification_454_native_cost.purrdf_sparql_algebra-2f54bfeaed8b20be.purrdf_sparql_algebra.1f9a9904874edf46-cgu.0.rcgu.o.rcgu.ll
47e849e29da9729ceb1d8d02f0fffcb9fea1978aad197b5c2f270e2de260407b	/home/paudley/Active/purrdf/.worktrees/454-rdflib-shim-algebra-level-reassignment/.stage/rdflib-shim-algebra-level-reassignment/raw/t3-static-tail-candidate-native-ir/qualification_454_native_cost.purrdf_sparql_algebra-2f54bfeaed8b20be.purrdf_sparql_algebra.1f9a9904874edf46-cgu.0.rcgu.o.rcgu.ll
4930279bac68eba31d3a88637005f9d313985da7be058a800fb1768dd6e0dbec	/home/paudley/Active/purrdf/.worktrees/454-rdflib-shim-algebra-level-reassignment/.stage/rdflib-shim-algebra-level-reassignment/raw/t3-candidate-python-inventory.log
495015faecc513fd4dd596466894ed079e91de773a86a36c1af1d3be344cc91a	/home/paudley/Active/purrdf/.worktrees/454-rdflib-shim-algebra-level-reassignment/.stage/rdflib-shim-algebra-level-reassignment/raw/final-cost-body-review/candidate-native-full.ll
4ae06ef19a315da4770ad5c42964dbd5d8b742d808b0878ec8a451244f2239bd	/home/paudley/Active/purrdf/.worktrees/454-rdflib-shim-algebra-level-reassignment/.stage/rdflib-shim-algebra-level-reassignment/raw/native-cost-base-863c75-wasm-ir/qualification_454_native_cost.purrdf_sparql_eval-47404805bc082bb3.purrdf_sparql_eval.4e34a4d67f036f69-cgu.0.rcgu.o.rcgu.s
4b0128a31499ed05ac2430075ed519540a2ae7ab4fc66e2bde8e53640528b948	/home/paudley/Active/purrdf/.worktrees/454-rdflib-shim-algebra-level-reassignment/.stage/rdflib-shim-algebra-level-reassignment/raw/native-cost-candidate-863c75-direct-dispatch-ir/qualification_454_native_cost.purrdf_core-c1792174a43b914e.purrdf_core.ce843a9727c25724-cgu.0.rcgu.o.rcgu.s
4b018947915b262024d1d537874800124647583b848883a64258ae9f7db0a895	/opt/purrdf-454-current-qualification-20261008/final-lower-native-cost-1/artifacts/baseline-native-build/release/build/qualification-454-native-cost/581f94ec0f256a95/out/qualification_454_native_cost.purrdf_iri-0b5c2e779c8c49a6.purrdf_iri.f9702914dda02553-cgu.0.rcgu.o.rcgu.ll
4b90e1c24edde54c11358311ba96777cfc1b23a8e5858990d41f2c15b84a0fb2	/home/paudley/Active/purrdf/.worktrees/454-rdflib-shim-algebra-level-reassignment/.stage/rdflib-shim-algebra-level-reassignment/raw/current-cost-body-review/baseline-symbol-normalized-eval-module.ll
4d17fe5dbcb39578a2941ad42f76729f540a9def66f3420ff64b0efb81d89f12	/home/paudley/Active/purrdf/.worktrees/454-rdflib-shim-algebra-level-reassignment/.stage/rdflib-shim-algebra-level-reassignment/raw/t3-candidate-native-ir/qualification_454_native_cost.qualification_454_native_cost.569991f014440d2b-cgu.0.rcgu.ll
4d3488b944dfc79dce327267d8458d984054a45ebaf7b29daca9c80c166a7ee1	/home/paudley/Active/purrdf/.worktrees/454-rdflib-shim-algebra-level-reassignment/.stage/rdflib-shim-algebra-level-reassignment/raw/t3-base-native-ir/qualification_454_native_cost.purrdf_sparql_eval-f1be5881d2e83378.purrdf_sparql_eval.5af75fb13b780118-cgu.0.rcgu.o.rcgu.ll.gz
4e337df46777fd6ecaecab052fb0970c108853ed85d58f7c5ffa889ca10facc7	/home/paudley/Active/purrdf/.worktrees/454-rdflib-shim-algebra-level-reassignment/.stage/rdflib-shim-algebra-level-reassignment/raw/native-cost-candidate-863c75-default-boundary-ir/qualification_454_native_cost.qualification_454_native_cost.258b1530d971e06d-cgu.0.rcgu.s
4e5818ecf9de2279535cf2cb84814429e2a84048b6747dbe24c699ed415f28fa	/home/paudley/Active/purrdf/.worktrees/454-rdflib-shim-algebra-level-reassignment/.stage/rdflib-shim-algebra-level-reassignment/raw/native-cost-base-863c75-ir/qualification_454_native_cost.purrdf_sparql_algebra-402482970920ebe5.purrdf_sparql_algebra.c486a7030e123a0e-cgu.0.rcgu.o.rcgu.ll
4ebdb1d6351fe0173a408fc7f49ee8e392d55424399d2c3cbccbc16972962385	/home/paudley/Active/purrdf/.worktrees/454-rdflib-shim-algebra-level-reassignment/.stage/rdflib-shim-algebra-level-reassignment/raw/current-cost-body-review/baseline-native-full.s
4eee862ba3e96e72d886cec40d17b338e402286333743f189c28a82a880622b5	/home/paudley/Active/purrdf/.worktrees/454-rdflib-shim-algebra-level-reassignment/.stage/rdflib-shim-algebra-level-reassignment/raw/t1-native-cost-candidate-863c75-default-boundary-inventory.log
501fa3e648cc49f0e933577039a2b628aef9bf0ddafec543997754cf7cab5d99	/opt/purrdf-454-current-qualification-20261008/final-lower-native-cost-1/artifacts/baseline-native-build/release/build/qualification-454-native-cost/581f94ec0f256a95/out/qualification_454_native_cost.std-453218b5e9634890.std.552422bcccb5c833-cgu.0.rcgu.o.rcgu.ll
5052726233deacbdb4d75446f86896c44824720533729bdf414d4affba6cc932	/home/paudley/Active/purrdf/.worktrees/454-rdflib-shim-algebra-level-reassignment/.stage/rdflib-shim-algebra-level-reassignment/raw/native-cost-candidate-863c75-direct-dispatch-ir/qualification_454_native_cost.purrdf_core-c1792174a43b914e.purrdf_core.ce843a9727c25724-cgu.0.rcgu.o.rcgu.ll
5078704d01211598e53ad9f8c0c37b742009bdeedf33f6f824604d44aad6ab9f	/opt/purrdf-454-current-qualification-20261008/final-project-view-lift-rust-1/source-start.sha256
514075c8871c9a76df99eccb69bad0a7fc66ff0e1218e55c099c826f2f153ed7	/home/paudley/Active/purrdf/.worktrees/454-rdflib-shim-algebra-level-reassignment/.stage/rdflib-shim-algebra-level-reassignment/raw/native-cost-candidate-863c75-wasm-ir/qualification_454_native_cost.purrdf_sparql_algebra-96bf57510f55d7ab.purrdf_sparql_algebra.2d4d4c38e30aca1e-cgu.0.rcgu.o.rcgu.s
518c680fc995184b6189d8e4b038a0096a4681f823d0272f764139a86870709c	/opt/purrdf-454-current-qualification-20261008/final-lower-native-cost-1/artifacts/baseline-native-build/release/build/qualification-454-native-cost/581f94ec0f256a95/out/qualification_454_native_cost.purrdf_sparql_eval-63ba93050babd550.purrdf_sparql_eval.fd0fbf081ab66fe2-cgu.0.rcgu.o.rcgu.ll
51c5d1245bd651fddfdb8a424c8133a6882d7d69476e2877915975c250b61d8f	/home/paudley/Active/purrdf/.worktrees/454-rdflib-shim-algebra-level-reassignment/.stage/rdflib-shim-algebra-level-reassignment/raw/native-cost-candidate-863c75-direct-dispatch-ir/qualification_454_native_cost.purrdf_cdt-7285be266600a81c.purrdf_cdt.65bb4d13a4648eed-cgu.0.rcgu.o.rcgu.s
52039dea54437cdefcf373604b035163111f4afa55c3bae62a8a35d29f863407	/home/paudley/Active/purrdf/.worktrees/454-rdflib-shim-algebra-level-reassignment/.stage/rdflib-shim-algebra-level-reassignment/raw/native-cost-candidate-863c75-ir/qualification_454_native_cost.purrdf_lex-8a1054ef04a1ca05.purrdf_lex.1fd7b0069f7c4a15-cgu.0.rcgu.o.rcgu.ll
538c7f957b2f84d531ad853f2563a8b05aad3cc9db4d6b11845a3430d6cc3f80	/home/paudley/Active/purrdf/.worktrees/454-rdflib-shim-algebra-level-reassignment/.stage/rdflib-shim-algebra-level-reassignment/raw/native-cost-candidate-863c75-ir/qualification_454_native_cost.purrdf_sparql_algebra-2f54bfeaed8b20be.purrdf_sparql_algebra.1f9a9904874edf46-cgu.0.rcgu.o.rcgu.s
53a8af29353f91728111ef0f183831ebf289d6ce670da183f8084b6a74e06e50	/home/paudley/Active/purrdf/.worktrees/454-rdflib-shim-algebra-level-reassignment/.stage/rdflib-shim-algebra-level-reassignment/raw/t1-native-cost-candidate-863c75-inventory.log
546a800b0cd11ba5d425118d8c3c77cc1728aa7e22d53838b4b2189d03881339	/home/paudley/Active/purrdf/.worktrees/454-rdflib-shim-algebra-level-reassignment/.stage/rdflib-shim-algebra-level-reassignment/raw/final-project-view-lift-cost-body-review/candidate-eval-demangled.ll
551f564cd33c3a66e7716cdaf04dee6b46f00acc12a35feb3a79be50334a74eb	/home/paudley/Active/purrdf/.worktrees/454-rdflib-shim-algebra-level-reassignment/.stage/rdflib-shim-algebra-level-reassignment/raw/native-cost-base-863c75-ir/qualification_454_native_cost.purrdf_sparql_algebra-402482970920ebe5.purrdf_sparql_algebra.c486a7030e123a0e-cgu.0.rcgu.o.rcgu.s
57c4968f4eec8984368541c2904b07ed31fa4d76b5e32ba513170de50e2a4611	/opt/purrdf-454-current-qualification-20261008/final-project-private-kernel-native-cost-1/artifacts/candidate-native-build/release/build/qualification-454-native-cost/8da9b71ba832a22e/out/qualification_454_native_cost.purrdf_core-dfcf8c10da177816.purrdf_core.ce843a9727c25724-cgu.0.rcgu.o.rcgu.ll
58168e12c756d0004f6384341e6ed8bf03b341f27ce34fb67e573fb831b81d85	/home/paudley/Active/purrdf/.worktrees/454-rdflib-shim-algebra-level-reassignment/.stage/rdflib-shim-algebra-level-reassignment/raw/t3-final-installed-native-module.abi3.so.gz
58ba1c164b2a5ef6f1f232801d221dabd261e331893fc1a73a8e25352d2b432a	/home/paudley/Active/purrdf/.worktrees/454-rdflib-shim-algebra-level-reassignment/.stage/rdflib-shim-algebra-level-reassignment/raw/t3-base-native-inventory.log
59cc3677612eb1b0ff3c183264f5763da095acf868811fec3e19ec640ea3030d	/home/paudley/Active/purrdf/.worktrees/454-rdflib-shim-algebra-level-reassignment/.stage/rdflib-shim-algebra-level-reassignment/raw/native-cost-base-863c75-ir/qualification_454_native_cost.qualification_454_native_cost.cc427bdd6978a017-cgu.0.rcgu.s
5ade0a6d37b298357e9434dc1f454eecd50b28f6d9768d9a6907defc3a064f7e	/opt/purrdf-454-current-qualification-20261008/final-lower-python-1/wheel/purrdf-3.0.1-cp313-abi3-linux_x86_64.whl
5d1fabf6f1e9243e745f2a912bc7742f9750e3a4ee673aa7c3a29d292e64f0f9	/opt/purrdf-454-current-qualification-20261008/final-lower-native-cost-1/artifacts/baseline-host-target/release/libpurrdf_native.rlib
5d69206b050410b998df8433335585b0d24673cc2fa5506af77b753cb3dd8ece	/home/paudley/Active/purrdf/.worktrees/454-rdflib-shim-algebra-level-reassignment/.stage/rdflib-shim-algebra-level-reassignment/raw/native-cost-candidate-863c75-thin-apply-ir/qualification_454_native_cost.purrdf_sparql_eval-bf425426783cf5de.purrdf_sparql_eval.1e4be50d5a1c0ebd-cgu.0.rcgu.o.rcgu.ll
5ea0b9bbe77b65409b607c15deb73c1164ee39fff60658d2e54b955a898eaea2	/opt/purrdf-454-current-qualification-20261008/final-project-private-kernel-native-cost-1/artifacts/candidate-host-target/release/libpurrdf_native.rlib
5f2360c6b24b900f8b27ec134c532d09722a40cac4ba5db56a1c0a498d3120af	/home/paudley/Active/purrdf/.worktrees/454-rdflib-shim-algebra-level-reassignment/.stage/rdflib-shim-algebra-level-reassignment/raw/native-cost-candidate-863c75-direct-dispatch-ir/qualification_454_native_cost.qualification_454_native_cost.258b1530d971e06d-cgu.0.rcgu.s
5f6a1cf93a4148eacabf4ee4aa9ee7995d310f29aa0493a34e7c54a868903b8d	/home/paudley/Active/purrdf/.worktrees/454-rdflib-shim-algebra-level-reassignment/.stage/rdflib-shim-algebra-level-reassignment/raw/t2-candidate-native-ir/qualification_454_native_cost.purrdf_sparql_algebra-2f54bfeaed8b20be.purrdf_sparql_algebra.1f9a9904874edf46-cgu.0.rcgu.o.rcgu.s
60dd3ba4f7e7e48b5b822f9ef4c7c28d05e7c1cd851dd7cb800e359271d841a0	/home/paudley/Active/purrdf/.worktrees/454-rdflib-shim-algebra-level-reassignment/.stage/rdflib-shim-algebra-level-reassignment/raw/final-lower-cost-body-review/baseline-eval-demangled.ll
60dd3ba4f7e7e48b5b822f9ef4c7c28d05e7c1cd851dd7cb800e359271d841a0	/home/paudley/Active/purrdf/.worktrees/454-rdflib-shim-algebra-level-reassignment/.stage/rdflib-shim-algebra-level-reassignment/raw/project-outer-inline-diagnostic-review/baseline-eval-demangled.ll
6185348a3a4332d7fa4a41bed59d9ef321fbab331c7ca8d43a2e7b2d2f05ec6e	/home/paudley/Active/purrdf/.worktrees/454-rdflib-shim-algebra-level-reassignment/.stage/rdflib-shim-algebra-level-reassignment/raw/native-cost-base-863c75-extended-ir/qualification_454_native_cost.qualification_454_native_cost.cc427bdd6978a017-cgu.0.rcgu.s
61f1073aba9ab006cdbf204855c1b06a61fa02ff9900fe8f525188d24791bc01	/home/paudley/Active/purrdf/.worktrees/454-rdflib-shim-algebra-level-reassignment/.stage/rdflib-shim-algebra-level-reassignment/raw/native-cost-candidate-863c75-native-boundary-ir/qualification_454_native_cost.rayon_core-85598031e85a4450.rayon_core.47ca217b8d4110f1-cgu.0.rcgu.o.rcgu.ll
631703db00809519eca8e5564f2fbd6bf51a56089bd95c32df5739a4ca773adf	/home/paudley/Active/purrdf/.worktrees/454-rdflib-shim-algebra-level-reassignment/.stage/rdflib-shim-algebra-level-reassignment/raw/native-cost-candidate-863c75-native-boundary-ir/qualification_454_native_cost.qualification_454_native_cost.258b1530d971e06d-cgu.0.rcgu.s
633db13a64f3d047b60ab6a05db69127cc187089371e2200893a387acf9b35b0	/home/paudley/Active/purrdf/.worktrees/454-rdflib-shim-algebra-level-reassignment/.stage/rdflib-shim-algebra-level-reassignment/raw/t3-candidate-native-ir/qualification_454_native_cost.purrdf_xsd-63c2141a0f4369ee.purrdf_xsd.adc7a472107af13b-cgu.0.rcgu.o.rcgu.s
633db13a64f3d047b60ab6a05db69127cc187089371e2200893a387acf9b35b0	/home/paudley/Active/purrdf/.worktrees/454-rdflib-shim-algebra-level-reassignment/.stage/rdflib-shim-algebra-level-reassignment/raw/t3-inline-cost-candidate-native-ir/qualification_454_native_cost.purrdf_xsd-63c2141a0f4369ee.purrdf_xsd.adc7a472107af13b-cgu.0.rcgu.o.rcgu.s
633db13a64f3d047b60ab6a05db69127cc187089371e2200893a387acf9b35b0	/home/paudley/Active/purrdf/.worktrees/454-rdflib-shim-algebra-level-reassignment/.stage/rdflib-shim-algebra-level-reassignment/raw/t3-static-tail-candidate-native-ir/qualification_454_native_cost.purrdf_xsd-63c2141a0f4369ee.purrdf_xsd.adc7a472107af13b-cgu.0.rcgu.o.rcgu.s
63b7a31158511ea2d429736d3d00c309a794776622af348fb0afd14904141f76	/home/paudley/Active/purrdf/.worktrees/454-rdflib-shim-algebra-level-reassignment/.stage/rdflib-shim-algebra-level-reassignment/raw/final-project-outer-bulk-cost-body-review/candidate-eval-demangled.ll
63b7a31158511ea2d429736d3d00c309a794776622af348fb0afd14904141f76	/home/paudley/Active/purrdf/.worktrees/454-rdflib-shim-algebra-level-reassignment/.stage/rdflib-shim-algebra-level-reassignment/raw/project-outer-inline-diagnostic-review/candidate-eval-demangled.ll
64885389d1be4d691695b8db9690fc9d0273f4a8be53571435848c93f3da435b	/home/paudley/Active/purrdf/.worktrees/454-rdflib-shim-algebra-level-reassignment/.stage/rdflib-shim-algebra-level-reassignment/raw/project-outer-inline-diagnostic-review/baseline-inline-demangled.log
660e7f034ffbbea53770a5cdcb59baf2932083ab0b041aa3f17ba24eae4f07ea	/home/paudley/Active/purrdf/.worktrees/454-rdflib-shim-algebra-level-reassignment/.stage/rdflib-shim-algebra-level-reassignment/raw/native-cost-base-863c75-wasm-ir/qualification_454_native_cost.purrdf_sparql_algebra-06fbdff6ca78b517.purrdf_sparql_algebra.aab3ba0e27ad4130-cgu.0.rcgu.o.rcgu.s
66ac89420be0cfdb69d4cd01235ed94246a342ab161e7406e00fe5c0383b0fa1	/home/paudley/Active/purrdf/.worktrees/454-rdflib-shim-algebra-level-reassignment/.stage/rdflib-shim-algebra-level-reassignment/raw/t2-candidate-python-inventory.log
671108829a8f1fb94d15c9ddd99b523f0affa203de0ce273a1bdd294e428c66c	/home/paudley/Active/purrdf/.worktrees/454-rdflib-shim-algebra-level-reassignment/.stage/rdflib-shim-algebra-level-reassignment/raw/t2-base-native-ir/qualification_454_native_cost.purrdf_sparql_eval-cc7dc99fbe55f667.purrdf_sparql_eval.8896fb09dcde828-cgu.0.rcgu.o.rcgu.s
67a8a00d5fbd25f5c602e53c5fef3ee21e68437e1b2512628579ed0779043fc8	/home/paudley/Active/purrdf/.worktrees/454-rdflib-shim-algebra-level-reassignment/.stage/rdflib-shim-algebra-level-reassignment/raw/final-lower-cost-body-review/baseline-host-demangled.s
67ef10eb8c1dec15f3940cf5317d33251d8a0ae87d39c76b71fa3925d21901c1	/opt/purrdf-454-current-qualification-20261008/final-project-private-kernel-native-cost-1/artifacts/candidate-host-build/release/build/purrdf-python/c5e9cfe2d8e4c7a3/out/purrdf_native.s
684f34a5a721fee4f0faf83f93ca1d48683d87c614416ef8bea346d70744d16e	/opt/purrdf-454-current-qualification-20261008/final-project-private-kernel-native-cost-1/artifacts/candidate-host-build/release/build/purrdf-python/c5e9cfe2d8e4c7a3/out/purrdf_native.ll
687502dd2ea58aa3aa473b38f1a9a1b1efb8305bd0e0fd1b5de882c85ef7f27b	/home/paudley/Active/purrdf/.worktrees/454-rdflib-shim-algebra-level-reassignment/.stage/rdflib-shim-algebra-level-reassignment/raw/t3-base-python-inventory.log
69993e2f56e0f76f64007b49210ef488b6451f81050e0eccca3f42db67300fa5	/home/paudley/Active/purrdf/.worktrees/454-rdflib-shim-algebra-level-reassignment/.stage/rdflib-shim-algebra-level-reassignment/raw/t3-inline-cost-candidate-native-ir/qualification_454_native_cost.qualification_454_native_cost.569991f014440d2b-cgu.0.rcgu.s
69fdce0116b4c9130028a2f258096797bcfb969b9e1c981f61270e1bccd0b99d	/home/paudley/Active/purrdf/.worktrees/454-rdflib-shim-algebra-level-reassignment/.stage/rdflib-shim-algebra-level-reassignment/raw/t3-base-native-ir/qualification_454_native_cost.qualification_454_native_cost.f5dfb85cf5bde227-cgu.0.rcgu.s
6bdbe7d7ea66e09bf68e6223bad62b522b6df20d427f4e0a0ecb979b8b19b8b3	/home/paudley/Active/purrdf/.worktrees/454-rdflib-shim-algebra-level-reassignment/.stage/rdflib-shim-algebra-level-reassignment/raw/native-cost-candidate-863c75-default-boundary-ir/qualification_454_native_cost.purrdf_sparql_eval-bf425426783cf5de.purrdf_sparql_eval.1e4be50d5a1c0ebd-cgu.0.rcgu.o.rcgu.ll
6db82c0b1bd18d8636e05d913cb94639513b4833f1ed5a501730801ef44aa9b9	/home/paudley/Active/purrdf/.worktrees/454-rdflib-shim-algebra-level-reassignment/.stage/rdflib-shim-algebra-level-reassignment/raw/t3-static-tail-candidate-python-inventory.log
6df949d495d2003a16d4b358f80f711712e8eb5f22ecbf93f4afd68f81cfd515	/home/paudley/Active/purrdf/.worktrees/454-rdflib-shim-algebra-level-reassignment/.stage/rdflib-shim-algebra-level-reassignment/raw/t2-candidate-python-ir/purrdf_native.ll.gz
6e62fb42979b2d45047ecf2d5637e33afec81aef93c600a1944985730a3fe911	/home/paudley/Active/purrdf/.worktrees/454-rdflib-shim-algebra-level-reassignment/.stage/rdflib-shim-algebra-level-reassignment/raw/native-cost-candidate-863c75-wasm-ir/qualification_454_native_cost.purrdf_sparql_eval-8d88597f61c9805d.purrdf_sparql_eval.3390c597aa620bea-cgu.0.rcgu.o.rcgu.s
6e833b951d2c6816ccaf7aefb1861c0c6f820b2ea4316b3aeda9d309c6bc931d	/home/paudley/Active/purrdf/.worktrees/454-rdflib-shim-algebra-level-reassignment/.stage/rdflib-shim-algebra-level-reassignment/raw/native-cost-candidate-863c75-direct-dispatch-ir/qualification_454_native_cost.purrdf_sparql_eval-bf425426783cf5de.purrdf_sparql_eval.1e4be50d5a1c0ebd-cgu.0.rcgu.o.rcgu.s
6e9f9ef0d10cfd8e2b9fe0a41781871f224692d73721021922d9e74c07b3542b	/home/paudley/Active/purrdf/.worktrees/454-rdflib-shim-algebra-level-reassignment/.stage/rdflib-shim-algebra-level-reassignment/raw/native-cost-base-ir/qualification_454_native_cost.purrdf_sparql_eval-0ecc65cc8c2d1ea3.purrdf_sparql_eval.85e4f8f062a88157-cgu.0.rcgu.o.rcgu.ll
6f390dd5dcbd94ef9b7c4cb6cda88945bd3f8f30d11984f70f22a34c70105d7b	/home/paudley/Active/purrdf/.worktrees/454-rdflib-shim-algebra-level-reassignment/.stage/rdflib-shim-algebra-level-reassignment/raw/t3-inline-cost-candidate-native-ir/probe
70300d6f62ed75b919de8eaa65952f95d9ed770f135eb712da120eb9875d8f98	/opt/purrdf-454-current-qualification-20261008/final-lower-native-cost-1/artifacts/baseline-native-build/release/build/qualification-454-native-cost/581f94ec0f256a95/out/qualification_454_native_cost.purrdf_lex-a7d442cc9219a58f.purrdf_lex.14c2c4804bc14a1f-cgu.0.rcgu.o.rcgu.ll
714cdd6a5718a42061eaedbc5e7cae6b7711990181fb318a6aedb1c7e076a29c	/home/paudley/Active/purrdf/.worktrees/454-rdflib-shim-algebra-level-reassignment/.stage/rdflib-shim-algebra-level-reassignment/raw/t3-base-native-ir/probe
71d94a5d0ec8d172d5e5aba25ab7d78942942efce89ce74065c2481b1e7bb650	/home/paudley/Active/purrdf/.worktrees/454-rdflib-shim-algebra-level-reassignment/.stage/rdflib-shim-algebra-level-reassignment/raw/portfolio-integration-contextual-zh-Hans.po
71d94a5d0ec8d172d5e5aba25ab7d78942942efce89ce74065c2481b1e7bb650	/home/paudley/Active/purrdf/.worktrees/454-rdflib-shim-algebra-level-reassignment/.stage/rdflib-shim-algebra-level-reassignment/raw/t3-final-po-before-regeneration.po
733e5d38b27d0b9933cf3a2a2ff74d647651c02d40049f19a7f69ec112c19ad9	/opt/purrdf-454-current-qualification-20261008/final-lower-native-cost-1/artifacts/baseline-native-build/release/build/qualification-454-native-cost/581f94ec0f256a95/out/qualification_454_native_cost.regex_syntax-b2ee09bb1f3a6613.regex_syntax.612fae0621a53369-cgu.0.rcgu.o.rcgu.ll
73884144138764a521cd7a2c9278110613231eef552efb5d77033418abae5fbf	/home/paudley/Active/purrdf/.worktrees/454-rdflib-shim-algebra-level-reassignment/.stage/rdflib-shim-algebra-level-reassignment/raw/native-cost-candidate-863c75-ir/qualification_454_native_cost.purrdf_sparql_algebra-2f54bfeaed8b20be.purrdf_sparql_algebra.1f9a9904874edf46-cgu.0.rcgu.o.rcgu.ll
73f410f33850e1108bfd771724a64b204571059e5f860d6bbf79fc2ebaae14fe	/opt/purrdf-454-current-qualification-20261008/final-project-private-kernel-native-cost-1/artifacts/candidate-native-build/release/build/qualification-454-native-cost/8da9b71ba832a22e/out/qualification_454_native_cost.purrdf_xsd-1cf4391a6b7531d6.purrdf_xsd.adc7a472107af13b-cgu.0.rcgu.o.rcgu.ll
74bab7ec08607ace79b8e43fee44fa7bfddb79a1b4616be8481678c73c3700b2	/opt/purrdf-454-current-qualification-20261008/final-doc-generation-1/generated.po
74bab7ec08607ace79b8e43fee44fa7bfddb79a1b4616be8481678c73c3700b2	/opt/purrdf-454-current-qualification-20261008/final-doc-generation-1/merged-preimage.po
750e6f20b5dbd2aae0c78bdff80161db9e14cb3cc99332aab7a375dc8f59a2b6	/opt/purrdf-454-current-qualification-20261008/final-project-private-kernel-native-cost-1/artifacts/candidate-native-build/release/build/qualification-454-native-cost/8da9b71ba832a22e/out/qualification_454_native_cost.purrdf_lex-434979676aa36245.purrdf_lex.1fd7b0069f7c4a15-cgu.0.rcgu.o.rcgu.ll
75cf93964f76624b318e1f18ae3022eac0cbbe108479ffea0a646494081c8e35	/home/paudley/Active/purrdf/.worktrees/454-rdflib-shim-algebra-level-reassignment/.stage/rdflib-shim-algebra-level-reassignment/raw/native-cost-candidate-863c75-ir/qualification_454_native_cost.purrdf_iri-1f1d526d055ecfbb.purrdf_iri.6d5e0d082ee51115-cgu.0.rcgu.o.rcgu.ll
762995c35eb05b36b846b1f7db306465a8410164b39779c145daf1f32019e5f9	/home/paudley/Active/purrdf/.worktrees/454-rdflib-shim-algebra-level-reassignment/.stage/rdflib-shim-algebra-level-reassignment/raw/t1-native-cost-base-863c75-extended-inventory.log
76e7ecbef72f0e27d63964d4ac7119664e7b16419e34202de3217d871b4145bc	/home/paudley/Active/purrdf/.worktrees/454-rdflib-shim-algebra-level-reassignment/.stage/rdflib-shim-algebra-level-reassignment/raw/native-cost-candidate-863c75-direct-dispatch-ir/qualification_454_native_cost.purrdf_sparql_algebra-2f54bfeaed8b20be.purrdf_sparql_algebra.1f9a9904874edf46-cgu.0.rcgu.o.rcgu.s
779bd14f82ffee85aaeb0426ab69d3c757ff5fc2dd6334465ec97c51cce6795d	/home/paudley/Active/purrdf/.worktrees/454-rdflib-shim-algebra-level-reassignment/.stage/rdflib-shim-algebra-level-reassignment/raw/native-cost-base-ir/qualification_454_native_cost.purrdf_sparql_algebra-402482970920ebe5.purrdf_sparql_algebra.c486a7030e123a0e-cgu.0.rcgu.o.rcgu.s
7860e6d9d30703ee5392bb679cd95b0df40d2016f8144d4d041cc785229adb5d	/home/paudley/Active/purrdf/.worktrees/454-rdflib-shim-algebra-level-reassignment/.stage/rdflib-shim-algebra-level-reassignment/raw/t2-unit-mode-python-ir/purrdf_native.s
79212182184ece40fa3a05d373e650948075d427ce79ccf19295d714c4cbd7b9	/opt/purrdf-454-current-qualification-20261008/final-lower-native-cost-1/artifacts/baseline-native-build/release/build/qualification-454-native-cost/581f94ec0f256a95/out/qualification_454_native_cost.purrdf_cdt-d136cfe4f9c22d19.purrdf_cdt.18623ef803b8f038-cgu.0.rcgu.o.rcgu.s
798305dd7fbd4cb7ad3ceece166f9ca283e07f36cf56ec8852ef2ff0e90660d0	/home/paudley/Active/purrdf/.worktrees/454-rdflib-shim-algebra-level-reassignment/.stage/rdflib-shim-algebra-level-reassignment/raw/native-cost-candidate-863c75-ir/qualification_454_native_cost.purrdf_core-c1792174a43b914e.purrdf_core.ce843a9727c25724-cgu.0.rcgu.o.rcgu.s
7a19b989a5fec928a440321157e0de59d1773d093522e764a1b1395b57fab0f0	/opt/purrdf-454-current-qualification-20261008/final-lower-native-cost-1/artifacts/baseline-host-build/release/build/purrdf-python/c5e9cfe2d8e4c7a3/out/purrdf_native.ll
7a3a0975b0a43beab2bdb76aaffd3d268a6ee9b87f77ad477a4c90edc4e1abe5	/opt/purrdf-454-current-qualification-20261008/final-project-private-kernel-native-cost-1/artifacts/candidate-host-target/release/libpurrdf_native.so
7ae89fd48a65bdb3f7d46bcb395673ba60b56cf3e8dbc0ce7fc2437735d0a47d	/opt/purrdf-454-current-qualification-20261008/final-lower-native-cost-1/artifacts/baseline-native-build/release/build/qualification-454-native-cost/581f94ec0f256a95/out/qualification_454_native_cost.qualification_454_native_cost.ce4df87e2172f131-cgu.0.rcgu.ll
7b1ff4f3bbee565e1957f8be308951e6ac6f50f8099c0845476ff9ce4fbf8830	/home/paudley/Active/purrdf/.worktrees/454-rdflib-shim-algebra-level-reassignment/.stage/rdflib-shim-algebra-level-reassignment/raw/native-cost-candidate-863c75-ir/qualification_454_native_cost.qualification_454_native_cost.258b1530d971e06d-cgu.0.rcgu.s
7b56eb54664904ca2d2783d4a828879557278eb28d3b1e37150233af06922f4e	/opt/purrdf-454-current-qualification-20261008/final-lower-native-cost-1/artifacts/baseline-native-build/release/build/qualification-454-native-cost/581f94ec0f256a95/out/qualification_454_native_cost.purrdf_xsd-7273a4a4cfbdbed4.purrdf_xsd.7480e41a6cd5f537-cgu.0.rcgu.o.rcgu.ll
7bf14c76b3d865846824e00916f5bb66fad7c60973d44dddcdc383215a64d28a	/home/paudley/Active/purrdf/.worktrees/454-rdflib-shim-algebra-level-reassignment/.stage/rdflib-shim-algebra-level-reassignment/raw/t1-native-cost-base-863c75-wasm-inventory.log
7da1bca6bf59522a5e510c8067a3912a9cd07e39c5b67716025f6661e9d521d0	/home/paudley/Active/purrdf/.worktrees/454-rdflib-shim-algebra-level-reassignment/.stage/rdflib-shim-algebra-level-reassignment/raw/t3-candidate-native-ir/qualification_454_native_cost.purrdf_xsd-63c2141a0f4369ee.purrdf_xsd.adc7a472107af13b-cgu.0.rcgu.o.rcgu.ll
7da1bca6bf59522a5e510c8067a3912a9cd07e39c5b67716025f6661e9d521d0	/home/paudley/Active/purrdf/.worktrees/454-rdflib-shim-algebra-level-reassignment/.stage/rdflib-shim-algebra-level-reassignment/raw/t3-inline-cost-candidate-native-ir/qualification_454_native_cost.purrdf_xsd-63c2141a0f4369ee.purrdf_xsd.adc7a472107af13b-cgu.0.rcgu.o.rcgu.ll
7da1bca6bf59522a5e510c8067a3912a9cd07e39c5b67716025f6661e9d521d0	/home/paudley/Active/purrdf/.worktrees/454-rdflib-shim-algebra-level-reassignment/.stage/rdflib-shim-algebra-level-reassignment/raw/t3-static-tail-candidate-native-ir/qualification_454_native_cost.purrdf_xsd-63c2141a0f4369ee.purrdf_xsd.adc7a472107af13b-cgu.0.rcgu.o.rcgu.ll
7daef3916bc93cc5476bb3fc57d4110c2f7443acb8e493d8bd4450f8d3d79833	/home/paudley/Active/purrdf/.worktrees/454-rdflib-shim-algebra-level-reassignment/.stage/rdflib-shim-algebra-level-reassignment/raw/native-cost-candidate-863c75-default-boundary-ir/qualification_454_native_cost.regex_automata-443ceb1c47427307.regex_automata.b12be791bb49d87e-cgu.0.rcgu.o.rcgu.s
8214b406f49313dd748fdc8dd7416e9f0ed2fa14d8d6f0e0770cdad590e8490c	/home/paudley/Active/purrdf/.worktrees/454-rdflib-shim-algebra-level-reassignment/.stage/rdflib-shim-algebra-level-reassignment/raw/native-cost-candidate-863c75-default-boundary-ir/qualification_454_native_cost.core-5f5c0031517c19c4.core.1b0f708be8c133d1-cgu.0.rcgu.o.rcgu.s
8214b406f49313dd748fdc8dd7416e9f0ed2fa14d8d6f0e0770cdad590e8490c	/home/paudley/Active/purrdf/.worktrees/454-rdflib-shim-algebra-level-reassignment/.stage/rdflib-shim-algebra-level-reassignment/raw/native-cost-candidate-863c75-direct-dispatch-ir/qualification_454_native_cost.core-5f5c0031517c19c4.core.1b0f708be8c133d1-cgu.0.rcgu.o.rcgu.s
8214b406f49313dd748fdc8dd7416e9f0ed2fa14d8d6f0e0770cdad590e8490c	/home/paudley/Active/purrdf/.worktrees/454-rdflib-shim-algebra-level-reassignment/.stage/rdflib-shim-algebra-level-reassignment/raw/native-cost-candidate-863c75-ir/qualification_454_native_cost.core-5f5c0031517c19c4.core.1b0f708be8c133d1-cgu.0.rcgu.o.rcgu.s
8214b406f49313dd748fdc8dd7416e9f0ed2fa14d8d6f0e0770cdad590e8490c	/home/paudley/Active/purrdf/.worktrees/454-rdflib-shim-algebra-level-reassignment/.stage/rdflib-shim-algebra-level-reassignment/raw/native-cost-candidate-863c75-native-boundary-ir/qualification_454_native_cost.core-5f5c0031517c19c4.core.1b0f708be8c133d1-cgu.0.rcgu.o.rcgu.s
823c4e1d6b1cf4b212dd7853fa2f57d22441f856785a5f734c7ad6d99a5a84e7	/home/paudley/Active/purrdf/.worktrees/454-rdflib-shim-algebra-level-reassignment/.stage/rdflib-shim-algebra-level-reassignment/raw/t1-native-cost-candidate-863c75-wasm-inventory.log
83991b695b2fdb2402b5f70046586641406fe151108e578269e7fa209189955d	/opt/purrdf-454-current-qualification-20261008/final-project-private-kernel-native-cost-1/artifacts/candidate-native-build/release/build/qualification-454-native-cost/8da9b71ba832a22e/out/qualification_454_native_cost.qualification_454_native_cost.258b1530d971e06d-cgu.0.rcgu.s
83dc5452db9bf3ab784141bef763e149750c04adf4c875e501cdca61879565db	/home/paudley/Active/purrdf/.worktrees/454-rdflib-shim-algebra-level-reassignment/.stage/rdflib-shim-algebra-level-reassignment/raw/native-cost-candidate-863c75-default-boundary-ir/qualification_454_native_cost.purrdf_xsd-63c2141a0f4369ee.purrdf_xsd.adc7a472107af13b-cgu.0.rcgu.o.rcgu.ll
83fed68c3f0563ec781a640bfa206b3a0de89783b90828f5bd1e00cb4f0b2d21	/home/paudley/Active/purrdf/.worktrees/454-rdflib-shim-algebra-level-reassignment/.stage/rdflib-shim-algebra-level-reassignment/raw/native-cost-candidate-863c75-direct-dispatch-ir/qualification_454_native_cost.purrdf_cdt-7285be266600a81c.purrdf_cdt.65bb4d13a4648eed-cgu.0.rcgu.o.rcgu.ll
8433722fb22eba4a67e61c0b040e1ca8f7cb317ffda8e18c0320f7cd106af1da	/home/paudley/Active/purrdf/.worktrees/454-rdflib-shim-algebra-level-reassignment/.stage/rdflib-shim-algebra-level-reassignment/raw/final-lower-cost-body-review/baseline-eval-demangled.s
88ffaf4227cb44d189fab8b4029daeceb9fa5a39ef5e11491a95b3b5f4999155	/opt/purrdf-454-current-qualification-20261008/final-lower-native-cost-1/artifacts/baseline-native-build/release/build/qualification-454-native-cost/581f94ec0f256a95/out/qualification_454_native_cost.regex_automata-9ccbb3567b2d6ad1.regex_automata.b12be791bb49d87e-cgu.0.rcgu.o.rcgu.ll
895fa8d276602d227e00adb6182a7bf08006bf9f769d8139f2393c875fc91c03	/opt/purrdf-454-current-qualification-20261008/final-lower-native-cost-1/artifacts/baseline-native-build/release/build/qualification-454-native-cost/581f94ec0f256a95/out/qualification_454_native_cost.core-5f5c0031517c19c4.core.1b0f708be8c133d1-cgu.0.rcgu.o.rcgu.s
895fa8d276602d227e00adb6182a7bf08006bf9f769d8139f2393c875fc91c03	/opt/purrdf-454-current-qualification-20261008/final-project-private-kernel-native-cost-1/artifacts/candidate-native-build/release/build/qualification-454-native-cost/8da9b71ba832a22e/out/qualification_454_native_cost.core-5f5c0031517c19c4.core.1b0f708be8c133d1-cgu.0.rcgu.o.rcgu.s
897a17e2fd3e18f5e4d7a23c9e41ddf4d781986b21166ee69d39883b8cf1bb1a	/home/paudley/Active/purrdf/.worktrees/454-rdflib-shim-algebra-level-reassignment/.stage/rdflib-shim-algebra-level-reassignment/raw/native-cost-candidate-863c75-default-boundary-ir/qualification_454_native_cost.purrdf_xsd-63c2141a0f4369ee.purrdf_xsd.adc7a472107af13b-cgu.0.rcgu.o.rcgu.s
8a283faf1812b445eceabc3e79ae1c8b2ee59f341bcc33d73a68658e554d555e	/home/paudley/Active/purrdf/.worktrees/454-rdflib-shim-algebra-level-reassignment/.stage/rdflib-shim-algebra-level-reassignment/raw/native-cost-candidate-863c75-wasm-ir/qualification_454_native_cost.purrdf_sparql_algebra-96bf57510f55d7ab.purrdf_sparql_algebra.2d4d4c38e30aca1e-cgu.0.rcgu.o.rcgu.ll
8abebd36cd5bcff0c5c30db6e133d8040bfa88d9fdd196dcff8060fe8ed414ee	/home/paudley/Active/purrdf/.worktrees/454-rdflib-shim-algebra-level-reassignment/.stage/rdflib-shim-algebra-level-reassignment/raw/native-cost-candidate-863c75-native-boundary-ir/qualification_454_native_cost.purrdf_sparql_eval-bf425426783cf5de.purrdf_sparql_eval.1e4be50d5a1c0ebd-cgu.0.rcgu.o.rcgu.s
8aef77c67e8c68bc7b1e427d79862eb6249eb6a545718f2f220d91058177a65f	/home/paudley/Active/purrdf/.worktrees/454-rdflib-shim-algebra-level-reassignment/.stage/rdflib-shim-algebra-level-reassignment/raw/project-outer-owning-inline-diagnostic-review/baseline-inline-demangled.log
8b72d713a18d0bf142687a9ebae19586019e794476968fe3605c707d9c9d44a9	/home/paudley/Active/purrdf/.worktrees/454-rdflib-shim-algebra-level-reassignment/.stage/rdflib-shim-algebra-level-reassignment/raw/t3-candidate-python-ir/purrdf_native.s.gz
8b72d713a18d0bf142687a9ebae19586019e794476968fe3605c707d9c9d44a9	/home/paudley/Active/purrdf/.worktrees/454-rdflib-shim-algebra-level-reassignment/.stage/rdflib-shim-algebra-level-reassignment/raw/t3-static-tail-candidate-python-ir/purrdf_native.s.gz
8bc328d846ffbb5712a837e59a4ff68454f9ee3a0dc473e2839ab44257ce9a5f	/opt/purrdf-454-current-qualification-20261008/final-lower-native-cost-1/artifacts/baseline-native-build/release/build/qualification-454-native-cost/581f94ec0f256a95/out/qualification_454_native_cost.purrdf_cdt-d136cfe4f9c22d19.purrdf_cdt.18623ef803b8f038-cgu.0.rcgu.o.rcgu.ll
8bedacdc5e2c9df672751b3e8bf18210f7900afee1ea7c719d0db5c0a949ed03	/home/paudley/Active/purrdf/.worktrees/454-rdflib-shim-algebra-level-reassignment/.stage/rdflib-shim-algebra-level-reassignment/raw/final-credential-policy-scan-20261008/after-modes-sizes.tsv
8cb108518f1dc6da783bb40a614a66cecf8d0847042f3172af6ad3f191fa1b22	/home/paudley/Active/purrdf/.worktrees/454-rdflib-shim-algebra-level-reassignment/.stage/rdflib-shim-algebra-level-reassignment/raw/native-cost-candidate-863c75-default-boundary-ir/qualification_454_native_cost.purrdf_lex-8a1054ef04a1ca05.purrdf_lex.1fd7b0069f7c4a15-cgu.0.rcgu.o.rcgu.ll
8e3c26d0c8a92a339d6257b36c3c365d90f7a01018ed5081487dd6356e56752a	/home/paudley/Active/purrdf/.worktrees/454-rdflib-shim-algebra-level-reassignment/.stage/rdflib-shim-algebra-level-reassignment/raw/native-cost-candidate-863c75-ir/qualification_454_native_cost.purrdf_xsd-63c2141a0f4369ee.purrdf_xsd.adc7a472107af13b-cgu.0.rcgu.o.rcgu.s
8ec3cbb80779f51bbcb3ba48a4890138b08082afdef5042b88a6dca90394a751	/home/paudley/Active/purrdf/.worktrees/454-rdflib-shim-algebra-level-reassignment/.stage/rdflib-shim-algebra-level-reassignment/raw/t3-candidate-python-ir/purrdf_native.ll.gz
8ec3cbb80779f51bbcb3ba48a4890138b08082afdef5042b88a6dca90394a751	/home/paudley/Active/purrdf/.worktrees/454-rdflib-shim-algebra-level-reassignment/.stage/rdflib-shim-algebra-level-reassignment/raw/t3-static-tail-candidate-python-ir/purrdf_native.ll.gz
8ee9c99d8b0ecebca0d869533f9ef6bde079e0738cab955bcb0e7b86f4a3b797	/home/paudley/Active/purrdf/.worktrees/454-rdflib-shim-algebra-level-reassignment/.stage/rdflib-shim-algebra-level-reassignment/raw/t3-candidate-native-ir/qualification_454_native_cost.purrdf_sparql_eval-0d067d9d4a72ce33.purrdf_sparql_eval.5766da4c1a18e898-cgu.0.rcgu.o.rcgu.ll.gz
8f8f995f4b57366ffd8e98f3c01adc48db3fa6168d3d8cdcefb64722e6cb809e	/home/paudley/Active/purrdf/.worktrees/454-rdflib-shim-algebra-level-reassignment/.stage/rdflib-shim-algebra-level-reassignment/raw/native-cost-candidate-863c75-native-boundary-ir/qualification_454_native_cost.purrdf_core-c1792174a43b914e.purrdf_core.ce843a9727c25724-cgu.0.rcgu.o.rcgu.s
90a4218956ccaa8e7fe2191f9f384f401de1d1fd4bcc32c9c2e06957d38dc187	/home/paudley/Active/purrdf/.worktrees/454-rdflib-shim-algebra-level-reassignment/.stage/rdflib-shim-algebra-level-reassignment/raw/native-cost-candidate-863c75-ir/qualification_454_native_cost.regex_syntax-6125fa51d0bc5933.regex_syntax.612fae0621a53369-cgu.0.rcgu.o.rcgu.ll
91416069d9112d35591b5c443fc743edd380faf10bcd448ef5c5d5a3bdfa36a8	/opt/purrdf-454-current-qualification-20261008/final-mint-rust-1/source-start.sha256
914495f7b4ceee1fbb99f45a69b17dd5c37d331f5d1a5cce68453091a6c75910	/home/paudley/Active/purrdf/.worktrees/454-rdflib-shim-algebra-level-reassignment/.stage/rdflib-shim-algebra-level-reassignment/raw/native-cost-candidate-863c75-native-boundary-ir/qualification_454_native_cost.purrdf_sparql_algebra-2f54bfeaed8b20be.purrdf_sparql_algebra.1f9a9904874edf46-cgu.0.rcgu.o.rcgu.ll
93027e73014a3544424f31dddb3179c7d3f79c98c398440e1e20ed290ccc10dc	/opt/purrdf-454-current-qualification-20261008/final-lower-native-cost-1/artifacts/baseline-native-build/release/build/qualification-454-native-cost/581f94ec0f256a95/out/qualification_454_native_cost.std-453218b5e9634890.std.552422bcccb5c833-cgu.0.rcgu.o.rcgu.s
93027e73014a3544424f31dddb3179c7d3f79c98c398440e1e20ed290ccc10dc	/opt/purrdf-454-current-qualification-20261008/final-project-private-kernel-native-cost-1/artifacts/candidate-native-build/release/build/qualification-454-native-cost/8da9b71ba832a22e/out/qualification_454_native_cost.std-453218b5e9634890.std.552422bcccb5c833-cgu.0.rcgu.o.rcgu.s
930d77eae77a2368b8d9a25e7daf882099163c91436883f5dd1dd9bcecfbd0d5	/home/paudley/Active/purrdf/.worktrees/454-rdflib-shim-algebra-level-reassignment/.stage/rdflib-shim-algebra-level-reassignment/raw/final-credential-policy-scan-20261008/before.sha256
94b41a5b7c36da8b39ff1438ed176c3e4d8030b336f98f60fa7588d166885400	/home/paudley/Active/purrdf/.worktrees/454-rdflib-shim-algebra-level-reassignment/.stage/rdflib-shim-algebra-level-reassignment/raw/t3-static-tail-candidate-native-ir/probe
9513105c830cfe2933d87d49ddf2f565ae1309281eecc7ee0bbfa8132522807d	/home/paudley/Active/purrdf/.worktrees/454-rdflib-shim-algebra-level-reassignment/.stage/rdflib-shim-algebra-level-reassignment/raw/current-cost-body-review/candidate-symbol-normalized-eval-module.ll
954e4780ab9af84bdbda83df742d7c0c1f7072d7717dffcb61d544727161b362	/home/paudley/Active/purrdf/.worktrees/454-rdflib-shim-algebra-level-reassignment/.stage/rdflib-shim-algebra-level-reassignment/raw/t3-inline-cost-candidate-native-ir/qualification_454_native_cost.purrdf_sparql_eval-0d067d9d4a72ce33.purrdf_sparql_eval.5766da4c1a18e898-cgu.0.rcgu.o.rcgu.ll.gz
95f31f8547f515dddf6ebe7af28052851c90d186dc360553ba59f56410335960	/home/paudley/Active/purrdf/.worktrees/454-rdflib-shim-algebra-level-reassignment/.stage/rdflib-shim-algebra-level-reassignment/raw/t2-candidate-native-ir/qualification_454_native_cost.qualification_454_native_cost.258b1530d971e06d-cgu.0.rcgu.s
96639dce5c83ccd6fdca0e954c083bc8e6a120896167b4dec6fefefa5bda8db4	/home/paudley/Active/purrdf/.worktrees/454-rdflib-shim-algebra-level-reassignment/.stage/rdflib-shim-algebra-level-reassignment/raw/native-cost-candidate-863c75-default-boundary-ir/qualification_454_native_cost.purrdf_core-c1792174a43b914e.purrdf_core.ce843a9727c25724-cgu.0.rcgu.o.rcgu.s
9686bd2ab33a3a4abb1af0998bd9e29b8ca528e319ce87b8b553957a9d6265c2	/home/paudley/Active/purrdf/.worktrees/454-rdflib-shim-algebra-level-reassignment/.stage/rdflib-shim-algebra-level-reassignment/raw/native-cost-base-863c75-wasm-ir/qualification_454_native_cost.qualification_454_native_cost.6068085e2829b945-cgu.0.rcgu.s
9764aad015028700e857cdbb24f87d7cda6137272ae1d5857c938c2f84466bcc	/home/paudley/Active/purrdf/.worktrees/454-rdflib-shim-algebra-level-reassignment/.stage/rdflib-shim-algebra-level-reassignment/raw/final-lower-cost-body-review/baseline-host-demangled.ll
991d1b309b1f61518700a8afb6e14cd0566ef40316297dcbab05969feab4bbcb	/home/paudley/Active/purrdf/.worktrees/454-rdflib-shim-algebra-level-reassignment/.stage/rdflib-shim-algebra-level-reassignment/raw/native-cost-candidate-863c75-direct-dispatch-ir/qualification_454_native_cost.purrdf_lex-8a1054ef04a1ca05.purrdf_lex.1fd7b0069f7c4a15-cgu.0.rcgu.o.rcgu.ll
9920082789eedac344f208130e5607b2da2800ab483c78b6f9774232cfa6d4c8	/home/paudley/Active/purrdf/.worktrees/454-rdflib-shim-algebra-level-reassignment/.stage/rdflib-shim-algebra-level-reassignment/raw/final-lower-cost-body-review/candidate-eval-demangled.s
9939a122ffbe18cf4c767522c35fe2a43422b210578c5bf8b94301115d9cf47a	/home/paudley/Active/purrdf/.worktrees/454-rdflib-shim-algebra-level-reassignment/.stage/rdflib-shim-algebra-level-reassignment/raw/t2-base-native-ir/qualification_454_native_cost.purrdf_sparql_algebra-2752a1e60ee500da.purrdf_sparql_algebra.a4597f5a80186251-cgu.0.rcgu.o.rcgu.ll
9a6be934e4e2a187154cf33e1ea642c82ef8531a091532335faedbf3a50e1fa9	/opt/purrdf-454-current-qualification-20261008/final-project-private-kernel-native-cost-1/artifacts/candidate-native-build/release/build/qualification-454-native-cost/8da9b71ba832a22e/out/qualification_454_native_cost.regex_automata-9ccbb3567b2d6ad1.regex_automata.b12be791bb49d87e-cgu.0.rcgu.o.rcgu.ll
9bbe0781c7c9c569ac37ab0f989699c12542e246f525d72fbbb06266e8ca2947	/opt/purrdf-454-current-qualification-20261008/final-lower-native-cost-1/artifacts/baseline-host-target/release/libpurrdf_native.so
9d074bd75d2ae385d15199f6a24f24034ddc42880bd8a139f438f878b51109e7	/home/paudley/Active/purrdf/.worktrees/454-rdflib-shim-algebra-level-reassignment/.stage/rdflib-shim-algebra-level-reassignment/raw/native-cost-base-863c75-wasm-ir/qualification_454_native_cost.purrdf_sparql_eval-47404805bc082bb3.purrdf_sparql_eval.4e34a4d67f036f69-cgu.0.rcgu.o.rcgu.ll
9d15a9091c7f6ee684e2b9b46f0294fa2c31e2118cdae4829bb6139df5b24b05	/home/paudley/Active/purrdf/.worktrees/454-rdflib-shim-algebra-level-reassignment/.stage/rdflib-shim-algebra-level-reassignment/raw/final-credential-policy-scan-20261008/archive-members.txt
9d86c46eabcf55e1f30e21fffedd0910174bf5d641a1a5899dc831d81c829e3a	/opt/purrdf-454-current-qualification-20261008/final-project-private-kernel-native-cost-1/source-start.sha256
9d86c46eabcf55e1f30e21fffedd0910174bf5d641a1a5899dc831d81c829e3a	/opt/purrdf-454-current-qualification-20261008/final-project-private-kernel-rust-1/source-start.sha256
9f59b390030cf6a948eec06bbf46dd115742a52dc815b846b9a3e0dcafdead7a	/home/paudley/Active/purrdf/.worktrees/454-rdflib-shim-algebra-level-reassignment/.stage/rdflib-shim-algebra-level-reassignment/raw/t2-candidate-native-inventory.log
a1c3ee13f0fdf6d0c7330a45b653174f6bc630a58a6150b668afbac0b348846b	/home/paudley/Active/purrdf/.worktrees/454-rdflib-shim-algebra-level-reassignment/.stage/rdflib-shim-algebra-level-reassignment/raw/native-cost-base-ir/qualification_454_native_cost.purrdf_sparql_algebra-402482970920ebe5.purrdf_sparql_algebra.c486a7030e123a0e-cgu.0.rcgu.o.rcgu.ll
a3ea05f4585c4fe6e30226c5b2d646899323124a1606f483ca6489aed6f3cd44	/home/paudley/Active/purrdf/.worktrees/454-rdflib-shim-algebra-level-reassignment/.stage/rdflib-shim-algebra-level-reassignment/raw/native-cost-candidate-863c75-native-boundary-ir/qualification_454_native_cost.purrdf_xsd-63c2141a0f4369ee.purrdf_xsd.adc7a472107af13b-cgu.0.rcgu.o.rcgu.ll
a70510c22495fb7b566c22798a931044d4e05eb082a189840d0e2c4cc8ec9175	/home/paudley/Active/purrdf/.worktrees/454-rdflib-shim-algebra-level-reassignment/.stage/rdflib-shim-algebra-level-reassignment/raw/t2-base-python-ir/purrdf_native.ll.gz
a7dadbc75d824effb00dd90affac08fc0cec53fa4300e59a33c3ec12612752fa	/home/paudley/Active/purrdf/.worktrees/454-rdflib-shim-algebra-level-reassignment/.stage/rdflib-shim-algebra-level-reassignment/raw/t3-static-tail-candidate-native-ir/qualification_454_native_cost.qualification_454_native_cost.569991f014440d2b-cgu.0.rcgu.ll
a85d34f5738698ca0e992ed68a51cdeff97ef836c66cce0b9698d33dadd4098f	/home/paudley/Active/purrdf/.worktrees/454-rdflib-shim-algebra-level-reassignment/.stage/rdflib-shim-algebra-level-reassignment/raw/t2-base-native-ir/qualification_454_native_cost.qualification_454_native_cost.3ff6420899bae151-cgu.0.rcgu.s
a98faa77e0abb788abbea40600e02ef8fadfba9806b41a063e1178dd57f51658	/home/paudley/Active/purrdf/.worktrees/454-rdflib-shim-algebra-level-reassignment/.stage/rdflib-shim-algebra-level-reassignment/raw/native-cost-candidate-863c75-direct-dispatch-ir/qualification_454_native_cost.purrdf_xsd-63c2141a0f4369ee.purrdf_xsd.adc7a472107af13b-cgu.0.rcgu.o.rcgu.ll
ab016192e4a181e145fc20ca9b8ecf057a8a5a18c8b356324ef78f06219cdcb9	/home/paudley/Active/purrdf/.worktrees/454-rdflib-shim-algebra-level-reassignment/.stage/rdflib-shim-algebra-level-reassignment/raw/t2-candidate-python-ir/purrdf_native.s
ac3de5802a2cec7b21e8b03ad524aa9252f2b626199658b8e30c752fadf3cac2	/home/paudley/Active/purrdf/.worktrees/454-rdflib-shim-algebra-level-reassignment/.stage/rdflib-shim-algebra-level-reassignment/raw/native-cost-base-863c75-ir/qualification_454_native_cost.purrdf_sparql_eval-0ecc65cc8c2d1ea3.purrdf_sparql_eval.85e4f8f062a88157-cgu.0.rcgu.o.rcgu.ll
ac74af659a2fe81ee847fd2cfbc0fba981789a5b69c380597d04543bd90c73d4	/home/paudley/Active/purrdf/.worktrees/454-rdflib-shim-algebra-level-reassignment/.stage/rdflib-shim-algebra-level-reassignment/raw/native-cost-candidate-863c75-default-boundary-ir/qualification_454_native_cost.std-453218b5e9634890.std.552422bcccb5c833-cgu.0.rcgu.o.rcgu.s
ac74af659a2fe81ee847fd2cfbc0fba981789a5b69c380597d04543bd90c73d4	/home/paudley/Active/purrdf/.worktrees/454-rdflib-shim-algebra-level-reassignment/.stage/rdflib-shim-algebra-level-reassignment/raw/native-cost-candidate-863c75-direct-dispatch-ir/qualification_454_native_cost.std-453218b5e9634890.std.552422bcccb5c833-cgu.0.rcgu.o.rcgu.s
ac74af659a2fe81ee847fd2cfbc0fba981789a5b69c380597d04543bd90c73d4	/home/paudley/Active/purrdf/.worktrees/454-rdflib-shim-algebra-level-reassignment/.stage/rdflib-shim-algebra-level-reassignment/raw/native-cost-candidate-863c75-ir/qualification_454_native_cost.std-453218b5e9634890.std.552422bcccb5c833-cgu.0.rcgu.o.rcgu.s
ac74af659a2fe81ee847fd2cfbc0fba981789a5b69c380597d04543bd90c73d4	/home/paudley/Active/purrdf/.worktrees/454-rdflib-shim-algebra-level-reassignment/.stage/rdflib-shim-algebra-level-reassignment/raw/native-cost-candidate-863c75-native-boundary-ir/qualification_454_native_cost.std-453218b5e9634890.std.552422bcccb5c833-cgu.0.rcgu.o.rcgu.s
ad22ecfd7670ee874af6e885a0d3f771d88510f627417b995619e9df71e39cbf	/home/paudley/Active/purrdf/.worktrees/454-rdflib-shim-algebra-level-reassignment/.stage/rdflib-shim-algebra-level-reassignment/raw/t3-inline-cost-candidate-native-ir/qualification_454_native_cost.qualification_454_native_cost.569991f014440d2b-cgu.0.rcgu.ll
ae44103f3caae355bf935f2b53d2a2887ec1484804edee63ed0cbf2ef48a6e9d	/home/paudley/Active/purrdf/.worktrees/454-rdflib-shim-algebra-level-reassignment/.stage/rdflib-shim-algebra-level-reassignment/raw/native-cost-candidate-863c75-thin-apply-ir/qualification_454_native_cost.purrdf_sparql_algebra-2f54bfeaed8b20be.purrdf_sparql_algebra.1f9a9904874edf46-cgu.0.rcgu.o.rcgu.s
ae798a3236b8600f69d2e28844dd5a7cc92d091306e6ada63de5864a193f0bdc	/home/paudley/Active/purrdf/.worktrees/454-rdflib-shim-algebra-level-reassignment/.stage/rdflib-shim-algebra-level-reassignment/raw/native-cost-candidate-863c75-default-boundary-ir/qualification_454_native_cost.regex_syntax-6125fa51d0bc5933.regex_syntax.612fae0621a53369-cgu.0.rcgu.o.rcgu.s
ae8407fb02f4dd1d50e3dead0b4609b36b5e83d67004cdec5eba39293dc30687	/home/paudley/Active/purrdf/.worktrees/454-rdflib-shim-algebra-level-reassignment/.stage/rdflib-shim-algebra-level-reassignment/raw/native-cost-candidate-863c75-ir/qualification_454_native_cost.regex_automata-443ceb1c47427307.regex_automata.b12be791bb49d87e-cgu.0.rcgu.o.rcgu.s
afeb5f473d0dad9d8446980ab87db9e2c8449c23a2c3b3e712ec69bb1c8ca625	/opt/purrdf-454-current-qualification-20261008/final-lower-native-cost-1/artifacts/baseline-native-target/release/qualification-454-native-cost
b066fea0e7b64dffb133288528adeeb8f1afe5245fe9264dc86e79bbb5ff379b	/home/paudley/Active/purrdf/.worktrees/454-rdflib-shim-algebra-level-reassignment/.stage/rdflib-shim-algebra-level-reassignment/raw/native-cost-candidate-863c75-native-boundary-ir/qualification_454_native_cost.purrdf_xsd-63c2141a0f4369ee.purrdf_xsd.adc7a472107af13b-cgu.0.rcgu.o.rcgu.s
b54d7fbd060a0f63830329b5a58dd241f72f4d3f071c84bc9886d0c392c20916	/opt/purrdf-454-current-qualification-20261008/final-lower-native-cost-1/artifacts/baseline-native-build/release/build/qualification-454-native-cost/581f94ec0f256a95/out/qualification_454_native_cost.purrdf_xsd-7273a4a4cfbdbed4.purrdf_xsd.7480e41a6cd5f537-cgu.0.rcgu.o.rcgu.s
b6161c2741e4d0e621248d903a2d6510a55f1620b099ddba904df6a2237830f0	/home/paudley/Active/purrdf/.worktrees/454-rdflib-shim-algebra-level-reassignment/.stage/rdflib-shim-algebra-level-reassignment/raw/native-cost-candidate-863c75-native-boundary-ir/qualification_454_native_cost.regex_syntax-6125fa51d0bc5933.regex_syntax.612fae0621a53369-cgu.0.rcgu.o.rcgu.s
b6f75413b6620e7e02023765dc67beae360073bf922b3695530d9de2f82a1907	/home/paudley/Active/purrdf/.worktrees/454-rdflib-shim-algebra-level-reassignment/.stage/rdflib-shim-algebra-level-reassignment/raw/current-cost-body-review/candidate-native-full.ll
b743fb8c6590f919b368a0be88d077e904c4ec3b53aacb8afccababba04bf6e2	/home/paudley/Active/purrdf/.worktrees/454-rdflib-shim-algebra-level-reassignment/.stage/rdflib-shim-algebra-level-reassignment/raw/t2-candidate-native-ir/qualification_454_native_cost.qualification_454_native_cost.258b1530d971e06d-cgu.0.rcgu.ll
b95c99ee382defd68b890d5525b7b1977f61cfb42aac576c43e454c546f0ec57	/home/paudley/Active/purrdf/.worktrees/454-rdflib-shim-algebra-level-reassignment/.stage/rdflib-shim-algebra-level-reassignment/raw/final-credential-policy-scan-20261008/before-modes-sizes.tsv
bb168d6b71bfe90d1f288aa0360e2c2cc3c869831f7c1bb2e3306df5728a9f74	/opt/purrdf-454-current-qualification-20261008/final-lower-native-cost-1/artifacts/baseline-native-build/release/build/qualification-454-native-cost/581f94ec0f256a95/out/qualification_454_native_cost.purrdf_core-8027d204a892fb53.purrdf_core.ff49c40f1306da9d-cgu.0.rcgu.o.rcgu.ll
bc7de0749e953f65eaa8ddadc6550e6e38638b2aa25ebbe7beeb7245d80380f6	/home/paudley/Active/purrdf/.worktrees/454-rdflib-shim-algebra-level-reassignment/.stage/rdflib-shim-algebra-level-reassignment/raw/t2-base-native-ir/qualification_454_native_cost.qualification_454_native_cost.3ff6420899bae151-cgu.0.rcgu.ll
bd50bb07b3acdd8d63df07b040c595d95bf2cdfbe94471454a40cfb05e2647af	/home/paudley/Active/purrdf/.worktrees/454-rdflib-shim-algebra-level-reassignment/.stage/rdflib-shim-algebra-level-reassignment/raw/final-project-outer-bulk-cost-body-review/candidate-host-demangled.ll
bd50bb07b3acdd8d63df07b040c595d95bf2cdfbe94471454a40cfb05e2647af	/home/paudley/Active/purrdf/.worktrees/454-rdflib-shim-algebra-level-reassignment/.stage/rdflib-shim-algebra-level-reassignment/raw/final-project-private-kernel-cost-body-review/candidate-host-demangled.ll
bd50bb07b3acdd8d63df07b040c595d95bf2cdfbe94471454a40cfb05e2647af	/home/paudley/Active/purrdf/.worktrees/454-rdflib-shim-algebra-level-reassignment/.stage/rdflib-shim-algebra-level-reassignment/raw/final-project-view-lift-cost-body-review/candidate-host-demangled.ll
be7f7dbc99f1ef0b9ab5b12fba5a676283667e34ba0f3caed0684768fece3bd4	/home/paudley/Active/purrdf/.worktrees/454-rdflib-shim-algebra-level-reassignment/.stage/rdflib-shim-algebra-level-reassignment/raw/native-cost-candidate-863c75-native-boundary-ir/qualification_454_native_cost.purrdf_sparql_eval-bf425426783cf5de.purrdf_sparql_eval.1e4be50d5a1c0ebd-cgu.0.rcgu.o.rcgu.ll
c00346faf9dabd4e77da2b5f5d8f430bdb7b96347c186bcd609858af051785a2	/home/paudley/Active/purrdf/.worktrees/454-rdflib-shim-algebra-level-reassignment/.stage/rdflib-shim-algebra-level-reassignment/raw/t2-candidate-native-ir/qualification_454_native_cost.purrdf_sparql_algebra-2f54bfeaed8b20be.purrdf_sparql_algebra.1f9a9904874edf46-cgu.0.rcgu.o.rcgu.ll
c048d6c2e960f18646ce63dc60bfdac2e884d2b6e84197db69ad5f1541aa648e	/home/paudley/Active/purrdf/.worktrees/454-rdflib-shim-algebra-level-reassignment/.stage/rdflib-shim-algebra-level-reassignment/raw/native-cost-candidate-863c75-native-boundary-ir/qualification_454_native_cost.purrdf_cdt-7285be266600a81c.purrdf_cdt.65bb4d13a4648eed-cgu.0.rcgu.o.rcgu.s
c2164a22617c52ac8bcc9a898abf82b76114e5681ea37564e371cff93fe6bc3c	/home/paudley/Active/purrdf/.worktrees/454-rdflib-shim-algebra-level-reassignment/.stage/rdflib-shim-algebra-level-reassignment/raw/t2-base-python-inventory.log
c23f3c89994a8722937d1b1308f1dc5fde4d5745f18634c8598dab1d897dc92e	/home/paudley/Active/purrdf/.worktrees/454-rdflib-shim-algebra-level-reassignment/.stage/rdflib-shim-algebra-level-reassignment/raw/native-cost-candidate-863c75-native-boundary-ir/qualification_454_native_cost.qualification_454_native_cost.258b1530d971e06d-cgu.0.rcgu.ll
c45fd9a0753c012ab84ff3e47fee7387d9b374acb3b7ec38b2489389c4594826	/home/paudley/Active/purrdf/.worktrees/454-rdflib-shim-algebra-level-reassignment/.stage/rdflib-shim-algebra-level-reassignment/raw/native-cost-candidate-863c75-default-boundary-ir/qualification_454_native_cost.purrdf_sparql_algebra-2f54bfeaed8b20be.purrdf_sparql_algebra.1f9a9904874edf46-cgu.0.rcgu.o.rcgu.s
c4bcd9c02e08559ae3422ffc294ee708f58fd961271be6b3e5210832cb636bf2	/home/paudley/Active/purrdf/.worktrees/454-rdflib-shim-algebra-level-reassignment/.stage/rdflib-shim-algebra-level-reassignment/raw/native-cost-candidate-863c75-default-boundary-ir/qualification_454_native_cost.purrdf_iri-1f1d526d055ecfbb.purrdf_iri.6d5e0d082ee51115-cgu.0.rcgu.o.rcgu.ll
c5564a721b5b59ddf1fa88ebe744ea3e4c51495f0ca30a96a395b2775de02c63	/home/paudley/Active/purrdf/.worktrees/454-rdflib-shim-algebra-level-reassignment/.stage/rdflib-shim-algebra-level-reassignment/raw/native-cost-base-863c75-extended-ir/qualification_454_native_cost.purrdf_sparql_algebra-402482970920ebe5.purrdf_sparql_algebra.c486a7030e123a0e-cgu.0.rcgu.o.rcgu.s
c59b33e2c147e7f9c8d3f655cbc6efa255f8bc7aa1c33ab169ff06fdd6660210	/home/paudley/Active/purrdf/.worktrees/454-rdflib-shim-algebra-level-reassignment/.stage/rdflib-shim-algebra-level-reassignment/raw/final-bulk-mint-cost-body-review/candidate-host-demangled.s
c59b33e2c147e7f9c8d3f655cbc6efa255f8bc7aa1c33ab169ff06fdd6660210	/home/paudley/Active/purrdf/.worktrees/454-rdflib-shim-algebra-level-reassignment/.stage/rdflib-shim-algebra-level-reassignment/raw/final-lower-cost-body-review/candidate-host-demangled.s
c663945b1f22332028059b699e4c872a9dcffb703faa2ea87107a7176ed99c4a	/home/paudley/Active/purrdf/.worktrees/454-rdflib-shim-algebra-level-reassignment/.stage/rdflib-shim-algebra-level-reassignment/raw/final-project-private-kernel-cost-body-review/candidate-eval-demangled.s
c6e9804894d74c7db0e8c8a7a1e46e616b6c9eb724d82250f4183b23cf49653f	/opt/purrdf-454-current-qualification-20261008/final-project-private-kernel-native-cost-1/artifacts/candidate-native-build/release/build/qualification-454-native-cost/8da9b71ba832a22e/out/qualification_454_native_cost.purrdf_sparql_eval-de8b55b65b068f1e.purrdf_sparql_eval.1e4be50d5a1c0ebd-cgu.0.rcgu.o.rcgu.ll
c847a3c6fea4dda39af0c0add941680bcc41fbbd4ca1c75e5df939aec1be86cb	/home/paudley/Active/purrdf/.worktrees/454-rdflib-shim-algebra-level-reassignment/.stage/rdflib-shim-algebra-level-reassignment/raw/current-cost-body-review/candidate-native-full.s
c84f54496a213574176dabaf68793acbfe133633e7be2a9212f8b37d4964871b	/opt/purrdf-454-current-qualification-20261008/final-project-private-kernel-native-cost-1/artifacts/candidate-native-build/release/build/qualification-454-native-cost/8da9b71ba832a22e/out/qualification_454_native_cost.purrdf_sparql_algebra-6b86485a6a4910aa.purrdf_sparql_algebra.1f9a9904874edf46-cgu.0.rcgu.o.rcgu.s
c8544d8a085dcff017e7ce6abd86cf9826d0f1fb2fb6b6be7936a11507d3789f	/home/paudley/Active/purrdf/.worktrees/454-rdflib-shim-algebra-level-reassignment/.stage/rdflib-shim-algebra-level-reassignment/raw/native-cost-candidate-863c75-direct-dispatch-ir/qualification_454_native_cost.purrdf_sparql_eval-bf425426783cf5de.purrdf_sparql_eval.1e4be50d5a1c0ebd-cgu.0.rcgu.o.rcgu.ll
c8660c7701c6a3cb27928eec03a52cafd83169dad617dd55b0e1b4ed1b8b3e6c	/home/paudley/Active/purrdf/.worktrees/454-rdflib-shim-algebra-level-reassignment/.stage/rdflib-shim-algebra-level-reassignment/raw/t2-base-native-ir/qualification_454_native_cost.purrdf_sparql_algebra-2752a1e60ee500da.purrdf_sparql_algebra.a4597f5a80186251-cgu.0.rcgu.o.rcgu.s
c899e41e8dd1ff72d459273998f7b9461163be111fc29894f312bb0bd1575a7e	/home/paudley/Active/purrdf/.worktrees/454-rdflib-shim-algebra-level-reassignment/.stage/rdflib-shim-algebra-level-reassignment/raw/native-cost-candidate-863c75-default-boundary-ir/qualification_454_native_cost.regex_automata-443ceb1c47427307.regex_automata.b12be791bb49d87e-cgu.0.rcgu.o.rcgu.ll
c8bcf63f69088f6ff536edc32ab350148b6d8ed756aafccc99bf7ea111b43b37	/opt/purrdf-454-current-qualification-20261008/final-lower-native-cost-1/artifacts/baseline-native-build/release/build/qualification-454-native-cost/581f94ec0f256a95/out/qualification_454_native_cost.purrdf_core-8027d204a892fb53.purrdf_core.ff49c40f1306da9d-cgu.0.rcgu.o.rcgu.s
c9e84ebf75be395c3f5aabe6c5554f7b0755de4d5e148093622969374ab0788f	/home/paudley/Active/purrdf/.worktrees/454-rdflib-shim-algebra-level-reassignment/.stage/rdflib-shim-algebra-level-reassignment/raw/t3-static-tail-candidate-native-ir/qualification_454_native_cost.purrdf_sparql_eval-0d067d9d4a72ce33.purrdf_sparql_eval.5766da4c1a18e898-cgu.0.rcgu.o.rcgu.ll.gz
cad59900a4ef227ec92bf17655cc99c03f6a56b10fd4aac84aa5d983a7de275e	/home/paudley/Active/purrdf/.worktrees/454-rdflib-shim-algebra-level-reassignment/.stage/rdflib-shim-algebra-level-reassignment/raw/t3-head-zh-Hans.po
cb2ed61657394bcac3d0c74d762aa1a181c7014dbe4337955e2ca58a45ecefbb	/home/paudley/Active/purrdf/.worktrees/454-rdflib-shim-algebra-level-reassignment/.stage/rdflib-shim-algebra-level-reassignment/raw/t1-native-cost-base-863c75-inventory-repaired.log
cb56d0146604f3072667e89e402aef7935f65fc9c7a8ecbb043ecf6b62c47777	/home/paudley/Active/purrdf/.worktrees/454-rdflib-shim-algebra-level-reassignment/.stage/rdflib-shim-algebra-level-reassignment/raw/native-cost-candidate-863c75-native-boundary-ir/qualification_454_native_cost.regex_automata-443ceb1c47427307.regex_automata.b12be791bb49d87e-cgu.0.rcgu.o.rcgu.s
cc269517c1bbaf2d30ca2ae79a28605b50b6906ed0f68670059f4a6af9b6480a	/home/paudley/Active/purrdf/.worktrees/454-rdflib-shim-algebra-level-reassignment/.stage/rdflib-shim-algebra-level-reassignment/raw/native-cost-candidate-863c75-native-boundary-ir/qualification_454_native_cost.purrdf_cdt-7285be266600a81c.purrdf_cdt.65bb4d13a4648eed-cgu.0.rcgu.o.rcgu.ll
ccf7d7f8e53648cbaae1823255fb48136d2ef5ca0b24d5caf120dd22d4e8fa6d	/home/paudley/Active/purrdf/.worktrees/454-rdflib-shim-algebra-level-reassignment/.stage/rdflib-shim-algebra-level-reassignment/raw/native-cost-base-863c75-ir/qualification_454_native_cost.qualification_454_native_cost.cc427bdd6978a017-cgu.0.rcgu.ll
cdea533729723722e5e8ccbcb4181075e51261ecbd6ab3c78af1f52711243719	/home/paudley/Active/purrdf/.worktrees/454-rdflib-shim-algebra-level-reassignment/.stage/rdflib-shim-algebra-level-reassignment/raw/native-cost-candidate-863c75-default-boundary-ir/qualification_454_native_cost.qualification_454_native_cost.258b1530d971e06d-cgu.0.rcgu.ll
ce0742f883be55d13b6d94692248a6454ed0dc043d12c402cc28e9482b12601a	/home/paudley/Active/purrdf/.worktrees/454-rdflib-shim-algebra-level-reassignment/.stage/rdflib-shim-algebra-level-reassignment/raw/native-cost-candidate-863c75-direct-dispatch-ir/qualification_454_native_cost.regex_syntax-6125fa51d0bc5933.regex_syntax.612fae0621a53369-cgu.0.rcgu.o.rcgu.s
ce1a1f509a0a5936006e257ad4c4f51ce4050f99521a2e4f5ca43d1719e17ffd	/opt/purrdf-454-current-qualification-20261008/final-project-private-kernel-native-cost-1/artifacts/candidate-native-build/release/build/qualification-454-native-cost/8da9b71ba832a22e/out/qualification_454_native_cost.purrdf_core-dfcf8c10da177816.purrdf_core.ce843a9727c25724-cgu.0.rcgu.o.rcgu.s
ce7dcc649a36e8b72e9dda342c967bd71c019210fce81e47ec2d23c458f18f84	/home/paudley/Active/purrdf/.worktrees/454-rdflib-shim-algebra-level-reassignment/.stage/rdflib-shim-algebra-level-reassignment/raw/native-cost-candidate-863c75-default-boundary-ir/qualification_454_native_cost.purrdf_cdt-7285be266600a81c.purrdf_cdt.65bb4d13a4648eed-cgu.0.rcgu.o.rcgu.ll
cf93dbcbac77a7cb8a21738b2bc06c35cae3287993fc00c287f3db5c60e5f76e	/home/paudley/Active/purrdf/.worktrees/454-rdflib-shim-algebra-level-reassignment/.stage/rdflib-shim-algebra-level-reassignment/raw/native-cost-candidate-863c75-thin-apply-ir/qualification_454_native_cost.purrdf_sparql_eval-bf425426783cf5de.purrdf_sparql_eval.1e4be50d5a1c0ebd-cgu.0.rcgu.o.rcgu.s
d2ce504ffa62f110d681e1a53378e8a6c1b9feb03e900d6fc6b9aae598016196	/home/paudley/Active/purrdf/.worktrees/454-rdflib-shim-algebra-level-reassignment/.stage/rdflib-shim-algebra-level-reassignment/raw/native-cost-base-863c75-wasm-ir/qualification_454_native_cost.qualification_454_native_cost.6068085e2829b945-cgu.0.rcgu.ll
d6a33eb19ac20f2856d2fb0ef86bbe5dec09980ea17b17a07b1b88000f506de4	/home/paudley/Active/purrdf/.worktrees/454-rdflib-shim-algebra-level-reassignment/.stage/rdflib-shim-algebra-level-reassignment/raw/final-cost-body-review/baseline-native-full.ll
d7a239234e188e6f81a8b47d2dd3f555df84f440a7c338c71a6f306808450509	/home/paudley/Active/purrdf/.worktrees/454-rdflib-shim-algebra-level-reassignment/.stage/rdflib-shim-algebra-level-reassignment/raw/native-cost-base-863c75-extended-ir/qualification_454_native_cost.purrdf_sparql_eval-0ecc65cc8c2d1ea3.purrdf_sparql_eval.85e4f8f062a88157-cgu.0.rcgu.o.rcgu.ll
d7e10e5ffa0bc3a0fb8bd452899d3751344ac43e0535486069db17ff81206401	/opt/purrdf-454-current-qualification-20261008/final-project-private-kernel-native-cost-1/artifacts/candidate-native-build/release/build/qualification-454-native-cost/8da9b71ba832a22e/out/qualification_454_native_cost.purrdf_cdt-8a4dfb1d964cdaf4.purrdf_cdt.65bb4d13a4648eed-cgu.0.rcgu.o.rcgu.s
d9d140ed4774792067625df6bf350a4e9b448be7115450db3b6fa5c4d6ac5bca	/home/paudley/Active/purrdf/.worktrees/454-rdflib-shim-algebra-level-reassignment/.stage/rdflib-shim-algebra-level-reassignment/raw/native-cost-candidate-863c75-ir/qualification_454_native_cost.purrdf_xsd-63c2141a0f4369ee.purrdf_xsd.adc7a472107af13b-cgu.0.rcgu.o.rcgu.ll
da47bb1986416f4f385643b5910f064853992c9a150d7f56d772076cec774a45	/home/paudley/Active/purrdf/.worktrees/454-rdflib-shim-algebra-level-reassignment/.stage/rdflib-shim-algebra-level-reassignment/raw/t1-native-cost-base-863c75-complete-inventory.log
dc8dd2298b84e89a1cec133ca0c9e31ad59b25191cc1844c33e3ef0e0a44ce32	/home/paudley/Active/purrdf/.worktrees/454-rdflib-shim-algebra-level-reassignment/.stage/rdflib-shim-algebra-level-reassignment/raw/t3-static-tail-candidate-native-ir/qualification_454_native_cost.qualification_454_native_cost.569991f014440d2b-cgu.0.rcgu.s
dd1b22dad78c9a0830923d6c480b7820d9ce6b9f68f93a9e3cfd485498092d9a	/home/paudley/Active/purrdf/.worktrees/454-rdflib-shim-algebra-level-reassignment/.stage/rdflib-shim-algebra-level-reassignment/raw/native-cost-candidate-863c75-default-boundary-ir/qualification_454_native_cost.rayon_core-85598031e85a4450.rayon_core.47ca217b8d4110f1-cgu.0.rcgu.o.rcgu.ll
dd96c02e5f55044a5b7b4038d66150df89bf9f08deaedb6592d819533308d678	/home/paudley/Active/purrdf/.worktrees/454-rdflib-shim-algebra-level-reassignment/.stage/rdflib-shim-algebra-level-reassignment/raw/t2-base-native-ir/qualification_454_native_cost.purrdf_sparql_eval-cc7dc99fbe55f667.purrdf_sparql_eval.8896fb09dcde828-cgu.0.rcgu.o.rcgu.ll
dec554e84ac60dfd88174e042475e7db49990666c57ecaace710b0430cc78f58	/home/paudley/Active/purrdf/.worktrees/454-rdflib-shim-algebra-level-reassignment/.stage/rdflib-shim-algebra-level-reassignment/raw/t1-native-cost-candidate-863c75-direct-dispatch-inventory.log
df3bf72c7522268cf441fcdfc687699914770892ebbde4b014a298cb8cc6045a	/opt/purrdf-454-current-qualification-20261008/final-doc-generation-1/source-start.sha256
df3bf72c7522268cf441fcdfc687699914770892ebbde4b014a298cb8cc6045a	/opt/purrdf-454-current-qualification-20261008/final-doc-validation-1/source-start.sha256
df3bf72c7522268cf441fcdfc687699914770892ebbde4b014a298cb8cc6045a	/opt/purrdf-454-current-qualification-20261008/final-lower-python-1/source-start.sha256
df3bf72c7522268cf441fcdfc687699914770892ebbde4b014a298cb8cc6045a	/opt/purrdf-454-current-qualification-20261008/final-lower-rust-1/source-start.sha256
dfd5122b6baa993657b7153181c9de305e6849218967d4bba18a0adce1f7c71e	/home/paudley/Active/purrdf/.worktrees/454-rdflib-shim-algebra-level-reassignment/.stage/rdflib-shim-algebra-level-reassignment/raw/t3-base-python-ir/purrdf_native.ll.gz
e1210d09e20367fc2e7a086555335798067643bbe8432670622e38a69ceb2bb9	/opt/purrdf-454-current-qualification-20261008/final-lower-native-cost-1/artifacts/baseline-native-build/release/build/qualification-454-native-cost/581f94ec0f256a95/out/qualification_454_native_cost.regex_syntax-b2ee09bb1f3a6613.regex_syntax.612fae0621a53369-cgu.0.rcgu.o.rcgu.s
e139ce4cc5b611ba76422c7c58779af0fb868cbab03594777fd2f7d56005c7f1	/home/paudley/Active/purrdf/.worktrees/454-rdflib-shim-algebra-level-reassignment/.stage/rdflib-shim-algebra-level-reassignment/raw/t3-static-tail-candidate-native-ir/qualification_454_native_cost.purrdf_sparql_eval-0d067d9d4a72ce33.purrdf_sparql_eval.5766da4c1a18e898-cgu.0.rcgu.o.rcgu.s
e15fe757d4f97e8094249d44ae519cfe3a87bb8f99c059154103e65f7e5acc92	/home/paudley/Active/purrdf/.worktrees/454-rdflib-shim-algebra-level-reassignment/.stage/rdflib-shim-algebra-level-reassignment/raw/native-cost-candidate-863c75-ir/qualification_454_native_cost.purrdf_cdt-7285be266600a81c.purrdf_cdt.65bb4d13a4648eed-cgu.0.rcgu.o.rcgu.ll
e2e6222b54f4388a415f6ec15d2bc6dd51aebdeaa031a5d7454e1c07cc440d49	/home/paudley/Active/purrdf/.worktrees/454-rdflib-shim-algebra-level-reassignment/.stage/rdflib-shim-algebra-level-reassignment/raw/final-smallvec-cost-body-review/candidate-eval-demangled.ll
e561b408f22884127779c9154578424f0884a07d4c7693d79d29772878df65ac	/home/paudley/Active/purrdf/.worktrees/454-rdflib-shim-algebra-level-reassignment/.stage/rdflib-shim-algebra-level-reassignment/raw/native-cost-base-863c75-ir/qualification_454_native_cost.purrdf_sparql_eval-0ecc65cc8c2d1ea3.purrdf_sparql_eval.85e4f8f062a88157-cgu.0.rcgu.o.rcgu.s
e6777e859e66aec4ec17e6b017e481ef346c45c85cfbb0f67264bf84f1746ff4	/opt/purrdf-454-current-qualification-20261008/final-project-private-kernel-native-cost-1/artifacts/candidate-native-build/release/build/qualification-454-native-cost/8da9b71ba832a22e/out/qualification_454_native_cost.regex_automata-9ccbb3567b2d6ad1.regex_automata.b12be791bb49d87e-cgu.0.rcgu.o.rcgu.s
e6d14edfd66dcabe83135e25c072377a032a3420575f8156778f47aa66c7a1c7	/home/paudley/Active/purrdf/.worktrees/454-rdflib-shim-algebra-level-reassignment/.stage/rdflib-shim-algebra-level-reassignment/raw/t1-native-cost-candidate-863c75-native-boundary-inventory.log
e8e6eda8b60b406b4539b415c01fdba2e22dbb4cd8354a52e2f83eba76028137	/opt/purrdf-454-current-qualification-20261008/final-lower-native-cost-1/artifacts/baseline-native-build/release/build/qualification-454-native-cost/581f94ec0f256a95/out/qualification_454_native_cost.qualification_454_native_cost.ce4df87e2172f131-cgu.0.rcgu.s
e9baad14f009f970715c1933c2e6da049e35b1ce922e67085e7c37ceeb3fc6ed	/home/paudley/Active/purrdf/.worktrees/454-rdflib-shim-algebra-level-reassignment/.stage/rdflib-shim-algebra-level-reassignment/raw/final-project-outer-bulk-cost-body-review/candidate-host-demangled.s
e9baad14f009f970715c1933c2e6da049e35b1ce922e67085e7c37ceeb3fc6ed	/home/paudley/Active/purrdf/.worktrees/454-rdflib-shim-algebra-level-reassignment/.stage/rdflib-shim-algebra-level-reassignment/raw/final-project-private-kernel-cost-body-review/candidate-host-demangled.s
e9baad14f009f970715c1933c2e6da049e35b1ce922e67085e7c37ceeb3fc6ed	/home/paudley/Active/purrdf/.worktrees/454-rdflib-shim-algebra-level-reassignment/.stage/rdflib-shim-algebra-level-reassignment/raw/final-project-view-lift-cost-body-review/candidate-host-demangled.s
e9baad14f009f970715c1933c2e6da049e35b1ce922e67085e7c37ceeb3fc6ed	/home/paudley/Active/purrdf/.worktrees/454-rdflib-shim-algebra-level-reassignment/.stage/rdflib-shim-algebra-level-reassignment/raw/final-smallvec-cost-body-review/candidate-host-demangled.s
eb31d3cb8d8c91d152545a907400465b3338aa1926be62d84a0abefecc23bd5e	/home/paudley/Active/purrdf/.worktrees/454-rdflib-shim-algebra-level-reassignment/.stage/rdflib-shim-algebra-level-reassignment/raw/final-bulk-mint-cost-body-review/candidate-eval-demangled.ll
ebc29f67c07d0af8e7ee07b004eb5171b208f01420613fde02a2f5d45bc9696f	/home/paudley/Active/purrdf/.worktrees/454-rdflib-shim-algebra-level-reassignment/.stage/rdflib-shim-algebra-level-reassignment/raw/native-cost-candidate-863c75-default-boundary-ir/qualification_454_native_cost.purrdf_core-c1792174a43b914e.purrdf_core.ce843a9727c25724-cgu.0.rcgu.o.rcgu.ll
ee2d5f9d6cb229c8f2f6307e7dfbf5f138c7bd835b846c289981cd4827b1e988	/home/paudley/Active/purrdf/.worktrees/454-rdflib-shim-algebra-level-reassignment/.stage/rdflib-shim-algebra-level-reassignment/raw/native-cost-candidate-863c75-native-boundary-ir/qualification_454_native_cost.purrdf_sparql_algebra-2f54bfeaed8b20be.purrdf_sparql_algebra.1f9a9904874edf46-cgu.0.rcgu.o.rcgu.s
ee52ad43f004bcb9c2e0271bd539fc9de876da12c3409cba2ee54f12f1b76da2	/home/paudley/Active/purrdf/.worktrees/454-rdflib-shim-algebra-level-reassignment/.stage/rdflib-shim-algebra-level-reassignment/raw/native-cost-candidate-863c75-thin-apply-ir/qualification_454_native_cost.qualification_454_native_cost.258b1530d971e06d-cgu.0.rcgu.s
f00e3f61d19738932508a4ac0d8fcaaab6c425b4748c9a18fa2d82962e9bf248	/home/paudley/Active/purrdf/.worktrees/454-rdflib-shim-algebra-level-reassignment/.stage/rdflib-shim-algebra-level-reassignment/raw/final-smallvec-cost-body-review/candidate-host-demangled.ll
f05fa649fb62775ea68750ab05cd5d012ce35b4bfa9844c176a601b3fd4fbb32	/home/paudley/Active/purrdf/.worktrees/454-rdflib-shim-algebra-level-reassignment/.stage/rdflib-shim-algebra-level-reassignment/raw/native-cost-candidate-863c75-default-boundary-ir/qualification_454_native_cost.purrdf_sparql_eval-bf425426783cf5de.purrdf_sparql_eval.1e4be50d5a1c0ebd-cgu.0.rcgu.o.rcgu.s
f09715fcd9554f17d7a8841cf70c2ca67dd586d4b6cc56b00c2984104870b239	/home/paudley/Active/purrdf/.worktrees/454-rdflib-shim-algebra-level-reassignment/.stage/rdflib-shim-algebra-level-reassignment/raw/native-cost-candidate-863c75-direct-dispatch-ir/qualification_454_native_cost.rayon_core-85598031e85a4450.rayon_core.47ca217b8d4110f1-cgu.0.rcgu.o.rcgu.ll
f111691eb9a9d10c43c3d330170d6c23acb01ba16f38ed38a3f02a5f626c865b	/home/paudley/Active/purrdf/.worktrees/454-rdflib-shim-algebra-level-reassignment/.stage/rdflib-shim-algebra-level-reassignment/raw/t2-base-python-ir/purrdf_native.s
f171f858c7b765a65f6066c36819f6a0f6b92ac0f9129ee251b2e033616f56cf	/home/paudley/Active/purrdf/.worktrees/454-rdflib-shim-algebra-level-reassignment/.stage/rdflib-shim-algebra-level-reassignment/raw/native-cost-candidate-863c75-ir/qualification_454_native_cost.regex_automata-443ceb1c47427307.regex_automata.b12be791bb49d87e-cgu.0.rcgu.o.rcgu.ll
f226fa056a9a4d9674672726eedff74c44a2d9ed9dd34a82df592cbdefdfa18c	/home/paudley/Active/purrdf/.worktrees/454-rdflib-shim-algebra-level-reassignment/.stage/rdflib-shim-algebra-level-reassignment/raw/portfolio-main402-premerge-contextual-zh-Hans.po
f226fa056a9a4d9674672726eedff74c44a2d9ed9dd34a82df592cbdefdfa18c	/opt/purrdf-454-current-qualification-20261008/final-doc-generation-1/contextual-preimage.po
f2c6fa8a3b9f71650f7e3ba35ecfdb43dc63908df32c27f01868596f3d5e34bf	/home/paudley/Active/purrdf/.worktrees/454-rdflib-shim-algebra-level-reassignment/.stage/rdflib-shim-algebra-level-reassignment/raw/t3-base-native-ir/qualification_454_native_cost.qualification_454_native_cost.f5dfb85cf5bde227-cgu.0.rcgu.ll
f6257d682d66d39090ec43d3b34da56a63b34eaed5f040071cd3dd93eaa7b4d8	/home/paudley/Active/purrdf/.worktrees/454-rdflib-shim-algebra-level-reassignment/.stage/rdflib-shim-algebra-level-reassignment/raw/t3-candidate-native-ir/probe
f632ab0f1e7dcf4627672cd85b460f3d45f9f10d5331414baebc80753aa0a62e	/opt/purrdf-454-current-qualification-20261008/final-lower-native-cost-1/artifacts/baseline-host-build/release/build/purrdf-python/c5e9cfe2d8e4c7a3/out/purrdf_native.s
f664d2410452e2172bd3c274ec2eef7de92f34148cb1fd6893cb14bbae291675	/home/paudley/Active/purrdf/.worktrees/454-rdflib-shim-algebra-level-reassignment/.stage/rdflib-shim-algebra-level-reassignment/raw/native-cost-candidate-863c75-wasm-ir/qualification_454_native_cost.qualification_454_native_cost.a23569bcf19efc09-cgu.0.rcgu.ll
f69014242b7e69fde83c901b5656cd6ecc052bf2df1180cb6ac2db37512be723	/home/paudley/Active/purrdf/.worktrees/454-rdflib-shim-algebra-level-reassignment/.stage/rdflib-shim-algebra-level-reassignment/raw/native-cost-candidate-863c75-direct-dispatch-ir/qualification_454_native_cost.regex_automata-443ceb1c47427307.regex_automata.b12be791bb49d87e-cgu.0.rcgu.o.rcgu.s
f701497e15f4cc6e224f6cc4a32dde519501a0100153d4b89c1ad9e1aea4a8a5	/home/paudley/Active/purrdf/.worktrees/454-rdflib-shim-algebra-level-reassignment/.stage/rdflib-shim-algebra-level-reassignment/raw/t1-native-cost-candidate-863c75-thin-apply-inventory.log
f7b33e942a2b300f18e366c6555aa186e86afd8bcdc34f0bb11fe4be4446b240	/opt/purrdf-454-current-qualification-20261008/final-project-private-kernel-native-cost-1/artifacts/candidate-native-build/release/build/qualification-454-native-cost/8da9b71ba832a22e/out/qualification_454_native_cost.regex_syntax-b2ee09bb1f3a6613.regex_syntax.612fae0621a53369-cgu.0.rcgu.o.rcgu.ll
fac56fdc3fcda2aa8d4cdc48dc2e514a044f581db70466e8921db21ccac1143b	/home/paudley/Active/purrdf/.worktrees/454-rdflib-shim-algebra-level-reassignment/.stage/rdflib-shim-algebra-level-reassignment/raw/t3-candidate-native-inventory.log
fbc401770e88fc183eaa7bbfe82a60b7a71ce3f6b868026e3c58d448f616b69b	/opt/purrdf-454-current-qualification-20261008/final-lower-native-cost-1/artifacts/baseline-native-build/release/build/qualification-454-native-cost/581f94ec0f256a95/out/qualification_454_native_cost.purrdf_sparql_algebra-50cc4ff436032765.purrdf_sparql_algebra.7add042db7b439c1-cgu.0.rcgu.o.rcgu.s
fcb2d41d929c9bbc2a0c77032c3e79d5bdab81a3374804a7900833bec6426e25	/home/paudley/Active/purrdf/.worktrees/454-rdflib-shim-algebra-level-reassignment/.stage/rdflib-shim-algebra-level-reassignment/raw/native-cost-candidate-863c75-ir/qualification_454_native_cost.qualification_454_native_cost.258b1530d971e06d-cgu.0.rcgu.ll
fd5da21e82a7abe4adf655a4f7973ee1ac1f640959a261022e53ab9b33e92f94	/home/paudley/Active/purrdf/.worktrees/454-rdflib-shim-algebra-level-reassignment/.stage/rdflib-shim-algebra-level-reassignment/raw/native-cost-candidate-863c75-direct-dispatch-ir/qualification_454_native_cost.regex_syntax-6125fa51d0bc5933.regex_syntax.612fae0621a53369-cgu.0.rcgu.o.rcgu.ll
fdc44c71246beb1b0cdfd102780292765f91c5981a6efa77f184c5a5fe8cdaa6	/home/paudley/Active/purrdf/.worktrees/454-rdflib-shim-algebra-level-reassignment/.stage/rdflib-shim-algebra-level-reassignment/raw/native-cost-candidate-863c75-thin-apply-ir/qualification_454_native_cost.purrdf_sparql_algebra-2f54bfeaed8b20be.purrdf_sparql_algebra.1f9a9904874edf46-cgu.0.rcgu.o.rcgu.ll
fe769cb3822d62e16b671361c3c52c61af40c8741934894e8b2f53f6dd1d05f9	/home/paudley/Active/purrdf/.worktrees/454-rdflib-shim-algebra-level-reassignment/.stage/rdflib-shim-algebra-level-reassignment/raw/t3-inline-cost-candidate-native-inventory.log
2284c452d8937d665e3156b9a20b3b27b4dda0b1c005ebccea2ac8534d95a2be	/opt/purrdf-454-evidence-package.GD9kNHfZ/rendered-support.tar
