/home/paudley/Active/purrdf/.worktrees/454-rdflib-shim-algebra-level-reassignment/.stage/rdflib-shim-algebra-level-reassignment/raw/current-cost-body-review/baseline-native-full.ll	/opt/purrdf-454-evidence-package.GD9kNHfZ/preserved-stage-originals/raw/current-cost-body-review/baseline-native-full.ll	644	2172962	3ce825fb52d16f06f2e642078a14728c7631a10d33fcf2d9af73ee04629b0cc4	/home/paudley/Active/purrdf/.worktrees/454-rdflib-shim-algebra-level-reassignment/.stage/rdflib-shim-algebra-level-reassignment/raw/final-lossless-evidence-archive/objects/1dc27c2c2f2277f3274e0af2c5747143113ba26572ccc6b0feaf5dfb2a56a263.gz	1dc27c2c2f2277f3274e0af2c5747143113ba26572ccc6b0feaf5dfb2a56a263	gzip	raw/current-cost-body-review/baseline-native-full.ll
/home/paudley/Active/purrdf/.worktrees/454-rdflib-shim-algebra-level-reassignment/.stage/rdflib-shim-algebra-level-reassignment/raw/current-cost-body-review/baseline-native-full.s	/opt/purrdf-454-evidence-package.GD9kNHfZ/preserved-stage-originals/raw/current-cost-body-review/baseline-native-full.s	644	1555147	4ebdb1d6351fe0173a408fc7f49ee8e392d55424399d2c3cbccbc16972962385	/home/paudley/Active/purrdf/.worktrees/454-rdflib-shim-algebra-level-reassignment/.stage/rdflib-shim-algebra-level-reassignment/raw/final-lossless-evidence-archive/objects/650698111047f8e05e56fa47ae084f079a1449c6f372f19a832fee0e059ad4a4.gz	650698111047f8e05e56fa47ae084f079a1449c6f372f19a832fee0e059ad4a4	gzip	raw/current-cost-body-review/baseline-native-full.s
/home/paudley/Active/purrdf/.worktrees/454-rdflib-shim-algebra-level-reassignment/.stage/rdflib-shim-algebra-level-reassignment/raw/current-cost-body-review/baseline-symbol-normalized-eval-module.ll	/opt/purrdf-454-evidence-package.GD9kNHfZ/preserved-stage-originals/raw/current-cost-body-review/baseline-symbol-normalized-eval-module.ll	644	68207270	4b90e1c24edde54c11358311ba96777cfc1b23a8e5858990d41f2c15b84a0fb2	/home/paudley/Active/purrdf/.worktrees/454-rdflib-shim-algebra-level-reassignment/.stage/rdflib-shim-algebra-level-reassignment/raw/final-lossless-evidence-archive/objects/423f361c815531ae12237d798af4fa9009134e918fe4b6b7cca4237376e75915.gz	423f361c815531ae12237d798af4fa9009134e918fe4b6b7cca4237376e75915	gzip	raw/current-cost-body-review/baseline-symbol-normalized-eval-module.ll
/home/paudley/Active/purrdf/.worktrees/454-rdflib-shim-algebra-level-reassignment/.stage/rdflib-shim-algebra-level-reassignment/raw/current-cost-body-review/candidate-native-full.ll	/opt/purrdf-454-evidence-package.GD9kNHfZ/preserved-stage-originals/raw/current-cost-body-review/candidate-native-full.ll	644	2278098	b6f75413b6620e7e02023765dc67beae360073bf922b3695530d9de2f82a1907	/home/paudley/Active/purrdf/.worktrees/454-rdflib-shim-algebra-level-reassignment/.stage/rdflib-shim-algebra-level-reassignment/raw/final-lossless-evidence-archive/objects/aac31065cd5d1640dcf8f5b0567527ce377b8ec480b6f44c52e7738039b2ac7e.gz	aac31065cd5d1640dcf8f5b0567527ce377b8ec480b6f44c52e7738039b2ac7e	gzip	raw/current-cost-body-review/candidate-native-full.ll
/home/paudley/Active/purrdf/.worktrees/454-rdflib-shim-algebra-level-reassignment/.stage/rdflib-shim-algebra-level-reassignment/raw/current-cost-body-review/candidate-native-full.s	/opt/purrdf-454-evidence-package.GD9kNHfZ/preserved-stage-originals/raw/current-cost-body-review/candidate-native-full.s	644	1423212	c847a3c6fea4dda39af0c0add941680bcc41fbbd4ca1c75e5df939aec1be86cb	/home/paudley/Active/purrdf/.worktrees/454-rdflib-shim-algebra-level-reassignment/.stage/rdflib-shim-algebra-level-reassignment/raw/final-lossless-evidence-archive/objects/65c86f705acc0a8753cd07b372589822d549f701987b734312855e39ab605904.gz	65c86f705acc0a8753cd07b372589822d549f701987b734312855e39ab605904	gzip	raw/current-cost-body-review/candidate-native-full.s
/home/paudley/Active/purrdf/.worktrees/454-rdflib-shim-algebra-level-reassignment/.stage/rdflib-shim-algebra-level-reassignment/raw/current-cost-body-review/candidate-symbol-normalized-eval-module.ll	/opt/purrdf-454-evidence-package.GD9kNHfZ/preserved-stage-originals/raw/current-cost-body-review/candidate-symbol-normalized-eval-module.ll	644	75660286	9513105c830cfe2933d87d49ddf2f565ae1309281eecc7ee0bbfa8132522807d	/home/paudley/Active/purrdf/.worktrees/454-rdflib-shim-algebra-level-reassignment/.stage/rdflib-shim-algebra-level-reassignment/raw/final-lossless-evidence-archive/objects/a04af4e1fbac34bf6bcc3489ae0c618a3450abab322e0994c51b74ff05457fcb.gz	a04af4e1fbac34bf6bcc3489ae0c618a3450abab322e0994c51b74ff05457fcb	gzip	raw/current-cost-body-review/candidate-symbol-normalized-eval-module.ll
/home/paudley/Active/purrdf/.worktrees/454-rdflib-shim-algebra-level-reassignment/.stage/rdflib-shim-algebra-level-reassignment/raw/final-bulk-mint-cost-body-review/candidate-eval-demangled.ll	/opt/purrdf-454-evidence-package.GD9kNHfZ/preserved-stage-originals/raw/final-bulk-mint-cost-body-review/candidate-eval-demangled.ll	644	78140341	eb31d3cb8d8c91d152545a907400465b3338aa1926be62d84a0abefecc23bd5e	/home/paudley/Active/purrdf/.worktrees/454-rdflib-shim-algebra-level-reassignment/.stage/rdflib-shim-algebra-level-reassignment/raw/final-lossless-evidence-archive/objects/33620f84c6d05bd291afa6c067c2af24a2a9fcbc692eb338a29a7a5b7fda04c1.gz	33620f84c6d05bd291afa6c067c2af24a2a9fcbc692eb338a29a7a5b7fda04c1	gzip	raw/final-bulk-mint-cost-body-review/candidate-eval-demangled.ll
/home/paudley/Active/purrdf/.worktrees/454-rdflib-shim-algebra-level-reassignment/.stage/rdflib-shim-algebra-level-reassignment/raw/final-bulk-mint-cost-body-review/candidate-eval-demangled.s	/opt/purrdf-454-evidence-package.GD9kNHfZ/preserved-stage-originals/raw/final-bulk-mint-cost-body-review/candidate-eval-demangled.s	644	30059445	18be362661d6f47bb4738f86c2bee3542b359a29be3b387dbd44e4abe499c770	/home/paudley/Active/purrdf/.worktrees/454-rdflib-shim-algebra-level-reassignment/.stage/rdflib-shim-algebra-level-reassignment/raw/final-lossless-evidence-archive/objects/cc74e7c7c8a9333e88666db15e5fe9a560f8ea5f42e60cf047d6073b37c0eab8.gz	cc74e7c7c8a9333e88666db15e5fe9a560f8ea5f42e60cf047d6073b37c0eab8	gzip	raw/final-bulk-mint-cost-body-review/candidate-eval-demangled.s
/home/paudley/Active/purrdf/.worktrees/454-rdflib-shim-algebra-level-reassignment/.stage/rdflib-shim-algebra-level-reassignment/raw/final-bulk-mint-cost-body-review/candidate-host-demangled.ll	/opt/purrdf-454-evidence-package.GD9kNHfZ/preserved-stage-originals/raw/final-bulk-mint-cost-body-review/candidate-host-demangled.ll	644	110224411	2e328ef4951cb54ba5783f69f78fee999383dc83a5b450a815e8697ddb55b73e	/home/paudley/Active/purrdf/.worktrees/454-rdflib-shim-algebra-level-reassignment/.stage/rdflib-shim-algebra-level-reassignment/raw/final-lossless-evidence-archive/objects/b089c412464b760a31c32f7c7bdd89cfe21638b21200e15f8fca80cba5035180.gz	b089c412464b760a31c32f7c7bdd89cfe21638b21200e15f8fca80cba5035180	gzip	raw/final-bulk-mint-cost-body-review/candidate-host-demangled.ll
/home/paudley/Active/purrdf/.worktrees/454-rdflib-shim-algebra-level-reassignment/.stage/rdflib-shim-algebra-level-reassignment/raw/final-bulk-mint-cost-body-review/candidate-host-demangled.s	/opt/purrdf-454-evidence-package.GD9kNHfZ/preserved-stage-originals/raw/final-bulk-mint-cost-body-review/candidate-host-demangled.s	644	30414362	c59b33e2c147e7f9c8d3f655cbc6efa255f8bc7aa1c33ab169ff06fdd6660210	/home/paudley/Active/purrdf/.worktrees/454-rdflib-shim-algebra-level-reassignment/.stage/rdflib-shim-algebra-level-reassignment/raw/final-lossless-evidence-archive/objects/b550b5ad513f7bb0b39007e69b463ef8300a1d29a87d383fb2de0b3937b48847.gz	b550b5ad513f7bb0b39007e69b463ef8300a1d29a87d383fb2de0b3937b48847	gzip	raw/final-bulk-mint-cost-body-review/candidate-host-demangled.s
/home/paudley/Active/purrdf/.worktrees/454-rdflib-shim-algebra-level-reassignment/.stage/rdflib-shim-algebra-level-reassignment/raw/final-cost-body-review/baseline-native-full.ll	/opt/purrdf-454-evidence-package.GD9kNHfZ/preserved-stage-originals/raw/final-cost-body-review/baseline-native-full.ll	644	3680041	d6a33eb19ac20f2856d2fb0ef86bbe5dec09980ea17b17a07b1b88000f506de4	/home/paudley/Active/purrdf/.worktrees/454-rdflib-shim-algebra-level-reassignment/.stage/rdflib-shim-algebra-level-reassignment/raw/final-lossless-evidence-archive/objects/95244a7f9af15334e71f4b7b373f277064cc51a75fe43c9966b8b172794c7c36.gz	95244a7f9af15334e71f4b7b373f277064cc51a75fe43c9966b8b172794c7c36	gzip	raw/final-cost-body-review/baseline-native-full.ll
/home/paudley/Active/purrdf/.worktrees/454-rdflib-shim-algebra-level-reassignment/.stage/rdflib-shim-algebra-level-reassignment/raw/final-cost-body-review/candidate-native-full.ll	/opt/purrdf-454-evidence-package.GD9kNHfZ/preserved-stage-originals/raw/final-cost-body-review/candidate-native-full.ll	644	5732967	495015faecc513fd4dd596466894ed079e91de773a86a36c1af1d3be344cc91a	/home/paudley/Active/purrdf/.worktrees/454-rdflib-shim-algebra-level-reassignment/.stage/rdflib-shim-algebra-level-reassignment/raw/final-lossless-evidence-archive/objects/419a45717ecd8c71d79a47939012d680713aee815588c78e8645ea1e059a07fb.gz	419a45717ecd8c71d79a47939012d680713aee815588c78e8645ea1e059a07fb	gzip	raw/final-cost-body-review/candidate-native-full.ll
/home/paudley/Active/purrdf/.worktrees/454-rdflib-shim-algebra-level-reassignment/.stage/rdflib-shim-algebra-level-reassignment/raw/final-credential-policy-scan-20261008/after-modes-sizes.tsv	/opt/purrdf-454-evidence-package.GD9kNHfZ/preserved-stage-originals/raw/final-credential-policy-scan-20261008/after-modes-sizes.tsv	644	3961531	8bedacdc5e2c9df672751b3e8bf18210f7900afee1ea7c719d0db5c0a949ed03	/home/paudley/Active/purrdf/.worktrees/454-rdflib-shim-algebra-level-reassignment/.stage/rdflib-shim-algebra-level-reassignment/raw/final-lossless-evidence-archive/objects/d8ec9167de4205a440fe1cfe465f583307bd75952b1fb93f562e7c133796c709.gz	d8ec9167de4205a440fe1cfe465f583307bd75952b1fb93f562e7c133796c709	gzip	raw/final-credential-policy-scan-20261008/after-modes-sizes.tsv
/home/paudley/Active/purrdf/.worktrees/454-rdflib-shim-algebra-level-reassignment/.stage/rdflib-shim-algebra-level-reassignment/raw/final-credential-policy-scan-20261008/after.sha256	/opt/purrdf-454-evidence-package.GD9kNHfZ/preserved-stage-originals/raw/final-credential-policy-scan-20261008/after.sha256	644	5364127	024f7e09a758157ebe70c0105dd0f7e0682ccbe21a3a909fac87b1ebafeb4e78	/home/paudley/Active/purrdf/.worktrees/454-rdflib-shim-algebra-level-reassignment/.stage/rdflib-shim-algebra-level-reassignment/raw/final-lossless-evidence-archive/objects/ca374e9274c11241eec168f4d9fd0c24354c7cfef960062a74c4f41a2658f583.gz	ca374e9274c11241eec168f4d9fd0c24354c7cfef960062a74c4f41a2658f583	gzip	raw/final-credential-policy-scan-20261008/after.sha256
/home/paudley/Active/purrdf/.worktrees/454-rdflib-shim-algebra-level-reassignment/.stage/rdflib-shim-algebra-level-reassignment/raw/final-credential-policy-scan-20261008/archive-members.txt	/opt/purrdf-454-evidence-package.GD9kNHfZ/preserved-stage-originals/raw/final-credential-policy-scan-20261008/archive-members.txt	644	1225855	9d15a9091c7f6ee684e2b9b46f0294fa2c31e2118cdae4829bb6139df5b24b05	/home/paudley/Active/purrdf/.worktrees/454-rdflib-shim-algebra-level-reassignment/.stage/rdflib-shim-algebra-level-reassignment/raw/final-lossless-evidence-archive/objects/a45f5cb0b8528b79ec430384b7e6324d50054d1f08dd812f2094e2cadd6c1803.gz	a45f5cb0b8528b79ec430384b7e6324d50054d1f08dd812f2094e2cadd6c1803	gzip	raw/final-credential-policy-scan-20261008/archive-members.txt
/home/paudley/Active/purrdf/.worktrees/454-rdflib-shim-algebra-level-reassignment/.stage/rdflib-shim-algebra-level-reassignment/raw/final-credential-policy-scan-20261008/before-modes-sizes.tsv	/opt/purrdf-454-evidence-package.GD9kNHfZ/preserved-stage-originals/raw/final-credential-policy-scan-20261008/before-modes-sizes.tsv	644	3961531	b95c99ee382defd68b890d5525b7b1977f61cfb42aac576c43e454c546f0ec57	/home/paudley/Active/purrdf/.worktrees/454-rdflib-shim-algebra-level-reassignment/.stage/rdflib-shim-algebra-level-reassignment/raw/final-lossless-evidence-archive/objects/a42e325e11e154f3ebb2dd3e69c01b729ae7aee02ac32f2a560b1d50e61da1c5.gz	a42e325e11e154f3ebb2dd3e69c01b729ae7aee02ac32f2a560b1d50e61da1c5	gzip	raw/final-credential-policy-scan-20261008/before-modes-sizes.tsv
/home/paudley/Active/purrdf/.worktrees/454-rdflib-shim-algebra-level-reassignment/.stage/rdflib-shim-algebra-level-reassignment/raw/final-credential-policy-scan-20261008/before.sha256	/opt/purrdf-454-evidence-package.GD9kNHfZ/preserved-stage-originals/raw/final-credential-policy-scan-20261008/before.sha256	644	5364127	930d77eae77a2368b8d9a25e7daf882099163c91436883f5dd1dd9bcecfbd0d5	/home/paudley/Active/purrdf/.worktrees/454-rdflib-shim-algebra-level-reassignment/.stage/rdflib-shim-algebra-level-reassignment/raw/final-lossless-evidence-archive/objects/f299eada8fff0e6edd4e3b12a215b1f2e5ccc3c89a23b80c04b001806704e833.gz	f299eada8fff0e6edd4e3b12a215b1f2e5ccc3c89a23b80c04b001806704e833	gzip	raw/final-credential-policy-scan-20261008/before.sha256
/home/paudley/Active/purrdf/.worktrees/454-rdflib-shim-algebra-level-reassignment/.stage/rdflib-shim-algebra-level-reassignment/raw/final-credential-policy-scan-20261008/selected-paths.txt	/opt/purrdf-454-evidence-package.GD9kNHfZ/preserved-stage-originals/raw/final-credential-policy-scan-20261008/selected-paths.txt	644	3752737	2b7877d404225addb76b9b125d513f82b049d5040bd11dbee965d975d61e975f	/home/paudley/Active/purrdf/.worktrees/454-rdflib-shim-algebra-level-reassignment/.stage/rdflib-shim-algebra-level-reassignment/raw/final-lossless-evidence-archive/objects/eeed6a7e2217263b1931d8d937592dbd7bbd15699c99793dabe53e37bcee3d23.gz	eeed6a7e2217263b1931d8d937592dbd7bbd15699c99793dabe53e37bcee3d23	gzip	raw/final-credential-policy-scan-20261008/selected-paths.txt
/home/paudley/Active/purrdf/.worktrees/454-rdflib-shim-algebra-level-reassignment/.stage/rdflib-shim-algebra-level-reassignment/raw/final-lower-cost-body-review/baseline-eval-demangled.ll	/opt/purrdf-454-evidence-package.GD9kNHfZ/preserved-stage-originals/raw/final-lower-cost-body-review/baseline-eval-demangled.ll	644	69689245	60dd3ba4f7e7e48b5b822f9ef4c7c28d05e7c1cd851dd7cb800e359271d841a0	/home/paudley/Active/purrdf/.worktrees/454-rdflib-shim-algebra-level-reassignment/.stage/rdflib-shim-algebra-level-reassignment/raw/final-lossless-evidence-archive/objects/8e5c1e92460764f0344366d585aaa3209496072963afbfd298e5ed6ecdfc4112.gz	8e5c1e92460764f0344366d585aaa3209496072963afbfd298e5ed6ecdfc4112	gzip	raw/final-lower-cost-body-review/baseline-eval-demangled.ll
/home/paudley/Active/purrdf/.worktrees/454-rdflib-shim-algebra-level-reassignment/.stage/rdflib-shim-algebra-level-reassignment/raw/final-lower-cost-body-review/baseline-eval-demangled.s	/opt/purrdf-454-evidence-package.GD9kNHfZ/preserved-stage-originals/raw/final-lower-cost-body-review/baseline-eval-demangled.s	644	26828452	8433722fb22eba4a67e61c0b040e1ca8f7cb317ffda8e18c0320f7cd106af1da	/home/paudley/Active/purrdf/.worktrees/454-rdflib-shim-algebra-level-reassignment/.stage/rdflib-shim-algebra-level-reassignment/raw/final-lossless-evidence-archive/objects/cafdb2c47c4ed7a34ed4dec294aacdf392355a37f981b362ad77f61b022e172e.gz	cafdb2c47c4ed7a34ed4dec294aacdf392355a37f981b362ad77f61b022e172e	gzip	raw/final-lower-cost-body-review/baseline-eval-demangled.s
/home/paudley/Active/purrdf/.worktrees/454-rdflib-shim-algebra-level-reassignment/.stage/rdflib-shim-algebra-level-reassignment/raw/final-lower-cost-body-review/baseline-host-demangled.ll	/opt/purrdf-454-evidence-package.GD9kNHfZ/preserved-stage-originals/raw/final-lower-cost-body-review/baseline-host-demangled.ll	644	100426007	9764aad015028700e857cdbb24f87d7cda6137272ae1d5857c938c2f84466bcc	/home/paudley/Active/purrdf/.worktrees/454-rdflib-shim-algebra-level-reassignment/.stage/rdflib-shim-algebra-level-reassignment/raw/final-lossless-evidence-archive/objects/6723d2c9ac2db200ae66c2000018b9d67d9af5165cdf38d6edb14b15ccc6a82b.gz	6723d2c9ac2db200ae66c2000018b9d67d9af5165cdf38d6edb14b15ccc6a82b	gzip	raw/final-lower-cost-body-review/baseline-host-demangled.ll
/home/paudley/Active/purrdf/.worktrees/454-rdflib-shim-algebra-level-reassignment/.stage/rdflib-shim-algebra-level-reassignment/raw/final-lower-cost-body-review/baseline-host-demangled.s	/opt/purrdf-454-evidence-package.GD9kNHfZ/preserved-stage-originals/raw/final-lower-cost-body-review/baseline-host-demangled.s	644	28289006	67a8a00d5fbd25f5c602e53c5fef3ee21e68437e1b2512628579ed0779043fc8	/home/paudley/Active/purrdf/.worktrees/454-rdflib-shim-algebra-level-reassignment/.stage/rdflib-shim-algebra-level-reassignment/raw/final-lossless-evidence-archive/objects/150649be86a0e0a2913010773887316a0b478c07610cdba03caf3fa1bd3b37f1.gz	150649be86a0e0a2913010773887316a0b478c07610cdba03caf3fa1bd3b37f1	gzip	raw/final-lower-cost-body-review/baseline-host-demangled.s
/home/paudley/Active/purrdf/.worktrees/454-rdflib-shim-algebra-level-reassignment/.stage/rdflib-shim-algebra-level-reassignment/raw/final-lower-cost-body-review/candidate-eval-demangled.ll	/opt/purrdf-454-evidence-package.GD9kNHfZ/preserved-stage-originals/raw/final-lower-cost-body-review/candidate-eval-demangled.ll	644	78123426	1d2109c1f5ed70ee0136c6aaa4e60e3b65b584c2c7e5deaaff17d261d0ceec30	/home/paudley/Active/purrdf/.worktrees/454-rdflib-shim-algebra-level-reassignment/.stage/rdflib-shim-algebra-level-reassignment/raw/final-lossless-evidence-archive/objects/a7f06c9c62c765a530f6be1f1247cd9247782ed89151c851c77a08524d359a8e.gz	a7f06c9c62c765a530f6be1f1247cd9247782ed89151c851c77a08524d359a8e	gzip	raw/final-lower-cost-body-review/candidate-eval-demangled.ll
/home/paudley/Active/purrdf/.worktrees/454-rdflib-shim-algebra-level-reassignment/.stage/rdflib-shim-algebra-level-reassignment/raw/final-lower-cost-body-review/candidate-eval-demangled.s	/opt/purrdf-454-evidence-package.GD9kNHfZ/preserved-stage-originals/raw/final-lower-cost-body-review/candidate-eval-demangled.s	644	30052431	9920082789eedac344f208130e5607b2da2800ab483c78b6f9774232cfa6d4c8	/home/paudley/Active/purrdf/.worktrees/454-rdflib-shim-algebra-level-reassignment/.stage/rdflib-shim-algebra-level-reassignment/raw/final-lossless-evidence-archive/objects/575c3c3abbc255446a45d99ab0bd000ee36073e26ca2e900888cc9279975aa8e.gz	575c3c3abbc255446a45d99ab0bd000ee36073e26ca2e900888cc9279975aa8e	gzip	raw/final-lower-cost-body-review/candidate-eval-demangled.s
/home/paudley/Active/purrdf/.worktrees/454-rdflib-shim-algebra-level-reassignment/.stage/rdflib-shim-algebra-level-reassignment/raw/final-lower-cost-body-review/candidate-host-demangled.ll	/opt/purrdf-454-evidence-package.GD9kNHfZ/preserved-stage-originals/raw/final-lower-cost-body-review/candidate-host-demangled.ll	644	110224411	2e328ef4951cb54ba5783f69f78fee999383dc83a5b450a815e8697ddb55b73e	/home/paudley/Active/purrdf/.worktrees/454-rdflib-shim-algebra-level-reassignment/.stage/rdflib-shim-algebra-level-reassignment/raw/final-lossless-evidence-archive/objects/b089c412464b760a31c32f7c7bdd89cfe21638b21200e15f8fca80cba5035180.gz	b089c412464b760a31c32f7c7bdd89cfe21638b21200e15f8fca80cba5035180	gzip	raw/final-lower-cost-body-review/candidate-host-demangled.ll
/home/paudley/Active/purrdf/.worktrees/454-rdflib-shim-algebra-level-reassignment/.stage/rdflib-shim-algebra-level-reassignment/raw/final-lower-cost-body-review/candidate-host-demangled.s	/opt/purrdf-454-evidence-package.GD9kNHfZ/preserved-stage-originals/raw/final-lower-cost-body-review/candidate-host-demangled.s	644	30414362	c59b33e2c147e7f9c8d3f655cbc6efa255f8bc7aa1c33ab169ff06fdd6660210	/home/paudley/Active/purrdf/.worktrees/454-rdflib-shim-algebra-level-reassignment/.stage/rdflib-shim-algebra-level-reassignment/raw/final-lossless-evidence-archive/objects/b550b5ad513f7bb0b39007e69b463ef8300a1d29a87d383fb2de0b3937b48847.gz	b550b5ad513f7bb0b39007e69b463ef8300a1d29a87d383fb2de0b3937b48847	gzip	raw/final-lower-cost-body-review/candidate-host-demangled.s
/home/paudley/Active/purrdf/.worktrees/454-rdflib-shim-algebra-level-reassignment/.stage/rdflib-shim-algebra-level-reassignment/raw/final-project-outer-bulk-cost-body-review/candidate-eval-demangled.ll	/opt/purrdf-454-evidence-package.GD9kNHfZ/preserved-stage-originals/raw/final-project-outer-bulk-cost-body-review/candidate-eval-demangled.ll	644	77866837	63b7a31158511ea2d429736d3d00c309a794776622af348fb0afd14904141f76	/home/paudley/Active/purrdf/.worktrees/454-rdflib-shim-algebra-level-reassignment/.stage/rdflib-shim-algebra-level-reassignment/raw/final-lossless-evidence-archive/objects/5b5fb5437e783393d28dc5d61076c7d1ab5fcaa1265f43ecdf2fccb2d8cd3fce.gz	5b5fb5437e783393d28dc5d61076c7d1ab5fcaa1265f43ecdf2fccb2d8cd3fce	gzip	raw/final-project-outer-bulk-cost-body-review/candidate-eval-demangled.ll
/home/paudley/Active/purrdf/.worktrees/454-rdflib-shim-algebra-level-reassignment/.stage/rdflib-shim-algebra-level-reassignment/raw/final-project-outer-bulk-cost-body-review/candidate-eval-demangled.s	/opt/purrdf-454-evidence-package.GD9kNHfZ/preserved-stage-originals/raw/final-project-outer-bulk-cost-body-review/candidate-eval-demangled.s	644	29972066	1ee9d12482dc510cacc84de80d1e87d4fb0c02f13014773f74a1886b73530cb2	/home/paudley/Active/purrdf/.worktrees/454-rdflib-shim-algebra-level-reassignment/.stage/rdflib-shim-algebra-level-reassignment/raw/final-lossless-evidence-archive/objects/29998ec3b8e14b79faf46bf29dbebb72f3823d950336b641106a3a99924ae01d.gz	29998ec3b8e14b79faf46bf29dbebb72f3823d950336b641106a3a99924ae01d	gzip	raw/final-project-outer-bulk-cost-body-review/candidate-eval-demangled.s
/home/paudley/Active/purrdf/.worktrees/454-rdflib-shim-algebra-level-reassignment/.stage/rdflib-shim-algebra-level-reassignment/raw/final-project-outer-bulk-cost-body-review/candidate-host-demangled.ll	/opt/purrdf-454-evidence-package.GD9kNHfZ/preserved-stage-originals/raw/final-project-outer-bulk-cost-body-review/candidate-host-demangled.ll	644	109960688	bd50bb07b3acdd8d63df07b040c595d95bf2cdfbe94471454a40cfb05e2647af	/home/paudley/Active/purrdf/.worktrees/454-rdflib-shim-algebra-level-reassignment/.stage/rdflib-shim-algebra-level-reassignment/raw/final-lossless-evidence-archive/objects/f64a1446e07da40f0f1370220c8aa510b3ddc2a8e0921cf747d9669ad552cd7b.gz	f64a1446e07da40f0f1370220c8aa510b3ddc2a8e0921cf747d9669ad552cd7b	gzip	raw/final-project-outer-bulk-cost-body-review/candidate-host-demangled.ll
/home/paudley/Active/purrdf/.worktrees/454-rdflib-shim-algebra-level-reassignment/.stage/rdflib-shim-algebra-level-reassignment/raw/final-project-outer-bulk-cost-body-review/candidate-host-demangled.s	/opt/purrdf-454-evidence-package.GD9kNHfZ/preserved-stage-originals/raw/final-project-outer-bulk-cost-body-review/candidate-host-demangled.s	644	30379028	e9baad14f009f970715c1933c2e6da049e35b1ce922e67085e7c37ceeb3fc6ed	/home/paudley/Active/purrdf/.worktrees/454-rdflib-shim-algebra-level-reassignment/.stage/rdflib-shim-algebra-level-reassignment/raw/final-lossless-evidence-archive/objects/ca6d9b167d461a5bb3de7d09c88c5107540978d0552a73ee8284aa18537ab948.gz	ca6d9b167d461a5bb3de7d09c88c5107540978d0552a73ee8284aa18537ab948	gzip	raw/final-project-outer-bulk-cost-body-review/candidate-host-demangled.s
/home/paudley/Active/purrdf/.worktrees/454-rdflib-shim-algebra-level-reassignment/.stage/rdflib-shim-algebra-level-reassignment/raw/final-project-private-kernel-cost-body-review/candidate-eval-demangled.ll	/opt/purrdf-454-evidence-package.GD9kNHfZ/preserved-stage-originals/raw/final-project-private-kernel-cost-body-review/candidate-eval-demangled.ll	644	77897074	46ea2ed553c3b69a565ce8fc6983c65dced682d7826ade0b7ac434ba891965c0	/home/paudley/Active/purrdf/.worktrees/454-rdflib-shim-algebra-level-reassignment/.stage/rdflib-shim-algebra-level-reassignment/raw/final-lossless-evidence-archive/objects/7f36f59df0b7d8f593f3b404b0844c9d4d7a993bbcbe24786c6e3d1f16ea1dc1.gz	7f36f59df0b7d8f593f3b404b0844c9d4d7a993bbcbe24786c6e3d1f16ea1dc1	gzip	raw/final-project-private-kernel-cost-body-review/candidate-eval-demangled.ll
/home/paudley/Active/purrdf/.worktrees/454-rdflib-shim-algebra-level-reassignment/.stage/rdflib-shim-algebra-level-reassignment/raw/final-project-private-kernel-cost-body-review/candidate-eval-demangled.s	/opt/purrdf-454-evidence-package.GD9kNHfZ/preserved-stage-originals/raw/final-project-private-kernel-cost-body-review/candidate-eval-demangled.s	644	29970379	c663945b1f22332028059b699e4c872a9dcffb703faa2ea87107a7176ed99c4a	/home/paudley/Active/purrdf/.worktrees/454-rdflib-shim-algebra-level-reassignment/.stage/rdflib-shim-algebra-level-reassignment/raw/final-lossless-evidence-archive/objects/6920bb5dff0caa7844c7cbd9bb984fa2146b44d74ef62db2584f5847eb5f823f.gz	6920bb5dff0caa7844c7cbd9bb984fa2146b44d74ef62db2584f5847eb5f823f	gzip	raw/final-project-private-kernel-cost-body-review/candidate-eval-demangled.s
/home/paudley/Active/purrdf/.worktrees/454-rdflib-shim-algebra-level-reassignment/.stage/rdflib-shim-algebra-level-reassignment/raw/final-project-private-kernel-cost-body-review/candidate-host-demangled.ll	/opt/purrdf-454-evidence-package.GD9kNHfZ/preserved-stage-originals/raw/final-project-private-kernel-cost-body-review/candidate-host-demangled.ll	644	109960688	bd50bb07b3acdd8d63df07b040c595d95bf2cdfbe94471454a40cfb05e2647af	/home/paudley/Active/purrdf/.worktrees/454-rdflib-shim-algebra-level-reassignment/.stage/rdflib-shim-algebra-level-reassignment/raw/final-lossless-evidence-archive/objects/f64a1446e07da40f0f1370220c8aa510b3ddc2a8e0921cf747d9669ad552cd7b.gz	f64a1446e07da40f0f1370220c8aa510b3ddc2a8e0921cf747d9669ad552cd7b	gzip	raw/final-project-private-kernel-cost-body-review/candidate-host-demangled.ll
/home/paudley/Active/purrdf/.worktrees/454-rdflib-shim-algebra-level-reassignment/.stage/rdflib-shim-algebra-level-reassignment/raw/final-project-private-kernel-cost-body-review/candidate-host-demangled.s	/opt/purrdf-454-evidence-package.GD9kNHfZ/preserved-stage-originals/raw/final-project-private-kernel-cost-body-review/candidate-host-demangled.s	644	30379028	e9baad14f009f970715c1933c2e6da049e35b1ce922e67085e7c37ceeb3fc6ed	/home/paudley/Active/purrdf/.worktrees/454-rdflib-shim-algebra-level-reassignment/.stage/rdflib-shim-algebra-level-reassignment/raw/final-lossless-evidence-archive/objects/ca6d9b167d461a5bb3de7d09c88c5107540978d0552a73ee8284aa18537ab948.gz	ca6d9b167d461a5bb3de7d09c88c5107540978d0552a73ee8284aa18537ab948	gzip	raw/final-project-private-kernel-cost-body-review/candidate-host-demangled.s
/home/paudley/Active/purrdf/.worktrees/454-rdflib-shim-algebra-level-reassignment/.stage/rdflib-shim-algebra-level-reassignment/raw/final-project-view-lift-cost-body-review/candidate-eval-demangled.ll	/opt/purrdf-454-evidence-package.GD9kNHfZ/preserved-stage-originals/raw/final-project-view-lift-cost-body-review/candidate-eval-demangled.ll	644	77864215	546a800b0cd11ba5d425118d8c3c77cc1728aa7e22d53838b4b2189d03881339	/home/paudley/Active/purrdf/.worktrees/454-rdflib-shim-algebra-level-reassignment/.stage/rdflib-shim-algebra-level-reassignment/raw/final-lossless-evidence-archive/objects/efddb85ab4a637d7aaf5db1140e7a2295c4148805b7bc781ada6287163486590.gz	efddb85ab4a637d7aaf5db1140e7a2295c4148805b7bc781ada6287163486590	gzip	raw/final-project-view-lift-cost-body-review/candidate-eval-demangled.ll
/home/paudley/Active/purrdf/.worktrees/454-rdflib-shim-algebra-level-reassignment/.stage/rdflib-shim-algebra-level-reassignment/raw/final-project-view-lift-cost-body-review/candidate-eval-demangled.s	/opt/purrdf-454-evidence-package.GD9kNHfZ/preserved-stage-originals/raw/final-project-view-lift-cost-body-review/candidate-eval-demangled.s	644	29975923	1ed457e14bd362da9aa23b74190550ef2a2659ed09bd57004cebe6e7da673f5d	/home/paudley/Active/purrdf/.worktrees/454-rdflib-shim-algebra-level-reassignment/.stage/rdflib-shim-algebra-level-reassignment/raw/final-lossless-evidence-archive/objects/fb8ea918b762cfa7849ba5ec186f94e42f31c2d54a092529f304759aaa854677.gz	fb8ea918b762cfa7849ba5ec186f94e42f31c2d54a092529f304759aaa854677	gzip	raw/final-project-view-lift-cost-body-review/candidate-eval-demangled.s
/home/paudley/Active/purrdf/.worktrees/454-rdflib-shim-algebra-level-reassignment/.stage/rdflib-shim-algebra-level-reassignment/raw/final-project-view-lift-cost-body-review/candidate-host-demangled.ll	/opt/purrdf-454-evidence-package.GD9kNHfZ/preserved-stage-originals/raw/final-project-view-lift-cost-body-review/candidate-host-demangled.ll	644	109960688	bd50bb07b3acdd8d63df07b040c595d95bf2cdfbe94471454a40cfb05e2647af	/home/paudley/Active/purrdf/.worktrees/454-rdflib-shim-algebra-level-reassignment/.stage/rdflib-shim-algebra-level-reassignment/raw/final-lossless-evidence-archive/objects/f64a1446e07da40f0f1370220c8aa510b3ddc2a8e0921cf747d9669ad552cd7b.gz	f64a1446e07da40f0f1370220c8aa510b3ddc2a8e0921cf747d9669ad552cd7b	gzip	raw/final-project-view-lift-cost-body-review/candidate-host-demangled.ll
/home/paudley/Active/purrdf/.worktrees/454-rdflib-shim-algebra-level-reassignment/.stage/rdflib-shim-algebra-level-reassignment/raw/final-project-view-lift-cost-body-review/candidate-host-demangled.s	/opt/purrdf-454-evidence-package.GD9kNHfZ/preserved-stage-originals/raw/final-project-view-lift-cost-body-review/candidate-host-demangled.s	644	30379028	e9baad14f009f970715c1933c2e6da049e35b1ce922e67085e7c37ceeb3fc6ed	/home/paudley/Active/purrdf/.worktrees/454-rdflib-shim-algebra-level-reassignment/.stage/rdflib-shim-algebra-level-reassignment/raw/final-lossless-evidence-archive/objects/ca6d9b167d461a5bb3de7d09c88c5107540978d0552a73ee8284aa18537ab948.gz	ca6d9b167d461a5bb3de7d09c88c5107540978d0552a73ee8284aa18537ab948	gzip	raw/final-project-view-lift-cost-body-review/candidate-host-demangled.s
/home/paudley/Active/purrdf/.worktrees/454-rdflib-shim-algebra-level-reassignment/.stage/rdflib-shim-algebra-level-reassignment/raw/final-smallvec-cost-body-review/candidate-eval-demangled.ll	/opt/purrdf-454-evidence-package.GD9kNHfZ/preserved-stage-originals/raw/final-smallvec-cost-body-review/candidate-eval-demangled.ll	644	77868050	e2e6222b54f4388a415f6ec15d2bc6dd51aebdeaa031a5d7454e1c07cc440d49	/home/paudley/Active/purrdf/.worktrees/454-rdflib-shim-algebra-level-reassignment/.stage/rdflib-shim-algebra-level-reassignment/raw/final-lossless-evidence-archive/objects/d96607d387375dae7fa1da57499d6bfed9e47482627505a6afc18ea7faa05678.gz	d96607d387375dae7fa1da57499d6bfed9e47482627505a6afc18ea7faa05678	gzip	raw/final-smallvec-cost-body-review/candidate-eval-demangled.ll
/home/paudley/Active/purrdf/.worktrees/454-rdflib-shim-algebra-level-reassignment/.stage/rdflib-shim-algebra-level-reassignment/raw/final-smallvec-cost-body-review/candidate-eval-demangled.s	/opt/purrdf-454-evidence-package.GD9kNHfZ/preserved-stage-originals/raw/final-smallvec-cost-body-review/candidate-eval-demangled.s	644	29976318	07aad1998be88d26b730a9b662f56ae3d074208fc66cf30430b17dfd94e2c788	/home/paudley/Active/purrdf/.worktrees/454-rdflib-shim-algebra-level-reassignment/.stage/rdflib-shim-algebra-level-reassignment/raw/final-lossless-evidence-archive/objects/6b9cecfee782d43fcd596320816e3f415f09825c4fca462660f2ccb9b9c25032.gz	6b9cecfee782d43fcd596320816e3f415f09825c4fca462660f2ccb9b9c25032	gzip	raw/final-smallvec-cost-body-review/candidate-eval-demangled.s
/home/paudley/Active/purrdf/.worktrees/454-rdflib-shim-algebra-level-reassignment/.stage/rdflib-shim-algebra-level-reassignment/raw/final-smallvec-cost-body-review/candidate-host-demangled.ll	/opt/purrdf-454-evidence-package.GD9kNHfZ/preserved-stage-originals/raw/final-smallvec-cost-body-review/candidate-host-demangled.ll	644	109960694	f00e3f61d19738932508a4ac0d8fcaaab6c425b4748c9a18fa2d82962e9bf248	/home/paudley/Active/purrdf/.worktrees/454-rdflib-shim-algebra-level-reassignment/.stage/rdflib-shim-algebra-level-reassignment/raw/final-lossless-evidence-archive/objects/467da08cff824e26b3105bc2dc72c609c4096460d20a4b1694446b166b946a81.gz	467da08cff824e26b3105bc2dc72c609c4096460d20a4b1694446b166b946a81	gzip	raw/final-smallvec-cost-body-review/candidate-host-demangled.ll
/home/paudley/Active/purrdf/.worktrees/454-rdflib-shim-algebra-level-reassignment/.stage/rdflib-shim-algebra-level-reassignment/raw/final-smallvec-cost-body-review/candidate-host-demangled.s	/opt/purrdf-454-evidence-package.GD9kNHfZ/preserved-stage-originals/raw/final-smallvec-cost-body-review/candidate-host-demangled.s	644	30379028	e9baad14f009f970715c1933c2e6da049e35b1ce922e67085e7c37ceeb3fc6ed	/home/paudley/Active/purrdf/.worktrees/454-rdflib-shim-algebra-level-reassignment/.stage/rdflib-shim-algebra-level-reassignment/raw/final-lossless-evidence-archive/objects/ca6d9b167d461a5bb3de7d09c88c5107540978d0552a73ee8284aa18537ab948.gz	ca6d9b167d461a5bb3de7d09c88c5107540978d0552a73ee8284aa18537ab948	gzip	raw/final-smallvec-cost-body-review/candidate-host-demangled.s
/home/paudley/Active/purrdf/.worktrees/454-rdflib-shim-algebra-level-reassignment/.stage/rdflib-shim-algebra-level-reassignment/raw/native-cost-base-863c75-extended-ir/qualification_454_native_cost.purrdf_sparql_algebra-402482970920ebe5.purrdf_sparql_algebra.c486a7030e123a0e-cgu.0.rcgu.o.rcgu.ll	/opt/purrdf-454-evidence-package.GD9kNHfZ/preserved-stage-originals/raw/native-cost-base-863c75-extended-ir/qualification_454_native_cost.purrdf_sparql_algebra-402482970920ebe5.purrdf_sparql_algebra.c486a7030e123a0e-cgu.0.rcgu.o.rcgu.ll	644	19557441	18757c96d0cfd014463a73798bc35334d8f13c0d43cc15c8d27f26ea1015de28	/home/paudley/Active/purrdf/.worktrees/454-rdflib-shim-algebra-level-reassignment/.stage/rdflib-shim-algebra-level-reassignment/raw/final-lossless-evidence-archive/objects/a4b4b8182bc944a3cd433d1ed023edcd44c75090fc362e1f050d4c8002cff2ba.gz	a4b4b8182bc944a3cd433d1ed023edcd44c75090fc362e1f050d4c8002cff2ba	gzip	raw/native-cost-base-863c75-extended-ir/qualification_454_native_cost.purrdf_sparql_algebra-402482970920ebe5.purrdf_sparql_algebra.c486a7030e123a0e-cgu.0.rcgu.o.rcgu.ll
/home/paudley/Active/purrdf/.worktrees/454-rdflib-shim-algebra-level-reassignment/.stage/rdflib-shim-algebra-level-reassignment/raw/native-cost-base-863c75-extended-ir/qualification_454_native_cost.purrdf_sparql_algebra-402482970920ebe5.purrdf_sparql_algebra.c486a7030e123a0e-cgu.0.rcgu.o.rcgu.s	/opt/purrdf-454-evidence-package.GD9kNHfZ/preserved-stage-originals/raw/native-cost-base-863c75-extended-ir/qualification_454_native_cost.purrdf_sparql_algebra-402482970920ebe5.purrdf_sparql_algebra.c486a7030e123a0e-cgu.0.rcgu.o.rcgu.s	644	6742820	c5564a721b5b59ddf1fa88ebe744ea3e4c51495f0ca30a96a395b2775de02c63	/home/paudley/Active/purrdf/.worktrees/454-rdflib-shim-algebra-level-reassignment/.stage/rdflib-shim-algebra-level-reassignment/raw/final-lossless-evidence-archive/objects/48ac822afaf89650e9fbae6adbaf6e16ba4a5f4233d624bfed3a1f1ce4e7c0c2.gz	48ac822afaf89650e9fbae6adbaf6e16ba4a5f4233d624bfed3a1f1ce4e7c0c2	gzip	raw/native-cost-base-863c75-extended-ir/qualification_454_native_cost.purrdf_sparql_algebra-402482970920ebe5.purrdf_sparql_algebra.c486a7030e123a0e-cgu.0.rcgu.o.rcgu.s
/home/paudley/Active/purrdf/.worktrees/454-rdflib-shim-algebra-level-reassignment/.stage/rdflib-shim-algebra-level-reassignment/raw/native-cost-base-863c75-extended-ir/qualification_454_native_cost.purrdf_sparql_eval-0ecc65cc8c2d1ea3.purrdf_sparql_eval.85e4f8f062a88157-cgu.0.rcgu.o.rcgu.ll	/opt/purrdf-454-evidence-package.GD9kNHfZ/preserved-stage-originals/raw/native-cost-base-863c75-extended-ir/qualification_454_native_cost.purrdf_sparql_eval-0ecc65cc8c2d1ea3.purrdf_sparql_eval.85e4f8f062a88157-cgu.0.rcgu.o.rcgu.ll	644	65830922	d7a239234e188e6f81a8b47d2dd3f555df84f440a7c338c71a6f306808450509	/home/paudley/Active/purrdf/.worktrees/454-rdflib-shim-algebra-level-reassignment/.stage/rdflib-shim-algebra-level-reassignment/raw/final-lossless-evidence-archive/objects/1fb3eb94404e1d35af9fb191f0eec1efa4704986943d84d7f5e46598fdaa7a1a.gz	1fb3eb94404e1d35af9fb191f0eec1efa4704986943d84d7f5e46598fdaa7a1a	gzip	raw/native-cost-base-863c75-extended-ir/qualification_454_native_cost.purrdf_sparql_eval-0ecc65cc8c2d1ea3.purrdf_sparql_eval.85e4f8f062a88157-cgu.0.rcgu.o.rcgu.ll
/home/paudley/Active/purrdf/.worktrees/454-rdflib-shim-algebra-level-reassignment/.stage/rdflib-shim-algebra-level-reassignment/raw/native-cost-base-863c75-extended-ir/qualification_454_native_cost.purrdf_sparql_eval-0ecc65cc8c2d1ea3.purrdf_sparql_eval.85e4f8f062a88157-cgu.0.rcgu.o.rcgu.s	/opt/purrdf-454-evidence-package.GD9kNHfZ/preserved-stage-originals/raw/native-cost-base-863c75-extended-ir/qualification_454_native_cost.purrdf_sparql_eval-0ecc65cc8c2d1ea3.purrdf_sparql_eval.85e4f8f062a88157-cgu.0.rcgu.o.rcgu.s	644	25099024	295f9774a14757640ce3560d6cdccb091c45c2ffb3b803907500a3c3aa107ffc	/home/paudley/Active/purrdf/.worktrees/454-rdflib-shim-algebra-level-reassignment/.stage/rdflib-shim-algebra-level-reassignment/raw/final-lossless-evidence-archive/objects/6d393653faa6441353ccf6342a5406039a11da680d6047d2d767c63291ed3d0c.gz	6d393653faa6441353ccf6342a5406039a11da680d6047d2d767c63291ed3d0c	gzip	raw/native-cost-base-863c75-extended-ir/qualification_454_native_cost.purrdf_sparql_eval-0ecc65cc8c2d1ea3.purrdf_sparql_eval.85e4f8f062a88157-cgu.0.rcgu.o.rcgu.s
/home/paudley/Active/purrdf/.worktrees/454-rdflib-shim-algebra-level-reassignment/.stage/rdflib-shim-algebra-level-reassignment/raw/native-cost-base-863c75-extended-ir/qualification_454_native_cost.qualification_454_native_cost.cc427bdd6978a017-cgu.0.rcgu.ll	/opt/purrdf-454-evidence-package.GD9kNHfZ/preserved-stage-originals/raw/native-cost-base-863c75-extended-ir/qualification_454_native_cost.qualification_454_native_cost.cc427bdd6978a017-cgu.0.rcgu.ll	644	13585682	3d5b57ebe1a45311f4f96de90e588327fa8f67f3021380ed726d08a4b0667fff	/home/paudley/Active/purrdf/.worktrees/454-rdflib-shim-algebra-level-reassignment/.stage/rdflib-shim-algebra-level-reassignment/raw/final-lossless-evidence-archive/objects/e5828e9a6a9ddfe32e63c35ee5a1cf0a0d237dff22575646ab227122166b1ce9.gz	e5828e9a6a9ddfe32e63c35ee5a1cf0a0d237dff22575646ab227122166b1ce9	gzip	raw/native-cost-base-863c75-extended-ir/qualification_454_native_cost.qualification_454_native_cost.cc427bdd6978a017-cgu.0.rcgu.ll
/home/paudley/Active/purrdf/.worktrees/454-rdflib-shim-algebra-level-reassignment/.stage/rdflib-shim-algebra-level-reassignment/raw/native-cost-base-863c75-extended-ir/qualification_454_native_cost.qualification_454_native_cost.cc427bdd6978a017-cgu.0.rcgu.s	/opt/purrdf-454-evidence-package.GD9kNHfZ/preserved-stage-originals/raw/native-cost-base-863c75-extended-ir/qualification_454_native_cost.qualification_454_native_cost.cc427bdd6978a017-cgu.0.rcgu.s	644	3954603	6185348a3a4332d7fa4a41bed59d9ef321fbab331c7ca8d43a2e7b2d2f05ec6e	/home/paudley/Active/purrdf/.worktrees/454-rdflib-shim-algebra-level-reassignment/.stage/rdflib-shim-algebra-level-reassignment/raw/final-lossless-evidence-archive/objects/c5f7f440f36c0904cfa1476e63e4244aa2348111079e8508e31a39560bccd0ff.gz	c5f7f440f36c0904cfa1476e63e4244aa2348111079e8508e31a39560bccd0ff	gzip	raw/native-cost-base-863c75-extended-ir/qualification_454_native_cost.qualification_454_native_cost.cc427bdd6978a017-cgu.0.rcgu.s
/home/paudley/Active/purrdf/.worktrees/454-rdflib-shim-algebra-level-reassignment/.stage/rdflib-shim-algebra-level-reassignment/raw/native-cost-base-863c75-ir/qualification_454_native_cost.purrdf_sparql_algebra-402482970920ebe5.purrdf_sparql_algebra.c486a7030e123a0e-cgu.0.rcgu.o.rcgu.ll	/opt/purrdf-454-evidence-package.GD9kNHfZ/preserved-stage-originals/raw/native-cost-base-863c75-ir/qualification_454_native_cost.purrdf_sparql_algebra-402482970920ebe5.purrdf_sparql_algebra.c486a7030e123a0e-cgu.0.rcgu.o.rcgu.ll	644	19557441	4e5818ecf9de2279535cf2cb84814429e2a84048b6747dbe24c699ed415f28fa	/home/paudley/Active/purrdf/.worktrees/454-rdflib-shim-algebra-level-reassignment/.stage/rdflib-shim-algebra-level-reassignment/raw/final-lossless-evidence-archive/objects/c50307eee28892eb3b0c457d05036dce16d77eafdf20384a0149f22d06068ae2.gz	c50307eee28892eb3b0c457d05036dce16d77eafdf20384a0149f22d06068ae2	gzip	raw/native-cost-base-863c75-ir/qualification_454_native_cost.purrdf_sparql_algebra-402482970920ebe5.purrdf_sparql_algebra.c486a7030e123a0e-cgu.0.rcgu.o.rcgu.ll
/home/paudley/Active/purrdf/.worktrees/454-rdflib-shim-algebra-level-reassignment/.stage/rdflib-shim-algebra-level-reassignment/raw/native-cost-base-863c75-ir/qualification_454_native_cost.purrdf_sparql_algebra-402482970920ebe5.purrdf_sparql_algebra.c486a7030e123a0e-cgu.0.rcgu.o.rcgu.s	/opt/purrdf-454-evidence-package.GD9kNHfZ/preserved-stage-originals/raw/native-cost-base-863c75-ir/qualification_454_native_cost.purrdf_sparql_algebra-402482970920ebe5.purrdf_sparql_algebra.c486a7030e123a0e-cgu.0.rcgu.o.rcgu.s	644	6742820	551f564cd33c3a66e7716cdaf04dee6b46f00acc12a35feb3a79be50334a74eb	/home/paudley/Active/purrdf/.worktrees/454-rdflib-shim-algebra-level-reassignment/.stage/rdflib-shim-algebra-level-reassignment/raw/final-lossless-evidence-archive/objects/563669e6efe97f6d7dcc113b03725efa0698c225b6539cca61a268b737802bc2.gz	563669e6efe97f6d7dcc113b03725efa0698c225b6539cca61a268b737802bc2	gzip	raw/native-cost-base-863c75-ir/qualification_454_native_cost.purrdf_sparql_algebra-402482970920ebe5.purrdf_sparql_algebra.c486a7030e123a0e-cgu.0.rcgu.o.rcgu.s
/home/paudley/Active/purrdf/.worktrees/454-rdflib-shim-algebra-level-reassignment/.stage/rdflib-shim-algebra-level-reassignment/raw/native-cost-base-863c75-ir/qualification_454_native_cost.purrdf_sparql_eval-0ecc65cc8c2d1ea3.purrdf_sparql_eval.85e4f8f062a88157-cgu.0.rcgu.o.rcgu.ll	/opt/purrdf-454-evidence-package.GD9kNHfZ/preserved-stage-originals/raw/native-cost-base-863c75-ir/qualification_454_native_cost.purrdf_sparql_eval-0ecc65cc8c2d1ea3.purrdf_sparql_eval.85e4f8f062a88157-cgu.0.rcgu.o.rcgu.ll	644	65187855	ac3de5802a2cec7b21e8b03ad524aa9252f2b626199658b8e30c752fadf3cac2	/home/paudley/Active/purrdf/.worktrees/454-rdflib-shim-algebra-level-reassignment/.stage/rdflib-shim-algebra-level-reassignment/raw/final-lossless-evidence-archive/objects/7f8a03903bd68fc5e656c424a98e36f3c45a2e0b35091b70ee44347fbad949f0.gz	7f8a03903bd68fc5e656c424a98e36f3c45a2e0b35091b70ee44347fbad949f0	gzip	raw/native-cost-base-863c75-ir/qualification_454_native_cost.purrdf_sparql_eval-0ecc65cc8c2d1ea3.purrdf_sparql_eval.85e4f8f062a88157-cgu.0.rcgu.o.rcgu.ll
/home/paudley/Active/purrdf/.worktrees/454-rdflib-shim-algebra-level-reassignment/.stage/rdflib-shim-algebra-level-reassignment/raw/native-cost-base-863c75-ir/qualification_454_native_cost.purrdf_sparql_eval-0ecc65cc8c2d1ea3.purrdf_sparql_eval.85e4f8f062a88157-cgu.0.rcgu.o.rcgu.s	/opt/purrdf-454-evidence-package.GD9kNHfZ/preserved-stage-originals/raw/native-cost-base-863c75-ir/qualification_454_native_cost.purrdf_sparql_eval-0ecc65cc8c2d1ea3.purrdf_sparql_eval.85e4f8f062a88157-cgu.0.rcgu.o.rcgu.s	644	24850133	e561b408f22884127779c9154578424f0884a07d4c7693d79d29772878df65ac	/home/paudley/Active/purrdf/.worktrees/454-rdflib-shim-algebra-level-reassignment/.stage/rdflib-shim-algebra-level-reassignment/raw/final-lossless-evidence-archive/objects/55ed3f7bf28921497befaff1d5e96fada3b4b0d8c6afe29b4669f13680bc1109.gz	55ed3f7bf28921497befaff1d5e96fada3b4b0d8c6afe29b4669f13680bc1109	gzip	raw/native-cost-base-863c75-ir/qualification_454_native_cost.purrdf_sparql_eval-0ecc65cc8c2d1ea3.purrdf_sparql_eval.85e4f8f062a88157-cgu.0.rcgu.o.rcgu.s
/home/paudley/Active/purrdf/.worktrees/454-rdflib-shim-algebra-level-reassignment/.stage/rdflib-shim-algebra-level-reassignment/raw/native-cost-base-863c75-ir/qualification_454_native_cost.qualification_454_native_cost.cc427bdd6978a017-cgu.0.rcgu.ll	/opt/purrdf-454-evidence-package.GD9kNHfZ/preserved-stage-originals/raw/native-cost-base-863c75-ir/qualification_454_native_cost.qualification_454_native_cost.cc427bdd6978a017-cgu.0.rcgu.ll	644	12804811	ccf7d7f8e53648cbaae1823255fb48136d2ef5ca0b24d5caf120dd22d4e8fa6d	/home/paudley/Active/purrdf/.worktrees/454-rdflib-shim-algebra-level-reassignment/.stage/rdflib-shim-algebra-level-reassignment/raw/final-lossless-evidence-archive/objects/c6211f2fe5bf0e9bd58408031a7f360db2e8198117679d9ee329156a7650b878.gz	c6211f2fe5bf0e9bd58408031a7f360db2e8198117679d9ee329156a7650b878	gzip	raw/native-cost-base-863c75-ir/qualification_454_native_cost.qualification_454_native_cost.cc427bdd6978a017-cgu.0.rcgu.ll
/home/paudley/Active/purrdf/.worktrees/454-rdflib-shim-algebra-level-reassignment/.stage/rdflib-shim-algebra-level-reassignment/raw/native-cost-base-863c75-ir/qualification_454_native_cost.qualification_454_native_cost.cc427bdd6978a017-cgu.0.rcgu.s	/opt/purrdf-454-evidence-package.GD9kNHfZ/preserved-stage-originals/raw/native-cost-base-863c75-ir/qualification_454_native_cost.qualification_454_native_cost.cc427bdd6978a017-cgu.0.rcgu.s	644	3722039	59cc3677612eb1b0ff3c183264f5763da095acf868811fec3e19ec640ea3030d	/home/paudley/Active/purrdf/.worktrees/454-rdflib-shim-algebra-level-reassignment/.stage/rdflib-shim-algebra-level-reassignment/raw/final-lossless-evidence-archive/objects/c185103f2d9c82d22e6250ace64fd54e7fc067cb37b16c3ca1ebe85aec4f8b01.gz	c185103f2d9c82d22e6250ace64fd54e7fc067cb37b16c3ca1ebe85aec4f8b01	gzip	raw/native-cost-base-863c75-ir/qualification_454_native_cost.qualification_454_native_cost.cc427bdd6978a017-cgu.0.rcgu.s
/home/paudley/Active/purrdf/.worktrees/454-rdflib-shim-algebra-level-reassignment/.stage/rdflib-shim-algebra-level-reassignment/raw/native-cost-base-863c75-wasm-ir/qualification_454_native_cost.purrdf_sparql_algebra-06fbdff6ca78b517.purrdf_sparql_algebra.aab3ba0e27ad4130-cgu.0.rcgu.o.rcgu.ll	/opt/purrdf-454-evidence-package.GD9kNHfZ/preserved-stage-originals/raw/native-cost-base-863c75-wasm-ir/qualification_454_native_cost.purrdf_sparql_algebra-06fbdff6ca78b517.purrdf_sparql_algebra.aab3ba0e27ad4130-cgu.0.rcgu.o.rcgu.ll	644	16893060	2c58004fc117b1c23990c3087f363594bd3316e59d076ad5fbd9349f413d84ed	/home/paudley/Active/purrdf/.worktrees/454-rdflib-shim-algebra-level-reassignment/.stage/rdflib-shim-algebra-level-reassignment/raw/final-lossless-evidence-archive/objects/fe785efc5dbeca4c6a149c15ff254d2116ddbf2a669cdafad88397a7644d25b0.gz	fe785efc5dbeca4c6a149c15ff254d2116ddbf2a669cdafad88397a7644d25b0	gzip	raw/native-cost-base-863c75-wasm-ir/qualification_454_native_cost.purrdf_sparql_algebra-06fbdff6ca78b517.purrdf_sparql_algebra.aab3ba0e27ad4130-cgu.0.rcgu.o.rcgu.ll
/home/paudley/Active/purrdf/.worktrees/454-rdflib-shim-algebra-level-reassignment/.stage/rdflib-shim-algebra-level-reassignment/raw/native-cost-base-863c75-wasm-ir/qualification_454_native_cost.purrdf_sparql_algebra-06fbdff6ca78b517.purrdf_sparql_algebra.aab3ba0e27ad4130-cgu.0.rcgu.o.rcgu.s	/opt/purrdf-454-evidence-package.GD9kNHfZ/preserved-stage-originals/raw/native-cost-base-863c75-wasm-ir/qualification_454_native_cost.purrdf_sparql_algebra-06fbdff6ca78b517.purrdf_sparql_algebra.aab3ba0e27ad4130-cgu.0.rcgu.o.rcgu.s	644	6312836	660e7f034ffbbea53770a5cdcb59baf2932083ab0b041aa3f17ba24eae4f07ea	/home/paudley/Active/purrdf/.worktrees/454-rdflib-shim-algebra-level-reassignment/.stage/rdflib-shim-algebra-level-reassignment/raw/final-lossless-evidence-archive/objects/21640efb318b4e8ee4d75bf0ac1c33d299b92b2f920cb40038ada0795a46f4fa.gz	21640efb318b4e8ee4d75bf0ac1c33d299b92b2f920cb40038ada0795a46f4fa	gzip	raw/native-cost-base-863c75-wasm-ir/qualification_454_native_cost.purrdf_sparql_algebra-06fbdff6ca78b517.purrdf_sparql_algebra.aab3ba0e27ad4130-cgu.0.rcgu.o.rcgu.s
/home/paudley/Active/purrdf/.worktrees/454-rdflib-shim-algebra-level-reassignment/.stage/rdflib-shim-algebra-level-reassignment/raw/native-cost-base-863c75-wasm-ir/qualification_454_native_cost.purrdf_sparql_eval-47404805bc082bb3.purrdf_sparql_eval.4e34a4d67f036f69-cgu.0.rcgu.o.rcgu.ll	/opt/purrdf-454-evidence-package.GD9kNHfZ/preserved-stage-originals/raw/native-cost-base-863c75-wasm-ir/qualification_454_native_cost.purrdf_sparql_eval-47404805bc082bb3.purrdf_sparql_eval.4e34a4d67f036f69-cgu.0.rcgu.o.rcgu.ll	644	51221772	9d074bd75d2ae385d15199f6a24f24034ddc42880bd8a139f438f878b51109e7	/home/paudley/Active/purrdf/.worktrees/454-rdflib-shim-algebra-level-reassignment/.stage/rdflib-shim-algebra-level-reassignment/raw/final-lossless-evidence-archive/objects/f43ec6e468d91a5cfcd3d7f368adb8ad82a480fe76c672370b37e3d302b5089b.gz	f43ec6e468d91a5cfcd3d7f368adb8ad82a480fe76c672370b37e3d302b5089b	gzip	raw/native-cost-base-863c75-wasm-ir/qualification_454_native_cost.purrdf_sparql_eval-47404805bc082bb3.purrdf_sparql_eval.4e34a4d67f036f69-cgu.0.rcgu.o.rcgu.ll
/home/paudley/Active/purrdf/.worktrees/454-rdflib-shim-algebra-level-reassignment/.stage/rdflib-shim-algebra-level-reassignment/raw/native-cost-base-863c75-wasm-ir/qualification_454_native_cost.purrdf_sparql_eval-47404805bc082bb3.purrdf_sparql_eval.4e34a4d67f036f69-cgu.0.rcgu.o.rcgu.s	/opt/purrdf-454-evidence-package.GD9kNHfZ/preserved-stage-originals/raw/native-cost-base-863c75-wasm-ir/qualification_454_native_cost.purrdf_sparql_eval-47404805bc082bb3.purrdf_sparql_eval.4e34a4d67f036f69-cgu.0.rcgu.o.rcgu.s	644	19671709	4ae06ef19a315da4770ad5c42964dbd5d8b742d808b0878ec8a451244f2239bd	/home/paudley/Active/purrdf/.worktrees/454-rdflib-shim-algebra-level-reassignment/.stage/rdflib-shim-algebra-level-reassignment/raw/final-lossless-evidence-archive/objects/c19111711235a0c5aeb57b6615fcca6ac5036a79391adefae22b4e338b7ac58a.gz	c19111711235a0c5aeb57b6615fcca6ac5036a79391adefae22b4e338b7ac58a	gzip	raw/native-cost-base-863c75-wasm-ir/qualification_454_native_cost.purrdf_sparql_eval-47404805bc082bb3.purrdf_sparql_eval.4e34a4d67f036f69-cgu.0.rcgu.o.rcgu.s
/home/paudley/Active/purrdf/.worktrees/454-rdflib-shim-algebra-level-reassignment/.stage/rdflib-shim-algebra-level-reassignment/raw/native-cost-base-863c75-wasm-ir/qualification_454_native_cost.qualification_454_native_cost.6068085e2829b945-cgu.0.rcgu.ll	/opt/purrdf-454-evidence-package.GD9kNHfZ/preserved-stage-originals/raw/native-cost-base-863c75-wasm-ir/qualification_454_native_cost.qualification_454_native_cost.6068085e2829b945-cgu.0.rcgu.ll	644	13243332	d2ce504ffa62f110d681e1a53378e8a6c1b9feb03e900d6fc6b9aae598016196	/home/paudley/Active/purrdf/.worktrees/454-rdflib-shim-algebra-level-reassignment/.stage/rdflib-shim-algebra-level-reassignment/raw/final-lossless-evidence-archive/objects/bb1334d0f8a2e8ed520227b0b18f0e1cb81337aad748a6a21b086ff973920dbb.gz	bb1334d0f8a2e8ed520227b0b18f0e1cb81337aad748a6a21b086ff973920dbb	gzip	raw/native-cost-base-863c75-wasm-ir/qualification_454_native_cost.qualification_454_native_cost.6068085e2829b945-cgu.0.rcgu.ll
/home/paudley/Active/purrdf/.worktrees/454-rdflib-shim-algebra-level-reassignment/.stage/rdflib-shim-algebra-level-reassignment/raw/native-cost-base-863c75-wasm-ir/qualification_454_native_cost.qualification_454_native_cost.6068085e2829b945-cgu.0.rcgu.s	/opt/purrdf-454-evidence-package.GD9kNHfZ/preserved-stage-originals/raw/native-cost-base-863c75-wasm-ir/qualification_454_native_cost.qualification_454_native_cost.6068085e2829b945-cgu.0.rcgu.s	644	4144491	9686bd2ab33a3a4abb1af0998bd9e29b8ca528e319ce87b8b553957a9d6265c2	/home/paudley/Active/purrdf/.worktrees/454-rdflib-shim-algebra-level-reassignment/.stage/rdflib-shim-algebra-level-reassignment/raw/final-lossless-evidence-archive/objects/a874bdbfe10776f9f4c4521ba6645b87357449e768120c27a9866f2a82963e74.gz	a874bdbfe10776f9f4c4521ba6645b87357449e768120c27a9866f2a82963e74	gzip	raw/native-cost-base-863c75-wasm-ir/qualification_454_native_cost.qualification_454_native_cost.6068085e2829b945-cgu.0.rcgu.s
/home/paudley/Active/purrdf/.worktrees/454-rdflib-shim-algebra-level-reassignment/.stage/rdflib-shim-algebra-level-reassignment/raw/native-cost-base-ir/qualification_454_native_cost.purrdf_sparql_algebra-402482970920ebe5.purrdf_sparql_algebra.c486a7030e123a0e-cgu.0.rcgu.o.rcgu.ll	/opt/purrdf-454-evidence-package.GD9kNHfZ/preserved-stage-originals/raw/native-cost-base-ir/qualification_454_native_cost.purrdf_sparql_algebra-402482970920ebe5.purrdf_sparql_algebra.c486a7030e123a0e-cgu.0.rcgu.o.rcgu.ll	644	19556675	a1c3ee13f0fdf6d0c7330a45b653174f6bc630a58a6150b668afbac0b348846b	/home/paudley/Active/purrdf/.worktrees/454-rdflib-shim-algebra-level-reassignment/.stage/rdflib-shim-algebra-level-reassignment/raw/final-lossless-evidence-archive/objects/d5cd0b3873b7af2f8bbf6d9a95a4ab0d34edad221d5e4601e7d51cf80f3f1bb5.gz	d5cd0b3873b7af2f8bbf6d9a95a4ab0d34edad221d5e4601e7d51cf80f3f1bb5	gzip	raw/native-cost-base-ir/qualification_454_native_cost.purrdf_sparql_algebra-402482970920ebe5.purrdf_sparql_algebra.c486a7030e123a0e-cgu.0.rcgu.o.rcgu.ll
/home/paudley/Active/purrdf/.worktrees/454-rdflib-shim-algebra-level-reassignment/.stage/rdflib-shim-algebra-level-reassignment/raw/native-cost-base-ir/qualification_454_native_cost.purrdf_sparql_algebra-402482970920ebe5.purrdf_sparql_algebra.c486a7030e123a0e-cgu.0.rcgu.o.rcgu.s	/opt/purrdf-454-evidence-package.GD9kNHfZ/preserved-stage-originals/raw/native-cost-base-ir/qualification_454_native_cost.purrdf_sparql_algebra-402482970920ebe5.purrdf_sparql_algebra.c486a7030e123a0e-cgu.0.rcgu.o.rcgu.s	644	6741806	779bd14f82ffee85aaeb0426ab69d3c757ff5fc2dd6334465ec97c51cce6795d	/home/paudley/Active/purrdf/.worktrees/454-rdflib-shim-algebra-level-reassignment/.stage/rdflib-shim-algebra-level-reassignment/raw/final-lossless-evidence-archive/objects/a4d76383ec9ac263b1c812db0e8641b16bdffb79f52818a9076f428c24006a87.gz	a4d76383ec9ac263b1c812db0e8641b16bdffb79f52818a9076f428c24006a87	gzip	raw/native-cost-base-ir/qualification_454_native_cost.purrdf_sparql_algebra-402482970920ebe5.purrdf_sparql_algebra.c486a7030e123a0e-cgu.0.rcgu.o.rcgu.s
/home/paudley/Active/purrdf/.worktrees/454-rdflib-shim-algebra-level-reassignment/.stage/rdflib-shim-algebra-level-reassignment/raw/native-cost-base-ir/qualification_454_native_cost.purrdf_sparql_eval-0ecc65cc8c2d1ea3.purrdf_sparql_eval.85e4f8f062a88157-cgu.0.rcgu.o.rcgu.ll	/opt/purrdf-454-evidence-package.GD9kNHfZ/preserved-stage-originals/raw/native-cost-base-ir/qualification_454_native_cost.purrdf_sparql_eval-0ecc65cc8c2d1ea3.purrdf_sparql_eval.85e4f8f062a88157-cgu.0.rcgu.o.rcgu.ll	644	65196328	6e9f9ef0d10cfd8e2b9fe0a41781871f224692d73721021922d9e74c07b3542b	/home/paudley/Active/purrdf/.worktrees/454-rdflib-shim-algebra-level-reassignment/.stage/rdflib-shim-algebra-level-reassignment/raw/final-lossless-evidence-archive/objects/993a4bc2a7f82cc4257b267cd01ea0ce5d716b7bfadea4160558bc84b2606042.gz	993a4bc2a7f82cc4257b267cd01ea0ce5d716b7bfadea4160558bc84b2606042	gzip	raw/native-cost-base-ir/qualification_454_native_cost.purrdf_sparql_eval-0ecc65cc8c2d1ea3.purrdf_sparql_eval.85e4f8f062a88157-cgu.0.rcgu.o.rcgu.ll
/home/paudley/Active/purrdf/.worktrees/454-rdflib-shim-algebra-level-reassignment/.stage/rdflib-shim-algebra-level-reassignment/raw/native-cost-base-ir/qualification_454_native_cost.purrdf_sparql_eval-0ecc65cc8c2d1ea3.purrdf_sparql_eval.85e4f8f062a88157-cgu.0.rcgu.o.rcgu.s	/opt/purrdf-454-evidence-package.GD9kNHfZ/preserved-stage-originals/raw/native-cost-base-ir/qualification_454_native_cost.purrdf_sparql_eval-0ecc65cc8c2d1ea3.purrdf_sparql_eval.85e4f8f062a88157-cgu.0.rcgu.o.rcgu.s	644	24719482	0909d2fd3023ab978bab12ec55729ee425641415ce69e8eabd8fb5f6b0c93cc3	/home/paudley/Active/purrdf/.worktrees/454-rdflib-shim-algebra-level-reassignment/.stage/rdflib-shim-algebra-level-reassignment/raw/final-lossless-evidence-archive/objects/5d67aacbae393b8c7e591a67af967b8d94924a9df9860d3659a63ce248b7f415.gz	5d67aacbae393b8c7e591a67af967b8d94924a9df9860d3659a63ce248b7f415	gzip	raw/native-cost-base-ir/qualification_454_native_cost.purrdf_sparql_eval-0ecc65cc8c2d1ea3.purrdf_sparql_eval.85e4f8f062a88157-cgu.0.rcgu.o.rcgu.s
/home/paudley/Active/purrdf/.worktrees/454-rdflib-shim-algebra-level-reassignment/.stage/rdflib-shim-algebra-level-reassignment/raw/native-cost-candidate-863c75-default-boundary-ir/qualification_454_native_cost.core-5f5c0031517c19c4.core.1b0f708be8c133d1-cgu.0.rcgu.o.rcgu.ll	/opt/purrdf-454-evidence-package.GD9kNHfZ/preserved-stage-originals/raw/native-cost-candidate-863c75-default-boundary-ir/qualification_454_native_cost.core-5f5c0031517c19c4.core.1b0f708be8c133d1-cgu.0.rcgu.o.rcgu.ll	644	3316642	0519f19e733b02208b41db7569d033ba31acdb723e44c1e4dd6254b28d855c01	/home/paudley/Active/purrdf/.worktrees/454-rdflib-shim-algebra-level-reassignment/.stage/rdflib-shim-algebra-level-reassignment/raw/final-lossless-evidence-archive/objects/4ab90ae0e7cae3016047a313e570ded16ca02bc145b0188a6f835a6a6b869a36.gz	4ab90ae0e7cae3016047a313e570ded16ca02bc145b0188a6f835a6a6b869a36	gzip	raw/native-cost-candidate-863c75-default-boundary-ir/qualification_454_native_cost.core-5f5c0031517c19c4.core.1b0f708be8c133d1-cgu.0.rcgu.o.rcgu.ll
/home/paudley/Active/purrdf/.worktrees/454-rdflib-shim-algebra-level-reassignment/.stage/rdflib-shim-algebra-level-reassignment/raw/native-cost-candidate-863c75-default-boundary-ir/qualification_454_native_cost.core-5f5c0031517c19c4.core.1b0f708be8c133d1-cgu.0.rcgu.o.rcgu.s	/opt/purrdf-454-evidence-package.GD9kNHfZ/preserved-stage-originals/raw/native-cost-candidate-863c75-default-boundary-ir/qualification_454_native_cost.core-5f5c0031517c19c4.core.1b0f708be8c133d1-cgu.0.rcgu.o.rcgu.s	644	1659531	8214b406f49313dd748fdc8dd7416e9f0ed2fa14d8d6f0e0770cdad590e8490c	/home/paudley/Active/purrdf/.worktrees/454-rdflib-shim-algebra-level-reassignment/.stage/rdflib-shim-algebra-level-reassignment/raw/final-lossless-evidence-archive/objects/101798f021e10db3caf900ad0950b2cf159526628a4adb34459d4f97d633848c.gz	101798f021e10db3caf900ad0950b2cf159526628a4adb34459d4f97d633848c	gzip	raw/native-cost-candidate-863c75-default-boundary-ir/qualification_454_native_cost.core-5f5c0031517c19c4.core.1b0f708be8c133d1-cgu.0.rcgu.o.rcgu.s
/home/paudley/Active/purrdf/.worktrees/454-rdflib-shim-algebra-level-reassignment/.stage/rdflib-shim-algebra-level-reassignment/raw/native-cost-candidate-863c75-default-boundary-ir/qualification_454_native_cost.purrdf_cdt-7285be266600a81c.purrdf_cdt.65bb4d13a4648eed-cgu.0.rcgu.o.rcgu.ll	/opt/purrdf-454-evidence-package.GD9kNHfZ/preserved-stage-originals/raw/native-cost-candidate-863c75-default-boundary-ir/qualification_454_native_cost.purrdf_cdt-7285be266600a81c.purrdf_cdt.65bb4d13a4648eed-cgu.0.rcgu.o.rcgu.ll	644	3507870	ce7dcc649a36e8b72e9dda342c967bd71c019210fce81e47ec2d23c458f18f84	/home/paudley/Active/purrdf/.worktrees/454-rdflib-shim-algebra-level-reassignment/.stage/rdflib-shim-algebra-level-reassignment/raw/final-lossless-evidence-archive/objects/3ee5229eda83b2147ffb571078a8f5509133fd630091be4d31da6fad960dfd90.gz	3ee5229eda83b2147ffb571078a8f5509133fd630091be4d31da6fad960dfd90	gzip	raw/native-cost-candidate-863c75-default-boundary-ir/qualification_454_native_cost.purrdf_cdt-7285be266600a81c.purrdf_cdt.65bb4d13a4648eed-cgu.0.rcgu.o.rcgu.ll
/home/paudley/Active/purrdf/.worktrees/454-rdflib-shim-algebra-level-reassignment/.stage/rdflib-shim-algebra-level-reassignment/raw/native-cost-candidate-863c75-default-boundary-ir/qualification_454_native_cost.purrdf_cdt-7285be266600a81c.purrdf_cdt.65bb4d13a4648eed-cgu.0.rcgu.o.rcgu.s	/opt/purrdf-454-evidence-package.GD9kNHfZ/preserved-stage-originals/raw/native-cost-candidate-863c75-default-boundary-ir/qualification_454_native_cost.purrdf_cdt-7285be266600a81c.purrdf_cdt.65bb4d13a4648eed-cgu.0.rcgu.o.rcgu.s	644	1498878	124e042841e61c13fe53147d722c204b26b7fe672b03fa70e2a7ca3edf3da2a2	/home/paudley/Active/purrdf/.worktrees/454-rdflib-shim-algebra-level-reassignment/.stage/rdflib-shim-algebra-level-reassignment/raw/final-lossless-evidence-archive/objects/ae8ab8a43e9f47c49ed92a8c1866fcceff04c7924bc1e21fdc552aafbaa83b66.gz	ae8ab8a43e9f47c49ed92a8c1866fcceff04c7924bc1e21fdc552aafbaa83b66	gzip	raw/native-cost-candidate-863c75-default-boundary-ir/qualification_454_native_cost.purrdf_cdt-7285be266600a81c.purrdf_cdt.65bb4d13a4648eed-cgu.0.rcgu.o.rcgu.s
/home/paudley/Active/purrdf/.worktrees/454-rdflib-shim-algebra-level-reassignment/.stage/rdflib-shim-algebra-level-reassignment/raw/native-cost-candidate-863c75-default-boundary-ir/qualification_454_native_cost.purrdf_core-c1792174a43b914e.purrdf_core.ce843a9727c25724-cgu.0.rcgu.o.rcgu.ll	/opt/purrdf-454-evidence-package.GD9kNHfZ/preserved-stage-originals/raw/native-cost-candidate-863c75-default-boundary-ir/qualification_454_native_cost.purrdf_core-c1792174a43b914e.purrdf_core.ce843a9727c25724-cgu.0.rcgu.o.rcgu.ll	644	9870544	ebc29f67c07d0af8e7ee07b004eb5171b208f01420613fde02a2f5d45bc9696f	/home/paudley/Active/purrdf/.worktrees/454-rdflib-shim-algebra-level-reassignment/.stage/rdflib-shim-algebra-level-reassignment/raw/final-lossless-evidence-archive/objects/de30a2cbbcf2d771304826811cce2cd784ac6f53fe535d824cdb868a5e765cc0.gz	de30a2cbbcf2d771304826811cce2cd784ac6f53fe535d824cdb868a5e765cc0	gzip	raw/native-cost-candidate-863c75-default-boundary-ir/qualification_454_native_cost.purrdf_core-c1792174a43b914e.purrdf_core.ce843a9727c25724-cgu.0.rcgu.o.rcgu.ll
/home/paudley/Active/purrdf/.worktrees/454-rdflib-shim-algebra-level-reassignment/.stage/rdflib-shim-algebra-level-reassignment/raw/native-cost-candidate-863c75-default-boundary-ir/qualification_454_native_cost.purrdf_core-c1792174a43b914e.purrdf_core.ce843a9727c25724-cgu.0.rcgu.o.rcgu.s	/opt/purrdf-454-evidence-package.GD9kNHfZ/preserved-stage-originals/raw/native-cost-candidate-863c75-default-boundary-ir/qualification_454_native_cost.purrdf_core-c1792174a43b914e.purrdf_core.ce843a9727c25724-cgu.0.rcgu.o.rcgu.s	644	3884185	96639dce5c83ccd6fdca0e954c083bc8e6a120896167b4dec6fefefa5bda8db4	/home/paudley/Active/purrdf/.worktrees/454-rdflib-shim-algebra-level-reassignment/.stage/rdflib-shim-algebra-level-reassignment/raw/final-lossless-evidence-archive/objects/f4749d5830d1ab38d007b51abf6e3e329d3456b61020ed147305b2fdc6ad2e09.gz	f4749d5830d1ab38d007b51abf6e3e329d3456b61020ed147305b2fdc6ad2e09	gzip	raw/native-cost-candidate-863c75-default-boundary-ir/qualification_454_native_cost.purrdf_core-c1792174a43b914e.purrdf_core.ce843a9727c25724-cgu.0.rcgu.o.rcgu.s
/home/paudley/Active/purrdf/.worktrees/454-rdflib-shim-algebra-level-reassignment/.stage/rdflib-shim-algebra-level-reassignment/raw/native-cost-candidate-863c75-default-boundary-ir/qualification_454_native_cost.purrdf_iri-1f1d526d055ecfbb.purrdf_iri.6d5e0d082ee51115-cgu.0.rcgu.o.rcgu.ll	/opt/purrdf-454-evidence-package.GD9kNHfZ/preserved-stage-originals/raw/native-cost-candidate-863c75-default-boundary-ir/qualification_454_native_cost.purrdf_iri-1f1d526d055ecfbb.purrdf_iri.6d5e0d082ee51115-cgu.0.rcgu.o.rcgu.ll	644	1508680	c4bcd9c02e08559ae3422ffc294ee708f58fd961271be6b3e5210832cb636bf2	/home/paudley/Active/purrdf/.worktrees/454-rdflib-shim-algebra-level-reassignment/.stage/rdflib-shim-algebra-level-reassignment/raw/final-lossless-evidence-archive/objects/e7e6e5c5eb2e31f3d0d9d93296f8d63acc7fd3d1139504b16d9a13242f92b17f.gz	e7e6e5c5eb2e31f3d0d9d93296f8d63acc7fd3d1139504b16d9a13242f92b17f	gzip	raw/native-cost-candidate-863c75-default-boundary-ir/qualification_454_native_cost.purrdf_iri-1f1d526d055ecfbb.purrdf_iri.6d5e0d082ee51115-cgu.0.rcgu.o.rcgu.ll
/home/paudley/Active/purrdf/.worktrees/454-rdflib-shim-algebra-level-reassignment/.stage/rdflib-shim-algebra-level-reassignment/raw/native-cost-candidate-863c75-default-boundary-ir/qualification_454_native_cost.purrdf_lex-8a1054ef04a1ca05.purrdf_lex.1fd7b0069f7c4a15-cgu.0.rcgu.o.rcgu.ll	/opt/purrdf-454-evidence-package.GD9kNHfZ/preserved-stage-originals/raw/native-cost-candidate-863c75-default-boundary-ir/qualification_454_native_cost.purrdf_lex-8a1054ef04a1ca05.purrdf_lex.1fd7b0069f7c4a15-cgu.0.rcgu.o.rcgu.ll	644	1136743	8cb108518f1dc6da783bb40a614a66cecf8d0847042f3172af6ad3f191fa1b22	/home/paudley/Active/purrdf/.worktrees/454-rdflib-shim-algebra-level-reassignment/.stage/rdflib-shim-algebra-level-reassignment/raw/final-lossless-evidence-archive/objects/37d124852b04cbd2f30eb604329e3959d9a2981d4eaa44c2a1bc8c6e459f0a86.gz	37d124852b04cbd2f30eb604329e3959d9a2981d4eaa44c2a1bc8c6e459f0a86	gzip	raw/native-cost-candidate-863c75-default-boundary-ir/qualification_454_native_cost.purrdf_lex-8a1054ef04a1ca05.purrdf_lex.1fd7b0069f7c4a15-cgu.0.rcgu.o.rcgu.ll
/home/paudley/Active/purrdf/.worktrees/454-rdflib-shim-algebra-level-reassignment/.stage/rdflib-shim-algebra-level-reassignment/raw/native-cost-candidate-863c75-default-boundary-ir/qualification_454_native_cost.purrdf_sparql_algebra-2f54bfeaed8b20be.purrdf_sparql_algebra.1f9a9904874edf46-cgu.0.rcgu.o.rcgu.ll	/opt/purrdf-454-evidence-package.GD9kNHfZ/preserved-stage-originals/raw/native-cost-candidate-863c75-default-boundary-ir/qualification_454_native_cost.purrdf_sparql_algebra-2f54bfeaed8b20be.purrdf_sparql_algebra.1f9a9904874edf46-cgu.0.rcgu.o.rcgu.ll	644	20580053	407ed2f8fd41c1d0bac1d4c4b2d07612b3addcb0575c5eb4b55ecfa3719dc534	/home/paudley/Active/purrdf/.worktrees/454-rdflib-shim-algebra-level-reassignment/.stage/rdflib-shim-algebra-level-reassignment/raw/final-lossless-evidence-archive/objects/3387dd0bed58e3282a5d0f78c848379052355cb9795ed9699651edc967a11342.gz	3387dd0bed58e3282a5d0f78c848379052355cb9795ed9699651edc967a11342	gzip	raw/native-cost-candidate-863c75-default-boundary-ir/qualification_454_native_cost.purrdf_sparql_algebra-2f54bfeaed8b20be.purrdf_sparql_algebra.1f9a9904874edf46-cgu.0.rcgu.o.rcgu.ll
/home/paudley/Active/purrdf/.worktrees/454-rdflib-shim-algebra-level-reassignment/.stage/rdflib-shim-algebra-level-reassignment/raw/native-cost-candidate-863c75-default-boundary-ir/qualification_454_native_cost.purrdf_sparql_algebra-2f54bfeaed8b20be.purrdf_sparql_algebra.1f9a9904874edf46-cgu.0.rcgu.o.rcgu.s	/opt/purrdf-454-evidence-package.GD9kNHfZ/preserved-stage-originals/raw/native-cost-candidate-863c75-default-boundary-ir/qualification_454_native_cost.purrdf_sparql_algebra-2f54bfeaed8b20be.purrdf_sparql_algebra.1f9a9904874edf46-cgu.0.rcgu.o.rcgu.s	644	7037234	c45fd9a0753c012ab84ff3e47fee7387d9b374acb3b7ec38b2489389c4594826	/home/paudley/Active/purrdf/.worktrees/454-rdflib-shim-algebra-level-reassignment/.stage/rdflib-shim-algebra-level-reassignment/raw/final-lossless-evidence-archive/objects/2774d9d4e2b1db29c33de575be0488d1f63ed793cecf433828aed51b77a65d63.gz	2774d9d4e2b1db29c33de575be0488d1f63ed793cecf433828aed51b77a65d63	gzip	raw/native-cost-candidate-863c75-default-boundary-ir/qualification_454_native_cost.purrdf_sparql_algebra-2f54bfeaed8b20be.purrdf_sparql_algebra.1f9a9904874edf46-cgu.0.rcgu.o.rcgu.s
/home/paudley/Active/purrdf/.worktrees/454-rdflib-shim-algebra-level-reassignment/.stage/rdflib-shim-algebra-level-reassignment/raw/native-cost-candidate-863c75-default-boundary-ir/qualification_454_native_cost.purrdf_sparql_eval-bf425426783cf5de.purrdf_sparql_eval.1e4be50d5a1c0ebd-cgu.0.rcgu.o.rcgu.ll	/opt/purrdf-454-evidence-package.GD9kNHfZ/preserved-stage-originals/raw/native-cost-candidate-863c75-default-boundary-ir/qualification_454_native_cost.purrdf_sparql_eval-bf425426783cf5de.purrdf_sparql_eval.1e4be50d5a1c0ebd-cgu.0.rcgu.o.rcgu.ll	644	72157850	6bdbe7d7ea66e09bf68e6223bad62b522b6df20d427f4e0a0ecb979b8b19b8b3	/home/paudley/Active/purrdf/.worktrees/454-rdflib-shim-algebra-level-reassignment/.stage/rdflib-shim-algebra-level-reassignment/raw/final-lossless-evidence-archive/objects/a3f1076cb527135729ce291e955e89500db611a1c2afcbcd2e287e001ed82246.gz	a3f1076cb527135729ce291e955e89500db611a1c2afcbcd2e287e001ed82246	gzip	raw/native-cost-candidate-863c75-default-boundary-ir/qualification_454_native_cost.purrdf_sparql_eval-bf425426783cf5de.purrdf_sparql_eval.1e4be50d5a1c0ebd-cgu.0.rcgu.o.rcgu.ll
/home/paudley/Active/purrdf/.worktrees/454-rdflib-shim-algebra-level-reassignment/.stage/rdflib-shim-algebra-level-reassignment/raw/native-cost-candidate-863c75-default-boundary-ir/qualification_454_native_cost.purrdf_sparql_eval-bf425426783cf5de.purrdf_sparql_eval.1e4be50d5a1c0ebd-cgu.0.rcgu.o.rcgu.s	/opt/purrdf-454-evidence-package.GD9kNHfZ/preserved-stage-originals/raw/native-cost-candidate-863c75-default-boundary-ir/qualification_454_native_cost.purrdf_sparql_eval-bf425426783cf5de.purrdf_sparql_eval.1e4be50d5a1c0ebd-cgu.0.rcgu.o.rcgu.s	644	27465957	f05fa649fb62775ea68750ab05cd5d012ce35b4bfa9844c176a601b3fd4fbb32	/home/paudley/Active/purrdf/.worktrees/454-rdflib-shim-algebra-level-reassignment/.stage/rdflib-shim-algebra-level-reassignment/raw/final-lossless-evidence-archive/objects/0a67e9a367e640805e5ecc892a4723dd5e4e207fe78d1cffc4e8e5cf52f66336.gz	0a67e9a367e640805e5ecc892a4723dd5e4e207fe78d1cffc4e8e5cf52f66336	gzip	raw/native-cost-candidate-863c75-default-boundary-ir/qualification_454_native_cost.purrdf_sparql_eval-bf425426783cf5de.purrdf_sparql_eval.1e4be50d5a1c0ebd-cgu.0.rcgu.o.rcgu.s
/home/paudley/Active/purrdf/.worktrees/454-rdflib-shim-algebra-level-reassignment/.stage/rdflib-shim-algebra-level-reassignment/raw/native-cost-candidate-863c75-default-boundary-ir/qualification_454_native_cost.purrdf_xsd-63c2141a0f4369ee.purrdf_xsd.adc7a472107af13b-cgu.0.rcgu.o.rcgu.ll	/opt/purrdf-454-evidence-package.GD9kNHfZ/preserved-stage-originals/raw/native-cost-candidate-863c75-default-boundary-ir/qualification_454_native_cost.purrdf_xsd-63c2141a0f4369ee.purrdf_xsd.adc7a472107af13b-cgu.0.rcgu.o.rcgu.ll	644	2468634	83dc5452db9bf3ab784141bef763e149750c04adf4c875e501cdca61879565db	/home/paudley/Active/purrdf/.worktrees/454-rdflib-shim-algebra-level-reassignment/.stage/rdflib-shim-algebra-level-reassignment/raw/final-lossless-evidence-archive/objects/abe892279736085bd6b62bfc92ab80cae2425f81f0ad26d49704270e1502299f.gz	abe892279736085bd6b62bfc92ab80cae2425f81f0ad26d49704270e1502299f	gzip	raw/native-cost-candidate-863c75-default-boundary-ir/qualification_454_native_cost.purrdf_xsd-63c2141a0f4369ee.purrdf_xsd.adc7a472107af13b-cgu.0.rcgu.o.rcgu.ll
/home/paudley/Active/purrdf/.worktrees/454-rdflib-shim-algebra-level-reassignment/.stage/rdflib-shim-algebra-level-reassignment/raw/native-cost-candidate-863c75-default-boundary-ir/qualification_454_native_cost.purrdf_xsd-63c2141a0f4369ee.purrdf_xsd.adc7a472107af13b-cgu.0.rcgu.o.rcgu.s	/opt/purrdf-454-evidence-package.GD9kNHfZ/preserved-stage-originals/raw/native-cost-candidate-863c75-default-boundary-ir/qualification_454_native_cost.purrdf_xsd-63c2141a0f4369ee.purrdf_xsd.adc7a472107af13b-cgu.0.rcgu.o.rcgu.s	644	1155772	897a17e2fd3e18f5e4d7a23c9e41ddf4d781986b21166ee69d39883b8cf1bb1a	/home/paudley/Active/purrdf/.worktrees/454-rdflib-shim-algebra-level-reassignment/.stage/rdflib-shim-algebra-level-reassignment/raw/final-lossless-evidence-archive/objects/b86715d8d1b57a15be357b2e275fa72e0e876c5a74b53ad988d97f67a8fa7724.gz	b86715d8d1b57a15be357b2e275fa72e0e876c5a74b53ad988d97f67a8fa7724	gzip	raw/native-cost-candidate-863c75-default-boundary-ir/qualification_454_native_cost.purrdf_xsd-63c2141a0f4369ee.purrdf_xsd.adc7a472107af13b-cgu.0.rcgu.o.rcgu.s
/home/paudley/Active/purrdf/.worktrees/454-rdflib-shim-algebra-level-reassignment/.stage/rdflib-shim-algebra-level-reassignment/raw/native-cost-candidate-863c75-default-boundary-ir/qualification_454_native_cost.qualification_454_native_cost.258b1530d971e06d-cgu.0.rcgu.ll	/opt/purrdf-454-evidence-package.GD9kNHfZ/preserved-stage-originals/raw/native-cost-candidate-863c75-default-boundary-ir/qualification_454_native_cost.qualification_454_native_cost.258b1530d971e06d-cgu.0.rcgu.ll	644	13103717	cdea533729723722e5e8ccbcb4181075e51261ecbd6ab3c78af1f52711243719	/home/paudley/Active/purrdf/.worktrees/454-rdflib-shim-algebra-level-reassignment/.stage/rdflib-shim-algebra-level-reassignment/raw/final-lossless-evidence-archive/objects/1124231f6b56cec16a76e45c28b1ea00c0043077ee0420697d643941147601ef.gz	1124231f6b56cec16a76e45c28b1ea00c0043077ee0420697d643941147601ef	gzip	raw/native-cost-candidate-863c75-default-boundary-ir/qualification_454_native_cost.qualification_454_native_cost.258b1530d971e06d-cgu.0.rcgu.ll
/home/paudley/Active/purrdf/.worktrees/454-rdflib-shim-algebra-level-reassignment/.stage/rdflib-shim-algebra-level-reassignment/raw/native-cost-candidate-863c75-default-boundary-ir/qualification_454_native_cost.qualification_454_native_cost.258b1530d971e06d-cgu.0.rcgu.s	/opt/purrdf-454-evidence-package.GD9kNHfZ/preserved-stage-originals/raw/native-cost-candidate-863c75-default-boundary-ir/qualification_454_native_cost.qualification_454_native_cost.258b1530d971e06d-cgu.0.rcgu.s	644	3816393	4e337df46777fd6ecaecab052fb0970c108853ed85d58f7c5ffa889ca10facc7	/home/paudley/Active/purrdf/.worktrees/454-rdflib-shim-algebra-level-reassignment/.stage/rdflib-shim-algebra-level-reassignment/raw/final-lossless-evidence-archive/objects/421bc13975a71573bdeeab562b6e369b9ff4eec54af5006ca0ec99d72e14c713.gz	421bc13975a71573bdeeab562b6e369b9ff4eec54af5006ca0ec99d72e14c713	gzip	raw/native-cost-candidate-863c75-default-boundary-ir/qualification_454_native_cost.qualification_454_native_cost.258b1530d971e06d-cgu.0.rcgu.s
/home/paudley/Active/purrdf/.worktrees/454-rdflib-shim-algebra-level-reassignment/.stage/rdflib-shim-algebra-level-reassignment/raw/native-cost-candidate-863c75-default-boundary-ir/qualification_454_native_cost.rayon_core-85598031e85a4450.rayon_core.47ca217b8d4110f1-cgu.0.rcgu.o.rcgu.ll	/opt/purrdf-454-evidence-package.GD9kNHfZ/preserved-stage-originals/raw/native-cost-candidate-863c75-default-boundary-ir/qualification_454_native_cost.rayon_core-85598031e85a4450.rayon_core.47ca217b8d4110f1-cgu.0.rcgu.o.rcgu.ll	644	1229322	dd1b22dad78c9a0830923d6c480b7820d9ce6b9f68f93a9e3cfd485498092d9a	/home/paudley/Active/purrdf/.worktrees/454-rdflib-shim-algebra-level-reassignment/.stage/rdflib-shim-algebra-level-reassignment/raw/final-lossless-evidence-archive/objects/562a8a0347182f7205f8301704361983661a7404660f65942c0ac72374aaa2d4.gz	562a8a0347182f7205f8301704361983661a7404660f65942c0ac72374aaa2d4	gzip	raw/native-cost-candidate-863c75-default-boundary-ir/qualification_454_native_cost.rayon_core-85598031e85a4450.rayon_core.47ca217b8d4110f1-cgu.0.rcgu.o.rcgu.ll
/home/paudley/Active/purrdf/.worktrees/454-rdflib-shim-algebra-level-reassignment/.stage/rdflib-shim-algebra-level-reassignment/raw/native-cost-candidate-863c75-default-boundary-ir/qualification_454_native_cost.regex_automata-443ceb1c47427307.regex_automata.b12be791bb49d87e-cgu.0.rcgu.o.rcgu.ll	/opt/purrdf-454-evidence-package.GD9kNHfZ/preserved-stage-originals/raw/native-cost-candidate-863c75-default-boundary-ir/qualification_454_native_cost.regex_automata-443ceb1c47427307.regex_automata.b12be791bb49d87e-cgu.0.rcgu.o.rcgu.ll	644	8941546	c899e41e8dd1ff72d459273998f7b9461163be111fc29894f312bb0bd1575a7e	/home/paudley/Active/purrdf/.worktrees/454-rdflib-shim-algebra-level-reassignment/.stage/rdflib-shim-algebra-level-reassignment/raw/final-lossless-evidence-archive/objects/248e5dcda8ece55c725ed2738ec6a45dcd8e6204fc85084e14082e33b3318660.gz	248e5dcda8ece55c725ed2738ec6a45dcd8e6204fc85084e14082e33b3318660	gzip	raw/native-cost-candidate-863c75-default-boundary-ir/qualification_454_native_cost.regex_automata-443ceb1c47427307.regex_automata.b12be791bb49d87e-cgu.0.rcgu.o.rcgu.ll
/home/paudley/Active/purrdf/.worktrees/454-rdflib-shim-algebra-level-reassignment/.stage/rdflib-shim-algebra-level-reassignment/raw/native-cost-candidate-863c75-default-boundary-ir/qualification_454_native_cost.regex_automata-443ceb1c47427307.regex_automata.b12be791bb49d87e-cgu.0.rcgu.o.rcgu.s	/opt/purrdf-454-evidence-package.GD9kNHfZ/preserved-stage-originals/raw/native-cost-candidate-863c75-default-boundary-ir/qualification_454_native_cost.regex_automata-443ceb1c47427307.regex_automata.b12be791bb49d87e-cgu.0.rcgu.o.rcgu.s	644	3116707	7daef3916bc93cc5476bb3fc57d4110c2f7443acb8e493d8bd4450f8d3d79833	/home/paudley/Active/purrdf/.worktrees/454-rdflib-shim-algebra-level-reassignment/.stage/rdflib-shim-algebra-level-reassignment/raw/final-lossless-evidence-archive/objects/9f7ba676c08a3812faf755844cc5f979da5bfff2fec00983da73f772bd265b93.gz	9f7ba676c08a3812faf755844cc5f979da5bfff2fec00983da73f772bd265b93	gzip	raw/native-cost-candidate-863c75-default-boundary-ir/qualification_454_native_cost.regex_automata-443ceb1c47427307.regex_automata.b12be791bb49d87e-cgu.0.rcgu.o.rcgu.s
/home/paudley/Active/purrdf/.worktrees/454-rdflib-shim-algebra-level-reassignment/.stage/rdflib-shim-algebra-level-reassignment/raw/native-cost-candidate-863c75-default-boundary-ir/qualification_454_native_cost.regex_syntax-6125fa51d0bc5933.regex_syntax.612fae0621a53369-cgu.0.rcgu.o.rcgu.ll	/opt/purrdf-454-evidence-package.GD9kNHfZ/preserved-stage-originals/raw/native-cost-candidate-863c75-default-boundary-ir/qualification_454_native_cost.regex_syntax-6125fa51d0bc5933.regex_syntax.612fae0621a53369-cgu.0.rcgu.o.rcgu.ll	644	9207439	1830decfc99e3aa8b35804b7f40fac0ccd1093e49f0bbc10086df053fdfb4bd1	/home/paudley/Active/purrdf/.worktrees/454-rdflib-shim-algebra-level-reassignment/.stage/rdflib-shim-algebra-level-reassignment/raw/final-lossless-evidence-archive/objects/6e1cacffb84be41c59fb146b30cf80f2fde8e0b956fd86a94ce36333eabebda3.gz	6e1cacffb84be41c59fb146b30cf80f2fde8e0b956fd86a94ce36333eabebda3	gzip	raw/native-cost-candidate-863c75-default-boundary-ir/qualification_454_native_cost.regex_syntax-6125fa51d0bc5933.regex_syntax.612fae0621a53369-cgu.0.rcgu.o.rcgu.ll
/home/paudley/Active/purrdf/.worktrees/454-rdflib-shim-algebra-level-reassignment/.stage/rdflib-shim-algebra-level-reassignment/raw/native-cost-candidate-863c75-default-boundary-ir/qualification_454_native_cost.regex_syntax-6125fa51d0bc5933.regex_syntax.612fae0621a53369-cgu.0.rcgu.o.rcgu.s	/opt/purrdf-454-evidence-package.GD9kNHfZ/preserved-stage-originals/raw/native-cost-candidate-863c75-default-boundary-ir/qualification_454_native_cost.regex_syntax-6125fa51d0bc5933.regex_syntax.612fae0621a53369-cgu.0.rcgu.o.rcgu.s	644	5221905	ae798a3236b8600f69d2e28844dd5a7cc92d091306e6ada63de5864a193f0bdc	/home/paudley/Active/purrdf/.worktrees/454-rdflib-shim-algebra-level-reassignment/.stage/rdflib-shim-algebra-level-reassignment/raw/final-lossless-evidence-archive/objects/febd67a240b8849ff0ae61eb4e1b5906dbb54ec39819aecee5b4e1f92acb07bd.gz	febd67a240b8849ff0ae61eb4e1b5906dbb54ec39819aecee5b4e1f92acb07bd	gzip	raw/native-cost-candidate-863c75-default-boundary-ir/qualification_454_native_cost.regex_syntax-6125fa51d0bc5933.regex_syntax.612fae0621a53369-cgu.0.rcgu.o.rcgu.s
/home/paudley/Active/purrdf/.worktrees/454-rdflib-shim-algebra-level-reassignment/.stage/rdflib-shim-algebra-level-reassignment/raw/native-cost-candidate-863c75-default-boundary-ir/qualification_454_native_cost.std-453218b5e9634890.std.552422bcccb5c833-cgu.0.rcgu.o.rcgu.ll	/opt/purrdf-454-evidence-package.GD9kNHfZ/preserved-stage-originals/raw/native-cost-candidate-863c75-default-boundary-ir/qualification_454_native_cost.std-453218b5e9634890.std.552422bcccb5c833-cgu.0.rcgu.o.rcgu.ll	644	14395118	15e3fea4e30968f919bc1391cf9808478827023c716694d2fc75c07489885366	/home/paudley/Active/purrdf/.worktrees/454-rdflib-shim-algebra-level-reassignment/.stage/rdflib-shim-algebra-level-reassignment/raw/final-lossless-evidence-archive/objects/c60db179be09ef5dbbbd8d39a158f91c46a3d18e629e51755bc910a247ae1024.gz	c60db179be09ef5dbbbd8d39a158f91c46a3d18e629e51755bc910a247ae1024	gzip	raw/native-cost-candidate-863c75-default-boundary-ir/qualification_454_native_cost.std-453218b5e9634890.std.552422bcccb5c833-cgu.0.rcgu.o.rcgu.ll
/home/paudley/Active/purrdf/.worktrees/454-rdflib-shim-algebra-level-reassignment/.stage/rdflib-shim-algebra-level-reassignment/raw/native-cost-candidate-863c75-default-boundary-ir/qualification_454_native_cost.std-453218b5e9634890.std.552422bcccb5c833-cgu.0.rcgu.o.rcgu.s	/opt/purrdf-454-evidence-package.GD9kNHfZ/preserved-stage-originals/raw/native-cost-candidate-863c75-default-boundary-ir/qualification_454_native_cost.std-453218b5e9634890.std.552422bcccb5c833-cgu.0.rcgu.o.rcgu.s	644	7010945	ac74af659a2fe81ee847fd2cfbc0fba981789a5b69c380597d04543bd90c73d4	/home/paudley/Active/purrdf/.worktrees/454-rdflib-shim-algebra-level-reassignment/.stage/rdflib-shim-algebra-level-reassignment/raw/final-lossless-evidence-archive/objects/ce568213e49e7b125dd402ea050b86ae19d65932fb2354f3ffc6bf87a10c34e8.gz	ce568213e49e7b125dd402ea050b86ae19d65932fb2354f3ffc6bf87a10c34e8	gzip	raw/native-cost-candidate-863c75-default-boundary-ir/qualification_454_native_cost.std-453218b5e9634890.std.552422bcccb5c833-cgu.0.rcgu.o.rcgu.s
/home/paudley/Active/purrdf/.worktrees/454-rdflib-shim-algebra-level-reassignment/.stage/rdflib-shim-algebra-level-reassignment/raw/native-cost-candidate-863c75-direct-dispatch-ir/qualification_454_native_cost.core-5f5c0031517c19c4.core.1b0f708be8c133d1-cgu.0.rcgu.o.rcgu.ll	/opt/purrdf-454-evidence-package.GD9kNHfZ/preserved-stage-originals/raw/native-cost-candidate-863c75-direct-dispatch-ir/qualification_454_native_cost.core-5f5c0031517c19c4.core.1b0f708be8c133d1-cgu.0.rcgu.o.rcgu.ll	644	3316642	0519f19e733b02208b41db7569d033ba31acdb723e44c1e4dd6254b28d855c01	/home/paudley/Active/purrdf/.worktrees/454-rdflib-shim-algebra-level-reassignment/.stage/rdflib-shim-algebra-level-reassignment/raw/final-lossless-evidence-archive/objects/4ab90ae0e7cae3016047a313e570ded16ca02bc145b0188a6f835a6a6b869a36.gz	4ab90ae0e7cae3016047a313e570ded16ca02bc145b0188a6f835a6a6b869a36	gzip	raw/native-cost-candidate-863c75-direct-dispatch-ir/qualification_454_native_cost.core-5f5c0031517c19c4.core.1b0f708be8c133d1-cgu.0.rcgu.o.rcgu.ll
/home/paudley/Active/purrdf/.worktrees/454-rdflib-shim-algebra-level-reassignment/.stage/rdflib-shim-algebra-level-reassignment/raw/native-cost-candidate-863c75-direct-dispatch-ir/qualification_454_native_cost.core-5f5c0031517c19c4.core.1b0f708be8c133d1-cgu.0.rcgu.o.rcgu.s	/opt/purrdf-454-evidence-package.GD9kNHfZ/preserved-stage-originals/raw/native-cost-candidate-863c75-direct-dispatch-ir/qualification_454_native_cost.core-5f5c0031517c19c4.core.1b0f708be8c133d1-cgu.0.rcgu.o.rcgu.s	644	1659531	8214b406f49313dd748fdc8dd7416e9f0ed2fa14d8d6f0e0770cdad590e8490c	/home/paudley/Active/purrdf/.worktrees/454-rdflib-shim-algebra-level-reassignment/.stage/rdflib-shim-algebra-level-reassignment/raw/final-lossless-evidence-archive/objects/101798f021e10db3caf900ad0950b2cf159526628a4adb34459d4f97d633848c.gz	101798f021e10db3caf900ad0950b2cf159526628a4adb34459d4f97d633848c	gzip	raw/native-cost-candidate-863c75-direct-dispatch-ir/qualification_454_native_cost.core-5f5c0031517c19c4.core.1b0f708be8c133d1-cgu.0.rcgu.o.rcgu.s
/home/paudley/Active/purrdf/.worktrees/454-rdflib-shim-algebra-level-reassignment/.stage/rdflib-shim-algebra-level-reassignment/raw/native-cost-candidate-863c75-direct-dispatch-ir/qualification_454_native_cost.purrdf_cdt-7285be266600a81c.purrdf_cdt.65bb4d13a4648eed-cgu.0.rcgu.o.rcgu.ll	/opt/purrdf-454-evidence-package.GD9kNHfZ/preserved-stage-originals/raw/native-cost-candidate-863c75-direct-dispatch-ir/qualification_454_native_cost.purrdf_cdt-7285be266600a81c.purrdf_cdt.65bb4d13a4648eed-cgu.0.rcgu.o.rcgu.ll	644	3507873	83fed68c3f0563ec781a640bfa206b3a0de89783b90828f5bd1e00cb4f0b2d21	/home/paudley/Active/purrdf/.worktrees/454-rdflib-shim-algebra-level-reassignment/.stage/rdflib-shim-algebra-level-reassignment/raw/final-lossless-evidence-archive/objects/f1b2e4d65971147b697b39776904711965a16e6eb9d4a79fec631219328c3f6f.gz	f1b2e4d65971147b697b39776904711965a16e6eb9d4a79fec631219328c3f6f	gzip	raw/native-cost-candidate-863c75-direct-dispatch-ir/qualification_454_native_cost.purrdf_cdt-7285be266600a81c.purrdf_cdt.65bb4d13a4648eed-cgu.0.rcgu.o.rcgu.ll
/home/paudley/Active/purrdf/.worktrees/454-rdflib-shim-algebra-level-reassignment/.stage/rdflib-shim-algebra-level-reassignment/raw/native-cost-candidate-863c75-direct-dispatch-ir/qualification_454_native_cost.purrdf_cdt-7285be266600a81c.purrdf_cdt.65bb4d13a4648eed-cgu.0.rcgu.o.rcgu.s	/opt/purrdf-454-evidence-package.GD9kNHfZ/preserved-stage-originals/raw/native-cost-candidate-863c75-direct-dispatch-ir/qualification_454_native_cost.purrdf_cdt-7285be266600a81c.purrdf_cdt.65bb4d13a4648eed-cgu.0.rcgu.o.rcgu.s	644	1498881	51c5d1245bd651fddfdb8a424c8133a6882d7d69476e2877915975c250b61d8f	/home/paudley/Active/purrdf/.worktrees/454-rdflib-shim-algebra-level-reassignment/.stage/rdflib-shim-algebra-level-reassignment/raw/final-lossless-evidence-archive/objects/43b952c3636efa3429985eed0994f5e2209d145b32653167b2da7bcec0c265f4.gz	43b952c3636efa3429985eed0994f5e2209d145b32653167b2da7bcec0c265f4	gzip	raw/native-cost-candidate-863c75-direct-dispatch-ir/qualification_454_native_cost.purrdf_cdt-7285be266600a81c.purrdf_cdt.65bb4d13a4648eed-cgu.0.rcgu.o.rcgu.s
/home/paudley/Active/purrdf/.worktrees/454-rdflib-shim-algebra-level-reassignment/.stage/rdflib-shim-algebra-level-reassignment/raw/native-cost-candidate-863c75-direct-dispatch-ir/qualification_454_native_cost.purrdf_core-c1792174a43b914e.purrdf_core.ce843a9727c25724-cgu.0.rcgu.o.rcgu.ll	/opt/purrdf-454-evidence-package.GD9kNHfZ/preserved-stage-originals/raw/native-cost-candidate-863c75-direct-dispatch-ir/qualification_454_native_cost.purrdf_core-c1792174a43b914e.purrdf_core.ce843a9727c25724-cgu.0.rcgu.o.rcgu.ll	644	9870563	5052726233deacbdb4d75446f86896c44824720533729bdf414d4affba6cc932	/home/paudley/Active/purrdf/.worktrees/454-rdflib-shim-algebra-level-reassignment/.stage/rdflib-shim-algebra-level-reassignment/raw/final-lossless-evidence-archive/objects/497dbdaa97cefd58f34281d454c84473a40d462895e5e83bd610c8b57f7fc1a0.gz	497dbdaa97cefd58f34281d454c84473a40d462895e5e83bd610c8b57f7fc1a0	gzip	raw/native-cost-candidate-863c75-direct-dispatch-ir/qualification_454_native_cost.purrdf_core-c1792174a43b914e.purrdf_core.ce843a9727c25724-cgu.0.rcgu.o.rcgu.ll
/home/paudley/Active/purrdf/.worktrees/454-rdflib-shim-algebra-level-reassignment/.stage/rdflib-shim-algebra-level-reassignment/raw/native-cost-candidate-863c75-direct-dispatch-ir/qualification_454_native_cost.purrdf_core-c1792174a43b914e.purrdf_core.ce843a9727c25724-cgu.0.rcgu.o.rcgu.s	/opt/purrdf-454-evidence-package.GD9kNHfZ/preserved-stage-originals/raw/native-cost-candidate-863c75-direct-dispatch-ir/qualification_454_native_cost.purrdf_core-c1792174a43b914e.purrdf_core.ce843a9727c25724-cgu.0.rcgu.o.rcgu.s	644	3884204	4b0128a31499ed05ac2430075ed519540a2ae7ab4fc66e2bde8e53640528b948	/home/paudley/Active/purrdf/.worktrees/454-rdflib-shim-algebra-level-reassignment/.stage/rdflib-shim-algebra-level-reassignment/raw/final-lossless-evidence-archive/objects/25cfc45a3ffa54e497e258d0452939f0c7560ae61fd299950ac2ad582a8591bd.gz	25cfc45a3ffa54e497e258d0452939f0c7560ae61fd299950ac2ad582a8591bd	gzip	raw/native-cost-candidate-863c75-direct-dispatch-ir/qualification_454_native_cost.purrdf_core-c1792174a43b914e.purrdf_core.ce843a9727c25724-cgu.0.rcgu.o.rcgu.s
/home/paudley/Active/purrdf/.worktrees/454-rdflib-shim-algebra-level-reassignment/.stage/rdflib-shim-algebra-level-reassignment/raw/native-cost-candidate-863c75-direct-dispatch-ir/qualification_454_native_cost.purrdf_iri-1f1d526d055ecfbb.purrdf_iri.6d5e0d082ee51115-cgu.0.rcgu.o.rcgu.ll	/opt/purrdf-454-evidence-package.GD9kNHfZ/preserved-stage-originals/raw/native-cost-candidate-863c75-direct-dispatch-ir/qualification_454_native_cost.purrdf_iri-1f1d526d055ecfbb.purrdf_iri.6d5e0d082ee51115-cgu.0.rcgu.o.rcgu.ll	644	1508682	20d4c6e5a7cea4e9e2e68830cbd651cd33db9abce266ed1db1615a4f2dae1e32	/home/paudley/Active/purrdf/.worktrees/454-rdflib-shim-algebra-level-reassignment/.stage/rdflib-shim-algebra-level-reassignment/raw/final-lossless-evidence-archive/objects/c904e2f47012a8ef04692a7d5f165c8ecf7b8b047af443bb828d77c6b6776b83.gz	c904e2f47012a8ef04692a7d5f165c8ecf7b8b047af443bb828d77c6b6776b83	gzip	raw/native-cost-candidate-863c75-direct-dispatch-ir/qualification_454_native_cost.purrdf_iri-1f1d526d055ecfbb.purrdf_iri.6d5e0d082ee51115-cgu.0.rcgu.o.rcgu.ll
/home/paudley/Active/purrdf/.worktrees/454-rdflib-shim-algebra-level-reassignment/.stage/rdflib-shim-algebra-level-reassignment/raw/native-cost-candidate-863c75-direct-dispatch-ir/qualification_454_native_cost.purrdf_lex-8a1054ef04a1ca05.purrdf_lex.1fd7b0069f7c4a15-cgu.0.rcgu.o.rcgu.ll	/opt/purrdf-454-evidence-package.GD9kNHfZ/preserved-stage-originals/raw/native-cost-candidate-863c75-direct-dispatch-ir/qualification_454_native_cost.purrdf_lex-8a1054ef04a1ca05.purrdf_lex.1fd7b0069f7c4a15-cgu.0.rcgu.o.rcgu.ll	644	1136745	991d1b309b1f61518700a8afb6e14cd0566ef40316297dcbab05969feab4bbcb	/home/paudley/Active/purrdf/.worktrees/454-rdflib-shim-algebra-level-reassignment/.stage/rdflib-shim-algebra-level-reassignment/raw/final-lossless-evidence-archive/objects/37ac87910f270d4a7a3fc204c0da4d1e8ec2d63ee786d7213c7e478595ae1b3a.gz	37ac87910f270d4a7a3fc204c0da4d1e8ec2d63ee786d7213c7e478595ae1b3a	gzip	raw/native-cost-candidate-863c75-direct-dispatch-ir/qualification_454_native_cost.purrdf_lex-8a1054ef04a1ca05.purrdf_lex.1fd7b0069f7c4a15-cgu.0.rcgu.o.rcgu.ll
/home/paudley/Active/purrdf/.worktrees/454-rdflib-shim-algebra-level-reassignment/.stage/rdflib-shim-algebra-level-reassignment/raw/native-cost-candidate-863c75-direct-dispatch-ir/qualification_454_native_cost.purrdf_sparql_algebra-2f54bfeaed8b20be.purrdf_sparql_algebra.1f9a9904874edf46-cgu.0.rcgu.o.rcgu.ll	/opt/purrdf-454-evidence-package.GD9kNHfZ/preserved-stage-originals/raw/native-cost-candidate-863c75-direct-dispatch-ir/qualification_454_native_cost.purrdf_sparql_algebra-2f54bfeaed8b20be.purrdf_sparql_algebra.1f9a9904874edf46-cgu.0.rcgu.o.rcgu.ll	644	20580055	29e8d965dd5423c2515b0c23f365bac73069f2746c4ccbab0a4ad2ab608faba6	/home/paudley/Active/purrdf/.worktrees/454-rdflib-shim-algebra-level-reassignment/.stage/rdflib-shim-algebra-level-reassignment/raw/final-lossless-evidence-archive/objects/5ba4d6cbfb061eef5e4e1878f8cbc37b2b76dc4d0aa2a30273c2d90fc2e1d2f3.gz	5ba4d6cbfb061eef5e4e1878f8cbc37b2b76dc4d0aa2a30273c2d90fc2e1d2f3	gzip	raw/native-cost-candidate-863c75-direct-dispatch-ir/qualification_454_native_cost.purrdf_sparql_algebra-2f54bfeaed8b20be.purrdf_sparql_algebra.1f9a9904874edf46-cgu.0.rcgu.o.rcgu.ll
/home/paudley/Active/purrdf/.worktrees/454-rdflib-shim-algebra-level-reassignment/.stage/rdflib-shim-algebra-level-reassignment/raw/native-cost-candidate-863c75-direct-dispatch-ir/qualification_454_native_cost.purrdf_sparql_algebra-2f54bfeaed8b20be.purrdf_sparql_algebra.1f9a9904874edf46-cgu.0.rcgu.o.rcgu.s	/opt/purrdf-454-evidence-package.GD9kNHfZ/preserved-stage-originals/raw/native-cost-candidate-863c75-direct-dispatch-ir/qualification_454_native_cost.purrdf_sparql_algebra-2f54bfeaed8b20be.purrdf_sparql_algebra.1f9a9904874edf46-cgu.0.rcgu.o.rcgu.s	644	7037236	76e7ecbef72f0e27d63964d4ac7119664e7b16419e34202de3217d871b4145bc	/home/paudley/Active/purrdf/.worktrees/454-rdflib-shim-algebra-level-reassignment/.stage/rdflib-shim-algebra-level-reassignment/raw/final-lossless-evidence-archive/objects/76bcb27551afe1882c637aab4b99dfeae683ce5f7d8689bfd6c04e659541bb27.gz	76bcb27551afe1882c637aab4b99dfeae683ce5f7d8689bfd6c04e659541bb27	gzip	raw/native-cost-candidate-863c75-direct-dispatch-ir/qualification_454_native_cost.purrdf_sparql_algebra-2f54bfeaed8b20be.purrdf_sparql_algebra.1f9a9904874edf46-cgu.0.rcgu.o.rcgu.s
/home/paudley/Active/purrdf/.worktrees/454-rdflib-shim-algebra-level-reassignment/.stage/rdflib-shim-algebra-level-reassignment/raw/native-cost-candidate-863c75-direct-dispatch-ir/qualification_454_native_cost.purrdf_sparql_eval-bf425426783cf5de.purrdf_sparql_eval.1e4be50d5a1c0ebd-cgu.0.rcgu.o.rcgu.ll	/opt/purrdf-454-evidence-package.GD9kNHfZ/preserved-stage-originals/raw/native-cost-candidate-863c75-direct-dispatch-ir/qualification_454_native_cost.purrdf_sparql_eval-bf425426783cf5de.purrdf_sparql_eval.1e4be50d5a1c0ebd-cgu.0.rcgu.o.rcgu.ll	644	72158623	c8544d8a085dcff017e7ce6abd86cf9826d0f1fb2fb6b6be7936a11507d3789f	/home/paudley/Active/purrdf/.worktrees/454-rdflib-shim-algebra-level-reassignment/.stage/rdflib-shim-algebra-level-reassignment/raw/final-lossless-evidence-archive/objects/b90f4c28ba9351b304a9a3b9ba6def6462e83f1c310c18ad7b72fec9a5b2013e.gz	b90f4c28ba9351b304a9a3b9ba6def6462e83f1c310c18ad7b72fec9a5b2013e	gzip	raw/native-cost-candidate-863c75-direct-dispatch-ir/qualification_454_native_cost.purrdf_sparql_eval-bf425426783cf5de.purrdf_sparql_eval.1e4be50d5a1c0ebd-cgu.0.rcgu.o.rcgu.ll
/home/paudley/Active/purrdf/.worktrees/454-rdflib-shim-algebra-level-reassignment/.stage/rdflib-shim-algebra-level-reassignment/raw/native-cost-candidate-863c75-direct-dispatch-ir/qualification_454_native_cost.purrdf_sparql_eval-bf425426783cf5de.purrdf_sparql_eval.1e4be50d5a1c0ebd-cgu.0.rcgu.o.rcgu.s	/opt/purrdf-454-evidence-package.GD9kNHfZ/preserved-stage-originals/raw/native-cost-candidate-863c75-direct-dispatch-ir/qualification_454_native_cost.purrdf_sparql_eval-bf425426783cf5de.purrdf_sparql_eval.1e4be50d5a1c0ebd-cgu.0.rcgu.o.rcgu.s	644	27465941	6e833b951d2c6816ccaf7aefb1861c0c6f820b2ea4316b3aeda9d309c6bc931d	/home/paudley/Active/purrdf/.worktrees/454-rdflib-shim-algebra-level-reassignment/.stage/rdflib-shim-algebra-level-reassignment/raw/final-lossless-evidence-archive/objects/0da4532ed40920e62c4455b6ea3aea5b2bca1aa41cdea671517f8a397fc38089.gz	0da4532ed40920e62c4455b6ea3aea5b2bca1aa41cdea671517f8a397fc38089	gzip	raw/native-cost-candidate-863c75-direct-dispatch-ir/qualification_454_native_cost.purrdf_sparql_eval-bf425426783cf5de.purrdf_sparql_eval.1e4be50d5a1c0ebd-cgu.0.rcgu.o.rcgu.s
/home/paudley/Active/purrdf/.worktrees/454-rdflib-shim-algebra-level-reassignment/.stage/rdflib-shim-algebra-level-reassignment/raw/native-cost-candidate-863c75-direct-dispatch-ir/qualification_454_native_cost.purrdf_xsd-63c2141a0f4369ee.purrdf_xsd.adc7a472107af13b-cgu.0.rcgu.o.rcgu.ll	/opt/purrdf-454-evidence-package.GD9kNHfZ/preserved-stage-originals/raw/native-cost-candidate-863c75-direct-dispatch-ir/qualification_454_native_cost.purrdf_xsd-63c2141a0f4369ee.purrdf_xsd.adc7a472107af13b-cgu.0.rcgu.o.rcgu.ll	644	2468636	a98faa77e0abb788abbea40600e02ef8fadfba9806b41a063e1178dd57f51658	/home/paudley/Active/purrdf/.worktrees/454-rdflib-shim-algebra-level-reassignment/.stage/rdflib-shim-algebra-level-reassignment/raw/final-lossless-evidence-archive/objects/1729b04667c1c89e5a6e7473e1dc2c480b44a5dd3e8e0f79400254f1668a06d7.gz	1729b04667c1c89e5a6e7473e1dc2c480b44a5dd3e8e0f79400254f1668a06d7	gzip	raw/native-cost-candidate-863c75-direct-dispatch-ir/qualification_454_native_cost.purrdf_xsd-63c2141a0f4369ee.purrdf_xsd.adc7a472107af13b-cgu.0.rcgu.o.rcgu.ll
/home/paudley/Active/purrdf/.worktrees/454-rdflib-shim-algebra-level-reassignment/.stage/rdflib-shim-algebra-level-reassignment/raw/native-cost-candidate-863c75-direct-dispatch-ir/qualification_454_native_cost.purrdf_xsd-63c2141a0f4369ee.purrdf_xsd.adc7a472107af13b-cgu.0.rcgu.o.rcgu.s	/opt/purrdf-454-evidence-package.GD9kNHfZ/preserved-stage-originals/raw/native-cost-candidate-863c75-direct-dispatch-ir/qualification_454_native_cost.purrdf_xsd-63c2141a0f4369ee.purrdf_xsd.adc7a472107af13b-cgu.0.rcgu.o.rcgu.s	644	1155774	0c840dc1d98270980e4ed7807a6b094683537b61ce028cb251b0d4bfb84b9cde	/home/paudley/Active/purrdf/.worktrees/454-rdflib-shim-algebra-level-reassignment/.stage/rdflib-shim-algebra-level-reassignment/raw/final-lossless-evidence-archive/objects/4f9eccb693936e46cc86fc5515228c4054ac4172f870d81303d17aa8ba1e9245.gz	4f9eccb693936e46cc86fc5515228c4054ac4172f870d81303d17aa8ba1e9245	gzip	raw/native-cost-candidate-863c75-direct-dispatch-ir/qualification_454_native_cost.purrdf_xsd-63c2141a0f4369ee.purrdf_xsd.adc7a472107af13b-cgu.0.rcgu.o.rcgu.s
/home/paudley/Active/purrdf/.worktrees/454-rdflib-shim-algebra-level-reassignment/.stage/rdflib-shim-algebra-level-reassignment/raw/native-cost-candidate-863c75-direct-dispatch-ir/qualification_454_native_cost.qualification_454_native_cost.258b1530d971e06d-cgu.0.rcgu.ll	/opt/purrdf-454-evidence-package.GD9kNHfZ/preserved-stage-originals/raw/native-cost-candidate-863c75-direct-dispatch-ir/qualification_454_native_cost.qualification_454_native_cost.258b1530d971e06d-cgu.0.rcgu.ll	644	13110487	0f6a16a46f58b63695ce818026cb992b94d1bbdcc725841655bcbd9c0e47c257	/home/paudley/Active/purrdf/.worktrees/454-rdflib-shim-algebra-level-reassignment/.stage/rdflib-shim-algebra-level-reassignment/raw/final-lossless-evidence-archive/objects/2b81d49bd25a192e4453fd0689368a6c643b2fd9adf3c886dbcfaef9411bbf51.gz	2b81d49bd25a192e4453fd0689368a6c643b2fd9adf3c886dbcfaef9411bbf51	gzip	raw/native-cost-candidate-863c75-direct-dispatch-ir/qualification_454_native_cost.qualification_454_native_cost.258b1530d971e06d-cgu.0.rcgu.ll
/home/paudley/Active/purrdf/.worktrees/454-rdflib-shim-algebra-level-reassignment/.stage/rdflib-shim-algebra-level-reassignment/raw/native-cost-candidate-863c75-direct-dispatch-ir/qualification_454_native_cost.qualification_454_native_cost.258b1530d971e06d-cgu.0.rcgu.s	/opt/purrdf-454-evidence-package.GD9kNHfZ/preserved-stage-originals/raw/native-cost-candidate-863c75-direct-dispatch-ir/qualification_454_native_cost.qualification_454_native_cost.258b1530d971e06d-cgu.0.rcgu.s	644	3816412	5f2360c6b24b900f8b27ec134c532d09722a40cac4ba5db56a1c0a498d3120af	/home/paudley/Active/purrdf/.worktrees/454-rdflib-shim-algebra-level-reassignment/.stage/rdflib-shim-algebra-level-reassignment/raw/final-lossless-evidence-archive/objects/10277825f38afd222af5bff561b18a3ab76558d88786e2085278a5b45cb55973.gz	10277825f38afd222af5bff561b18a3ab76558d88786e2085278a5b45cb55973	gzip	raw/native-cost-candidate-863c75-direct-dispatch-ir/qualification_454_native_cost.qualification_454_native_cost.258b1530d971e06d-cgu.0.rcgu.s
/home/paudley/Active/purrdf/.worktrees/454-rdflib-shim-algebra-level-reassignment/.stage/rdflib-shim-algebra-level-reassignment/raw/native-cost-candidate-863c75-direct-dispatch-ir/qualification_454_native_cost.rayon_core-85598031e85a4450.rayon_core.47ca217b8d4110f1-cgu.0.rcgu.o.rcgu.ll	/opt/purrdf-454-evidence-package.GD9kNHfZ/preserved-stage-originals/raw/native-cost-candidate-863c75-direct-dispatch-ir/qualification_454_native_cost.rayon_core-85598031e85a4450.rayon_core.47ca217b8d4110f1-cgu.0.rcgu.o.rcgu.ll	644	1229324	f09715fcd9554f17d7a8841cf70c2ca67dd586d4b6cc56b00c2984104870b239	/home/paudley/Active/purrdf/.worktrees/454-rdflib-shim-algebra-level-reassignment/.stage/rdflib-shim-algebra-level-reassignment/raw/final-lossless-evidence-archive/objects/5dca3be2a61103e9ca1221994f5404c47d73aa9c839acdeec9449aba0d69b493.gz	5dca3be2a61103e9ca1221994f5404c47d73aa9c839acdeec9449aba0d69b493	gzip	raw/native-cost-candidate-863c75-direct-dispatch-ir/qualification_454_native_cost.rayon_core-85598031e85a4450.rayon_core.47ca217b8d4110f1-cgu.0.rcgu.o.rcgu.ll
/home/paudley/Active/purrdf/.worktrees/454-rdflib-shim-algebra-level-reassignment/.stage/rdflib-shim-algebra-level-reassignment/raw/native-cost-candidate-863c75-direct-dispatch-ir/qualification_454_native_cost.regex_automata-443ceb1c47427307.regex_automata.b12be791bb49d87e-cgu.0.rcgu.o.rcgu.ll	/opt/purrdf-454-evidence-package.GD9kNHfZ/preserved-stage-originals/raw/native-cost-candidate-863c75-direct-dispatch-ir/qualification_454_native_cost.regex_automata-443ceb1c47427307.regex_automata.b12be791bb49d87e-cgu.0.rcgu.o.rcgu.ll	644	8941555	0217e021d55d9856488bc1c1be186e45f9e74dab63d589d8d0832051cee93aca	/home/paudley/Active/purrdf/.worktrees/454-rdflib-shim-algebra-level-reassignment/.stage/rdflib-shim-algebra-level-reassignment/raw/final-lossless-evidence-archive/objects/61768da03dc528909122d23d9c5c62817e7943e94de3627fe8e52aa99e3e40d5.gz	61768da03dc528909122d23d9c5c62817e7943e94de3627fe8e52aa99e3e40d5	gzip	raw/native-cost-candidate-863c75-direct-dispatch-ir/qualification_454_native_cost.regex_automata-443ceb1c47427307.regex_automata.b12be791bb49d87e-cgu.0.rcgu.o.rcgu.ll
/home/paudley/Active/purrdf/.worktrees/454-rdflib-shim-algebra-level-reassignment/.stage/rdflib-shim-algebra-level-reassignment/raw/native-cost-candidate-863c75-direct-dispatch-ir/qualification_454_native_cost.regex_automata-443ceb1c47427307.regex_automata.b12be791bb49d87e-cgu.0.rcgu.o.rcgu.s	/opt/purrdf-454-evidence-package.GD9kNHfZ/preserved-stage-originals/raw/native-cost-candidate-863c75-direct-dispatch-ir/qualification_454_native_cost.regex_automata-443ceb1c47427307.regex_automata.b12be791bb49d87e-cgu.0.rcgu.o.rcgu.s	644	3116716	f69014242b7e69fde83c901b5656cd6ecc052bf2df1180cb6ac2db37512be723	/home/paudley/Active/purrdf/.worktrees/454-rdflib-shim-algebra-level-reassignment/.stage/rdflib-shim-algebra-level-reassignment/raw/final-lossless-evidence-archive/objects/b316ca78c4806d9caa192fb426c997b644eeca6c40875e231d26b5618e675b9f.gz	b316ca78c4806d9caa192fb426c997b644eeca6c40875e231d26b5618e675b9f	gzip	raw/native-cost-candidate-863c75-direct-dispatch-ir/qualification_454_native_cost.regex_automata-443ceb1c47427307.regex_automata.b12be791bb49d87e-cgu.0.rcgu.o.rcgu.s
/home/paudley/Active/purrdf/.worktrees/454-rdflib-shim-algebra-level-reassignment/.stage/rdflib-shim-algebra-level-reassignment/raw/native-cost-candidate-863c75-direct-dispatch-ir/qualification_454_native_cost.regex_syntax-6125fa51d0bc5933.regex_syntax.612fae0621a53369-cgu.0.rcgu.o.rcgu.ll	/opt/purrdf-454-evidence-package.GD9kNHfZ/preserved-stage-originals/raw/native-cost-candidate-863c75-direct-dispatch-ir/qualification_454_native_cost.regex_syntax-6125fa51d0bc5933.regex_syntax.612fae0621a53369-cgu.0.rcgu.o.rcgu.ll	644	9207442	fd5da21e82a7abe4adf655a4f7973ee1ac1f640959a261022e53ab9b33e92f94	/home/paudley/Active/purrdf/.worktrees/454-rdflib-shim-algebra-level-reassignment/.stage/rdflib-shim-algebra-level-reassignment/raw/final-lossless-evidence-archive/objects/985bb6291103220e85b7d982d2d74d44cefa16dfb3fb042ace6a77e162896707.gz	985bb6291103220e85b7d982d2d74d44cefa16dfb3fb042ace6a77e162896707	gzip	raw/native-cost-candidate-863c75-direct-dispatch-ir/qualification_454_native_cost.regex_syntax-6125fa51d0bc5933.regex_syntax.612fae0621a53369-cgu.0.rcgu.o.rcgu.ll
/home/paudley/Active/purrdf/.worktrees/454-rdflib-shim-algebra-level-reassignment/.stage/rdflib-shim-algebra-level-reassignment/raw/native-cost-candidate-863c75-direct-dispatch-ir/qualification_454_native_cost.regex_syntax-6125fa51d0bc5933.regex_syntax.612fae0621a53369-cgu.0.rcgu.o.rcgu.s	/opt/purrdf-454-evidence-package.GD9kNHfZ/preserved-stage-originals/raw/native-cost-candidate-863c75-direct-dispatch-ir/qualification_454_native_cost.regex_syntax-6125fa51d0bc5933.regex_syntax.612fae0621a53369-cgu.0.rcgu.o.rcgu.s	644	5221908	ce0742f883be55d13b6d94692248a6454ed0dc043d12c402cc28e9482b12601a	/home/paudley/Active/purrdf/.worktrees/454-rdflib-shim-algebra-level-reassignment/.stage/rdflib-shim-algebra-level-reassignment/raw/final-lossless-evidence-archive/objects/6ed87c835834eec795b58a11195f949f40605215cd276e0a32d6efafd0cac9f6.gz	6ed87c835834eec795b58a11195f949f40605215cd276e0a32d6efafd0cac9f6	gzip	raw/native-cost-candidate-863c75-direct-dispatch-ir/qualification_454_native_cost.regex_syntax-6125fa51d0bc5933.regex_syntax.612fae0621a53369-cgu.0.rcgu.o.rcgu.s
/home/paudley/Active/purrdf/.worktrees/454-rdflib-shim-algebra-level-reassignment/.stage/rdflib-shim-algebra-level-reassignment/raw/native-cost-candidate-863c75-direct-dispatch-ir/qualification_454_native_cost.std-453218b5e9634890.std.552422bcccb5c833-cgu.0.rcgu.o.rcgu.ll	/opt/purrdf-454-evidence-package.GD9kNHfZ/preserved-stage-originals/raw/native-cost-candidate-863c75-direct-dispatch-ir/qualification_454_native_cost.std-453218b5e9634890.std.552422bcccb5c833-cgu.0.rcgu.o.rcgu.ll	644	14395118	15e3fea4e30968f919bc1391cf9808478827023c716694d2fc75c07489885366	/home/paudley/Active/purrdf/.worktrees/454-rdflib-shim-algebra-level-reassignment/.stage/rdflib-shim-algebra-level-reassignment/raw/final-lossless-evidence-archive/objects/c60db179be09ef5dbbbd8d39a158f91c46a3d18e629e51755bc910a247ae1024.gz	c60db179be09ef5dbbbd8d39a158f91c46a3d18e629e51755bc910a247ae1024	gzip	raw/native-cost-candidate-863c75-direct-dispatch-ir/qualification_454_native_cost.std-453218b5e9634890.std.552422bcccb5c833-cgu.0.rcgu.o.rcgu.ll
/home/paudley/Active/purrdf/.worktrees/454-rdflib-shim-algebra-level-reassignment/.stage/rdflib-shim-algebra-level-reassignment/raw/native-cost-candidate-863c75-direct-dispatch-ir/qualification_454_native_cost.std-453218b5e9634890.std.552422bcccb5c833-cgu.0.rcgu.o.rcgu.s	/opt/purrdf-454-evidence-package.GD9kNHfZ/preserved-stage-originals/raw/native-cost-candidate-863c75-direct-dispatch-ir/qualification_454_native_cost.std-453218b5e9634890.std.552422bcccb5c833-cgu.0.rcgu.o.rcgu.s	644	7010945	ac74af659a2fe81ee847fd2cfbc0fba981789a5b69c380597d04543bd90c73d4	/home/paudley/Active/purrdf/.worktrees/454-rdflib-shim-algebra-level-reassignment/.stage/rdflib-shim-algebra-level-reassignment/raw/final-lossless-evidence-archive/objects/ce568213e49e7b125dd402ea050b86ae19d65932fb2354f3ffc6bf87a10c34e8.gz	ce568213e49e7b125dd402ea050b86ae19d65932fb2354f3ffc6bf87a10c34e8	gzip	raw/native-cost-candidate-863c75-direct-dispatch-ir/qualification_454_native_cost.std-453218b5e9634890.std.552422bcccb5c833-cgu.0.rcgu.o.rcgu.s
/home/paudley/Active/purrdf/.worktrees/454-rdflib-shim-algebra-level-reassignment/.stage/rdflib-shim-algebra-level-reassignment/raw/native-cost-candidate-863c75-ir/qualification_454_native_cost.core-5f5c0031517c19c4.core.1b0f708be8c133d1-cgu.0.rcgu.o.rcgu.ll	/opt/purrdf-454-evidence-package.GD9kNHfZ/preserved-stage-originals/raw/native-cost-candidate-863c75-ir/qualification_454_native_cost.core-5f5c0031517c19c4.core.1b0f708be8c133d1-cgu.0.rcgu.o.rcgu.ll	644	3316642	0519f19e733b02208b41db7569d033ba31acdb723e44c1e4dd6254b28d855c01	/home/paudley/Active/purrdf/.worktrees/454-rdflib-shim-algebra-level-reassignment/.stage/rdflib-shim-algebra-level-reassignment/raw/final-lossless-evidence-archive/objects/4ab90ae0e7cae3016047a313e570ded16ca02bc145b0188a6f835a6a6b869a36.gz	4ab90ae0e7cae3016047a313e570ded16ca02bc145b0188a6f835a6a6b869a36	gzip	raw/native-cost-candidate-863c75-ir/qualification_454_native_cost.core-5f5c0031517c19c4.core.1b0f708be8c133d1-cgu.0.rcgu.o.rcgu.ll
/home/paudley/Active/purrdf/.worktrees/454-rdflib-shim-algebra-level-reassignment/.stage/rdflib-shim-algebra-level-reassignment/raw/native-cost-candidate-863c75-ir/qualification_454_native_cost.core-5f5c0031517c19c4.core.1b0f708be8c133d1-cgu.0.rcgu.o.rcgu.s	/opt/purrdf-454-evidence-package.GD9kNHfZ/preserved-stage-originals/raw/native-cost-candidate-863c75-ir/qualification_454_native_cost.core-5f5c0031517c19c4.core.1b0f708be8c133d1-cgu.0.rcgu.o.rcgu.s	644	1659531	8214b406f49313dd748fdc8dd7416e9f0ed2fa14d8d6f0e0770cdad590e8490c	/home/paudley/Active/purrdf/.worktrees/454-rdflib-shim-algebra-level-reassignment/.stage/rdflib-shim-algebra-level-reassignment/raw/final-lossless-evidence-archive/objects/101798f021e10db3caf900ad0950b2cf159526628a4adb34459d4f97d633848c.gz	101798f021e10db3caf900ad0950b2cf159526628a4adb34459d4f97d633848c	gzip	raw/native-cost-candidate-863c75-ir/qualification_454_native_cost.core-5f5c0031517c19c4.core.1b0f708be8c133d1-cgu.0.rcgu.o.rcgu.s
/home/paudley/Active/purrdf/.worktrees/454-rdflib-shim-algebra-level-reassignment/.stage/rdflib-shim-algebra-level-reassignment/raw/native-cost-candidate-863c75-ir/qualification_454_native_cost.purrdf_cdt-7285be266600a81c.purrdf_cdt.65bb4d13a4648eed-cgu.0.rcgu.o.rcgu.ll	/opt/purrdf-454-evidence-package.GD9kNHfZ/preserved-stage-originals/raw/native-cost-candidate-863c75-ir/qualification_454_native_cost.purrdf_cdt-7285be266600a81c.purrdf_cdt.65bb4d13a4648eed-cgu.0.rcgu.o.rcgu.ll	644	3507870	e15fe757d4f97e8094249d44ae519cfe3a87bb8f99c059154103e65f7e5acc92	/home/paudley/Active/purrdf/.worktrees/454-rdflib-shim-algebra-level-reassignment/.stage/rdflib-shim-algebra-level-reassignment/raw/final-lossless-evidence-archive/objects/a435ad666d2d88e21860650945a6d6f394339abb8f3f47f74faf64c48ec8ef46.gz	a435ad666d2d88e21860650945a6d6f394339abb8f3f47f74faf64c48ec8ef46	gzip	raw/native-cost-candidate-863c75-ir/qualification_454_native_cost.purrdf_cdt-7285be266600a81c.purrdf_cdt.65bb4d13a4648eed-cgu.0.rcgu.o.rcgu.ll
/home/paudley/Active/purrdf/.worktrees/454-rdflib-shim-algebra-level-reassignment/.stage/rdflib-shim-algebra-level-reassignment/raw/native-cost-candidate-863c75-ir/qualification_454_native_cost.purrdf_cdt-7285be266600a81c.purrdf_cdt.65bb4d13a4648eed-cgu.0.rcgu.o.rcgu.s	/opt/purrdf-454-evidence-package.GD9kNHfZ/preserved-stage-originals/raw/native-cost-candidate-863c75-ir/qualification_454_native_cost.purrdf_cdt-7285be266600a81c.purrdf_cdt.65bb4d13a4648eed-cgu.0.rcgu.o.rcgu.s	644	1498878	0a3f8a4428233658746a03a3fc1d5fe47356814e824b191acf84e484ef891829	/home/paudley/Active/purrdf/.worktrees/454-rdflib-shim-algebra-level-reassignment/.stage/rdflib-shim-algebra-level-reassignment/raw/final-lossless-evidence-archive/objects/f875485fabc071c4d3933986a84f78ea756c5235d53ad5e1620d42a9668729be.gz	f875485fabc071c4d3933986a84f78ea756c5235d53ad5e1620d42a9668729be	gzip	raw/native-cost-candidate-863c75-ir/qualification_454_native_cost.purrdf_cdt-7285be266600a81c.purrdf_cdt.65bb4d13a4648eed-cgu.0.rcgu.o.rcgu.s
/home/paudley/Active/purrdf/.worktrees/454-rdflib-shim-algebra-level-reassignment/.stage/rdflib-shim-algebra-level-reassignment/raw/native-cost-candidate-863c75-ir/qualification_454_native_cost.purrdf_core-c1792174a43b914e.purrdf_core.ce843a9727c25724-cgu.0.rcgu.o.rcgu.ll	/opt/purrdf-454-evidence-package.GD9kNHfZ/preserved-stage-originals/raw/native-cost-candidate-863c75-ir/qualification_454_native_cost.purrdf_core-c1792174a43b914e.purrdf_core.ce843a9727c25724-cgu.0.rcgu.o.rcgu.ll	644	9870544	3a34bdce4477c1e20b90a1d9eb81ff8b02e3e6faaed1543b3f50f519a5bdd7c9	/home/paudley/Active/purrdf/.worktrees/454-rdflib-shim-algebra-level-reassignment/.stage/rdflib-shim-algebra-level-reassignment/raw/final-lossless-evidence-archive/objects/68d638f3c55dc22ee1d2c01473ad2097bfb72c267ac35e63431ffd244ca04081.gz	68d638f3c55dc22ee1d2c01473ad2097bfb72c267ac35e63431ffd244ca04081	gzip	raw/native-cost-candidate-863c75-ir/qualification_454_native_cost.purrdf_core-c1792174a43b914e.purrdf_core.ce843a9727c25724-cgu.0.rcgu.o.rcgu.ll
/home/paudley/Active/purrdf/.worktrees/454-rdflib-shim-algebra-level-reassignment/.stage/rdflib-shim-algebra-level-reassignment/raw/native-cost-candidate-863c75-ir/qualification_454_native_cost.purrdf_core-c1792174a43b914e.purrdf_core.ce843a9727c25724-cgu.0.rcgu.o.rcgu.s	/opt/purrdf-454-evidence-package.GD9kNHfZ/preserved-stage-originals/raw/native-cost-candidate-863c75-ir/qualification_454_native_cost.purrdf_core-c1792174a43b914e.purrdf_core.ce843a9727c25724-cgu.0.rcgu.o.rcgu.s	644	3884185	798305dd7fbd4cb7ad3ceece166f9ca283e07f36cf56ec8852ef2ff0e90660d0	/home/paudley/Active/purrdf/.worktrees/454-rdflib-shim-algebra-level-reassignment/.stage/rdflib-shim-algebra-level-reassignment/raw/final-lossless-evidence-archive/objects/05d175f05e4e6dbcde87a1bd0f423b73b4bf891074d3501c78e7d217baf984df.gz	05d175f05e4e6dbcde87a1bd0f423b73b4bf891074d3501c78e7d217baf984df	gzip	raw/native-cost-candidate-863c75-ir/qualification_454_native_cost.purrdf_core-c1792174a43b914e.purrdf_core.ce843a9727c25724-cgu.0.rcgu.o.rcgu.s
/home/paudley/Active/purrdf/.worktrees/454-rdflib-shim-algebra-level-reassignment/.stage/rdflib-shim-algebra-level-reassignment/raw/native-cost-candidate-863c75-ir/qualification_454_native_cost.purrdf_iri-1f1d526d055ecfbb.purrdf_iri.6d5e0d082ee51115-cgu.0.rcgu.o.rcgu.ll	/opt/purrdf-454-evidence-package.GD9kNHfZ/preserved-stage-originals/raw/native-cost-candidate-863c75-ir/qualification_454_native_cost.purrdf_iri-1f1d526d055ecfbb.purrdf_iri.6d5e0d082ee51115-cgu.0.rcgu.o.rcgu.ll	644	1508680	75cf93964f76624b318e1f18ae3022eac0cbbe108479ffea0a646494081c8e35	/home/paudley/Active/purrdf/.worktrees/454-rdflib-shim-algebra-level-reassignment/.stage/rdflib-shim-algebra-level-reassignment/raw/final-lossless-evidence-archive/objects/b881b2b29caea7bf766c0fdc33a243d93e8c0396cab5f55292dc577ce8a55ca7.gz	b881b2b29caea7bf766c0fdc33a243d93e8c0396cab5f55292dc577ce8a55ca7	gzip	raw/native-cost-candidate-863c75-ir/qualification_454_native_cost.purrdf_iri-1f1d526d055ecfbb.purrdf_iri.6d5e0d082ee51115-cgu.0.rcgu.o.rcgu.ll
/home/paudley/Active/purrdf/.worktrees/454-rdflib-shim-algebra-level-reassignment/.stage/rdflib-shim-algebra-level-reassignment/raw/native-cost-candidate-863c75-ir/qualification_454_native_cost.purrdf_lex-8a1054ef04a1ca05.purrdf_lex.1fd7b0069f7c4a15-cgu.0.rcgu.o.rcgu.ll	/opt/purrdf-454-evidence-package.GD9kNHfZ/preserved-stage-originals/raw/native-cost-candidate-863c75-ir/qualification_454_native_cost.purrdf_lex-8a1054ef04a1ca05.purrdf_lex.1fd7b0069f7c4a15-cgu.0.rcgu.o.rcgu.ll	644	1136743	52039dea54437cdefcf373604b035163111f4afa55c3bae62a8a35d29f863407	/home/paudley/Active/purrdf/.worktrees/454-rdflib-shim-algebra-level-reassignment/.stage/rdflib-shim-algebra-level-reassignment/raw/final-lossless-evidence-archive/objects/5ad03fa4780f4168783f79fc635394a1cd387f62e6207ebc5586c4122b7b7b98.gz	5ad03fa4780f4168783f79fc635394a1cd387f62e6207ebc5586c4122b7b7b98	gzip	raw/native-cost-candidate-863c75-ir/qualification_454_native_cost.purrdf_lex-8a1054ef04a1ca05.purrdf_lex.1fd7b0069f7c4a15-cgu.0.rcgu.o.rcgu.ll
/home/paudley/Active/purrdf/.worktrees/454-rdflib-shim-algebra-level-reassignment/.stage/rdflib-shim-algebra-level-reassignment/raw/native-cost-candidate-863c75-ir/qualification_454_native_cost.purrdf_sparql_algebra-2f54bfeaed8b20be.purrdf_sparql_algebra.1f9a9904874edf46-cgu.0.rcgu.o.rcgu.ll	/opt/purrdf-454-evidence-package.GD9kNHfZ/preserved-stage-originals/raw/native-cost-candidate-863c75-ir/qualification_454_native_cost.purrdf_sparql_algebra-2f54bfeaed8b20be.purrdf_sparql_algebra.1f9a9904874edf46-cgu.0.rcgu.o.rcgu.ll	644	20580053	73884144138764a521cd7a2c9278110613231eef552efb5d77033418abae5fbf	/home/paudley/Active/purrdf/.worktrees/454-rdflib-shim-algebra-level-reassignment/.stage/rdflib-shim-algebra-level-reassignment/raw/final-lossless-evidence-archive/objects/21b186956a36d71b866a08dc0175bc6b1b7596cc5c5a9be0f0df5f800af55304.gz	21b186956a36d71b866a08dc0175bc6b1b7596cc5c5a9be0f0df5f800af55304	gzip	raw/native-cost-candidate-863c75-ir/qualification_454_native_cost.purrdf_sparql_algebra-2f54bfeaed8b20be.purrdf_sparql_algebra.1f9a9904874edf46-cgu.0.rcgu.o.rcgu.ll
/home/paudley/Active/purrdf/.worktrees/454-rdflib-shim-algebra-level-reassignment/.stage/rdflib-shim-algebra-level-reassignment/raw/native-cost-candidate-863c75-ir/qualification_454_native_cost.purrdf_sparql_algebra-2f54bfeaed8b20be.purrdf_sparql_algebra.1f9a9904874edf46-cgu.0.rcgu.o.rcgu.s	/opt/purrdf-454-evidence-package.GD9kNHfZ/preserved-stage-originals/raw/native-cost-candidate-863c75-ir/qualification_454_native_cost.purrdf_sparql_algebra-2f54bfeaed8b20be.purrdf_sparql_algebra.1f9a9904874edf46-cgu.0.rcgu.o.rcgu.s	644	7037234	538c7f957b2f84d531ad853f2563a8b05aad3cc9db4d6b11845a3430d6cc3f80	/home/paudley/Active/purrdf/.worktrees/454-rdflib-shim-algebra-level-reassignment/.stage/rdflib-shim-algebra-level-reassignment/raw/final-lossless-evidence-archive/objects/412165b147ecc95ba871b032a89d682ef75dd81df1a3961a314041efb0974e6c.gz	412165b147ecc95ba871b032a89d682ef75dd81df1a3961a314041efb0974e6c	gzip	raw/native-cost-candidate-863c75-ir/qualification_454_native_cost.purrdf_sparql_algebra-2f54bfeaed8b20be.purrdf_sparql_algebra.1f9a9904874edf46-cgu.0.rcgu.o.rcgu.s
/home/paudley/Active/purrdf/.worktrees/454-rdflib-shim-algebra-level-reassignment/.stage/rdflib-shim-algebra-level-reassignment/raw/native-cost-candidate-863c75-ir/qualification_454_native_cost.purrdf_sparql_eval-bf425426783cf5de.purrdf_sparql_eval.1e4be50d5a1c0ebd-cgu.0.rcgu.o.rcgu.ll	/opt/purrdf-454-evidence-package.GD9kNHfZ/preserved-stage-originals/raw/native-cost-candidate-863c75-ir/qualification_454_native_cost.purrdf_sparql_eval-bf425426783cf5de.purrdf_sparql_eval.1e4be50d5a1c0ebd-cgu.0.rcgu.o.rcgu.ll	644	72156106	16eb1171a1583f4110296b53384dd9f5f48dbb1819774e4c895169005e6ae90b	/home/paudley/Active/purrdf/.worktrees/454-rdflib-shim-algebra-level-reassignment/.stage/rdflib-shim-algebra-level-reassignment/raw/final-lossless-evidence-archive/objects/2c160c7e12fbfb9a9fb41a01ecddb317049bb333a3561ecd3b9d68524d1ac7ef.gz	2c160c7e12fbfb9a9fb41a01ecddb317049bb333a3561ecd3b9d68524d1ac7ef	gzip	raw/native-cost-candidate-863c75-ir/qualification_454_native_cost.purrdf_sparql_eval-bf425426783cf5de.purrdf_sparql_eval.1e4be50d5a1c0ebd-cgu.0.rcgu.o.rcgu.ll
/home/paudley/Active/purrdf/.worktrees/454-rdflib-shim-algebra-level-reassignment/.stage/rdflib-shim-algebra-level-reassignment/raw/native-cost-candidate-863c75-ir/qualification_454_native_cost.purrdf_sparql_eval-bf425426783cf5de.purrdf_sparql_eval.1e4be50d5a1c0ebd-cgu.0.rcgu.o.rcgu.s	/opt/purrdf-454-evidence-package.GD9kNHfZ/preserved-stage-originals/raw/native-cost-candidate-863c75-ir/qualification_454_native_cost.purrdf_sparql_eval-bf425426783cf5de.purrdf_sparql_eval.1e4be50d5a1c0ebd-cgu.0.rcgu.o.rcgu.s	644	27464430	20fb41f4a4a69621c75530adf4b2642a52cec286c67460c6a5a9113d4fd4ed14	/home/paudley/Active/purrdf/.worktrees/454-rdflib-shim-algebra-level-reassignment/.stage/rdflib-shim-algebra-level-reassignment/raw/final-lossless-evidence-archive/objects/ea717ad54c6925485881242a2d8665b6a276cf21f958da3dd219a79d0d3b8df0.gz	ea717ad54c6925485881242a2d8665b6a276cf21f958da3dd219a79d0d3b8df0	gzip	raw/native-cost-candidate-863c75-ir/qualification_454_native_cost.purrdf_sparql_eval-bf425426783cf5de.purrdf_sparql_eval.1e4be50d5a1c0ebd-cgu.0.rcgu.o.rcgu.s
/home/paudley/Active/purrdf/.worktrees/454-rdflib-shim-algebra-level-reassignment/.stage/rdflib-shim-algebra-level-reassignment/raw/native-cost-candidate-863c75-ir/qualification_454_native_cost.purrdf_xsd-63c2141a0f4369ee.purrdf_xsd.adc7a472107af13b-cgu.0.rcgu.o.rcgu.ll	/opt/purrdf-454-evidence-package.GD9kNHfZ/preserved-stage-originals/raw/native-cost-candidate-863c75-ir/qualification_454_native_cost.purrdf_xsd-63c2141a0f4369ee.purrdf_xsd.adc7a472107af13b-cgu.0.rcgu.o.rcgu.ll	644	2468634	d9d140ed4774792067625df6bf350a4e9b448be7115450db3b6fa5c4d6ac5bca	/home/paudley/Active/purrdf/.worktrees/454-rdflib-shim-algebra-level-reassignment/.stage/rdflib-shim-algebra-level-reassignment/raw/final-lossless-evidence-archive/objects/9275c01ebf54e2c62f3309f7e2d82d194282626ad0ba4a11ecc3ba5db5d76e7e.gz	9275c01ebf54e2c62f3309f7e2d82d194282626ad0ba4a11ecc3ba5db5d76e7e	gzip	raw/native-cost-candidate-863c75-ir/qualification_454_native_cost.purrdf_xsd-63c2141a0f4369ee.purrdf_xsd.adc7a472107af13b-cgu.0.rcgu.o.rcgu.ll
/home/paudley/Active/purrdf/.worktrees/454-rdflib-shim-algebra-level-reassignment/.stage/rdflib-shim-algebra-level-reassignment/raw/native-cost-candidate-863c75-ir/qualification_454_native_cost.purrdf_xsd-63c2141a0f4369ee.purrdf_xsd.adc7a472107af13b-cgu.0.rcgu.o.rcgu.s	/opt/purrdf-454-evidence-package.GD9kNHfZ/preserved-stage-originals/raw/native-cost-candidate-863c75-ir/qualification_454_native_cost.purrdf_xsd-63c2141a0f4369ee.purrdf_xsd.adc7a472107af13b-cgu.0.rcgu.o.rcgu.s	644	1155772	8e3c26d0c8a92a339d6257b36c3c365d90f7a01018ed5081487dd6356e56752a	/home/paudley/Active/purrdf/.worktrees/454-rdflib-shim-algebra-level-reassignment/.stage/rdflib-shim-algebra-level-reassignment/raw/final-lossless-evidence-archive/objects/a1a115ea4f942ce163491052be435daee35a59c7c286d80d772ba7de7ce69535.gz	a1a115ea4f942ce163491052be435daee35a59c7c286d80d772ba7de7ce69535	gzip	raw/native-cost-candidate-863c75-ir/qualification_454_native_cost.purrdf_xsd-63c2141a0f4369ee.purrdf_xsd.adc7a472107af13b-cgu.0.rcgu.o.rcgu.s
/home/paudley/Active/purrdf/.worktrees/454-rdflib-shim-algebra-level-reassignment/.stage/rdflib-shim-algebra-level-reassignment/raw/native-cost-candidate-863c75-ir/qualification_454_native_cost.qualification_454_native_cost.258b1530d971e06d-cgu.0.rcgu.ll	/opt/purrdf-454-evidence-package.GD9kNHfZ/preserved-stage-originals/raw/native-cost-candidate-863c75-ir/qualification_454_native_cost.qualification_454_native_cost.258b1530d971e06d-cgu.0.rcgu.ll	644	12845864	fcb2d41d929c9bbc2a0c77032c3e79d5bdab81a3374804a7900833bec6426e25	/home/paudley/Active/purrdf/.worktrees/454-rdflib-shim-algebra-level-reassignment/.stage/rdflib-shim-algebra-level-reassignment/raw/final-lossless-evidence-archive/objects/c40a142553edde18898b80c09185b5a7994dae5dcd823178c2b6c3e8a48bb0ce.gz	c40a142553edde18898b80c09185b5a7994dae5dcd823178c2b6c3e8a48bb0ce	gzip	raw/native-cost-candidate-863c75-ir/qualification_454_native_cost.qualification_454_native_cost.258b1530d971e06d-cgu.0.rcgu.ll
/home/paudley/Active/purrdf/.worktrees/454-rdflib-shim-algebra-level-reassignment/.stage/rdflib-shim-algebra-level-reassignment/raw/native-cost-candidate-863c75-ir/qualification_454_native_cost.qualification_454_native_cost.258b1530d971e06d-cgu.0.rcgu.s	/opt/purrdf-454-evidence-package.GD9kNHfZ/preserved-stage-originals/raw/native-cost-candidate-863c75-ir/qualification_454_native_cost.qualification_454_native_cost.258b1530d971e06d-cgu.0.rcgu.s	644	3734417	7b1ff4f3bbee565e1957f8be308951e6ac6f50f8099c0845476ff9ce4fbf8830	/home/paudley/Active/purrdf/.worktrees/454-rdflib-shim-algebra-level-reassignment/.stage/rdflib-shim-algebra-level-reassignment/raw/final-lossless-evidence-archive/objects/71dd029644e819469ebbf62765437e3132ab0015be5d5b26f0d6ac44e5d787fe.gz	71dd029644e819469ebbf62765437e3132ab0015be5d5b26f0d6ac44e5d787fe	gzip	raw/native-cost-candidate-863c75-ir/qualification_454_native_cost.qualification_454_native_cost.258b1530d971e06d-cgu.0.rcgu.s
/home/paudley/Active/purrdf/.worktrees/454-rdflib-shim-algebra-level-reassignment/.stage/rdflib-shim-algebra-level-reassignment/raw/native-cost-candidate-863c75-ir/qualification_454_native_cost.rayon_core-85598031e85a4450.rayon_core.47ca217b8d4110f1-cgu.0.rcgu.o.rcgu.ll	/opt/purrdf-454-evidence-package.GD9kNHfZ/preserved-stage-originals/raw/native-cost-candidate-863c75-ir/qualification_454_native_cost.rayon_core-85598031e85a4450.rayon_core.47ca217b8d4110f1-cgu.0.rcgu.o.rcgu.ll	644	1229322	25b8de77e020ba38ba1eef05b0b9b6926321b7826b35049cee5d3721f90fa2d8	/home/paudley/Active/purrdf/.worktrees/454-rdflib-shim-algebra-level-reassignment/.stage/rdflib-shim-algebra-level-reassignment/raw/final-lossless-evidence-archive/objects/c193cb9c85929d821b9b5b33a3a3d3573c55c49ea60461e931924fe8688fe7a4.gz	c193cb9c85929d821b9b5b33a3a3d3573c55c49ea60461e931924fe8688fe7a4	gzip	raw/native-cost-candidate-863c75-ir/qualification_454_native_cost.rayon_core-85598031e85a4450.rayon_core.47ca217b8d4110f1-cgu.0.rcgu.o.rcgu.ll
/home/paudley/Active/purrdf/.worktrees/454-rdflib-shim-algebra-level-reassignment/.stage/rdflib-shim-algebra-level-reassignment/raw/native-cost-candidate-863c75-ir/qualification_454_native_cost.regex_automata-443ceb1c47427307.regex_automata.b12be791bb49d87e-cgu.0.rcgu.o.rcgu.ll	/opt/purrdf-454-evidence-package.GD9kNHfZ/preserved-stage-originals/raw/native-cost-candidate-863c75-ir/qualification_454_native_cost.regex_automata-443ceb1c47427307.regex_automata.b12be791bb49d87e-cgu.0.rcgu.o.rcgu.ll	644	8941546	f171f858c7b765a65f6066c36819f6a0f6b92ac0f9129ee251b2e033616f56cf	/home/paudley/Active/purrdf/.worktrees/454-rdflib-shim-algebra-level-reassignment/.stage/rdflib-shim-algebra-level-reassignment/raw/final-lossless-evidence-archive/objects/18b598791d33019fc47f5fca45da8c7e515340c7fd0cc09ccc72e109f42b9021.gz	18b598791d33019fc47f5fca45da8c7e515340c7fd0cc09ccc72e109f42b9021	gzip	raw/native-cost-candidate-863c75-ir/qualification_454_native_cost.regex_automata-443ceb1c47427307.regex_automata.b12be791bb49d87e-cgu.0.rcgu.o.rcgu.ll
/home/paudley/Active/purrdf/.worktrees/454-rdflib-shim-algebra-level-reassignment/.stage/rdflib-shim-algebra-level-reassignment/raw/native-cost-candidate-863c75-ir/qualification_454_native_cost.regex_automata-443ceb1c47427307.regex_automata.b12be791bb49d87e-cgu.0.rcgu.o.rcgu.s	/opt/purrdf-454-evidence-package.GD9kNHfZ/preserved-stage-originals/raw/native-cost-candidate-863c75-ir/qualification_454_native_cost.regex_automata-443ceb1c47427307.regex_automata.b12be791bb49d87e-cgu.0.rcgu.o.rcgu.s	644	3116707	ae8407fb02f4dd1d50e3dead0b4609b36b5e83d67004cdec5eba39293dc30687	/home/paudley/Active/purrdf/.worktrees/454-rdflib-shim-algebra-level-reassignment/.stage/rdflib-shim-algebra-level-reassignment/raw/final-lossless-evidence-archive/objects/038aec61cebd38cce6670b4be87615aa47b5654247cc9b5923f7209a37a861bd.gz	038aec61cebd38cce6670b4be87615aa47b5654247cc9b5923f7209a37a861bd	gzip	raw/native-cost-candidate-863c75-ir/qualification_454_native_cost.regex_automata-443ceb1c47427307.regex_automata.b12be791bb49d87e-cgu.0.rcgu.o.rcgu.s
/home/paudley/Active/purrdf/.worktrees/454-rdflib-shim-algebra-level-reassignment/.stage/rdflib-shim-algebra-level-reassignment/raw/native-cost-candidate-863c75-ir/qualification_454_native_cost.regex_syntax-6125fa51d0bc5933.regex_syntax.612fae0621a53369-cgu.0.rcgu.o.rcgu.ll	/opt/purrdf-454-evidence-package.GD9kNHfZ/preserved-stage-originals/raw/native-cost-candidate-863c75-ir/qualification_454_native_cost.regex_syntax-6125fa51d0bc5933.regex_syntax.612fae0621a53369-cgu.0.rcgu.o.rcgu.ll	644	9207439	90a4218956ccaa8e7fe2191f9f384f401de1d1fd4bcc32c9c2e06957d38dc187	/home/paudley/Active/purrdf/.worktrees/454-rdflib-shim-algebra-level-reassignment/.stage/rdflib-shim-algebra-level-reassignment/raw/final-lossless-evidence-archive/objects/ada1acca7fc65a7a513fec3b9e50a30e12c4598a4b5a2e2dca8349dcebc0bc1e.gz	ada1acca7fc65a7a513fec3b9e50a30e12c4598a4b5a2e2dca8349dcebc0bc1e	gzip	raw/native-cost-candidate-863c75-ir/qualification_454_native_cost.regex_syntax-6125fa51d0bc5933.regex_syntax.612fae0621a53369-cgu.0.rcgu.o.rcgu.ll
/home/paudley/Active/purrdf/.worktrees/454-rdflib-shim-algebra-level-reassignment/.stage/rdflib-shim-algebra-level-reassignment/raw/native-cost-candidate-863c75-ir/qualification_454_native_cost.regex_syntax-6125fa51d0bc5933.regex_syntax.612fae0621a53369-cgu.0.rcgu.o.rcgu.s	/opt/purrdf-454-evidence-package.GD9kNHfZ/preserved-stage-originals/raw/native-cost-candidate-863c75-ir/qualification_454_native_cost.regex_syntax-6125fa51d0bc5933.regex_syntax.612fae0621a53369-cgu.0.rcgu.o.rcgu.s	644	5221905	0ca4700331e4fa75a72761942b86163de03c3909fb5cbf28a8be4147084f3355	/home/paudley/Active/purrdf/.worktrees/454-rdflib-shim-algebra-level-reassignment/.stage/rdflib-shim-algebra-level-reassignment/raw/final-lossless-evidence-archive/objects/65847ab597e7f3212005b27e8bac94af1eea1e7b78c0adbfe7e619984df924ad.gz	65847ab597e7f3212005b27e8bac94af1eea1e7b78c0adbfe7e619984df924ad	gzip	raw/native-cost-candidate-863c75-ir/qualification_454_native_cost.regex_syntax-6125fa51d0bc5933.regex_syntax.612fae0621a53369-cgu.0.rcgu.o.rcgu.s
/home/paudley/Active/purrdf/.worktrees/454-rdflib-shim-algebra-level-reassignment/.stage/rdflib-shim-algebra-level-reassignment/raw/native-cost-candidate-863c75-ir/qualification_454_native_cost.std-453218b5e9634890.std.552422bcccb5c833-cgu.0.rcgu.o.rcgu.ll	/opt/purrdf-454-evidence-package.GD9kNHfZ/preserved-stage-originals/raw/native-cost-candidate-863c75-ir/qualification_454_native_cost.std-453218b5e9634890.std.552422bcccb5c833-cgu.0.rcgu.o.rcgu.ll	644	14395118	15e3fea4e30968f919bc1391cf9808478827023c716694d2fc75c07489885366	/home/paudley/Active/purrdf/.worktrees/454-rdflib-shim-algebra-level-reassignment/.stage/rdflib-shim-algebra-level-reassignment/raw/final-lossless-evidence-archive/objects/c60db179be09ef5dbbbd8d39a158f91c46a3d18e629e51755bc910a247ae1024.gz	c60db179be09ef5dbbbd8d39a158f91c46a3d18e629e51755bc910a247ae1024	gzip	raw/native-cost-candidate-863c75-ir/qualification_454_native_cost.std-453218b5e9634890.std.552422bcccb5c833-cgu.0.rcgu.o.rcgu.ll
/home/paudley/Active/purrdf/.worktrees/454-rdflib-shim-algebra-level-reassignment/.stage/rdflib-shim-algebra-level-reassignment/raw/native-cost-candidate-863c75-ir/qualification_454_native_cost.std-453218b5e9634890.std.552422bcccb5c833-cgu.0.rcgu.o.rcgu.s	/opt/purrdf-454-evidence-package.GD9kNHfZ/preserved-stage-originals/raw/native-cost-candidate-863c75-ir/qualification_454_native_cost.std-453218b5e9634890.std.552422bcccb5c833-cgu.0.rcgu.o.rcgu.s	644	7010945	ac74af659a2fe81ee847fd2cfbc0fba981789a5b69c380597d04543bd90c73d4	/home/paudley/Active/purrdf/.worktrees/454-rdflib-shim-algebra-level-reassignment/.stage/rdflib-shim-algebra-level-reassignment/raw/final-lossless-evidence-archive/objects/ce568213e49e7b125dd402ea050b86ae19d65932fb2354f3ffc6bf87a10c34e8.gz	ce568213e49e7b125dd402ea050b86ae19d65932fb2354f3ffc6bf87a10c34e8	gzip	raw/native-cost-candidate-863c75-ir/qualification_454_native_cost.std-453218b5e9634890.std.552422bcccb5c833-cgu.0.rcgu.o.rcgu.s
/home/paudley/Active/purrdf/.worktrees/454-rdflib-shim-algebra-level-reassignment/.stage/rdflib-shim-algebra-level-reassignment/raw/native-cost-candidate-863c75-native-boundary-ir/qualification_454_native_cost.core-5f5c0031517c19c4.core.1b0f708be8c133d1-cgu.0.rcgu.o.rcgu.ll	/opt/purrdf-454-evidence-package.GD9kNHfZ/preserved-stage-originals/raw/native-cost-candidate-863c75-native-boundary-ir/qualification_454_native_cost.core-5f5c0031517c19c4.core.1b0f708be8c133d1-cgu.0.rcgu.o.rcgu.ll	644	3316642	0519f19e733b02208b41db7569d033ba31acdb723e44c1e4dd6254b28d855c01	/home/paudley/Active/purrdf/.worktrees/454-rdflib-shim-algebra-level-reassignment/.stage/rdflib-shim-algebra-level-reassignment/raw/final-lossless-evidence-archive/objects/4ab90ae0e7cae3016047a313e570ded16ca02bc145b0188a6f835a6a6b869a36.gz	4ab90ae0e7cae3016047a313e570ded16ca02bc145b0188a6f835a6a6b869a36	gzip	raw/native-cost-candidate-863c75-native-boundary-ir/qualification_454_native_cost.core-5f5c0031517c19c4.core.1b0f708be8c133d1-cgu.0.rcgu.o.rcgu.ll
/home/paudley/Active/purrdf/.worktrees/454-rdflib-shim-algebra-level-reassignment/.stage/rdflib-shim-algebra-level-reassignment/raw/native-cost-candidate-863c75-native-boundary-ir/qualification_454_native_cost.core-5f5c0031517c19c4.core.1b0f708be8c133d1-cgu.0.rcgu.o.rcgu.s	/opt/purrdf-454-evidence-package.GD9kNHfZ/preserved-stage-originals/raw/native-cost-candidate-863c75-native-boundary-ir/qualification_454_native_cost.core-5f5c0031517c19c4.core.1b0f708be8c133d1-cgu.0.rcgu.o.rcgu.s	644	1659531	8214b406f49313dd748fdc8dd7416e9f0ed2fa14d8d6f0e0770cdad590e8490c	/home/paudley/Active/purrdf/.worktrees/454-rdflib-shim-algebra-level-reassignment/.stage/rdflib-shim-algebra-level-reassignment/raw/final-lossless-evidence-archive/objects/101798f021e10db3caf900ad0950b2cf159526628a4adb34459d4f97d633848c.gz	101798f021e10db3caf900ad0950b2cf159526628a4adb34459d4f97d633848c	gzip	raw/native-cost-candidate-863c75-native-boundary-ir/qualification_454_native_cost.core-5f5c0031517c19c4.core.1b0f708be8c133d1-cgu.0.rcgu.o.rcgu.s
/home/paudley/Active/purrdf/.worktrees/454-rdflib-shim-algebra-level-reassignment/.stage/rdflib-shim-algebra-level-reassignment/raw/native-cost-candidate-863c75-native-boundary-ir/qualification_454_native_cost.purrdf_cdt-7285be266600a81c.purrdf_cdt.65bb4d13a4648eed-cgu.0.rcgu.o.rcgu.ll	/opt/purrdf-454-evidence-package.GD9kNHfZ/preserved-stage-originals/raw/native-cost-candidate-863c75-native-boundary-ir/qualification_454_native_cost.purrdf_cdt-7285be266600a81c.purrdf_cdt.65bb4d13a4648eed-cgu.0.rcgu.o.rcgu.ll	644	3507870	cc269517c1bbaf2d30ca2ae79a28605b50b6906ed0f68670059f4a6af9b6480a	/home/paudley/Active/purrdf/.worktrees/454-rdflib-shim-algebra-level-reassignment/.stage/rdflib-shim-algebra-level-reassignment/raw/final-lossless-evidence-archive/objects/093e621cf98714470be652ac54f2eb53549ea898d7ccf5452f25f0feea5675b8.gz	093e621cf98714470be652ac54f2eb53549ea898d7ccf5452f25f0feea5675b8	gzip	raw/native-cost-candidate-863c75-native-boundary-ir/qualification_454_native_cost.purrdf_cdt-7285be266600a81c.purrdf_cdt.65bb4d13a4648eed-cgu.0.rcgu.o.rcgu.ll
/home/paudley/Active/purrdf/.worktrees/454-rdflib-shim-algebra-level-reassignment/.stage/rdflib-shim-algebra-level-reassignment/raw/native-cost-candidate-863c75-native-boundary-ir/qualification_454_native_cost.purrdf_cdt-7285be266600a81c.purrdf_cdt.65bb4d13a4648eed-cgu.0.rcgu.o.rcgu.s	/opt/purrdf-454-evidence-package.GD9kNHfZ/preserved-stage-originals/raw/native-cost-candidate-863c75-native-boundary-ir/qualification_454_native_cost.purrdf_cdt-7285be266600a81c.purrdf_cdt.65bb4d13a4648eed-cgu.0.rcgu.o.rcgu.s	644	1498878	c048d6c2e960f18646ce63dc60bfdac2e884d2b6e84197db69ad5f1541aa648e	/home/paudley/Active/purrdf/.worktrees/454-rdflib-shim-algebra-level-reassignment/.stage/rdflib-shim-algebra-level-reassignment/raw/final-lossless-evidence-archive/objects/ba641533d83a78226e695f10d7b4dd06d243b7a54d9233940ee1465603f0b0c9.gz	ba641533d83a78226e695f10d7b4dd06d243b7a54d9233940ee1465603f0b0c9	gzip	raw/native-cost-candidate-863c75-native-boundary-ir/qualification_454_native_cost.purrdf_cdt-7285be266600a81c.purrdf_cdt.65bb4d13a4648eed-cgu.0.rcgu.o.rcgu.s
/home/paudley/Active/purrdf/.worktrees/454-rdflib-shim-algebra-level-reassignment/.stage/rdflib-shim-algebra-level-reassignment/raw/native-cost-candidate-863c75-native-boundary-ir/qualification_454_native_cost.purrdf_core-c1792174a43b914e.purrdf_core.ce843a9727c25724-cgu.0.rcgu.o.rcgu.ll	/opt/purrdf-454-evidence-package.GD9kNHfZ/preserved-stage-originals/raw/native-cost-candidate-863c75-native-boundary-ir/qualification_454_native_cost.purrdf_core-c1792174a43b914e.purrdf_core.ce843a9727c25724-cgu.0.rcgu.o.rcgu.ll	644	9870544	02447ecdcc7d2ab9187340ae67c25d6839fe2ad472f5c8aeb00d56066c632327	/home/paudley/Active/purrdf/.worktrees/454-rdflib-shim-algebra-level-reassignment/.stage/rdflib-shim-algebra-level-reassignment/raw/final-lossless-evidence-archive/objects/c9d909375deab79d9caa42c3cd47ed3f5043305d98b668635e38488e4c78c042.gz	c9d909375deab79d9caa42c3cd47ed3f5043305d98b668635e38488e4c78c042	gzip	raw/native-cost-candidate-863c75-native-boundary-ir/qualification_454_native_cost.purrdf_core-c1792174a43b914e.purrdf_core.ce843a9727c25724-cgu.0.rcgu.o.rcgu.ll
/home/paudley/Active/purrdf/.worktrees/454-rdflib-shim-algebra-level-reassignment/.stage/rdflib-shim-algebra-level-reassignment/raw/native-cost-candidate-863c75-native-boundary-ir/qualification_454_native_cost.purrdf_core-c1792174a43b914e.purrdf_core.ce843a9727c25724-cgu.0.rcgu.o.rcgu.s	/opt/purrdf-454-evidence-package.GD9kNHfZ/preserved-stage-originals/raw/native-cost-candidate-863c75-native-boundary-ir/qualification_454_native_cost.purrdf_core-c1792174a43b914e.purrdf_core.ce843a9727c25724-cgu.0.rcgu.o.rcgu.s	644	3884185	8f8f995f4b57366ffd8e98f3c01adc48db3fa6168d3d8cdcefb64722e6cb809e	/home/paudley/Active/purrdf/.worktrees/454-rdflib-shim-algebra-level-reassignment/.stage/rdflib-shim-algebra-level-reassignment/raw/final-lossless-evidence-archive/objects/dc868210d2317c53c08bdd9be1b1d7af2603aa2c1591127ba31af4859f31ee39.gz	dc868210d2317c53c08bdd9be1b1d7af2603aa2c1591127ba31af4859f31ee39	gzip	raw/native-cost-candidate-863c75-native-boundary-ir/qualification_454_native_cost.purrdf_core-c1792174a43b914e.purrdf_core.ce843a9727c25724-cgu.0.rcgu.o.rcgu.s
/home/paudley/Active/purrdf/.worktrees/454-rdflib-shim-algebra-level-reassignment/.stage/rdflib-shim-algebra-level-reassignment/raw/native-cost-candidate-863c75-native-boundary-ir/qualification_454_native_cost.purrdf_iri-1f1d526d055ecfbb.purrdf_iri.6d5e0d082ee51115-cgu.0.rcgu.o.rcgu.ll	/opt/purrdf-454-evidence-package.GD9kNHfZ/preserved-stage-originals/raw/native-cost-candidate-863c75-native-boundary-ir/qualification_454_native_cost.purrdf_iri-1f1d526d055ecfbb.purrdf_iri.6d5e0d082ee51115-cgu.0.rcgu.o.rcgu.ll	644	1508680	2dad40d8eeedcaf529bb436f4db1066e92a613abc285fd357cf2d8229481557d	/home/paudley/Active/purrdf/.worktrees/454-rdflib-shim-algebra-level-reassignment/.stage/rdflib-shim-algebra-level-reassignment/raw/final-lossless-evidence-archive/objects/d2e1bc46f94982e56c92f432de88dabf3688e0804af1813624d64aedc62dbe07.gz	d2e1bc46f94982e56c92f432de88dabf3688e0804af1813624d64aedc62dbe07	gzip	raw/native-cost-candidate-863c75-native-boundary-ir/qualification_454_native_cost.purrdf_iri-1f1d526d055ecfbb.purrdf_iri.6d5e0d082ee51115-cgu.0.rcgu.o.rcgu.ll
/home/paudley/Active/purrdf/.worktrees/454-rdflib-shim-algebra-level-reassignment/.stage/rdflib-shim-algebra-level-reassignment/raw/native-cost-candidate-863c75-native-boundary-ir/qualification_454_native_cost.purrdf_lex-8a1054ef04a1ca05.purrdf_lex.1fd7b0069f7c4a15-cgu.0.rcgu.o.rcgu.ll	/opt/purrdf-454-evidence-package.GD9kNHfZ/preserved-stage-originals/raw/native-cost-candidate-863c75-native-boundary-ir/qualification_454_native_cost.purrdf_lex-8a1054ef04a1ca05.purrdf_lex.1fd7b0069f7c4a15-cgu.0.rcgu.o.rcgu.ll	644	1136743	005b02ce008b4dcfc19e4963aa1f01cf648af9ee36255cdded34ee2757187197	/home/paudley/Active/purrdf/.worktrees/454-rdflib-shim-algebra-level-reassignment/.stage/rdflib-shim-algebra-level-reassignment/raw/final-lossless-evidence-archive/objects/56c1c50c8b1d9984bcfce5728951fee49f974ff025b629ef7e2e6c3aa496d009.gz	56c1c50c8b1d9984bcfce5728951fee49f974ff025b629ef7e2e6c3aa496d009	gzip	raw/native-cost-candidate-863c75-native-boundary-ir/qualification_454_native_cost.purrdf_lex-8a1054ef04a1ca05.purrdf_lex.1fd7b0069f7c4a15-cgu.0.rcgu.o.rcgu.ll
/home/paudley/Active/purrdf/.worktrees/454-rdflib-shim-algebra-level-reassignment/.stage/rdflib-shim-algebra-level-reassignment/raw/native-cost-candidate-863c75-native-boundary-ir/qualification_454_native_cost.purrdf_sparql_algebra-2f54bfeaed8b20be.purrdf_sparql_algebra.1f9a9904874edf46-cgu.0.rcgu.o.rcgu.ll	/opt/purrdf-454-evidence-package.GD9kNHfZ/preserved-stage-originals/raw/native-cost-candidate-863c75-native-boundary-ir/qualification_454_native_cost.purrdf_sparql_algebra-2f54bfeaed8b20be.purrdf_sparql_algebra.1f9a9904874edf46-cgu.0.rcgu.o.rcgu.ll	644	20580053	914495f7b4ceee1fbb99f45a69b17dd5c37d331f5d1a5cce68453091a6c75910	/home/paudley/Active/purrdf/.worktrees/454-rdflib-shim-algebra-level-reassignment/.stage/rdflib-shim-algebra-level-reassignment/raw/final-lossless-evidence-archive/objects/3982bfe6765b9b38c5efa5943cecdc019338f9bd0407f67bf4b411334669457a.gz	3982bfe6765b9b38c5efa5943cecdc019338f9bd0407f67bf4b411334669457a	gzip	raw/native-cost-candidate-863c75-native-boundary-ir/qualification_454_native_cost.purrdf_sparql_algebra-2f54bfeaed8b20be.purrdf_sparql_algebra.1f9a9904874edf46-cgu.0.rcgu.o.rcgu.ll
/home/paudley/Active/purrdf/.worktrees/454-rdflib-shim-algebra-level-reassignment/.stage/rdflib-shim-algebra-level-reassignment/raw/native-cost-candidate-863c75-native-boundary-ir/qualification_454_native_cost.purrdf_sparql_algebra-2f54bfeaed8b20be.purrdf_sparql_algebra.1f9a9904874edf46-cgu.0.rcgu.o.rcgu.s	/opt/purrdf-454-evidence-package.GD9kNHfZ/preserved-stage-originals/raw/native-cost-candidate-863c75-native-boundary-ir/qualification_454_native_cost.purrdf_sparql_algebra-2f54bfeaed8b20be.purrdf_sparql_algebra.1f9a9904874edf46-cgu.0.rcgu.o.rcgu.s	644	7037234	ee2d5f9d6cb229c8f2f6307e7dfbf5f138c7bd835b846c289981cd4827b1e988	/home/paudley/Active/purrdf/.worktrees/454-rdflib-shim-algebra-level-reassignment/.stage/rdflib-shim-algebra-level-reassignment/raw/final-lossless-evidence-archive/objects/7a521012b9530748a80565c2656d5c4c8d785b8b44722a78fd627b4781378b02.gz	7a521012b9530748a80565c2656d5c4c8d785b8b44722a78fd627b4781378b02	gzip	raw/native-cost-candidate-863c75-native-boundary-ir/qualification_454_native_cost.purrdf_sparql_algebra-2f54bfeaed8b20be.purrdf_sparql_algebra.1f9a9904874edf46-cgu.0.rcgu.o.rcgu.s
/home/paudley/Active/purrdf/.worktrees/454-rdflib-shim-algebra-level-reassignment/.stage/rdflib-shim-algebra-level-reassignment/raw/native-cost-candidate-863c75-native-boundary-ir/qualification_454_native_cost.purrdf_sparql_eval-bf425426783cf5de.purrdf_sparql_eval.1e4be50d5a1c0ebd-cgu.0.rcgu.o.rcgu.ll	/opt/purrdf-454-evidence-package.GD9kNHfZ/preserved-stage-originals/raw/native-cost-candidate-863c75-native-boundary-ir/qualification_454_native_cost.purrdf_sparql_eval-bf425426783cf5de.purrdf_sparql_eval.1e4be50d5a1c0ebd-cgu.0.rcgu.o.rcgu.ll	644	72157811	be7f7dbc99f1ef0b9ab5b12fba5a676283667e34ba0f3caed0684768fece3bd4	/home/paudley/Active/purrdf/.worktrees/454-rdflib-shim-algebra-level-reassignment/.stage/rdflib-shim-algebra-level-reassignment/raw/final-lossless-evidence-archive/objects/7e24df7f773aab74083819439bcc760698ef2ff23ac350835fe70297391cce27.gz	7e24df7f773aab74083819439bcc760698ef2ff23ac350835fe70297391cce27	gzip	raw/native-cost-candidate-863c75-native-boundary-ir/qualification_454_native_cost.purrdf_sparql_eval-bf425426783cf5de.purrdf_sparql_eval.1e4be50d5a1c0ebd-cgu.0.rcgu.o.rcgu.ll
/home/paudley/Active/purrdf/.worktrees/454-rdflib-shim-algebra-level-reassignment/.stage/rdflib-shim-algebra-level-reassignment/raw/native-cost-candidate-863c75-native-boundary-ir/qualification_454_native_cost.purrdf_sparql_eval-bf425426783cf5de.purrdf_sparql_eval.1e4be50d5a1c0ebd-cgu.0.rcgu.o.rcgu.s	/opt/purrdf-454-evidence-package.GD9kNHfZ/preserved-stage-originals/raw/native-cost-candidate-863c75-native-boundary-ir/qualification_454_native_cost.purrdf_sparql_eval-bf425426783cf5de.purrdf_sparql_eval.1e4be50d5a1c0ebd-cgu.0.rcgu.o.rcgu.s	644	27464177	8abebd36cd5bcff0c5c30db6e133d8040bfa88d9fdd196dcff8060fe8ed414ee	/home/paudley/Active/purrdf/.worktrees/454-rdflib-shim-algebra-level-reassignment/.stage/rdflib-shim-algebra-level-reassignment/raw/final-lossless-evidence-archive/objects/db1a5cc87e450e983ffb592dd26c47f87a070e40a11da288aae2315deecdc79d.gz	db1a5cc87e450e983ffb592dd26c47f87a070e40a11da288aae2315deecdc79d	gzip	raw/native-cost-candidate-863c75-native-boundary-ir/qualification_454_native_cost.purrdf_sparql_eval-bf425426783cf5de.purrdf_sparql_eval.1e4be50d5a1c0ebd-cgu.0.rcgu.o.rcgu.s
/home/paudley/Active/purrdf/.worktrees/454-rdflib-shim-algebra-level-reassignment/.stage/rdflib-shim-algebra-level-reassignment/raw/native-cost-candidate-863c75-native-boundary-ir/qualification_454_native_cost.purrdf_xsd-63c2141a0f4369ee.purrdf_xsd.adc7a472107af13b-cgu.0.rcgu.o.rcgu.ll	/opt/purrdf-454-evidence-package.GD9kNHfZ/preserved-stage-originals/raw/native-cost-candidate-863c75-native-boundary-ir/qualification_454_native_cost.purrdf_xsd-63c2141a0f4369ee.purrdf_xsd.adc7a472107af13b-cgu.0.rcgu.o.rcgu.ll	644	2468634	a3ea05f4585c4fe6e30226c5b2d646899323124a1606f483ca6489aed6f3cd44	/home/paudley/Active/purrdf/.worktrees/454-rdflib-shim-algebra-level-reassignment/.stage/rdflib-shim-algebra-level-reassignment/raw/final-lossless-evidence-archive/objects/b40a53a21ae3657f20b44c8552dd5b244dc3b333157d312d14e19f00af92a312.gz	b40a53a21ae3657f20b44c8552dd5b244dc3b333157d312d14e19f00af92a312	gzip	raw/native-cost-candidate-863c75-native-boundary-ir/qualification_454_native_cost.purrdf_xsd-63c2141a0f4369ee.purrdf_xsd.adc7a472107af13b-cgu.0.rcgu.o.rcgu.ll
/home/paudley/Active/purrdf/.worktrees/454-rdflib-shim-algebra-level-reassignment/.stage/rdflib-shim-algebra-level-reassignment/raw/native-cost-candidate-863c75-native-boundary-ir/qualification_454_native_cost.purrdf_xsd-63c2141a0f4369ee.purrdf_xsd.adc7a472107af13b-cgu.0.rcgu.o.rcgu.s	/opt/purrdf-454-evidence-package.GD9kNHfZ/preserved-stage-originals/raw/native-cost-candidate-863c75-native-boundary-ir/qualification_454_native_cost.purrdf_xsd-63c2141a0f4369ee.purrdf_xsd.adc7a472107af13b-cgu.0.rcgu.o.rcgu.s	644	1155772	b066fea0e7b64dffb133288528adeeb8f1afe5245fe9264dc86e79bbb5ff379b	/home/paudley/Active/purrdf/.worktrees/454-rdflib-shim-algebra-level-reassignment/.stage/rdflib-shim-algebra-level-reassignment/raw/final-lossless-evidence-archive/objects/294d51f0ca411ddce743d5fa58e9f2a5dfa86e1bb7423c7161208d8962812ee6.gz	294d51f0ca411ddce743d5fa58e9f2a5dfa86e1bb7423c7161208d8962812ee6	gzip	raw/native-cost-candidate-863c75-native-boundary-ir/qualification_454_native_cost.purrdf_xsd-63c2141a0f4369ee.purrdf_xsd.adc7a472107af13b-cgu.0.rcgu.o.rcgu.s
/home/paudley/Active/purrdf/.worktrees/454-rdflib-shim-algebra-level-reassignment/.stage/rdflib-shim-algebra-level-reassignment/raw/native-cost-candidate-863c75-native-boundary-ir/qualification_454_native_cost.qualification_454_native_cost.258b1530d971e06d-cgu.0.rcgu.ll	/opt/purrdf-454-evidence-package.GD9kNHfZ/preserved-stage-originals/raw/native-cost-candidate-863c75-native-boundary-ir/qualification_454_native_cost.qualification_454_native_cost.258b1530d971e06d-cgu.0.rcgu.ll	644	12845810	c23f3c89994a8722937d1b1308f1dc5fde4d5745f18634c8598dab1d897dc92e	/home/paudley/Active/purrdf/.worktrees/454-rdflib-shim-algebra-level-reassignment/.stage/rdflib-shim-algebra-level-reassignment/raw/final-lossless-evidence-archive/objects/9c460caf8144ad472119237b29ec972620a044d7317968ef11f9b76b2d8c313d.gz	9c460caf8144ad472119237b29ec972620a044d7317968ef11f9b76b2d8c313d	gzip	raw/native-cost-candidate-863c75-native-boundary-ir/qualification_454_native_cost.qualification_454_native_cost.258b1530d971e06d-cgu.0.rcgu.ll
/home/paudley/Active/purrdf/.worktrees/454-rdflib-shim-algebra-level-reassignment/.stage/rdflib-shim-algebra-level-reassignment/raw/native-cost-candidate-863c75-native-boundary-ir/qualification_454_native_cost.qualification_454_native_cost.258b1530d971e06d-cgu.0.rcgu.s	/opt/purrdf-454-evidence-package.GD9kNHfZ/preserved-stage-originals/raw/native-cost-candidate-863c75-native-boundary-ir/qualification_454_native_cost.qualification_454_native_cost.258b1530d971e06d-cgu.0.rcgu.s	644	3734403	631703db00809519eca8e5564f2fbd6bf51a56089bd95c32df5739a4ca773adf	/home/paudley/Active/purrdf/.worktrees/454-rdflib-shim-algebra-level-reassignment/.stage/rdflib-shim-algebra-level-reassignment/raw/final-lossless-evidence-archive/objects/b34f29d1abbf3a1d633cb8c45cd82e60ecb6a394efa33f9c6b398f5c76d1f367.gz	b34f29d1abbf3a1d633cb8c45cd82e60ecb6a394efa33f9c6b398f5c76d1f367	gzip	raw/native-cost-candidate-863c75-native-boundary-ir/qualification_454_native_cost.qualification_454_native_cost.258b1530d971e06d-cgu.0.rcgu.s
/home/paudley/Active/purrdf/.worktrees/454-rdflib-shim-algebra-level-reassignment/.stage/rdflib-shim-algebra-level-reassignment/raw/native-cost-candidate-863c75-native-boundary-ir/qualification_454_native_cost.rayon_core-85598031e85a4450.rayon_core.47ca217b8d4110f1-cgu.0.rcgu.o.rcgu.ll	/opt/purrdf-454-evidence-package.GD9kNHfZ/preserved-stage-originals/raw/native-cost-candidate-863c75-native-boundary-ir/qualification_454_native_cost.rayon_core-85598031e85a4450.rayon_core.47ca217b8d4110f1-cgu.0.rcgu.o.rcgu.ll	644	1229322	61f1073aba9ab006cdbf204855c1b06a61fa02ff9900fe8f525188d24791bc01	/home/paudley/Active/purrdf/.worktrees/454-rdflib-shim-algebra-level-reassignment/.stage/rdflib-shim-algebra-level-reassignment/raw/final-lossless-evidence-archive/objects/5d607b097523506d68be310398a42c5ae3b2186fa1cb0b123a4a16e0ee9d757f.gz	5d607b097523506d68be310398a42c5ae3b2186fa1cb0b123a4a16e0ee9d757f	gzip	raw/native-cost-candidate-863c75-native-boundary-ir/qualification_454_native_cost.rayon_core-85598031e85a4450.rayon_core.47ca217b8d4110f1-cgu.0.rcgu.o.rcgu.ll
/home/paudley/Active/purrdf/.worktrees/454-rdflib-shim-algebra-level-reassignment/.stage/rdflib-shim-algebra-level-reassignment/raw/native-cost-candidate-863c75-native-boundary-ir/qualification_454_native_cost.regex_automata-443ceb1c47427307.regex_automata.b12be791bb49d87e-cgu.0.rcgu.o.rcgu.ll	/opt/purrdf-454-evidence-package.GD9kNHfZ/preserved-stage-originals/raw/native-cost-candidate-863c75-native-boundary-ir/qualification_454_native_cost.regex_automata-443ceb1c47427307.regex_automata.b12be791bb49d87e-cgu.0.rcgu.o.rcgu.ll	644	8941546	0b26a50087ca355704051ec38e791f692d0a4405562e67cbae1941026546d29d	/home/paudley/Active/purrdf/.worktrees/454-rdflib-shim-algebra-level-reassignment/.stage/rdflib-shim-algebra-level-reassignment/raw/final-lossless-evidence-archive/objects/3b9c313ded74513f08518ba8079d731bbda689c074c9452e174c33fd41c3d0cc.gz	3b9c313ded74513f08518ba8079d731bbda689c074c9452e174c33fd41c3d0cc	gzip	raw/native-cost-candidate-863c75-native-boundary-ir/qualification_454_native_cost.regex_automata-443ceb1c47427307.regex_automata.b12be791bb49d87e-cgu.0.rcgu.o.rcgu.ll
/home/paudley/Active/purrdf/.worktrees/454-rdflib-shim-algebra-level-reassignment/.stage/rdflib-shim-algebra-level-reassignment/raw/native-cost-candidate-863c75-native-boundary-ir/qualification_454_native_cost.regex_automata-443ceb1c47427307.regex_automata.b12be791bb49d87e-cgu.0.rcgu.o.rcgu.s	/opt/purrdf-454-evidence-package.GD9kNHfZ/preserved-stage-originals/raw/native-cost-candidate-863c75-native-boundary-ir/qualification_454_native_cost.regex_automata-443ceb1c47427307.regex_automata.b12be791bb49d87e-cgu.0.rcgu.o.rcgu.s	644	3116707	cb56d0146604f3072667e89e402aef7935f65fc9c7a8ecbb043ecf6b62c47777	/home/paudley/Active/purrdf/.worktrees/454-rdflib-shim-algebra-level-reassignment/.stage/rdflib-shim-algebra-level-reassignment/raw/final-lossless-evidence-archive/objects/12529c91c0f8df0e9dd87ab090532969d892c7681d1e514caeafffd7dc33dbbd.gz	12529c91c0f8df0e9dd87ab090532969d892c7681d1e514caeafffd7dc33dbbd	gzip	raw/native-cost-candidate-863c75-native-boundary-ir/qualification_454_native_cost.regex_automata-443ceb1c47427307.regex_automata.b12be791bb49d87e-cgu.0.rcgu.o.rcgu.s
/home/paudley/Active/purrdf/.worktrees/454-rdflib-shim-algebra-level-reassignment/.stage/rdflib-shim-algebra-level-reassignment/raw/native-cost-candidate-863c75-native-boundary-ir/qualification_454_native_cost.regex_syntax-6125fa51d0bc5933.regex_syntax.612fae0621a53369-cgu.0.rcgu.o.rcgu.ll	/opt/purrdf-454-evidence-package.GD9kNHfZ/preserved-stage-originals/raw/native-cost-candidate-863c75-native-boundary-ir/qualification_454_native_cost.regex_syntax-6125fa51d0bc5933.regex_syntax.612fae0621a53369-cgu.0.rcgu.o.rcgu.ll	644	9207439	048a9d5f7e7e0fd107280659b3a4e0328f808381fd8982be5c338a82768abb84	/home/paudley/Active/purrdf/.worktrees/454-rdflib-shim-algebra-level-reassignment/.stage/rdflib-shim-algebra-level-reassignment/raw/final-lossless-evidence-archive/objects/75ef025cd5b04e985d09b62b06ef3f68babb224ccef97fc67045904d52bceadb.gz	75ef025cd5b04e985d09b62b06ef3f68babb224ccef97fc67045904d52bceadb	gzip	raw/native-cost-candidate-863c75-native-boundary-ir/qualification_454_native_cost.regex_syntax-6125fa51d0bc5933.regex_syntax.612fae0621a53369-cgu.0.rcgu.o.rcgu.ll
/home/paudley/Active/purrdf/.worktrees/454-rdflib-shim-algebra-level-reassignment/.stage/rdflib-shim-algebra-level-reassignment/raw/native-cost-candidate-863c75-native-boundary-ir/qualification_454_native_cost.regex_syntax-6125fa51d0bc5933.regex_syntax.612fae0621a53369-cgu.0.rcgu.o.rcgu.s	/opt/purrdf-454-evidence-package.GD9kNHfZ/preserved-stage-originals/raw/native-cost-candidate-863c75-native-boundary-ir/qualification_454_native_cost.regex_syntax-6125fa51d0bc5933.regex_syntax.612fae0621a53369-cgu.0.rcgu.o.rcgu.s	644	5221905	b6161c2741e4d0e621248d903a2d6510a55f1620b099ddba904df6a2237830f0	/home/paudley/Active/purrdf/.worktrees/454-rdflib-shim-algebra-level-reassignment/.stage/rdflib-shim-algebra-level-reassignment/raw/final-lossless-evidence-archive/objects/ead6383f14d935a24b2542bcadd2fc9db8dceb8c3cd58f94d7e6894920578624.gz	ead6383f14d935a24b2542bcadd2fc9db8dceb8c3cd58f94d7e6894920578624	gzip	raw/native-cost-candidate-863c75-native-boundary-ir/qualification_454_native_cost.regex_syntax-6125fa51d0bc5933.regex_syntax.612fae0621a53369-cgu.0.rcgu.o.rcgu.s
/home/paudley/Active/purrdf/.worktrees/454-rdflib-shim-algebra-level-reassignment/.stage/rdflib-shim-algebra-level-reassignment/raw/native-cost-candidate-863c75-native-boundary-ir/qualification_454_native_cost.std-453218b5e9634890.std.552422bcccb5c833-cgu.0.rcgu.o.rcgu.ll	/opt/purrdf-454-evidence-package.GD9kNHfZ/preserved-stage-originals/raw/native-cost-candidate-863c75-native-boundary-ir/qualification_454_native_cost.std-453218b5e9634890.std.552422bcccb5c833-cgu.0.rcgu.o.rcgu.ll	644	14395118	15e3fea4e30968f919bc1391cf9808478827023c716694d2fc75c07489885366	/home/paudley/Active/purrdf/.worktrees/454-rdflib-shim-algebra-level-reassignment/.stage/rdflib-shim-algebra-level-reassignment/raw/final-lossless-evidence-archive/objects/c60db179be09ef5dbbbd8d39a158f91c46a3d18e629e51755bc910a247ae1024.gz	c60db179be09ef5dbbbd8d39a158f91c46a3d18e629e51755bc910a247ae1024	gzip	raw/native-cost-candidate-863c75-native-boundary-ir/qualification_454_native_cost.std-453218b5e9634890.std.552422bcccb5c833-cgu.0.rcgu.o.rcgu.ll
/home/paudley/Active/purrdf/.worktrees/454-rdflib-shim-algebra-level-reassignment/.stage/rdflib-shim-algebra-level-reassignment/raw/native-cost-candidate-863c75-native-boundary-ir/qualification_454_native_cost.std-453218b5e9634890.std.552422bcccb5c833-cgu.0.rcgu.o.rcgu.s	/opt/purrdf-454-evidence-package.GD9kNHfZ/preserved-stage-originals/raw/native-cost-candidate-863c75-native-boundary-ir/qualification_454_native_cost.std-453218b5e9634890.std.552422bcccb5c833-cgu.0.rcgu.o.rcgu.s	644	7010945	ac74af659a2fe81ee847fd2cfbc0fba981789a5b69c380597d04543bd90c73d4	/home/paudley/Active/purrdf/.worktrees/454-rdflib-shim-algebra-level-reassignment/.stage/rdflib-shim-algebra-level-reassignment/raw/final-lossless-evidence-archive/objects/ce568213e49e7b125dd402ea050b86ae19d65932fb2354f3ffc6bf87a10c34e8.gz	ce568213e49e7b125dd402ea050b86ae19d65932fb2354f3ffc6bf87a10c34e8	gzip	raw/native-cost-candidate-863c75-native-boundary-ir/qualification_454_native_cost.std-453218b5e9634890.std.552422bcccb5c833-cgu.0.rcgu.o.rcgu.s
/home/paudley/Active/purrdf/.worktrees/454-rdflib-shim-algebra-level-reassignment/.stage/rdflib-shim-algebra-level-reassignment/raw/native-cost-candidate-863c75-thin-apply-ir/qualification_454_native_cost.purrdf_sparql_algebra-2f54bfeaed8b20be.purrdf_sparql_algebra.1f9a9904874edf46-cgu.0.rcgu.o.rcgu.ll	/opt/purrdf-454-evidence-package.GD9kNHfZ/preserved-stage-originals/raw/native-cost-candidate-863c75-thin-apply-ir/qualification_454_native_cost.purrdf_sparql_algebra-2f54bfeaed8b20be.purrdf_sparql_algebra.1f9a9904874edf46-cgu.0.rcgu.o.rcgu.ll	644	20580053	fdc44c71246beb1b0cdfd102780292765f91c5981a6efa77f184c5a5fe8cdaa6	/home/paudley/Active/purrdf/.worktrees/454-rdflib-shim-algebra-level-reassignment/.stage/rdflib-shim-algebra-level-reassignment/raw/final-lossless-evidence-archive/objects/e5bb65a2e44cfc9215322a31c15223af441ca3dad728b9d34ced4a959c22502d.gz	e5bb65a2e44cfc9215322a31c15223af441ca3dad728b9d34ced4a959c22502d	gzip	raw/native-cost-candidate-863c75-thin-apply-ir/qualification_454_native_cost.purrdf_sparql_algebra-2f54bfeaed8b20be.purrdf_sparql_algebra.1f9a9904874edf46-cgu.0.rcgu.o.rcgu.ll
/home/paudley/Active/purrdf/.worktrees/454-rdflib-shim-algebra-level-reassignment/.stage/rdflib-shim-algebra-level-reassignment/raw/native-cost-candidate-863c75-thin-apply-ir/qualification_454_native_cost.purrdf_sparql_algebra-2f54bfeaed8b20be.purrdf_sparql_algebra.1f9a9904874edf46-cgu.0.rcgu.o.rcgu.s	/opt/purrdf-454-evidence-package.GD9kNHfZ/preserved-stage-originals/raw/native-cost-candidate-863c75-thin-apply-ir/qualification_454_native_cost.purrdf_sparql_algebra-2f54bfeaed8b20be.purrdf_sparql_algebra.1f9a9904874edf46-cgu.0.rcgu.o.rcgu.s	644	7037234	ae44103f3caae355bf935f2b53d2a2887ec1484804edee63ed0cbf2ef48a6e9d	/home/paudley/Active/purrdf/.worktrees/454-rdflib-shim-algebra-level-reassignment/.stage/rdflib-shim-algebra-level-reassignment/raw/final-lossless-evidence-archive/objects/96c2f0a27cf4471c59eb34cc0214a3d2063d4020750222e4e3f51bb389a6f979.gz	96c2f0a27cf4471c59eb34cc0214a3d2063d4020750222e4e3f51bb389a6f979	gzip	raw/native-cost-candidate-863c75-thin-apply-ir/qualification_454_native_cost.purrdf_sparql_algebra-2f54bfeaed8b20be.purrdf_sparql_algebra.1f9a9904874edf46-cgu.0.rcgu.o.rcgu.s
/home/paudley/Active/purrdf/.worktrees/454-rdflib-shim-algebra-level-reassignment/.stage/rdflib-shim-algebra-level-reassignment/raw/native-cost-candidate-863c75-thin-apply-ir/qualification_454_native_cost.purrdf_sparql_eval-bf425426783cf5de.purrdf_sparql_eval.1e4be50d5a1c0ebd-cgu.0.rcgu.o.rcgu.ll	/opt/purrdf-454-evidence-package.GD9kNHfZ/preserved-stage-originals/raw/native-cost-candidate-863c75-thin-apply-ir/qualification_454_native_cost.purrdf_sparql_eval-bf425426783cf5de.purrdf_sparql_eval.1e4be50d5a1c0ebd-cgu.0.rcgu.o.rcgu.ll	644	72796985	5d69206b050410b998df8433335585b0d24673cc2fa5506af77b753cb3dd8ece	/home/paudley/Active/purrdf/.worktrees/454-rdflib-shim-algebra-level-reassignment/.stage/rdflib-shim-algebra-level-reassignment/raw/final-lossless-evidence-archive/objects/4a697f9e39e2947c539a5584cd1efdd0540ad91cc2072f2e5ca65510120e333a.gz	4a697f9e39e2947c539a5584cd1efdd0540ad91cc2072f2e5ca65510120e333a	gzip	raw/native-cost-candidate-863c75-thin-apply-ir/qualification_454_native_cost.purrdf_sparql_eval-bf425426783cf5de.purrdf_sparql_eval.1e4be50d5a1c0ebd-cgu.0.rcgu.o.rcgu.ll
/home/paudley/Active/purrdf/.worktrees/454-rdflib-shim-algebra-level-reassignment/.stage/rdflib-shim-algebra-level-reassignment/raw/native-cost-candidate-863c75-thin-apply-ir/qualification_454_native_cost.purrdf_sparql_eval-bf425426783cf5de.purrdf_sparql_eval.1e4be50d5a1c0ebd-cgu.0.rcgu.o.rcgu.s	/opt/purrdf-454-evidence-package.GD9kNHfZ/preserved-stage-originals/raw/native-cost-candidate-863c75-thin-apply-ir/qualification_454_native_cost.purrdf_sparql_eval-bf425426783cf5de.purrdf_sparql_eval.1e4be50d5a1c0ebd-cgu.0.rcgu.o.rcgu.s	644	27711815	cf93dbcbac77a7cb8a21738b2bc06c35cae3287993fc00c287f3db5c60e5f76e	/home/paudley/Active/purrdf/.worktrees/454-rdflib-shim-algebra-level-reassignment/.stage/rdflib-shim-algebra-level-reassignment/raw/final-lossless-evidence-archive/objects/785b2f9e9f53b35b80eeb5960aa119d3189be665e49cb3d637e6ecd515a7a120.gz	785b2f9e9f53b35b80eeb5960aa119d3189be665e49cb3d637e6ecd515a7a120	gzip	raw/native-cost-candidate-863c75-thin-apply-ir/qualification_454_native_cost.purrdf_sparql_eval-bf425426783cf5de.purrdf_sparql_eval.1e4be50d5a1c0ebd-cgu.0.rcgu.o.rcgu.s
/home/paudley/Active/purrdf/.worktrees/454-rdflib-shim-algebra-level-reassignment/.stage/rdflib-shim-algebra-level-reassignment/raw/native-cost-candidate-863c75-thin-apply-ir/qualification_454_native_cost.qualification_454_native_cost.258b1530d971e06d-cgu.0.rcgu.ll	/opt/purrdf-454-evidence-package.GD9kNHfZ/preserved-stage-originals/raw/native-cost-candidate-863c75-thin-apply-ir/qualification_454_native_cost.qualification_454_native_cost.258b1530d971e06d-cgu.0.rcgu.ll	644	13688952	2957ee6814da794b79be0bdf2c995f4cabaf20f21fb5191e464060de6c93db55	/home/paudley/Active/purrdf/.worktrees/454-rdflib-shim-algebra-level-reassignment/.stage/rdflib-shim-algebra-level-reassignment/raw/final-lossless-evidence-archive/objects/0d8481c81fb33cc60bdacd785af3e2bc86794a8bb8e410a87d69ca1effaacc82.gz	0d8481c81fb33cc60bdacd785af3e2bc86794a8bb8e410a87d69ca1effaacc82	gzip	raw/native-cost-candidate-863c75-thin-apply-ir/qualification_454_native_cost.qualification_454_native_cost.258b1530d971e06d-cgu.0.rcgu.ll
/home/paudley/Active/purrdf/.worktrees/454-rdflib-shim-algebra-level-reassignment/.stage/rdflib-shim-algebra-level-reassignment/raw/native-cost-candidate-863c75-thin-apply-ir/qualification_454_native_cost.qualification_454_native_cost.258b1530d971e06d-cgu.0.rcgu.s	/opt/purrdf-454-evidence-package.GD9kNHfZ/preserved-stage-originals/raw/native-cost-candidate-863c75-thin-apply-ir/qualification_454_native_cost.qualification_454_native_cost.258b1530d971e06d-cgu.0.rcgu.s	644	3975185	ee52ad43f004bcb9c2e0271bd539fc9de876da12c3409cba2ee54f12f1b76da2	/home/paudley/Active/purrdf/.worktrees/454-rdflib-shim-algebra-level-reassignment/.stage/rdflib-shim-algebra-level-reassignment/raw/final-lossless-evidence-archive/objects/fdf328dfc160f46075f9bf549f0b6377dba31fd6ff2605daa941cad3dff4677f.gz	fdf328dfc160f46075f9bf549f0b6377dba31fd6ff2605daa941cad3dff4677f	gzip	raw/native-cost-candidate-863c75-thin-apply-ir/qualification_454_native_cost.qualification_454_native_cost.258b1530d971e06d-cgu.0.rcgu.s
/home/paudley/Active/purrdf/.worktrees/454-rdflib-shim-algebra-level-reassignment/.stage/rdflib-shim-algebra-level-reassignment/raw/native-cost-candidate-863c75-wasm-ir/qualification_454_native_cost.purrdf_sparql_algebra-96bf57510f55d7ab.purrdf_sparql_algebra.2d4d4c38e30aca1e-cgu.0.rcgu.o.rcgu.ll	/opt/purrdf-454-evidence-package.GD9kNHfZ/preserved-stage-originals/raw/native-cost-candidate-863c75-wasm-ir/qualification_454_native_cost.purrdf_sparql_algebra-96bf57510f55d7ab.purrdf_sparql_algebra.2d4d4c38e30aca1e-cgu.0.rcgu.o.rcgu.ll	644	17822998	8a283faf1812b445eceabc3e79ae1c8b2ee59f341bcc33d73a68658e554d555e	/home/paudley/Active/purrdf/.worktrees/454-rdflib-shim-algebra-level-reassignment/.stage/rdflib-shim-algebra-level-reassignment/raw/final-lossless-evidence-archive/objects/a18ca5877a1f14d686478308d9dc6f6d7911a99420cdc3735a7f06980ad62d16.gz	a18ca5877a1f14d686478308d9dc6f6d7911a99420cdc3735a7f06980ad62d16	gzip	raw/native-cost-candidate-863c75-wasm-ir/qualification_454_native_cost.purrdf_sparql_algebra-96bf57510f55d7ab.purrdf_sparql_algebra.2d4d4c38e30aca1e-cgu.0.rcgu.o.rcgu.ll
/home/paudley/Active/purrdf/.worktrees/454-rdflib-shim-algebra-level-reassignment/.stage/rdflib-shim-algebra-level-reassignment/raw/native-cost-candidate-863c75-wasm-ir/qualification_454_native_cost.purrdf_sparql_algebra-96bf57510f55d7ab.purrdf_sparql_algebra.2d4d4c38e30aca1e-cgu.0.rcgu.o.rcgu.s	/opt/purrdf-454-evidence-package.GD9kNHfZ/preserved-stage-originals/raw/native-cost-candidate-863c75-wasm-ir/qualification_454_native_cost.purrdf_sparql_algebra-96bf57510f55d7ab.purrdf_sparql_algebra.2d4d4c38e30aca1e-cgu.0.rcgu.o.rcgu.s	644	6680385	514075c8871c9a76df99eccb69bad0a7fc66ff0e1218e55c099c826f2f153ed7	/home/paudley/Active/purrdf/.worktrees/454-rdflib-shim-algebra-level-reassignment/.stage/rdflib-shim-algebra-level-reassignment/raw/final-lossless-evidence-archive/objects/256104bdd28a0234fdf7ed9f33be4d60b3abb64a228cf7f4012bab6b88252085.gz	256104bdd28a0234fdf7ed9f33be4d60b3abb64a228cf7f4012bab6b88252085	gzip	raw/native-cost-candidate-863c75-wasm-ir/qualification_454_native_cost.purrdf_sparql_algebra-96bf57510f55d7ab.purrdf_sparql_algebra.2d4d4c38e30aca1e-cgu.0.rcgu.o.rcgu.s
/home/paudley/Active/purrdf/.worktrees/454-rdflib-shim-algebra-level-reassignment/.stage/rdflib-shim-algebra-level-reassignment/raw/native-cost-candidate-863c75-wasm-ir/qualification_454_native_cost.purrdf_sparql_eval-8d88597f61c9805d.purrdf_sparql_eval.3390c597aa620bea-cgu.0.rcgu.o.rcgu.ll	/opt/purrdf-454-evidence-package.GD9kNHfZ/preserved-stage-originals/raw/native-cost-candidate-863c75-wasm-ir/qualification_454_native_cost.purrdf_sparql_eval-8d88597f61c9805d.purrdf_sparql_eval.3390c597aa620bea-cgu.0.rcgu.o.rcgu.ll	644	57282265	1fc43a33050caaf051215384385573aa6091ec423e04d05e5f95c5aa78e7f7e5	/home/paudley/Active/purrdf/.worktrees/454-rdflib-shim-algebra-level-reassignment/.stage/rdflib-shim-algebra-level-reassignment/raw/final-lossless-evidence-archive/objects/62e97c5da8ee55d67ce97bcfca60ca96d74185d5a32109821dc30bad4e415d60.gz	62e97c5da8ee55d67ce97bcfca60ca96d74185d5a32109821dc30bad4e415d60	gzip	raw/native-cost-candidate-863c75-wasm-ir/qualification_454_native_cost.purrdf_sparql_eval-8d88597f61c9805d.purrdf_sparql_eval.3390c597aa620bea-cgu.0.rcgu.o.rcgu.ll
/home/paudley/Active/purrdf/.worktrees/454-rdflib-shim-algebra-level-reassignment/.stage/rdflib-shim-algebra-level-reassignment/raw/native-cost-candidate-863c75-wasm-ir/qualification_454_native_cost.purrdf_sparql_eval-8d88597f61c9805d.purrdf_sparql_eval.3390c597aa620bea-cgu.0.rcgu.o.rcgu.s	/opt/purrdf-454-evidence-package.GD9kNHfZ/preserved-stage-originals/raw/native-cost-candidate-863c75-wasm-ir/qualification_454_native_cost.purrdf_sparql_eval-8d88597f61c9805d.purrdf_sparql_eval.3390c597aa620bea-cgu.0.rcgu.o.rcgu.s	644	21919315	6e62fb42979b2d45047ecf2d5637e33afec81aef93c600a1944985730a3fe911	/home/paudley/Active/purrdf/.worktrees/454-rdflib-shim-algebra-level-reassignment/.stage/rdflib-shim-algebra-level-reassignment/raw/final-lossless-evidence-archive/objects/edd6df21ab06a6470b1c3580ec92932373af96337bcee0b932ce51c475811906.gz	edd6df21ab06a6470b1c3580ec92932373af96337bcee0b932ce51c475811906	gzip	raw/native-cost-candidate-863c75-wasm-ir/qualification_454_native_cost.purrdf_sparql_eval-8d88597f61c9805d.purrdf_sparql_eval.3390c597aa620bea-cgu.0.rcgu.o.rcgu.s
/home/paudley/Active/purrdf/.worktrees/454-rdflib-shim-algebra-level-reassignment/.stage/rdflib-shim-algebra-level-reassignment/raw/native-cost-candidate-863c75-wasm-ir/qualification_454_native_cost.qualification_454_native_cost.a23569bcf19efc09-cgu.0.rcgu.ll	/opt/purrdf-454-evidence-package.GD9kNHfZ/preserved-stage-originals/raw/native-cost-candidate-863c75-wasm-ir/qualification_454_native_cost.qualification_454_native_cost.a23569bcf19efc09-cgu.0.rcgu.ll	644	13358778	f664d2410452e2172bd3c274ec2eef7de92f34148cb1fd6893cb14bbae291675	/home/paudley/Active/purrdf/.worktrees/454-rdflib-shim-algebra-level-reassignment/.stage/rdflib-shim-algebra-level-reassignment/raw/final-lossless-evidence-archive/objects/881126715910dc938678e6981e2000fa4dd89c9f92f2aad516af9d522ed654f2.gz	881126715910dc938678e6981e2000fa4dd89c9f92f2aad516af9d522ed654f2	gzip	raw/native-cost-candidate-863c75-wasm-ir/qualification_454_native_cost.qualification_454_native_cost.a23569bcf19efc09-cgu.0.rcgu.ll
/home/paudley/Active/purrdf/.worktrees/454-rdflib-shim-algebra-level-reassignment/.stage/rdflib-shim-algebra-level-reassignment/raw/native-cost-candidate-863c75-wasm-ir/qualification_454_native_cost.qualification_454_native_cost.a23569bcf19efc09-cgu.0.rcgu.s	/opt/purrdf-454-evidence-package.GD9kNHfZ/preserved-stage-originals/raw/native-cost-candidate-863c75-wasm-ir/qualification_454_native_cost.qualification_454_native_cost.a23569bcf19efc09-cgu.0.rcgu.s	644	4183445	3a09e9d79b0417eecde3298cb405b624b36e88f5b018a6128df06bc63fb598a9	/home/paudley/Active/purrdf/.worktrees/454-rdflib-shim-algebra-level-reassignment/.stage/rdflib-shim-algebra-level-reassignment/raw/final-lossless-evidence-archive/objects/b5321422b3ed70bd0e2ad1fb29f652fe707da068d4674857d185273f4ad8c466.gz	b5321422b3ed70bd0e2ad1fb29f652fe707da068d4674857d185273f4ad8c466	gzip	raw/native-cost-candidate-863c75-wasm-ir/qualification_454_native_cost.qualification_454_native_cost.a23569bcf19efc09-cgu.0.rcgu.s
/home/paudley/Active/purrdf/.worktrees/454-rdflib-shim-algebra-level-reassignment/.stage/rdflib-shim-algebra-level-reassignment/raw/portfolio-integration-contextual-zh-Hans.po	/opt/purrdf-454-evidence-package.GD9kNHfZ/preserved-stage-originals/raw/portfolio-integration-contextual-zh-Hans.po	644	1203588	71d94a5d0ec8d172d5e5aba25ab7d78942942efce89ce74065c2481b1e7bb650	/home/paudley/Active/purrdf/.worktrees/454-rdflib-shim-algebra-level-reassignment/.stage/rdflib-shim-algebra-level-reassignment/raw/final-lossless-evidence-archive/objects/db5c1dacebd9c92988983c2e60322fac3d8013a861d0946782a97e66673f2837.gz	db5c1dacebd9c92988983c2e60322fac3d8013a861d0946782a97e66673f2837	gzip	raw/portfolio-integration-contextual-zh-Hans.po
/home/paudley/Active/purrdf/.worktrees/454-rdflib-shim-algebra-level-reassignment/.stage/rdflib-shim-algebra-level-reassignment/raw/portfolio-integration-main-zh-Hans.po	/opt/purrdf-454-evidence-package.GD9kNHfZ/preserved-stage-originals/raw/portfolio-integration-main-zh-Hans.po	644	1229904	3a3e188e7344862a8b72b2c6040307447ec9495400fce833e8102988314485ee	/home/paudley/Active/purrdf/.worktrees/454-rdflib-shim-algebra-level-reassignment/.stage/rdflib-shim-algebra-level-reassignment/raw/final-lossless-evidence-archive/objects/685f9daceae3c8ef7402746de1a1317b73ba53c320165338afb1300dbfb22023.gz	685f9daceae3c8ef7402746de1a1317b73ba53c320165338afb1300dbfb22023	gzip	raw/portfolio-integration-main-zh-Hans.po
/home/paudley/Active/purrdf/.worktrees/454-rdflib-shim-algebra-level-reassignment/.stage/rdflib-shim-algebra-level-reassignment/raw/portfolio-main402-premerge-contextual-zh-Hans.po	/opt/purrdf-454-evidence-package.GD9kNHfZ/preserved-stage-originals/raw/portfolio-main402-premerge-contextual-zh-Hans.po	644	1236745	f226fa056a9a4d9674672726eedff74c44a2d9ed9dd34a82df592cbdefdfa18c	/home/paudley/Active/purrdf/.worktrees/454-rdflib-shim-algebra-level-reassignment/.stage/rdflib-shim-algebra-level-reassignment/raw/final-lossless-evidence-archive/objects/e53fce6f6ae73b867a4313f25c62f0bca4e37576615fc827c3ff1f9c9f63c262.gz	e53fce6f6ae73b867a4313f25c62f0bca4e37576615fc827c3ff1f9c9f63c262	gzip	raw/portfolio-main402-premerge-contextual-zh-Hans.po
/home/paudley/Active/purrdf/.worktrees/454-rdflib-shim-algebra-level-reassignment/.stage/rdflib-shim-algebra-level-reassignment/raw/portfolio-main402-premerge-main-zh-Hans.po	/opt/purrdf-454-evidence-package.GD9kNHfZ/preserved-stage-originals/raw/portfolio-main402-premerge-main-zh-Hans.po	644	1229598	30b7e06bfe2a7057fb4afd775496293d23206a7890149bdbf9777fa07c7c5e74	/home/paudley/Active/purrdf/.worktrees/454-rdflib-shim-algebra-level-reassignment/.stage/rdflib-shim-algebra-level-reassignment/raw/final-lossless-evidence-archive/objects/6c41a3ac2b11980ff8daa4ac26c4b4573b9b0a406148f1d9a584a59f958de23f.gz	6c41a3ac2b11980ff8daa4ac26c4b4573b9b0a406148f1d9a584a59f958de23f	gzip	raw/portfolio-main402-premerge-main-zh-Hans.po
/home/paudley/Active/purrdf/.worktrees/454-rdflib-shim-algebra-level-reassignment/.stage/rdflib-shim-algebra-level-reassignment/raw/project-outer-inline-diagnostic-review/baseline-eval-demangled.ll	/opt/purrdf-454-evidence-package.GD9kNHfZ/preserved-stage-originals/raw/project-outer-inline-diagnostic-review/baseline-eval-demangled.ll	644	69689245	60dd3ba4f7e7e48b5b822f9ef4c7c28d05e7c1cd851dd7cb800e359271d841a0	/home/paudley/Active/purrdf/.worktrees/454-rdflib-shim-algebra-level-reassignment/.stage/rdflib-shim-algebra-level-reassignment/raw/final-lossless-evidence-archive/objects/8e5c1e92460764f0344366d585aaa3209496072963afbfd298e5ed6ecdfc4112.gz	8e5c1e92460764f0344366d585aaa3209496072963afbfd298e5ed6ecdfc4112	gzip	raw/project-outer-inline-diagnostic-review/baseline-eval-demangled.ll
/home/paudley/Active/purrdf/.worktrees/454-rdflib-shim-algebra-level-reassignment/.stage/rdflib-shim-algebra-level-reassignment/raw/project-outer-inline-diagnostic-review/baseline-inline-demangled.log	/opt/purrdf-454-evidence-package.GD9kNHfZ/preserved-stage-originals/raw/project-outer-inline-diagnostic-review/baseline-inline-demangled.log	644	4175552	64885389d1be4d691695b8db9690fc9d0273f4a8be53571435848c93f3da435b	/home/paudley/Active/purrdf/.worktrees/454-rdflib-shim-algebra-level-reassignment/.stage/rdflib-shim-algebra-level-reassignment/raw/final-lossless-evidence-archive/objects/e202215d5b092550c246eda1e2890203b472d0a78035bade6c6f3f1f125a8ec5.gz	e202215d5b092550c246eda1e2890203b472d0a78035bade6c6f3f1f125a8ec5	gzip	raw/project-outer-inline-diagnostic-review/baseline-inline-demangled.log
/home/paudley/Active/purrdf/.worktrees/454-rdflib-shim-algebra-level-reassignment/.stage/rdflib-shim-algebra-level-reassignment/raw/project-outer-inline-diagnostic-review/candidate-eval-demangled.ll	/opt/purrdf-454-evidence-package.GD9kNHfZ/preserved-stage-originals/raw/project-outer-inline-diagnostic-review/candidate-eval-demangled.ll	644	77866837	63b7a31158511ea2d429736d3d00c309a794776622af348fb0afd14904141f76	/home/paudley/Active/purrdf/.worktrees/454-rdflib-shim-algebra-level-reassignment/.stage/rdflib-shim-algebra-level-reassignment/raw/final-lossless-evidence-archive/objects/5b5fb5437e783393d28dc5d61076c7d1ab5fcaa1265f43ecdf2fccb2d8cd3fce.gz	5b5fb5437e783393d28dc5d61076c7d1ab5fcaa1265f43ecdf2fccb2d8cd3fce	gzip	raw/project-outer-inline-diagnostic-review/candidate-eval-demangled.ll
/home/paudley/Active/purrdf/.worktrees/454-rdflib-shim-algebra-level-reassignment/.stage/rdflib-shim-algebra-level-reassignment/raw/project-outer-inline-diagnostic-review/candidate-inline-demangled.log	/opt/purrdf-454-evidence-package.GD9kNHfZ/preserved-stage-originals/raw/project-outer-inline-diagnostic-review/candidate-inline-demangled.log	644	4203168	26968257f3c7ac7d74591c0311fcdea7e251d7a162baa5a3ef5035e1bf50c975	/home/paudley/Active/purrdf/.worktrees/454-rdflib-shim-algebra-level-reassignment/.stage/rdflib-shim-algebra-level-reassignment/raw/final-lossless-evidence-archive/objects/a8dc9071c59ffbb9ac1a8dc8b5b796391e43560eafe3f7b5e479e0f109b52f74.gz	a8dc9071c59ffbb9ac1a8dc8b5b796391e43560eafe3f7b5e479e0f109b52f74	gzip	raw/project-outer-inline-diagnostic-review/candidate-inline-demangled.log
/home/paudley/Active/purrdf/.worktrees/454-rdflib-shim-algebra-level-reassignment/.stage/rdflib-shim-algebra-level-reassignment/raw/project-outer-owning-inline-diagnostic-review/baseline-inline-demangled.log	/opt/purrdf-454-evidence-package.GD9kNHfZ/preserved-stage-originals/raw/project-outer-owning-inline-diagnostic-review/baseline-inline-demangled.log	644	184674645	8aef77c67e8c68bc7b1e427d79862eb6249eb6a545718f2f220d91058177a65f	/home/paudley/Active/purrdf/.worktrees/454-rdflib-shim-algebra-level-reassignment/.stage/rdflib-shim-algebra-level-reassignment/raw/final-lossless-evidence-archive/objects/c78e6081874334adf1ebbb7a738dd2cc33d674f5dab37631869de8d9d8a638b7.gz	c78e6081874334adf1ebbb7a738dd2cc33d674f5dab37631869de8d9d8a638b7	gzip	raw/project-outer-owning-inline-diagnostic-review/baseline-inline-demangled.log
/home/paudley/Active/purrdf/.worktrees/454-rdflib-shim-algebra-level-reassignment/.stage/rdflib-shim-algebra-level-reassignment/raw/project-outer-owning-inline-diagnostic-review/candidate-inline-demangled.log	/opt/purrdf-454-evidence-package.GD9kNHfZ/preserved-stage-originals/raw/project-outer-owning-inline-diagnostic-review/candidate-inline-demangled.log	644	202275153	0bf5ef76c5441b0cd937a560bf8f4f0426f0b8826f50092f9d6463a3f315f18f	/home/paudley/Active/purrdf/.worktrees/454-rdflib-shim-algebra-level-reassignment/.stage/rdflib-shim-algebra-level-reassignment/raw/final-lossless-evidence-archive/objects/4c42dcf690e085b25b96a944c48586156e59cdee11fa6eef874044ca1391caa8.gz	4c42dcf690e085b25b96a944c48586156e59cdee11fa6eef874044ca1391caa8	gzip	raw/project-outer-owning-inline-diagnostic-review/candidate-inline-demangled.log
/home/paudley/Active/purrdf/.worktrees/454-rdflib-shim-algebra-level-reassignment/.stage/rdflib-shim-algebra-level-reassignment/raw/t1-native-cost-base-863c75-complete-inventory.log	/opt/purrdf-454-evidence-package.GD9kNHfZ/preserved-stage-originals/raw/t1-native-cost-base-863c75-complete-inventory.log	644	2241111	da47bb1986416f4f385643b5910f064853992c9a150d7f56d772076cec774a45	/home/paudley/Active/purrdf/.worktrees/454-rdflib-shim-algebra-level-reassignment/.stage/rdflib-shim-algebra-level-reassignment/raw/final-lossless-evidence-archive/objects/41c21e2b4f841a8130ede0dcc99983c5e95799717c8cae668072a73100051c2c.gz	41c21e2b4f841a8130ede0dcc99983c5e95799717c8cae668072a73100051c2c	gzip	raw/t1-native-cost-base-863c75-complete-inventory.log
/home/paudley/Active/purrdf/.worktrees/454-rdflib-shim-algebra-level-reassignment/.stage/rdflib-shim-algebra-level-reassignment/raw/t1-native-cost-base-863c75-extended-inventory.log	/opt/purrdf-454-evidence-package.GD9kNHfZ/preserved-stage-originals/raw/t1-native-cost-base-863c75-extended-inventory.log	644	2256509	762995c35eb05b36b846b1f7db306465a8410164b39779c145daf1f32019e5f9	/home/paudley/Active/purrdf/.worktrees/454-rdflib-shim-algebra-level-reassignment/.stage/rdflib-shim-algebra-level-reassignment/raw/final-lossless-evidence-archive/objects/d6cd8886f45ccde4ebe4c8ddfd17ab5b043f48dfa8c89a72ed9949c417a97acf.gz	d6cd8886f45ccde4ebe4c8ddfd17ab5b043f48dfa8c89a72ed9949c417a97acf	gzip	raw/t1-native-cost-base-863c75-extended-inventory.log
/home/paudley/Active/purrdf/.worktrees/454-rdflib-shim-algebra-level-reassignment/.stage/rdflib-shim-algebra-level-reassignment/raw/t1-native-cost-base-863c75-inventory-repaired.log	/opt/purrdf-454-evidence-package.GD9kNHfZ/preserved-stage-originals/raw/t1-native-cost-base-863c75-inventory-repaired.log	644	2062774	cb2ed61657394bcac3d0c74d762aa1a181c7014dbe4337955e2ca58a45ecefbb	/home/paudley/Active/purrdf/.worktrees/454-rdflib-shim-algebra-level-reassignment/.stage/rdflib-shim-algebra-level-reassignment/raw/final-lossless-evidence-archive/objects/b56a5ad820fd72f79d4bbf938336de025a57d845a3a21a4b208e137e263119aa.gz	b56a5ad820fd72f79d4bbf938336de025a57d845a3a21a4b208e137e263119aa	gzip	raw/t1-native-cost-base-863c75-inventory-repaired.log
/home/paudley/Active/purrdf/.worktrees/454-rdflib-shim-algebra-level-reassignment/.stage/rdflib-shim-algebra-level-reassignment/raw/t1-native-cost-base-863c75-wasm-inventory.log	/opt/purrdf-454-evidence-package.GD9kNHfZ/preserved-stage-originals/raw/t1-native-cost-base-863c75-wasm-inventory.log	644	2007477	7bf14c76b3d865846824e00916f5bb66fad7c60973d44dddcdc383215a64d28a	/home/paudley/Active/purrdf/.worktrees/454-rdflib-shim-algebra-level-reassignment/.stage/rdflib-shim-algebra-level-reassignment/raw/final-lossless-evidence-archive/objects/4060a8fd969c7a32a8f074debd9e948c97a8190db493ce54a6186aa6e44151f3.gz	4060a8fd969c7a32a8f074debd9e948c97a8190db493ce54a6186aa6e44151f3	gzip	raw/t1-native-cost-base-863c75-wasm-inventory.log
/home/paudley/Active/purrdf/.worktrees/454-rdflib-shim-algebra-level-reassignment/.stage/rdflib-shim-algebra-level-reassignment/raw/t1-native-cost-candidate-863c75-default-boundary-inventory.log	/opt/purrdf-454-evidence-package.GD9kNHfZ/preserved-stage-originals/raw/t1-native-cost-candidate-863c75-default-boundary-inventory.log	644	3381136	4eee862ba3e96e72d886cec40d17b338e402286333743f189c28a82a880622b5	/home/paudley/Active/purrdf/.worktrees/454-rdflib-shim-algebra-level-reassignment/.stage/rdflib-shim-algebra-level-reassignment/raw/final-lossless-evidence-archive/objects/5b5332d5c8b113bbd403c87476fc6901b1b101fd7598346df330cd9e9a6544c7.gz	5b5332d5c8b113bbd403c87476fc6901b1b101fd7598346df330cd9e9a6544c7	gzip	raw/t1-native-cost-candidate-863c75-default-boundary-inventory.log
/home/paudley/Active/purrdf/.worktrees/454-rdflib-shim-algebra-level-reassignment/.stage/rdflib-shim-algebra-level-reassignment/raw/t1-native-cost-candidate-863c75-direct-dispatch-inventory.log	/opt/purrdf-454-evidence-package.GD9kNHfZ/preserved-stage-originals/raw/t1-native-cost-candidate-863c75-direct-dispatch-inventory.log	644	3382180	dec554e84ac60dfd88174e042475e7db49990666c57ecaace710b0430cc78f58	/home/paudley/Active/purrdf/.worktrees/454-rdflib-shim-algebra-level-reassignment/.stage/rdflib-shim-algebra-level-reassignment/raw/final-lossless-evidence-archive/objects/8688eaab8b9eb7f649d211410e152eec86782169c9eba9b3797f9ec82ceec2b6.gz	8688eaab8b9eb7f649d211410e152eec86782169c9eba9b3797f9ec82ceec2b6	gzip	raw/t1-native-cost-candidate-863c75-direct-dispatch-inventory.log
/home/paudley/Active/purrdf/.worktrees/454-rdflib-shim-algebra-level-reassignment/.stage/rdflib-shim-algebra-level-reassignment/raw/t1-native-cost-candidate-863c75-inventory.log	/opt/purrdf-454-evidence-package.GD9kNHfZ/preserved-stage-originals/raw/t1-native-cost-candidate-863c75-inventory.log	644	3354576	53a8af29353f91728111ef0f183831ebf289d6ce670da183f8084b6a74e06e50	/home/paudley/Active/purrdf/.worktrees/454-rdflib-shim-algebra-level-reassignment/.stage/rdflib-shim-algebra-level-reassignment/raw/final-lossless-evidence-archive/objects/82e6b66c8a1a4dd9c261cbbbebb50408b5428abc8d77342168c1708c462180a5.gz	82e6b66c8a1a4dd9c261cbbbebb50408b5428abc8d77342168c1708c462180a5	gzip	raw/t1-native-cost-candidate-863c75-inventory.log
/home/paudley/Active/purrdf/.worktrees/454-rdflib-shim-algebra-level-reassignment/.stage/rdflib-shim-algebra-level-reassignment/raw/t1-native-cost-candidate-863c75-native-boundary-inventory.log	/opt/purrdf-454-evidence-package.GD9kNHfZ/preserved-stage-originals/raw/t1-native-cost-candidate-863c75-native-boundary-inventory.log	644	3310185	e6d14edfd66dcabe83135e25c072377a032a3420575f8156778f47aa66c7a1c7	/home/paudley/Active/purrdf/.worktrees/454-rdflib-shim-algebra-level-reassignment/.stage/rdflib-shim-algebra-level-reassignment/raw/final-lossless-evidence-archive/objects/ed00d780c12f0f812644d6d5cec42cb5be0d2f7da7cd3fc8f2bdbfba7de96070.gz	ed00d780c12f0f812644d6d5cec42cb5be0d2f7da7cd3fc8f2bdbfba7de96070	gzip	raw/t1-native-cost-candidate-863c75-native-boundary-inventory.log
/home/paudley/Active/purrdf/.worktrees/454-rdflib-shim-algebra-level-reassignment/.stage/rdflib-shim-algebra-level-reassignment/raw/t1-native-cost-candidate-863c75-thin-apply-inventory.log	/opt/purrdf-454-evidence-package.GD9kNHfZ/preserved-stage-originals/raw/t1-native-cost-candidate-863c75-thin-apply-inventory.log	644	3138495	f701497e15f4cc6e224f6cc4a32dde519501a0100153d4b89c1ad9e1aea4a8a5	/home/paudley/Active/purrdf/.worktrees/454-rdflib-shim-algebra-level-reassignment/.stage/rdflib-shim-algebra-level-reassignment/raw/final-lossless-evidence-archive/objects/2c0659912623d10dae3dac8413ade55615567e358f5f0f46b3990f5d4ab7917d.gz	2c0659912623d10dae3dac8413ade55615567e358f5f0f46b3990f5d4ab7917d	gzip	raw/t1-native-cost-candidate-863c75-thin-apply-inventory.log
/home/paudley/Active/purrdf/.worktrees/454-rdflib-shim-algebra-level-reassignment/.stage/rdflib-shim-algebra-level-reassignment/raw/t1-native-cost-candidate-863c75-wasm-inventory.log	/opt/purrdf-454-evidence-package.GD9kNHfZ/preserved-stage-originals/raw/t1-native-cost-candidate-863c75-wasm-inventory.log	644	2765879	823c4e1d6b1cf4b212dd7853fa2f57d22441f856785a5f734c7ad6d99a5a84e7	/home/paudley/Active/purrdf/.worktrees/454-rdflib-shim-algebra-level-reassignment/.stage/rdflib-shim-algebra-level-reassignment/raw/final-lossless-evidence-archive/objects/9da92d6bfa1a64861dba172b4f7d0b6559d0d2b60123ea8463e278a7c12378fc.gz	9da92d6bfa1a64861dba172b4f7d0b6559d0d2b60123ea8463e278a7c12378fc	gzip	raw/t1-native-cost-candidate-863c75-wasm-inventory.log
/home/paudley/Active/purrdf/.worktrees/454-rdflib-shim-algebra-level-reassignment/.stage/rdflib-shim-algebra-level-reassignment/raw/t2-base-native-inventory.log	/opt/purrdf-454-evidence-package.GD9kNHfZ/preserved-stage-originals/raw/t2-base-native-inventory.log	644	3127052	0d7cb638484e1135750f5c974abafebf7bc3c9be092c3b14c94f2580db749219	/home/paudley/Active/purrdf/.worktrees/454-rdflib-shim-algebra-level-reassignment/.stage/rdflib-shim-algebra-level-reassignment/raw/final-lossless-evidence-archive/objects/a843fd2ea3d6f5dcd01b346adc1fe54c457b0b9b032cccf859968265bae7168a.gz	a843fd2ea3d6f5dcd01b346adc1fe54c457b0b9b032cccf859968265bae7168a	gzip	raw/t2-base-native-inventory.log
/home/paudley/Active/purrdf/.worktrees/454-rdflib-shim-algebra-level-reassignment/.stage/rdflib-shim-algebra-level-reassignment/raw/t2-base-native-ir/qualification_454_native_cost.purrdf_sparql_algebra-2752a1e60ee500da.purrdf_sparql_algebra.a4597f5a80186251-cgu.0.rcgu.o.rcgu.ll	/opt/purrdf-454-evidence-package.GD9kNHfZ/preserved-stage-originals/raw/t2-base-native-ir/qualification_454_native_cost.purrdf_sparql_algebra-2752a1e60ee500da.purrdf_sparql_algebra.a4597f5a80186251-cgu.0.rcgu.o.rcgu.ll	644	20576808	9939a122ffbe18cf4c767522c35fe2a43422b210578c5bf8b94301115d9cf47a	/home/paudley/Active/purrdf/.worktrees/454-rdflib-shim-algebra-level-reassignment/.stage/rdflib-shim-algebra-level-reassignment/raw/final-lossless-evidence-archive/objects/ca83accaccd13ada20be19e913fdf7f97c1f172cdc8ed949f67a9f70bf48e7fb.gz	ca83accaccd13ada20be19e913fdf7f97c1f172cdc8ed949f67a9f70bf48e7fb	gzip	raw/t2-base-native-ir/qualification_454_native_cost.purrdf_sparql_algebra-2752a1e60ee500da.purrdf_sparql_algebra.a4597f5a80186251-cgu.0.rcgu.o.rcgu.ll
/home/paudley/Active/purrdf/.worktrees/454-rdflib-shim-algebra-level-reassignment/.stage/rdflib-shim-algebra-level-reassignment/raw/t2-base-native-ir/qualification_454_native_cost.purrdf_sparql_algebra-2752a1e60ee500da.purrdf_sparql_algebra.a4597f5a80186251-cgu.0.rcgu.o.rcgu.s	/opt/purrdf-454-evidence-package.GD9kNHfZ/preserved-stage-originals/raw/t2-base-native-ir/qualification_454_native_cost.purrdf_sparql_algebra-2752a1e60ee500da.purrdf_sparql_algebra.a4597f5a80186251-cgu.0.rcgu.o.rcgu.s	644	7031587	c8660c7701c6a3cb27928eec03a52cafd83169dad617dd55b0e1b4ed1b8b3e6c	/home/paudley/Active/purrdf/.worktrees/454-rdflib-shim-algebra-level-reassignment/.stage/rdflib-shim-algebra-level-reassignment/raw/final-lossless-evidence-archive/objects/5e64080fd4d34171c15d3e67e9f61c797ea2f14c3a87f7ea2bebee1f0215ad32.gz	5e64080fd4d34171c15d3e67e9f61c797ea2f14c3a87f7ea2bebee1f0215ad32	gzip	raw/t2-base-native-ir/qualification_454_native_cost.purrdf_sparql_algebra-2752a1e60ee500da.purrdf_sparql_algebra.a4597f5a80186251-cgu.0.rcgu.o.rcgu.s
/home/paudley/Active/purrdf/.worktrees/454-rdflib-shim-algebra-level-reassignment/.stage/rdflib-shim-algebra-level-reassignment/raw/t2-base-native-ir/qualification_454_native_cost.purrdf_sparql_eval-cc7dc99fbe55f667.purrdf_sparql_eval.8896fb09dcde828-cgu.0.rcgu.o.rcgu.ll	/opt/purrdf-454-evidence-package.GD9kNHfZ/preserved-stage-originals/raw/t2-base-native-ir/qualification_454_native_cost.purrdf_sparql_eval-cc7dc99fbe55f667.purrdf_sparql_eval.8896fb09dcde828-cgu.0.rcgu.o.rcgu.ll	644	72691469	dd96c02e5f55044a5b7b4038d66150df89bf9f08deaedb6592d819533308d678	/home/paudley/Active/purrdf/.worktrees/454-rdflib-shim-algebra-level-reassignment/.stage/rdflib-shim-algebra-level-reassignment/raw/final-lossless-evidence-archive/objects/06d70d04210fea271f454045bc847d694b298313d5a9e99d3ea13f930d6aab67.gz	06d70d04210fea271f454045bc847d694b298313d5a9e99d3ea13f930d6aab67	gzip	raw/t2-base-native-ir/qualification_454_native_cost.purrdf_sparql_eval-cc7dc99fbe55f667.purrdf_sparql_eval.8896fb09dcde828-cgu.0.rcgu.o.rcgu.ll
/home/paudley/Active/purrdf/.worktrees/454-rdflib-shim-algebra-level-reassignment/.stage/rdflib-shim-algebra-level-reassignment/raw/t2-base-native-ir/qualification_454_native_cost.purrdf_sparql_eval-cc7dc99fbe55f667.purrdf_sparql_eval.8896fb09dcde828-cgu.0.rcgu.o.rcgu.s	/opt/purrdf-454-evidence-package.GD9kNHfZ/preserved-stage-originals/raw/t2-base-native-ir/qualification_454_native_cost.purrdf_sparql_eval-cc7dc99fbe55f667.purrdf_sparql_eval.8896fb09dcde828-cgu.0.rcgu.o.rcgu.s	644	27660419	671108829a8f1fb94d15c9ddd99b523f0affa203de0ce273a1bdd294e428c66c	/home/paudley/Active/purrdf/.worktrees/454-rdflib-shim-algebra-level-reassignment/.stage/rdflib-shim-algebra-level-reassignment/raw/final-lossless-evidence-archive/objects/61a3754aeef01c227a68825233a9e19b25400380ea3dc60e2ba38bbcd4f455c6.gz	61a3754aeef01c227a68825233a9e19b25400380ea3dc60e2ba38bbcd4f455c6	gzip	raw/t2-base-native-ir/qualification_454_native_cost.purrdf_sparql_eval-cc7dc99fbe55f667.purrdf_sparql_eval.8896fb09dcde828-cgu.0.rcgu.o.rcgu.s
/home/paudley/Active/purrdf/.worktrees/454-rdflib-shim-algebra-level-reassignment/.stage/rdflib-shim-algebra-level-reassignment/raw/t2-base-native-ir/qualification_454_native_cost.qualification_454_native_cost.3ff6420899bae151-cgu.0.rcgu.ll	/opt/purrdf-454-evidence-package.GD9kNHfZ/preserved-stage-originals/raw/t2-base-native-ir/qualification_454_native_cost.qualification_454_native_cost.3ff6420899bae151-cgu.0.rcgu.ll	644	13684082	bc7de0749e953f65eaa8ddadc6550e6e38638b2aa25ebbe7beeb7245d80380f6	/home/paudley/Active/purrdf/.worktrees/454-rdflib-shim-algebra-level-reassignment/.stage/rdflib-shim-algebra-level-reassignment/raw/final-lossless-evidence-archive/objects/bfe98c43b7728f08588826752d6a1ac9637e91acca7ce661db2b9d781adff722.gz	bfe98c43b7728f08588826752d6a1ac9637e91acca7ce661db2b9d781adff722	gzip	raw/t2-base-native-ir/qualification_454_native_cost.qualification_454_native_cost.3ff6420899bae151-cgu.0.rcgu.ll
/home/paudley/Active/purrdf/.worktrees/454-rdflib-shim-algebra-level-reassignment/.stage/rdflib-shim-algebra-level-reassignment/raw/t2-base-native-ir/qualification_454_native_cost.qualification_454_native_cost.3ff6420899bae151-cgu.0.rcgu.s	/opt/purrdf-454-evidence-package.GD9kNHfZ/preserved-stage-originals/raw/t2-base-native-ir/qualification_454_native_cost.qualification_454_native_cost.3ff6420899bae151-cgu.0.rcgu.s	644	3976315	a85d34f5738698ca0e992ed68a51cdeff97ef836c66cce0b9698d33dadd4098f	/home/paudley/Active/purrdf/.worktrees/454-rdflib-shim-algebra-level-reassignment/.stage/rdflib-shim-algebra-level-reassignment/raw/final-lossless-evidence-archive/objects/b9b3884839e435289e5d3724b4507034ddd4ddd6839c2a85541cec56c972537a.gz	b9b3884839e435289e5d3724b4507034ddd4ddd6839c2a85541cec56c972537a	gzip	raw/t2-base-native-ir/qualification_454_native_cost.qualification_454_native_cost.3ff6420899bae151-cgu.0.rcgu.s
/home/paudley/Active/purrdf/.worktrees/454-rdflib-shim-algebra-level-reassignment/.stage/rdflib-shim-algebra-level-reassignment/raw/t2-base-native-parser-inventory.log	/opt/purrdf-454-evidence-package.GD9kNHfZ/preserved-stage-originals/raw/t2-base-native-parser-inventory.log	644	4779489	3bd46c95a8ee87baa6895c814720caa6284da9cd0cd3d10158da1a0bea447362	/home/paudley/Active/purrdf/.worktrees/454-rdflib-shim-algebra-level-reassignment/.stage/rdflib-shim-algebra-level-reassignment/raw/final-lossless-evidence-archive/objects/96a65923e794396706feb7b8c2151553dc300846bb1f82bff8b00b6aeeb44ec9.gz	96a65923e794396706feb7b8c2151553dc300846bb1f82bff8b00b6aeeb44ec9	gzip	raw/t2-base-native-parser-inventory.log
/home/paudley/Active/purrdf/.worktrees/454-rdflib-shim-algebra-level-reassignment/.stage/rdflib-shim-algebra-level-reassignment/raw/t2-base-python-inventory.log	/opt/purrdf-454-evidence-package.GD9kNHfZ/preserved-stage-originals/raw/t2-base-python-inventory.log	644	1181950	c2164a22617c52ac8bcc9a898abf82b76114e5681ea37564e371cff93fe6bc3c	/home/paudley/Active/purrdf/.worktrees/454-rdflib-shim-algebra-level-reassignment/.stage/rdflib-shim-algebra-level-reassignment/raw/final-lossless-evidence-archive/objects/e799d1834137a165680552e75f6c274f0336f844d93b7702ceb2765795634250.gz	e799d1834137a165680552e75f6c274f0336f844d93b7702ceb2765795634250	gzip	raw/t2-base-python-inventory.log
/home/paudley/Active/purrdf/.worktrees/454-rdflib-shim-algebra-level-reassignment/.stage/rdflib-shim-algebra-level-reassignment/raw/t2-base-python-ir/purrdf_native.ll.gz	/opt/purrdf-454-evidence-package.GD9kNHfZ/preserved-stage-originals/raw/t2-base-python-ir/purrdf_native.ll.gz	644	34467226	a70510c22495fb7b566c22798a931044d4e05eb082a189840d0e2c4cc8ec9175	/home/paudley/Active/purrdf/.worktrees/454-rdflib-shim-algebra-level-reassignment/.stage/rdflib-shim-algebra-level-reassignment/raw/final-lossless-evidence-archive/objects/a70510c22495fb7b566c22798a931044d4e05eb082a189840d0e2c4cc8ec9175.gz	a70510c22495fb7b566c22798a931044d4e05eb082a189840d0e2c4cc8ec9175	raw-gzip	raw/t2-base-python-ir/purrdf_native.ll.gz
/home/paudley/Active/purrdf/.worktrees/454-rdflib-shim-algebra-level-reassignment/.stage/rdflib-shim-algebra-level-reassignment/raw/t2-base-python-ir/purrdf_native.s	/opt/purrdf-454-evidence-package.GD9kNHfZ/preserved-stage-originals/raw/t2-base-python-ir/purrdf_native.s	644	86569160	f111691eb9a9d10c43c3d330170d6c23acb01ba16f38ed38a3f02a5f626c865b	/home/paudley/Active/purrdf/.worktrees/454-rdflib-shim-algebra-level-reassignment/.stage/rdflib-shim-algebra-level-reassignment/raw/final-lossless-evidence-archive/objects/09d2a8c6cc84cd886aa6e9c087313bf0ac8a4f944ce5d8abb578416404bf980f.gz	09d2a8c6cc84cd886aa6e9c087313bf0ac8a4f944ce5d8abb578416404bf980f	gzip	raw/t2-base-python-ir/purrdf_native.s
/home/paudley/Active/purrdf/.worktrees/454-rdflib-shim-algebra-level-reassignment/.stage/rdflib-shim-algebra-level-reassignment/raw/t2-base-python-ir/purrdf_native.s.gz	/opt/purrdf-454-evidence-package.GD9kNHfZ/preserved-stage-originals/raw/t2-base-python-ir/purrdf_native.s.gz	644	22540789	09d2a8c6cc84cd886aa6e9c087313bf0ac8a4f944ce5d8abb578416404bf980f	/home/paudley/Active/purrdf/.worktrees/454-rdflib-shim-algebra-level-reassignment/.stage/rdflib-shim-algebra-level-reassignment/raw/final-lossless-evidence-archive/objects/09d2a8c6cc84cd886aa6e9c087313bf0ac8a4f944ce5d8abb578416404bf980f.gz	09d2a8c6cc84cd886aa6e9c087313bf0ac8a4f944ce5d8abb578416404bf980f	raw-gzip	raw/t2-base-python-ir/purrdf_native.s.gz
/home/paudley/Active/purrdf/.worktrees/454-rdflib-shim-algebra-level-reassignment/.stage/rdflib-shim-algebra-level-reassignment/raw/t2-candidate-native-inventory.log	/opt/purrdf-454-evidence-package.GD9kNHfZ/preserved-stage-originals/raw/t2-candidate-native-inventory.log	644	4785868	9f59b390030cf6a948eec06bbf46dd115742a52dc815b846b9a3e0dcafdead7a	/home/paudley/Active/purrdf/.worktrees/454-rdflib-shim-algebra-level-reassignment/.stage/rdflib-shim-algebra-level-reassignment/raw/final-lossless-evidence-archive/objects/5e6c5c47daad30b25d6571b0dc98e4fc00a4ecbb0b3c51997bbbe23df36e0485.gz	5e6c5c47daad30b25d6571b0dc98e4fc00a4ecbb0b3c51997bbbe23df36e0485	gzip	raw/t2-candidate-native-inventory.log
/home/paudley/Active/purrdf/.worktrees/454-rdflib-shim-algebra-level-reassignment/.stage/rdflib-shim-algebra-level-reassignment/raw/t2-candidate-native-ir/qualification_454_native_cost.purrdf_sparql_algebra-2f54bfeaed8b20be.purrdf_sparql_algebra.1f9a9904874edf46-cgu.0.rcgu.o.rcgu.ll	/opt/purrdf-454-evidence-package.GD9kNHfZ/preserved-stage-originals/raw/t2-candidate-native-ir/qualification_454_native_cost.purrdf_sparql_algebra-2f54bfeaed8b20be.purrdf_sparql_algebra.1f9a9904874edf46-cgu.0.rcgu.o.rcgu.ll	644	20593414	c00346faf9dabd4e77da2b5f5d8f430bdb7b96347c186bcd609858af051785a2	/home/paudley/Active/purrdf/.worktrees/454-rdflib-shim-algebra-level-reassignment/.stage/rdflib-shim-algebra-level-reassignment/raw/final-lossless-evidence-archive/objects/b24b89975a92428fc74002ab4028847e1b9e1378ec684dbda090382683f22a50.gz	b24b89975a92428fc74002ab4028847e1b9e1378ec684dbda090382683f22a50	gzip	raw/t2-candidate-native-ir/qualification_454_native_cost.purrdf_sparql_algebra-2f54bfeaed8b20be.purrdf_sparql_algebra.1f9a9904874edf46-cgu.0.rcgu.o.rcgu.ll
/home/paudley/Active/purrdf/.worktrees/454-rdflib-shim-algebra-level-reassignment/.stage/rdflib-shim-algebra-level-reassignment/raw/t2-candidate-native-ir/qualification_454_native_cost.purrdf_sparql_algebra-2f54bfeaed8b20be.purrdf_sparql_algebra.1f9a9904874edf46-cgu.0.rcgu.o.rcgu.s	/opt/purrdf-454-evidence-package.GD9kNHfZ/preserved-stage-originals/raw/t2-candidate-native-ir/qualification_454_native_cost.purrdf_sparql_algebra-2f54bfeaed8b20be.purrdf_sparql_algebra.1f9a9904874edf46-cgu.0.rcgu.o.rcgu.s	644	7038193	5f6a1cf93a4148eacabf4ee4aa9ee7995d310f29aa0493a34e7c54a868903b8d	/home/paudley/Active/purrdf/.worktrees/454-rdflib-shim-algebra-level-reassignment/.stage/rdflib-shim-algebra-level-reassignment/raw/final-lossless-evidence-archive/objects/0db89d274558ffd6ac7e606f0cbd5f89a044768dc8f5a81e450d69eb2237cbb2.gz	0db89d274558ffd6ac7e606f0cbd5f89a044768dc8f5a81e450d69eb2237cbb2	gzip	raw/t2-candidate-native-ir/qualification_454_native_cost.purrdf_sparql_algebra-2f54bfeaed8b20be.purrdf_sparql_algebra.1f9a9904874edf46-cgu.0.rcgu.o.rcgu.s
/home/paudley/Active/purrdf/.worktrees/454-rdflib-shim-algebra-level-reassignment/.stage/rdflib-shim-algebra-level-reassignment/raw/t2-candidate-native-ir/qualification_454_native_cost.purrdf_sparql_eval-bf425426783cf5de.purrdf_sparql_eval.1e4be50d5a1c0ebd-cgu.0.rcgu.o.rcgu.ll	/opt/purrdf-454-evidence-package.GD9kNHfZ/preserved-stage-originals/raw/t2-candidate-native-ir/qualification_454_native_cost.purrdf_sparql_eval-bf425426783cf5de.purrdf_sparql_eval.1e4be50d5a1c0ebd-cgu.0.rcgu.o.rcgu.ll	644	72800476	3a76fcb09160f0fb821f91257f81a4c2597557b4bcd91848ed4ba45be80a8201	/home/paudley/Active/purrdf/.worktrees/454-rdflib-shim-algebra-level-reassignment/.stage/rdflib-shim-algebra-level-reassignment/raw/final-lossless-evidence-archive/objects/1163c80f7d30ba0963bd8d5dae2460b8928630bb713795e74d950c3d38ccc798.gz	1163c80f7d30ba0963bd8d5dae2460b8928630bb713795e74d950c3d38ccc798	gzip	raw/t2-candidate-native-ir/qualification_454_native_cost.purrdf_sparql_eval-bf425426783cf5de.purrdf_sparql_eval.1e4be50d5a1c0ebd-cgu.0.rcgu.o.rcgu.ll
/home/paudley/Active/purrdf/.worktrees/454-rdflib-shim-algebra-level-reassignment/.stage/rdflib-shim-algebra-level-reassignment/raw/t2-candidate-native-ir/qualification_454_native_cost.purrdf_sparql_eval-bf425426783cf5de.purrdf_sparql_eval.1e4be50d5a1c0ebd-cgu.0.rcgu.o.rcgu.s	/opt/purrdf-454-evidence-package.GD9kNHfZ/preserved-stage-originals/raw/t2-candidate-native-ir/qualification_454_native_cost.purrdf_sparql_eval-bf425426783cf5de.purrdf_sparql_eval.1e4be50d5a1c0ebd-cgu.0.rcgu.o.rcgu.s	644	27726346	2b324a7918c12f30170a5d5cccb79c5727870a255c5975f378efda0932d683f4	/home/paudley/Active/purrdf/.worktrees/454-rdflib-shim-algebra-level-reassignment/.stage/rdflib-shim-algebra-level-reassignment/raw/final-lossless-evidence-archive/objects/8a816960daed286c0aa58a2e704c1b4635fe37aaf078c19e5e13c6ab97469034.gz	8a816960daed286c0aa58a2e704c1b4635fe37aaf078c19e5e13c6ab97469034	gzip	raw/t2-candidate-native-ir/qualification_454_native_cost.purrdf_sparql_eval-bf425426783cf5de.purrdf_sparql_eval.1e4be50d5a1c0ebd-cgu.0.rcgu.o.rcgu.s
/home/paudley/Active/purrdf/.worktrees/454-rdflib-shim-algebra-level-reassignment/.stage/rdflib-shim-algebra-level-reassignment/raw/t2-candidate-native-ir/qualification_454_native_cost.qualification_454_native_cost.258b1530d971e06d-cgu.0.rcgu.ll	/opt/purrdf-454-evidence-package.GD9kNHfZ/preserved-stage-originals/raw/t2-candidate-native-ir/qualification_454_native_cost.qualification_454_native_cost.258b1530d971e06d-cgu.0.rcgu.ll	644	13690455	b743fb8c6590f919b368a0be88d077e904c4ec3b53aacb8afccababba04bf6e2	/home/paudley/Active/purrdf/.worktrees/454-rdflib-shim-algebra-level-reassignment/.stage/rdflib-shim-algebra-level-reassignment/raw/final-lossless-evidence-archive/objects/05f42e5e1da348c321d4b95c473d22667d1958dc1e5fe6b67924b4e2a43e29f1.gz	05f42e5e1da348c321d4b95c473d22667d1958dc1e5fe6b67924b4e2a43e29f1	gzip	raw/t2-candidate-native-ir/qualification_454_native_cost.qualification_454_native_cost.258b1530d971e06d-cgu.0.rcgu.ll
/home/paudley/Active/purrdf/.worktrees/454-rdflib-shim-algebra-level-reassignment/.stage/rdflib-shim-algebra-level-reassignment/raw/t2-candidate-native-ir/qualification_454_native_cost.qualification_454_native_cost.258b1530d971e06d-cgu.0.rcgu.s	/opt/purrdf-454-evidence-package.GD9kNHfZ/preserved-stage-originals/raw/t2-candidate-native-ir/qualification_454_native_cost.qualification_454_native_cost.258b1530d971e06d-cgu.0.rcgu.s	644	3976234	95f31f8547f515dddf6ebe7af28052851c90d186dc360553ba59f56410335960	/home/paudley/Active/purrdf/.worktrees/454-rdflib-shim-algebra-level-reassignment/.stage/rdflib-shim-algebra-level-reassignment/raw/final-lossless-evidence-archive/objects/943f70b3b77ff02552187a1bc011b24d5406126f1bf4afbda09e9604810e90ab.gz	943f70b3b77ff02552187a1bc011b24d5406126f1bf4afbda09e9604810e90ab	gzip	raw/t2-candidate-native-ir/qualification_454_native_cost.qualification_454_native_cost.258b1530d971e06d-cgu.0.rcgu.s
/home/paudley/Active/purrdf/.worktrees/454-rdflib-shim-algebra-level-reassignment/.stage/rdflib-shim-algebra-level-reassignment/raw/t2-candidate-python-inventory.log	/opt/purrdf-454-evidence-package.GD9kNHfZ/preserved-stage-originals/raw/t2-candidate-python-inventory.log	644	1404072	66ac89420be0cfdb69d4cd01235ed94246a342ab161e7406e00fe5c0383b0fa1	/home/paudley/Active/purrdf/.worktrees/454-rdflib-shim-algebra-level-reassignment/.stage/rdflib-shim-algebra-level-reassignment/raw/final-lossless-evidence-archive/objects/3fa847cfa3ae17757c1d3c0ac017eaf8f75c196789241f5b46aa324fbb1eb74a.gz	3fa847cfa3ae17757c1d3c0ac017eaf8f75c196789241f5b46aa324fbb1eb74a	gzip	raw/t2-candidate-python-inventory.log
/home/paudley/Active/purrdf/.worktrees/454-rdflib-shim-algebra-level-reassignment/.stage/rdflib-shim-algebra-level-reassignment/raw/t2-candidate-python-ir/purrdf_native.ll.gz	/opt/purrdf-454-evidence-package.GD9kNHfZ/preserved-stage-originals/raw/t2-candidate-python-ir/purrdf_native.ll.gz	644	37360385	6df949d495d2003a16d4b358f80f711712e8eb5f22ecbf93f4afd68f81cfd515	/home/paudley/Active/purrdf/.worktrees/454-rdflib-shim-algebra-level-reassignment/.stage/rdflib-shim-algebra-level-reassignment/raw/final-lossless-evidence-archive/objects/6df949d495d2003a16d4b358f80f711712e8eb5f22ecbf93f4afd68f81cfd515.gz	6df949d495d2003a16d4b358f80f711712e8eb5f22ecbf93f4afd68f81cfd515	raw-gzip	raw/t2-candidate-python-ir/purrdf_native.ll.gz
/home/paudley/Active/purrdf/.worktrees/454-rdflib-shim-algebra-level-reassignment/.stage/rdflib-shim-algebra-level-reassignment/raw/t2-candidate-python-ir/purrdf_native.s	/opt/purrdf-454-evidence-package.GD9kNHfZ/preserved-stage-originals/raw/t2-candidate-python-ir/purrdf_native.s	644	93208360	ab016192e4a181e145fc20ca9b8ecf057a8a5a18c8b356324ef78f06219cdcb9	/home/paudley/Active/purrdf/.worktrees/454-rdflib-shim-algebra-level-reassignment/.stage/rdflib-shim-algebra-level-reassignment/raw/final-lossless-evidence-archive/objects/f1fa9bdbdb601df4c2f75c6548411bf2169bf4285278dde5d36746fe83819e4e.gz	f1fa9bdbdb601df4c2f75c6548411bf2169bf4285278dde5d36746fe83819e4e	gzip	raw/t2-candidate-python-ir/purrdf_native.s
/home/paudley/Active/purrdf/.worktrees/454-rdflib-shim-algebra-level-reassignment/.stage/rdflib-shim-algebra-level-reassignment/raw/t2-unit-mode-python-ir/purrdf_native.ll.gz	/opt/purrdf-454-evidence-package.GD9kNHfZ/preserved-stage-originals/raw/t2-unit-mode-python-ir/purrdf_native.ll.gz	644	37375159	287ac63af411d8979beb38ee4170c1a1f34a25a2df4de91225f762656a525049	/home/paudley/Active/purrdf/.worktrees/454-rdflib-shim-algebra-level-reassignment/.stage/rdflib-shim-algebra-level-reassignment/raw/final-lossless-evidence-archive/objects/287ac63af411d8979beb38ee4170c1a1f34a25a2df4de91225f762656a525049.gz	287ac63af411d8979beb38ee4170c1a1f34a25a2df4de91225f762656a525049	raw-gzip	raw/t2-unit-mode-python-ir/purrdf_native.ll.gz
/home/paudley/Active/purrdf/.worktrees/454-rdflib-shim-algebra-level-reassignment/.stage/rdflib-shim-algebra-level-reassignment/raw/t2-unit-mode-python-ir/purrdf_native.s	/opt/purrdf-454-evidence-package.GD9kNHfZ/preserved-stage-originals/raw/t2-unit-mode-python-ir/purrdf_native.s	644	93269420	7860e6d9d30703ee5392bb679cd95b0df40d2016f8144d4d041cc785229adb5d	/home/paudley/Active/purrdf/.worktrees/454-rdflib-shim-algebra-level-reassignment/.stage/rdflib-shim-algebra-level-reassignment/raw/final-lossless-evidence-archive/objects/bc440c7e76e3601f0129403402bd28595d913e9388e91df85c2af3684542c018.gz	bc440c7e76e3601f0129403402bd28595d913e9388e91df85c2af3684542c018	gzip	raw/t2-unit-mode-python-ir/purrdf_native.s
/home/paudley/Active/purrdf/.worktrees/454-rdflib-shim-algebra-level-reassignment/.stage/rdflib-shim-algebra-level-reassignment/raw/t3-base-native-inventory.log	/opt/purrdf-454-evidence-package.GD9kNHfZ/preserved-stage-originals/raw/t3-base-native-inventory.log	644	2907915	58ba1c164b2a5ef6f1f232801d221dabd261e331893fc1a73a8e25352d2b432a	/home/paudley/Active/purrdf/.worktrees/454-rdflib-shim-algebra-level-reassignment/.stage/rdflib-shim-algebra-level-reassignment/raw/final-lossless-evidence-archive/objects/bf06a834c09f77b0c90533b9e1520e08f1f48c4d03718467e0c60c8a8e90c0d6.gz	bf06a834c09f77b0c90533b9e1520e08f1f48c4d03718467e0c60c8a8e90c0d6	gzip	raw/t3-base-native-inventory.log
/home/paudley/Active/purrdf/.worktrees/454-rdflib-shim-algebra-level-reassignment/.stage/rdflib-shim-algebra-level-reassignment/raw/t3-base-native-ir/probe	/opt/purrdf-454-evidence-package.GD9kNHfZ/preserved-stage-originals/raw/t3-base-native-ir/probe	755	7801808	714cdd6a5718a42061eaedbc5e7cae6b7711990181fb318a6aedb1c7e076a29c	/home/paudley/Active/purrdf/.worktrees/454-rdflib-shim-algebra-level-reassignment/.stage/rdflib-shim-algebra-level-reassignment/raw/final-lossless-evidence-archive/objects/a66491fe079a1e6bc6826807eaa619f988d74bd791206ebff128420f4250b237.gz	a66491fe079a1e6bc6826807eaa619f988d74bd791206ebff128420f4250b237	gzip	raw/t3-base-native-ir/probe
/home/paudley/Active/purrdf/.worktrees/454-rdflib-shim-algebra-level-reassignment/.stage/rdflib-shim-algebra-level-reassignment/raw/t3-base-native-ir/qualification_454_native_cost.purrdf_sparql_algebra-4a3078603cefb9e1.purrdf_sparql_algebra.964a97ffd952b2f0-cgu.0.rcgu.o.rcgu.ll	/opt/purrdf-454-evidence-package.GD9kNHfZ/preserved-stage-originals/raw/t3-base-native-ir/qualification_454_native_cost.purrdf_sparql_algebra-4a3078603cefb9e1.purrdf_sparql_algebra.964a97ffd952b2f0-cgu.0.rcgu.o.rcgu.ll	644	19548459	1af7ffa542a28b1d16599e74e7619748e4c0549e6157e88020f4584eebda514b	/home/paudley/Active/purrdf/.worktrees/454-rdflib-shim-algebra-level-reassignment/.stage/rdflib-shim-algebra-level-reassignment/raw/final-lossless-evidence-archive/objects/6a07909a5b3aee1ff4dc6e57f21ee565c1684e4fb27b42ca586116ee910753df.gz	6a07909a5b3aee1ff4dc6e57f21ee565c1684e4fb27b42ca586116ee910753df	gzip	raw/t3-base-native-ir/qualification_454_native_cost.purrdf_sparql_algebra-4a3078603cefb9e1.purrdf_sparql_algebra.964a97ffd952b2f0-cgu.0.rcgu.o.rcgu.ll
/home/paudley/Active/purrdf/.worktrees/454-rdflib-shim-algebra-level-reassignment/.stage/rdflib-shim-algebra-level-reassignment/raw/t3-base-native-ir/qualification_454_native_cost.purrdf_sparql_algebra-4a3078603cefb9e1.purrdf_sparql_algebra.964a97ffd952b2f0-cgu.0.rcgu.o.rcgu.s	/opt/purrdf-454-evidence-package.GD9kNHfZ/preserved-stage-originals/raw/t3-base-native-ir/qualification_454_native_cost.purrdf_sparql_algebra-4a3078603cefb9e1.purrdf_sparql_algebra.964a97ffd952b2f0-cgu.0.rcgu.o.rcgu.s	644	6735042	160e9fdceac2d67a87afda3410776870afb8be4ff1925bfc68bf4cb402bf6cc9	/home/paudley/Active/purrdf/.worktrees/454-rdflib-shim-algebra-level-reassignment/.stage/rdflib-shim-algebra-level-reassignment/raw/final-lossless-evidence-archive/objects/4647884558a9bc2b3c27bee907338b771dde928c32fc26b1359911d8aaea4b32.gz	4647884558a9bc2b3c27bee907338b771dde928c32fc26b1359911d8aaea4b32	gzip	raw/t3-base-native-ir/qualification_454_native_cost.purrdf_sparql_algebra-4a3078603cefb9e1.purrdf_sparql_algebra.964a97ffd952b2f0-cgu.0.rcgu.o.rcgu.s
/home/paudley/Active/purrdf/.worktrees/454-rdflib-shim-algebra-level-reassignment/.stage/rdflib-shim-algebra-level-reassignment/raw/t3-base-native-ir/qualification_454_native_cost.purrdf_sparql_eval-f1be5881d2e83378.purrdf_sparql_eval.5af75fb13b780118-cgu.0.rcgu.o.rcgu.ll.gz	/opt/purrdf-454-evidence-package.GD9kNHfZ/preserved-stage-originals/raw/t3-base-native-ir/qualification_454_native_cost.purrdf_sparql_eval-f1be5881d2e83378.purrdf_sparql_eval.5af75fb13b780118-cgu.0.rcgu.o.rcgu.ll.gz	644	8154451	4d3488b944dfc79dce327267d8458d984054a45ebaf7b29daca9c80c166a7ee1	/home/paudley/Active/purrdf/.worktrees/454-rdflib-shim-algebra-level-reassignment/.stage/rdflib-shim-algebra-level-reassignment/raw/final-lossless-evidence-archive/objects/4d3488b944dfc79dce327267d8458d984054a45ebaf7b29daca9c80c166a7ee1.gz	4d3488b944dfc79dce327267d8458d984054a45ebaf7b29daca9c80c166a7ee1	raw-gzip	raw/t3-base-native-ir/qualification_454_native_cost.purrdf_sparql_eval-f1be5881d2e83378.purrdf_sparql_eval.5af75fb13b780118-cgu.0.rcgu.o.rcgu.ll.gz
/home/paudley/Active/purrdf/.worktrees/454-rdflib-shim-algebra-level-reassignment/.stage/rdflib-shim-algebra-level-reassignment/raw/t3-base-native-ir/qualification_454_native_cost.purrdf_sparql_eval-f1be5881d2e83378.purrdf_sparql_eval.5af75fb13b780118-cgu.0.rcgu.o.rcgu.s	/opt/purrdf-454-evidence-package.GD9kNHfZ/preserved-stage-originals/raw/t3-base-native-ir/qualification_454_native_cost.purrdf_sparql_eval-f1be5881d2e83378.purrdf_sparql_eval.5af75fb13b780118-cgu.0.rcgu.o.rcgu.s	644	26697110	1d2173bf6a6eb317b812104369d88c17711c10fb91efe4b3946860bdb2a6c727	/home/paudley/Active/purrdf/.worktrees/454-rdflib-shim-algebra-level-reassignment/.stage/rdflib-shim-algebra-level-reassignment/raw/final-lossless-evidence-archive/objects/4f0cd0cd305fc1594c4bb3a294eda0fcb39df4896bff5a54edf461e190894e29.gz	4f0cd0cd305fc1594c4bb3a294eda0fcb39df4896bff5a54edf461e190894e29	gzip	raw/t3-base-native-ir/qualification_454_native_cost.purrdf_sparql_eval-f1be5881d2e83378.purrdf_sparql_eval.5af75fb13b780118-cgu.0.rcgu.o.rcgu.s
/home/paudley/Active/purrdf/.worktrees/454-rdflib-shim-algebra-level-reassignment/.stage/rdflib-shim-algebra-level-reassignment/raw/t3-base-native-ir/qualification_454_native_cost.purrdf_xsd-a303e4b5ea32edec.purrdf_xsd.45fede5b5c9bc100-cgu.0.rcgu.o.rcgu.ll	/opt/purrdf-454-evidence-package.GD9kNHfZ/preserved-stage-originals/raw/t3-base-native-ir/qualification_454_native_cost.purrdf_xsd-a303e4b5ea32edec.purrdf_xsd.45fede5b5c9bc100-cgu.0.rcgu.o.rcgu.ll	644	4529218	1db20bf627fcdc3a9c8f5f00cacef934cf9480e9e7ddda8d877ca55ea5cccfc8	/home/paudley/Active/purrdf/.worktrees/454-rdflib-shim-algebra-level-reassignment/.stage/rdflib-shim-algebra-level-reassignment/raw/final-lossless-evidence-archive/objects/178e38622364893d93c67c959ec31ac16ace9381e565b9e190d23aae54788629.gz	178e38622364893d93c67c959ec31ac16ace9381e565b9e190d23aae54788629	gzip	raw/t3-base-native-ir/qualification_454_native_cost.purrdf_xsd-a303e4b5ea32edec.purrdf_xsd.45fede5b5c9bc100-cgu.0.rcgu.o.rcgu.ll
/home/paudley/Active/purrdf/.worktrees/454-rdflib-shim-algebra-level-reassignment/.stage/rdflib-shim-algebra-level-reassignment/raw/t3-base-native-ir/qualification_454_native_cost.purrdf_xsd-a303e4b5ea32edec.purrdf_xsd.45fede5b5c9bc100-cgu.0.rcgu.o.rcgu.s	/opt/purrdf-454-evidence-package.GD9kNHfZ/preserved-stage-originals/raw/t3-base-native-ir/qualification_454_native_cost.purrdf_xsd-a303e4b5ea32edec.purrdf_xsd.45fede5b5c9bc100-cgu.0.rcgu.o.rcgu.s	644	2065109	3135be1922685e14673828a3c4431bbf8e39d7cb2f4774dd33ded0254712b0fd	/home/paudley/Active/purrdf/.worktrees/454-rdflib-shim-algebra-level-reassignment/.stage/rdflib-shim-algebra-level-reassignment/raw/final-lossless-evidence-archive/objects/6bc627ee7409477f1ad814bdd441d709cb9009c9788133fb35e66a93144a5895.gz	6bc627ee7409477f1ad814bdd441d709cb9009c9788133fb35e66a93144a5895	gzip	raw/t3-base-native-ir/qualification_454_native_cost.purrdf_xsd-a303e4b5ea32edec.purrdf_xsd.45fede5b5c9bc100-cgu.0.rcgu.o.rcgu.s
/home/paudley/Active/purrdf/.worktrees/454-rdflib-shim-algebra-level-reassignment/.stage/rdflib-shim-algebra-level-reassignment/raw/t3-base-native-ir/qualification_454_native_cost.qualification_454_native_cost.f5dfb85cf5bde227-cgu.0.rcgu.ll	/opt/purrdf-454-evidence-package.GD9kNHfZ/preserved-stage-originals/raw/t3-base-native-ir/qualification_454_native_cost.qualification_454_native_cost.f5dfb85cf5bde227-cgu.0.rcgu.ll	644	13803453	f2c6fa8a3b9f71650f7e3ba35ecfdb43dc63908df32c27f01868596f3d5e34bf	/home/paudley/Active/purrdf/.worktrees/454-rdflib-shim-algebra-level-reassignment/.stage/rdflib-shim-algebra-level-reassignment/raw/final-lossless-evidence-archive/objects/fc8c53ad2c66ccb7cae72017db455077bad65f2e1c12e50aa4e55042334087bc.gz	fc8c53ad2c66ccb7cae72017db455077bad65f2e1c12e50aa4e55042334087bc	gzip	raw/t3-base-native-ir/qualification_454_native_cost.qualification_454_native_cost.f5dfb85cf5bde227-cgu.0.rcgu.ll
/home/paudley/Active/purrdf/.worktrees/454-rdflib-shim-algebra-level-reassignment/.stage/rdflib-shim-algebra-level-reassignment/raw/t3-base-native-ir/qualification_454_native_cost.qualification_454_native_cost.f5dfb85cf5bde227-cgu.0.rcgu.s	/opt/purrdf-454-evidence-package.GD9kNHfZ/preserved-stage-originals/raw/t3-base-native-ir/qualification_454_native_cost.qualification_454_native_cost.f5dfb85cf5bde227-cgu.0.rcgu.s	644	4004108	69fdce0116b4c9130028a2f258096797bcfb969b9e1c981f61270e1bccd0b99d	/home/paudley/Active/purrdf/.worktrees/454-rdflib-shim-algebra-level-reassignment/.stage/rdflib-shim-algebra-level-reassignment/raw/final-lossless-evidence-archive/objects/7f1068423525e36dbdcb1a40d210bd24c0b81ec0ce462c6dd2bccad5572e3765.gz	7f1068423525e36dbdcb1a40d210bd24c0b81ec0ce462c6dd2bccad5572e3765	gzip	raw/t3-base-native-ir/qualification_454_native_cost.qualification_454_native_cost.f5dfb85cf5bde227-cgu.0.rcgu.s
/home/paudley/Active/purrdf/.worktrees/454-rdflib-shim-algebra-level-reassignment/.stage/rdflib-shim-algebra-level-reassignment/raw/t3-base-python-inventory.log	/opt/purrdf-454-evidence-package.GD9kNHfZ/preserved-stage-originals/raw/t3-base-python-inventory.log	644	1170702	687502dd2ea58aa3aa473b38f1a9a1b1efb8305bd0e0fd1b5de882c85ef7f27b	/home/paudley/Active/purrdf/.worktrees/454-rdflib-shim-algebra-level-reassignment/.stage/rdflib-shim-algebra-level-reassignment/raw/final-lossless-evidence-archive/objects/5ac08841644397e0322ffcb27b39fa98e2ba885d32bb7144a667b040c9c3ca2f.gz	5ac08841644397e0322ffcb27b39fa98e2ba885d32bb7144a667b040c9c3ca2f	gzip	raw/t3-base-python-inventory.log
/home/paudley/Active/purrdf/.worktrees/454-rdflib-shim-algebra-level-reassignment/.stage/rdflib-shim-algebra-level-reassignment/raw/t3-base-python-ir/purrdf_native.ll.gz	/opt/purrdf-454-evidence-package.GD9kNHfZ/preserved-stage-originals/raw/t3-base-python-ir/purrdf_native.ll.gz	644	24839806	dfd5122b6baa993657b7153181c9de305e6849218967d4bba18a0adce1f7c71e	/home/paudley/Active/purrdf/.worktrees/454-rdflib-shim-algebra-level-reassignment/.stage/rdflib-shim-algebra-level-reassignment/raw/final-lossless-evidence-archive/objects/dfd5122b6baa993657b7153181c9de305e6849218967d4bba18a0adce1f7c71e.gz	dfd5122b6baa993657b7153181c9de305e6849218967d4bba18a0adce1f7c71e	raw-gzip	raw/t3-base-python-ir/purrdf_native.ll.gz
/home/paudley/Active/purrdf/.worktrees/454-rdflib-shim-algebra-level-reassignment/.stage/rdflib-shim-algebra-level-reassignment/raw/t3-base-python-ir/purrdf_native.s.gz	/opt/purrdf-454-evidence-package.GD9kNHfZ/preserved-stage-originals/raw/t3-base-python-ir/purrdf_native.s.gz	644	17015533	1859b85621d40c5d4034a300cd1d753f94e749a53a6d12afe78228c5375a4633	/home/paudley/Active/purrdf/.worktrees/454-rdflib-shim-algebra-level-reassignment/.stage/rdflib-shim-algebra-level-reassignment/raw/final-lossless-evidence-archive/objects/1859b85621d40c5d4034a300cd1d753f94e749a53a6d12afe78228c5375a4633.gz	1859b85621d40c5d4034a300cd1d753f94e749a53a6d12afe78228c5375a4633	raw-gzip	raw/t3-base-python-ir/purrdf_native.s.gz
/home/paudley/Active/purrdf/.worktrees/454-rdflib-shim-algebra-level-reassignment/.stage/rdflib-shim-algebra-level-reassignment/raw/t3-base-zh-Hans.po	/opt/purrdf-454-evidence-package.GD9kNHfZ/preserved-stage-originals/raw/t3-base-zh-Hans.po	644	1196744	2957999791d23c2f63fca754e208a5f1e9551e3c8318c6e4beffd12cb867e292	/home/paudley/Active/purrdf/.worktrees/454-rdflib-shim-algebra-level-reassignment/.stage/rdflib-shim-algebra-level-reassignment/raw/final-lossless-evidence-archive/objects/825cafecb650e238b83d5537ab18e7366314d62c301276c23d96dc75f7d653a1.gz	825cafecb650e238b83d5537ab18e7366314d62c301276c23d96dc75f7d653a1	gzip	raw/t3-base-zh-Hans.po
/home/paudley/Active/purrdf/.worktrees/454-rdflib-shim-algebra-level-reassignment/.stage/rdflib-shim-algebra-level-reassignment/raw/t3-candidate-native-inventory.log	/opt/purrdf-454-evidence-package.GD9kNHfZ/preserved-stage-originals/raw/t3-candidate-native-inventory.log	644	5591204	fac56fdc3fcda2aa8d4cdc48dc2e514a044f581db70466e8921db21ccac1143b	/home/paudley/Active/purrdf/.worktrees/454-rdflib-shim-algebra-level-reassignment/.stage/rdflib-shim-algebra-level-reassignment/raw/final-lossless-evidence-archive/objects/ab65212d1aa5c844d9b45804e85fbe59bc5cedded6fd279993b626c46db62f9f.gz	ab65212d1aa5c844d9b45804e85fbe59bc5cedded6fd279993b626c46db62f9f	gzip	raw/t3-candidate-native-inventory.log
/home/paudley/Active/purrdf/.worktrees/454-rdflib-shim-algebra-level-reassignment/.stage/rdflib-shim-algebra-level-reassignment/raw/t3-candidate-native-ir/probe	/opt/purrdf-454-evidence-package.GD9kNHfZ/preserved-stage-originals/raw/t3-candidate-native-ir/probe	755	8205736	f6257d682d66d39090ec43d3b34da56a63b34eaed5f040071cd3dd93eaa7b4d8	/home/paudley/Active/purrdf/.worktrees/454-rdflib-shim-algebra-level-reassignment/.stage/rdflib-shim-algebra-level-reassignment/raw/final-lossless-evidence-archive/objects/ecba68668746ca98dfd09eaa08a214cec714285bac1e20725e6d928cf0bce967.gz	ecba68668746ca98dfd09eaa08a214cec714285bac1e20725e6d928cf0bce967	gzip	raw/t3-candidate-native-ir/probe
/home/paudley/Active/purrdf/.worktrees/454-rdflib-shim-algebra-level-reassignment/.stage/rdflib-shim-algebra-level-reassignment/raw/t3-candidate-native-ir/qualification_454_native_cost.purrdf_sparql_algebra-2f54bfeaed8b20be.purrdf_sparql_algebra.1f9a9904874edf46-cgu.0.rcgu.o.rcgu.ll	/opt/purrdf-454-evidence-package.GD9kNHfZ/preserved-stage-originals/raw/t3-candidate-native-ir/qualification_454_native_cost.purrdf_sparql_algebra-2f54bfeaed8b20be.purrdf_sparql_algebra.1f9a9904874edf46-cgu.0.rcgu.o.rcgu.ll	644	20593415	47e849e29da9729ceb1d8d02f0fffcb9fea1978aad197b5c2f270e2de260407b	/home/paudley/Active/purrdf/.worktrees/454-rdflib-shim-algebra-level-reassignment/.stage/rdflib-shim-algebra-level-reassignment/raw/final-lossless-evidence-archive/objects/b8e371cb59ca1561571df83f7f2db372669af6bb2c51d7d5d915176c7bc3db53.gz	b8e371cb59ca1561571df83f7f2db372669af6bb2c51d7d5d915176c7bc3db53	gzip	raw/t3-candidate-native-ir/qualification_454_native_cost.purrdf_sparql_algebra-2f54bfeaed8b20be.purrdf_sparql_algebra.1f9a9904874edf46-cgu.0.rcgu.o.rcgu.ll
/home/paudley/Active/purrdf/.worktrees/454-rdflib-shim-algebra-level-reassignment/.stage/rdflib-shim-algebra-level-reassignment/raw/t3-candidate-native-ir/qualification_454_native_cost.purrdf_sparql_algebra-2f54bfeaed8b20be.purrdf_sparql_algebra.1f9a9904874edf46-cgu.0.rcgu.o.rcgu.s	/opt/purrdf-454-evidence-package.GD9kNHfZ/preserved-stage-originals/raw/t3-candidate-native-ir/qualification_454_native_cost.purrdf_sparql_algebra-2f54bfeaed8b20be.purrdf_sparql_algebra.1f9a9904874edf46-cgu.0.rcgu.o.rcgu.s	644	7038193	13b34c667b3d76ec1891b67aeb0a454589e08de73edb0b737d06df8ee2f4e0fa	/home/paudley/Active/purrdf/.worktrees/454-rdflib-shim-algebra-level-reassignment/.stage/rdflib-shim-algebra-level-reassignment/raw/final-lossless-evidence-archive/objects/99c545bc651c52a7596b158a7294e0d3927c957fa92d2ae71279c62b5fbf32db.gz	99c545bc651c52a7596b158a7294e0d3927c957fa92d2ae71279c62b5fbf32db	gzip	raw/t3-candidate-native-ir/qualification_454_native_cost.purrdf_sparql_algebra-2f54bfeaed8b20be.purrdf_sparql_algebra.1f9a9904874edf46-cgu.0.rcgu.o.rcgu.s
/home/paudley/Active/purrdf/.worktrees/454-rdflib-shim-algebra-level-reassignment/.stage/rdflib-shim-algebra-level-reassignment/raw/t3-candidate-native-ir/qualification_454_native_cost.purrdf_sparql_eval-0d067d9d4a72ce33.purrdf_sparql_eval.5766da4c1a18e898-cgu.0.rcgu.o.rcgu.ll.gz	/opt/purrdf-454-evidence-package.GD9kNHfZ/preserved-stage-originals/raw/t3-candidate-native-ir/qualification_454_native_cost.purrdf_sparql_eval-0d067d9d4a72ce33.purrdf_sparql_eval.5766da4c1a18e898-cgu.0.rcgu.o.rcgu.ll.gz	644	9027599	8ee9c99d8b0ecebca0d869533f9ef6bde079e0738cab955bcb0e7b86f4a3b797	/home/paudley/Active/purrdf/.worktrees/454-rdflib-shim-algebra-level-reassignment/.stage/rdflib-shim-algebra-level-reassignment/raw/final-lossless-evidence-archive/objects/8ee9c99d8b0ecebca0d869533f9ef6bde079e0738cab955bcb0e7b86f4a3b797.gz	8ee9c99d8b0ecebca0d869533f9ef6bde079e0738cab955bcb0e7b86f4a3b797	raw-gzip	raw/t3-candidate-native-ir/qualification_454_native_cost.purrdf_sparql_eval-0d067d9d4a72ce33.purrdf_sparql_eval.5766da4c1a18e898-cgu.0.rcgu.o.rcgu.ll.gz
/home/paudley/Active/purrdf/.worktrees/454-rdflib-shim-algebra-level-reassignment/.stage/rdflib-shim-algebra-level-reassignment/raw/t3-candidate-native-ir/qualification_454_native_cost.purrdf_sparql_eval-0d067d9d4a72ce33.purrdf_sparql_eval.5766da4c1a18e898-cgu.0.rcgu.o.rcgu.s	/opt/purrdf-454-evidence-package.GD9kNHfZ/preserved-stage-originals/raw/t3-candidate-native-ir/qualification_454_native_cost.purrdf_sparql_eval-0d067d9d4a72ce33.purrdf_sparql_eval.5766da4c1a18e898-cgu.0.rcgu.o.rcgu.s	644	29747299	222fdf9107530e136897f22df0ed1156c57fd770bc8c72b6b5f13934f8b3711c	/home/paudley/Active/purrdf/.worktrees/454-rdflib-shim-algebra-level-reassignment/.stage/rdflib-shim-algebra-level-reassignment/raw/final-lossless-evidence-archive/objects/5c8c548605efcd660d8236667e0edbaa2edb6fd43f66d25de90625dbcc6db018.gz	5c8c548605efcd660d8236667e0edbaa2edb6fd43f66d25de90625dbcc6db018	gzip	raw/t3-candidate-native-ir/qualification_454_native_cost.purrdf_sparql_eval-0d067d9d4a72ce33.purrdf_sparql_eval.5766da4c1a18e898-cgu.0.rcgu.o.rcgu.s
/home/paudley/Active/purrdf/.worktrees/454-rdflib-shim-algebra-level-reassignment/.stage/rdflib-shim-algebra-level-reassignment/raw/t3-candidate-native-ir/qualification_454_native_cost.purrdf_xsd-63c2141a0f4369ee.purrdf_xsd.adc7a472107af13b-cgu.0.rcgu.o.rcgu.ll	/opt/purrdf-454-evidence-package.GD9kNHfZ/preserved-stage-originals/raw/t3-candidate-native-ir/qualification_454_native_cost.purrdf_xsd-63c2141a0f4369ee.purrdf_xsd.adc7a472107af13b-cgu.0.rcgu.o.rcgu.ll	644	4528896	7da1bca6bf59522a5e510c8067a3912a9cd07e39c5b67716025f6661e9d521d0	/home/paudley/Active/purrdf/.worktrees/454-rdflib-shim-algebra-level-reassignment/.stage/rdflib-shim-algebra-level-reassignment/raw/final-lossless-evidence-archive/objects/02767b33dfacf17e7770954fb1a6c64bf73becad2e43436b9cd8ccc3c4a1e3de.gz	02767b33dfacf17e7770954fb1a6c64bf73becad2e43436b9cd8ccc3c4a1e3de	gzip	raw/t3-candidate-native-ir/qualification_454_native_cost.purrdf_xsd-63c2141a0f4369ee.purrdf_xsd.adc7a472107af13b-cgu.0.rcgu.o.rcgu.ll
/home/paudley/Active/purrdf/.worktrees/454-rdflib-shim-algebra-level-reassignment/.stage/rdflib-shim-algebra-level-reassignment/raw/t3-candidate-native-ir/qualification_454_native_cost.purrdf_xsd-63c2141a0f4369ee.purrdf_xsd.adc7a472107af13b-cgu.0.rcgu.o.rcgu.s	/opt/purrdf-454-evidence-package.GD9kNHfZ/preserved-stage-originals/raw/t3-candidate-native-ir/qualification_454_native_cost.purrdf_xsd-63c2141a0f4369ee.purrdf_xsd.adc7a472107af13b-cgu.0.rcgu.o.rcgu.s	644	2064557	633db13a64f3d047b60ab6a05db69127cc187089371e2200893a387acf9b35b0	/home/paudley/Active/purrdf/.worktrees/454-rdflib-shim-algebra-level-reassignment/.stage/rdflib-shim-algebra-level-reassignment/raw/final-lossless-evidence-archive/objects/80e3b959efa703192e26c162ae329b18cb161e8331b3d242ab9d8e24b5926e21.gz	80e3b959efa703192e26c162ae329b18cb161e8331b3d242ab9d8e24b5926e21	gzip	raw/t3-candidate-native-ir/qualification_454_native_cost.purrdf_xsd-63c2141a0f4369ee.purrdf_xsd.adc7a472107af13b-cgu.0.rcgu.o.rcgu.s
/home/paudley/Active/purrdf/.worktrees/454-rdflib-shim-algebra-level-reassignment/.stage/rdflib-shim-algebra-level-reassignment/raw/t3-candidate-native-ir/qualification_454_native_cost.qualification_454_native_cost.569991f014440d2b-cgu.0.rcgu.ll	/opt/purrdf-454-evidence-package.GD9kNHfZ/preserved-stage-originals/raw/t3-candidate-native-ir/qualification_454_native_cost.qualification_454_native_cost.569991f014440d2b-cgu.0.rcgu.ll	644	13913008	4d17fe5dbcb39578a2941ad42f76729f540a9def66f3420ff64b0efb81d89f12	/home/paudley/Active/purrdf/.worktrees/454-rdflib-shim-algebra-level-reassignment/.stage/rdflib-shim-algebra-level-reassignment/raw/final-lossless-evidence-archive/objects/7ef20b16aafbf0c053d121fa98619a57430ef646fadaa98d0fa87866dc4d1516.gz	7ef20b16aafbf0c053d121fa98619a57430ef646fadaa98d0fa87866dc4d1516	gzip	raw/t3-candidate-native-ir/qualification_454_native_cost.qualification_454_native_cost.569991f014440d2b-cgu.0.rcgu.ll
/home/paudley/Active/purrdf/.worktrees/454-rdflib-shim-algebra-level-reassignment/.stage/rdflib-shim-algebra-level-reassignment/raw/t3-candidate-native-ir/qualification_454_native_cost.qualification_454_native_cost.569991f014440d2b-cgu.0.rcgu.s	/opt/purrdf-454-evidence-package.GD9kNHfZ/preserved-stage-originals/raw/t3-candidate-native-ir/qualification_454_native_cost.qualification_454_native_cost.569991f014440d2b-cgu.0.rcgu.s	644	4036726	1380d45899e969a5b38d214f6d127189cd97ddfdb6b3346539686792a0a0a56f	/home/paudley/Active/purrdf/.worktrees/454-rdflib-shim-algebra-level-reassignment/.stage/rdflib-shim-algebra-level-reassignment/raw/final-lossless-evidence-archive/objects/d5ffec6db6cbdf2aee3e07a5ed33a04042309d2716ee9d46eb7e65370c377350.gz	d5ffec6db6cbdf2aee3e07a5ed33a04042309d2716ee9d46eb7e65370c377350	gzip	raw/t3-candidate-native-ir/qualification_454_native_cost.qualification_454_native_cost.569991f014440d2b-cgu.0.rcgu.s
/home/paudley/Active/purrdf/.worktrees/454-rdflib-shim-algebra-level-reassignment/.stage/rdflib-shim-algebra-level-reassignment/raw/t3-candidate-python-inventory.log	/opt/purrdf-454-evidence-package.GD9kNHfZ/preserved-stage-originals/raw/t3-candidate-python-inventory.log	644	1396071	4930279bac68eba31d3a88637005f9d313985da7be058a800fb1768dd6e0dbec	/home/paudley/Active/purrdf/.worktrees/454-rdflib-shim-algebra-level-reassignment/.stage/rdflib-shim-algebra-level-reassignment/raw/final-lossless-evidence-archive/objects/48099b6b5c5f8028c3e104f27bba0a9986d805ecba7617f04dbc71031507ef85.gz	48099b6b5c5f8028c3e104f27bba0a9986d805ecba7617f04dbc71031507ef85	gzip	raw/t3-candidate-python-inventory.log
/home/paudley/Active/purrdf/.worktrees/454-rdflib-shim-algebra-level-reassignment/.stage/rdflib-shim-algebra-level-reassignment/raw/t3-candidate-python-ir/purrdf_native.ll.gz	/opt/purrdf-454-evidence-package.GD9kNHfZ/preserved-stage-originals/raw/t3-candidate-python-ir/purrdf_native.ll.gz	644	27182939	8ec3cbb80779f51bbcb3ba48a4890138b08082afdef5042b88a6dca90394a751	/home/paudley/Active/purrdf/.worktrees/454-rdflib-shim-algebra-level-reassignment/.stage/rdflib-shim-algebra-level-reassignment/raw/final-lossless-evidence-archive/objects/8ec3cbb80779f51bbcb3ba48a4890138b08082afdef5042b88a6dca90394a751.gz	8ec3cbb80779f51bbcb3ba48a4890138b08082afdef5042b88a6dca90394a751	raw-gzip	raw/t3-candidate-python-ir/purrdf_native.ll.gz
/home/paudley/Active/purrdf/.worktrees/454-rdflib-shim-algebra-level-reassignment/.stage/rdflib-shim-algebra-level-reassignment/raw/t3-candidate-python-ir/purrdf_native.s.gz	/opt/purrdf-454-evidence-package.GD9kNHfZ/preserved-stage-originals/raw/t3-candidate-python-ir/purrdf_native.s.gz	644	18497563	8b72d713a18d0bf142687a9ebae19586019e794476968fe3605c707d9c9d44a9	/home/paudley/Active/purrdf/.worktrees/454-rdflib-shim-algebra-level-reassignment/.stage/rdflib-shim-algebra-level-reassignment/raw/final-lossless-evidence-archive/objects/8b72d713a18d0bf142687a9ebae19586019e794476968fe3605c707d9c9d44a9.gz	8b72d713a18d0bf142687a9ebae19586019e794476968fe3605c707d9c9d44a9	raw-gzip	raw/t3-candidate-python-ir/purrdf_native.s.gz
/home/paudley/Active/purrdf/.worktrees/454-rdflib-shim-algebra-level-reassignment/.stage/rdflib-shim-algebra-level-reassignment/raw/t3-final-installed-native-module.abi3.so.gz	/opt/purrdf-454-evidence-package.GD9kNHfZ/preserved-stage-originals/raw/t3-final-installed-native-module.abi3.so.gz	755	87570494	58168e12c756d0004f6384341e6ed8bf03b341f27ce34fb67e573fb831b81d85	/home/paudley/Active/purrdf/.worktrees/454-rdflib-shim-algebra-level-reassignment/.stage/rdflib-shim-algebra-level-reassignment/raw/final-lossless-evidence-archive/objects/58168e12c756d0004f6384341e6ed8bf03b341f27ce34fb67e573fb831b81d85.gz	58168e12c756d0004f6384341e6ed8bf03b341f27ce34fb67e573fb831b81d85	raw-gzip	raw/t3-final-installed-native-module.abi3.so.gz
/home/paudley/Active/purrdf/.worktrees/454-rdflib-shim-algebra-level-reassignment/.stage/rdflib-shim-algebra-level-reassignment/raw/t3-final-po-before-regeneration.po	/opt/purrdf-454-evidence-package.GD9kNHfZ/preserved-stage-originals/raw/t3-final-po-before-regeneration.po	644	1203588	71d94a5d0ec8d172d5e5aba25ab7d78942942efce89ce74065c2481b1e7bb650	/home/paudley/Active/purrdf/.worktrees/454-rdflib-shim-algebra-level-reassignment/.stage/rdflib-shim-algebra-level-reassignment/raw/final-lossless-evidence-archive/objects/db5c1dacebd9c92988983c2e60322fac3d8013a861d0946782a97e66673f2837.gz	db5c1dacebd9c92988983c2e60322fac3d8013a861d0946782a97e66673f2837	gzip	raw/t3-final-po-before-regeneration.po
/home/paudley/Active/purrdf/.worktrees/454-rdflib-shim-algebra-level-reassignment/.stage/rdflib-shim-algebra-level-reassignment/raw/t3-head-zh-Hans.po	/opt/purrdf-454-evidence-package.GD9kNHfZ/preserved-stage-originals/raw/t3-head-zh-Hans.po	644	1169724	cad59900a4ef227ec92bf17655cc99c03f6a56b10fd4aac84aa5d983a7de275e	/home/paudley/Active/purrdf/.worktrees/454-rdflib-shim-algebra-level-reassignment/.stage/rdflib-shim-algebra-level-reassignment/raw/final-lossless-evidence-archive/objects/2ffd549513fabd8d33a53f7b09c534363315dee1109a91d825a7232e133a7604.gz	2ffd549513fabd8d33a53f7b09c534363315dee1109a91d825a7232e133a7604	gzip	raw/t3-head-zh-Hans.po
/home/paudley/Active/purrdf/.worktrees/454-rdflib-shim-algebra-level-reassignment/.stage/rdflib-shim-algebra-level-reassignment/raw/t3-inline-cost-candidate-native-inventory.log	/opt/purrdf-454-evidence-package.GD9kNHfZ/preserved-stage-originals/raw/t3-inline-cost-candidate-native-inventory.log	644	5593705	fe769cb3822d62e16b671361c3c52c61af40c8741934894e8b2f53f6dd1d05f9	/home/paudley/Active/purrdf/.worktrees/454-rdflib-shim-algebra-level-reassignment/.stage/rdflib-shim-algebra-level-reassignment/raw/final-lossless-evidence-archive/objects/6aaa39db95f4530d48c5c57c28ed94b499ce5a4f393ba4c85605fb9d94fadb36.gz	6aaa39db95f4530d48c5c57c28ed94b499ce5a4f393ba4c85605fb9d94fadb36	gzip	raw/t3-inline-cost-candidate-native-inventory.log
/home/paudley/Active/purrdf/.worktrees/454-rdflib-shim-algebra-level-reassignment/.stage/rdflib-shim-algebra-level-reassignment/raw/t3-inline-cost-candidate-native-ir/probe	/opt/purrdf-454-evidence-package.GD9kNHfZ/preserved-stage-originals/raw/t3-inline-cost-candidate-native-ir/probe	755	8206856	6f390dd5dcbd94ef9b7c4cb6cda88945bd3f8f30d11984f70f22a34c70105d7b	/home/paudley/Active/purrdf/.worktrees/454-rdflib-shim-algebra-level-reassignment/.stage/rdflib-shim-algebra-level-reassignment/raw/final-lossless-evidence-archive/objects/0823666519d9aeec9d622a0702760f590efdbfcf75f1cf42d4150c64795848b0.gz	0823666519d9aeec9d622a0702760f590efdbfcf75f1cf42d4150c64795848b0	gzip	raw/t3-inline-cost-candidate-native-ir/probe
/home/paudley/Active/purrdf/.worktrees/454-rdflib-shim-algebra-level-reassignment/.stage/rdflib-shim-algebra-level-reassignment/raw/t3-inline-cost-candidate-native-ir/qualification_454_native_cost.purrdf_sparql_algebra-2f54bfeaed8b20be.purrdf_sparql_algebra.1f9a9904874edf46-cgu.0.rcgu.o.rcgu.ll	/opt/purrdf-454-evidence-package.GD9kNHfZ/preserved-stage-originals/raw/t3-inline-cost-candidate-native-ir/qualification_454_native_cost.purrdf_sparql_algebra-2f54bfeaed8b20be.purrdf_sparql_algebra.1f9a9904874edf46-cgu.0.rcgu.o.rcgu.ll	644	20593415	47e849e29da9729ceb1d8d02f0fffcb9fea1978aad197b5c2f270e2de260407b	/home/paudley/Active/purrdf/.worktrees/454-rdflib-shim-algebra-level-reassignment/.stage/rdflib-shim-algebra-level-reassignment/raw/final-lossless-evidence-archive/objects/b8e371cb59ca1561571df83f7f2db372669af6bb2c51d7d5d915176c7bc3db53.gz	b8e371cb59ca1561571df83f7f2db372669af6bb2c51d7d5d915176c7bc3db53	gzip	raw/t3-inline-cost-candidate-native-ir/qualification_454_native_cost.purrdf_sparql_algebra-2f54bfeaed8b20be.purrdf_sparql_algebra.1f9a9904874edf46-cgu.0.rcgu.o.rcgu.ll
/home/paudley/Active/purrdf/.worktrees/454-rdflib-shim-algebra-level-reassignment/.stage/rdflib-shim-algebra-level-reassignment/raw/t3-inline-cost-candidate-native-ir/qualification_454_native_cost.purrdf_sparql_algebra-2f54bfeaed8b20be.purrdf_sparql_algebra.1f9a9904874edf46-cgu.0.rcgu.o.rcgu.s	/opt/purrdf-454-evidence-package.GD9kNHfZ/preserved-stage-originals/raw/t3-inline-cost-candidate-native-ir/qualification_454_native_cost.purrdf_sparql_algebra-2f54bfeaed8b20be.purrdf_sparql_algebra.1f9a9904874edf46-cgu.0.rcgu.o.rcgu.s	644	7038193	13b34c667b3d76ec1891b67aeb0a454589e08de73edb0b737d06df8ee2f4e0fa	/home/paudley/Active/purrdf/.worktrees/454-rdflib-shim-algebra-level-reassignment/.stage/rdflib-shim-algebra-level-reassignment/raw/final-lossless-evidence-archive/objects/99c545bc651c52a7596b158a7294e0d3927c957fa92d2ae71279c62b5fbf32db.gz	99c545bc651c52a7596b158a7294e0d3927c957fa92d2ae71279c62b5fbf32db	gzip	raw/t3-inline-cost-candidate-native-ir/qualification_454_native_cost.purrdf_sparql_algebra-2f54bfeaed8b20be.purrdf_sparql_algebra.1f9a9904874edf46-cgu.0.rcgu.o.rcgu.s
/home/paudley/Active/purrdf/.worktrees/454-rdflib-shim-algebra-level-reassignment/.stage/rdflib-shim-algebra-level-reassignment/raw/t3-inline-cost-candidate-native-ir/qualification_454_native_cost.purrdf_sparql_eval-0d067d9d4a72ce33.purrdf_sparql_eval.5766da4c1a18e898-cgu.0.rcgu.o.rcgu.ll.gz	/opt/purrdf-454-evidence-package.GD9kNHfZ/preserved-stage-originals/raw/t3-inline-cost-candidate-native-ir/qualification_454_native_cost.purrdf_sparql_eval-0d067d9d4a72ce33.purrdf_sparql_eval.5766da4c1a18e898-cgu.0.rcgu.o.rcgu.ll.gz	644	9029776	954e4780ab9af84bdbda83df742d7c0c1f7072d7717dffcb61d544727161b362	/home/paudley/Active/purrdf/.worktrees/454-rdflib-shim-algebra-level-reassignment/.stage/rdflib-shim-algebra-level-reassignment/raw/final-lossless-evidence-archive/objects/954e4780ab9af84bdbda83df742d7c0c1f7072d7717dffcb61d544727161b362.gz	954e4780ab9af84bdbda83df742d7c0c1f7072d7717dffcb61d544727161b362	raw-gzip	raw/t3-inline-cost-candidate-native-ir/qualification_454_native_cost.purrdf_sparql_eval-0d067d9d4a72ce33.purrdf_sparql_eval.5766da4c1a18e898-cgu.0.rcgu.o.rcgu.ll.gz
/home/paudley/Active/purrdf/.worktrees/454-rdflib-shim-algebra-level-reassignment/.stage/rdflib-shim-algebra-level-reassignment/raw/t3-inline-cost-candidate-native-ir/qualification_454_native_cost.purrdf_sparql_eval-0d067d9d4a72ce33.purrdf_sparql_eval.5766da4c1a18e898-cgu.0.rcgu.o.rcgu.s	/opt/purrdf-454-evidence-package.GD9kNHfZ/preserved-stage-originals/raw/t3-inline-cost-candidate-native-ir/qualification_454_native_cost.purrdf_sparql_eval-0d067d9d4a72ce33.purrdf_sparql_eval.5766da4c1a18e898-cgu.0.rcgu.o.rcgu.s	644	29752364	0bb32d070139e1d555cc85e3ec3bf35ef40c1d73f58252bd6f6824d8ee2a7cab	/home/paudley/Active/purrdf/.worktrees/454-rdflib-shim-algebra-level-reassignment/.stage/rdflib-shim-algebra-level-reassignment/raw/final-lossless-evidence-archive/objects/ea102ec3b5003985cd662a2511836f909565abebbb03f6d9f7f3e32384f73f42.gz	ea102ec3b5003985cd662a2511836f909565abebbb03f6d9f7f3e32384f73f42	gzip	raw/t3-inline-cost-candidate-native-ir/qualification_454_native_cost.purrdf_sparql_eval-0d067d9d4a72ce33.purrdf_sparql_eval.5766da4c1a18e898-cgu.0.rcgu.o.rcgu.s
/home/paudley/Active/purrdf/.worktrees/454-rdflib-shim-algebra-level-reassignment/.stage/rdflib-shim-algebra-level-reassignment/raw/t3-inline-cost-candidate-native-ir/qualification_454_native_cost.purrdf_xsd-63c2141a0f4369ee.purrdf_xsd.adc7a472107af13b-cgu.0.rcgu.o.rcgu.ll	/opt/purrdf-454-evidence-package.GD9kNHfZ/preserved-stage-originals/raw/t3-inline-cost-candidate-native-ir/qualification_454_native_cost.purrdf_xsd-63c2141a0f4369ee.purrdf_xsd.adc7a472107af13b-cgu.0.rcgu.o.rcgu.ll	644	4528896	7da1bca6bf59522a5e510c8067a3912a9cd07e39c5b67716025f6661e9d521d0	/home/paudley/Active/purrdf/.worktrees/454-rdflib-shim-algebra-level-reassignment/.stage/rdflib-shim-algebra-level-reassignment/raw/final-lossless-evidence-archive/objects/02767b33dfacf17e7770954fb1a6c64bf73becad2e43436b9cd8ccc3c4a1e3de.gz	02767b33dfacf17e7770954fb1a6c64bf73becad2e43436b9cd8ccc3c4a1e3de	gzip	raw/t3-inline-cost-candidate-native-ir/qualification_454_native_cost.purrdf_xsd-63c2141a0f4369ee.purrdf_xsd.adc7a472107af13b-cgu.0.rcgu.o.rcgu.ll
/home/paudley/Active/purrdf/.worktrees/454-rdflib-shim-algebra-level-reassignment/.stage/rdflib-shim-algebra-level-reassignment/raw/t3-inline-cost-candidate-native-ir/qualification_454_native_cost.purrdf_xsd-63c2141a0f4369ee.purrdf_xsd.adc7a472107af13b-cgu.0.rcgu.o.rcgu.s	/opt/purrdf-454-evidence-package.GD9kNHfZ/preserved-stage-originals/raw/t3-inline-cost-candidate-native-ir/qualification_454_native_cost.purrdf_xsd-63c2141a0f4369ee.purrdf_xsd.adc7a472107af13b-cgu.0.rcgu.o.rcgu.s	644	2064557	633db13a64f3d047b60ab6a05db69127cc187089371e2200893a387acf9b35b0	/home/paudley/Active/purrdf/.worktrees/454-rdflib-shim-algebra-level-reassignment/.stage/rdflib-shim-algebra-level-reassignment/raw/final-lossless-evidence-archive/objects/80e3b959efa703192e26c162ae329b18cb161e8331b3d242ab9d8e24b5926e21.gz	80e3b959efa703192e26c162ae329b18cb161e8331b3d242ab9d8e24b5926e21	gzip	raw/t3-inline-cost-candidate-native-ir/qualification_454_native_cost.purrdf_xsd-63c2141a0f4369ee.purrdf_xsd.adc7a472107af13b-cgu.0.rcgu.o.rcgu.s
/home/paudley/Active/purrdf/.worktrees/454-rdflib-shim-algebra-level-reassignment/.stage/rdflib-shim-algebra-level-reassignment/raw/t3-inline-cost-candidate-native-ir/qualification_454_native_cost.qualification_454_native_cost.569991f014440d2b-cgu.0.rcgu.ll	/opt/purrdf-454-evidence-package.GD9kNHfZ/preserved-stage-originals/raw/t3-inline-cost-candidate-native-ir/qualification_454_native_cost.qualification_454_native_cost.569991f014440d2b-cgu.0.rcgu.ll	644	13913008	ad22ecfd7670ee874af6e885a0d3f771d88510f627417b995619e9df71e39cbf	/home/paudley/Active/purrdf/.worktrees/454-rdflib-shim-algebra-level-reassignment/.stage/rdflib-shim-algebra-level-reassignment/raw/final-lossless-evidence-archive/objects/bd4a9c39378fd3a1e6e4ba880b4024099c3bd60972c8fab22cfdaa39ccaef03a.gz	bd4a9c39378fd3a1e6e4ba880b4024099c3bd60972c8fab22cfdaa39ccaef03a	gzip	raw/t3-inline-cost-candidate-native-ir/qualification_454_native_cost.qualification_454_native_cost.569991f014440d2b-cgu.0.rcgu.ll
/home/paudley/Active/purrdf/.worktrees/454-rdflib-shim-algebra-level-reassignment/.stage/rdflib-shim-algebra-level-reassignment/raw/t3-inline-cost-candidate-native-ir/qualification_454_native_cost.qualification_454_native_cost.569991f014440d2b-cgu.0.rcgu.s	/opt/purrdf-454-evidence-package.GD9kNHfZ/preserved-stage-originals/raw/t3-inline-cost-candidate-native-ir/qualification_454_native_cost.qualification_454_native_cost.569991f014440d2b-cgu.0.rcgu.s	644	4036726	69993e2f56e0f76f64007b49210ef488b6451f81050e0eccca3f42db67300fa5	/home/paudley/Active/purrdf/.worktrees/454-rdflib-shim-algebra-level-reassignment/.stage/rdflib-shim-algebra-level-reassignment/raw/final-lossless-evidence-archive/objects/f5cc15c35c2684117e2093b8e174efa6e8392fe56501fd71da9d7c32486da2de.gz	f5cc15c35c2684117e2093b8e174efa6e8392fe56501fd71da9d7c32486da2de	gzip	raw/t3-inline-cost-candidate-native-ir/qualification_454_native_cost.qualification_454_native_cost.569991f014440d2b-cgu.0.rcgu.s
/home/paudley/Active/purrdf/.worktrees/454-rdflib-shim-algebra-level-reassignment/.stage/rdflib-shim-algebra-level-reassignment/raw/t3-static-tail-candidate-native-inventory.log	/opt/purrdf-454-evidence-package.GD9kNHfZ/preserved-stage-originals/raw/t3-static-tail-candidate-native-inventory.log	644	5594041	20d95a0c6c232b434cbff2f52cf0f070007b589a552d18872d034890bbef6f64	/home/paudley/Active/purrdf/.worktrees/454-rdflib-shim-algebra-level-reassignment/.stage/rdflib-shim-algebra-level-reassignment/raw/final-lossless-evidence-archive/objects/63a426fe21deb82cf4e87a50c5a05d0aadb145b978516c439d4ecbd186fa2f04.gz	63a426fe21deb82cf4e87a50c5a05d0aadb145b978516c439d4ecbd186fa2f04	gzip	raw/t3-static-tail-candidate-native-inventory.log
/home/paudley/Active/purrdf/.worktrees/454-rdflib-shim-algebra-level-reassignment/.stage/rdflib-shim-algebra-level-reassignment/raw/t3-static-tail-candidate-native-ir/probe	/opt/purrdf-454-evidence-package.GD9kNHfZ/preserved-stage-originals/raw/t3-static-tail-candidate-native-ir/probe	755	8206808	94b41a5b7c36da8b39ff1438ed176c3e4d8030b336f98f60fa7588d166885400	/home/paudley/Active/purrdf/.worktrees/454-rdflib-shim-algebra-level-reassignment/.stage/rdflib-shim-algebra-level-reassignment/raw/final-lossless-evidence-archive/objects/6bc4baefd474752fb208310204ec99ec83fd839433397f3348066371876f2dcf.gz	6bc4baefd474752fb208310204ec99ec83fd839433397f3348066371876f2dcf	gzip	raw/t3-static-tail-candidate-native-ir/probe
/home/paudley/Active/purrdf/.worktrees/454-rdflib-shim-algebra-level-reassignment/.stage/rdflib-shim-algebra-level-reassignment/raw/t3-static-tail-candidate-native-ir/qualification_454_native_cost.purrdf_sparql_algebra-2f54bfeaed8b20be.purrdf_sparql_algebra.1f9a9904874edf46-cgu.0.rcgu.o.rcgu.ll	/opt/purrdf-454-evidence-package.GD9kNHfZ/preserved-stage-originals/raw/t3-static-tail-candidate-native-ir/qualification_454_native_cost.purrdf_sparql_algebra-2f54bfeaed8b20be.purrdf_sparql_algebra.1f9a9904874edf46-cgu.0.rcgu.o.rcgu.ll	644	20593415	47e849e29da9729ceb1d8d02f0fffcb9fea1978aad197b5c2f270e2de260407b	/home/paudley/Active/purrdf/.worktrees/454-rdflib-shim-algebra-level-reassignment/.stage/rdflib-shim-algebra-level-reassignment/raw/final-lossless-evidence-archive/objects/b8e371cb59ca1561571df83f7f2db372669af6bb2c51d7d5d915176c7bc3db53.gz	b8e371cb59ca1561571df83f7f2db372669af6bb2c51d7d5d915176c7bc3db53	gzip	raw/t3-static-tail-candidate-native-ir/qualification_454_native_cost.purrdf_sparql_algebra-2f54bfeaed8b20be.purrdf_sparql_algebra.1f9a9904874edf46-cgu.0.rcgu.o.rcgu.ll
/home/paudley/Active/purrdf/.worktrees/454-rdflib-shim-algebra-level-reassignment/.stage/rdflib-shim-algebra-level-reassignment/raw/t3-static-tail-candidate-native-ir/qualification_454_native_cost.purrdf_sparql_algebra-2f54bfeaed8b20be.purrdf_sparql_algebra.1f9a9904874edf46-cgu.0.rcgu.o.rcgu.s	/opt/purrdf-454-evidence-package.GD9kNHfZ/preserved-stage-originals/raw/t3-static-tail-candidate-native-ir/qualification_454_native_cost.purrdf_sparql_algebra-2f54bfeaed8b20be.purrdf_sparql_algebra.1f9a9904874edf46-cgu.0.rcgu.o.rcgu.s	644	7038193	13b34c667b3d76ec1891b67aeb0a454589e08de73edb0b737d06df8ee2f4e0fa	/home/paudley/Active/purrdf/.worktrees/454-rdflib-shim-algebra-level-reassignment/.stage/rdflib-shim-algebra-level-reassignment/raw/final-lossless-evidence-archive/objects/99c545bc651c52a7596b158a7294e0d3927c957fa92d2ae71279c62b5fbf32db.gz	99c545bc651c52a7596b158a7294e0d3927c957fa92d2ae71279c62b5fbf32db	gzip	raw/t3-static-tail-candidate-native-ir/qualification_454_native_cost.purrdf_sparql_algebra-2f54bfeaed8b20be.purrdf_sparql_algebra.1f9a9904874edf46-cgu.0.rcgu.o.rcgu.s
/home/paudley/Active/purrdf/.worktrees/454-rdflib-shim-algebra-level-reassignment/.stage/rdflib-shim-algebra-level-reassignment/raw/t3-static-tail-candidate-native-ir/qualification_454_native_cost.purrdf_sparql_eval-0d067d9d4a72ce33.purrdf_sparql_eval.5766da4c1a18e898-cgu.0.rcgu.o.rcgu.ll.gz	/opt/purrdf-454-evidence-package.GD9kNHfZ/preserved-stage-originals/raw/t3-static-tail-candidate-native-ir/qualification_454_native_cost.purrdf_sparql_eval-0d067d9d4a72ce33.purrdf_sparql_eval.5766da4c1a18e898-cgu.0.rcgu.o.rcgu.ll.gz	644	9029890	c9e84ebf75be395c3f5aabe6c5554f7b0755de4d5e148093622969374ab0788f	/home/paudley/Active/purrdf/.worktrees/454-rdflib-shim-algebra-level-reassignment/.stage/rdflib-shim-algebra-level-reassignment/raw/final-lossless-evidence-archive/objects/c9e84ebf75be395c3f5aabe6c5554f7b0755de4d5e148093622969374ab0788f.gz	c9e84ebf75be395c3f5aabe6c5554f7b0755de4d5e148093622969374ab0788f	raw-gzip	raw/t3-static-tail-candidate-native-ir/qualification_454_native_cost.purrdf_sparql_eval-0d067d9d4a72ce33.purrdf_sparql_eval.5766da4c1a18e898-cgu.0.rcgu.o.rcgu.ll.gz
/home/paudley/Active/purrdf/.worktrees/454-rdflib-shim-algebra-level-reassignment/.stage/rdflib-shim-algebra-level-reassignment/raw/t3-static-tail-candidate-native-ir/qualification_454_native_cost.purrdf_sparql_eval-0d067d9d4a72ce33.purrdf_sparql_eval.5766da4c1a18e898-cgu.0.rcgu.o.rcgu.s	/opt/purrdf-454-evidence-package.GD9kNHfZ/preserved-stage-originals/raw/t3-static-tail-candidate-native-ir/qualification_454_native_cost.purrdf_sparql_eval-0d067d9d4a72ce33.purrdf_sparql_eval.5766da4c1a18e898-cgu.0.rcgu.o.rcgu.s	644	29756226	e139ce4cc5b611ba76422c7c58779af0fb868cbab03594777fd2f7d56005c7f1	/home/paudley/Active/purrdf/.worktrees/454-rdflib-shim-algebra-level-reassignment/.stage/rdflib-shim-algebra-level-reassignment/raw/final-lossless-evidence-archive/objects/8cc340e5d7d8c207f329517eb81e08404a444983448ab9ac894a3958d0fcfe7f.gz	8cc340e5d7d8c207f329517eb81e08404a444983448ab9ac894a3958d0fcfe7f	gzip	raw/t3-static-tail-candidate-native-ir/qualification_454_native_cost.purrdf_sparql_eval-0d067d9d4a72ce33.purrdf_sparql_eval.5766da4c1a18e898-cgu.0.rcgu.o.rcgu.s
/home/paudley/Active/purrdf/.worktrees/454-rdflib-shim-algebra-level-reassignment/.stage/rdflib-shim-algebra-level-reassignment/raw/t3-static-tail-candidate-native-ir/qualification_454_native_cost.purrdf_xsd-63c2141a0f4369ee.purrdf_xsd.adc7a472107af13b-cgu.0.rcgu.o.rcgu.ll	/opt/purrdf-454-evidence-package.GD9kNHfZ/preserved-stage-originals/raw/t3-static-tail-candidate-native-ir/qualification_454_native_cost.purrdf_xsd-63c2141a0f4369ee.purrdf_xsd.adc7a472107af13b-cgu.0.rcgu.o.rcgu.ll	644	4528896	7da1bca6bf59522a5e510c8067a3912a9cd07e39c5b67716025f6661e9d521d0	/home/paudley/Active/purrdf/.worktrees/454-rdflib-shim-algebra-level-reassignment/.stage/rdflib-shim-algebra-level-reassignment/raw/final-lossless-evidence-archive/objects/02767b33dfacf17e7770954fb1a6c64bf73becad2e43436b9cd8ccc3c4a1e3de.gz	02767b33dfacf17e7770954fb1a6c64bf73becad2e43436b9cd8ccc3c4a1e3de	gzip	raw/t3-static-tail-candidate-native-ir/qualification_454_native_cost.purrdf_xsd-63c2141a0f4369ee.purrdf_xsd.adc7a472107af13b-cgu.0.rcgu.o.rcgu.ll
/home/paudley/Active/purrdf/.worktrees/454-rdflib-shim-algebra-level-reassignment/.stage/rdflib-shim-algebra-level-reassignment/raw/t3-static-tail-candidate-native-ir/qualification_454_native_cost.purrdf_xsd-63c2141a0f4369ee.purrdf_xsd.adc7a472107af13b-cgu.0.rcgu.o.rcgu.s	/opt/purrdf-454-evidence-package.GD9kNHfZ/preserved-stage-originals/raw/t3-static-tail-candidate-native-ir/qualification_454_native_cost.purrdf_xsd-63c2141a0f4369ee.purrdf_xsd.adc7a472107af13b-cgu.0.rcgu.o.rcgu.s	644	2064557	633db13a64f3d047b60ab6a05db69127cc187089371e2200893a387acf9b35b0	/home/paudley/Active/purrdf/.worktrees/454-rdflib-shim-algebra-level-reassignment/.stage/rdflib-shim-algebra-level-reassignment/raw/final-lossless-evidence-archive/objects/80e3b959efa703192e26c162ae329b18cb161e8331b3d242ab9d8e24b5926e21.gz	80e3b959efa703192e26c162ae329b18cb161e8331b3d242ab9d8e24b5926e21	gzip	raw/t3-static-tail-candidate-native-ir/qualification_454_native_cost.purrdf_xsd-63c2141a0f4369ee.purrdf_xsd.adc7a472107af13b-cgu.0.rcgu.o.rcgu.s
/home/paudley/Active/purrdf/.worktrees/454-rdflib-shim-algebra-level-reassignment/.stage/rdflib-shim-algebra-level-reassignment/raw/t3-static-tail-candidate-native-ir/qualification_454_native_cost.qualification_454_native_cost.569991f014440d2b-cgu.0.rcgu.ll	/opt/purrdf-454-evidence-package.GD9kNHfZ/preserved-stage-originals/raw/t3-static-tail-candidate-native-ir/qualification_454_native_cost.qualification_454_native_cost.569991f014440d2b-cgu.0.rcgu.ll	644	13913253	a7dadbc75d824effb00dd90affac08fc0cec53fa4300e59a33c3ec12612752fa	/home/paudley/Active/purrdf/.worktrees/454-rdflib-shim-algebra-level-reassignment/.stage/rdflib-shim-algebra-level-reassignment/raw/final-lossless-evidence-archive/objects/cbe5efc3f7c909b9fe7f0a7e08a63598a1299b315c45a05a1a9680c6eda9fd9c.gz	cbe5efc3f7c909b9fe7f0a7e08a63598a1299b315c45a05a1a9680c6eda9fd9c	gzip	raw/t3-static-tail-candidate-native-ir/qualification_454_native_cost.qualification_454_native_cost.569991f014440d2b-cgu.0.rcgu.ll
/home/paudley/Active/purrdf/.worktrees/454-rdflib-shim-algebra-level-reassignment/.stage/rdflib-shim-algebra-level-reassignment/raw/t3-static-tail-candidate-native-ir/qualification_454_native_cost.qualification_454_native_cost.569991f014440d2b-cgu.0.rcgu.s	/opt/purrdf-454-evidence-package.GD9kNHfZ/preserved-stage-originals/raw/t3-static-tail-candidate-native-ir/qualification_454_native_cost.qualification_454_native_cost.569991f014440d2b-cgu.0.rcgu.s	644	4036968	dc8dd2298b84e89a1cec133ca0c9e31ad59b25191cc1844c33e3ef0e0a44ce32	/home/paudley/Active/purrdf/.worktrees/454-rdflib-shim-algebra-level-reassignment/.stage/rdflib-shim-algebra-level-reassignment/raw/final-lossless-evidence-archive/objects/86d0a2f1eb267aff7df5758084af6ca80d1a160dfda9bf294cb0079d62a7c9f6.gz	86d0a2f1eb267aff7df5758084af6ca80d1a160dfda9bf294cb0079d62a7c9f6	gzip	raw/t3-static-tail-candidate-native-ir/qualification_454_native_cost.qualification_454_native_cost.569991f014440d2b-cgu.0.rcgu.s
/home/paudley/Active/purrdf/.worktrees/454-rdflib-shim-algebra-level-reassignment/.stage/rdflib-shim-algebra-level-reassignment/raw/t3-static-tail-candidate-python-inventory.log	/opt/purrdf-454-evidence-package.GD9kNHfZ/preserved-stage-originals/raw/t3-static-tail-candidate-python-inventory.log	644	1398063	6db82c0b1bd18d8636e05d913cb94639513b4833f1ed5a501730801ef44aa9b9	/home/paudley/Active/purrdf/.worktrees/454-rdflib-shim-algebra-level-reassignment/.stage/rdflib-shim-algebra-level-reassignment/raw/final-lossless-evidence-archive/objects/260a66002a98fff9675975be1bb63f1eed016eee0b383a7b8936822639b6d3cf.gz	260a66002a98fff9675975be1bb63f1eed016eee0b383a7b8936822639b6d3cf	gzip	raw/t3-static-tail-candidate-python-inventory.log
/home/paudley/Active/purrdf/.worktrees/454-rdflib-shim-algebra-level-reassignment/.stage/rdflib-shim-algebra-level-reassignment/raw/t3-static-tail-candidate-python-ir/purrdf_native.ll.gz	/opt/purrdf-454-evidence-package.GD9kNHfZ/preserved-stage-originals/raw/t3-static-tail-candidate-python-ir/purrdf_native.ll.gz	644	27182939	8ec3cbb80779f51bbcb3ba48a4890138b08082afdef5042b88a6dca90394a751	/home/paudley/Active/purrdf/.worktrees/454-rdflib-shim-algebra-level-reassignment/.stage/rdflib-shim-algebra-level-reassignment/raw/final-lossless-evidence-archive/objects/8ec3cbb80779f51bbcb3ba48a4890138b08082afdef5042b88a6dca90394a751.gz	8ec3cbb80779f51bbcb3ba48a4890138b08082afdef5042b88a6dca90394a751	raw-gzip	raw/t3-static-tail-candidate-python-ir/purrdf_native.ll.gz
/home/paudley/Active/purrdf/.worktrees/454-rdflib-shim-algebra-level-reassignment/.stage/rdflib-shim-algebra-level-reassignment/raw/t3-static-tail-candidate-python-ir/purrdf_native.s.gz	/opt/purrdf-454-evidence-package.GD9kNHfZ/preserved-stage-originals/raw/t3-static-tail-candidate-python-ir/purrdf_native.s.gz	644	18497563	8b72d713a18d0bf142687a9ebae19586019e794476968fe3605c707d9c9d44a9	/home/paudley/Active/purrdf/.worktrees/454-rdflib-shim-algebra-level-reassignment/.stage/rdflib-shim-algebra-level-reassignment/raw/final-lossless-evidence-archive/objects/8b72d713a18d0bf142687a9ebae19586019e794476968fe3605c707d9c9d44a9.gz	8b72d713a18d0bf142687a9ebae19586019e794476968fe3605c707d9c9d44a9	raw-gzip	raw/t3-static-tail-candidate-python-ir/purrdf_native.s.gz
