test (integration-1)	UNKNOWN STEP	﻿2026-10-07T03:17:58.3198161Z Current runner version: '2.337.0'
test (integration-1)	UNKNOWN STEP	2026-10-07T03:17:58.3216088Z ##[group]Runner Image Provisioner
test (integration-1)	UNKNOWN STEP	2026-10-07T03:17:58.3216701Z Hosted Compute Agent
test (integration-1)	UNKNOWN STEP	2026-10-07T03:17:58.3217074Z Version: 20260901.588
test (integration-1)	UNKNOWN STEP	2026-10-07T03:17:58.3217462Z Commit: f88ec8081b781fac6c440065ac7ff9e710ce3d0b
test (integration-1)	UNKNOWN STEP	2026-10-07T03:17:58.3217999Z Build Date: 2026-09-01T19:56:44Z
test (integration-1)	UNKNOWN STEP	2026-10-07T03:17:58.3218415Z Worker ID: {a339b43b-7b07-45b6-81a5-ec7910004c72}
test (integration-1)	UNKNOWN STEP	2026-10-07T03:17:58.3218875Z Azure Region: westus3
test (integration-1)	UNKNOWN STEP	2026-10-07T03:17:58.3219246Z ##[endgroup]
test (integration-1)	UNKNOWN STEP	2026-10-07T03:17:58.3220231Z ##[group]Operating System
test (integration-1)	UNKNOWN STEP	2026-10-07T03:17:58.3220702Z Ubuntu
test (integration-1)	UNKNOWN STEP	2026-10-07T03:17:58.3221028Z 24.04.5
test (integration-1)	UNKNOWN STEP	2026-10-07T03:17:58.3221349Z LTS
test (integration-1)	UNKNOWN STEP	2026-10-07T03:17:58.3221719Z ##[endgroup]
test (integration-1)	UNKNOWN STEP	2026-10-07T03:17:58.3222059Z ##[group]Runner Image
test (integration-1)	UNKNOWN STEP	2026-10-07T03:17:58.3222527Z Image: ubuntu-24.04
test (integration-1)	UNKNOWN STEP	2026-10-07T03:17:58.3222880Z Version: 20260927.320.1
test (integration-1)	UNKNOWN STEP	2026-10-07T03:17:58.3223669Z Included Software: https://github.com/actions/runner-images/blob/ubuntu24/20260927.320/images/ubuntu/Ubuntu2404-Readme.md
test (integration-1)	UNKNOWN STEP	2026-10-07T03:17:58.3224570Z Image Release: https://github.com/actions/runner-images/releases/tag/ubuntu24%2F20260927.320
test (integration-1)	UNKNOWN STEP	2026-10-07T03:17:58.3225207Z ##[endgroup]
test (integration-1)	UNKNOWN STEP	2026-10-07T03:17:58.3225868Z ##[group]GITHUB_TOKEN Permissions
test (integration-1)	UNKNOWN STEP	2026-10-07T03:17:58.3227145Z Contents: read
test (integration-1)	UNKNOWN STEP	2026-10-07T03:17:58.3227500Z Metadata: read
test (integration-1)	UNKNOWN STEP	2026-10-07T03:17:58.3227866Z ##[endgroup]
test (integration-1)	UNKNOWN STEP	2026-10-07T03:17:58.3229230Z Secret source: Actions
test (integration-1)	UNKNOWN STEP	2026-10-07T03:17:58.3229794Z Cache mode: write
test (integration-1)	UNKNOWN STEP	2026-10-07T03:17:58.3230434Z Prepare workflow directory
test (integration-1)	UNKNOWN STEP	2026-10-07T03:17:58.3454685Z Prepare all required actions
test (integration-1)	UNKNOWN STEP	2026-10-07T03:17:58.3485620Z Getting action download info
test (integration-1)	UNKNOWN STEP	2026-10-07T03:17:58.6648918Z Download action repository 'actions/checkout@9c091bb21b7c1c1d1991bb908d89e4e9dddfe3e0' (SHA:9c091bb21b7c1c1d1991bb908d89e4e9dddfe3e0)
test (integration-1)	UNKNOWN STEP	2026-10-07T03:17:58.7510576Z Download action repository 'dtolnay/rust-toolchain@29eef336d9b2848a0b548edc03f92a220660cdb8' (SHA:29eef336d9b2848a0b548edc03f92a220660cdb8)
test (integration-1)	UNKNOWN STEP	2026-10-07T03:17:59.0006565Z Download action repository 'Swatinem/rust-cache@c19371144df3bb44fab255c43d04cbc2ab54d1c4' (SHA:c19371144df3bb44fab255c43d04cbc2ab54d1c4)
test (integration-1)	UNKNOWN STEP	2026-10-07T03:17:59.9857577Z Download action repository 'actions/setup-node@48b55a011bda9f5d6aeb4c2d9c7362e8dae4041e' (SHA:48b55a011bda9f5d6aeb4c2d9c7362e8dae4041e)
test (integration-1)	UNKNOWN STEP	2026-10-07T03:18:00.1893469Z Complete job name: test (integration-1)
test (integration-1)	UNKNOWN STEP	2026-10-07T03:18:00.2431362Z ##[group]Run echo "before:"
test (integration-1)	UNKNOWN STEP	2026-10-07T03:18:00.2432043Z ^[[36;1mecho "before:"^[[0m
test (integration-1)	UNKNOWN STEP	2026-10-07T03:18:00.2432564Z ^[[36;1mdf -h /^[[0m
test (integration-1)	UNKNOWN STEP	2026-10-07T03:18:00.2433362Z ^[[36;1msudo rm -rf /usr/share/dotnet /opt/ghc /usr/local/lib/android /usr/share/swift^[[0m
test (integration-1)	UNKNOWN STEP	2026-10-07T03:18:00.2434259Z ^[[36;1mecho "after:"^[[0m
test (integration-1)	UNKNOWN STEP	2026-10-07T03:18:00.2434766Z ^[[36;1mdf -h /^[[0m
test (integration-1)	UNKNOWN STEP	2026-10-07T03:18:00.2664897Z shell: /usr/bin/bash -e {0}
test (integration-1)	UNKNOWN STEP	2026-10-07T03:18:00.2665607Z ##[endgroup]
test (integration-1)	UNKNOWN STEP	2026-10-07T03:18:00.2784733Z before:
test (integration-1)	UNKNOWN STEP	2026-10-07T03:18:00.2946206Z Filesystem      Size  Used Avail Use% Mounted on
test (integration-1)	UNKNOWN STEP	2026-10-07T03:18:00.2947056Z /dev/root       145G   59G   87G  41% /
test (integration-1)	UNKNOWN STEP	2026-10-07T03:19:47.7006518Z after:
test (integration-1)	UNKNOWN STEP	2026-10-07T03:19:47.7015837Z Filesystem      Size  Used Avail Use% Mounted on
test (integration-1)	UNKNOWN STEP	2026-10-07T03:19:47.7016168Z /dev/root       145G   39G  107G  27% /
test (integration-1)	UNKNOWN STEP	2026-10-07T03:19:47.7247707Z ##[group]Run actions/checkout@9c091bb21b7c1c1d1991bb908d89e4e9dddfe3e0
test (integration-1)	UNKNOWN STEP	2026-10-07T03:19:47.7247945Z with:
test (integration-1)	UNKNOWN STEP	2026-10-07T03:19:47.7248067Z   persist-credentials: false
test (integration-1)	UNKNOWN STEP	2026-10-07T03:19:47.7248218Z   repository: Blackcat-Informatics/purrdf
test (integration-1)	UNKNOWN STEP	2026-10-07T03:19:47.7249564Z   token: ***
test (integration-1)	UNKNOWN STEP	2026-10-07T03:19:47.7249672Z   ssh-strict: true
test (integration-1)	UNKNOWN STEP	2026-10-07T03:19:47.7249787Z   ssh-user: git
test (integration-1)	UNKNOWN STEP	2026-10-07T03:19:47.7249894Z   clean: true
test (integration-1)	UNKNOWN STEP	2026-10-07T03:19:47.7250168Z   sparse-checkout-cone-mode: true
test (integration-1)	UNKNOWN STEP	2026-10-07T03:19:47.7250304Z   fetch-depth: 1
test (integration-1)	UNKNOWN STEP	2026-10-07T03:19:47.7250412Z   fetch-tags: false
test (integration-1)	UNKNOWN STEP	2026-10-07T03:19:47.7250524Z   show-progress: true
test (integration-1)	UNKNOWN STEP	2026-10-07T03:19:47.7250649Z   lfs: false
test (integration-1)	UNKNOWN STEP	2026-10-07T03:19:47.7250766Z   submodules: false
test (integration-1)	UNKNOWN STEP	2026-10-07T03:19:47.7250916Z   set-safe-directory: true
test (integration-1)	UNKNOWN STEP	2026-10-07T03:19:47.7251050Z   allow-unsafe-pr-checkout: false
test (integration-1)	UNKNOWN STEP	2026-10-07T03:19:47.7251385Z ##[endgroup]
test (integration-1)	UNKNOWN STEP	2026-10-07T03:19:47.7920676Z Syncing repository: Blackcat-Informatics/purrdf
test (integration-1)	UNKNOWN STEP	2026-10-07T03:19:47.7921602Z ##[group]Getting Git version info
test (integration-1)	UNKNOWN STEP	2026-10-07T03:19:47.7921817Z Working directory is '/home/runner/work/purrdf/purrdf'
test (integration-1)	UNKNOWN STEP	2026-10-07T03:19:47.7922118Z [command]/usr/bin/git version
test (integration-1)	UNKNOWN STEP	2026-10-07T03:19:47.7982412Z git version 2.55.0
test (integration-1)	UNKNOWN STEP	2026-10-07T03:19:47.7994656Z ##[endgroup]
test (integration-1)	UNKNOWN STEP	2026-10-07T03:19:47.8001810Z Temporarily overriding HOME='/home/runner/work/_temp/de1ec162-c34e-4319-8662-34bbda41f87c' before making global git config changes
test (integration-1)	UNKNOWN STEP	2026-10-07T03:19:47.8002483Z Adding repository directory to the temporary git global config as a safe directory
test (integration-1)	UNKNOWN STEP	2026-10-07T03:19:47.8004807Z [command]/usr/bin/git config --global --add safe.directory /home/runner/work/purrdf/purrdf
test (integration-1)	UNKNOWN STEP	2026-10-07T03:19:47.8049646Z Deleting the contents of '/home/runner/work/purrdf/purrdf'
test (integration-1)	UNKNOWN STEP	2026-10-07T03:19:47.8052101Z ##[group]Determining repository object format
test (integration-1)	UNKNOWN STEP	2026-10-07T03:19:47.8053135Z ##[endgroup]
test (integration-1)	UNKNOWN STEP	2026-10-07T03:19:47.8053468Z ##[group]Initializing the repository
test (integration-1)	UNKNOWN STEP	2026-10-07T03:19:47.8055622Z [command]/usr/bin/git init /home/runner/work/purrdf/purrdf
test (integration-1)	UNKNOWN STEP	2026-10-07T03:19:47.8145673Z hint: Using 'master' as the name for the initial branch. This default branch name
test (integration-1)	UNKNOWN STEP	2026-10-07T03:19:47.8146109Z hint: will change to "main" in Git 3.0. To configure the initial branch name
test (integration-1)	UNKNOWN STEP	2026-10-07T03:19:47.8146448Z hint: to use in all of your new repositories, which will suppress this warning,
test (integration-1)	UNKNOWN STEP	2026-10-07T03:19:47.8146715Z hint: call:
test (integration-1)	UNKNOWN STEP	2026-10-07T03:19:47.8146862Z hint:
test (integration-1)	UNKNOWN STEP	2026-10-07T03:19:47.8147099Z hint: 	git config --global init.defaultBranch <name>
test (integration-1)	UNKNOWN STEP	2026-10-07T03:19:47.8147368Z hint:
test (integration-1)	UNKNOWN STEP	2026-10-07T03:19:47.8147632Z hint: Names commonly chosen instead of 'master' are 'main', 'trunk' and
test (integration-1)	UNKNOWN STEP	2026-10-07T03:19:47.8148079Z hint: 'development'. The just-created branch can be renamed via this command:
test (integration-1)	UNKNOWN STEP	2026-10-07T03:19:47.8148405Z hint:
test (integration-1)	UNKNOWN STEP	2026-10-07T03:19:47.8148588Z hint: 	git branch -m <name>
test (integration-1)	UNKNOWN STEP	2026-10-07T03:19:47.8148783Z hint:
test (integration-1)	UNKNOWN STEP	2026-10-07T03:19:47.8149072Z hint: Disable this message with "git config set advice.defaultBranchName false"
test (integration-1)	UNKNOWN STEP	2026-10-07T03:19:47.8149646Z Initialized empty Git repository in /home/runner/work/purrdf/purrdf/.git/
test (integration-1)	UNKNOWN STEP	2026-10-07T03:19:47.8156157Z [command]/usr/bin/git remote add origin https://github.com/Blackcat-Informatics/purrdf
test (integration-1)	UNKNOWN STEP	2026-10-07T03:19:47.8199785Z ##[endgroup]
test (integration-1)	UNKNOWN STEP	2026-10-07T03:19:47.8200246Z ##[group]Disabling automatic garbage collection
test (integration-1)	UNKNOWN STEP	2026-10-07T03:19:47.8202218Z [command]/usr/bin/git config --local gc.auto 0
test (integration-1)	UNKNOWN STEP	2026-10-07T03:19:47.8227562Z ##[endgroup]
test (integration-1)	UNKNOWN STEP	2026-10-07T03:19:47.8227789Z ##[group]Setting up auth
test (integration-1)	UNKNOWN STEP	2026-10-07T03:19:47.8228086Z Removing SSH command configuration
test (integration-1)	UNKNOWN STEP	2026-10-07T03:19:47.8232604Z [command]/usr/bin/git config --local --name-only --get-regexp core\.sshCommand
test (integration-1)	UNKNOWN STEP	2026-10-07T03:19:47.8257277Z [command]/usr/bin/git submodule foreach --recursive sh -c "git config --local --name-only --get-regexp 'core\.sshCommand' && git config --local --unset-all 'core.sshCommand' || :"
test (integration-1)	UNKNOWN STEP	2026-10-07T03:19:47.8558839Z Removing HTTP extra header
test (integration-1)	UNKNOWN STEP	2026-10-07T03:19:47.8564279Z [command]/usr/bin/git config --local --name-only --get-regexp http\.https\:\/\/github\.com\/\.extraheader
test (integration-1)	UNKNOWN STEP	2026-10-07T03:19:47.8596730Z [command]/usr/bin/git submodule foreach --recursive sh -c "git config --local --name-only --get-regexp 'http\.https\:\/\/github\.com\/\.extraheader' && git config --local --unset-all 'http.https://github.com/.extraheader' || :"
test (integration-1)	UNKNOWN STEP	2026-10-07T03:19:47.8764411Z Removing includeIf entries pointing to credentials config files
test (integration-1)	UNKNOWN STEP	2026-10-07T03:19:47.8768825Z [command]/usr/bin/git config --local --name-only --get-regexp ^includeIf\.gitdir:
test (integration-1)	UNKNOWN STEP	2026-10-07T03:19:47.8793998Z [command]/usr/bin/git submodule foreach --recursive git config --local --show-origin --name-only --get-regexp remote.origin.url
test (integration-1)	UNKNOWN STEP	2026-10-07T03:19:47.8968213Z [command]/usr/bin/git config --file /home/runner/work/_temp/git-credentials-ed2bcc6f-be70-418c-b93c-11f3216eeb43.config http.https://github.com/.extraheader AUTHORIZATION: basic ***
test (integration-1)	UNKNOWN STEP	2026-10-07T03:19:47.8997035Z [command]/usr/bin/git config --local includeIf.gitdir:/home/runner/work/purrdf/purrdf/.git.path /home/runner/work/_temp/git-credentials-ed2bcc6f-be70-418c-b93c-11f3216eeb43.config
test (integration-1)	UNKNOWN STEP	2026-10-07T03:19:47.9022048Z [command]/usr/bin/git config --local includeIf.gitdir:/home/runner/work/purrdf/purrdf/.git/worktrees/*.path /home/runner/work/_temp/git-credentials-ed2bcc6f-be70-418c-b93c-11f3216eeb43.config
test (integration-1)	UNKNOWN STEP	2026-10-07T03:19:47.9048739Z [command]/usr/bin/git config --local includeIf.gitdir:/github/workspace/.git.path /github/runner_temp/git-credentials-ed2bcc6f-be70-418c-b93c-11f3216eeb43.config
test (integration-1)	UNKNOWN STEP	2026-10-07T03:19:47.9073834Z [command]/usr/bin/git config --local includeIf.gitdir:/github/workspace/.git/worktrees/*.path /github/runner_temp/git-credentials-ed2bcc6f-be70-418c-b93c-11f3216eeb43.config
test (integration-1)	UNKNOWN STEP	2026-10-07T03:19:47.9094194Z ##[endgroup]
test (integration-1)	UNKNOWN STEP	2026-10-07T03:19:47.9094538Z ##[group]Fetching the repository
test (integration-1)	UNKNOWN STEP	2026-10-07T03:19:47.9099147Z [command]/usr/bin/git -c protocol.version=2 fetch --no-tags --prune --no-recurse-submodules --depth=1 origin +9198fa8786754dc2fa26e6af52e5271fb897ecaa:refs/remotes/pull/448/merge
test (integration-1)	UNKNOWN STEP	2026-10-07T03:19:50.1396826Z From https://github.com/Blackcat-Informatics/purrdf
test (integration-1)	UNKNOWN STEP	2026-10-07T03:19:50.1397790Z  * [new ref]           9198fa8786754dc2fa26e6af52e5271fb897ecaa -> pull/448/merge
test (integration-1)	UNKNOWN STEP	2026-10-07T03:19:50.1401016Z ##[endgroup]
test (integration-1)	UNKNOWN STEP	2026-10-07T03:19:50.1401439Z ##[group]Determining the checkout info
test (integration-1)	UNKNOWN STEP	2026-10-07T03:19:50.1401913Z ##[endgroup]
test (integration-1)	UNKNOWN STEP	2026-10-07T03:19:50.1406451Z [command]/usr/bin/git sparse-checkout disable
test (integration-1)	UNKNOWN STEP	2026-10-07T03:19:50.1453117Z [command]/usr/bin/git config --local --unset-all extensions.worktreeConfig
test (integration-1)	UNKNOWN STEP	2026-10-07T03:19:50.1478433Z ##[group]Checking out the ref
test (integration-1)	UNKNOWN STEP	2026-10-07T03:19:50.1481135Z [command]/usr/bin/git checkout --progress --force refs/remotes/pull/448/merge
test (integration-1)	UNKNOWN STEP	2026-10-07T03:19:51.1145581Z Note: switching to 'refs/remotes/pull/448/merge'.
test (integration-1)	UNKNOWN STEP	2026-10-07T03:19:51.1145865Z 
test (integration-1)	UNKNOWN STEP	2026-10-07T03:19:51.1146079Z You are in 'detached HEAD' state. You can look around, make experimental
test (integration-1)	UNKNOWN STEP	2026-10-07T03:19:51.1146522Z changes and commit them, and you can discard any commits you make in this
test (integration-1)	UNKNOWN STEP	2026-10-07T03:19:51.1146965Z state without impacting any branches by switching back to a branch.
test (integration-1)	UNKNOWN STEP	2026-10-07T03:19:51.1147128Z 
test (integration-1)	UNKNOWN STEP	2026-10-07T03:19:51.1147283Z If you want to create a new branch to retain commits you create, you may
test (integration-1)	UNKNOWN STEP	2026-10-07T03:19:51.1147536Z do so (now or later) by using -c with the switch command. Example:
test (integration-1)	UNKNOWN STEP	2026-10-07T03:19:51.1147679Z 
test (integration-1)	UNKNOWN STEP	2026-10-07T03:19:51.1147749Z   git switch -c <new-branch-name>
test (integration-1)	UNKNOWN STEP	2026-10-07T03:19:51.1147852Z 
test (integration-1)	UNKNOWN STEP	2026-10-07T03:19:51.1147915Z Or undo this operation with:
test (integration-1)	UNKNOWN STEP	2026-10-07T03:19:51.1148009Z 
test (integration-1)	UNKNOWN STEP	2026-10-07T03:19:51.1148062Z   git switch -
test (integration-1)	UNKNOWN STEP	2026-10-07T03:19:51.1148180Z 
test (integration-1)	UNKNOWN STEP	2026-10-07T03:19:51.1148302Z Turn off this advice by setting config variable advice.detachedHead to false
test (integration-1)	UNKNOWN STEP	2026-10-07T03:19:51.1148474Z 
test (integration-1)	UNKNOWN STEP	2026-10-07T03:19:51.1148673Z HEAD is now at 9198fa87 Merge 9e9e67c80d832175bdafb8e938d7abae00486f8b into dfc0c21adabe557e5d11f027aaf2576bddbe1dd6
test (integration-1)	UNKNOWN STEP	2026-10-07T03:19:51.1178043Z ##[endgroup]
test (integration-1)	UNKNOWN STEP	2026-10-07T03:19:51.1220960Z [command]/usr/bin/git log -1 --format=%H
test (integration-1)	UNKNOWN STEP	2026-10-07T03:19:51.1244465Z 9198fa8786754dc2fa26e6af52e5271fb897ecaa
test (integration-1)	UNKNOWN STEP	2026-10-07T03:19:51.1253234Z ##[group]Removing auth
test (integration-1)	UNKNOWN STEP	2026-10-07T03:19:51.1253806Z Removing SSH command configuration
test (integration-1)	UNKNOWN STEP	2026-10-07T03:19:51.1256763Z [command]/usr/bin/git config --local --name-only --get-regexp core\.sshCommand
test (integration-1)	UNKNOWN STEP	2026-10-07T03:19:51.1284238Z [command]/usr/bin/git submodule foreach --recursive sh -c "git config --local --name-only --get-regexp 'core\.sshCommand' && git config --local --unset-all 'core.sshCommand' || :"
test (integration-1)	UNKNOWN STEP	2026-10-07T03:19:51.1474355Z Removing HTTP extra header
test (integration-1)	UNKNOWN STEP	2026-10-07T03:19:51.1476401Z [command]/usr/bin/git config --local --name-only --get-regexp http\.https\:\/\/github\.com\/\.extraheader
test (integration-1)	UNKNOWN STEP	2026-10-07T03:19:51.1506672Z [command]/usr/bin/git submodule foreach --recursive sh -c "git config --local --name-only --get-regexp 'http\.https\:\/\/github\.com\/\.extraheader' && git config --local --unset-all 'http.https://github.com/.extraheader' || :"
test (integration-1)	UNKNOWN STEP	2026-10-07T03:19:51.1694502Z Removing includeIf entries pointing to credentials config files
test (integration-1)	UNKNOWN STEP	2026-10-07T03:19:51.1697093Z [command]/usr/bin/git config --local --name-only --get-regexp ^includeIf\.gitdir:
test (integration-1)	UNKNOWN STEP	2026-10-07T03:19:51.1724585Z includeif.gitdir:/home/runner/work/purrdf/purrdf/.git.path
test (integration-1)	UNKNOWN STEP	2026-10-07T03:19:51.1725188Z includeif.gitdir:/home/runner/work/purrdf/purrdf/.git/worktrees/*.path
test (integration-1)	UNKNOWN STEP	2026-10-07T03:19:51.1725689Z includeif.gitdir:/github/workspace/.git.path
test (integration-1)	UNKNOWN STEP	2026-10-07T03:19:51.1726002Z includeif.gitdir:/github/workspace/.git/worktrees/*.path
test (integration-1)	UNKNOWN STEP	2026-10-07T03:19:51.1732831Z [command]/usr/bin/git config --local --get-all includeif.gitdir:/home/runner/work/purrdf/purrdf/.git.path
test (integration-1)	UNKNOWN STEP	2026-10-07T03:19:51.1752295Z /home/runner/work/_temp/git-credentials-ed2bcc6f-be70-418c-b93c-11f3216eeb43.config
test (integration-1)	UNKNOWN STEP	2026-10-07T03:19:51.1761561Z [command]/usr/bin/git config --local --unset includeif.gitdir:/home/runner/work/purrdf/purrdf/.git.path /home/runner/work/_temp/git-credentials-ed2bcc6f-be70-418c-b93c-11f3216eeb43.config
test (integration-1)	UNKNOWN STEP	2026-10-07T03:19:51.1797748Z [command]/usr/bin/git config --local --get-all includeif.gitdir:/home/runner/work/purrdf/purrdf/.git/worktrees/*.path
test (integration-1)	UNKNOWN STEP	2026-10-07T03:19:51.1817185Z /home/runner/work/_temp/git-credentials-ed2bcc6f-be70-418c-b93c-11f3216eeb43.config
test (integration-1)	UNKNOWN STEP	2026-10-07T03:19:51.1823998Z [command]/usr/bin/git config --local --unset includeif.gitdir:/home/runner/work/purrdf/purrdf/.git/worktrees/*.path /home/runner/work/_temp/git-credentials-ed2bcc6f-be70-418c-b93c-11f3216eeb43.config
test (integration-1)	UNKNOWN STEP	2026-10-07T03:19:51.1852831Z [command]/usr/bin/git config --local --get-all includeif.gitdir:/github/workspace/.git.path
test (integration-1)	UNKNOWN STEP	2026-10-07T03:19:51.1870530Z /github/runner_temp/git-credentials-ed2bcc6f-be70-418c-b93c-11f3216eeb43.config
test (integration-1)	UNKNOWN STEP	2026-10-07T03:19:51.1877238Z [command]/usr/bin/git config --local --unset includeif.gitdir:/github/workspace/.git.path /github/runner_temp/git-credentials-ed2bcc6f-be70-418c-b93c-11f3216eeb43.config
test (integration-1)	UNKNOWN STEP	2026-10-07T03:19:51.1906933Z [command]/usr/bin/git config --local --get-all includeif.gitdir:/github/workspace/.git/worktrees/*.path
test (integration-1)	UNKNOWN STEP	2026-10-07T03:19:51.1924712Z /github/runner_temp/git-credentials-ed2bcc6f-be70-418c-b93c-11f3216eeb43.config
test (integration-1)	UNKNOWN STEP	2026-10-07T03:19:51.1933932Z [command]/usr/bin/git config --local --unset includeif.gitdir:/github/workspace/.git/worktrees/*.path /github/runner_temp/git-credentials-ed2bcc6f-be70-418c-b93c-11f3216eeb43.config
test (integration-1)	UNKNOWN STEP	2026-10-07T03:19:51.1959186Z [command]/usr/bin/git submodule foreach --recursive git config --local --show-origin --name-only --get-regexp remote.origin.url
test (integration-1)	UNKNOWN STEP	2026-10-07T03:19:51.2137270Z Removing credentials config '/home/runner/work/_temp/git-credentials-ed2bcc6f-be70-418c-b93c-11f3216eeb43.config'
test (integration-1)	UNKNOWN STEP	2026-10-07T03:19:51.2145319Z ##[endgroup]
test (integration-1)	UNKNOWN STEP	2026-10-07T03:19:51.2321342Z ##[group]Run dtolnay/rust-toolchain@29eef336d9b2848a0b548edc03f92a220660cdb8
test (integration-1)	UNKNOWN STEP	2026-10-07T03:19:51.2321571Z with:
test (integration-1)	UNKNOWN STEP	2026-10-07T03:19:51.2321682Z   toolchain: nightly
test (integration-1)	UNKNOWN STEP	2026-10-07T03:19:51.2321807Z ##[endgroup]
test (integration-1)	UNKNOWN STEP	2026-10-07T03:19:51.2382865Z ##[start-action display=Run : parse toolchain version;id=__dtolnay_rust-toolchain.parse]
test (integration-1)	UNKNOWN STEP	2026-10-07T03:19:51.2405662Z ##[group]Run : parse toolchain version
test (integration-1)	UNKNOWN STEP	2026-10-07T03:19:51.2405895Z ^[[36;1m: parse toolchain version^[[0m
test (integration-1)	UNKNOWN STEP	2026-10-07T03:19:51.2406047Z ^[[36;1mif [[ -z $toolchain ]]; then^[[0m
test (integration-1)	UNKNOWN STEP	2026-10-07T03:19:51.2406329Z ^[[36;1m  # GitHub does not enforce `required: true` inputs itself. https://github.com/actions/runner/issues/1070^[[0m
test (integration-1)	UNKNOWN STEP	2026-10-07T03:19:51.2406620Z ^[[36;1m  echo "'toolchain' is a required input" >&2^[[0m
test (integration-1)	UNKNOWN STEP	2026-10-07T03:19:51.2406780Z ^[[36;1m  exit 1^[[0m
test (integration-1)	UNKNOWN STEP	2026-10-07T03:19:51.2406968Z ^[[36;1melif [[ $toolchain =~ ^stable' '[0-9]+' '(year|month|week|day)s?' 'ago$ ]]; then^[[0m
test (integration-1)	UNKNOWN STEP	2026-10-07T03:19:51.2407222Z ^[[36;1m  if [[ Linux == macOS ]]; then^[[0m
test (integration-1)	UNKNOWN STEP	2026-10-07T03:19:51.2407511Z ^[[36;1m    echo "toolchain=1.$((($(date -v-$(sed 's/stable \([0-9]*\) \(.\).*/\1\2/' <<< $toolchain) +%s)/60/60/24-16569)/7/6))" >> $GITHUB_OUTPUT^[[0m
test (integration-1)	UNKNOWN STEP	2026-10-07T03:19:51.2407779Z ^[[36;1m  else^[[0m
test (integration-1)	UNKNOWN STEP	2026-10-07T03:19:51.2407996Z ^[[36;1m    echo "toolchain=1.$((($(date --date "${toolchain#stable }" +%s)/60/60/24-16569)/7/6))" >> $GITHUB_OUTPUT^[[0m
test (integration-1)	UNKNOWN STEP	2026-10-07T03:19:51.2408235Z ^[[36;1m  fi^[[0m
test (integration-1)	UNKNOWN STEP	2026-10-07T03:19:51.2408531Z ^[[36;1melif [[ $toolchain =~ ^stable' 'minus' '[0-9]+' 'releases?$ ]]; then^[[0m
test (integration-1)	UNKNOWN STEP	2026-10-07T03:19:51.2408814Z ^[[36;1m  echo "toolchain=1.$((($(date +%s)/60/60/24-16569)/7/6-${toolchain//[^0-9]/}))" >> $GITHUB_OUTPUT^[[0m
test (integration-1)	UNKNOWN STEP	2026-10-07T03:19:51.2409060Z ^[[36;1melif [[ $toolchain =~ ^1\.[0-9]+$ ]]; then^[[0m
test (integration-1)	UNKNOWN STEP	2026-10-07T03:19:51.2409342Z ^[[36;1m  echo "toolchain=1.$((i=${toolchain#1.}, c=($(date +%s)/60/60/24-16569)/7/6, i+9*i*(10*i<=c)+90*i*(100*i<=c)))" >> $GITHUB_OUTPUT^[[0m
test (integration-1)	UNKNOWN STEP	2026-10-07T03:19:51.2409604Z ^[[36;1melse^[[0m
test (integration-1)	UNKNOWN STEP	2026-10-07T03:19:51.2409741Z ^[[36;1m  echo "toolchain=$toolchain" >> $GITHUB_OUTPUT^[[0m
test (integration-1)	UNKNOWN STEP	2026-10-07T03:19:51.2410075Z ^[[36;1mfi^[[0m
test (integration-1)	UNKNOWN STEP	2026-10-07T03:19:51.2462835Z shell: /usr/bin/bash --noprofile --norc -e -o pipefail {0}
test (integration-1)	UNKNOWN STEP	2026-10-07T03:19:51.2463028Z env:
test (integration-1)	UNKNOWN STEP	2026-10-07T03:19:51.2463141Z   toolchain: nightly
test (integration-1)	UNKNOWN STEP	2026-10-07T03:19:51.2463263Z ##[endgroup]
test (integration-1)	UNKNOWN STEP	2026-10-07T03:19:51.2554427Z ##[end-action id=__dtolnay_rust-toolchain.parse;outcome=success;conclusion=success;duration_ms=17]
test (integration-1)	UNKNOWN STEP	2026-10-07T03:19:51.2570297Z ##[start-action display=Run : construct rustup command line;id=__dtolnay_rust-toolchain.flags]
test (integration-1)	UNKNOWN STEP	2026-10-07T03:19:51.2586521Z ##[group]Run : construct rustup command line
test (integration-1)	UNKNOWN STEP	2026-10-07T03:19:51.2586725Z ^[[36;1m: construct rustup command line^[[0m
test (integration-1)	UNKNOWN STEP	2026-10-07T03:19:51.2586980Z ^[[36;1mecho "targets=$(for t in ${targets//,/ }; do echo -n ' --target' $t; done)" >> $GITHUB_OUTPUT^[[0m
test (integration-1)	UNKNOWN STEP	2026-10-07T03:19:51.2587326Z ^[[36;1mecho "components=$(for c in ${components//,/ }; do echo -n ' --component' $c; done)" >> $GITHUB_OUTPUT^[[0m
test (integration-1)	UNKNOWN STEP	2026-10-07T03:19:51.2587600Z ^[[36;1mecho "downgrade=" >> $GITHUB_OUTPUT^[[0m
test (integration-1)	UNKNOWN STEP	2026-10-07T03:19:51.2639092Z shell: /usr/bin/bash --noprofile --norc -e -o pipefail {0}
test (integration-1)	UNKNOWN STEP	2026-10-07T03:19:51.2639279Z env:
test (integration-1)	UNKNOWN STEP	2026-10-07T03:19:51.2639391Z   targets: 
test (integration-1)	UNKNOWN STEP	2026-10-07T03:19:51.2639514Z   components: 
test (integration-1)	UNKNOWN STEP	2026-10-07T03:19:51.2639628Z ##[endgroup]
test (integration-1)	UNKNOWN STEP	2026-10-07T03:19:51.2722514Z ##[end-action id=__dtolnay_rust-toolchain.flags;outcome=success;conclusion=success;duration_ms=15]
test (integration-1)	UNKNOWN STEP	2026-10-07T03:19:51.2726024Z ##[start-action display=Run : set $CARGO_HOME;id=__dtolnay_rust-toolchain.__run]
test (integration-1)	UNKNOWN STEP	2026-10-07T03:19:51.2765070Z ##[group]Run : set $CARGO_HOME
test (integration-1)	UNKNOWN STEP	2026-10-07T03:19:51.2765247Z ^[[36;1m: set $CARGO_HOME^[[0m
test (integration-1)	UNKNOWN STEP	2026-10-07T03:19:51.2765430Z ^[[36;1mecho CARGO_HOME=${CARGO_HOME:-"$HOME/.cargo"} >> $GITHUB_ENV^[[0m
test (integration-1)	UNKNOWN STEP	2026-10-07T03:19:51.2817534Z shell: /usr/bin/bash --noprofile --norc -e -o pipefail {0}
test (integration-1)	UNKNOWN STEP	2026-10-07T03:19:51.2817730Z ##[endgroup]
test (integration-1)	UNKNOWN STEP	2026-10-07T03:19:51.2897001Z ##[end-action id=__dtolnay_rust-toolchain.__run;outcome=success;conclusion=success;duration_ms=17]
test (integration-1)	UNKNOWN STEP	2026-10-07T03:19:51.2899056Z ##[start-action display=Run : install rustup if needed;id=__dtolnay_rust-toolchain.__run_2]
test (integration-1)	UNKNOWN STEP	2026-10-07T03:19:51.2994611Z ##[group]Run : install rustup if needed
test (integration-1)	UNKNOWN STEP	2026-10-07T03:19:51.2994835Z ^[[36;1m: install rustup if needed^[[0m
test (integration-1)	UNKNOWN STEP	2026-10-07T03:19:51.2995000Z ^[[36;1mif ! command -v rustup &>/dev/null; then^[[0m
test (integration-1)	UNKNOWN STEP	2026-10-07T03:19:51.2995425Z ^[[36;1m  curl --proto '=https' --tlsv1.2 --retry 10 --retry-connrefused --location --silent --show-error --fail https://sh.rustup.rs | sh -s -- --default-toolchain none -y^[[0m
test (integration-1)	UNKNOWN STEP	2026-10-07T03:19:51.2995830Z ^[[36;1m  echo "$CARGO_HOME/bin" >> $GITHUB_PATH^[[0m
test (integration-1)	UNKNOWN STEP	2026-10-07T03:19:51.2995984Z ^[[36;1mfi^[[0m
test (integration-1)	UNKNOWN STEP	2026-10-07T03:19:51.3048303Z shell: /usr/bin/bash --noprofile --norc -e -o pipefail {0}
test (integration-1)	UNKNOWN STEP	2026-10-07T03:19:51.3048493Z env:
test (integration-1)	UNKNOWN STEP	2026-10-07T03:19:51.3048616Z   CARGO_HOME: /home/runner/.cargo
test (integration-1)	UNKNOWN STEP	2026-10-07T03:19:51.3048759Z ##[endgroup]
test (integration-1)	UNKNOWN STEP	2026-10-07T03:19:51.3122504Z ##[end-action id=__dtolnay_rust-toolchain.__run_2;outcome=success;conclusion=success;duration_ms=22]
test (integration-1)	UNKNOWN STEP	2026-10-07T03:19:51.3126523Z ##[start-action display=Run : install rustup if needed on windows;id=__dtolnay_rust-toolchain.__run_3]
test (integration-1)	UNKNOWN STEP	2026-10-07T03:19:51.3132904Z ##[end-action id=__dtolnay_rust-toolchain.__run_3;outcome=skipped;conclusion=skipped;duration_ms=0]
test (integration-1)	UNKNOWN STEP	2026-10-07T03:19:51.3135276Z ##[start-action display=rustup toolchain install nightly;id=__dtolnay_rust-toolchain.__run_4]
test (integration-1)	UNKNOWN STEP	2026-10-07T03:19:51.3152002Z ##[group]Run rustup toolchain install nightly --profile minimal --no-self-update
test (integration-1)	UNKNOWN STEP	2026-10-07T03:19:51.3152475Z ^[[36;1mrustup toolchain install nightly --profile minimal --no-self-update^[[0m
test (integration-1)	UNKNOWN STEP	2026-10-07T03:19:51.3204958Z shell: /usr/bin/bash --noprofile --norc -e -o pipefail {0}
test (integration-1)	UNKNOWN STEP	2026-10-07T03:19:51.3205147Z env:
test (integration-1)	UNKNOWN STEP	2026-10-07T03:19:51.3205267Z   CARGO_HOME: /home/runner/.cargo
test (integration-1)	UNKNOWN STEP	2026-10-07T03:19:51.3205416Z   RUSTUP_PERMIT_COPY_RENAME: 1
test (integration-1)	UNKNOWN STEP	2026-10-07T03:19:51.3205552Z ##[endgroup]
test (integration-1)	UNKNOWN STEP	2026-10-07T03:19:51.3711211Z info: syncing channel updates for nightly-x86_64-unknown-linux-gnu
test (integration-1)	UNKNOWN STEP	2026-10-07T03:19:51.5106762Z info: latest update on 2026-10-07 for version 1.101.0-nightly (8d1a76430 2026-10-06)
test (integration-1)	UNKNOWN STEP	2026-10-07T03:19:51.5107051Z info: downloading 3 components
test (integration-1)	UNKNOWN STEP	2026-10-07T03:19:58.0110680Z 
test (integration-1)	UNKNOWN STEP	2026-10-07T03:19:58.0167328Z   nightly-x86_64-unknown-linux-gnu installed - rustc 1.101.0-nightly (8d1a76430 2026-10-06)
test (integration-1)	UNKNOWN STEP	2026-10-07T03:19:58.0167589Z 
test (integration-1)	UNKNOWN STEP	2026-10-07T03:19:58.0226703Z ##[end-action id=__dtolnay_rust-toolchain.__run_4;outcome=success;conclusion=success;duration_ms=6709]
test (integration-1)	UNKNOWN STEP	2026-10-07T03:19:58.0232248Z ##[start-action display=Run rustup default nightly;id=__dtolnay_rust-toolchain.__run_5]
test (integration-1)	UNKNOWN STEP	2026-10-07T03:19:58.0248498Z ##[group]Run rustup default nightly
test (integration-1)	UNKNOWN STEP	2026-10-07T03:19:58.0248689Z ^[[36;1mrustup default nightly^[[0m
test (integration-1)	UNKNOWN STEP	2026-10-07T03:19:58.0300504Z shell: /usr/bin/bash --noprofile --norc -e -o pipefail {0}
test (integration-1)	UNKNOWN STEP	2026-10-07T03:19:58.0300690Z env:
test (integration-1)	UNKNOWN STEP	2026-10-07T03:19:58.0300806Z   CARGO_HOME: /home/runner/.cargo
test (integration-1)	UNKNOWN STEP	2026-10-07T03:19:58.0300947Z ##[endgroup]
test (integration-1)	UNKNOWN STEP	2026-10-07T03:19:58.0400193Z info: using existing install for nightly-x86_64-unknown-linux-gnu
test (integration-1)	UNKNOWN STEP	2026-10-07T03:19:58.0406550Z info: default toolchain set to nightly-x86_64-unknown-linux-gnu
test (integration-1)	UNKNOWN STEP	2026-10-07T03:19:58.0406781Z 
test (integration-1)	UNKNOWN STEP	2026-10-07T03:19:58.0460083Z   nightly-x86_64-unknown-linux-gnu unchanged - rustc 1.101.0-nightly (8d1a76430 2026-10-06)
test (integration-1)	UNKNOWN STEP	2026-10-07T03:19:58.0460400Z 
test (integration-1)	UNKNOWN STEP	2026-10-07T03:19:58.0461627Z info: note that the toolchain 'nightly-x86_64-unknown-linux-gnu' is currently in use (overridden by '/home/runner/work/purrdf/purrdf/rust-toolchain.toml')
test (integration-1)	UNKNOWN STEP	2026-10-07T03:19:58.0476588Z ##[end-action id=__dtolnay_rust-toolchain.__run_5;outcome=success;conclusion=success;duration_ms=24]
test (integration-1)	UNKNOWN STEP	2026-10-07T03:19:58.0480714Z ##[start-action display=Run : create cachekey;id=__dtolnay_rust-toolchain.rustc-version]
test (integration-1)	UNKNOWN STEP	2026-10-07T03:19:58.0495788Z ##[group]Run : create cachekey
test (integration-1)	UNKNOWN STEP	2026-10-07T03:19:58.0495983Z ^[[36;1m: create cachekey^[[0m
test (integration-1)	UNKNOWN STEP	2026-10-07T03:19:58.0496276Z ^[[36;1mDATE=$(rustc +nightly --version --verbose | sed -ne 's/^commit-date: \(20[0-9][0-9]\)-\([01][0-9]\)-\([0-3][0-9]\)$/\1\2\3/p')^[[0m
test (integration-1)	UNKNOWN STEP	2026-10-07T03:19:58.0496791Z ^[[36;1mHASH=$(rustc +nightly --version --verbose | sed -ne 's/^commit-hash: //p')^[[0m
test (integration-1)	UNKNOWN STEP	2026-10-07T03:19:58.0497074Z ^[[36;1mecho "cachekey=$(echo $DATE$HASH | head -c12)" >> $GITHUB_OUTPUT^[[0m
test (integration-1)	UNKNOWN STEP	2026-10-07T03:19:58.0548409Z shell: /usr/bin/bash --noprofile --norc -e -o pipefail {0}
test (integration-1)	UNKNOWN STEP	2026-10-07T03:19:58.0548594Z env:
test (integration-1)	UNKNOWN STEP	2026-10-07T03:19:58.0548712Z   CARGO_HOME: /home/runner/.cargo
test (integration-1)	UNKNOWN STEP	2026-10-07T03:19:58.0548857Z ##[endgroup]
test (integration-1)	UNKNOWN STEP	2026-10-07T03:19:58.0819722Z ##[end-action id=__dtolnay_rust-toolchain.rustc-version;outcome=success;conclusion=success;duration_ms=33]
test (integration-1)	UNKNOWN STEP	2026-10-07T03:19:58.0821963Z ##[start-action display=Run : disable incremental compilation;id=__dtolnay_rust-toolchain.__run_6]
test (integration-1)	UNKNOWN STEP	2026-10-07T03:19:58.0837402Z ##[group]Run : disable incremental compilation
test (integration-1)	UNKNOWN STEP	2026-10-07T03:19:58.0837610Z ^[[36;1m: disable incremental compilation^[[0m
test (integration-1)	UNKNOWN STEP	2026-10-07T03:19:58.0837792Z ^[[36;1mif [ -z "${CARGO_INCREMENTAL+set}" ]; then^[[0m
test (integration-1)	UNKNOWN STEP	2026-10-07T03:19:58.0837979Z ^[[36;1m  echo CARGO_INCREMENTAL=0 >> $GITHUB_ENV^[[0m
test (integration-1)	UNKNOWN STEP	2026-10-07T03:19:58.0838137Z ^[[36;1mfi^[[0m
test (integration-1)	UNKNOWN STEP	2026-10-07T03:19:58.0888660Z shell: /usr/bin/bash --noprofile --norc -e -o pipefail {0}
test (integration-1)	UNKNOWN STEP	2026-10-07T03:19:58.0888842Z env:
test (integration-1)	UNKNOWN STEP	2026-10-07T03:19:58.0888962Z   CARGO_HOME: /home/runner/.cargo
test (integration-1)	UNKNOWN STEP	2026-10-07T03:19:58.0889105Z ##[endgroup]
test (integration-1)	UNKNOWN STEP	2026-10-07T03:19:58.0953224Z ##[end-action id=__dtolnay_rust-toolchain.__run_6;outcome=success;conclusion=success;duration_ms=13]
test (integration-1)	UNKNOWN STEP	2026-10-07T03:19:58.0954642Z ##[start-action display=Run : enable colors in Cargo output;id=__dtolnay_rust-toolchain.__run_7]
test (integration-1)	UNKNOWN STEP	2026-10-07T03:19:58.0968656Z ##[group]Run : enable colors in Cargo output
test (integration-1)	UNKNOWN STEP	2026-10-07T03:19:58.0968848Z ^[[36;1m: enable colors in Cargo output^[[0m
test (integration-1)	UNKNOWN STEP	2026-10-07T03:19:58.0969023Z ^[[36;1mif [ -z "${CARGO_TERM_COLOR+set}" ]; then^[[0m
test (integration-1)	UNKNOWN STEP	2026-10-07T03:19:58.0969213Z ^[[36;1m  echo CARGO_TERM_COLOR=always >> $GITHUB_ENV^[[0m
test (integration-1)	UNKNOWN STEP	2026-10-07T03:19:58.0969376Z ^[[36;1mfi^[[0m
test (integration-1)	UNKNOWN STEP	2026-10-07T03:19:58.1014371Z shell: /usr/bin/bash --noprofile --norc -e -o pipefail {0}
test (integration-1)	UNKNOWN STEP	2026-10-07T03:19:58.1014558Z env:
test (integration-1)	UNKNOWN STEP	2026-10-07T03:19:58.1014677Z   CARGO_HOME: /home/runner/.cargo
test (integration-1)	UNKNOWN STEP	2026-10-07T03:19:58.1014834Z   CARGO_INCREMENTAL: 0
test (integration-1)	UNKNOWN STEP	2026-10-07T03:19:58.1014957Z ##[endgroup]
test (integration-1)	UNKNOWN STEP	2026-10-07T03:19:58.1081384Z ##[end-action id=__dtolnay_rust-toolchain.__run_7;outcome=success;conclusion=success;duration_ms=12]
test (integration-1)	UNKNOWN STEP	2026-10-07T03:19:58.1084962Z ##[start-action display=Run : enable Cargo sparse registry;id=__dtolnay_rust-toolchain.__run_8]
test (integration-1)	UNKNOWN STEP	2026-10-07T03:19:58.1099184Z ##[group]Run : enable Cargo sparse registry
test (integration-1)	UNKNOWN STEP	2026-10-07T03:19:58.1099394Z ^[[36;1m: enable Cargo sparse registry^[[0m
test (integration-1)	UNKNOWN STEP	2026-10-07T03:19:58.1099596Z ^[[36;1m# implemented in 1.66, stabilized in 1.68, made default in 1.70^[[0m
test (integration-1)	UNKNOWN STEP	2026-10-07T03:19:58.1100141Z ^[[36;1mif [ -z "${CARGO_REGISTRIES_CRATES_IO_PROTOCOL+set}" -o -f "/home/runner/work/_temp"/.implicit_cargo_registries_crates_io_protocol ]; then^[[0m
test (integration-1)	UNKNOWN STEP	2026-10-07T03:19:58.1100546Z ^[[36;1m  if rustc +nightly --version --verbose | grep -q '^release: 1\.6[89]\.'; then^[[0m
test (integration-1)	UNKNOWN STEP	2026-10-07T03:19:58.1100865Z ^[[36;1m    touch "/home/runner/work/_temp"/.implicit_cargo_registries_crates_io_protocol || true^[[0m
test (integration-1)	UNKNOWN STEP	2026-10-07T03:19:58.1101171Z ^[[36;1m    echo CARGO_REGISTRIES_CRATES_IO_PROTOCOL=sparse >> $GITHUB_ENV^[[0m
test (integration-1)	UNKNOWN STEP	2026-10-07T03:19:58.1101448Z ^[[36;1m  elif rustc +nightly --version --verbose | grep -q '^release: 1\.6[67]\.'; then^[[0m
test (integration-1)	UNKNOWN STEP	2026-10-07T03:19:58.1101756Z ^[[36;1m    touch "/home/runner/work/_temp"/.implicit_cargo_registries_crates_io_protocol || true^[[0m
test (integration-1)	UNKNOWN STEP	2026-10-07T03:19:58.1102037Z ^[[36;1m    echo CARGO_REGISTRIES_CRATES_IO_PROTOCOL=git >> $GITHUB_ENV^[[0m
test (integration-1)	UNKNOWN STEP	2026-10-07T03:19:58.1102234Z ^[[36;1m  fi^[[0m
test (integration-1)	UNKNOWN STEP	2026-10-07T03:19:58.1102341Z ^[[36;1mfi^[[0m
test (integration-1)	UNKNOWN STEP	2026-10-07T03:19:58.1145948Z shell: /usr/bin/bash --noprofile --norc -e -o pipefail {0}
test (integration-1)	UNKNOWN STEP	2026-10-07T03:19:58.1146134Z env:
test (integration-1)	UNKNOWN STEP	2026-10-07T03:19:58.1146250Z   CARGO_HOME: /home/runner/.cargo
test (integration-1)	UNKNOWN STEP	2026-10-07T03:19:58.1146394Z   CARGO_INCREMENTAL: 0
test (integration-1)	UNKNOWN STEP	2026-10-07T03:19:58.1146518Z   CARGO_TERM_COLOR: always
test (integration-1)	UNKNOWN STEP	2026-10-07T03:19:58.1146644Z ##[endgroup]
test (integration-1)	UNKNOWN STEP	2026-10-07T03:19:58.1402748Z ##[end-action id=__dtolnay_rust-toolchain.__run_8;outcome=success;conclusion=success;duration_ms=31]
test (integration-1)	UNKNOWN STEP	2026-10-07T03:19:58.1406873Z ##[start-action display=Run : work around spurious network errors in curl 8.0;id=__dtolnay_rust-toolchain.__run_9]
test (integration-1)	UNKNOWN STEP	2026-10-07T03:19:58.1439118Z ##[group]Run : work around spurious network errors in curl 8.0
test (integration-1)	UNKNOWN STEP	2026-10-07T03:19:58.1439386Z ^[[36;1m: work around spurious network errors in curl 8.0^[[0m
test (integration-1)	UNKNOWN STEP	2026-10-07T03:19:58.1439700Z ^[[36;1m# https://rust-lang.zulipchat.com/#narrow/stream/246057-t-cargo/topic/timeout.20investigation^[[0m
test (integration-1)	UNKNOWN STEP	2026-10-07T03:19:58.1440223Z ^[[36;1mif rustc +nightly --version --verbose | grep -q '^release: 1\.7[01]\.'; then^[[0m
test (integration-1)	UNKNOWN STEP	2026-10-07T03:19:58.1440477Z ^[[36;1m  echo CARGO_HTTP_MULTIPLEXING=false >> $GITHUB_ENV^[[0m
test (integration-1)	UNKNOWN STEP	2026-10-07T03:19:58.1440648Z ^[[36;1mfi^[[0m
test (integration-1)	UNKNOWN STEP	2026-10-07T03:19:58.1492140Z shell: /usr/bin/bash --noprofile --norc -e -o pipefail {0}
test (integration-1)	UNKNOWN STEP	2026-10-07T03:19:58.1492323Z env:
test (integration-1)	UNKNOWN STEP	2026-10-07T03:19:58.1492444Z   CARGO_HOME: /home/runner/.cargo
test (integration-1)	UNKNOWN STEP	2026-10-07T03:19:58.1492586Z   CARGO_INCREMENTAL: 0
test (integration-1)	UNKNOWN STEP	2026-10-07T03:19:58.1492713Z   CARGO_TERM_COLOR: always
test (integration-1)	UNKNOWN STEP	2026-10-07T03:19:58.1492843Z ##[endgroup]
test (integration-1)	UNKNOWN STEP	2026-10-07T03:19:58.1657338Z ##[end-action id=__dtolnay_rust-toolchain.__run_9;outcome=success;conclusion=success;duration_ms=24]
test (integration-1)	UNKNOWN STEP	2026-10-07T03:19:58.1660567Z ##[start-action display=Run rustc +nightly --version --verbose;id=__dtolnay_rust-toolchain.__run_10]
test (integration-1)	UNKNOWN STEP	2026-10-07T03:19:58.1674564Z ##[group]Run rustc +nightly --version --verbose
test (integration-1)	UNKNOWN STEP	2026-10-07T03:19:58.1674773Z ^[[36;1mrustc +nightly --version --verbose^[[0m
test (integration-1)	UNKNOWN STEP	2026-10-07T03:19:58.1723890Z shell: /usr/bin/bash --noprofile --norc -e -o pipefail {0}
test (integration-1)	UNKNOWN STEP	2026-10-07T03:19:58.1724076Z env:
test (integration-1)	UNKNOWN STEP	2026-10-07T03:19:58.1724195Z   CARGO_HOME: /home/runner/.cargo
test (integration-1)	UNKNOWN STEP	2026-10-07T03:19:58.1724339Z   CARGO_INCREMENTAL: 0
test (integration-1)	UNKNOWN STEP	2026-10-07T03:19:58.1724465Z   CARGO_TERM_COLOR: always
test (integration-1)	UNKNOWN STEP	2026-10-07T03:19:58.1724591Z ##[endgroup]
test (integration-1)	UNKNOWN STEP	2026-10-07T03:19:58.1867305Z rustc 1.101.0-nightly (8d1a76430 2026-10-06)
test (integration-1)	UNKNOWN STEP	2026-10-07T03:19:58.1867690Z binary: rustc
test (integration-1)	UNKNOWN STEP	2026-10-07T03:19:58.1867919Z commit-hash: 8d1a76430406c877b35d0b627e7f796dcf0dfeca
test (integration-1)	UNKNOWN STEP	2026-10-07T03:19:58.1868127Z commit-date: 2026-10-06
test (integration-1)	UNKNOWN STEP	2026-10-07T03:19:58.1868292Z host: x86_64-unknown-linux-gnu
test (integration-1)	UNKNOWN STEP	2026-10-07T03:19:58.1868432Z release: 1.101.0-nightly
test (integration-1)	UNKNOWN STEP	2026-10-07T03:19:58.1868568Z LLVM version: 23.1.3
test (integration-1)	UNKNOWN STEP	2026-10-07T03:19:58.1880978Z ##[end-action id=__dtolnay_rust-toolchain.__run_10;outcome=success;conclusion=success;duration_ms=21]
test (integration-1)	UNKNOWN STEP	2026-10-07T03:19:58.1945183Z ##[group]Run Swatinem/rust-cache@c19371144df3bb44fab255c43d04cbc2ab54d1c4
test (integration-1)	UNKNOWN STEP	2026-10-07T03:19:58.1945395Z with:
test (integration-1)	UNKNOWN STEP	2026-10-07T03:19:58.1945528Z   shared-key: workspace-test
test (integration-1)	UNKNOWN STEP	2026-10-07T03:19:58.1945660Z   save-if: false
test (integration-1)	UNKNOWN STEP	2026-10-07T03:19:58.1945776Z   prefix-key: v0-rust
test (integration-1)	UNKNOWN STEP	2026-10-07T03:19:58.1945897Z   add-job-id-key: true
test (integration-1)	UNKNOWN STEP	2026-10-07T03:19:58.1946030Z   add-rust-environment-hash-key: true
test (integration-1)	UNKNOWN STEP	2026-10-07T03:19:58.1946180Z   cache-targets: true
test (integration-1)	UNKNOWN STEP	2026-10-07T03:19:58.1946302Z   cache-all-crates: false
test (integration-1)	UNKNOWN STEP	2026-10-07T03:19:58.1946437Z   cache-workspace-crates: false
test (integration-1)	UNKNOWN STEP	2026-10-07T03:19:58.1946577Z   cache-provider: github
test (integration-1)	UNKNOWN STEP	2026-10-07T03:19:58.1946701Z   cache-bin: true
test (integration-1)	UNKNOWN STEP	2026-10-07T03:19:58.1946815Z   lookup-only: false
test (integration-1)	UNKNOWN STEP	2026-10-07T03:19:58.1946929Z   cmd-format: {0}
test (integration-1)	UNKNOWN STEP	2026-10-07T03:19:58.1947035Z env:
test (integration-1)	UNKNOWN STEP	2026-10-07T03:19:58.1947147Z   CARGO_HOME: /home/runner/.cargo
test (integration-1)	UNKNOWN STEP	2026-10-07T03:19:58.1947284Z   CARGO_INCREMENTAL: 0
test (integration-1)	UNKNOWN STEP	2026-10-07T03:19:58.1947405Z   CARGO_TERM_COLOR: always
test (integration-1)	UNKNOWN STEP	2026-10-07T03:19:58.1947530Z ##[endgroup]
test (integration-1)	UNKNOWN STEP	2026-10-07T03:19:58.3815121Z (node:2313) [DEP0040] DeprecationWarning: The `punycode` module is deprecated. Please use a userland alternative instead.
test (integration-1)	UNKNOWN STEP	2026-10-07T03:19:58.3815820Z (Use `node --trace-deprecation ...` to show where the warning was created)
test (integration-1)	UNKNOWN STEP	2026-10-07T03:20:02.7268047Z ##[group]Cache Configuration
test (integration-1)	UNKNOWN STEP	2026-10-07T03:20:02.7268365Z Cache Provider:
test (integration-1)	UNKNOWN STEP	2026-10-07T03:20:02.7268538Z     github
test (integration-1)	UNKNOWN STEP	2026-10-07T03:20:02.7268700Z Workspaces:
test (integration-1)	UNKNOWN STEP	2026-10-07T03:20:02.7268880Z     /home/runner/work/purrdf/purrdf
test (integration-1)	UNKNOWN STEP	2026-10-07T03:20:02.7269097Z Cache Paths:
test (integration-1)	UNKNOWN STEP	2026-10-07T03:20:02.7269271Z     /home/runner/.cargo/bin
test (integration-1)	UNKNOWN STEP	2026-10-07T03:20:02.7269480Z     /home/runner/.cargo/.crates.toml
test (integration-1)	UNKNOWN STEP	2026-10-07T03:20:02.7269711Z     /home/runner/.cargo/.crates2.json
test (integration-1)	UNKNOWN STEP	2026-10-07T03:20:02.7270692Z     /home/runner/.cargo/registry
test (integration-1)	UNKNOWN STEP	2026-10-07T03:20:02.7270930Z     /home/runner/.cargo/git
test (integration-1)	UNKNOWN STEP	2026-10-07T03:20:02.7271151Z     /home/runner/work/purrdf/purrdf/target
test (integration-1)	UNKNOWN STEP	2026-10-07T03:20:02.7271376Z Restore Key:
test (integration-1)	UNKNOWN STEP	2026-10-07T03:20:02.7271615Z     v0-rust-workspace-test-Linux-x64-300f5e68
test (integration-1)	UNKNOWN STEP	2026-10-07T03:20:02.7271857Z Cache Key:
test (integration-1)	UNKNOWN STEP	2026-10-07T03:20:02.7272073Z     v0-rust-workspace-test-Linux-x64-300f5e68-78fb4371
test (integration-1)	UNKNOWN STEP	2026-10-07T03:20:02.7272354Z .. Prefix:
test (integration-1)	UNKNOWN STEP	2026-10-07T03:20:02.7272541Z   - v0-rust-workspace-test-Linux-x64
test (integration-1)	UNKNOWN STEP	2026-10-07T03:20:02.7272775Z .. Environment considered:
test (integration-1)	UNKNOWN STEP	2026-10-07T03:20:02.7272972Z   - Rust Versions:
test (integration-1)	UNKNOWN STEP	2026-10-07T03:20:02.7273272Z     - 1.101.0-nightly x86_64-unknown-linux-gnu 8d1a76430406c877b35d0b627e7f796dcf0dfeca
test (integration-1)	UNKNOWN STEP	2026-10-07T03:20:02.7273713Z     - 1.98.1 x86_64-unknown-linux-gnu 48a229ceaefd4985c50990b14116b6d856af0985
test (integration-1)	UNKNOWN STEP	2026-10-07T03:20:02.7274133Z     - 1.101.0-nightly x86_64-unknown-linux-gnu 8d1a76430406c877b35d0b627e7f796dcf0dfeca
test (integration-1)	UNKNOWN STEP	2026-10-07T03:20:02.7274460Z   - CARGO_HOME
test (integration-1)	UNKNOWN STEP	2026-10-07T03:20:02.7274632Z   - CARGO_INCREMENTAL
test (integration-1)	UNKNOWN STEP	2026-10-07T03:20:02.7274811Z   - CARGO_TERM_COLOR
test (integration-1)	UNKNOWN STEP	2026-10-07T03:20:02.7274994Z .. Lockfiles considered:
test (integration-1)	UNKNOWN STEP	2026-10-07T03:20:02.7275256Z   - /home/runner/work/purrdf/purrdf/bindings/python/Cargo.toml
test (integration-1)	UNKNOWN STEP	2026-10-07T03:20:02.7275631Z   - /home/runner/work/purrdf/purrdf/bindings/python/rust-toolchain.toml
test (integration-1)	UNKNOWN STEP	2026-10-07T03:20:02.7275962Z   - /home/runner/work/purrdf/purrdf/Cargo.lock
test (integration-1)	UNKNOWN STEP	2026-10-07T03:20:02.7276632Z   - /home/runner/work/purrdf/purrdf/crates/alloc-probe/Cargo.toml
test (integration-1)	UNKNOWN STEP	2026-10-07T03:20:02.7276972Z   - /home/runner/work/purrdf/purrdf/crates/bench/Cargo.toml
test (integration-1)	UNKNOWN STEP	2026-10-07T03:20:02.7277283Z   - /home/runner/work/purrdf/purrdf/crates/cdt/Cargo.toml
test (integration-1)	UNKNOWN STEP	2026-10-07T03:20:02.7277588Z   - /home/runner/work/purrdf/purrdf/crates/cli/Cargo.toml
test (integration-1)	UNKNOWN STEP	2026-10-07T03:20:02.7277824Z   - /home/runner/work/purrdf/purrdf/crates/columnar/Cargo.toml
test (integration-1)	UNKNOWN STEP	2026-10-07T03:20:02.7278032Z   - /home/runner/work/purrdf/purrdf/crates/datalog/Cargo.toml
test (integration-1)	UNKNOWN STEP	2026-10-07T03:20:02.7278236Z   - /home/runner/work/purrdf/purrdf/crates/deflate/Cargo.toml
test (integration-1)	UNKNOWN STEP	2026-10-07T03:20:02.7278444Z   - /home/runner/work/purrdf/purrdf/crates/ed25519/Cargo.toml
test (integration-1)	UNKNOWN STEP	2026-10-07T03:20:02.7278646Z   - /home/runner/work/purrdf/purrdf/crates/entail/Cargo.toml
test (integration-1)	UNKNOWN STEP	2026-10-07T03:20:02.7279054Z   - /home/runner/work/purrdf/purrdf/crates/envelope-probe/Cargo.toml
test (integration-1)	UNKNOWN STEP	2026-10-07T03:20:02.7279273Z   - /home/runner/work/purrdf/purrdf/crates/geo/Cargo.toml
test (integration-1)	UNKNOWN STEP	2026-10-07T03:20:02.7279464Z   - /home/runner/work/purrdf/purrdf/crates/gts/Cargo.toml
test (integration-1)	UNKNOWN STEP	2026-10-07T03:20:02.7279682Z   - /home/runner/work/purrdf/purrdf/crates/hash-conformance/Cargo.toml
test (integration-1)	UNKNOWN STEP	2026-10-07T03:20:02.7280100Z   - /home/runner/work/purrdf/purrdf/crates/hash/Cargo.toml
test (integration-1)	UNKNOWN STEP	2026-10-07T03:20:02.7280336Z   - /home/runner/work/purrdf/purrdf/crates/helper-census/Cargo.toml
test (integration-1)	UNKNOWN STEP	2026-10-07T03:20:02.7280551Z   - /home/runner/work/purrdf/purrdf/crates/hnsw/Cargo.toml
test (integration-1)	UNKNOWN STEP	2026-10-07T03:20:02.7280743Z   - /home/runner/work/purrdf/purrdf/crates/iri/Cargo.toml
test (integration-1)	UNKNOWN STEP	2026-10-07T03:20:02.7280997Z   - /home/runner/work/purrdf/purrdf/crates/json/Cargo.toml
test (integration-1)	UNKNOWN STEP	2026-10-07T03:20:02.7281246Z   - /home/runner/work/purrdf/purrdf/crates/jsonschema/Cargo.toml
test (integration-1)	UNKNOWN STEP	2026-10-07T03:20:02.7281458Z   - /home/runner/work/purrdf/purrdf/crates/lex/Cargo.toml
test (integration-1)	UNKNOWN STEP	2026-10-07T03:20:02.7281657Z   - /home/runner/work/purrdf/purrdf/crates/markdown/Cargo.toml
test (integration-1)	UNKNOWN STEP	2026-10-07T03:20:02.7281866Z   - /home/runner/work/purrdf/purrdf/crates/purrdf/Cargo.toml
test (integration-1)	UNKNOWN STEP	2026-10-07T03:20:02.7282072Z   - /home/runner/work/purrdf/purrdf/crates/rdf-capi/Cargo.toml
test (integration-1)	UNKNOWN STEP	2026-10-07T03:20:02.7282365Z   - /home/runner/work/purrdf/purrdf/crates/rdf-core/Cargo.toml
test (integration-1)	UNKNOWN STEP	2026-10-07T03:20:02.7282602Z   - /home/runner/work/purrdf/purrdf/crates/rdf-events/Cargo.toml
test (integration-1)	UNKNOWN STEP	2026-10-07T03:20:02.7282930Z   - /home/runner/work/purrdf/purrdf/crates/rdf-wasm/Cargo.toml
test (integration-1)	UNKNOWN STEP	2026-10-07T03:20:02.7283467Z   - /home/runner/work/purrdf/purrdf/crates/rdf/Cargo.toml
test (integration-1)	UNKNOWN STEP	2026-10-07T03:20:02.7283809Z   - /home/runner/work/purrdf/purrdf/crates/retrieval/Cargo.toml
test (integration-1)	UNKNOWN STEP	2026-10-07T03:20:02.7284131Z   - /home/runner/work/purrdf/purrdf/crates/shapes/Cargo.toml
test (integration-1)	UNKNOWN STEP	2026-10-07T03:20:02.7284434Z   - /home/runner/work/purrdf/purrdf/crates/shex/Cargo.toml
test (integration-1)	UNKNOWN STEP	2026-10-07T03:20:02.7284766Z   - /home/runner/work/purrdf/purrdf/crates/slice/Cargo.toml
test (integration-1)	UNKNOWN STEP	2026-10-07T03:20:02.7285118Z   - /home/runner/work/purrdf/purrdf/crates/sparql-algebra/Cargo.toml
test (integration-1)	UNKNOWN STEP	2026-10-07T03:20:02.7285492Z   - /home/runner/work/purrdf/purrdf/crates/sparql-conformance/Cargo.toml
test (integration-1)	UNKNOWN STEP	2026-10-07T03:20:02.7285818Z   - /home/runner/work/purrdf/purrdf/crates/sparql-eval/Cargo.toml
test (integration-1)	UNKNOWN STEP	2026-10-07T03:20:02.7286143Z   - /home/runner/work/purrdf/purrdf/crates/sparql-results/Cargo.toml
test (integration-1)	UNKNOWN STEP	2026-10-07T03:20:02.7286385Z   - /home/runner/work/purrdf/purrdf/crates/stack/Cargo.toml
test (integration-1)	UNKNOWN STEP	2026-10-07T03:20:02.7286666Z   - /home/runner/work/purrdf/purrdf/crates/testkit/Cargo.toml
test (integration-1)	UNKNOWN STEP	2026-10-07T03:20:02.7286965Z   - /home/runner/work/purrdf/purrdf/crates/text/Cargo.toml
test (integration-1)	UNKNOWN STEP	2026-10-07T03:20:02.7287235Z   - /home/runner/work/purrdf/purrdf/crates/validate/Cargo.toml
test (integration-1)	UNKNOWN STEP	2026-10-07T03:20:02.7287516Z   - /home/runner/work/purrdf/purrdf/crates/wasm-link/Cargo.toml
test (integration-1)	UNKNOWN STEP	2026-10-07T03:20:02.7287794Z   - /home/runner/work/purrdf/purrdf/crates/xsd/Cargo.toml
test (integration-1)	UNKNOWN STEP	2026-10-07T03:20:02.7288085Z   - /home/runner/work/purrdf/purrdf/rust-toolchain.toml
test (integration-1)	UNKNOWN STEP	2026-10-07T03:20:02.7288492Z ##[endgroup]
test (integration-1)	UNKNOWN STEP	2026-10-07T03:20:02.7288558Z 
test (integration-1)	UNKNOWN STEP	2026-10-07T03:20:02.7288609Z ... Restoring cache ...
test (integration-1)	UNKNOWN STEP	2026-10-07T03:20:02.9393411Z Cache hit for restore-key: v0-rust-workspace-test-Linux-x64-300f5e68-35c91432
test (integration-1)	UNKNOWN STEP	2026-10-07T03:20:04.0763039Z Received 36526528 of 36526528 (100.0%), 37.4 MBs/sec
test (integration-1)	UNKNOWN STEP	2026-10-07T03:20:04.0763815Z Cache Size: ~35 MB (36526528 B)
test (integration-1)	UNKNOWN STEP	2026-10-07T03:20:04.0780185Z [command]/usr/bin/tar -xf /home/runner/work/_temp/3c285eb1-39ac-4b41-875d-00d64e342106/cache.tzst -P -C /home/runner/work/purrdf/purrdf --use-compress-program unzstd
test (integration-1)	UNKNOWN STEP	2026-10-07T03:20:04.2204285Z Cache restored successfully
test (integration-1)	UNKNOWN STEP	2026-10-07T03:20:04.2221863Z Restored from cache key "v0-rust-workspace-test-Linux-x64-300f5e68-35c91432" full match: false.
test (integration-1)	UNKNOWN STEP	2026-10-07T03:20:04.2385259Z ##[group]Run actions/setup-node@48b55a011bda9f5d6aeb4c2d9c7362e8dae4041e
test (integration-1)	UNKNOWN STEP	2026-10-07T03:20:04.2385478Z with:
test (integration-1)	UNKNOWN STEP	2026-10-07T03:20:04.2385595Z   node-version: 24
test (integration-1)	UNKNOWN STEP	2026-10-07T03:20:04.2385718Z   check-latest: false
test (integration-1)	UNKNOWN STEP	2026-10-07T03:20:04.2387031Z   token: ***
test (integration-1)	UNKNOWN STEP	2026-10-07T03:20:04.2387154Z   package-manager-cache: true
test (integration-1)	UNKNOWN STEP	2026-10-07T03:20:04.2387296Z env:
test (integration-1)	UNKNOWN STEP	2026-10-07T03:20:04.2387413Z   CARGO_HOME: /home/runner/.cargo
test (integration-1)	UNKNOWN STEP	2026-10-07T03:20:04.2387557Z   CARGO_INCREMENTAL: 0
test (integration-1)	UNKNOWN STEP	2026-10-07T03:20:04.2387684Z   CARGO_TERM_COLOR: always
test (integration-1)	UNKNOWN STEP	2026-10-07T03:20:04.2387829Z   CACHE_ON_FAILURE: false
test (integration-1)	UNKNOWN STEP	2026-10-07T03:20:04.2387957Z ##[endgroup]
test (integration-1)	UNKNOWN STEP	2026-10-07T03:20:04.3412013Z Found in cache @ /opt/hostedtoolcache/node/24.21.0/x64
test (integration-1)	UNKNOWN STEP	2026-10-07T03:20:04.3413667Z ##[group]Environment details
test (integration-1)	UNKNOWN STEP	2026-10-07T03:20:04.6367770Z node: v24.21.0
test (integration-1)	UNKNOWN STEP	2026-10-07T03:20:04.6368042Z npm: 11.19.0
test (integration-1)	UNKNOWN STEP	2026-10-07T03:20:04.6368218Z yarn: 1.22.22
test (integration-1)	UNKNOWN STEP	2026-10-07T03:20:04.6368701Z ##[endgroup]
test (integration-1)	UNKNOWN STEP	2026-10-07T03:20:04.6484816Z ##[group]Run make test-shard SHARD=integration-1
test (integration-1)	UNKNOWN STEP	2026-10-07T03:20:04.6485039Z ^[[36;1mmake test-shard SHARD=integration-1^[[0m
test (integration-1)	UNKNOWN STEP	2026-10-07T03:20:04.6543414Z shell: /usr/bin/bash -e {0}
test (integration-1)	UNKNOWN STEP	2026-10-07T03:20:04.6543565Z env:
test (integration-1)	UNKNOWN STEP	2026-10-07T03:20:04.6543688Z   CARGO_HOME: /home/runner/.cargo
test (integration-1)	UNKNOWN STEP	2026-10-07T03:20:04.6543834Z   CARGO_INCREMENTAL: 0
test (integration-1)	UNKNOWN STEP	2026-10-07T03:20:04.6543963Z   CARGO_TERM_COLOR: always
test (integration-1)	UNKNOWN STEP	2026-10-07T03:20:04.6544094Z   CACHE_ON_FAILURE: false
test (integration-1)	UNKNOWN STEP	2026-10-07T03:20:04.6544328Z   PURRDF_REQUIRE_SIMD_PATHS: distance:portable,distance:sse2,blake3:sse2,deflate:sse2,csv:sse2
test (integration-1)	UNKNOWN STEP	2026-10-07T03:20:04.6544578Z ##[endgroup]
test (integration-1)	UNKNOWN STEP	2026-10-07T03:20:04.7075938Z + cargo test --workspace --locked --test [a-d]* -- --exact --skip c_abi_smoke
test (integration-1)	UNKNOWN STEP	2026-10-07T03:20:04.7518120Z ^[[1m^[[92m    Updating^[[0m crates.io index
test (integration-1)	UNKNOWN STEP	2026-10-07T03:20:05.1025631Z ^[[1m^[[92m   Compiling^[[0m hybrid-array v0.4.15
test (integration-1)	UNKNOWN STEP	2026-10-07T03:20:05.1026321Z ^[[1m^[[92m   Compiling^[[0m purrdf-hash v3.0.1 (/home/runner/work/purrdf/purrdf/crates/hash)
test (integration-1)	UNKNOWN STEP	2026-10-07T03:20:05.1026910Z ^[[1m^[[92m   Compiling^[[0m const-oid v0.10.2
test (integration-1)	UNKNOWN STEP	2026-10-07T03:20:05.1030406Z ^[[1m^[[92m   Compiling^[[0m cfg-if v1.0.4
test (integration-1)	UNKNOWN STEP	2026-10-07T03:20:05.1302308Z ^[[1m^[[92m   Compiling^[[0m purrdf-events v3.0.1 (/home/runner/work/purrdf/purrdf/crates/rdf-events)
test (integration-1)	UNKNOWN STEP	2026-10-07T03:20:05.2129611Z ^[[1m^[[92m   Compiling^[[0m purrdf-stack v3.0.1 (/home/runner/work/purrdf/purrdf/crates/stack)
test (integration-1)	UNKNOWN STEP	2026-10-07T03:20:05.3281832Z ^[[1m^[[92m   Compiling^[[0m purrdf-core v3.0.1 (/home/runner/work/purrdf/purrdf/crates/rdf-core)
test (integration-1)	UNKNOWN STEP	2026-10-07T03:20:05.3311337Z ^[[1m^[[92m   Compiling^[[0m crossbeam-utils v0.8.21
test (integration-1)	UNKNOWN STEP	2026-10-07T03:20:05.5601783Z ^[[1m^[[92m   Compiling^[[0m crypto-common v0.2.2
test (integration-1)	UNKNOWN STEP	2026-10-07T03:20:05.5952801Z ^[[1m^[[92m   Compiling^[[0m block-buffer v0.12.1
test (integration-1)	UNKNOWN STEP	2026-10-07T03:20:06.1311735Z ^[[1m^[[92m   Compiling^[[0m digest v0.11.3
test (integration-1)	UNKNOWN STEP	2026-10-07T03:20:06.2131529Z ^[[1m^[[92m   Compiling^[[0m sha2 v0.11.0
test (integration-1)	UNKNOWN STEP	2026-10-07T03:20:06.3720127Z ^[[1m^[[92m   Compiling^[[0m crossbeam-epoch v0.9.18
test (integration-1)	UNKNOWN STEP	2026-10-07T03:20:06.5764783Z ^[[1m^[[92m   Compiling^[[0m crossbeam-deque v0.8.6
test (integration-1)	UNKNOWN STEP	2026-10-07T03:20:06.6472182Z ^[[1m^[[92m   Compiling^[[0m getrandom v0.3.4
test (integration-1)	UNKNOWN STEP	2026-10-07T03:20:06.6911621Z ^[[1m^[[92m   Compiling^[[0m rayon-core v1.13.0
test (integration-1)	UNKNOWN STEP	2026-10-07T03:20:06.7462140Z ^[[1m^[[92m   Compiling^[[0m purrdf-alloc-probe v3.0.1 (/home/runner/work/purrdf/purrdf/crates/alloc-probe)
test (integration-1)	UNKNOWN STEP	2026-10-07T03:20:06.9062085Z ^[[1m^[[92m   Compiling^[[0m inout v0.2.2
test (integration-1)	UNKNOWN STEP	2026-10-07T03:20:06.9691471Z ^[[1m^[[92m   Compiling^[[0m universal-hash v0.6.1
test (integration-1)	UNKNOWN STEP	2026-10-07T03:20:07.0181728Z ^[[1m^[[92m   Compiling^[[0m cipher v0.5.2
test (integration-1)	UNKNOWN STEP	2026-10-07T03:20:07.1812203Z ^[[1m^[[92m   Compiling^[[0m rayon v1.12.0
test (integration-1)	UNKNOWN STEP	2026-10-07T03:20:07.5017155Z ^[[1m^[[92m   Compiling^[[0m purrdf-lex v3.0.1 (/home/runner/work/purrdf/purrdf/crates/lex)
test (integration-1)	UNKNOWN STEP	2026-10-07T03:20:08.0032034Z ^[[1m^[[92m   Compiling^[[0m purrdf-deflate v3.0.1 (/home/runner/work/purrdf/purrdf/crates/deflate)
test (integration-1)	UNKNOWN STEP	2026-10-07T03:20:09.2172752Z ^[[1m^[[92m   Compiling^[[0m purrdf-testkit v3.0.1 (/home/runner/work/purrdf/purrdf/crates/testkit)
test (integration-1)	UNKNOWN STEP	2026-10-07T03:20:09.5321869Z ^[[1m^[[92m   Compiling^[[0m polyval v0.7.3
test (integration-1)	UNKNOWN STEP	2026-10-07T03:20:09.6871909Z ^[[1m^[[92m   Compiling^[[0m twox-hash v2.1.2
test (integration-1)	UNKNOWN STEP	2026-10-07T03:20:09.7501595Z ^[[1m^[[92m   Compiling^[[0m structured-zstd v0.0.49
test (integration-1)	UNKNOWN STEP	2026-10-07T03:20:11.7929766Z ^[[1m^[[92m   Compiling^[[0m purrdf-iri v3.0.1 (/home/runner/work/purrdf/purrdf/crates/iri)
test (integration-1)	UNKNOWN STEP	2026-10-07T03:20:14.8482596Z ^[[1m^[[92m   Compiling^[[0m purrdf-xsd v3.0.1 (/home/runner/work/purrdf/purrdf/crates/xsd)
test (integration-1)	UNKNOWN STEP	2026-10-07T03:20:16.3342344Z ^[[1m^[[92m   Compiling^[[0m purrdf-cdt v3.0.1 (/home/runner/work/purrdf/purrdf/crates/cdt)
test (integration-1)	UNKNOWN STEP	2026-10-07T03:20:20.4110622Z ^[[1m^[[92m   Compiling^[[0m purrdf-sparql-algebra v3.0.1 (/home/runner/work/purrdf/purrdf/crates/sparql-algebra)
test (integration-1)	UNKNOWN STEP	2026-10-07T03:20:21.9382049Z ^[[1m^[[92m   Compiling^[[0m ghash v0.6.0
test (integration-1)	UNKNOWN STEP	2026-10-07T03:20:21.9781559Z ^[[1m^[[92m   Compiling^[[0m ctr v0.10.1
test (integration-1)	UNKNOWN STEP	2026-10-07T03:20:22.0681712Z ^[[1m^[[92m   Compiling^[[0m aes v0.9.3
test (integration-1)	UNKNOWN STEP	2026-10-07T03:20:22.4591494Z ^[[1m^[[92m   Compiling^[[0m aead v0.6.1
test (integration-1)	UNKNOWN STEP	2026-10-07T03:20:22.5229011Z ^[[1m^[[92m   Compiling^[[0m aes-gcm v0.11.1
test (integration-1)	UNKNOWN STEP	2026-10-07T03:20:22.5893049Z ^[[1m^[[92m   Compiling^[[0m purrdf-ed25519 v3.0.1 (/home/runner/work/purrdf/purrdf/crates/ed25519)
test (integration-1)	UNKNOWN STEP	2026-10-07T03:20:23.2142181Z ^[[1m^[[92m   Compiling^[[0m visual-hashing v1.0.0
test (integration-1)	UNKNOWN STEP	2026-10-07T03:20:23.5451893Z ^[[1m^[[92m   Compiling^[[0m purrdf-gts v3.0.1 (/home/runner/work/purrdf/purrdf/crates/gts)
test (integration-1)	UNKNOWN STEP	2026-10-07T03:20:36.4742124Z ^[[1m^[[92m   Compiling^[[0m purrdf-sparql-results v3.0.1 (/home/runner/work/purrdf/purrdf/crates/sparql-results)
test (integration-1)	UNKNOWN STEP	2026-10-07T03:20:40.8102302Z ^[[1m^[[92m   Compiling^[[0m purrdf-sparql-eval v3.0.1 (/home/runner/work/purrdf/purrdf/crates/sparql-eval)
test (integration-1)	UNKNOWN STEP	2026-10-07T03:20:41.9721901Z ^[[1m^[[92m   Compiling^[[0m purrdf-datalog v3.0.1 (/home/runner/work/purrdf/purrdf/crates/datalog)
test (integration-1)	UNKNOWN STEP	2026-10-07T03:21:03.6351718Z ^[[1m^[[92m   Compiling^[[0m purrdf-rdf v3.0.1 (/home/runner/work/purrdf/purrdf/crates/rdf)
test (integration-1)	UNKNOWN STEP	2026-10-07T03:21:07.9591978Z ^[[1m^[[92m   Compiling^[[0m purrdf-text v3.0.1 (/home/runner/work/purrdf/purrdf/crates/text)
test (integration-1)	UNKNOWN STEP	2026-10-07T03:21:23.7972073Z ^[[1m^[[92m   Compiling^[[0m purrdf-slice v3.0.1 (/home/runner/work/purrdf/purrdf/crates/slice)
test (integration-1)	UNKNOWN STEP	2026-10-07T03:21:34.6441628Z ^[[1m^[[92m   Compiling^[[0m purrdf-shapes v3.0.1 (/home/runner/work/purrdf/purrdf/crates/shapes)
test (integration-1)	UNKNOWN STEP	2026-10-07T03:21:36.2611668Z ^[[1m^[[92m   Compiling^[[0m unicode-ident v1.0.24
test (integration-1)	UNKNOWN STEP	2026-10-07T03:21:36.3101899Z ^[[1m^[[92m   Compiling^[[0m purrdf-retrieval v3.0.1 (/home/runner/work/purrdf/purrdf/crates/retrieval)
test (integration-1)	UNKNOWN STEP	2026-10-07T03:21:49.3181942Z ^[[1m^[[92m   Compiling^[[0m purrdf-entail v3.0.1 (/home/runner/work/purrdf/purrdf/crates/entail)
test (integration-1)	UNKNOWN STEP	2026-10-07T03:22:14.1693100Z ^[[1m^[[92m   Compiling^[[0m purrdf-validate v3.0.1 (/home/runner/work/purrdf/purrdf/crates/validate)
test (integration-1)	UNKNOWN STEP	2026-10-07T03:22:27.0643903Z ^[[1m^[[92m   Compiling^[[0m purrdf-hnsw v3.0.1 (/home/runner/work/purrdf/purrdf/crates/hnsw)
test (integration-1)	UNKNOWN STEP	2026-10-07T03:22:29.4381666Z ^[[1m^[[92m   Compiling^[[0m proc-macro2 v1.0.106
test (integration-1)	UNKNOWN STEP	2026-10-07T03:22:29.7401894Z ^[[1m^[[92m   Compiling^[[0m purrdf-geo v3.0.1 (/home/runner/work/purrdf/purrdf/crates/geo)
test (integration-1)	UNKNOWN STEP	2026-10-07T03:22:33.8702083Z ^[[1m^[[92m   Compiling^[[0m purrdf-columnar v3.0.1 (/home/runner/work/purrdf/purrdf/crates/columnar)
test (integration-1)	UNKNOWN STEP	2026-10-07T03:22:37.7681894Z ^[[1m^[[92m   Compiling^[[0m purrdf-shex v3.0.1 (/home/runner/work/purrdf/purrdf/crates/shex)
test (integration-1)	UNKNOWN STEP	2026-10-07T03:22:37.7903164Z ^[[1m^[[92m   Compiling^[[0m purrdf-markdown v3.0.1 (/home/runner/work/purrdf/purrdf/crates/markdown)
test (integration-1)	UNKNOWN STEP	2026-10-07T03:22:40.9432395Z ^[[1m^[[92m   Compiling^[[0m purrdf-json v3.0.1 (/home/runner/work/purrdf/purrdf/crates/json)
test (integration-1)	UNKNOWN STEP	2026-10-07T03:22:42.2502028Z ^[[1m^[[92m   Compiling^[[0m purrdf-jsonschema v3.0.1 (/home/runner/work/purrdf/purrdf/crates/jsonschema)
test (integration-1)	UNKNOWN STEP	2026-10-07T03:22:47.7973387Z ^[[1m^[[92m   Compiling^[[0m purrdf v3.0.1 (/home/runner/work/purrdf/purrdf/crates/purrdf)
test (integration-1)	UNKNOWN STEP	2026-10-07T03:22:50.2179847Z ^[[1m^[[92m   Compiling^[[0m quote v1.0.46
test (integration-1)	UNKNOWN STEP	2026-10-07T03:22:50.7127073Z ^[[1m^[[92m   Compiling^[[0m syn v2.0.118
test (integration-1)	UNKNOWN STEP	2026-10-07T03:23:08.4594402Z ^[[1m^[[92m   Compiling^[[0m purrdf-sparql-conformance v3.0.1 (/home/runner/work/purrdf/purrdf/crates/sparql-conformance)
test (integration-1)	UNKNOWN STEP	2026-10-07T03:23:10.5892279Z ^[[1m^[[92m   Compiling^[[0m purrdf-bench v3.0.1 (/home/runner/work/purrdf/purrdf/crates/bench)
test (integration-1)	UNKNOWN STEP	2026-10-07T03:23:10.7686423Z ^[[1m^[[92m   Compiling^[[0m purrdf-hash-conformance v3.0.1 (/home/runner/work/purrdf/purrdf/crates/hash-conformance)
test (integration-1)	UNKNOWN STEP	2026-10-07T03:23:14.4074070Z ^[[1m^[[92m   Compiling^[[0m clap_derive v4.6.1
test (integration-1)	UNKNOWN STEP	2026-10-07T03:23:24.4188222Z ^[[1m^[[92m   Compiling^[[0m clap v4.6.1
test (integration-1)	UNKNOWN STEP	2026-10-07T03:23:24.4491933Z ^[[1m^[[92m   Compiling^[[0m purrdf-cli v3.0.1 (/home/runner/work/purrdf/purrdf/crates/cli)
test (integration-1)	UNKNOWN STEP	2026-10-07T03:24:21.5293770Z ^[[1m^[[92m   Compiling^[[0m purrdf-capi v3.0.1 (/home/runner/work/purrdf/purrdf/crates/rdf-capi)
test (integration-1)	UNKNOWN STEP	2026-10-07T03:26:14.3620633Z ^[[1m^[[92m    Finished^[[0m `test` profile [optimized] target(s) in 6m 09s
test (integration-1)	UNKNOWN STEP	2026-10-07T03:26:14.4301753Z ^[[1m^[[92m     Running^[[0m tests/aggregate_sort_witnesses.rs (target/debug/build/purrdf/3d4a1d51a88aab26/out/aggregate_sort_witnesses-3d4a1d51a88aab26)
test (integration-1)	UNKNOWN STEP	2026-10-07T03:26:14.4313209Z 
test (integration-1)	UNKNOWN STEP	2026-10-07T03:26:14.4313317Z running 2 tests
test (integration-1)	UNKNOWN STEP	2026-10-07T03:26:14.4349064Z test outer_order_by_keeps_witnesses_existential ... ok
test (integration-1)	UNKNOWN STEP	2026-10-07T03:26:14.4432054Z test aggregate_sort_witnesses_cannot_change_returned_lists ... ok
test (integration-1)	UNKNOWN STEP	2026-10-07T03:26:14.4432303Z 
test (integration-1)	UNKNOWN STEP	2026-10-07T03:26:14.4432614Z test result: ok. 2 passed; 0 failed; 0 ignored; 0 measured; 0 filtered out; finished in 0.01s
test (integration-1)	UNKNOWN STEP	2026-10-07T03:26:14.4432894Z 
test (integration-1)	UNKNOWN STEP	2026-10-07T03:26:14.4436018Z ^[[1m^[[92m     Running^[[0m tests/base_surface.rs (target/debug/build/purrdf/c2ebbd0e62e4b39e/out/base_surface-c2ebbd0e62e4b39e)
test (integration-1)	UNKNOWN STEP	2026-10-07T03:26:14.4444465Z 
test (integration-1)	UNKNOWN STEP	2026-10-07T03:26:14.4444550Z running 7 tests
test (integration-1)	UNKNOWN STEP	2026-10-07T03:26:14.4447897Z test a_non_absolute_base_hard_fails_on_both_legs ... ok
test (integration-1)	UNKNOWN STEP	2026-10-07T03:26:14.4448286Z test an_in_document_base_overrides_the_callers ... ok
test (integration-1)	UNKNOWN STEP	2026-10-07T03:26:14.4448763Z test a_base_incapable_format_answers_with_absolute_iris_rather_than_erroring ... ok
test (integration-1)	UNKNOWN STEP	2026-10-07T03:26:14.4449262Z test no_base_in_scope_is_a_hard_failure_with_the_shared_code ... ok
test (integration-1)	UNKNOWN STEP	2026-10-07T03:26:14.4449695Z test the_base_types_are_reachable_from_the_facade_alone ... ok
test (integration-1)	UNKNOWN STEP	2026-10-07T03:26:14.4450197Z test ingress_base_resolves_a_relative_reference ... ok
test (integration-1)	UNKNOWN STEP	2026-10-07T03:26:14.4450743Z test egress_base_is_emitted_by_every_format_whose_registry_row_says_so ... ok
test (integration-1)	UNKNOWN STEP	2026-10-07T03:26:14.4451089Z 
test (integration-1)	UNKNOWN STEP	2026-10-07T03:26:14.4451447Z test result: ok. 7 passed; 0 failed; 0 ignored; 0 measured; 0 filtered out; finished in 0.00s
test (integration-1)	UNKNOWN STEP	2026-10-07T03:26:14.4451742Z 
test (integration-1)	UNKNOWN STEP	2026-10-07T03:26:14.4453263Z ^[[1m^[[92m     Running^[[0m tests/blank_label_injectivity.rs (target/debug/build/purrdf/abf9747694eb8158/out/blank_label_injectivity-abf9747694eb8158)
test (integration-1)	UNKNOWN STEP	2026-10-07T03:26:14.4462987Z 
test (integration-1)	UNKNOWN STEP	2026-10-07T03:26:14.4463084Z running 1 test
test (integration-1)	UNKNOWN STEP	2026-10-07T03:26:14.4469111Z test count_distinct_over_the_five_label_probe_is_five ... ok
test (integration-1)	UNKNOWN STEP	2026-10-07T03:26:14.4469271Z 
test (integration-1)	UNKNOWN STEP	2026-10-07T03:26:14.4469457Z test result: ok. 1 passed; 0 failed; 0 ignored; 0 measured; 0 filtered out; finished in 0.00s
test (integration-1)	UNKNOWN STEP	2026-10-07T03:26:14.4469635Z 
test (integration-1)	UNKNOWN STEP	2026-10-07T03:26:14.4472274Z ^[[1m^[[92m     Running^[[0m tests/closure_relations.rs (target/debug/build/purrdf/4165d147d4f1ed9f/out/closure_relations-4165d147d4f1ed9f)
test (integration-1)	UNKNOWN STEP	2026-10-07T03:26:14.4482318Z 
test (integration-1)	UNKNOWN STEP	2026-10-07T03:26:14.4482435Z running 5 tests
test (integration-1)	UNKNOWN STEP	2026-10-07T03:26:14.4506170Z test a_regime_that_derives_nothing_answers_identically_either_way ... ok
test (integration-1)	UNKNOWN STEP	2026-10-07T03:26:14.4506900Z test the_witness_refusal_fires_only_when_the_chase_minted_one ... ok
test (integration-1)	UNKNOWN STEP	2026-10-07T03:26:14.4567616Z test a_failing_rebuilder_surfaces_its_own_diagnostic ... ok
test (integration-1)	UNKNOWN STEP	2026-10-07T03:26:14.4568127Z test none_leaves_the_callers_pre_closure_snapshot_answering ... ok
test (integration-1)	UNKNOWN STEP	2026-10-07T03:26:14.4610996Z test a_rebuilt_registry_walks_the_closure_and_agrees_with_p_plus ... ok
test (integration-1)	UNKNOWN STEP	2026-10-07T03:26:14.4611283Z 
test (integration-1)	UNKNOWN STEP	2026-10-07T03:26:14.4611604Z test result: ok. 5 passed; 0 failed; 0 ignored; 0 measured; 0 filtered out; finished in 0.01s
test (integration-1)	UNKNOWN STEP	2026-10-07T03:26:14.4612301Z 
test (integration-1)	UNKNOWN STEP	2026-10-07T03:26:14.4614864Z ^[[1m^[[92m     Running^[[0m tests/dataset_state_digest.rs (target/debug/build/purrdf/03130ccca4d84f5d/out/dataset_state_digest-03130ccca4d84f5d)
test (integration-1)	UNKNOWN STEP	2026-10-07T03:26:14.4621536Z 
test (integration-1)	UNKNOWN STEP	2026-10-07T03:26:14.4621854Z running 1 test
test (integration-1)	UNKNOWN STEP	2026-10-07T03:26:14.4623678Z test complete_state_identity_and_typed_refusal_are_public ... ok
test (integration-1)	UNKNOWN STEP	2026-10-07T03:26:14.4623838Z 
test (integration-1)	UNKNOWN STEP	2026-10-07T03:26:14.4624032Z test result: ok. 1 passed; 0 failed; 0 ignored; 0 measured; 0 filtered out; finished in 0.00s
test (integration-1)	UNKNOWN STEP	2026-10-07T03:26:14.4624219Z 
test (integration-1)	UNKNOWN STEP	2026-10-07T03:26:14.4625699Z ^[[1m^[[92m     Running^[[0m tests/corpus_cli.rs (target/debug/build/purrdf-bench/53e9c88a10f3860c/out/corpus_cli-53e9c88a10f3860c)
test (integration-1)	UNKNOWN STEP	2026-10-07T03:26:14.4632648Z 
test (integration-1)	UNKNOWN STEP	2026-10-07T03:26:14.4632732Z running 20 tests
test (integration-1)	UNKNOWN STEP	2026-10-07T03:26:14.4670834Z test cross_process_stdout_is_byte_identical ... ok
test (integration-1)	UNKNOWN STEP	2026-10-07T03:26:14.4672133Z test help_long_flag_prints_usage_to_stdout_with_empty_stderr ... ok
test (integration-1)	UNKNOWN STEP	2026-10-07T03:26:14.4687215Z test help_short_flag_prints_usage_to_stdout_with_empty_stderr ... ok
test (integration-1)	UNKNOWN STEP	2026-10-07T03:26:14.4711387Z test help_to_a_failing_sink_reports_failure_instead_of_panicking ... ok
test (integration-1)	UNKNOWN STEP	2026-10-07T03:26:14.4731703Z test last_shard_index_is_accepted ... ok
test (integration-1)	UNKNOWN STEP	2026-10-07T03:26:14.4745367Z test hard_fail_matrix_reports_the_exact_exit_code_and_diagnostic ... ok
test (integration-1)	UNKNOWN STEP	2026-10-07T03:26:14.4755222Z test manifest_honours_out_writing_to_file_with_empty_stdout ... ok
test (integration-1)	UNKNOWN STEP	2026-10-07T03:26:14.4765423Z test manifest_reports_every_field_correctly ... ok
test (integration-1)	UNKNOWN STEP	2026-10-07T03:26:14.4799142Z test out_accepts_a_leading_dash_filename_and_a_relative_path ... ok
test (integration-1)	UNKNOWN STEP	2026-10-07T03:26:14.4812515Z test generated_rows_parse_as_strict_nquads_with_exact_line_count ... ok
test (integration-1)	UNKNOWN STEP	2026-10-07T03:26:14.4823051Z test quads_one_iris_one_is_accepted ... ok
test (integration-1)	UNKNOWN STEP	2026-10-07T03:26:14.4835378Z test shard_stitch_shards_one_partitions_the_whole ... ok
test (integration-1)	UNKNOWN STEP	2026-10-07T03:26:14.4844165Z test manifest_emitted_lines_equals_the_lines_the_same_invocation_produces ... ok
test (integration-1)	UNKNOWN STEP	2026-10-07T03:26:14.4868751Z test shard_stitch_final_shard_equals_the_tail_of_the_whole ... ok
test (integration-1)	UNKNOWN STEP	2026-10-07T03:26:14.4896155Z test shards_one_is_accepted ... ok
test (integration-1)	UNKNOWN STEP	2026-10-07T03:26:14.4924774Z test shard_stitch_shards_outnumber_quads_partitions_the_whole ... ok
test (integration-1)	UNKNOWN STEP	2026-10-07T03:26:14.4987467Z test shard_stitch_uneven_division_partitions_the_whole ... ok
test (integration-1)	UNKNOWN STEP	2026-10-07T03:26:14.5027517Z test ten_billion_iris_mints_only_in_range_entity_indexes ... ok
test (integration-1)	UNKNOWN STEP	2026-10-07T03:26:14.5167472Z test generated_corpus_contains_every_promised_term_kind ... ok
test (integration-1)	UNKNOWN STEP	2026-10-07T03:26:14.5299469Z test very_large_iris_is_accepted ... ok
test (integration-1)	UNKNOWN STEP	2026-10-07T03:26:14.5299665Z 
test (integration-1)	UNKNOWN STEP	2026-10-07T03:26:14.5300109Z test result: ok. 20 passed; 0 failed; 0 ignored; 0 measured; 0 filtered out; finished in 0.07s
test (integration-1)	UNKNOWN STEP	2026-10-07T03:26:14.5300391Z 
test (integration-1)	UNKNOWN STEP	2026-10-07T03:26:14.5306534Z ^[[1m^[[92m     Running^[[0m tests/abi.rs (target/debug/build/purrdf-capi/a85ef346c1aea80b/out/abi-a85ef346c1aea80b)
test (integration-1)	UNKNOWN STEP	2026-10-07T03:26:14.5317014Z 
test (integration-1)	UNKNOWN STEP	2026-10-07T03:26:14.5317086Z running 56 tests
test (integration-1)	UNKNOWN STEP	2026-10-07T03:26:14.5326231Z test abi_version_is_the_current_minor ... ok
test (integration-1)	UNKNOWN STEP	2026-10-07T03:26:14.5326707Z test abi_version_null_out_is_handled ... ok
test (integration-1)	UNKNOWN STEP	2026-10-07T03:26:14.5327035Z test capabilities_reflect_the_dataset ... ok
test (integration-1)	UNKNOWN STEP	2026-10-07T03:26:14.5327392Z test a_spaced_sha3_hyphen_is_an_error_over_the_c_abi ... ok
test (integration-1)	UNKNOWN STEP	2026-10-07T03:26:14.5327716Z test ask_returns_boolean ... ok
test (integration-1)	UNKNOWN STEP	2026-10-07T03:26:14.5328127Z test configured_jsonld_refuses_a_non_absolute_base_through_the_c_abi ... ok
test (integration-1)	UNKNOWN STEP	2026-10-07T03:26:14.5328664Z test configured_jsonld_context_handle_reuses_bytes_and_preserves_yaml_schema ... ok
test (integration-1)	UNKNOWN STEP	2026-10-07T03:26:14.5329260Z test configured_jsonld_emits_and_relativizes_against_the_caller_base_through_the_c_abi ... ok
test (integration-1)	UNKNOWN STEP	2026-10-07T03:26:14.5329718Z test construct_returns_graph ... ok
test (integration-1)	UNKNOWN STEP	2026-10-07T03:26:14.5330154Z test cursor_filters_by_subject ... ok
test (integration-1)	UNKNOWN STEP	2026-10-07T03:26:14.5330493Z test cursor_for_absent_term_is_empty_not_error ... ok
test (integration-1)	UNKNOWN STEP	2026-10-07T03:26:14.5330808Z test cursor_iterates_all_quads ... ok
test (integration-1)	UNKNOWN STEP	2026-10-07T03:26:14.5331086Z test cursor_survives_dataset_free ... ok
test (integration-1)	UNKNOWN STEP	2026-10-07T03:26:14.5331895Z test describe_graph_result_keeps_its_graph_name_on_every_layer ... ok
test (integration-1)	UNKNOWN STEP	2026-10-07T03:26:14.5346773Z test dcat_rdf_executes_deterministically_and_remains_write_only_through_the_c_abi ... ok
test (integration-1)	UNKNOWN STEP	2026-10-07T03:26:14.5347395Z test construct_graph_result_keeps_its_graph_name ... ok
test (integration-1)	UNKNOWN STEP	2026-10-07T03:26:14.5348055Z test attached_ro_crate_payload_round_trips_through_owned_c_handles ... ok
test (integration-1)	UNKNOWN STEP	2026-10-07T03:26:14.5348734Z test every_prose_statement_of_the_abi_version_matches_the_constants ... ok
test (integration-1)	UNKNOWN STEP	2026-10-07T03:26:14.5349318Z test expanded_jsonld_and_yamlld_abi_bytes_are_frozen ... ok
test (integration-1)	UNKNOWN STEP	2026-10-07T03:26:14.5351151Z test governed_update_parse_refusals_carry_typed_presentations ... ok
test (integration-1)	UNKNOWN STEP	2026-10-07T03:26:14.5351707Z test graph_insert_grows_the_frozen_count ... ok
test (integration-1)	UNKNOWN STEP	2026-10-07T03:26:14.5357026Z test graph_reinsert_unsuppresses_a_removed_base_quad ... ok
test (integration-1)	UNKNOWN STEP	2026-10-07T03:26:14.5363531Z test graph_remove_base_quad_shrinks_the_frozen_count ... ok
test (integration-1)	UNKNOWN STEP	2026-10-07T03:26:14.5366100Z test graph_insert_then_scan_order_is_stable_across_fresh_graphs ... ok
test (integration-1)	UNKNOWN STEP	2026-10-07T03:26:14.5366725Z test gts_round_trips_a_plain_graph ... ok
test (integration-1)	UNKNOWN STEP	2026-10-07T03:26:14.5367256Z test gts_roundtrip_keeps_every_binding_of_one_reifier ... ok
test (integration-1)	UNKNOWN STEP	2026-10-07T03:26:14.5367801Z test invalid_direction_yields_invalid_argument ... ok
test (integration-1)	UNKNOWN STEP	2026-10-07T03:26:14.5368349Z test gts_star_roundtrip_preserves_the_statement_layer ... ok
test (integration-1)	UNKNOWN STEP	2026-10-07T03:26:14.5369159Z test invalid_graph_match_kind_yields_invalid_argument ... ok
test (integration-1)	UNKNOWN STEP	2026-10-07T03:26:14.5369704Z test invalid_term_kind_yields_invalid_argument ... ok
test (integration-1)	UNKNOWN STEP	2026-10-07T03:26:14.5370455Z test parse_counts_quads_and_terms ... ok
test (integration-1)	UNKNOWN STEP	2026-10-07T03:26:14.5370981Z test parse_rejects_malformed_turtle_without_aborting ... ok
test (integration-1)	UNKNOWN STEP	2026-10-07T03:26:14.5372244Z test projection_archive_and_ledger_round_trip_through_owned_c_handles ... ok
test (integration-1)	UNKNOWN STEP	2026-10-07T03:26:14.5372954Z test projection_c_surface_rejects_write_only_lift_and_aliasing_outputs ... ok
test (integration-1)	UNKNOWN STEP	2026-10-07T03:26:14.5374116Z test query_json_construct_into_a_named_graph_keeps_the_graph ... ok
test (integration-1)	UNKNOWN STEP	2026-10-07T03:26:14.5375089Z test query_json_has_sparql_results_shape ... ok
test (integration-1)	UNKNOWN STEP	2026-10-07T03:26:14.5376602Z test query_json_describe_over_trig_keeps_every_layers_graph ... ok
test (integration-1)	UNKNOWN STEP	2026-10-07T03:26:14.5378170Z test query_json_provenance_namespace_populates_and_round_trips ... ok
test (integration-1)	UNKNOWN STEP	2026-10-07T03:26:14.5379353Z test query_json_lone_provenance_half_is_refused ... ok
test (integration-1)	UNKNOWN STEP	2026-10-07T03:26:14.5379878Z test quoted_triple_object_renders_to_ntriples ... ok
test (integration-1)	UNKNOWN STEP	2026-10-07T03:26:14.5380801Z test every_exported_entry_point_is_declared_in_the_committed_header ... ok
test (integration-1)	UNKNOWN STEP	2026-10-07T03:26:14.5381357Z test rowcursor_reports_unbound_optional ... ok
test (integration-1)	UNKNOWN STEP	2026-10-07T03:26:14.5383114Z test query_parse_refusals_carry_typed_presentations ... ok
test (integration-1)	UNKNOWN STEP	2026-10-07T03:26:14.5383445Z test select_lists_subjects ... ok
test (integration-1)	UNKNOWN STEP	2026-10-07T03:26:14.5383798Z test serialize_accepts_a_null_pointer_for_each_loss_count ... ok
test (integration-1)	UNKNOWN STEP	2026-10-07T03:26:14.5390943Z test serialize_rejects_unknown_media_type ... ok
test (integration-1)	UNKNOWN STEP	2026-10-07T03:26:14.5391696Z test serialize_emits_and_relativizes_against_the_caller_base_through_the_c_abi ... ok
test (integration-1)	UNKNOWN STEP	2026-10-07T03:26:14.5392373Z test serialize_refuses_a_non_absolute_base_through_the_c_abi ... ok
test (integration-1)	UNKNOWN STEP	2026-10-07T03:26:14.5393006Z test serialize_round_trips_through_ntriples ... ok
test (integration-1)	UNKNOWN STEP	2026-10-07T03:26:14.5393475Z test serialize_reports_the_named_graph_rows_a_single_graph_syntax_drops ... ok
test (integration-1)	UNKNOWN STEP	2026-10-07T03:26:14.5393752Z test status_discriminants_are_frozen ... ok
test (integration-1)	UNKNOWN STEP	2026-10-07T03:26:14.5393951Z test the_status_enum_is_append_only ... ok
test (integration-1)	UNKNOWN STEP	2026-10-07T03:26:14.5394189Z test sha3_builtins_reach_their_published_digests_over_the_c_abi ... ok
test (integration-1)	UNKNOWN STEP	2026-10-07T03:26:14.5394500Z test sha3_underscored_sep_spelling_reaches_the_same_digests_over_the_c_abi ... ok
test (integration-1)	UNKNOWN STEP	2026-10-07T03:26:14.5395113Z test void_executes_deterministically_and_remains_write_only_through_the_c_abi ... ok
test (integration-1)	UNKNOWN STEP	2026-10-07T03:26:14.5399051Z test every_research_object_profile_executes_through_the_c_abi ... ok
test (integration-1)	UNKNOWN STEP	2026-10-07T03:26:14.5399309Z 
test (integration-1)	UNKNOWN STEP	2026-10-07T03:26:14.5399625Z test result: ok. 56 passed; 0 failed; 0 ignored; 0 measured; 0 filtered out; finished in 0.01s
test (integration-1)	UNKNOWN STEP	2026-10-07T03:26:14.5399911Z 
test (integration-1)	UNKNOWN STEP	2026-10-07T03:26:14.5405002Z ^[[1m^[[92m     Running^[[0m tests/abi_signatures.rs (target/debug/build/purrdf-capi/76ba436e756c9f1c/out/abi_signatures-76ba436e756c9f1c)
test (integration-1)	UNKNOWN STEP	2026-10-07T03:26:14.5412688Z 
test (integration-1)	UNKNOWN STEP	2026-10-07T03:26:14.5412844Z running 4 tests
test (integration-1)	UNKNOWN STEP	2026-10-07T03:26:14.5414982Z test committed_header_reports_the_source_abi_version ... ok
test (integration-1)	UNKNOWN STEP	2026-10-07T03:26:14.5415442Z test snapshot_records_the_current_abi_version ... ok
test (integration-1)	UNKNOWN STEP	2026-10-07T03:26:14.5422010Z test exported_signatures_match_the_frozen_snapshot ... ok
test (integration-1)	UNKNOWN STEP	2026-10-07T03:26:14.5432622Z test the_signatures_the_minor_bump_paid_for_are_the_ones_that_shipped ... ok
test (integration-1)	UNKNOWN STEP	2026-10-07T03:26:14.5432897Z 
test (integration-1)	UNKNOWN STEP	2026-10-07T03:26:14.5433113Z test result: ok. 4 passed; 0 failed; 0 ignored; 0 measured; 0 filtered out; finished in 0.00s
test (integration-1)	UNKNOWN STEP	2026-10-07T03:26:14.5433311Z 
test (integration-1)	UNKNOWN STEP	2026-10-07T03:26:14.5434803Z ^[[1m^[[92m     Running^[[0m tests/c_smoke.rs (target/debug/build/purrdf-capi/06da4582a994635b/out/c_smoke-06da4582a994635b)
test (integration-1)	UNKNOWN STEP	2026-10-07T03:26:14.5441528Z 
test (integration-1)	UNKNOWN STEP	2026-10-07T03:26:14.5441597Z running 0 tests
test (integration-1)	UNKNOWN STEP	2026-10-07T03:26:14.5441845Z 
test (integration-1)	UNKNOWN STEP	2026-10-07T03:26:14.5442099Z test result: ok. 0 passed; 0 failed; 0 ignored; 0 measured; 1 filtered out; finished in 0.00s
test (integration-1)	UNKNOWN STEP	2026-10-07T03:26:14.5442280Z 
test (integration-1)	UNKNOWN STEP	2026-10-07T03:26:14.5443968Z ^[[1m^[[92m     Running^[[0m tests/adversarial.rs (target/debug/build/purrdf-cdt/d4d6e6fd5d0ad053/out/adversarial-d4d6e6fd5d0ad053)
test (integration-1)	UNKNOWN STEP	2026-10-07T03:26:14.5450431Z 
test (integration-1)	UNKNOWN STEP	2026-10-07T03:26:14.5450694Z running 11 tests
test (integration-1)	UNKNOWN STEP	2026-10-07T03:26:14.5733381Z test composite_literals_nested_in_literals_are_seen_through_at_every_level ... ok
test (integration-1)	UNKNOWN STEP	2026-10-07T03:26:14.7850118Z test every_walk_over_a_hundred_thousand_deep_value_completes_on_a_256_kib_stack ... ok
test (integration-1)	UNKNOWN STEP	2026-10-07T03:26:14.7907425Z test a_lexical_form_whose_canonical_form_is_oversized_is_refused ... ok
test (integration-1)	UNKNOWN STEP	2026-10-07T03:26:14.8791201Z test a_map_built_programmatically_is_bounded_too ... ok
test (integration-1)	UNKNOWN STEP	2026-10-07T03:26:14.9291933Z test oversized_lexical_forms_are_typed_errors ... ok
test (integration-1)	UNKNOWN STEP	2026-10-07T03:26:15.0050415Z test programmatic_element_counts_are_refused_at_the_same_bound ... ok
test (integration-1)	UNKNOWN STEP	2026-10-07T03:26:15.0052258Z test rust_min_stack_is_unset_so_the_evidence_is_honest ... ok
test (integration-1)	UNKNOWN STEP	2026-10-07T03:26:15.1177658Z test the_element_bound_refuses_a_small_input_that_would_build_a_huge_value ... ok
test (integration-1)	UNKNOWN STEP	2026-10-07T03:26:15.1393424Z test programmatic_nesting_a_hundred_thousand_deep_builds_clones_prints_and_drops ... ok
test (integration-1)	UNKNOWN STEP	2026-10-07T03:26:15.3142330Z test nesting_meets_the_element_bound_and_nothing_else ... ok
test (integration-1)	UNKNOWN STEP	2026-10-07T03:26:17.5178869Z test a_million_deep_list_and_map_parse_render_compare_and_drop_on_a_256_kib_stack ... ok
test (integration-1)	UNKNOWN STEP	2026-10-07T03:26:17.5179107Z 
test (integration-1)	UNKNOWN STEP	2026-10-07T03:26:17.5179316Z test result: ok. 11 passed; 0 failed; 0 ignored; 0 measured; 0 filtered out; finished in 2.97s
test (integration-1)	UNKNOWN STEP	2026-10-07T03:26:17.5179499Z 
test (integration-1)	UNKNOWN STEP	2026-10-07T03:26:17.5243890Z ^[[1m^[[92m     Running^[[0m tests/byte_determinism.rs (target/debug/build/purrdf-cdt/5b1adc476f0bb319/out/byte_determinism-5b1adc476f0bb319)
test (integration-1)	UNKNOWN STEP	2026-10-07T03:26:17.5254610Z 
test (integration-1)	UNKNOWN STEP	2026-10-07T03:26:17.5254710Z running 6 tests
test (integration-1)	UNKNOWN STEP	2026-10-07T03:26:17.5257322Z test canonical_bytes_are_pinned ... ok
test (integration-1)	UNKNOWN STEP	2026-10-07T03:26:17.5257820Z test canonical_form_is_a_fixpoint_over_a_hand_written_corpus ... ok
test (integration-1)	UNKNOWN STEP	2026-10-07T03:26:17.5258570Z test map_rendering_does_not_depend_on_authoring_order ... ok
test (integration-1)	UNKNOWN STEP	2026-10-07T03:26:17.5287276Z test canonical_parse_canonical_is_a_fixpoint ... ok
test (integration-1)	UNKNOWN STEP	2026-10-07T03:26:17.5291981Z test rendering_is_a_pure_function_of_the_value ... ok
test (integration-1)	UNKNOWN STEP	2026-10-07T03:26:17.5296502Z test parsing_is_injective_on_canonical_forms ... ok
test (integration-1)	UNKNOWN STEP	2026-10-07T03:26:17.5296715Z 
test (integration-1)	UNKNOWN STEP	2026-10-07T03:26:17.5297009Z test result: ok. 6 passed; 0 failed; 0 ignored; 0 measured; 0 filtered out; finished in 0.00s
test (integration-1)	UNKNOWN STEP	2026-10-07T03:26:17.5297243Z 
test (integration-1)	UNKNOWN STEP	2026-10-07T03:26:17.5299273Z ^[[1m^[[92m     Running^[[0m tests/argv_documents_cli.rs (target/debug/build/purrdf-cli/f570fd06af46cd39/out/argv_documents_cli-f570fd06af46cd39)
test (integration-1)	UNKNOWN STEP	2026-10-07T03:26:17.5305541Z 
test (integration-1)	UNKNOWN STEP	2026-10-07T03:26:17.5305617Z running 7 tests
test (integration-1)	UNKNOWN STEP	2026-10-07T03:26:17.5340847Z test rules_refuses_a_shared_stdin_across_input_srl_and_imports ... ok
test (integration-1)	UNKNOWN STEP	2026-10-07T03:26:17.5380258Z test rules_runs_with_one_stdin_import_and_refuses_it_beside_another_reader ... ok
test (integration-1)	UNKNOWN STEP	2026-10-07T03:26:17.5394144Z test import_pairs_refuse_relative_and_repeated_iris_but_accept_an_absolute_one ... ok
test (integration-1)	UNKNOWN STEP	2026-10-07T03:26:17.5394622Z test entails_refuses_two_stdins_and_answers_one ... ok
test (integration-1)	UNKNOWN STEP	2026-10-07T03:26:17.5420913Z test validate_refuses_a_shared_stdin_across_data_shapes_and_changes ... ok
test (integration-1)	UNKNOWN STEP	2026-10-07T03:26:17.5435756Z test a_repeated_import_iri_is_refused_and_two_distinct_iris_are_accepted ... ok
test (integration-1)	UNKNOWN STEP	2026-10-07T03:26:17.5446823Z test validate_runs_with_a_product_file_and_refuses_a_product_on_stdin_beside_input ... ok
test (integration-1)	UNKNOWN STEP	2026-10-07T03:26:17.5447125Z 
test (integration-1)	UNKNOWN STEP	2026-10-07T03:26:17.5447387Z test result: ok. 7 passed; 0 failed; 0 ignored; 0 measured; 0 filtered out; finished in 0.01s
test (integration-1)	UNKNOWN STEP	2026-10-07T03:26:17.5447592Z 
test (integration-1)	UNKNOWN STEP	2026-10-07T03:26:17.5449325Z ^[[1m^[[92m     Running^[[0m tests/consistency_cli.rs (target/debug/build/purrdf-cli/d811dc1da2a2585c/out/consistency_cli-d811dc1da2a2585c)
test (integration-1)	UNKNOWN STEP	2026-10-07T03:26:17.5455825Z 
test (integration-1)	UNKNOWN STEP	2026-10-07T03:26:17.5455918Z running 18 tests
test (integration-1)	UNKNOWN STEP	2026-10-07T03:26:17.5482804Z test a_narrow_work_cap_reports_unknown_and_exits_three ... ok
test (integration-1)	UNKNOWN STEP	2026-10-07T03:26:17.5483396Z test a_narrow_step_cap_reports_unknown_and_exits_three ... ok
test (integration-1)	UNKNOWN STEP	2026-10-07T03:26:17.5484156Z test a_consistent_ontology_decides_true_and_is_fully_decided ... ok
test (integration-1)	UNKNOWN STEP	2026-10-07T03:26:17.5508007Z test an_absent_proof_is_refused_by_name ... ok
test (integration-1)	UNKNOWN STEP	2026-10-07T03:26:17.5528609Z test a_proof_for_another_ontology_is_refused_by_the_command ... ok
test (integration-1)	UNKNOWN STEP	2026-10-07T03:26:17.5529371Z test an_inconsistent_ontology_decides_false_and_still_exits_zero ... ok
test (integration-1)	UNKNOWN STEP	2026-10-07T03:26:17.5552287Z test an_inconsistency_proof_checks_through_the_command ... ok
test (integration-1)	UNKNOWN STEP	2026-10-07T03:26:17.5566096Z test base_with_a_relative_incapable_input_is_refused_by_name ... ok
test (integration-1)	UNKNOWN STEP	2026-10-07T03:26:17.5570338Z test a_proof_this_command_produced_checks_through_this_command ... ok
test (integration-1)	UNKNOWN STEP	2026-10-07T03:26:17.5591226Z test base_resolves_relative_iris_piped_via_stdin ... ok
test (integration-1)	UNKNOWN STEP	2026-10-07T03:26:17.5592740Z test jsonld_options_is_refused_rather_than_silently_ignored ... ok
test (integration-1)	UNKNOWN STEP	2026-10-07T03:26:17.5593251Z test from_resolves_stdin_turtle ... ok
test (integration-1)	UNKNOWN STEP	2026-10-07T03:26:17.5607415Z test loss_ledger_is_refused_rather_than_silently_ignored ... ok
test (integration-1)	UNKNOWN STEP	2026-10-07T03:26:17.5614869Z test base_with_pack_from_is_refused_by_name ... ok
test (integration-1)	UNKNOWN STEP	2026-10-07T03:26:17.5620474Z test stdin_requires_an_explicit_from_format ... ok
test (integration-1)	UNKNOWN STEP	2026-10-07T03:26:17.5620835Z test ntriples_input_is_inferred_from_the_extension ... ok
test (integration-1)	UNKNOWN STEP	2026-10-07T03:26:17.5632531Z test the_same_ontology_decides_true_without_narrowing ... ok
test (integration-1)	UNKNOWN STEP	2026-10-07T03:26:17.5646522Z test the_proof_is_opt_in_and_changes_nothing_the_command_decides ... ok
test (integration-1)	UNKNOWN STEP	2026-10-07T03:26:17.5646773Z 
test (integration-1)	UNKNOWN STEP	2026-10-07T03:26:17.5647110Z test result: ok. 18 passed; 0 failed; 0 ignored; 0 measured; 0 filtered out; finished in 0.02s
test (integration-1)	UNKNOWN STEP	2026-10-07T03:26:17.5647398Z 
test (integration-1)	UNKNOWN STEP	2026-10-07T03:26:17.5648799Z ^[[1m^[[92m     Running^[[0m tests/convert_cli.rs (target/debug/build/purrdf-cli/744698e4d8cd94cc/out/convert_cli-744698e4d8cd94cc)
test (integration-1)	UNKNOWN STEP	2026-10-07T03:26:17.5655696Z 
test (integration-1)	UNKNOWN STEP	2026-10-07T03:26:17.5655778Z running 55 tests
test (integration-1)	UNKNOWN STEP	2026-10-07T03:26:17.5684642Z test a_path_shaped_base_is_refused_at_the_argument_boundary ... ok
test (integration-1)	UNKNOWN STEP	2026-10-07T03:26:17.5697524Z test a_relative_reference_from_a_file_resolves_rather_than_emitting_invalid_ntriples ... ok
test (integration-1)	UNKNOWN STEP	2026-10-07T03:26:17.5699384Z test a_path_with_reserved_and_non_ascii_bytes_derives_an_encoded_retrieval_iri ... ok
test (integration-1)	UNKNOWN STEP	2026-10-07T03:26:17.5700204Z test a_base_in_scope_still_resolves_the_same_reference ... ok
test (integration-1)	UNKNOWN STEP	2026-10-07T03:26:17.5700756Z test a_relative_reference_resolves_against_an_encoded_retrieval_iri ... ok
test (integration-1)	UNKNOWN STEP	2026-10-07T03:26:17.5701412Z test an_explicit_base_wins_over_the_derived_retrieval_iri ... ok
test (integration-1)	UNKNOWN STEP	2026-10-07T03:26:17.5721398Z test an_unresolvable_dot_relative_base_is_given_the_rule_and_no_invented_path ... ok
test (integration-1)	UNKNOWN STEP	2026-10-07T03:26:17.5768789Z test an_rdfxml_qualified_name_refusal_names_whichever_base_is_in_scope ... ok
test (integration-1)	UNKNOWN STEP	2026-10-07T03:26:17.5788780Z test base_resolves_relative_iris_on_parse ... ok
test (integration-1)	UNKNOWN STEP	2026-10-07T03:26:17.5809456Z test base_relativizes_on_serialize_and_the_document_round_trips_through_its_own_base ... ok
test (integration-1)	UNKNOWN STEP	2026-10-07T03:26:17.5810417Z test base_with_a_base_less_target_succeeds_and_emits_absolute_iris ... ok
test (integration-1)	UNKNOWN STEP	2026-10-07T03:26:17.5830569Z test base_under_canonical_is_refused_when_the_source_cannot_spend_it ... ok
test (integration-1)	UNKNOWN STEP	2026-10-07T03:26:17.5833529Z test an_absolute_only_refusal_names_the_base_the_caller_supplied ... ok
test (integration-1)	UNKNOWN STEP	2026-10-07T03:26:17.5844255Z test base_with_pack_from_is_refused_by_name ... ok
test (integration-1)	UNKNOWN STEP	2026-10-07T03:26:17.5846251Z test base_with_pack_to_is_refused_by_name ... ok
test (integration-1)	UNKNOWN STEP	2026-10-07T03:26:17.5865262Z test canonical_with_to_is_refused_by_name ... ok
test (integration-1)	UNKNOWN STEP	2026-10-07T03:26:17.5865983Z test canonical_refuses_reserved_vocabulary_without_aborting ... ok
test (integration-1)	UNKNOWN STEP	2026-10-07T03:26:17.5921030Z test canonical_without_to_emits_canonical_nquads ... ok
test (integration-1)	UNKNOWN STEP	2026-10-07T03:26:17.5945649Z test conversion_is_deterministic ... ok
test (integration-1)	UNKNOWN STEP	2026-10-07T03:26:17.5961042Z test canonical_output_is_stable_and_serialization_independent ... ok
test (integration-1)	UNKNOWN STEP	2026-10-07T03:26:17.6012654Z test directional_literal_drop_recorded_in_loss_ledger ... ok
test (integration-1)	UNKNOWN STEP	2026-10-07T03:26:17.6036225Z test disk_pack_to_pack_corrupt_input_fails_closed ... ok
test (integration-1)	UNKNOWN STEP	2026-10-07T03:26:17.6081698Z test disk_pack_to_pack_is_byte_identical_passthrough ... ok
test (integration-1)	UNKNOWN STEP	2026-10-07T03:26:17.6094176Z test configured_jsonld_cli_modes_registry_yaml_and_errors_share_one_schema ... ok
test (integration-1)	UNKNOWN STEP	2026-10-07T03:26:17.6106236Z test empty_iri_reference_from_a_file_resolves_to_the_files_own_iri ... ok
test (integration-1)	UNKNOWN STEP	2026-10-07T03:26:17.6224786Z test entailment_rdfs_infers_type_from_text_input ... ok
test (integration-1)	UNKNOWN STEP	2026-10-07T03:26:17.6232582Z test entailment_rdfs_infers_type_from_pack_input ... ok
test (integration-1)	UNKNOWN STEP	2026-10-07T03:26:17.6352732Z test directional_literal_per_format_behavior ... ok
test (integration-1)	UNKNOWN STEP	2026-10-07T03:26:17.6398630Z test expanded_jsonld_and_yamlld_cli_bytes_are_frozen ... ok
test (integration-1)	UNKNOWN STEP	2026-10-07T03:26:17.6420461Z test entailment_then_canonical_composes ... ok
test (integration-1)	UNKNOWN STEP	2026-10-07T03:26:17.6464902Z test explicit_from_overrides_a_misleading_extension ... ok
test (integration-1)	UNKNOWN STEP	2026-10-07T03:26:17.6472845Z test explicit_formats_on_extensionless_input ... ok
test (integration-1)	UNKNOWN STEP	2026-10-07T03:26:17.6490650Z test extensionless_input_without_from_is_a_usage_error ... ok
test (integration-1)	UNKNOWN STEP	2026-10-07T03:26:17.6506200Z test file_target_overwrite_truncates ... ok
test (integration-1)	UNKNOWN STEP	2026-10-07T03:26:17.6530533Z test file_target_partial_output_is_removed_on_failure ... ok
test (integration-1)	UNKNOWN STEP	2026-10-07T03:26:17.6534749Z test file_target_symlink_is_not_unlinked ... ok
test (integration-1)	UNKNOWN STEP	2026-10-07T03:26:17.6601201Z test every_entailment_regime_materializes ... ok
test (integration-1)	UNKNOWN STEP	2026-10-07T03:26:17.6641440Z test jsonld_options_file_is_rejected_at_the_shared_byte_ceiling ... ok
test (integration-1)	UNKNOWN STEP	2026-10-07T03:26:17.6704433Z test pack_to_trig_equals_direct_dataset_to_trig ... ok
test (integration-1)	UNKNOWN STEP	2026-10-07T03:26:17.6707428Z test large_ntriples_ingress_preserves_every_triple ... ok
test (integration-1)	UNKNOWN STEP	2026-10-07T03:26:17.6730468Z test rules_without_entailment_is_refused_by_name ... ok
test (integration-1)	UNKNOWN STEP	2026-10-07T03:26:17.6793764Z test rfc3986_reference_corners_resolve_through_the_cli ... ok
test (integration-1)	UNKNOWN STEP	2026-10-07T03:26:17.6841878Z test seed_b_named_graph_projected_away_by_single_graph_targets ... ok
test (integration-1)	UNKNOWN STEP	2026-10-07T03:26:17.6850713Z test seed_b_named_graph_preserved_by_dataset_targets ... ok
test (integration-1)	UNKNOWN STEP	2026-10-07T03:26:17.6920893Z test seed_c_statement_layer_projected_by_star_incapable_targets ... ok
test (integration-1)	UNKNOWN STEP	2026-10-07T03:26:17.6940627Z test stdin_to_stdout_with_explicit_formats ... ok
test (integration-1)	UNKNOWN STEP	2026-10-07T03:26:17.7161253Z test seed_c_statement_layer_roundtrips_star_capable_targets ... ok
test (integration-1)	UNKNOWN STEP	2026-10-07T03:26:17.7241301Z test text_via_pack_equals_direct_text ... ok
test (integration-1)	UNKNOWN STEP	2026-10-07T03:26:17.7267441Z test the_base_hint_for_a_dot_relative_value_names_the_directory_that_was_written ... ok
test (integration-1)	UNKNOWN STEP	2026-10-07T03:26:17.7291126Z test the_base_hint_for_an_absolute_path_is_derived_and_encoded ... ok
test (integration-1)	UNKNOWN STEP	2026-10-07T03:26:17.7298827Z test the_same_document_on_stdin_is_refused_and_names_the_remedy ... ok
test (integration-1)	UNKNOWN STEP	2026-10-07T03:26:17.7418467Z test the_streamed_and_buffered_lanes_word_the_refusal_identically ... ok
test (integration-1)	UNKNOWN STEP	2026-10-07T03:26:17.7552268Z test stdout_broken_pipe_exits_clean ... ok
test (integration-1)	UNKNOWN STEP	2026-10-07T03:26:17.7599403Z test base_is_refused_exactly_when_neither_leg_can_consume_it ... ok
test (integration-1)	UNKNOWN STEP	2026-10-07T03:26:18.0106114Z test matrix_seed_a_every_pair_is_isomorphic ... ok
test (integration-1)	UNKNOWN STEP	2026-10-07T03:26:18.0106372Z 
test (integration-1)	UNKNOWN STEP	2026-10-07T03:26:18.0106588Z test result: ok. 55 passed; 0 failed; 0 ignored; 0 measured; 0 filtered out; finished in 0.44s
test (integration-1)	UNKNOWN STEP	2026-10-07T03:26:18.0107043Z 
test (integration-1)	UNKNOWN STEP	2026-10-07T03:26:18.0110320Z ^[[1m^[[92m     Running^[[0m tests/declared_empty_graphs_cli.rs (target/debug/build/purrdf-cli/f74fa01070d33231/out/declared_empty_graphs_cli-f74fa01070d33231)
test (integration-1)	UNKNOWN STEP	2026-10-07T03:26:18.0117211Z 
test (integration-1)	UNKNOWN STEP	2026-10-07T03:26:18.0117307Z running 5 tests
test (integration-1)	UNKNOWN STEP	2026-10-07T03:26:18.0166277Z test a_pack_round_trip_keeps_iri_and_blank_named_empty_graphs ... ok
test (integration-1)	UNKNOWN STEP	2026-10-07T03:26:18.0171284Z test a_query_over_a_pack_enumerates_its_declared_empty_graphs ... ok
test (integration-1)	UNKNOWN STEP	2026-10-07T03:26:18.0210726Z test targets_without_an_empty_graph_spelling_report_each_dropped_graph ... ok
test (integration-1)	UNKNOWN STEP	2026-10-07T03:26:18.0247612Z test trix_and_pack_sources_name_themselves_on_each_dropped_graph ... ok
test (integration-1)	UNKNOWN STEP	2026-10-07T03:26:18.0282880Z test targets_that_spell_empty_graphs_and_datasets_without_them_report_nothing_new ... ok
test (integration-1)	UNKNOWN STEP	2026-10-07T03:26:18.0283205Z 
test (integration-1)	UNKNOWN STEP	2026-10-07T03:26:18.0283550Z test result: ok. 5 passed; 0 failed; 0 ignored; 0 measured; 0 filtered out; finished in 0.02s
test (integration-1)	UNKNOWN STEP	2026-10-07T03:26:18.0283877Z 
test (integration-1)	UNKNOWN STEP	2026-10-07T03:26:18.0285792Z ^[[1m^[[92m     Running^[[0m tests/describe_cli.rs (target/debug/build/purrdf-cli/083970d321c164ae/out/describe_cli-083970d321c164ae)
test (integration-1)	UNKNOWN STEP	2026-10-07T03:26:18.0293006Z 
test (integration-1)	UNKNOWN STEP	2026-10-07T03:26:18.0293085Z running 19 tests
test (integration-1)	UNKNOWN STEP	2026-10-07T03:26:18.0321357Z test a_malformed_source_is_a_runtime_failure ... ok
test (integration-1)	UNKNOWN STEP	2026-10-07T03:26:18.0358473Z test a_relative_iri_selector_resolves_against_the_base_in_force ... ok
test (integration-1)	UNKNOWN STEP	2026-10-07T03:26:18.0367102Z test a_description_can_be_written_to_a_pack ... ok
test (integration-1)	UNKNOWN STEP	2026-10-07T03:26:18.0375680Z test a_star_incapable_target_records_the_dropped_statement_rows ... ok
test (integration-1)	UNKNOWN STEP	2026-10-07T03:26:18.0386943Z test an_absent_subject_is_an_empty_description ... ok
test (integration-1)	UNKNOWN STEP	2026-10-07T03:26:18.0399197Z test at_least_one_iri_is_required ... ok
test (integration-1)	UNKNOWN STEP	2026-10-07T03:26:18.0399630Z test a_named_graph_description_is_refused_by_a_single_graph_target ... ok
test (integration-1)	UNKNOWN STEP	2026-10-07T03:26:18.0431076Z test an_unresolvable_selector_is_refused_and_an_absent_one_is_an_empty_answer ... ok
test (integration-1)	UNKNOWN STEP	2026-10-07T03:26:18.0438045Z test base_resolves_relative_iris_while_parsing ... ok
test (integration-1)	UNKNOWN STEP	2026-10-07T03:26:18.0452139Z test base_is_never_refused_because_the_iri_selector_always_spends_it ... ok
test (integration-1)	UNKNOWN STEP	2026-10-07T03:26:18.0476360Z test several_subjects_are_described_as_one_union ... ok
test (integration-1)	UNKNOWN STEP	2026-10-07T03:26:18.0499046Z test jsonld_options_require_a_jsonld_target ... ok
test (integration-1)	UNKNOWN STEP	2026-10-07T03:26:18.0499721Z test describe_agrees_byte_for_byte_with_sparql_describe ... ok
test (integration-1)	UNKNOWN STEP	2026-10-07T03:26:18.0507587Z test the_description_is_a_symmetric_concise_bounded_description ... ok
test (integration-1)	UNKNOWN STEP	2026-10-07T03:26:18.0523685Z test the_rdf12_statement_layer_is_described ... ok
test (integration-1)	UNKNOWN STEP	2026-10-07T03:26:18.0544030Z test stdin_and_stdout_require_explicit_formats ... ok
test (integration-1)	UNKNOWN STEP	2026-10-07T03:26:18.0564550Z test the_statement_layer_stays_in_the_graph_it_came_from ... ok
test (integration-1)	UNKNOWN STEP	2026-10-07T03:26:18.0565152Z test the_verb_needs_no_serialization_incantation_the_query_route_does ... ok
test (integration-1)	UNKNOWN STEP	2026-10-07T03:26:18.0798099Z test every_native_source_format_reaches_the_same_description ... ok
test (integration-1)	UNKNOWN STEP	2026-10-07T03:26:18.0798282Z 
test (integration-1)	UNKNOWN STEP	2026-10-07T03:26:18.0798493Z test result: ok. 19 passed; 0 failed; 0 ignored; 0 measured; 0 filtered out; finished in 0.05s
test (integration-1)	UNKNOWN STEP	2026-10-07T03:26:18.0798707Z 
test (integration-1)	UNKNOWN STEP	2026-10-07T03:26:18.0801290Z ^[[1m^[[92m     Running^[[0m tests/blank_publication.rs (target/debug/build/purrdf-core/9c5d7baeabbefe8b/out/blank_publication-9c5d7baeabbefe8b)
test (integration-1)	UNKNOWN STEP	2026-10-07T03:26:18.0808262Z 
test (integration-1)	UNKNOWN STEP	2026-10-07T03:26:18.0808358Z running 4 tests
test (integration-1)	UNKNOWN STEP	2026-10-07T03:26:18.0811040Z test a_declared_blank_graph_name_is_a_retained_identity_fresh_blanks_avoid ... ok
test (integration-1)	UNKNOWN STEP	2026-10-07T03:26:18.0811464Z test declarations_add_only_their_blank_names_to_the_base_and_delta_visit ... ok
test (integration-1)	UNKNOWN STEP	2026-10-07T03:26:18.0811822Z test inventory_keeps_suppressed_and_nested_base_and_delta_identities ... ok
test (integration-1)	UNKNOWN STEP	2026-10-07T03:26:18.0812176Z test visitor_stops_at_the_first_break_in_either_storage_layer ... ok
test (integration-1)	UNKNOWN STEP	2026-10-07T03:26:18.0812363Z 
test (integration-1)	UNKNOWN STEP	2026-10-07T03:26:18.0812779Z test result: ok. 4 passed; 0 failed; 0 ignored; 0 measured; 0 filtered out; finished in 0.00s
test (integration-1)	UNKNOWN STEP	2026-10-07T03:26:18.0813073Z 
test (integration-1)	UNKNOWN STEP	2026-10-07T03:26:18.0813720Z ^[[1m^[[92m     Running^[[0m tests/builder_locations.rs (target/debug/build/purrdf-core/52e7ddc2abdecd49/out/builder_locations-52e7ddc2abdecd49)
test (integration-1)	UNKNOWN STEP	2026-10-07T03:26:18.0820612Z 
test (integration-1)	UNKNOWN STEP	2026-10-07T03:26:18.0820692Z running 4 tests
test (integration-1)	UNKNOWN STEP	2026-10-07T03:26:18.0823513Z test owned_duplicate_location_does_not_move_to_the_next_row ... ok
test (integration-1)	UNKNOWN STEP	2026-10-07T03:26:18.0824040Z test returned_handles_follow_deduplicated_graph_qualified_rows ... ok
test (integration-1)	UNKNOWN STEP	2026-10-07T03:26:18.0824477Z test owned_duplicate_location_survives_at_end ... ok
test (integration-1)	UNKNOWN STEP	2026-10-07T03:26:18.0824784Z test unrealized_location_handle_cannot_alias_a_later_row ... ok
test (integration-1)	UNKNOWN STEP	2026-10-07T03:26:18.0825008Z 
test (integration-1)	UNKNOWN STEP	2026-10-07T03:26:18.0825280Z test result: ok. 4 passed; 0 failed; 0 ignored; 0 measured; 0 filtered out; finished in 0.00s
test (integration-1)	UNKNOWN STEP	2026-10-07T03:26:18.0825466Z 
test (integration-1)	UNKNOWN STEP	2026-10-07T03:26:18.0826084Z ^[[1m^[[92m     Running^[[0m tests/canonical_term_mapping.rs (target/debug/build/purrdf-core/9f6aa125e3d8814c/out/canonical_term_mapping-9f6aa125e3d8814c)
test (integration-1)	UNKNOWN STEP	2026-10-07T03:26:18.0832911Z 
test (integration-1)	UNKNOWN STEP	2026-10-07T03:26:18.0833062Z running 5 tests
test (integration-1)	UNKNOWN STEP	2026-10-07T03:26:18.0836289Z test mapped_content_ids_and_predecessors_keep_the_configured_scheme ... ok
test (integration-1)	UNKNOWN STEP	2026-10-07T03:26:18.0836839Z test composite_only_blanks_and_interned_iris_are_mapped ... ok
test (integration-1)	UNKNOWN STEP	2026-10-07T03:26:18.0837284Z test mapping_does_not_change_admission_refusals ... ok
test (integration-1)	UNKNOWN STEP	2026-10-07T03:26:18.0837788Z test mapped_records_preserve_native_identity_and_source_locations ... ok
test (integration-1)	UNKNOWN STEP	2026-10-07T03:26:18.0838429Z test unused_dictionary_terms_are_not_fabricated_by_mapping ... ok
test (integration-1)	UNKNOWN STEP	2026-10-07T03:26:18.0839146Z ^[[1m^[[92m     Running^[[0m tests/cdt_blank_identity.rs (target/debug/build/purrdf-core/ad6f57727bade707/out/cdt_blank_identity-ad6f57727bade707)
test (integration-1)	UNKNOWN STEP	2026-10-07T03:26:18.0839424Z 
test (integration-1)	UNKNOWN STEP	2026-10-07T03:26:18.0839651Z test result: ok. 5 passed; 0 failed; 0 ignored; 0 measured; 0 filtered out; finished in 0.00s
test (integration-1)	UNKNOWN STEP	2026-10-07T03:26:18.0839865Z 
test (integration-1)	UNKNOWN STEP	2026-10-07T03:26:18.0846139Z 
test (integration-1)	UNKNOWN STEP	2026-10-07T03:26:18.0846235Z running 12 tests
test (integration-1)	UNKNOWN STEP	2026-10-07T03:26:18.0848921Z test a_consistent_renaming_holds_across_repeats_and_nesting ... ok
test (integration-1)	UNKNOWN STEP	2026-10-07T03:26:18.0849383Z test a_renaming_spanning_the_literal_boundary_is_isomorphic ... ok
test (integration-1)	UNKNOWN STEP	2026-10-07T03:26:18.0849857Z test a_consistent_renaming_inside_a_composite_literal_is_isomorphic ... ok
test (integration-1)	UNKNOWN STEP	2026-10-07T03:26:18.0851332Z test a_rewritten_composite_keeps_iri_elements_in_their_canonical_form ... ok
test (integration-1)	UNKNOWN STEP	2026-10-07T03:26:18.0851783Z test an_embedded_blank_node_counts_as_a_blank_node ... ok
test (integration-1)	UNKNOWN STEP	2026-10-07T03:26:18.0852216Z test canonical_relabel_is_idempotent_over_embedded_blanks ... ok
test (integration-1)	UNKNOWN STEP	2026-10-07T03:26:18.0852648Z test canonical_relabel_leaves_no_dangling_embedded_label ... ok
test (integration-1)	UNKNOWN STEP	2026-10-07T03:26:18.0853062Z test conflating_across_the_literal_boundary_is_not_isomorphic ... ok
test (integration-1)	UNKNOWN STEP	2026-10-07T03:26:18.0853292Z test ground_content_still_counts ... ok
test (integration-1)	UNKNOWN STEP	2026-10-07T03:26:18.0853524Z test splitting_an_embedded_blank_node_is_not_isomorphic ... ok
test (integration-1)	UNKNOWN STEP	2026-10-07T03:26:18.0853781Z test skolemization_round_trips_over_an_embedded_blank ... ok
test (integration-1)	UNKNOWN STEP	2026-10-07T03:26:18.0854067Z test the_canonical_form_carries_issued_labels_inside_the_literal ... ok
test (integration-1)	UNKNOWN STEP	2026-10-07T03:26:18.0854222Z 
test (integration-1)	UNKNOWN STEP	2026-10-07T03:26:18.0854415Z test result: ok. 12 passed; 0 failed; 0 ignored; 0 measured; 0 filtered out; finished in 0.00s
test (integration-1)	UNKNOWN STEP	2026-10-07T03:26:18.0854722Z 
test (integration-1)	UNKNOWN STEP	2026-10-07T03:26:18.0856535Z ^[[1m^[[92m     Running^[[0m tests/composite_probe_alloc.rs (target/debug/build/purrdf-core/b257f7fff1be6e0b/out/composite_probe_alloc-b257f7fff1be6e0b)
test (integration-1)	UNKNOWN STEP	2026-10-07T03:26:18.0862816Z 
test (integration-1)	UNKNOWN STEP	2026-10-07T03:26:18.0862919Z running 6 tests
test (integration-1)	UNKNOWN STEP	2026-10-07T03:26:18.0869267Z test delta_and_nested_selection_preserve_statement_layers_and_blank_classes ... ok
test (integration-1)	UNKNOWN STEP	2026-10-07T03:26:18.0870298Z test nested_selection_retains_rows_and_compact_probe_cost ... ok
test (integration-1)	UNKNOWN STEP	2026-10-07T03:26:18.0870907Z test probe_cursor_layout_is_bounded ... ok
test (integration-1)	UNKNOWN STEP	2026-10-07T03:26:18.0915769Z test delta_view_probes_are_compact_and_do_not_allocate ... ok
test (integration-1)	UNKNOWN STEP	2026-10-07T03:26:18.1591178Z test singleton_and_wide_probes_do_not_allocate_by_dataset_size ... ok
test (integration-1)	UNKNOWN STEP	2026-10-07T03:26:18.1625924Z test delta_carrier_probes_do_not_allocate_by_dataset_size ... ok
test (integration-1)	UNKNOWN STEP	2026-10-07T03:26:18.1626111Z 
test (integration-1)	UNKNOWN STEP	2026-10-07T03:26:18.1626319Z test result: ok. 6 passed; 0 failed; 0 ignored; 0 measured; 0 filtered out; finished in 0.08s
test (integration-1)	UNKNOWN STEP	2026-10-07T03:26:18.1626944Z 
test (integration-1)	UNKNOWN STEP	2026-10-07T03:26:18.1630275Z ^[[1m^[[92m     Running^[[0m tests/csv_differential.rs (target/debug/build/purrdf-core/2835a1d563476a63/out/csv_differential-2835a1d563476a63)
test (integration-1)	UNKNOWN STEP	2026-10-07T03:26:18.1639772Z 
test (integration-1)	UNKNOWN STEP	2026-10-07T03:26:18.1639860Z running 3 tests
test (integration-1)	UNKNOWN STEP	2026-10-07T03:26:18.1642189Z test a_classified_lone_cr_does_not_excuse_corruption_in_another_field ... ok
test (integration-1)	UNKNOWN STEP	2026-10-07T03:26:18.1696999Z test deterministic_spec_records_have_independent_expected_fields ... ok
test (integration-1)	UNKNOWN STEP	2026-10-07T03:26:18.1790681Z test every_frozen_vector_agrees_or_falls_in_a_documented_class ... ok
test (integration-1)	UNKNOWN STEP	2026-10-07T03:26:18.1790942Z 
test (integration-1)	UNKNOWN STEP	2026-10-07T03:26:18.1791254Z test result: ok. 3 passed; 0 failed; 0 ignored; 0 measured; 0 filtered out; finished in 0.02s
test (integration-1)	UNKNOWN STEP	2026-10-07T03:26:18.1791507Z 
test (integration-1)	UNKNOWN STEP	2026-10-07T03:26:18.1793639Z ^[[1m^[[92m     Running^[[0m tests/csv_scan_wasm.rs (target/debug/build/purrdf-core/6a1e28cbe779093e/out/csv_scan_wasm-6a1e28cbe779093e)
test (integration-1)	UNKNOWN STEP	2026-10-07T03:26:18.1800588Z 
test (integration-1)	UNKNOWN STEP	2026-10-07T03:26:18.1800677Z running 3 tests
test (integration-1)	UNKNOWN STEP	2026-10-07T03:26:18.1820471Z csv scan: dispatch, avx2, sse2, portable checked; avx2 selected
test (integration-1)	UNKNOWN STEP	2026-10-07T03:26:18.1820920Z test the_target_explicit_kernel_is_among_those_compared ... ok
test (integration-1)	UNKNOWN STEP	2026-10-07T03:26:18.1855017Z test every_kernel_agrees_with_the_per_byte_scan_over_seeded_inputs ... ok
test (integration-1)	UNKNOWN STEP	2026-10-07T03:26:21.4415026Z test every_kernel_agrees_with_the_per_byte_scan_at_every_alignment_and_length ... ok
test (integration-1)	UNKNOWN STEP	2026-10-07T03:26:21.4415277Z 
test (integration-1)	UNKNOWN STEP	2026-10-07T03:26:21.4415481Z test result: ok. 3 passed; 0 failed; 0 ignored; 0 measured; 0 filtered out; finished in 3.26s
test (integration-1)	UNKNOWN STEP	2026-10-07T03:26:21.4415669Z 
test (integration-1)	UNKNOWN STEP	2026-10-07T03:26:21.4417089Z ^[[1m^[[92m     Running^[[0m tests/dataset_state_digest.rs (target/debug/build/purrdf-core/9c6eae02079aa4a2/out/dataset_state_digest-9c6eae02079aa4a2)
test (integration-1)	UNKNOWN STEP	2026-10-07T03:26:21.4426029Z 
test (integration-1)	UNKNOWN STEP	2026-10-07T03:26:21.4426115Z running 25 tests
test (integration-1)	UNKNOWN STEP	2026-10-07T03:26:21.4450637Z test legacy_canonical_form_omits_an_empty_named_declaration ... ok
test (integration-1)	UNKNOWN STEP	2026-10-07T03:26:21.4451171Z test legacy_flat_digest_erases_ordinary_reifier_roles ... ok
test (integration-1)	UNKNOWN STEP	2026-10-07T03:26:21.4480373Z test legacy_flat_digest_erases_ordinary_annotation_roles ... ok
test (integration-1)	UNKNOWN STEP	2026-10-07T03:26:21.4510373Z test oracle_has_one_mapping_across_graphs_nested_and_composite_terms ... ok
test (integration-1)	UNKNOWN STEP	2026-10-07T03:26:21.4530494Z anchored workspace: admitted=1470478 observed_peak=266950
test (integration-1)	UNKNOWN STEP	2026-10-07T03:26:21.4531109Z test per_graph_digests_do_not_enforce_a_global_bijection ... ok
test (integration-1)	UNKNOWN STEP	2026-10-07T03:26:21.4560413Z test operational_failures_never_certify_partial_state ... ok
test (integration-1)	UNKNOWN STEP	2026-10-07T03:26:21.4570442Z test workspace_refusal_and_embedded_lookup_refusals_have_valid_neighbors ... ok
test (integration-1)	UNKNOWN STEP	2026-10-07T03:26:21.4600302Z test repeated_same_role_rows_are_set_semantic_before_refinement ... ok
test (integration-1)	UNKNOWN STEP	2026-10-07T03:26:21.4620496Z test named_graphs_from_each_role_are_part_of_state_even_without_a_declaration_iterator ... ok
test (integration-1)	UNKNOWN STEP	2026-10-07T03:26:21.4643765Z test role_coexistence_and_empty_graph_kinds_remain_distinct ... ok
test (integration-1)	UNKNOWN STEP	2026-10-07T03:26:21.4670422Z test exact_literal_lexical_datatype_language_and_direction_bytes_participate ... ok
test (integration-1)	UNKNOWN STEP	2026-10-07T03:26:21.4680488Z test oracle_accepts_global_relabeling_and_insertion_permutations ... ok
test (integration-1)	UNKNOWN STEP	2026-10-07T03:26:21.4710499Z test oracle_distinguishes_same_color_connected_and_disconnected_cycles ... ok
test (integration-1)	UNKNOWN STEP	2026-10-07T03:26:21.4730337Z test scoped_blanks_share_one_mapping_with_cdt_lists_maps_and_all_roles ... ok
test (integration-1)	UNKNOWN STEP	2026-10-07T03:26:21.4760281Z test complete_state_agrees_across_production_view_carriers ... ok
test (integration-1)	UNKNOWN STEP	2026-10-07T03:26:21.4770448Z test interchangeable_empty_blank_declarations_do_not_require_factorial_search ... ok
test (integration-1)	UNKNOWN STEP	2026-10-07T03:26:21.4800387Z test exact_lexical_bytes_and_maximum_accepted_nesting_have_neighbors ... ok
test (integration-1)	UNKNOWN STEP	2026-10-07T03:26:21.4820279Z test authored_reserved_namespace_iris_remain_ordinary_terms ... ok
test (integration-1)	UNKNOWN STEP	2026-10-07T03:26:21.4830412Z test capacity_and_invalid_datatype_refusals_have_ready_neighbors ... ok
test (integration-1)	UNKNOWN STEP	2026-10-07T03:26:21.4860316Z test nonautomorphic_same_color_orbits_are_not_pruned ... ok
test (integration-1)	UNKNOWN STEP	2026-10-07T03:26:21.5030358Z interchangeable workspace: admitted=19860029 observed_peak=2716237
test (integration-1)	UNKNOWN STEP	2026-10-07T03:26:21.5050560Z nested CDT duplicate=false: admitted=400706 observed_peak=35790
test (integration-1)	UNKNOWN STEP	2026-10-07T03:26:21.5051176Z test capped_workspace_admits_anchors_and_interchangeable_leaves_and_covers_allocations ... ok
test (integration-1)	UNKNOWN STEP	2026-10-07T03:26:21.5051858Z nested CDT duplicate=true: admitted=410370 observed_peak=35790
test (integration-1)	UNKNOWN STEP	2026-10-07T03:26:21.5053560Z test high_incidence_nested_cdt_and_duplicate_rows_have_admitted_allocation_neighbors ... ok
test (integration-1)	UNKNOWN STEP	2026-10-07T03:26:21.6067921Z test exhaustive_three_node_states_match_global_bijection_oracle ... ok
test (integration-1)	UNKNOWN STEP	2026-10-07T03:26:21.9196195Z test refinable_connected_cycle_finishes_without_exhausting_search_work ... ok
test (integration-1)	UNKNOWN STEP	2026-10-07T03:26:28.4729015Z test disconnected_symmetry_refuses_production_search_and_has_an_admitted_neighbor ... ok
test (integration-1)	UNKNOWN STEP	2026-10-07T03:26:28.4729279Z 
test (integration-1)	UNKNOWN STEP	2026-10-07T03:26:28.4729477Z test result: ok. 25 passed; 0 failed; 0 ignored; 0 measured; 0 filtered out; finished in 7.03s
test (integration-1)	UNKNOWN STEP	2026-10-07T03:26:28.4729665Z 
test (integration-1)	UNKNOWN STEP	2026-10-07T03:26:28.4734279Z ^[[1m^[[92m     Running^[[0m tests/allocation_budget.rs (target/debug/build/purrdf-deflate/07c23dd7a1ba95ea/out/allocation_budget-07c23dd7a1ba95ea)
test (integration-1)	UNKNOWN STEP	2026-10-07T03:26:28.4744403Z 
test (integration-1)	UNKNOWN STEP	2026-10-07T03:26:28.4744505Z running 2 tests
test (integration-1)	UNKNOWN STEP	2026-10-07T03:26:28.4752697Z test warmed_member_decoding_into_reserved_output_allocates_nothing ... ok
test (integration-1)	UNKNOWN STEP	2026-10-07T03:26:28.4915506Z test repeated_blocks_reuse_bounded_working_storage ... ok
test (integration-1)	UNKNOWN STEP	2026-10-07T03:26:28.4916139Z 
test (integration-1)	UNKNOWN STEP	2026-10-07T03:26:28.4916442Z test result: ok. 2 passed; 0 failed; 0 ignored; 0 measured; 0 filtered out; finished in 0.02s
test (integration-1)	UNKNOWN STEP	2026-10-07T03:26:28.4916756Z 
test (integration-1)	UNKNOWN STEP	2026-10-07T03:26:28.4918252Z ^[[1m^[[92m     Running^[[0m tests/deflate_conformance.rs (target/debug/build/purrdf-deflate/8b147eed0347a69b/out/deflate_conformance-8b147eed0347a69b)
test (integration-1)	UNKNOWN STEP	2026-10-07T03:26:28.4926476Z 
test (integration-1)	UNKNOWN STEP	2026-10-07T03:26:28.4926574Z running 47 tests
test (integration-1)	UNKNOWN STEP	2026-10-07T03:26:28.4950352Z test required_paths_are_available ... ok
test (integration-1)	UNKNOWN STEP	2026-10-07T03:26:28.5010341Z test the_selected_path_is_available ... ok
test (integration-1)	UNKNOWN STEP	2026-10-07T03:26:28.5040189Z deflate: avx2 agrees
test (integration-1)	UNKNOWN STEP	2026-10-07T03:26:28.5085642Z deflate: sse2 agrees
test (integration-1)	UNKNOWN STEP	2026-10-07T03:26:28.5130312Z test gzip_vector_sink_preserves_prefix_and_member_checks ... ok
test (integration-1)	UNKNOWN STEP	2026-10-07T03:26:28.5160378Z test push_decoding_in_tiny_pieces_matches_one_shot ... ok
test (integration-1)	UNKNOWN STEP	2026-10-07T03:26:28.5176994Z test gzip_writer_header_is_deterministic ... ok
test (integration-1)	UNKNOWN STEP	2026-10-07T03:26:28.5190303Z deflate: portable agrees
test (integration-1)	UNKNOWN STEP	2026-10-07T03:26:28.5220420Z test every_kernel_path_encodes_and_decodes_the_same_bytes ... ok
test (integration-1)	UNKNOWN STEP	2026-10-07T03:26:28.5220881Z test gzip_writer_flush_exposes_accepted_plaintext ... ok
test (integration-1)	UNKNOWN STEP	2026-10-07T03:26:28.5250364Z test encoder_output_is_independent_of_write_chunking ... ok
test (integration-1)	UNKNOWN STEP	2026-10-07T03:26:28.5280270Z test empty_final_stored_block_decodes_to_nothing ... ok
test (integration-1)	UNKNOWN STEP	2026-10-07T03:26:28.5280624Z test fifteen_bit_codes_decode ... ok
test (integration-1)	UNKNOWN STEP	2026-10-07T03:26:28.5280962Z test distance_32768_with_length_258_decodes ... ok
test (integration-1)	UNKNOWN STEP	2026-10-07T03:26:28.5281358Z test gzip_header_with_every_optional_field_decodes ... ok
test (integration-1)	UNKNOWN STEP	2026-10-07T03:26:28.5281736Z test tar_vector_gzip_files_decode ... ok
test (integration-1)	UNKNOWN STEP	2026-10-07T03:26:28.5282164Z test gzip_writer_limits_acceptance_and_recovers_sink_progress ... ok
test (integration-1)	UNKNOWN STEP	2026-10-07T03:26:28.5282604Z test bad_crc_refused_in_first_and_second_member ... ok
test (integration-1)	UNKNOWN STEP	2026-10-07T03:26:28.5282958Z test bad_isize_refused_good_accepted ... ok
test (integration-1)	UNKNOWN STEP	2026-10-07T03:26:28.5283294Z test method_other_than_deflate_refused ... ok
test (integration-1)	UNKNOWN STEP	2026-10-07T03:26:28.5283666Z test reserved_flag_bits_refused_clear_accepted ... ok
test (integration-1)	UNKNOWN STEP	2026-10-07T03:26:28.5284070Z test header_crc_mismatch_refused_match_accepted ... ok
test (integration-1)	UNKNOWN STEP	2026-10-07T03:26:28.5284430Z test block_type_11_refused_10_accepted ... ok
test (integration-1)	UNKNOWN STEP	2026-10-07T03:26:28.5284820Z test stored_len_nlen_mismatch_refused_match_accepted ... ok
test (integration-1)	UNKNOWN STEP	2026-10-07T03:26:28.5285241Z test distance_beyond_output_refused_within_accepted ... ok
test (integration-1)	UNKNOWN STEP	2026-10-07T03:26:28.5285640Z test length_symbols_286_287_refused_285_accepted ... ok
test (integration-1)	UNKNOWN STEP	2026-10-07T03:26:28.5286025Z test distance_symbols_30_31_refused_29_accepted ... ok
test (integration-1)	UNKNOWN STEP	2026-10-07T03:26:28.5286429Z test oversubscribed_code_refused_complete_accepted ... ok
test (integration-1)	UNKNOWN STEP	2026-10-07T03:26:28.5286806Z test single_code_distance_tree_accepted ... ok
test (integration-1)	UNKNOWN STEP	2026-10-07T03:26:28.5287530Z test hlit_over_286_refused_286_accepted ... ok
test (integration-1)	UNKNOWN STEP	2026-10-07T03:26:28.5287908Z test missing_end_of_block_refused_present_accepted ... ok
test (integration-1)	UNKNOWN STEP	2026-10-07T03:26:28.5288355Z test repeat_without_previous_refused_with_previous_accepted ... ok
test (integration-1)	UNKNOWN STEP	2026-10-07T03:26:28.5288793Z test code_lengths_overrun_refused_exact_accepted ... ok
test (integration-1)	UNKNOWN STEP	2026-10-07T03:26:28.5296504Z test gzip_two_members_both_decoded ... ok
test (integration-1)	UNKNOWN STEP	2026-10-07T03:26:28.5310346Z test gzip_second_member_accepted ... ok
test (integration-1)	UNKNOWN STEP	2026-10-07T03:26:28.5340253Z test gzip_trailing_garbage_refused ... ok
test (integration-1)	UNKNOWN STEP	2026-10-07T03:26:28.5370318Z test empty_member_accepted_empty_input_refused ... ok
test (integration-1)	UNKNOWN STEP	2026-10-07T03:26:28.5400331Z test truncation_refused_complete_accepted ... ok
test (integration-1)	UNKNOWN STEP	2026-10-07T03:26:29.0530874Z test round_trips_across_levels_and_window_limits ... ok
test (integration-1)	UNKNOWN STEP	2026-10-07T03:26:29.0620425Z test gzip_interoperates_with_python_zlib ... ok
test (integration-1)	UNKNOWN STEP	2026-10-07T03:26:29.0650306Z test copy_kernels_match_portable ... ok
test (integration-1)	UNKNOWN STEP	2026-10-07T03:26:29.0680316Z test match_length_kernels_match_portable ... ok
test (integration-1)	UNKNOWN STEP	2026-10-07T03:26:29.0710631Z test record_match_length_vectors_when_asked ... ok
test (integration-1)	UNKNOWN STEP	2026-10-07T03:26:29.0770369Z test match_length_vectors_are_the_definition ... ok
test (integration-1)	UNKNOWN STEP	2026-10-07T03:26:29.0800382Z test match_length_paths_reproduce_the_vectors ... ok
test (integration-1)	UNKNOWN STEP	2026-10-07T03:26:29.0810809Z test hash_kernels_match_portable ... ok
test (integration-1)	UNKNOWN STEP	2026-10-07T03:26:29.0811776Z deflate: selected path avx2
test (integration-1)	UNKNOWN STEP	2026-10-07T03:26:29.0812213Z test selected_backend_is_reported ... ok
test (integration-1)	UNKNOWN STEP	2026-10-07T03:26:29.1023267Z test decompressed_limit_refuses_bomb ... ok
test (integration-1)	UNKNOWN STEP	2026-10-07T03:26:29.1919342Z test decompressed_limit_accepts_large_valid ... ok
test (integration-1)	UNKNOWN STEP	2026-10-07T03:26:31.6006409Z test gzip_member_over_4gib_isize_wraps_accepted ... ok
test (integration-1)	UNKNOWN STEP	2026-10-07T03:26:31.6006606Z 
test (integration-1)	UNKNOWN STEP	2026-10-07T03:26:31.6006804Z test result: ok. 47 passed; 0 failed; 0 ignored; 0 measured; 0 filtered out; finished in 3.11s
test (integration-1)	UNKNOWN STEP	2026-10-07T03:26:31.6006998Z 
test (integration-1)	UNKNOWN STEP	2026-10-07T03:26:31.6031959Z ^[[1m^[[92m     Running^[[0m tests/determinism.rs (target/debug/build/purrdf-geo/c95bfecbdc725264/out/determinism-c95bfecbdc725264)
test (integration-1)	UNKNOWN STEP	2026-10-07T03:26:31.6040434Z 
test (integration-1)	UNKNOWN STEP	2026-10-07T03:26:31.6040517Z running 3 tests
test (integration-1)	UNKNOWN STEP	2026-10-07T03:26:31.6043055Z test the_digest_is_not_vacuous ... ok
test (integration-1)	UNKNOWN STEP	2026-10-07T03:26:31.6358555Z determinism-digest case=the_digest_is_the_pinned_golden digest=9667c2ee2cd3ad4b corpus_len=20
test (integration-1)	UNKNOWN STEP	2026-10-07T03:26:31.6359106Z test the_digest_is_the_pinned_golden ... ok
test (integration-1)	UNKNOWN STEP	2026-10-07T03:26:31.6359445Z determinism-digest case=the_digest_does_not_move_between_runs digest=9667c2ee2cd3ad4b corpus_len=20
test (integration-1)	UNKNOWN STEP	2026-10-07T03:26:33.6388193Z test the_digest_does_not_move_between_runs ... ok
test (integration-1)	UNKNOWN STEP	2026-10-07T03:26:33.6388456Z 
test (integration-1)	UNKNOWN STEP	2026-10-07T03:26:33.6388790Z test result: ok. 3 passed; 0 failed; 0 ignored; 0 measured; 0 filtered out; finished in 2.03s
test (integration-1)	UNKNOWN STEP	2026-10-07T03:26:33.6389103Z 
test (integration-1)	UNKNOWN STEP	2026-10-07T03:26:33.6391827Z ^[[1m^[[92m     Running^[[0m tests/agent_memory_append.rs (target/debug/build/purrdf-gts/983a52bd0d321526/out/agent_memory_append-983a52bd0d321526)
test (integration-1)	UNKNOWN STEP	2026-10-07T03:26:33.6401997Z 
test (integration-1)	UNKNOWN STEP	2026-10-07T03:26:33.6402084Z running 7 tests
test (integration-1)	UNKNOWN STEP	2026-10-07T03:26:33.6439852Z test a_revision_links_its_successor_by_the_successors_own_term_id ... ok
test (integration-1)	UNKNOWN STEP	2026-10-07T03:26:33.6440519Z test a_revision_appended_later_suppresses_the_right_claim ... ok
test (integration-1)	UNKNOWN STEP	2026-10-07T03:26:33.6460865Z test revising_an_unknown_claim_fails_without_appending_an_inert_suppression ... ok
test (integration-1)	UNKNOWN STEP	2026-10-07T03:26:33.6461726Z test appending_claims_produces_one_header_and_an_unbroken_chain ... ok
test (integration-1)	UNKNOWN STEP	2026-10-07T03:26:33.6462620Z test an_appended_store_folds_to_the_same_claims_as_a_pack_per_claim_file ... ok
test (integration-1)	UNKNOWN STEP	2026-10-07T03:26:33.6463156Z test the_default_memory_profile_is_transform_chained ... ok
test (integration-1)	UNKNOWN STEP	2026-10-07T03:26:33.6481596Z test a_dictionary_capable_store_pins_the_dictionary_exactly_once ... ok
test (integration-1)	UNKNOWN STEP	2026-10-07T03:26:33.6481834Z 
test (integration-1)	UNKNOWN STEP	2026-10-07T03:26:33.6484450Z test result: ok. 7 passed; 0 failed; 0 ignored; 0 measured; 0 filtered out; finished in 0.01s
test (integration-1)	UNKNOWN STEP	2026-10-07T03:26:33.6484642Z 
test (integration-1)	UNKNOWN STEP	2026-10-07T03:26:33.6485965Z ^[[1m^[[92m     Running^[[0m tests/blob_replacement.rs (target/debug/build/purrdf-gts/219fc46f50023503/out/blob_replacement-219fc46f50023503)
test (integration-1)	UNKNOWN STEP	2026-10-07T03:26:33.6493841Z 
test (integration-1)	UNKNOWN STEP	2026-10-07T03:26:33.6493937Z running 4 tests
test (integration-1)	UNKNOWN STEP	2026-10-07T03:26:33.6500341Z test repeated_and_snapshot_blobs_replace_in_place_and_inherit_metadata ... ok
test (integration-1)	UNKNOWN STEP	2026-10-07T03:26:33.6500817Z test replacement_switches_between_lazy_and_decoded_entries_without_reordering ... ok
test (integration-1)	UNKNOWN STEP	2026-10-07T03:26:33.6501461Z test segment_union_replaces_in_place_while_streaming_metadata_resets ... ok
test (integration-1)	UNKNOWN STEP	2026-10-07T03:26:33.6513058Z test replacement_and_union_cross_the_small_table_boundary_without_stale_positions ... ok
test (integration-1)	UNKNOWN STEP	2026-10-07T03:26:33.6513376Z 
test (integration-1)	UNKNOWN STEP	2026-10-07T03:26:33.6513677Z test result: ok. 4 passed; 0 failed; 0 ignored; 0 measured; 0 filtered out; finished in 0.00s
test (integration-1)	UNKNOWN STEP	2026-10-07T03:26:33.6513964Z 
test (integration-1)	UNKNOWN STEP	2026-10-07T03:26:33.6516475Z ^[[1m^[[92m     Running^[[0m tests/bounded_keyed_blobs.rs (target/debug/build/purrdf-gts/dbd949e2e099dfa4/out/bounded_keyed_blobs-dbd949e2e099dfa4)
test (integration-1)	UNKNOWN STEP	2026-10-07T03:26:33.6523770Z 
test (integration-1)	UNKNOWN STEP	2026-10-07T03:26:33.6523851Z running 8 tests
test (integration-1)	UNKNOWN STEP	2026-10-07T03:26:33.6530679Z test bounded_decryption_preserves_missing_and_wrong_key_failures ... ok
test (integration-1)	UNKNOWN STEP	2026-10-07T03:26:33.6531604Z test encrypted_plaintext_limit_is_checked_before_authentication_or_emission ... ok
test (integration-1)	UNKNOWN STEP	2026-10-07T03:26:33.6532296Z test encrypted_plaintext_accepts_exact_and_empty_limits ... ok
test (integration-1)	UNKNOWN STEP	2026-10-07T03:26:33.6532982Z test encrypted_intermediate_limit_applies_even_when_final_plaintext_fits ... ok
test (integration-1)	UNKNOWN STEP	2026-10-07T03:26:33.6533835Z test keyed_blob_still_enforces_original_encoded_limit ... ok
test (integration-1)	UNKNOWN STEP	2026-10-07T03:26:33.6534461Z test short_read_authentication_failure_never_emits_plaintext ... ok
test (integration-1)	UNKNOWN STEP	2026-10-07T03:26:33.6535543Z test supplied_key_does_not_unbound_compression_with_or_without_encryption ... ok
test (integration-1)	UNKNOWN STEP	2026-10-07T03:26:33.6543048Z test short_reads_preserve_exact_encoded_and_decoded_limit_boundaries ... ok
test (integration-1)	UNKNOWN STEP	2026-10-07T03:26:33.6543319Z 
test (integration-1)	UNKNOWN STEP	2026-10-07T03:26:33.6543626Z test result: ok. 8 passed; 0 failed; 0 ignored; 0 measured; 0 filtered out; finished in 0.00s
test (integration-1)	UNKNOWN STEP	2026-10-07T03:26:33.6543945Z 
test (integration-1)	UNKNOWN STEP	2026-10-07T03:26:33.6545273Z ^[[1m^[[92m     Running^[[0m tests/compaction_signatures.rs (target/debug/build/purrdf-gts/96837822ea92d6e4/out/compaction_signatures-96837822ea92d6e4)
test (integration-1)	UNKNOWN STEP	2026-10-07T03:26:33.6553106Z 
test (integration-1)	UNKNOWN STEP	2026-10-07T03:26:33.6553200Z running 6 tests
test (integration-1)	UNKNOWN STEP	2026-10-07T03:26:33.6559021Z test detached_signature_leaves_sort_by_frame_id_then_cose_for_rotation_cosigners ... ok
test (integration-1)	UNKNOWN STEP	2026-10-07T03:26:33.6571265Z test every_compacted_pack_carries_the_mandatory_packaging_signature_even_over_an_unsigned_source ... ok
test (integration-1)	UNKNOWN STEP	2026-10-07T03:26:33.6572001Z test an_unsigned_source_emits_no_detached_signature_root_and_folds_cleanly ... ok
test (integration-1)	UNKNOWN STEP	2026-10-07T03:26:33.6572623Z test keyring_rotation_flips_the_packaging_signature_from_unverified_to_valid ... ok
test (integration-1)	UNKNOWN STEP	2026-10-07T03:26:33.6573220Z test detached_signatures_are_bound_under_the_mmr_root_and_prove_individually ... ok
test (integration-1)	UNKNOWN STEP	2026-10-07T03:26:33.6577320Z test the_packaging_head_signature_is_distinct_from_carried_authorship_signatures ... ok
test (integration-1)	UNKNOWN STEP	2026-10-07T03:26:33.6577711Z 
test (integration-1)	UNKNOWN STEP	2026-10-07T03:26:33.6578129Z test result: ok. 6 passed; 0 failed; 0 ignored; 0 measured; 0 filtered out; finished in 0.00s
test (integration-1)	UNKNOWN STEP	2026-10-07T03:26:33.6578425Z 
test (integration-1)	UNKNOWN STEP	2026-10-07T03:26:33.6581378Z ^[[1m^[[92m     Running^[[0m tests/cose_composite.rs (target/debug/build/purrdf-gts/9591631ec4d8df65/out/cose_composite-9591631ec4d8df65)
test (integration-1)	UNKNOWN STEP	2026-10-07T03:26:33.6586478Z 
test (integration-1)	UNKNOWN STEP	2026-10-07T03:26:33.6586556Z running 11 tests
test (integration-1)	UNKNOWN STEP	2026-10-07T03:26:33.6600422Z test frozen_eddsa_sign1_bytes_and_conveniences ... ok
test (integration-1)	UNKNOWN STEP	2026-10-07T03:26:33.6630338Z test ietf_published_cose_example_complete_bytes ... ok
test (integration-1)	UNKNOWN STEP	2026-10-07T03:26:33.6660376Z test canonical_composite_key_encodings_and_strict_ed25519 ... ok
test (integration-1)	UNKNOWN STEP	2026-10-07T03:26:33.6681051Z test headers_are_authenticated_unique_typed_and_critical_rules_enforced ... ok
test (integration-1)	UNKNOWN STEP	2026-10-07T03:26:33.6681798Z test portable_composite_without_host_entropy_or_clock ... ok
test (integration-1)	UNKNOWN STEP	2026-10-07T03:26:33.6682407Z test complete_detached_envelope_boundary_and_no_key_status ... ok
test (integration-1)	UNKNOWN STEP	2026-10-07T03:26:33.6683065Z test opaque_binary_kids_authenticate_without_text_lookup_fallback ... ok
test (integration-1)	UNKNOWN STEP	2026-10-07T03:26:33.6683746Z test missing_kid_is_distinct_from_empty_and_needs_no_discovery ... ok
test (integration-1)	UNKNOWN STEP	2026-10-07T03:26:33.6702379Z test each_component_is_mandatory_and_cannot_be_spliced ... ok
test (integration-1)	UNKNOWN STEP	2026-10-07T03:26:33.6715464Z test public_composite_sign1_deterministic_hedged_and_key_dispatch ... ok
test (integration-1)	UNKNOWN STEP	2026-10-07T03:26:33.6783660Z test content_type_headers_obey_restricted_names_before_lookup ... ok
test (integration-1)	UNKNOWN STEP	2026-10-07T03:26:33.6783922Z 
test (integration-1)	UNKNOWN STEP	2026-10-07T03:26:33.6784267Z test result: ok. 11 passed; 0 failed; 0 ignored; 0 measured; 0 filtered out; finished in 0.02s
test (integration-1)	UNKNOWN STEP	2026-10-07T03:26:33.6784564Z 
test (integration-1)	UNKNOWN STEP	2026-10-07T03:26:33.6785588Z ^[[1m^[[92m     Running^[[0m tests/cose_public_decryption.rs (target/debug/build/purrdf-gts/bade4a355d9bc109/out/cose_public_decryption-bade4a355d9bc109)
test (integration-1)	UNKNOWN STEP	2026-10-07T03:26:33.6792635Z 
test (integration-1)	UNKNOWN STEP	2026-10-07T03:26:33.6792724Z running 12 tests
test (integration-1)	UNKNOWN STEP	2026-10-07T03:26:33.6794911Z test standalone_cose_decryption_authenticates_the_exact_plaintext ... ok
test (integration-1)	UNKNOWN STEP	2026-10-07T03:26:33.6795831Z test standalone_decryption_accepts_untagged_and_indefinite_length_envelopes ... ok
test (integration-1)	UNKNOWN STEP	2026-10-07T03:26:33.6796446Z test standalone_decryption_authenticates_every_ciphertext_and_tag_byte ... ok
test (integration-1)	UNKNOWN STEP	2026-10-07T03:26:33.6797090Z test standalone_decryption_authenticates_every_nonce_byte ... ok
test (integration-1)	UNKNOWN STEP	2026-10-07T03:26:33.6797663Z test standalone_decryption_authenticates_the_original_protected_header_encoding ... ok
test (integration-1)	UNKNOWN STEP	2026-10-07T03:26:33.6798173Z test standalone_decryption_opens_the_frozen_encrypt0_vector ... ok
test (integration-1)	UNKNOWN STEP	2026-10-07T03:26:33.6798877Z test standalone_decryption_passes_recipient_identity_to_the_key_resolver_verbatim ... ok
test (integration-1)	UNKNOWN STEP	2026-10-07T03:26:33.6799495Z test standalone_decryption_rejects_ciphertexts_without_a_complete_authentication_tag ... ok
test (integration-1)	UNKNOWN STEP	2026-10-07T03:26:33.6800163Z test standalone_decryption_rejects_every_truncated_envelope_before_key_lookup ... ok
test (integration-1)	UNKNOWN STEP	2026-10-07T03:26:33.6800637Z test standalone_decryption_rejects_malformed_fields_before_key_lookup ... ok
test (integration-1)	UNKNOWN STEP	2026-10-07T03:26:33.6800921Z test standalone_decryption_requires_a_twelve_byte_nonce ... ok
test (integration-1)	UNKNOWN STEP	2026-10-07T03:26:33.6801253Z test standalone_decryption_preserves_binary_plaintext_across_block_and_length_boundaries ... ok
test (integration-1)	UNKNOWN STEP	2026-10-07T03:26:33.6801472Z 
test (integration-1)	UNKNOWN STEP	2026-10-07T03:26:33.6801656Z test result: ok. 12 passed; 0 failed; 0 ignored; 0 measured; 0 filtered out; finished in 0.00s
test (integration-1)	UNKNOWN STEP	2026-10-07T03:26:33.6801840Z 
test (integration-1)	UNKNOWN STEP	2026-10-07T03:26:33.6802931Z ^[[1m^[[92m     Running^[[0m tests/dict_codec.rs (target/debug/build/purrdf-gts/71db2744ed1acfa2/out/dict_codec-71db2744ed1acfa2)
test (integration-1)	UNKNOWN STEP	2026-10-07T03:26:33.6810221Z 
test (integration-1)	UNKNOWN STEP	2026-10-07T03:26:33.6810309Z running 2 tests
test (integration-1)	UNKNOWN STEP	2026-10-07T03:26:33.6823591Z test tampering_the_pinned_dictionary_bytes_is_detected_as_a_header_self_hash_mismatch ... ok
test (integration-1)	UNKNOWN STEP	2026-10-07T03:26:33.6824756Z test dict_pinned_gts_file_folds_identically_to_undictioned_file ... ok
test (integration-1)	UNKNOWN STEP	2026-10-07T03:26:33.6825882Z 
test (integration-1)	UNKNOWN STEP	2026-10-07T03:26:33.6826256Z test result: ok. 2 passed; 0 failed; 0 ignored; 0 measured; 0 filtered out; finished in 0.00s
test (integration-1)	UNKNOWN STEP	2026-10-07T03:26:33.6826548Z 
test (integration-1)	UNKNOWN STEP	2026-10-07T03:26:33.6827606Z ^[[1m^[[92m     Running^[[0m tests/allocation_budget.rs (target/debug/build/purrdf-hash/4f4e3247f82ce230/out/allocation_budget-4f4e3247f82ce230)
test (integration-1)	UNKNOWN STEP	2026-10-07T03:26:33.6834324Z 
test (integration-1)	UNKNOWN STEP	2026-10-07T03:26:33.6834424Z running 1 test
test (integration-1)	UNKNOWN STEP	2026-10-07T03:26:33.6901918Z test creation_streaming_finalization_and_reset_allocate_nothing ... ok
test (integration-1)	UNKNOWN STEP	2026-10-07T03:26:33.6902189Z 
test (integration-1)	UNKNOWN STEP	2026-10-07T03:26:33.6902520Z test result: ok. 1 passed; 0 failed; 0 ignored; 0 measured; 0 filtered out; finished in 0.01s
test (integration-1)	UNKNOWN STEP	2026-10-07T03:26:33.6902810Z 
test (integration-1)	UNKNOWN STEP	2026-10-07T03:26:33.6903606Z ^[[1m^[[92m     Running^[[0m tests/blake3.rs (target/debug/build/purrdf-hash-conformance/fb61992de4ec99aa/out/blake3-fb61992de4ec99aa)
test (integration-1)	UNKNOWN STEP	2026-10-07T03:26:33.6909744Z 
test (integration-1)	UNKNOWN STEP	2026-10-07T03:26:33.6909889Z running 7 tests
test (integration-1)	UNKNOWN STEP	2026-10-07T03:26:33.6924203Z test required_backends_are_available ... ok
test (integration-1)	UNKNOWN STEP	2026-10-07T03:26:33.6950322Z test streaming_boundary_answers ... ok
test (integration-1)	UNKNOWN STEP	2026-10-07T03:26:33.8987050Z test frozen_answers_match ... ok
test (integration-1)	UNKNOWN STEP	2026-10-07T03:26:33.9000289Z test snapshots_and_reset_preserve_message_boundaries ... ok
test (integration-1)	UNKNOWN STEP	2026-10-07T03:26:34.0582879Z test caller_scheduled_trees_match_frozen_answers ... ok
test (integration-1)	UNKNOWN STEP	2026-10-07T03:26:35.1058044Z test streaming_answers_match ... ok
test (integration-1)	UNKNOWN STEP	2026-10-07T03:26:36.2453490Z test random_inputs_cover_irregular_trees_and_alignment ... ok
test (integration-1)	UNKNOWN STEP	2026-10-07T03:26:36.2453882Z 
test (integration-1)	UNKNOWN STEP	2026-10-07T03:26:36.2454274Z test result: ok. 7 passed; 0 failed; 0 ignored; 0 measured; 0 filtered out; finished in 2.55s
test (integration-1)	UNKNOWN STEP	2026-10-07T03:26:36.2454550Z 
test (integration-1)	UNKNOWN STEP	2026-10-07T03:26:36.2461865Z ^[[1m^[[92m     Running^[[0m tests/digest_differential.rs (target/debug/build/purrdf-hash-conformance/281155da7d5ee157/out/digest_differential-281155da7d5ee157)
test (integration-1)	UNKNOWN STEP	2026-10-07T03:26:36.2469790Z 
test (integration-1)	UNKNOWN STEP	2026-10-07T03:26:36.2469886Z running 8 tests
test (integration-1)	UNKNOWN STEP	2026-10-07T03:26:36.2472709Z test required_sha1_and_crc32_paths_are_available_and_selected ... ok
test (integration-1)	UNKNOWN STEP	2026-10-07T03:26:36.3560883Z sha1: x86-sha reproduced
test (integration-1)	UNKNOWN STEP	2026-10-07T03:26:36.5420990Z test md5_vectors_are_reproduced ... ok
test (integration-1)	UNKNOWN STEP	2026-10-07T03:26:36.8329248Z sha1: portable reproduced
test (integration-1)	UNKNOWN STEP	2026-10-07T03:26:36.8870705Z test sha3_224_vectors_are_reproduced ... ok
test (integration-1)	UNKNOWN STEP	2026-10-07T03:26:36.9220602Z test sha3_256_vectors_are_reproduced ... ok
test (integration-1)	UNKNOWN STEP	2026-10-07T03:26:36.9457703Z test sha1_vectors_are_reproduced_on_every_path ... ok
test (integration-1)	UNKNOWN STEP	2026-10-07T03:26:36.9798687Z crc32: x86-pclmulqdq reproduced
test (integration-1)	UNKNOWN STEP	2026-10-07T03:26:37.0698287Z crc32: portable reproduced
test (integration-1)	UNKNOWN STEP	2026-10-07T03:26:37.1257397Z test crc32_vectors_are_reproduced_on_every_path ... ok
test (integration-1)	UNKNOWN STEP	2026-10-07T03:26:37.1732944Z test sha3_384_vectors_are_reproduced ... ok
test (integration-1)	UNKNOWN STEP	2026-10-07T03:26:37.6272153Z test sha3_512_vectors_are_reproduced ... ok
test (integration-1)	UNKNOWN STEP	2026-10-07T03:26:37.6272333Z 
test (integration-1)	UNKNOWN STEP	2026-10-07T03:26:37.6272928Z test result: ok. 8 passed; 0 failed; 0 ignored; 0 measured; 0 filtered out; finished in 1.38s
test (integration-1)	UNKNOWN STEP	2026-10-07T03:26:37.6273119Z 
test (integration-1)	UNKNOWN STEP	2026-10-07T03:26:37.6281418Z ^[[1m^[[92m     Running^[[0m tests/adversarial_payload.rs (target/debug/build/purrdf-hnsw/968cb5d5a893517f/out/adversarial_payload-968cb5d5a893517f)
test (integration-1)	UNKNOWN STEP	2026-10-07T03:26:37.6291178Z 
test (integration-1)	UNKNOWN STEP	2026-10-07T03:26:37.6291276Z running 10 tests
test (integration-1)	UNKNOWN STEP	2026-10-07T03:26:37.6302939Z test a_hostile_node_count_is_refused_before_any_allocation ... ok
test (integration-1)	UNKNOWN STEP	2026-10-07T03:26:37.6303617Z test a_hostile_neighbour_count_is_refused_before_any_allocation ... ok
test (integration-1)	UNKNOWN STEP	2026-10-07T03:26:37.6304338Z test a_header_naming_another_arithmetic_is_refused_by_name ... ok
test (integration-1)	UNKNOWN STEP	2026-10-07T03:26:37.6304743Z test a_matrix_of_the_wrong_shape_is_refused ... ok
test (integration-1)	UNKNOWN STEP	2026-10-07T03:26:37.6309543Z test non_finite_distances_are_refused ... ok
test (integration-1)	UNKNOWN STEP	2026-10-07T03:26:37.6311626Z test non_zero_reserved_fields_are_refused ... ok
test (integration-1)	UNKNOWN STEP	2026-10-07T03:26:37.6313728Z test a_wrong_entry_point_is_refused ... ok
test (integration-1)	UNKNOWN STEP	2026-10-07T03:26:37.6314647Z test bad_parameters_are_refused ... ok
test (integration-1)	UNKNOWN STEP	2026-10-07T03:26:37.6315209Z test truncated_overlong_and_mis_versioned_payloads_are_typed_errors ... ok
test (integration-1)	UNKNOWN STEP	2026-10-07T03:26:37.6316717Z test unsorted_and_duplicate_adjacency_are_refused ... ok
test (integration-1)	UNKNOWN STEP	2026-10-07T03:26:37.6317042Z 
test (integration-1)	UNKNOWN STEP	2026-10-07T03:26:37.6317462Z test result: ok. 10 passed; 0 failed; 0 ignored; 0 measured; 0 filtered out; finished in 0.00s
test (integration-1)	UNKNOWN STEP	2026-10-07T03:26:37.6317866Z 
test (integration-1)	UNKNOWN STEP	2026-10-07T03:26:37.6319850Z ^[[1m^[[92m     Running^[[0m tests/conformance.rs (target/debug/build/purrdf-hnsw/49f9273efbc295ad/out/conformance-49f9273efbc295ad)
test (integration-1)	UNKNOWN STEP	2026-10-07T03:26:37.6327656Z 
test (integration-1)	UNKNOWN STEP	2026-10-07T03:26:37.6327740Z running 5 tests
test (integration-1)	UNKNOWN STEP	2026-10-07T03:26:37.6380817Z test a_sparse_index_misses_without_certifying_absence ... ok
test (integration-1)	UNKNOWN STEP	2026-10-07T03:26:37.6434380Z test tied_distances_break_by_row_in_both_paths ... ok
test (integration-1)	UNKNOWN STEP	2026-10-07T03:26:37.6641722Z test reassociated_recall_meets_exact_floor ... ok
test (integration-1)	UNKNOWN STEP	2026-10-07T03:26:37.6984949Z test reassociated_distances_match_reassociated_kernel ... ok
test (integration-1)	UNKNOWN STEP	2026-10-07T03:26:37.6989210Z test every_result_is_compared_to_the_exact_oracle ... ok
test (integration-1)	UNKNOWN STEP	2026-10-07T03:26:37.6989419Z 
test (integration-1)	UNKNOWN STEP	2026-10-07T03:26:37.6989669Z test result: ok. 5 passed; 0 failed; 0 ignored; 0 measured; 0 filtered out; finished in 0.07s
test (integration-1)	UNKNOWN STEP	2026-10-07T03:26:37.6989899Z 
test (integration-1)	UNKNOWN STEP	2026-10-07T03:26:37.6997594Z ^[[1m^[[92m     Running^[[0m tests/corpus_geometry.rs (target/debug/build/purrdf-hnsw/2894264f13e53b8a/out/corpus_geometry-2894264f13e53b8a)
test (integration-1)	UNKNOWN STEP	2026-10-07T03:26:37.7007605Z 
test (integration-1)	UNKNOWN STEP	2026-10-07T03:26:37.7007697Z running 12 tests
test (integration-1)	UNKNOWN STEP	2026-10-07T03:26:37.7012247Z test cluster_sizes_follow_a_power_law ... ok
test (integration-1)	UNKNOWN STEP	2026-10-07T03:26:37.7030613Z test extreme_magnitudes_stay_finite_and_rankable ... ok
test (integration-1)	UNKNOWN STEP	2026-10-07T03:26:37.7216387Z test a_uniform_corpus_scores_the_width_and_this_one_does_not ... ok
test (integration-1)	UNKNOWN STEP	2026-10-07T03:26:37.7300846Z test ambient_fixed_amplitude_noise_really_is_width_dependent ... ok
test (integration-1)	UNKNOWN STEP	2026-10-07T03:26:37.7320539Z test separated_manifolds_do_not_share_an_axis ... ok
test (integration-1)	UNKNOWN STEP	2026-10-07T03:26:37.7350384Z test the_corpus_is_a_pure_function_of_its_seed ... ok
test (integration-1)	UNKNOWN STEP	2026-10-07T03:26:37.7380979Z test neighbours_are_separated_rather_than_concentrated ... ok
test (integration-1)	UNKNOWN STEP	2026-10-07T03:26:37.7672428Z test the_effective_dimension_is_far_below_the_nominal_width ... ok
test (integration-1)	UNKNOWN STEP	2026-10-07T03:26:38.2792148Z test the_intended_cluster_cosine_is_the_cosine_the_corpus_achieves ... ok
test (integration-1)	UNKNOWN STEP	2026-10-07T03:26:38.2979818Z test the_latent_variants_tightness_moves_with_everything_except_the_thing_you_want ... ok
test (integration-1)	UNKNOWN STEP	2026-10-07T03:26:39.8930951Z test cluster_tightness_is_the_same_at_every_width ... ok
test (integration-1)	UNKNOWN STEP	2026-10-07T03:26:39.8963411Z test latent_fixed_amplitude_noise_is_width_invariant_and_still_not_what_we_want ... ok
test (integration-1)	UNKNOWN STEP	2026-10-07T03:26:39.8963644Z 
test (integration-1)	UNKNOWN STEP	2026-10-07T03:26:39.8963845Z test result: ok. 12 passed; 0 failed; 0 ignored; 0 measured; 0 filtered out; finished in 2.20s
test (integration-1)	UNKNOWN STEP	2026-10-07T03:26:39.8964075Z 
test (integration-1)	UNKNOWN STEP	2026-10-07T03:26:39.8988933Z ^[[1m^[[92m     Running^[[0m tests/determinism.rs (target/debug/build/purrdf-hnsw/4a6c661a74829e43/out/determinism-4a6c661a74829e43)
test (integration-1)	UNKNOWN STEP	2026-10-07T03:26:39.8998052Z 
test (integration-1)	UNKNOWN STEP	2026-10-07T03:26:39.8998158Z running 8 tests
test (integration-1)	UNKNOWN STEP	2026-10-07T03:26:52.1332858Z determinism-digest case=exact_image_golden_unchanged_by_reassociated_surface digest=a367d6c589631389 corpus_len=5000
test (integration-1)	UNKNOWN STEP	2026-10-07T03:26:52.1381585Z test exact_image_golden_unchanged_by_reassociated_surface ... ok
test (integration-1)	UNKNOWN STEP	2026-10-07T03:27:05.1431666Z test the_digest_is_identical_under_two_workers ... ok
test (integration-1)	UNKNOWN STEP	2026-10-07T03:27:05.5295915Z test the_digest_is_identical_under_four_workers ... ok
test (integration-1)	UNKNOWN STEP	2026-10-07T03:27:05.5320683Z test the_digest_is_not_vacuous ... ok
test (integration-1)	UNKNOWN STEP	2026-10-07T03:27:16.8031835Z test the_digest_is_identical_under_eight_workers ... ok
test (integration-1)	UNKNOWN STEP	2026-10-07T03:27:21.9401442Z determinism-digest case=the_digest_is_the_pinned_golden digest=a367d6c589631389 corpus_len=5000
test (integration-1)	UNKNOWN STEP	2026-10-07T03:27:21.9402164Z test the_digest_is_the_pinned_golden ... ok
test (integration-1)	UNKNOWN STEP	2026-10-07T03:27:26.4326568Z test the_digest_is_identical_under_one_worker ... ok
test (integration-1)	UNKNOWN STEP	2026-10-07T03:27:29.7222934Z determinism-digest case=a_serial_insert_builds_a_different_graph digest=f0b2fd330bccfcc7 corpus_len=5000
test (integration-1)	UNKNOWN STEP	2026-10-07T03:27:29.7223347Z test a_serial_insert_builds_a_different_graph ... ok
test (integration-1)	UNKNOWN STEP	2026-10-07T03:27:29.7230573Z 
test (integration-1)	UNKNOWN STEP	2026-10-07T03:27:29.7230947Z test result: ok. 8 passed; 0 failed; 0 ignored; 0 measured; 0 filtered out; finished in 49.82s
test (integration-1)	UNKNOWN STEP	2026-10-07T03:27:29.7231246Z 
test (integration-1)	UNKNOWN STEP	2026-10-07T03:27:29.7266670Z ^[[1m^[[92m     Running^[[0m tests/authority.rs (target/debug/build/purrdf-iri/e97b7f797f678de4/out/authority-e97b7f797f678de4)
test (integration-1)	UNKNOWN STEP	2026-10-07T03:27:29.7276818Z 
test (integration-1)	UNKNOWN STEP	2026-10-07T03:27:29.7276917Z running 5 tests
test (integration-1)	UNKNOWN STEP	2026-10-07T03:27:29.7279094Z test authority_delimiters_and_diagnostic_offsets_stay_exact ... ok
test (integration-1)	UNKNOWN STEP	2026-10-07T03:27:29.7280562Z test every_ipv6_shape_is_validated_without_changing_lexical_identity ... ok
test (integration-1)	UNKNOWN STEP	2026-10-07T03:27:29.7280944Z test ipvfuture_requires_a_hex_version_dot_and_nonempty_exact_address ... ok
test (integration-1)	UNKNOWN STEP	2026-10-07T03:27:29.7281237Z test ipv6_rejects_invalid_structure_not_just_bad_characters ... ok
test (integration-1)	UNKNOWN STEP	2026-10-07T03:27:29.7281714Z test ipvfuture_terminal_matches_the_entire_ascii_alphabet_exactly ... ok
test (integration-1)	UNKNOWN STEP	2026-10-07T03:27:29.7282036Z 
test (integration-1)	UNKNOWN STEP	2026-10-07T03:27:29.7282493Z test result: ok. 5 passed; 0 failed; 0 ignored; 0 measured; 0 filtered out; finished in 0.00s
test (integration-1)	UNKNOWN STEP	2026-10-07T03:27:29.7283413Z ^[[1m^[[92m     Running^[[0m tests/base_scope.rs (target/debug/build/purrdf-iri/8bcc4580ebe04765/out/base_scope-8bcc4580ebe04765)
test (integration-1)	UNKNOWN STEP	2026-10-07T03:27:29.7283793Z 
test (integration-1)	UNKNOWN STEP	2026-10-07T03:27:29.7291528Z 
test (integration-1)	UNKNOWN STEP	2026-10-07T03:27:29.7291611Z running 18 tests
test (integration-1)	UNKNOWN STEP	2026-10-07T03:27:29.7294063Z test absolute_only_grammar_rejects_relative_references_with_and_without_a_base ... ok
test (integration-1)	UNKNOWN STEP	2026-10-07T03:27:29.7294892Z test an_absolute_base_directive_is_taken_verbatim_with_or_without_a_predecessor ... ok
test (integration-1)	UNKNOWN STEP	2026-10-07T03:27:29.7295356Z test absolute_reference_resolves_without_a_base ... ok
test (integration-1)	UNKNOWN STEP	2026-10-07T03:27:29.7296572Z test an_absolute_reference_is_never_normalized_by_either_grammar_family ... ok
test (integration-1)	UNKNOWN STEP	2026-10-07T03:27:29.7296994Z test base_layer_accepts_non_ascii_iris ... ok
test (integration-1)	UNKNOWN STEP	2026-10-07T03:27:29.7297496Z test absolute_references_resolve_identically_with_and_without_a_base ... ok
test (integration-1)	UNKNOWN STEP	2026-10-07T03:27:29.7297937Z test base_scope_matches_rfc3986_5_4_1_normal_examples ... ok
test (integration-1)	UNKNOWN STEP	2026-10-07T03:27:29.7299757Z test base_scope_matches_rfc3986_5_4_2_abnormal_examples ... ok
test (integration-1)	UNKNOWN STEP	2026-10-07T03:27:29.7300333Z test empty_reference_is_the_same_document_reference ... ok
test (integration-1)	UNKNOWN STEP	2026-10-07T03:27:29.7300752Z test network_path_reference_keeps_scheme_replaces_authority ... ok
test (integration-1)	UNKNOWN STEP	2026-10-07T03:27:29.7301198Z test path_noscheme_reference_is_a_parse_error_not_no_base ... ok
test (integration-1)	UNKNOWN STEP	2026-10-07T03:27:29.7301603Z test relative_reference_without_a_base_is_no_base ... ok
test (integration-1)	UNKNOWN STEP	2026-10-07T03:27:29.7301970Z test relativize_produces_the_turtle_spellings ... ok
test (integration-1)	UNKNOWN STEP	2026-10-07T03:27:29.7302291Z test rebind_chains_three_deep ... ok
test (integration-1)	UNKNOWN STEP	2026-10-07T03:27:29.7302618Z test relativize_guards_the_path_noscheme_case ... ok
test (integration-1)	UNKNOWN STEP	2026-10-07T03:27:29.7303064Z test relativize_returns_none_when_no_relative_spelling_exists ... ok
test (integration-1)	UNKNOWN STEP	2026-10-07T03:27:29.7304161Z test the_base_in_force_and_its_provenance_are_rendered_in_the_diagnostic ... ok
test (integration-1)	UNKNOWN STEP	2026-10-07T03:27:29.7305013Z ^[[1m^[[92m     Running^[[0m tests/api.rs (target/debug/build/purrdf-jsonschema/74cfcdac24d3b44b/out/api-74cfcdac24d3b44b)
test (integration-1)	UNKNOWN STEP	2026-10-07T03:27:29.7305897Z test relativize_round_trips_every_rfc3986_5_4_pair ... ok
test (integration-1)	UNKNOWN STEP	2026-10-07T03:27:29.7306040Z 
test (integration-1)	UNKNOWN STEP	2026-10-07T03:27:29.7306226Z test result: ok. 18 passed; 0 failed; 0 ignored; 0 measured; 0 filtered out; finished in 0.00s
test (integration-1)	UNKNOWN STEP	2026-10-07T03:27:29.7306412Z 
test (integration-1)	UNKNOWN STEP	2026-10-07T03:27:29.7316762Z 
test (integration-1)	UNKNOWN STEP	2026-10-07T03:27:29.7316903Z running 29 tests
test (integration-1)	UNKNOWN STEP	2026-10-07T03:27:29.7342486Z test a_draft_07_id_with_a_pointer_fragment_is_refused_and_a_plain_name_is_an_anchor ... ok
test (integration-1)	UNKNOWN STEP	2026-10-07T03:27:29.7343178Z test a_recursive_ref_other_than_the_root_is_refused_and_the_root_is_followed ... ok
test (integration-1)	UNKNOWN STEP	2026-10-07T03:27:29.7343782Z test a_reference_cycle_that_consumes_nothing_fails_instead_of_recursing ... ok
test (integration-1)	UNKNOWN STEP	2026-10-07T03:27:29.7344482Z test a_reference_into_another_dialect_is_read_in_it_and_one_into_an_unsupported_dialect_is_refused ... ok
test (integration-1)	UNKNOWN STEP	2026-10-07T03:27:29.7365780Z test a_missing_metaschema_is_named_and_its_registered_neighbour_compiles ... ok
test (integration-1)	UNKNOWN STEP	2026-10-07T03:27:29.7366667Z test a_schema_invalid_against_the_metaschema_is_refused_and_its_valid_neighbour_is_not ... ok
test (integration-1)	UNKNOWN STEP	2026-10-07T03:27:29.7367479Z test a_schema_repeating_a_member_name_is_refused_and_its_distinct_neighbour_is_not ... ok
test (integration-1)	UNKNOWN STEP	2026-10-07T03:27:29.7370653Z test an_incomplete_metaschema_set_is_refused_and_a_complete_one_is_built ... ok
test (integration-1)	UNKNOWN STEP	2026-10-07T03:27:29.7371402Z test a_required_unknown_vocabulary_is_refused_and_an_optional_one_is_ignored ... ok
test (integration-1)	UNKNOWN STEP	2026-10-07T03:27:29.7372156Z test an_unknown_format_is_refused_under_format_assertion_and_every_defined_one_asserts ... ok
test (integration-1)	UNKNOWN STEP	2026-10-07T03:27:29.7378654Z test an_unresolved_reference_is_refused_and_a_resolved_one_is_followed ... ok
test (integration-1)	UNKNOWN STEP	2026-10-07T03:27:29.7379810Z test a_reference_chain_past_its_bound_stops_and_one_at_the_bound_validates ... ok
test (integration-1)	UNKNOWN STEP	2026-10-07T03:27:29.7380880Z test annotations_of_failed_subschemas_are_dropped ... ok
test (integration-1)	UNKNOWN STEP	2026-10-07T03:27:29.7384243Z test descending_into_the_instance_starts_a_new_reference_chain ... ok
test (integration-1)	UNKNOWN STEP	2026-10-07T03:27:29.7387960Z test draft_06_and_older_are_refused_and_every_supported_spelling_is_accepted ... ok
test (integration-1)	UNKNOWN STEP	2026-10-07T03:27:29.7392923Z test each_dialect_reads_its_own_keywords ... ok
test (integration-1)	UNKNOWN STEP	2026-10-07T03:27:29.7395481Z test each_draft_emits_independently_expected_output_locations ... ok
test (integration-1)	UNKNOWN STEP	2026-10-07T03:27:29.7396139Z test format_assertion_is_opt_in_and_an_unknown_format_stays_an_annotation ... ok
test (integration-1)	UNKNOWN STEP	2026-10-07T03:27:29.7396627Z test identifiers_are_checked_when_registered ... ok
test (integration-1)	UNKNOWN STEP	2026-10-07T03:27:29.7400452Z test matcher_exhaustion_is_an_error_not_an_invalid_verdict ... ok
test (integration-1)	UNKNOWN STEP	2026-10-07T03:27:29.7400966Z test nonregular_patterns_execute_and_malformed_syntax_is_refused ... ok
test (integration-1)	UNKNOWN STEP	2026-10-07T03:27:29.7403957Z test an_instance_repeating_a_member_name_is_evaluated_member_by_member ... ok
test (integration-1)	UNKNOWN STEP	2026-10-07T03:27:29.7408991Z test overdeep_regex_format_is_a_resource_error ... ok
test (integration-1)	UNKNOWN STEP	2026-10-07T03:27:29.7409455Z test parsed_json_numbers_keep_every_decimal_digit ... ok
test (integration-1)	UNKNOWN STEP	2026-10-07T03:27:29.7409903Z test the_three_output_formats_project_one_evaluation ... ok
test (integration-1)	UNKNOWN STEP	2026-10-07T03:27:29.7412718Z test unevaluated_properties_see_through_every_in_place_applicator ... ok
test (integration-1)	UNKNOWN STEP	2026-10-07T03:27:29.7467682Z test const_enum_and_unique_items_decide_ten_thousand_deep_values ... ok
test (integration-1)	UNKNOWN STEP	2026-10-07T03:27:29.7701668Z test output_units_ten_thousand_deep_clone_compare_and_format_on_a_small_stack ... ok
test (integration-1)	UNKNOWN STEP	2026-10-07T03:27:29.8389780Z test a_recursive_schema_validates_a_thousand_deep_instance_on_a_small_stack ... ok
test (integration-1)	UNKNOWN STEP	2026-10-07T03:27:29.8390170Z 
test (integration-1)	UNKNOWN STEP	2026-10-07T03:27:29.8390372Z test result: ok. 29 passed; 0 failed; 0 ignored; 0 measured; 0 filtered out; finished in 0.11s
test (integration-1)	UNKNOWN STEP	2026-10-07T03:27:29.8390565Z 
test (integration-1)	UNKNOWN STEP	2026-10-07T03:27:29.8394524Z ^[[1m^[[92m     Running^[[0m tests/boon_differential.rs (target/debug/build/purrdf-jsonschema/dec0c064d0629587/out/boon_differential-dec0c064d0629587)
test (integration-1)	UNKNOWN STEP	2026-10-07T03:27:29.8407148Z 
test (integration-1)	UNKNOWN STEP	2026-10-07T03:27:29.8407227Z running 1 test
test (integration-1)	UNKNOWN STEP	2026-10-07T03:27:29.9555548Z test every_boon_verdict_is_reproduced_or_named ... ok
test (integration-1)	UNKNOWN STEP	2026-10-07T03:27:29.9556063Z 
test (integration-1)	UNKNOWN STEP	2026-10-07T03:27:29.9556307Z test result: ok. 1 passed; 0 failed; 0 ignored; 0 measured; 0 filtered out; finished in 0.11s
test (integration-1)	UNKNOWN STEP	2026-10-07T03:27:29.9556498Z 
test (integration-1)	UNKNOWN STEP	2026-10-07T03:27:29.9560843Z ^[[1m^[[92m     Running^[[0m tests/backend_seam_streams.rs (target/debug/build/purrdf-rdf/d30dd40aaf82c4ba/out/backend_seam_streams-d30dd40aaf82c4ba)
test (integration-1)	UNKNOWN STEP	2026-10-07T03:27:29.9571004Z 
test (integration-1)	UNKNOWN STEP	2026-10-07T03:27:29.9571086Z running 2 tests
test (integration-1)	UNKNOWN STEP	2026-10-07T03:27:29.9723187Z test growing_the_document_grows_the_write_count_and_not_the_write_size ... ok
test (integration-1)	UNKNOWN STEP	2026-10-07T03:27:30.0055700Z test the_backend_seam_never_hands_a_writer_the_whole_document ... ok
test (integration-1)	UNKNOWN STEP	2026-10-07T03:27:30.0055869Z 
test (integration-1)	UNKNOWN STEP	2026-10-07T03:27:30.0056073Z test result: ok. 2 passed; 0 failed; 0 ignored; 0 measured; 0 filtered out; finished in 0.05s
test (integration-1)	UNKNOWN STEP	2026-10-07T03:27:30.0056263Z 
test (integration-1)	UNKNOWN STEP	2026-10-07T03:27:30.0067997Z ^[[1m^[[92m     Running^[[0m tests/blank_label_egress.rs (target/debug/build/purrdf-rdf/e22e827798e7e2a6/out/blank_label_egress-e22e827798e7e2a6)
test (integration-1)	UNKNOWN STEP	2026-10-07T03:27:30.0078393Z 
test (integration-1)	UNKNOWN STEP	2026-10-07T03:27:30.0078494Z running 9 tests
test (integration-1)	UNKNOWN STEP	2026-10-07T03:27:30.0099780Z test a_legal_label_passes_through_unescaped_in_every_format ... ok
test (integration-1)	UNKNOWN STEP	2026-10-07T03:27:30.0100524Z test co_reference_survives_escaping ... ok
test (integration-1)	UNKNOWN STEP	2026-10-07T03:27:30.0100917Z test distinct_blank_nodes_never_conflate_on_egress ... ok
test (integration-1)	UNKNOWN STEP	2026-10-07T03:27:30.0101389Z test every_hostile_label_serializes_and_reparses_isomorphically ... ok
test (integration-1)	UNKNOWN STEP	2026-10-07T03:27:30.0101885Z test okf_writer_accepts_every_hostile_label_without_error ... ok
test (integration-1)	UNKNOWN STEP	2026-10-07T03:27:30.0102340Z test scoped_label_and_naive_qualified_twin_never_conflate ... ok
test (integration-1)	UNKNOWN STEP	2026-10-07T03:27:30.0102816Z test the_dotted_family_stays_distinct_and_verbatim_on_the_wire ... ok
test (integration-1)	UNKNOWN STEP	2026-10-07T03:27:30.0103396Z test unscoped_legal_labels_serialize_byte_identically_to_the_pre_escape_serializer ... ok
test (integration-1)	UNKNOWN STEP	2026-10-07T03:27:30.0108482Z test serialization_is_byte_deterministic_for_escaped_labels ... ok
test (integration-1)	UNKNOWN STEP	2026-10-07T03:27:30.0108721Z 
test (integration-1)	UNKNOWN STEP	2026-10-07T03:27:30.0109018Z test result: ok. 9 passed; 0 failed; 0 ignored; 0 measured; 0 filtered out; finished in 0.00s
test (integration-1)	UNKNOWN STEP	2026-10-07T03:27:30.0109207Z 
test (integration-1)	UNKNOWN STEP	2026-10-07T03:27:30.0111776Z ^[[1m^[[92m     Running^[[0m tests/blank_label_fixpoint.rs (target/debug/build/purrdf-rdf/c8a7c966a5d7d294/out/blank_label_fixpoint-c8a7c966a5d7d294)
test (integration-1)	UNKNOWN STEP	2026-10-07T03:27:30.0120898Z 
test (integration-1)	UNKNOWN STEP	2026-10-07T03:27:30.0120990Z running 7 tests
test (integration-1)	UNKNOWN STEP	2026-10-07T03:27:30.0127931Z test dotted_label_is_stable_across_three_cycles ... ok
test (integration-1)	UNKNOWN STEP	2026-10-07T03:27:30.0128479Z test a_malformed_marker_label_is_a_fixed_point_from_the_first_cycle ... ok
test (integration-1)	UNKNOWN STEP	2026-10-07T03:27:30.0128966Z test an_envelope_shaped_label_settles_after_one_write ... ok
test (integration-1)	UNKNOWN STEP	2026-10-07T03:27:30.0129389Z test escaped_label_is_stable_across_three_cycles ... ok
test (integration-1)	UNKNOWN STEP	2026-10-07T03:27:30.0129776Z test scoped_label_is_stable_across_three_cycles ... ok
test (integration-1)	UNKNOWN STEP	2026-10-07T03:27:30.0273883Z test a_round_trip_restores_blank_label_identity ... ok
test (integration-1)	UNKNOWN STEP	2026-10-07T03:27:30.0471689Z test text_egress_is_a_byte_fixpoint ... ok
test (integration-1)	UNKNOWN STEP	2026-10-07T03:27:30.0471885Z 
test (integration-1)	UNKNOWN STEP	2026-10-07T03:27:30.0472180Z test result: ok. 7 passed; 0 failed; 0 ignored; 0 measured; 0 filtered out; finished in 0.04s
test (integration-1)	UNKNOWN STEP	2026-10-07T03:27:30.0472470Z 
test (integration-1)	UNKNOWN STEP	2026-10-07T03:27:30.0476178Z ^[[1m^[[92m     Running^[[0m tests/blank_label_injectivity.rs (target/debug/build/purrdf-rdf/98a004dfb6e8b191/out/blank_label_injectivity-98a004dfb6e8b191)
test (integration-1)	UNKNOWN STEP	2026-10-07T03:27:30.0486646Z 
test (integration-1)	UNKNOWN STEP	2026-10-07T03:27:30.0486743Z running 9 tests
test (integration-1)	UNKNOWN STEP	2026-10-07T03:27:30.0493028Z test a_scoped_pair_round_trips_through_its_envelope ... ok
test (integration-1)	UNKNOWN STEP	2026-10-07T03:27:30.0493532Z test standardize_apart_keeps_per_document_blanks_distinct ... ok
test (integration-1)	UNKNOWN STEP	2026-10-07T03:27:30.0493928Z test neighbouring_scoped_blank_labels_still_ingest_and_stay_distinct ... ok
test (integration-1)	UNKNOWN STEP	2026-10-07T03:27:30.0494369Z test the_five_label_probe_canonicalizes_apart_from_its_merged_variant ... ok
test (integration-1)	UNKNOWN STEP	2026-10-07T03:27:30.0494747Z test the_five_label_probe_parses_to_five_distinct_nodes ... ok
test (integration-1)	UNKNOWN STEP	2026-10-07T03:27:30.0495139Z test the_five_label_probe_is_a_byte_fixpoint_from_the_first_write ... ok
test (integration-1)	UNKNOWN STEP	2026-10-07T03:27:30.0495553Z test the_snapshot_blank_wire_encoding_refuses_a_collision_it_cannot_represent ... ok
test (integration-1)	UNKNOWN STEP	2026-10-07T03:27:30.0496752Z test two_ingestion_orders_of_scoped_blank_sources_agree_byte_for_byte ... ok
test (integration-1)	UNKNOWN STEP	2026-10-07T03:27:30.0522543Z test a_document_of_distinct_labels_parses_to_that_many_nodes ... ok
test (integration-1)	UNKNOWN STEP	2026-10-07T03:27:30.0522808Z 
test (integration-1)	UNKNOWN STEP	2026-10-07T03:27:30.0523011Z test result: ok. 9 passed; 0 failed; 0 ignored; 0 measured; 0 filtered out; finished in 0.00s
test (integration-1)	UNKNOWN STEP	2026-10-07T03:27:30.0523225Z 
test (integration-1)	UNKNOWN STEP	2026-10-07T03:27:30.0524836Z ^[[1m^[[92m     Running^[[0m tests/cdt_blank_scope.rs (target/debug/build/purrdf-rdf/7033e2396210d801/out/cdt_blank_scope-7033e2396210d801)
test (integration-1)	UNKNOWN STEP	2026-10-07T03:27:30.0534333Z 
test (integration-1)	UNKNOWN STEP	2026-10-07T03:27:30.0534419Z running 24 tests
test (integration-1)	UNKNOWN STEP	2026-10-07T03:27:30.0538054Z test a_label_inside_a_literal_is_the_document_scope_node ... ok
test (integration-1)	UNKNOWN STEP	2026-10-07T03:27:30.0538634Z test a_differently_spelled_label_is_a_different_node ... ok
test (integration-1)	UNKNOWN STEP	2026-10-07T03:27:30.0539232Z test a_label_inside_a_map_literal_is_the_document_scope_node ... ok
test (integration-1)	UNKNOWN STEP	2026-10-07T03:27:30.0540444Z test a_merge_preserves_identity_within_each_source ... ok
test (integration-1)	UNKNOWN STEP	2026-10-07T03:27:30.0541832Z test a_relative_iri_inside_a_composite_literal_is_refused_with_and_without_a_base ... ok
test (integration-1)	UNKNOWN STEP	2026-10-07T03:27:30.0542568Z test a_composite_literal_with_a_blank_node_round_trips_through_every_format ... ok
test (integration-1)	UNKNOWN STEP	2026-10-07T03:27:30.0543129Z test an_ill_formed_composite_literal_refuses_the_document ... ok
test (integration-1)	UNKNOWN STEP	2026-10-07T03:27:30.0543717Z test direct_nesting_reaches_the_document_subject ... ok
test (integration-1)	UNKNOWN STEP	2026-10-07T03:27:30.0544230Z test distinct_labels_across_two_literals_stay_distinct ... ok
test (integration-1)	UNKNOWN STEP	2026-10-07T03:27:30.0544676Z test distinct_labels_are_distinct_nodes ... ok
test (integration-1)	UNKNOWN STEP	2026-10-07T03:27:30.0545457Z test embedded_composite_literal_nesting_is_the_same_scope ... ok
test (integration-1)	UNKNOWN STEP	2026-10-07T03:27:30.0546447Z test embedded_composite_literal_nesting_keeps_distinct_labels_distinct ... ok
test (integration-1)	UNKNOWN STEP	2026-10-07T03:27:30.0547606Z test embedded_composite_literal_nesting_reaches_the_document_subject ... ok
test (integration-1)	UNKNOWN STEP	2026-10-07T03:27:30.0548491Z test a_map_literal_with_a_blank_node_round_trips_through_every_format ... ok
test (integration-1)	UNKNOWN STEP	2026-10-07T03:27:30.0549105Z test direct_nesting_is_the_same_scope ... ok
test (integration-1)	UNKNOWN STEP	2026-10-07T03:27:30.0549460Z test one_label_across_a_list_and_a_map_is_one_node ... ok
test (integration-1)	UNKNOWN STEP	2026-10-07T03:27:30.0549850Z test one_label_across_two_literals_is_one_node ... ok
test (integration-1)	UNKNOWN STEP	2026-10-07T03:27:30.0550389Z test one_label_twice_in_one_literal_is_one_node ... ok
test (integration-1)	UNKNOWN STEP	2026-10-07T03:27:30.0551045Z test one_label_twice_in_one_map_literal_is_one_node ... ok
test (integration-1)	UNKNOWN STEP	2026-10-07T03:27:30.0551524Z test the_refusal_reaches_the_line_and_xml_codecs ... ok
test (integration-1)	UNKNOWN STEP	2026-10-07T03:27:30.0553854Z test two_documents_are_two_scopes_across_the_literal_boundary ... ok
test (integration-1)	UNKNOWN STEP	2026-10-07T03:27:30.0554231Z test two_documents_are_two_scopes ... ok
test (integration-1)	UNKNOWN STEP	2026-10-07T03:27:30.0554600Z test two_embedded_blank_nodes_do_not_conflate_on_egress ... ok
test (integration-1)	UNKNOWN STEP	2026-10-07T03:27:30.0993673Z test a_hundred_thousand_deep_composite_literal_is_accepted_and_scoped_like_a_shallow_one ... ok
test (integration-1)	UNKNOWN STEP	2026-10-07T03:27:30.0994835Z 
test (integration-1)	UNKNOWN STEP	2026-10-07T03:27:30.0995353Z test result: ok. 24 passed; 0 failed; 0 ignored; 0 measured; 0 filtered out; finished in 0.05s
test (integration-1)	UNKNOWN STEP	2026-10-07T03:27:30.0995749Z 
test (integration-1)	UNKNOWN STEP	2026-10-07T03:27:30.0997488Z ^[[1m^[[92m     Running^[[0m tests/content_id_byte_determinism.rs (target/debug/build/purrdf-rdf/772e7f787ea41e71/out/content_id_byte_determinism-772e7f787ea41e71)
test (integration-1)	UNKNOWN STEP	2026-10-07T03:27:30.1008674Z 
test (integration-1)	UNKNOWN STEP	2026-10-07T03:27:30.1008878Z running 18 tests
test (integration-1)	UNKNOWN STEP	2026-10-07T03:27:30.1011916Z test a_neighbouring_iri_is_admitted_while_the_reserved_namespace_is_typed_refused ... ok
test (integration-1)	UNKNOWN STEP	2026-10-07T03:27:30.1012659Z test blank_count_is_invariant_between_flat_and_overlay_presentations ... ok
test (integration-1)	UNKNOWN STEP	2026-10-07T03:27:30.1013379Z test content_addressing_does_not_perturb_serialized_bytes ... ok
test (integration-1)	UNKNOWN STEP	2026-10-07T03:27:30.1013786Z test differential_annotations ... ok
test (integration-1)	UNKNOWN STEP	2026-10-07T03:27:30.1014145Z test differential_blank_coreference_across_graphs ... ok
test (integration-1)	UNKNOWN STEP	2026-10-07T03:27:30.1014491Z test differential_blank_label_collision_across_scopes ... ok
test (integration-1)	UNKNOWN STEP	2026-10-07T03:27:30.1015433Z test differential_deeply_quoted_triple_terms ... ok
test (integration-1)	UNKNOWN STEP	2026-10-07T03:27:30.1015872Z test differential_language_and_direction_literals ... ok
test (integration-1)	UNKNOWN STEP	2026-10-07T03:27:30.1016154Z test differential_default_and_named_graph_worlds ... ok
test (integration-1)	UNKNOWN STEP	2026-10-07T03:27:30.1016460Z test differential_composite_literals_with_embedded_blank_labels ... ok
test (integration-1)	UNKNOWN STEP	2026-10-07T03:27:30.1018469Z test differential_reifier_and_annotation_case_under_both_hash_algorithms ... ok
test (integration-1)	UNKNOWN STEP	2026-10-07T03:27:30.1018897Z test differential_reifiers ... ok
test (integration-1)	UNKNOWN STEP	2026-10-07T03:27:30.1021048Z test differential_row_spelled_natively_and_as_base_quad_in_both_graph_placements ... ok
test (integration-1)	UNKNOWN STEP	2026-10-07T03:27:30.1021612Z test flat_and_overlay_agree_without_a_statement_layer_and_diverge_with_one ... ok
test (integration-1)	UNKNOWN STEP	2026-10-07T03:27:30.1022132Z test flat_canon_is_idempotent_under_both_reachable_reingestion_loaders ... ok
test (integration-1)	UNKNOWN STEP	2026-10-07T03:27:30.1022671Z test flat_canon_never_mints_the_reserved_namespace_and_the_row_count_is_exact ... ok
test (integration-1)	UNKNOWN STEP	2026-10-07T03:27:30.1023250Z test the_view_ingestion_path_drops_the_same_datatype_iris_as_the_flat_path ... ok
test (integration-1)	UNKNOWN STEP	2026-10-07T03:27:30.1023820Z test flat_graph_scope_commutes_with_statement_layer_rows_present_in_both_graphs ... ok
test (integration-1)	UNKNOWN STEP	2026-10-07T03:27:30.1024139Z 
test (integration-1)	UNKNOWN STEP	2026-10-07T03:27:30.1024391Z test result: ok. 18 passed; 0 failed; 0 ignored; 0 measured; 0 filtered out; finished in 0.00s
test (integration-1)	UNKNOWN STEP	2026-10-07T03:27:30.1024580Z 
test (integration-1)	UNKNOWN STEP	2026-10-07T03:27:30.1025087Z ^[[1m^[[92m     Running^[[0m tests/csvw_w3c.rs (target/debug/build/purrdf-rdf/0c4aea2c4d89200c/out/csvw_w3c-0c4aea2c4d89200c)
test (integration-1)	UNKNOWN STEP	2026-10-07T03:27:30.1034737Z 
test (integration-1)	UNKNOWN STEP	2026-10-07T03:27:30.1034807Z running 2 tests
test (integration-1)	UNKNOWN STEP	2026-10-07T03:27:30.1629589Z test upstream_csvw_validation_manifest ... ok
test (integration-1)	UNKNOWN STEP	2026-10-07T03:27:30.1854047Z test upstream_csvw_rdf_manifest ... ok
test (integration-1)	UNKNOWN STEP	2026-10-07T03:27:30.1854303Z 
test (integration-1)	UNKNOWN STEP	2026-10-07T03:27:30.1854627Z test result: ok. 2 passed; 0 failed; 0 ignored; 0 measured; 0 filtered out; finished in 0.08s
test (integration-1)	UNKNOWN STEP	2026-10-07T03:27:30.1854921Z 
test (integration-1)	UNKNOWN STEP	2026-10-07T03:27:30.1858345Z ^[[1m^[[92m     Running^[[0m tests/describe_serialize.rs (target/debug/build/purrdf-rdf/dbcd8f55b0050666/out/describe_serialize-dbcd8f55b0050666)
test (integration-1)	UNKNOWN STEP	2026-10-07T03:27:30.1868669Z 
test (integration-1)	UNKNOWN STEP	2026-10-07T03:27:30.1868783Z running 2 tests
test (integration-1)	UNKNOWN STEP	2026-10-07T03:27:30.1872448Z test a_graph_scoped_description_round_trips_through_the_dataset_serializers ... ok
test (integration-1)	UNKNOWN STEP	2026-10-07T03:27:30.1874365Z test describe_round_trips_through_every_serializer ... ok
test (integration-1)	UNKNOWN STEP	2026-10-07T03:27:30.1874582Z 
test (integration-1)	UNKNOWN STEP	2026-10-07T03:27:30.1875257Z ^[[1m^[[92m     Running^[[0m tests/dict_vectors.rs (target/debug/build/purrdf-rdf/fcfe01e3d09f4db1/out/dict_vectors-fcfe01e3d09f4db1)
test (integration-1)	UNKNOWN STEP	2026-10-07T03:27:30.1875720Z test result: ok. 2 passed; 0 failed; 0 ignored; 0 measured; 0 filtered out; finished in 0.00s
test (integration-1)	UNKNOWN STEP	2026-10-07T03:27:30.1875908Z 
test (integration-1)	UNKNOWN STEP	2026-10-07T03:27:30.1884284Z 
test (integration-1)	UNKNOWN STEP	2026-10-07T03:27:30.1884365Z running 11 tests
test (integration-1)	UNKNOWN STEP	2026-10-07T03:27:30.1890515Z test dict_primed_vectors_are_actually_zstd_compressed_not_an_inert_header ... ok
test (integration-1)	UNKNOWN STEP	2026-10-07T03:27:30.1900899Z test multi_dict_vector_pins_two_distinct_dictionaries_and_selects_per_frame ... ok
test (integration-1)	UNKNOWN STEP	2026-10-07T03:27:30.1974840Z test every_dictionary_vector_expected_json_matches_its_frozen_fold ... ok
test (integration-1)	UNKNOWN STEP	2026-10-07T03:27:30.2002055Z test rsyncable_vector_declares_its_level_and_rsyncable_chain_on_the_wire ... ok
test (integration-1)	UNKNOWN STEP	2026-10-07T03:27:30.2022406Z test multi_dict_vector_is_byte_identical_to_a_fresh_regeneration ... ok
test (integration-1)	UNKNOWN STEP	2026-10-07T03:27:30.2050805Z test the_only_untransformed_frames_in_a_compacted_pack_are_the_deliberate_exclusions ... ok
test (integration-1)	UNKNOWN STEP	2026-10-07T03:27:30.2090975Z test rawcontent_vector_is_byte_identical_to_a_fresh_regeneration ... ok
test (integration-1)	UNKNOWN STEP	2026-10-07T03:27:30.2341994Z test trained_vector_folds_cleanly_decodes_and_carries_a_dct_entry ... ok
test (integration-1)	UNKNOWN STEP	2026-10-07T03:27:30.2342856Z test rsyncable_vector_is_byte_identical_to_a_fresh_regeneration ... ok
test (integration-1)	UNKNOWN STEP	2026-10-07T03:27:30.2434519Z test trained_vector_folds_identically_to_a_fresh_regeneration ... ok
test (integration-1)	UNKNOWN STEP	2026-10-07T03:27:30.3304714Z test dict_primed_packs_are_strictly_smaller_than_the_undicted_pack ... ok
test (integration-1)	UNKNOWN STEP	2026-10-07T03:27:30.3304947Z 
test (integration-1)	UNKNOWN STEP	2026-10-07T03:27:30.3305159Z test result: ok. 11 passed; 0 failed; 0 ignored; 0 measured; 0 filtered out; finished in 0.14s
test (integration-1)	UNKNOWN STEP	2026-10-07T03:27:30.3305392Z 
test (integration-1)	UNKNOWN STEP	2026-10-07T03:27:30.3321660Z ^[[1m^[[92m     Running^[[0m tests/drain_window_through_a_line_writer.rs (target/debug/build/purrdf-rdf/12d1f88221cdf1e4/out/drain_window_through_a_line_writer-12d1f88221cdf1e4)
test (integration-1)	UNKNOWN STEP	2026-10-07T03:27:30.3332289Z 
test (integration-1)	UNKNOWN STEP	2026-10-07T03:27:30.3332372Z running 1 test
test (integration-1)	UNKNOWN STEP	2026-10-07T03:27:30.3376655Z test a_line_writer_forwards_per_window_not_per_line ... ok
test (integration-1)	UNKNOWN STEP	2026-10-07T03:27:30.3376799Z 
test (integration-1)	UNKNOWN STEP	2026-10-07T03:27:30.3376986Z test result: ok. 1 passed; 0 failed; 0 ignored; 0 measured; 0 filtered out; finished in 0.00s
test (integration-1)	UNKNOWN STEP	2026-10-07T03:27:30.3377173Z 
test (integration-1)	UNKNOWN STEP	2026-10-07T03:27:30.3379035Z ^[[1m^[[92m     Running^[[0m tests/admission_tests.rs (target/debug/build/purrdf-retrieval/d2e7601849293274/out/admission_tests-d2e7601849293274)
test (integration-1)	UNKNOWN STEP	2026-10-07T03:27:30.3389786Z 
test (integration-1)	UNKNOWN STEP	2026-10-07T03:27:30.3389864Z running 52 tests
test (integration-1)	UNKNOWN STEP	2026-10-07T03:27:30.3394712Z test a_declared_row_bound_still_refuses_a_raised_depth ... ok
test (integration-1)	UNKNOWN STEP	2026-10-07T03:27:30.3395190Z test a_binding_pushed_onto_a_term_the_producer_places_nowhere_is_refused ... ok
test (integration-1)	UNKNOWN STEP	2026-10-07T03:27:30.3399060Z test a_binding_pushed_onto_a_term_the_producer_does_receive_is_admitted ... ok
test (integration-1)	UNKNOWN STEP	2026-10-07T03:27:30.3399595Z test a_depth_exactly_at_the_monotone_bound_is_admitted_and_still_orders_by_rank ... ok
test (integration-1)	UNKNOWN STEP	2026-10-07T03:27:30.3400327Z test a_depth_beyond_the_profiles_monotone_range_is_admitted_and_records_its_resolution ... ok
test (integration-1)	UNKNOWN STEP	2026-10-07T03:27:30.3400912Z test a_depth_past_the_weighted_profiles_own_range_reports_a_coarser_resolution ... ok
test (integration-1)	UNKNOWN STEP	2026-10-07T03:27:30.3401416Z test a_declared_zero_admits_the_floored_row_and_refuses_the_one_past_it ... ok
test (integration-1)	UNKNOWN STEP	2026-10-07T03:27:30.3402501Z test a_ghost_stratum_is_refused_above_its_bound_and_refused_again_at_zero ... ok
test (integration-1)	UNKNOWN STEP	2026-10-07T03:27:30.3403091Z test a_deserialized_plan_against_different_declarations_is_refused ... ok
test (integration-1)	UNKNOWN STEP	2026-10-07T03:27:30.3407384Z test a_deserialized_plan_is_admitted_against_a_rebuilt_registry ... ok
test (integration-1)	UNKNOWN STEP	2026-10-07T03:27:30.3410669Z test a_fourteen_million_deep_stratum_is_admitted_under_a_heavy_enough_weighted_profile ... ok
test (integration-1)	UNKNOWN STEP	2026-10-07T03:27:30.3411221Z test a_hollow_binding_is_refused_on_every_decode_path ... ok
test (integration-1)	UNKNOWN STEP	2026-10-07T03:27:30.3411720Z test a_mandatory_producer_dropped_from_a_term_it_accepts_is_refused_by_name ... ok
test (integration-1)	UNKNOWN STEP	2026-10-07T03:27:30.3412298Z test a_mandatory_producer_that_accepts_nothing_of_a_request_is_not_required_by_it ... ok
test (integration-1)	UNKNOWN STEP	2026-10-07T03:27:30.3412851Z test a_mandatory_producer_bound_to_some_of_what_it_accepts_is_refused ... ok
test (integration-1)	UNKNOWN STEP	2026-10-07T03:27:30.3413376Z test a_mandatory_text_producer_admits_a_request_it_can_only_partly_accept ... ok
test (integration-1)	UNKNOWN STEP	2026-10-07T03:27:30.3413933Z test a_mandatory_producer_that_places_nothing_must_be_present_and_serves_no_term ... ok
test (integration-1)	UNKNOWN STEP	2026-10-07T03:27:30.3414432Z test a_plan_recording_unanswered_subjects_still_admits ... ok
test (integration-1)	UNKNOWN STEP	2026-10-07T03:27:30.3414885Z test a_plan_that_binds_two_producers_to_one_stratum_is_refused ... ok
test (integration-1)	UNKNOWN STEP	2026-10-07T03:27:30.3415391Z test a_plan_that_both_binds_a_term_and_reports_it_unanswered_is_refused ... ok
test (integration-1)	UNKNOWN STEP	2026-10-07T03:27:30.3416006Z test a_plan_version_this_build_does_not_write_is_refused_while_the_current_version_admits ... ok
test (integration-1)	UNKNOWN STEP	2026-10-07T03:27:30.3417257Z test a_producer_placement_refuses_is_dropped_unless_the_registry_declared_it_mandatory ... ok
test (integration-1)	UNKNOWN STEP	2026-10-07T03:27:30.3419464Z test a_recorded_depth_that_cannot_carry_its_probe_row_is_refused_at_the_ceiling ... ok
test (integration-1)	UNKNOWN STEP	2026-10-07T03:27:30.3420368Z test a_recorded_depth_of_zero_is_refused_over_a_stratum_the_registry_ranks_under ... ok
test (integration-1)	UNKNOWN STEP	2026-10-07T03:27:30.3421052Z test a_profile_weighting_a_stratum_no_producer_emits_under_is_admitted ... ok
test (integration-1)	UNKNOWN STEP	2026-10-07T03:27:30.3421711Z test a_stratum_no_surviving_producer_ranks_under_records_no_depth_at_all ... ok
test (integration-1)	UNKNOWN STEP	2026-10-07T03:27:30.3422323Z test a_same_process_plan_is_still_held_to_its_live_instance ... ok
test (integration-1)	UNKNOWN STEP	2026-10-07T03:27:30.3422999Z test a_stratum_the_profile_does_not_weight_is_not_held_to_a_monotone_range ... ok
test (integration-1)	UNKNOWN STEP	2026-10-07T03:27:30.3423623Z test a_stratum_whose_producer_declares_no_mode_bounds_no_depth ... ok
test (integration-1)	UNKNOWN STEP	2026-10-07T03:27:30.3424296Z test a_stratum_with_no_producer_to_invoke_is_bounded_at_its_widest_declared_mode ... ok
test (integration-1)	UNKNOWN STEP	2026-10-07T03:27:30.3424935Z test admission_refuses_a_binding_whose_stratum_has_no_depth ... ok
test (integration-1)	UNKNOWN STEP	2026-10-07T03:27:30.3425421Z test admission_accepts_fresh_plan ... ok
test (integration-1)	UNKNOWN STEP	2026-10-07T03:27:30.3425991Z test a_weight_unusable_under_the_sum_is_refused_where_the_fusing_weights_live ... ok
test (integration-1)	UNKNOWN STEP	2026-10-07T03:27:30.3426594Z test admission_rejects_depth_bound_violation ... ok
test (integration-1)	UNKNOWN STEP	2026-10-07T03:27:30.3427307Z test admission_rejects_edited_plan_dropping_mandatory ... ok
test (integration-1)	UNKNOWN STEP	2026-10-07T03:27:30.3427817Z test admission_rejects_insufficient_bindings ... ok
test (integration-1)	UNKNOWN STEP	2026-10-07T03:27:30.3428262Z test admission_rejects_missing_mandatory ... ok
test (integration-1)	UNKNOWN STEP	2026-10-07T03:27:30.3428597Z test admission_rejects_registry_fingerprint_mismatch ... ok
test (integration-1)	UNKNOWN STEP	2026-10-07T03:27:30.3429049Z test admission_rejects_roundtrip_with_dropped_producer ... ok
test (integration-1)	UNKNOWN STEP	2026-10-07T03:27:30.3429572Z test admission_rejects_registry_instance_mismatch ... ok
test (integration-1)	UNKNOWN STEP	2026-10-07T03:27:30.3430621Z test admission_rejects_stale_statistics ... ok
test (integration-1)	UNKNOWN STEP	2026-10-07T03:27:30.3430980Z test admission_rejects_tampered_deserialized ... ok
test (integration-1)	UNKNOWN STEP	2026-10-07T03:27:30.3431319Z test every_bound_stratum_with_a_depth_emits_its_branch ... ok
test (integration-1)	UNKNOWN STEP	2026-10-07T03:27:30.3431688Z test an_environment_that_names_no_profile_reports_no_resolution ... ok
test (integration-1)	UNKNOWN STEP	2026-10-07T03:27:30.3432040Z test compiled_retrieval_carries_both_identities ... ok
test (integration-1)	UNKNOWN STEP	2026-10-07T03:27:30.3432371Z test execute_refuses_a_different_registry_instance ... ok
test (integration-1)	UNKNOWN STEP	2026-10-07T03:27:30.3432791Z test narrowing_a_producer_is_refused_only_when_the_registry_declared_it_mandatory ... ok
test (integration-1)	UNKNOWN STEP	2026-10-07T03:27:30.3433261Z test narrowing_a_producer_leaves_the_plan_admissible_and_the_term_reported ... ok
test (integration-1)	UNKNOWN STEP	2026-10-07T03:27:30.3433658Z test origin_is_what_selects_the_identity_a_plan_is_held_to ... ok
test (integration-1)	UNKNOWN STEP	2026-10-07T03:27:30.3434016Z test same_fingerprint_different_implementation_refused ... ok
test (integration-1)	UNKNOWN STEP	2026-10-07T03:27:30.3434341Z test one_stratum_failure_others_continue ... ok
test (integration-1)	UNKNOWN STEP	2026-10-07T03:27:30.3434706Z test pinned_plan_replay_reproduces_candidate_set_and_ranks ... ok
test (integration-1)	UNKNOWN STEP	2026-10-07T03:27:30.3434946Z 
test (integration-1)	UNKNOWN STEP	2026-10-07T03:27:30.3435361Z test result: ok. 52 passed; 0 failed; 0 ignored; 0 measured; 0 filtered out; finished in 0.00s
test (integration-1)	UNKNOWN STEP	2026-10-07T03:27:30.3435754Z 
test (integration-1)	UNKNOWN STEP	2026-10-07T03:27:30.3436573Z ^[[1m^[[92m     Running^[[0m tests/boundary.rs (target/debug/build/purrdf-retrieval/6c7390d367c9cd93/out/boundary-6c7390d367c9cd93)
test (integration-1)	UNKNOWN STEP	2026-10-07T03:27:30.3447583Z 
test (integration-1)	UNKNOWN STEP	2026-10-07T03:27:30.3447773Z running 21 tests
test (integration-1)	UNKNOWN STEP	2026-10-07T03:27:30.3466976Z test a_hand_built_stream_can_declare_the_depth_that_stopped_it ... ok
test (integration-1)	UNKNOWN STEP	2026-10-07T03:27:30.3470064Z test a_supplied_bound_is_not_destroyed_by_the_layers_own ... ok
test (integration-1)	UNKNOWN STEP	2026-10-07T03:27:30.3470539Z test exactly_tied_candidates_are_ordered_rather_than_awaited ... ok
test (integration-1)	UNKNOWN STEP	2026-10-07T03:27:30.3470946Z test a_stream_that_names_another_plan_is_refused_rather_than_fused ... ok
test (integration-1)	UNKNOWN STEP	2026-10-07T03:27:30.3471238Z test encoding_and_fusion_are_deterministic_in_one_process ... ok
test (integration-1)	UNKNOWN STEP	2026-10-07T03:27:30.3471529Z test fused_top_k_holds_a_bounded_frontier_across_disagreeing_strata ... ok
test (integration-1)	UNKNOWN STEP	2026-10-07T03:27:30.3471856Z test a_supplied_prologue_is_hoisted_over_the_wrap_and_a_non_query_is_refused ... ok
test (integration-1)	UNKNOWN STEP	2026-10-07T03:27:30.3472438Z test prefix_reader_incomplete_evidence ... ok
test (integration-1)	UNKNOWN STEP	2026-10-07T03:27:30.3472823Z test fusing_at_a_bound_the_streams_were_not_planned_for_is_refused_by_name ... ok
test (integration-1)	UNKNOWN STEP	2026-10-07T03:27:30.3474657Z test start_at_compile_hand_built_plan ... ok
test (integration-1)	UNKNOWN STEP	2026-10-07T03:27:30.3475099Z test no_stage_takes_a_selector ... ok
test (integration-1)	UNKNOWN STEP	2026-10-07T03:27:30.3475537Z test reporting_names_plan_and_profile ... ok
test (integration-1)	UNKNOWN STEP	2026-10-07T03:27:30.3476133Z test start_at_execute_a_hand_built_unit_is_checked_on_the_numbers_it_claims ... ok
test (integration-1)	UNKNOWN STEP	2026-10-07T03:27:30.3476688Z test start_at_execute_evaluator_only ... ok
test (integration-1)	UNKNOWN STEP	2026-10-07T03:27:30.3477317Z test start_at_fuse_hand_built_streams ... ok
test (integration-1)	UNKNOWN STEP	2026-10-07T03:27:30.3478934Z test stop_at_compile_run_directly ... ok
test (integration-1)	UNKNOWN STEP	2026-10-07T03:27:30.3479522Z test stop_at_execute_consumes_unfused_streams_with_no_fusion_in_the_path ... ok
test (integration-1)	UNKNOWN STEP	2026-10-07T03:27:30.3480197Z test stop_at_plan_inspect_value ... ok
test (integration-1)	UNKNOWN STEP	2026-10-07T03:27:30.3480772Z test the_exported_bridge_reports_a_malformed_rank_rather_than_panicking ... ok
test (integration-1)	UNKNOWN STEP	2026-10-07T03:27:30.3481422Z test the_exported_bridge_carries_an_executed_stream_into_fusion ... ok
test (integration-1)	UNKNOWN STEP	2026-10-07T03:27:30.3552619Z test unfused_rung_applies_no_threshold_to_its_rows ... ok
test (integration-1)	UNKNOWN STEP	2026-10-07T03:27:30.3555566Z 
test (integration-1)	UNKNOWN STEP	2026-10-07T03:27:30.3557525Z test result: ok. 21 passed; 0 failed; 0 ignored; 0 measured; 0 filtered out; finished in 0.01s
test (integration-1)	UNKNOWN STEP	2026-10-07T03:27:30.3558130Z 
test (integration-1)	UNKNOWN STEP	2026-10-07T03:27:30.3559492Z ^[[1m^[[92m     Running^[[0m tests/compile_request.rs (target/debug/build/purrdf-retrieval/43788bad6e6de323/out/compile_request-43788bad6e6de323)
test (integration-1)	UNKNOWN STEP	2026-10-07T03:27:30.3570857Z 
test (integration-1)	UNKNOWN STEP	2026-10-07T03:27:30.3570952Z running 36 tests
test (integration-1)	UNKNOWN STEP	2026-10-07T03:27:30.3579575Z test a_blank_seed_is_refused_and_an_iri_seed_is_admitted ... ok
test (integration-1)	UNKNOWN STEP	2026-10-07T03:27:30.3580379Z test a_bounded_request_over_disjoint_strata_reads_a_flat_prefix_of_each ... ok
test (integration-1)	UNKNOWN STEP	2026-10-07T03:27:30.3580930Z test a_cardinality_of_zero_is_floored_with_or_without_a_selectivity ... ok
test (integration-1)	UNKNOWN STEP	2026-10-07T03:27:30.3581714Z test a_bound_gives_an_unbounded_declaration_a_finite_depth_and_its_absence_reads_to_the_ceiling ... ok
test (integration-1)	UNKNOWN STEP	2026-10-07T03:27:30.3582360Z test a_declared_row_bound_past_the_read_range_is_planned_at_the_ceiling ... ok
test (integration-1)	UNKNOWN STEP	2026-10-07T03:27:30.3582958Z test a_knn_producer_without_a_depth_placement_is_refused_and_with_one_is_admitted ... ok
test (integration-1)	UNKNOWN STEP	2026-10-07T03:27:30.3583552Z test a_directional_literal_seed_round_trips_through_the_emitted_query ... ok
test (integration-1)	UNKNOWN STEP	2026-10-07T03:27:30.3583906Z test a_declared_zero_is_read_past_rather_than_obeyed_and_a_wrong_one_is_refused ... ok
test (integration-1)	UNKNOWN STEP	2026-10-07T03:27:30.3585884Z test a_mandatory_producer_that_declares_no_rows_is_served_rather_than_missing ... ok
test (integration-1)	UNKNOWN STEP	2026-10-07T03:27:30.3586517Z test a_bound_lowered_in_a_caller_supplied_text_reports_that_text_and_never_an_exhaustion ... ok
test (integration-1)	UNKNOWN STEP	2026-10-07T03:27:30.3587127Z test a_mandatory_producer_under_a_zero_selectivity_plans_admits_and_runs ... ok
test (integration-1)	UNKNOWN STEP	2026-10-07T03:27:30.3592809Z test a_prefix_never_raises_a_depth_and_never_narrows_one_to_nothing ... ok
test (integration-1)	UNKNOWN STEP	2026-10-07T03:27:30.3593319Z test a_producer_declaring_no_rows_is_planned_at_one_row_and_still_serves_its_term ... ok
test (integration-1)	UNKNOWN STEP	2026-10-07T03:27:30.3593623Z test a_seed_is_admitted_as_the_rendered_constant ... ok
test (integration-1)	UNKNOWN STEP	2026-10-07T03:27:30.3593905Z test a_quoted_triple_seed_round_trips_through_the_emitted_query ... ok
test (integration-1)	UNKNOWN STEP	2026-10-07T03:27:30.3594426Z test a_prefixed_supplied_text_over_a_self_bounding_producer_reads_what_the_absolute_one_does ... ok
test (integration-1)	UNKNOWN STEP	2026-10-07T03:27:30.3595017Z test a_read_bound_no_rank_can_address_is_refused_and_the_addressable_ones_plan ... ok
test (integration-1)	UNKNOWN STEP	2026-10-07T03:27:30.3595481Z test a_small_top_k_over_an_oversized_declaration_plans_admits_and_runs ... ok
test (integration-1)	UNKNOWN STEP	2026-10-07T03:27:30.3595806Z test a_zero_selectivity_narrows_to_one_row_and_the_relation_is_still_invoked ... ok
test (integration-1)	UNKNOWN STEP	2026-10-07T03:27:30.3596181Z test a_self_bounding_producer_reports_the_bound_that_stopped_it_and_still_catches_a_wrong_one ... ok
test (integration-1)	UNKNOWN STEP	2026-10-07T03:27:30.3596583Z test a_zero_statistic_still_plans_one_row_and_the_producer_reports_the_emptiness ... ok
test (integration-1)	UNKNOWN STEP	2026-10-07T03:27:30.3597509Z test an_untagged_needle_is_refused_where_a_language_position_is_declared ... ok
test (integration-1)	UNKNOWN STEP	2026-10-07T03:27:30.3598228Z test an_untyped_embedding_is_refused_and_a_typed_one_carries_the_vector ... ok
test (integration-1)	UNKNOWN STEP	2026-10-07T03:27:30.3598610Z test depth_three_emits_limit_three_and_yields_three_rows ... ok
test (integration-1)	UNKNOWN STEP	2026-10-07T03:27:30.3598915Z test an_edited_plan_that_revives_a_refused_producer_is_refused_at_the_waist ... ok
test (integration-1)	UNKNOWN STEP	2026-10-07T03:27:30.3601009Z test reordering_a_plans_bound_indices_does_not_change_the_emitted_text ... ok
test (integration-1)	UNKNOWN STEP	2026-10-07T03:27:30.3601621Z test the_bound_is_in_the_identity_so_two_bounds_are_two_plans ... ok
test (integration-1)	UNKNOWN STEP	2026-10-07T03:27:30.3603204Z test producers_with_different_candidate_positions_read_back_under_one_name ... ok
test (integration-1)	UNKNOWN STEP	2026-10-07T03:27:30.3603792Z test the_floor_leaves_every_other_selectivity_exactly_where_it_was ... ok
test (integration-1)	UNKNOWN STEP	2026-10-07T03:27:30.3604266Z test the_branch_limit_reaches_the_relation_as_the_observed_ceiling ... ok
test (integration-1)	UNKNOWN STEP	2026-10-07T03:27:30.3604615Z test the_rendered_constant_reaches_the_relation ... ok
test (integration-1)	UNKNOWN STEP	2026-10-07T03:27:30.3605229Z test two_requests_compile_to_different_queries_and_carry_the_needle ... ok
test (integration-1)	UNKNOWN STEP	2026-10-07T03:27:30.3606395Z test the_same_producer_declaring_one_row_plans_and_serves_its_term ... ok
test (integration-1)	UNKNOWN STEP	2026-10-07T03:27:30.3606933Z test the_unbounded_and_overlapping_neighbours_keep_the_declared_depth ... ok
test (integration-1)	UNKNOWN STEP	2026-10-07T03:27:30.3607494Z test two_terms_conflicting_at_one_position_are_refused_and_agreeing_ones_are_not ... ok
test (integration-1)	UNKNOWN STEP	2026-10-07T03:27:30.3608125Z test two_different_embeddings_compile_to_different_queries ... ok
test (integration-1)	UNKNOWN STEP	2026-10-07T03:27:30.3608280Z 
test (integration-1)	UNKNOWN STEP	2026-10-07T03:27:30.3608472Z test result: ok. 36 passed; 0 failed; 0 ignored; 0 measured; 0 filtered out; finished in 0.00s
test (integration-1)	UNKNOWN STEP	2026-10-07T03:27:30.3608684Z 
test (integration-1)	UNKNOWN STEP	2026-10-07T03:27:30.3610789Z ^[[1m^[[92m     Running^[[0m tests/crossing_rank.rs (target/debug/build/purrdf-retrieval/6fa8dd1f7335080d/out/crossing_rank-6fa8dd1f7335080d)
test (integration-1)	UNKNOWN STEP	2026-10-07T03:27:30.3618743Z 
test (integration-1)	UNKNOWN STEP	2026-10-07T03:27:30.3618827Z running 3 tests
test (integration-1)	UNKNOWN STEP	2026-10-07T03:27:30.3621233Z test a_non_positive_weight_is_refused_in_either_list ... ok
test (integration-1)	UNKNOWN STEP	2026-10-07T03:27:30.3621730Z test small_positive_weights_are_searched_rather_than_refused ... ok
test (integration-1)	UNKNOWN STEP	2026-10-07T03:27:30.3622203Z test the_valid_neighbour_crosses_at_its_exact_rank ... ok
test (integration-1)	UNKNOWN STEP	2026-10-07T03:27:30.3622418Z 
test (integration-1)	UNKNOWN STEP	2026-10-07T03:27:30.3622613Z test result: ok. 3 passed; 0 failed; 0 ignored; 0 measured; 0 filtered out; finished in 0.00s
test (integration-1)	UNKNOWN STEP	2026-10-07T03:27:30.3622863Z 
test (integration-1)	UNKNOWN STEP	2026-10-07T03:27:30.3623527Z ^[[1m^[[92m     Running^[[0m tests/decay_tie_repro.rs (target/debug/build/purrdf-retrieval/b7fe11db095ffdac/out/decay_tie_repro-b7fe11db095ffdac)
test (integration-1)	UNKNOWN STEP	2026-10-07T03:27:30.3631265Z 
test (integration-1)	UNKNOWN STEP	2026-10-07T03:27:30.3631351Z running 5 tests
test (integration-1)	UNKNOWN STEP	2026-10-07T03:27:30.3640960Z test two_ranks_at_a_weight_whose_decay_collides_immediately ... ok
test (integration-1)	UNKNOWN STEP	2026-10-07T03:27:30.3641408Z test two_ranks_at_a_whole_unit_weight_are_unaffected ... ok
test (integration-1)	UNKNOWN STEP	2026-10-07T03:27:30.3650453Z test a_small_row_bound_is_a_false_all_clear ... ok
test (integration-1)	UNKNOWN STEP	2026-10-07T03:27:30.3663518Z test fourteen_hundred_ranks_at_a_weight_that_never_collides_in_range ... ok
test (integration-1)	UNKNOWN STEP	2026-10-07T03:27:30.3664015Z test fourteen_hundred_ranks_at_the_weight_that_collided_at_rank_973 ... ok
test (integration-1)	UNKNOWN STEP	2026-10-07T03:27:30.3664283Z 
test (integration-1)	UNKNOWN STEP	2026-10-07T03:27:30.3664563Z test result: ok. 5 passed; 0 failed; 0 ignored; 0 measured; 0 filtered out; finished in 0.00s
test (integration-1)	UNKNOWN STEP	2026-10-07T03:27:30.3664751Z 
test (integration-1)	UNKNOWN STEP	2026-10-07T03:27:30.3667946Z ^[[1m^[[92m     Running^[[0m tests/depth_free_membership.rs (target/debug/build/purrdf-retrieval/633cafbbd7d43070/out/depth_free_membership-633cafbbd7d43070)
test (integration-1)	UNKNOWN STEP	2026-10-07T03:27:30.3677416Z 
test (integration-1)	UNKNOWN STEP	2026-10-07T03:27:30.3677488Z running 4 tests
test (integration-1)	UNKNOWN STEP	2026-10-07T03:27:30.3680430Z test the_lookup_shape_frees_the_depth_and_binds_the_candidate ... ok
test (integration-1)	UNKNOWN STEP	2026-10-07T03:27:30.3682097Z test a_point_mode_binding_the_depth_is_refused_at_registration ... ok
test (integration-1)	UNKNOWN STEP	2026-10-07T03:27:30.3749720Z test without_a_depth_the_candidate_bound_point_mode_is_admitted_and_used ... ok
test (integration-1)	UNKNOWN STEP	2026-10-07T03:27:30.3753304Z test a_depth_free_point_mode_is_admitted_and_looked_up ... ok
test (integration-1)	UNKNOWN STEP	2026-10-07T03:27:30.3753534Z 
test (integration-1)	UNKNOWN STEP	2026-10-07T03:27:30.3753838Z test result: ok. 4 passed; 0 failed; 0 ignored; 0 measured; 0 filtered out; finished in 0.01s
test (integration-1)	UNKNOWN STEP	2026-10-07T03:27:30.3754384Z 
test (integration-1)	UNKNOWN STEP	2026-10-07T03:27:30.3754949Z ^[[1m^[[92m     Running^[[0m tests/blank_focus_relation_prebinding.rs (target/debug/build/purrdf-shapes/8f47b192d9bb1287/out/blank_focus_relation_prebinding-8f47b192d9bb1287)
test (integration-1)	UNKNOWN STEP	2026-10-07T03:27:30.3765310Z 
test (integration-1)	UNKNOWN STEP	2026-10-07T03:27:30.3765482Z running 3 tests
test (integration-1)	UNKNOWN STEP	2026-10-07T03:27:30.3782830Z test a_blank_focus_node_reaches_a_relation_bound_in_an_optional_arm ... ok
test (integration-1)	UNKNOWN STEP	2026-10-07T03:27:30.3783175Z test a_blank_focus_node_reaches_a_relation_bound_in_a_sub_select ... ok
test (integration-1)	UNKNOWN STEP	2026-10-07T03:27:30.3796669Z test a_blank_focus_node_reaches_a_relation_bound_in_an_exists_below_the_core ... ok
test (integration-1)	UNKNOWN STEP	2026-10-07T03:27:30.3797543Z ^[[1m^[[92m     Running^[[0m tests/box_role_alloc.rs (target/debug/build/purrdf-shapes/ca8b46fd2b3449c1/out/box_role_alloc-ca8b46fd2b3449c1)
test (integration-1)	UNKNOWN STEP	2026-10-07T03:27:30.3797823Z 
test (integration-1)	UNKNOWN STEP	2026-10-07T03:27:30.3798020Z test result: ok. 3 passed; 0 failed; 0 ignored; 0 measured; 0 filtered out; finished in 0.00s
test (integration-1)	UNKNOWN STEP	2026-10-07T03:27:30.3798213Z 
test (integration-1)	UNKNOWN STEP	2026-10-07T03:27:30.3799702Z 
test (integration-1)	UNKNOWN STEP	2026-10-07T03:27:30.3799789Z running 5 tests
test (integration-1)	UNKNOWN STEP	2026-10-07T03:27:30.4053461Z test a_box_role_vocabulary_adds_no_allocation_to_the_conforming_path ... ok
test (integration-1)	UNKNOWN STEP	2026-10-07T03:27:30.4058118Z test box_roles_are_pinned_for_path_nested_and_reifier_shapes ... ok
test (integration-1)	UNKNOWN STEP	2026-10-07T03:27:30.4193770Z test conforming_box_role_validation_has_no_growth_term_in_focus_count ... ok
test (integration-1)	UNKNOWN STEP	2026-10-07T03:27:30.4220378Z test every_test_in_this_binary_takes_the_measure_lock_first ... ok
test (integration-1)	UNKNOWN STEP	2026-10-07T03:27:30.4239169Z test violating_box_role_validation_still_stamps_every_role ... ok
test (integration-1)	UNKNOWN STEP	2026-10-07T03:27:30.4239423Z 
test (integration-1)	UNKNOWN STEP	2026-10-07T03:27:30.4239632Z test result: ok. 5 passed; 0 failed; 0 ignored; 0 measured; 0 filtered out; finished in 0.04s
test (integration-1)	UNKNOWN STEP	2026-10-07T03:27:30.4239831Z 
test (integration-1)	UNKNOWN STEP	2026-10-07T03:27:30.4246297Z ^[[1m^[[92m     Running^[[0m tests/change_footprint.rs (target/debug/build/purrdf-shapes/c86b9585881ed645/out/change_footprint-c86b9585881ed645)
test (integration-1)	UNKNOWN STEP	2026-10-07T03:27:30.4259326Z 
test (integration-1)	UNKNOWN STEP	2026-10-07T03:27:30.4259431Z running 18 tests
test (integration-1)	UNKNOWN STEP	2026-10-07T03:27:30.4269333Z test a_binding_without_a_snapshot_has_no_change_to_expand ... ok
test (integration-1)	UNKNOWN STEP	2026-10-07T03:27:30.4270074Z test a_property_shape_without_reification_ignores_a_reifier_declaration ... ok
test (integration-1)	UNKNOWN STEP	2026-10-07T03:27:30.4271978Z test a_reclassifying_delta_moves_no_verdict_because_statements_are_projected ... ok
test (integration-1)	UNKNOWN STEP	2026-10-07T03:27:30.4272427Z test a_foreign_snapshot_is_refused ... ok
test (integration-1)	UNKNOWN STEP	2026-10-07T03:27:30.4274996Z test a_shapes_graph_of_forward_paths_stays_bounded ... ok
test (integration-1)	UNKNOWN STEP	2026-10-07T03:27:30.4275578Z test a_reifier_gained_for_a_required_reification_expands_the_focus_node ... ok
test (integration-1)	UNKNOWN STEP	2026-10-07T03:27:30.4276336Z test a_reifier_gained_under_a_reifier_shape_expands_the_focus_node ... ok
test (integration-1)	UNKNOWN STEP	2026-10-07T03:27:30.4276959Z test a_reifier_lost_for_a_required_reification_expands_the_focus_node ... ok
test (integration-1)	UNKNOWN STEP	2026-10-07T03:27:30.4278790Z test an_added_reifier_declaration_is_in_the_change_set ... ok
test (integration-1)	UNKNOWN STEP	2026-10-07T03:27:30.4279233Z test a_suppressed_reifier_declaration_is_in_the_change_set ... ok
test (integration-1)	UNKNOWN STEP	2026-10-07T03:27:30.4279673Z test a_sparql_constraint_reports_an_unreadable_footprint ... ok
test (integration-1)	UNKNOWN STEP	2026-10-07T03:27:30.4284339Z test an_added_annotation_is_in_the_change_set_under_its_own_subject ... ok
test (integration-1)	UNKNOWN STEP	2026-10-07T03:27:30.4284897Z test computed_value_nodes_bound_what_they_can_and_report_what_they_cannot ... ok
test (integration-1)	UNKNOWN STEP	2026-10-07T03:27:30.4285331Z test evaluated_targets_report_an_unbounded_footprint_and_a_class_target_does_not ... ok
test (integration-1)	UNKNOWN STEP	2026-10-07T03:27:30.4285802Z test expanding_a_change_on_a_projected_delta_binding_still_answers ... ok
test (integration-1)	UNKNOWN STEP	2026-10-07T03:27:30.4286400Z test expanding_a_change_on_an_unprojected_delta_binding_is_refused ... ok
test (integration-1)	UNKNOWN STEP	2026-10-07T03:27:30.4289568Z test the_expansion_is_ordered_and_deduplicated ... ok
test (integration-1)	UNKNOWN STEP	2026-10-07T03:27:30.4306558Z test the_expansion_is_a_superset_of_every_verdict_the_change_moves ... ok
test (integration-1)	UNKNOWN STEP	2026-10-07T03:27:30.4306823Z 
test (integration-1)	UNKNOWN STEP	2026-10-07T03:27:30.4307140Z test result: ok. 18 passed; 0 failed; 0 ignored; 0 measured; 0 filtered out; finished in 0.00s
test (integration-1)	UNKNOWN STEP	2026-10-07T03:27:30.4307439Z 
test (integration-1)	UNKNOWN STEP	2026-10-07T03:27:30.4311749Z ^[[1m^[[92m     Running^[[0m tests/change_path_alloc.rs (target/debug/build/purrdf-shapes/9f166eb4cc76e5f3/out/change_path_alloc-9f166eb4cc76e5f3)
test (integration-1)	UNKNOWN STEP	2026-10-07T03:27:30.4323499Z 
test (integration-1)	UNKNOWN STEP	2026-10-07T03:27:30.4323601Z running 12 tests
test (integration-1)	UNKNOWN STEP	2026-10-07T03:27:30.4765579Z test admit_allocation_is_independent_of_dataset_size ... ok
test (integration-1)	UNKNOWN STEP	2026-10-07T03:27:30.5422928Z test bind_allocation_is_independent_of_dataset_size_beyond_the_catalog ... ok
test (integration-1)	UNKNOWN STEP	2026-10-07T03:27:30.5469709Z test change_expansion_allocation_matches_its_pinned_closed_form ... ok
test (integration-1)	UNKNOWN STEP	2026-10-07T03:27:30.5506229Z test change_expansion_with_no_chain_to_walk_costs_no_path_probe ... ok
test (integration-1)	UNKNOWN STEP	2026-10-07T03:27:30.5562775Z test change_path_report_bytes_match_pinned_golden ... ok
test (integration-1)	UNKNOWN STEP	2026-10-07T03:27:33.5273524Z test conforming_change_path_allocation_has_no_growth_term_in_focus_count ... ok
test (integration-1)	UNKNOWN STEP	2026-10-07T03:27:33.5273943Z test every_allocation_exclusion_names_a_real_case ... ok
test (integration-1)	UNKNOWN STEP	2026-10-07T03:27:33.5415897Z test every_constraint_kind_is_covered_by_an_allocation_case ... ok
test (integration-1)	UNKNOWN STEP	2026-10-07T03:27:33.5549217Z test every_sibling_file_coverage_entry_names_a_real_case ... ok
test (integration-1)	UNKNOWN STEP	2026-10-07T03:27:33.5633361Z test every_test_in_this_binary_takes_the_measure_lock_first ... ok
test (integration-1)	UNKNOWN STEP	2026-10-07T03:27:33.5714181Z test pattern_change_path_allocation_has_no_growth_term_below_the_parallel_threshold ... ok
test (integration-1)	UNKNOWN STEP	2026-10-07T03:27:35.6445791Z test violating_change_path_allocation_scales_with_violations_not_focus_count ... ok
test (integration-1)	UNKNOWN STEP	2026-10-07T03:27:35.6446133Z 
test (integration-1)	UNKNOWN STEP	2026-10-07T03:27:35.6447045Z test result: ok. 12 passed; 0 failed; 0 ignored; 0 measured; 0 filtered out; finished in 5.21s
test (integration-1)	UNKNOWN STEP	2026-10-07T03:27:35.6447384Z 
test (integration-1)	UNKNOWN STEP	2026-10-07T03:27:35.6460885Z ^[[1m^[[92m     Running^[[0m tests/class_plan_totality.rs (target/debug/build/purrdf-shapes/73ad111cd9d39f7b/out/class_plan_totality-73ad111cd9d39f7b)
test (integration-1)	UNKNOWN STEP	2026-10-07T03:27:35.6473974Z 
test (integration-1)	UNKNOWN STEP	2026-10-07T03:27:35.6474064Z running 6 tests
test (integration-1)	UNKNOWN STEP	2026-10-07T03:27:35.6483027Z test a_target_class_absent_from_the_data_graph_is_an_empty_target_set ... ok
test (integration-1)	UNKNOWN STEP	2026-10-07T03:27:35.6483357Z test an_in_list_admits_a_value_the_data_graph_interns ... ok
test (integration-1)	UNKNOWN STEP	2026-10-07T03:27:35.6483634Z test a_shape_reached_only_through_the_shape_index_is_planned ... ok
test (integration-1)	UNKNOWN STEP	2026-10-07T03:27:35.6483928Z test a_class_absent_from_the_data_graph_still_reports_a_violation ... ok
test (integration-1)	UNKNOWN STEP	2026-10-07T03:27:35.6486951Z test an_in_list_with_no_interned_members_still_reports_a_violation ... ok
test (integration-1)	UNKNOWN STEP	2026-10-07T03:27:35.6487452Z test an_unsatisfiable_has_value_still_reports_a_violation ... ok
test (integration-1)	UNKNOWN STEP	2026-10-07T03:27:35.6487683Z 
test (integration-1)	UNKNOWN STEP	2026-10-07T03:27:35.6488014Z test result: ok. 6 passed; 0 failed; 0 ignored; 0 measured; 0 filtered out; finished in 0.00s
test (integration-1)	UNKNOWN STEP	2026-10-07T03:27:35.6488312Z 
test (integration-1)	UNKNOWN STEP	2026-10-07T03:27:35.6491032Z ^[[1m^[[92m     Running^[[0m tests/closed_by_types.rs (target/debug/build/purrdf-shapes/a52107a6399210a0/out/closed_by_types-a52107a6399210a0)
test (integration-1)	UNKNOWN STEP	2026-10-07T03:27:35.6502347Z 
test (integration-1)	UNKNOWN STEP	2026-10-07T03:27:35.6502431Z running 8 tests
test (integration-1)	UNKNOWN STEP	2026-10-07T03:27:35.6514586Z test one_index_is_shared_and_holds_the_collected_properties ... ok
test (integration-1)	UNKNOWN STEP	2026-10-07T03:27:35.6515291Z test node_references_are_followed_and_complex_paths_permit_nothing ... ok
test (integration-1)	UNKNOWN STEP	2026-10-07T03:27:35.6519712Z test ignored_properties_are_honoured_under_by_types ... ok
test (integration-1)	UNKNOWN STEP	2026-10-07T03:27:35.6520270Z test every_type_of_the_value_node_contributes ... ok
test (integration-1)	UNKNOWN STEP	2026-10-07T03:27:35.6520701Z test subclass_links_are_read_from_the_shapes_graph ... ok
test (integration-1)	UNKNOWN STEP	2026-10-07T03:27:35.6521152Z test target_class_is_followed_only_from_a_declared_class ... ok
test (integration-1)	UNKNOWN STEP	2026-10-07T03:27:35.6521556Z test superclass_shapes_permit_under_by_types_and_not_under_true ... ok
test (integration-1)	UNKNOWN STEP	2026-10-07T03:27:35.6524930Z test the_shapes_own_properties_count_only_when_a_type_reaches_the_shape ... ok
test (integration-1)	UNKNOWN STEP	2026-10-07T03:27:35.6525229Z 
test (integration-1)	UNKNOWN STEP	2026-10-07T03:27:35.6525559Z test result: ok. 8 passed; 0 failed; 0 ignored; 0 measured; 0 filtered out; finished in 0.00s
test (integration-1)	UNKNOWN STEP	2026-10-07T03:27:35.6525853Z 
test (integration-1)	UNKNOWN STEP	2026-10-07T03:27:35.6526927Z ^[[1m^[[92m     Running^[[0m tests/component_class_blank_chains.rs (target/debug/build/purrdf-shapes/1b6c760368dafeac/out/component_class_blank_chains-1b6c760368dafeac)
test (integration-1)	UNKNOWN STEP	2026-10-07T03:27:35.6537046Z 
test (integration-1)	UNKNOWN STEP	2026-10-07T03:27:35.6537140Z running 5 tests
test (integration-1)	UNKNOWN STEP	2026-10-07T03:27:35.6553727Z test a_blank_only_cycle_terminates ... ok
test (integration-1)	UNKNOWN STEP	2026-10-07T03:27:35.6554177Z test a_blank_component_type_registers_the_component ... ok
test (integration-1)	UNKNOWN STEP	2026-10-07T03:27:35.6554863Z test a_blank_intermediate_registers_the_component ... ok
test (integration-1)	UNKNOWN STEP	2026-10-07T03:27:35.6555235Z test a_blank_validator_chain_is_an_ask_validator ... ok
test (integration-1)	UNKNOWN STEP	2026-10-07T03:27:35.6556716Z test a_dead_end_blank_registers_nothing ... ok
test (integration-1)	UNKNOWN STEP	2026-10-07T03:27:35.6556921Z 
test (integration-1)	UNKNOWN STEP	2026-10-07T03:27:35.6557344Z test result: ok. 5 passed; 0 failed; 0 ignored; 0 measured; 0 filtered out; finished in 0.00s
test (integration-1)	UNKNOWN STEP	2026-10-07T03:27:35.6557541Z 
test (integration-1)	UNKNOWN STEP	2026-10-07T03:27:35.6561985Z ^[[1m^[[92m     Running^[[0m tests/component_parameters.rs (target/debug/build/purrdf-shapes/88d44e675a279e5c/out/component_parameters-88d44e675a279e5c)
test (integration-1)	UNKNOWN STEP	2026-10-07T03:27:35.6572546Z 
test (integration-1)	UNKNOWN STEP	2026-10-07T03:27:35.6572648Z running 15 tests
test (integration-1)	UNKNOWN STEP	2026-10-07T03:27:35.6580650Z test imported_bare_native_declaration_binds_to_native_execution ... ok
test (integration-1)	UNKNOWN STEP	2026-10-07T03:27:35.6584320Z test imported_native_validator_binds_as_a_superseded_alternative ... ok
test (integration-1)	UNKNOWN STEP	2026-10-07T03:27:35.6584906Z test malformed_parameter_declarations_fail_at_load ... ok
test (integration-1)	UNKNOWN STEP	2026-10-07T03:27:35.6601134Z test a_parameter_colliding_with_the_shape_context_still_validates ... ok
test (integration-1)	UNKNOWN STEP	2026-10-07T03:27:35.6601742Z test applicable_scope_validator_takes_precedence_over_generic_fallback ... ok
test (integration-1)	UNKNOWN STEP	2026-10-07T03:27:35.6602363Z test multiple_parameters_reject_duplicates_even_when_another_required_value_is_absent ... ok
test (integration-1)	UNKNOWN STEP	2026-10-07T03:27:35.6604630Z test one_validator_is_selected_for_each_parameter_instance ... ok
test (integration-1)	UNKNOWN STEP	2026-10-07T03:27:35.6607165Z test optional_and_required_parameters_control_instantiation ... ok
test (integration-1)	UNKNOWN STEP	2026-10-07T03:27:35.6609047Z test repeated_parameter_values_preserve_rdf12_term_identity ... ok
test (integration-1)	UNKNOWN STEP	2026-10-07T03:27:35.6613590Z test repeated_statements_across_graphs_do_not_duplicate_parameters_or_constraints ... ok
test (integration-1)	UNKNOWN STEP	2026-10-07T03:27:35.6618247Z test parameter_names_shacl_pre_binds_are_refused_at_load_and_near_misses_are_not ... ok
test (integration-1)	UNKNOWN STEP	2026-10-07T03:27:35.6629821Z test native_component_declarations_preserve_every_repeatable_constraint_family ... ok
test (integration-1)	UNKNOWN STEP	2026-10-07T03:27:35.6630668Z test validator_declarations_enforce_attachment_kind_and_query_datatype ... ok
test (integration-1)	UNKNOWN STEP	2026-10-07T03:27:35.6631235Z test repeated_single_parameter_validators_apply_conjunctively_in_every_scope ... ok
test (integration-1)	UNKNOWN STEP	2026-10-07T03:27:35.6631781Z test vocabulary_declarations_preserve_all_fifteen_property_constraints ... ok
test (integration-1)	UNKNOWN STEP	2026-10-07T03:27:35.6632088Z 
test (integration-1)	UNKNOWN STEP	2026-10-07T03:27:35.6632401Z test result: ok. 15 passed; 0 failed; 0 ignored; 0 measured; 0 filtered out; finished in 0.01s
test (integration-1)	UNKNOWN STEP	2026-10-07T03:27:35.6632704Z 
test (integration-1)	UNKNOWN STEP	2026-10-07T03:27:35.6633969Z ^[[1m^[[92m     Running^[[0m tests/conformance.rs (target/debug/build/purrdf-shapes/e915c4d0b3fbdd51/out/conformance-e915c4d0b3fbdd51)
test (integration-1)	UNKNOWN STEP	2026-10-07T03:27:35.6645109Z 
test (integration-1)	UNKNOWN STEP	2026-10-07T03:27:35.6645189Z running 1 test
test (integration-1)	UNKNOWN STEP	2026-10-07T03:27:35.6877851Z test conformance_corpus ... ok
test (integration-1)	UNKNOWN STEP	2026-10-07T03:27:35.6878113Z 
test (integration-1)	UNKNOWN STEP	2026-10-07T03:27:35.6878546Z test result: ok. 1 passed; 0 failed; 0 ignored; 0 measured; 0 filtered out; finished in 0.02s
test (integration-1)	UNKNOWN STEP	2026-10-07T03:27:35.6878836Z 
test (integration-1)	UNKNOWN STEP	2026-10-07T03:27:35.6884170Z ^[[1m^[[92m     Running^[[0m tests/conformance_memo.rs (target/debug/build/purrdf-shapes/c1d6b58efe83136d/out/conformance_memo-c1d6b58efe83136d)
test (integration-1)	UNKNOWN STEP	2026-10-07T03:27:35.6895653Z 
test (integration-1)	UNKNOWN STEP	2026-10-07T03:27:35.6895745Z running 2 tests
test (integration-1)	UNKNOWN STEP	2026-10-07T03:27:35.6911837Z test a_named_inner_shape_is_evaluated_once_for_a_shared_value_node ... ok
test (integration-1)	UNKNOWN STEP	2026-10-07T03:27:35.6926938Z test every_test_in_this_binary_takes_the_measure_lock_first ... ok
test (integration-1)	UNKNOWN STEP	2026-10-07T03:27:35.6927178Z 
test (integration-1)	UNKNOWN STEP	2026-10-07T03:27:35.6927501Z test result: ok. 2 passed; 0 failed; 0 ignored; 0 measured; 0 filtered out; finished in 0.00s
test (integration-1)	UNKNOWN STEP	2026-10-07T03:27:35.6927789Z 
test (integration-1)	UNKNOWN STEP	2026-10-07T03:27:35.6932847Z ^[[1m^[[92m     Running^[[0m tests/constraint_annotations.rs (target/debug/build/purrdf-shapes/017cbea54a17ced3/out/constraint_annotations-017cbea54a17ced3)
test (integration-1)	UNKNOWN STEP	2026-10-07T03:27:35.6943874Z 
test (integration-1)	UNKNOWN STEP	2026-10-07T03:27:35.6943973Z running 22 tests
test (integration-1)	UNKNOWN STEP	2026-10-07T03:27:35.6958165Z test a_reifier_message_set_reaches_the_result_whole ... ok
test (integration-1)	UNKNOWN STEP	2026-10-07T03:27:35.6965983Z test a_reifier_deactivates_one_constraint_and_leaves_its_sibling_active ... ok
test (integration-1)	UNKNOWN STEP	2026-10-07T03:27:35.6966728Z test a_qualified_bound_takes_its_own_annotation ... ok
test (integration-1)	UNKNOWN STEP	2026-10-07T03:27:35.6967807Z test a_reifier_on_one_value_of_a_multi_valued_parameter_reaches_that_value_only ... ok
test (integration-1)	UNKNOWN STEP	2026-10-07T03:27:35.6968467Z test a_deactivated_sparql_constraint_produces_nothing ... ok
test (integration-1)	UNKNOWN STEP	2026-10-07T03:27:35.6969085Z test a_reifier_severity_and_message_beat_the_shapes ... ok
test (integration-1)	UNKNOWN STEP	2026-10-07T03:27:35.6969521Z test a_warning_only_report_follows_the_set_and_echoes_it ... ok
test (integration-1)	UNKNOWN STEP	2026-10-07T03:27:35.6970154Z test an_annotation_on_a_non_parameter_statement_is_refused_and_on_a_parameter_applies ... ok
test (integration-1)	UNKNOWN STEP	2026-10-07T03:27:35.6970746Z test a_restored_preparation_takes_the_request_set ... ok
test (integration-1)	UNKNOWN STEP	2026-10-07T03:27:35.6971191Z test an_annotation_on_an_unasserted_triple_term_changes_nothing ... ok
test (integration-1)	UNKNOWN STEP	2026-10-07T03:27:35.6971695Z test an_ill_typed_annotation_value_is_refused_and_a_well_typed_one_applies ... ok
test (integration-1)	UNKNOWN STEP	2026-10-07T03:27:35.6972196Z test an_empty_or_non_iri_set_is_refused_and_a_named_one_is_accepted ... ok
test (integration-1)	UNKNOWN STEP	2026-10-07T03:27:35.6972669Z test an_annotation_on_sh_flags_reaches_the_pattern_constraint ... ok
test (integration-1)	UNKNOWN STEP	2026-10-07T03:27:35.6973235Z test an_sh_property_statement_grades_its_reach_below_the_constraints_own_annotation ... ok
test (integration-1)	UNKNOWN STEP	2026-10-07T03:27:35.6973787Z test deactivating_an_sh_property_statement_drops_that_reach_only ... ok
test (integration-1)	UNKNOWN STEP	2026-10-07T03:27:35.6974201Z test annotations_survive_the_prepared_product ... ok
test (integration-1)	UNKNOWN STEP	2026-10-07T03:27:35.6974891Z test debug_and_trace_results_conform_by_default_and_warning_does_not ... ok
test (integration-1)	UNKNOWN STEP	2026-10-07T03:27:35.6975182Z test debug_and_custom_severities_block_only_when_listed ... ok
test (integration-1)	UNKNOWN STEP	2026-10-07T03:27:35.6980774Z test conflicting_reifier_annotations_are_refused_and_agreeing_ones_load ... ok
test (integration-1)	UNKNOWN STEP	2026-10-07T03:27:35.6981359Z test every_shape_message_reaches_the_result_with_its_language_tag ... ok
test (integration-1)	UNKNOWN STEP	2026-10-07T03:27:35.6981811Z test nested_conformance_checks_judge_against_the_same_set ... ok
test (integration-1)	UNKNOWN STEP	2026-10-07T03:27:35.6982204Z test the_reifier_shape_constraint_takes_its_annotations ... ok
test (integration-1)	UNKNOWN STEP	2026-10-07T03:27:35.6984804Z 
test (integration-1)	UNKNOWN STEP	2026-10-07T03:27:35.6985113Z test result: ok. 22 passed; 0 failed; 0 ignored; 0 measured; 0 filtered out; finished in 0.00s
test (integration-1)	UNKNOWN STEP	2026-10-07T03:27:35.6985404Z 
test (integration-1)	UNKNOWN STEP	2026-10-07T03:27:35.6986048Z ^[[1m^[[92m     Running^[[0m tests/core_parameter_cardinality.rs (target/debug/build/purrdf-shapes/07868ea3ede8855e/out/core_parameter_cardinality-07868ea3ede8855e)
test (integration-1)	UNKNOWN STEP	2026-10-07T03:27:35.6996252Z 
test (integration-1)	UNKNOWN STEP	2026-10-07T03:27:35.6996322Z running 12 tests
test (integration-1)	UNKNOWN STEP	2026-10-07T03:27:35.7002346Z test distinct_lexical_terms_are_not_merged_by_value_equality ... ok
test (integration-1)	UNKNOWN STEP	2026-10-07T03:27:35.7002961Z test cardinality_diagnostic_is_independent_of_statement_order ... ok
test (integration-1)	UNKNOWN STEP	2026-10-07T03:27:35.7005879Z test inherited_and_list_referenced_roles_enforce_metadata ... ok
test (integration-1)	UNKNOWN STEP	2026-10-07T03:27:35.7006406Z test declaration_singletons_are_checked_before_activation ... ok
test (integration-1)	UNKNOWN STEP	2026-10-07T03:27:35.7007041Z test malformed_parameter_path_cannot_hide_an_extra_value ... ok
test (integration-1)	UNKNOWN STEP	2026-10-07T03:27:35.7007690Z test named_graph_repetitions_count_distinct_rdf_objects ... ok
test (integration-1)	UNKNOWN STEP	2026-10-07T03:27:35.7018649Z test optional_accepts_every_xsd_boolean_lexical_form ... ok
test (integration-1)	UNKNOWN STEP	2026-10-07T03:27:35.7019195Z test optional_requires_a_boolean_term_in_every_declaration_kind ... ok
test (integration-1)	UNKNOWN STEP	2026-10-07T03:27:35.7019700Z test native_singletons_reject_multiple_distinct_values ... ok
test (integration-1)	UNKNOWN STEP	2026-10-07T03:27:35.7020253Z test repeatable_core_parameters_keep_each_constraint ... ok
test (integration-1)	UNKNOWN STEP	2026-10-07T03:27:35.7020695Z test unrelated_rdf_metadata_is_not_a_shacl_declaration ... ok
test (integration-1)	UNKNOWN STEP	2026-10-07T03:27:35.7021995Z test repeated_property_shapes_validate_both_paths ... ok
test (integration-1)	UNKNOWN STEP	2026-10-07T03:27:35.7022173Z 
test (integration-1)	UNKNOWN STEP	2026-10-07T03:27:35.7022440Z test result: ok. 12 passed; 0 failed; 0 ignored; 0 measured; 0 filtered out; finished in 0.00s
test (integration-1)	UNKNOWN STEP	2026-10-07T03:27:35.7022662Z 
test (integration-1)	UNKNOWN STEP	2026-10-07T03:27:35.7026136Z ^[[1m^[[92m     Running^[[0m tests/custom_node_expressions.rs (target/debug/build/purrdf-shapes/0c9e0c8661315e64/out/custom_node_expressions-0c9e0c8661315e64)
test (integration-1)	UNKNOWN STEP	2026-10-07T03:27:35.7036510Z 
test (integration-1)	UNKNOWN STEP	2026-10-07T03:27:35.7036609Z running 26 tests
test (integration-1)	UNKNOWN STEP	2026-10-07T03:27:35.7045861Z test a_declaration_without_a_body_is_a_load_error ... ok
test (integration-1)	UNKNOWN STEP	2026-10-07T03:27:35.7049144Z test a_declared_builtin_list_function_is_callable_from_sparql_expr ... ok
test (integration-1)	UNKNOWN STEP	2026-10-07T03:27:35.7054213Z test a_cycle_through_sparql_query_text_is_bounded_too ... ok
test (integration-1)	UNKNOWN STEP	2026-10-07T03:27:35.7054756Z test a_list_parameter_function_resolves_from_sparql_query_text ... ok
test (integration-1)	UNKNOWN STEP	2026-10-07T03:27:35.7059314Z test a_function_called_during_the_rules_fixpoint_sees_the_current_round_s_graph ... ok
test (integration-1)	UNKNOWN STEP	2026-10-07T03:27:35.7060084Z test a_named_parameter_function_has_no_positional_call_form ... ok
test (integration-1)	UNKNOWN STEP	2026-10-07T03:27:35.7070268Z test a_declared_sparql_builtin_is_callable_from_sparql_expr ... ok
test (integration-1)	UNKNOWN STEP	2026-10-07T03:27:35.7070985Z test a_recursive_function_makes_validation_fail_rather_than_conform ... ok
test (integration-1)	UNKNOWN STEP	2026-10-07T03:27:35.7071611Z test a_registered_function_without_a_focus_graph_refuses_rather_than_answering ... ok
test (integration-1)	UNKNOWN STEP	2026-10-07T03:27:35.7072208Z test a_required_parameter_after_an_optional_one_is_a_load_error ... ok
test (integration-1)	UNKNOWN STEP	2026-10-07T03:27:35.7072601Z test a_self_recursive_function_fails_closed_at_the_depth_bound ... ok
test (integration-1)	UNKNOWN STEP	2026-10-07T03:27:35.7072953Z test an_optional_parameter_widens_the_arity_range_without_removing_its_bounds ... ok
test (integration-1)	UNKNOWN STEP	2026-10-07T03:27:35.7073303Z test a_select_body_sees_its_arguments_and_the_focus_graph ... ok
test (integration-1)	UNKNOWN STEP	2026-10-07T03:27:35.7073574Z test an_unparsable_body_is_a_load_error ... ok
test (integration-1)	UNKNOWN STEP	2026-10-07T03:27:35.7073846Z test an_undeclared_builtin_list_function_is_not_registered ... ok
test (integration-1)	UNKNOWN STEP	2026-10-07T03:27:35.7074155Z test an_optional_trailing_parameter_may_be_omitted_or_supplied ... ok
test (integration-1)	UNKNOWN STEP	2026-10-07T03:27:35.7074674Z test a_sparql_expr_body_sees_its_arguments_as_pre_bound_variables ... ok
test (integration-1)	UNKNOWN STEP	2026-10-07T03:27:35.7077057Z test body_expression_without_a_declaring_class_is_a_load_error ... ok
test (integration-1)	UNKNOWN STEP	2026-10-07T03:27:35.7080317Z test arity_mismatch_at_the_call_site_is_a_load_error ... ok
test (integration-1)	UNKNOWN STEP	2026-10-07T03:27:35.7080747Z test body_reading_an_undeclared_argument_is_a_load_error ... ok
test (integration-1)	UNKNOWN STEP	2026-10-07T03:27:35.7081142Z test colliding_key_parameters_are_a_load_error ... ok
test (integration-1)	UNKNOWN STEP	2026-10-07T03:27:35.7081587Z test named_parameter_function_without_a_key_parameter_is_a_load_error ... ok
test (integration-1)	UNKNOWN STEP	2026-10-07T03:27:35.7082114Z test named_parameter_function_evaluates_its_body_under_the_argument_scope ... ok
test (integration-1)	UNKNOWN STEP	2026-10-07T03:27:35.7082587Z test list_parameter_function_returns_its_body_s_value ... ok
test (integration-1)	UNKNOWN STEP	2026-10-07T03:27:35.7083012Z test list_parameter_function_drives_a_validation_verdict ... ok
test (integration-1)	UNKNOWN STEP	2026-10-07T03:27:35.7083294Z test the_focus_node_of_a_sparql_call_is_the_function_s_own_iri ... ok
test (integration-1)	UNKNOWN STEP	2026-10-07T03:27:35.7083454Z 
test (integration-1)	UNKNOWN STEP	2026-10-07T03:27:35.7083648Z test result: ok. 26 passed; 0 failed; 0 ignored; 0 measured; 0 filtered out; finished in 0.00s
test (integration-1)	UNKNOWN STEP	2026-10-07T03:27:35.7083836Z 
test (integration-1)	UNKNOWN STEP	2026-10-07T03:27:35.7085012Z ^[[1m^[[92m     Running^[[0m tests/datatype_lexical_forms.rs (target/debug/build/purrdf-shapes/117704c648b7e939/out/datatype_lexical_forms-117704c648b7e939)
test (integration-1)	UNKNOWN STEP	2026-10-07T03:27:35.7096237Z 
test (integration-1)	UNKNOWN STEP	2026-10-07T03:27:35.7096390Z running 10 tests
test (integration-1)	UNKNOWN STEP	2026-10-07T03:27:35.7111091Z test a_language_tagged_string_matches_rdf_lang_string_only ... ok
test (integration-1)	UNKNOWN STEP	2026-10-07T03:27:35.7111621Z test datatypes_without_a_modelled_lexical_space_keep_conforming ... ok
test (integration-1)	UNKNOWN STEP	2026-10-07T03:27:35.7130599Z test a_date_time_stamp_requires_a_timezone ... ok
test (integration-1)	UNKNOWN STEP	2026-10-07T03:27:35.7150756Z test ill_formed_binary_values_violate_and_well_formed_ones_conform ... ok
test (integration-1)	UNKNOWN STEP	2026-10-07T03:27:35.7151274Z test ill_formed_date_times_violate_and_well_formed_ones_conform ... ok
test (integration-1)	UNKNOWN STEP	2026-10-07T03:27:35.7151728Z test ill_formed_dates_violate_and_well_formed_ones_conform ... ok
test (integration-1)	UNKNOWN STEP	2026-10-07T03:27:35.7152188Z test ill_formed_durations_violate_and_well_formed_ones_conform ... ok
test (integration-1)	UNKNOWN STEP	2026-10-07T03:27:35.7152827Z test ill_formed_times_violate_and_well_formed_ones_conform ... ok
test (integration-1)	UNKNOWN STEP	2026-10-07T03:27:35.7154966Z test ill_formed_gregorian_fragments_violate_and_well_formed_ones_conform ... ok
test (integration-1)	UNKNOWN STEP	2026-10-07T03:27:35.7159123Z test the_already_checked_datatypes_keep_their_verdicts ... ok
test (integration-1)	UNKNOWN STEP	2026-10-07T03:27:35.7159345Z 
test (integration-1)	UNKNOWN STEP	2026-10-07T03:27:35.7159656Z test result: ok. 10 passed; 0 failed; 0 ignored; 0 measured; 0 filtered out; finished in 0.01s
test (integration-1)	UNKNOWN STEP	2026-10-07T03:27:35.7160063Z 
test (integration-1)	UNKNOWN STEP	2026-10-07T03:27:35.7163693Z ^[[1m^[[92m     Running^[[0m tests/catalog_tests.rs (target/debug/build/purrdf-slice/ae090510faef02e8/out/catalog_tests-ae090510faef02e8)
test (integration-1)	UNKNOWN STEP	2026-10-07T03:27:35.7171659Z 
test (integration-1)	UNKNOWN STEP	2026-10-07T03:27:35.7171751Z running 5 tests
test (integration-1)	UNKNOWN STEP	2026-10-07T03:27:35.7181483Z test lossless_round_trip ... ok
test (integration-1)	UNKNOWN STEP	2026-10-07T03:27:35.7181837Z test role_classification ... ok
test (integration-1)	UNKNOWN STEP	2026-10-07T03:27:35.7182131Z test recoverability ... ok
test (integration-1)	UNKNOWN STEP	2026-10-07T03:27:35.7182413Z test path_independence ... ok
test (integration-1)	UNKNOWN STEP	2026-10-07T03:27:35.7190530Z test semantic_digest_blank_nodes_are_deterministic ... ok
test (integration-1)	UNKNOWN STEP	2026-10-07T03:27:35.7190743Z 
test (integration-1)	UNKNOWN STEP	2026-10-07T03:27:35.7190943Z test result: ok. 5 passed; 0 failed; 0 ignored; 0 measured; 0 filtered out; finished in 0.00s
test (integration-1)	UNKNOWN STEP	2026-10-07T03:27:35.7191133Z 
test (integration-1)	UNKNOWN STEP	2026-10-07T03:27:35.7193375Z ^[[1m^[[92m     Running^[[0m tests/algebra_snapshots.rs (target/debug/build/purrdf-sparql-algebra/9f2afb8c3550f6e5/out/algebra_snapshots-9f2afb8c3550f6e5)
test (integration-1)	UNKNOWN STEP	2026-10-07T03:27:35.7201832Z 
test (integration-1)	UNKNOWN STEP	2026-10-07T03:27:35.7201908Z running 8 tests
test (integration-1)	UNKNOWN STEP	2026-10-07T03:27:35.7206478Z test snapshot_property_path ... ok
test (integration-1)	UNKNOWN STEP	2026-10-07T03:27:35.7206827Z test snapshot_aggregate_group_by ... ok
test (integration-1)	UNKNOWN STEP	2026-10-07T03:27:35.7207267Z test snapshot_optional_union_bind ... ok
test (integration-1)	UNKNOWN STEP	2026-10-07T03:27:35.7209063Z test snapshot_quoted_triple_bare ... ok
test (integration-1)	UNKNOWN STEP	2026-10-07T03:27:35.7209291Z test snapshot_quoted_triple_paren ... ok
test (integration-1)	UNKNOWN STEP	2026-10-07T03:27:35.7209490Z test snapshot_update_delete_insert_modify ... ok
test (integration-1)	UNKNOWN STEP	2026-10-07T03:27:35.7209692Z test snapshot_update_insert_data ... ok
test (integration-1)	UNKNOWN STEP	2026-10-07T03:27:35.7212730Z test parse_never_panics ... ok
test (integration-1)	UNKNOWN STEP	2026-10-07T03:27:35.7212841Z 
test (integration-1)	UNKNOWN STEP	2026-10-07T03:27:35.7213035Z test result: ok. 8 passed; 0 failed; 0 ignored; 0 measured; 0 filtered out; finished in 0.00s
test (integration-1)	UNKNOWN STEP	2026-10-07T03:27:35.7213228Z 
test (integration-1)	UNKNOWN STEP	2026-10-07T03:27:35.7213822Z ^[[1m^[[92m     Running^[[0m tests/alternative_property_paths.rs (target/debug/build/purrdf-sparql-algebra/6388ab6e8ca4305d/out/alternative_property_paths-6388ab6e8ca4305d)
test (integration-1)	UNKNOWN STEP	2026-10-07T03:27:35.7221072Z 
test (integration-1)	UNKNOWN STEP	2026-10-07T03:27:35.7221149Z running 9 tests
test (integration-1)	UNKNOWN STEP	2026-10-07T03:27:35.7226164Z test branching_compositions_stay_compact_and_keep_repeated_arms ... ok
test (integration-1)	UNKNOWN STEP	2026-10-07T03:27:35.7232899Z test checked_update_carriers_preserve_display_bytes_for_every_operation ... ok
test (integration-1)	UNKNOWN STEP	2026-10-07T03:27:35.7233426Z test hidden_graph_outputs_and_update_carriers_are_refused_in_every_template_slot ... ok
test (integration-1)	UNKNOWN STEP	2026-10-07T03:27:35.7233785Z test every_object_has_a_hygienic_witness_and_only_real_variables_are_projected ... ok
test (integration-1)	UNKNOWN STEP	2026-10-07T03:27:35.7234122Z test many_alternatives_do_not_expand_sequence_branches_exponentially ... ok
test (integration-1)	UNKNOWN STEP	2026-10-07T03:27:35.7234448Z test non_distinguished_identity_is_admitted_only_in_match_roles ... ok
test (integration-1)	UNKNOWN STEP	2026-10-07T03:27:35.7234796Z test serializers_reparse_inverse_literal_and_quoted_endpoints_under_registry_collisions ... ok
test (integration-1)	UNKNOWN STEP	2026-10-07T03:27:35.7241284Z test unrelated_property_function_blanks_remain_unobserved_existentials ... ok
test (integration-1)	UNKNOWN STEP	2026-10-07T03:27:35.7446693Z test deeply_nested_inverse_alternatives_translate_on_a_small_stack ... ok
test (integration-1)	UNKNOWN STEP	2026-10-07T03:27:35.7446977Z 
test (integration-1)	UNKNOWN STEP	2026-10-07T03:27:35.7447274Z test result: ok. 9 passed; 0 failed; 0 ignored; 0 measured; 0 filtered out; finished in 0.02s
test (integration-1)	UNKNOWN STEP	2026-10-07T03:27:35.7447561Z 
test (integration-1)	UNKNOWN STEP	2026-10-07T03:27:35.7454630Z ^[[1m^[[92m     Running^[[0m tests/ast_snapshot.rs (target/debug/build/purrdf-sparql-algebra/5efb1b7a450a088c/out/ast_snapshot-5efb1b7a450a088c)
test (integration-1)	UNKNOWN STEP	2026-10-07T03:27:35.7464971Z 
test (integration-1)	UNKNOWN STEP	2026-10-07T03:27:35.7465126Z running 2 tests
test (integration-1)	UNKNOWN STEP	2026-10-07T03:27:35.7466099Z test regenerate_ast_snapshot ... ignored, regeneration path: writes the committed golden
test (integration-1)	UNKNOWN STEP	2026-10-07T03:27:35.8093762Z test the_parser_output_over_every_in_repo_request_matches_the_golden ... ok
test (integration-1)	UNKNOWN STEP	2026-10-07T03:27:35.8094076Z 
test (integration-1)	UNKNOWN STEP	2026-10-07T03:27:35.8094401Z test result: ok. 1 passed; 0 failed; 1 ignored; 0 measured; 0 filtered out; finished in 0.06s
test (integration-1)	UNKNOWN STEP	2026-10-07T03:27:35.8094701Z 
test (integration-1)	UNKNOWN STEP	2026-10-07T03:27:35.8097806Z ^[[1m^[[92m     Running^[[0m tests/builtin_function_tables.rs (target/debug/build/purrdf-sparql-algebra/236529ea9e1b6921/out/builtin_function_tables-236529ea9e1b6921)
test (integration-1)	UNKNOWN STEP	2026-10-07T03:27:35.8107261Z 
test (integration-1)	UNKNOWN STEP	2026-10-07T03:27:35.8107356Z running 3 tests
test (integration-1)	UNKNOWN STEP	2026-10-07T03:27:35.8109577Z test a_name_that_is_not_a_callable_builtin_still_resolves_to_none ... ok
test (integration-1)	UNKNOWN STEP	2026-10-07T03:27:35.8113923Z test every_parseable_builtin_name_round_trips_to_a_canonical_keyword ... ok
test (integration-1)	UNKNOWN STEP	2026-10-07T03:27:35.8115059Z test the_parser_and_serializer_function_tables_name_the_same_variants ... ok
test (integration-1)	UNKNOWN STEP	2026-10-07T03:27:35.8115328Z 
test (integration-1)	UNKNOWN STEP	2026-10-07T03:27:35.8115635Z test result: ok. 3 passed; 0 failed; 0 ignored; 0 measured; 0 filtered out; finished in 0.00s
test (integration-1)	UNKNOWN STEP	2026-10-07T03:27:35.8115922Z 
test (integration-1)	UNKNOWN STEP	2026-10-07T03:27:35.8118047Z ^[[1m^[[92m     Running^[[0m tests/cdt_fold_unfold.rs (target/debug/build/purrdf-sparql-algebra/89220ca1d9fa1b33/out/cdt_fold_unfold-89220ca1d9fa1b33)
test (integration-1)	UNKNOWN STEP	2026-10-07T03:27:35.8126215Z 
test (integration-1)	UNKNOWN STEP	2026-10-07T03:27:35.8126308Z running 20 tests
test (integration-1)	UNKNOWN STEP	2026-10-07T03:27:35.8130372Z test fold_admits_exactly_one_or_two_arguments ... ok
test (integration-1)	UNKNOWN STEP	2026-10-07T03:27:35.8135584Z test a_folds_order_by_is_not_the_querys_own ... ok
test (integration-1)	UNKNOWN STEP	2026-10-07T03:27:35.8137513Z test fold_admits_no_scalarval ... ok
test (integration-1)	UNKNOWN STEP	2026-10-07T03:27:35.8137880Z test fold_order_by_renders_explicitly_directed ... ok
test (integration-1)	UNKNOWN STEP	2026-10-07T03:27:35.8138109Z test fold_over_an_unfold_round_trips ... ok
test (integration-1)	UNKNOWN STEP	2026-10-07T03:27:35.8138328Z test fold_parses_distinct_in_both_forms ... ok
test (integration-1)	UNKNOWN STEP	2026-10-07T03:27:35.8138570Z test every_attested_fold_form_round_trips ... ok
test (integration-1)	UNKNOWN STEP	2026-10-07T03:27:35.8138909Z test every_attested_unfold_form_round_trips ... ok
test (integration-1)	UNKNOWN STEP	2026-10-07T03:27:35.8139264Z test fold_parses_to_one_or_two_exprlist_entries ... ok
test (integration-1)	UNKNOWN STEP	2026-10-07T03:27:35.8139629Z test fold_refuses_a_nested_aggregate_in_a_sort_key ... ok
test (integration-1)	UNKNOWN STEP	2026-10-07T03:27:35.8140311Z test fold_refuses_a_third_expression ... ok
test (integration-1)	UNKNOWN STEP	2026-10-07T03:27:35.8140701Z test fold_parses_its_own_order_by_onto_the_aggregation ... ok
test (integration-1)	UNKNOWN STEP	2026-10-07T03:27:35.8141054Z test fold_refuses_the_star_exprlist ... ok
test (integration-1)	UNKNOWN STEP	2026-10-07T03:27:35.8141465Z test only_fold_admits_order_by_on_the_aggregation_node ... ok
test (integration-1)	UNKNOWN STEP	2026-10-07T03:27:35.8141970Z test unfold_accepts_an_arbitrary_expression_operand ... ok
test (integration-1)	UNKNOWN STEP	2026-10-07T03:27:35.8142328Z test unfold_parses_the_two_variable_form ... ok
test (integration-1)	UNKNOWN STEP	2026-10-07T03:27:35.8142736Z test unfold_parses_to_its_own_node_above_the_binding_before_it ... ok
test (integration-1)	UNKNOWN STEP	2026-10-07T03:27:35.8143144Z test unfold_refuses_binding_one_variable_twice ... ok
test (integration-1)	UNKNOWN STEP	2026-10-07T03:27:35.8143521Z test unfold_targets_are_visible_to_select_star ... ok
test (integration-1)	UNKNOWN STEP	2026-10-07T03:27:35.8143895Z test unfold_refuses_a_target_already_in_scope ... ok
test (integration-1)	UNKNOWN STEP	2026-10-07T03:27:35.8144096Z 
test (integration-1)	UNKNOWN STEP	2026-10-07T03:27:35.8144416Z test result: ok. 20 passed; 0 failed; 0 ignored; 0 measured; 0 filtered out; finished in 0.00s
test (integration-1)	UNKNOWN STEP	2026-10-07T03:27:35.8144718Z 
test (integration-1)	UNKNOWN STEP	2026-10-07T03:27:35.8145532Z ^[[1m^[[92m     Running^[[0m tests/chain_parse_is_linear.rs (target/debug/build/purrdf-sparql-algebra/e09bb3a53f7ee154/out/chain_parse_is_linear-e09bb3a53f7ee154)
test (integration-1)	UNKNOWN STEP	2026-10-07T03:27:35.8147918Z 
test (integration-1)	UNKNOWN STEP	2026-10-07T03:27:35.8148019Z running 1 test
test (integration-1)	UNKNOWN STEP	2026-10-07T03:27:35.8861318Z test a_chain_s_parse_costs_the_same_per_term_at_every_length ... ok
test (integration-1)	UNKNOWN STEP	2026-10-07T03:27:35.8861590Z 
test (integration-1)	UNKNOWN STEP	2026-10-07T03:27:35.8861898Z test result: ok. 1 passed; 0 failed; 0 ignored; 0 measured; 0 filtered out; finished in 0.07s
test (integration-1)	UNKNOWN STEP	2026-10-07T03:27:35.8862180Z 
test (integration-1)	UNKNOWN STEP	2026-10-07T03:27:35.8876165Z ^[[1m^[[92m     Running^[[0m tests/corpus.rs (target/debug/build/purrdf-sparql-algebra/e9d2baa48fef49fa/out/corpus-e9d2baa48fef49fa)
test (integration-1)	UNKNOWN STEP	2026-10-07T03:27:35.8886051Z 
test (integration-1)	UNKNOWN STEP	2026-10-07T03:27:35.8886144Z running 2 tests
test (integration-1)	UNKNOWN STEP	2026-10-07T03:27:35.8916563Z test all_hand_authored_queries_parse ... ok
test (integration-1)	UNKNOWN STEP	2026-10-07T03:27:35.8964384Z test all_generated_projections_parse ... ok
test (integration-1)	UNKNOWN STEP	2026-10-07T03:27:35.8964591Z 
test (integration-1)	UNKNOWN STEP	2026-10-07T03:27:35.8964932Z test result: ok. 2 passed; 0 failed; 0 ignored; 0 measured; 0 filtered out; finished in 0.01s
test (integration-1)	UNKNOWN STEP	2026-10-07T03:27:35.8965156Z 
test (integration-1)	UNKNOWN STEP	2026-10-07T03:27:35.8967241Z ^[[1m^[[92m     Running^[[0m tests/deep_trees.rs (target/debug/build/purrdf-sparql-algebra/f355ea89e38b94a3/out/deep_trees-f355ea89e38b94a3)
test (integration-1)	UNKNOWN STEP	2026-10-07T03:27:35.8976174Z 
test (integration-1)	UNKNOWN STEP	2026-10-07T03:27:35.8976260Z running 10 tests
test (integration-1)	UNKNOWN STEP	2026-10-07T03:27:37.5020117Z test a_union_nest_is_walked_without_recursion ... ok
test (integration-1)	UNKNOWN STEP	2026-10-07T03:27:39.6555843Z test an_exists_nest_is_walked_without_recursion ... ok
test (integration-1)	UNKNOWN STEP	2026-10-07T03:27:41.6620738Z test an_optional_spine_is_walked_without_recursion ... ok
test (integration-1)	UNKNOWN STEP	2026-10-07T03:27:43.0487461Z test an_or_nest_is_walked_without_recursion ... ok
test (integration-1)	UNKNOWN STEP	2026-10-07T03:27:44.7302962Z test bracketted_arithmetic_is_walked_without_recursion ... ok
test (integration-1)	UNKNOWN STEP	2026-10-07T03:27:45.4131736Z test nested_calls_are_walked_without_recursion ... ok
test (integration-1)	UNKNOWN STEP	2026-10-07T03:27:47.0897677Z test nested_ground_triple_terms_are_walked_without_recursion ... ok
test (integration-1)	UNKNOWN STEP	2026-10-07T03:27:48.1532845Z test nested_path_sequences_are_walked_without_recursion ... ok
test (integration-1)	UNKNOWN STEP	2026-10-07T03:27:49.8460140Z test nested_triple_terms_are_walked_without_recursion ... ok
test (integration-1)	UNKNOWN STEP	2026-10-07T03:27:50.2796295Z test nested_unary_operators_are_walked_without_recursion ... ok
test (integration-1)	UNKNOWN STEP	2026-10-07T03:27:50.2796509Z 
test (integration-1)	UNKNOWN STEP	2026-10-07T03:27:50.2796721Z test result: ok. 10 passed; 0 failed; 0 ignored; 0 measured; 0 filtered out; finished in 14.38s
test (integration-1)	UNKNOWN STEP	2026-10-07T03:27:50.2796925Z 
test (integration-1)	UNKNOWN STEP	2026-10-07T03:27:50.2805447Z ^[[1m^[[92m     Running^[[0m tests/case_dataset_merge.rs (target/debug/build/purrdf-sparql-conformance/d0e088de21a702fb/out/case_dataset_merge-d0e088de21a702fb)
test (integration-1)	UNKNOWN STEP	2026-10-07T03:27:50.2817916Z 
test (integration-1)	UNKNOWN STEP	2026-10-07T03:27:50.2817994Z running 11 tests
test (integration-1)	UNKNOWN STEP	2026-10-07T03:27:50.2838665Z test a_list_and_a_map_in_two_documents_are_two_nodes ... ok
test (integration-1)	UNKNOWN STEP	2026-10-07T03:27:50.2870615Z test an_embedded_label_and_a_bare_label_in_two_documents_are_two_nodes ... ok
test (integration-1)	UNKNOWN STEP	2026-10-07T03:27:50.2871242Z test one_document_binds_its_bare_and_embedded_labels_to_one_node ... ok
test (integration-1)	UNKNOWN STEP	2026-10-07T03:27:50.2872139Z test one_document_keeps_distinct_labels_distinct ... ok
test (integration-1)	UNKNOWN STEP	2026-10-07T03:27:50.2872985Z test one_document_keeps_one_label_across_two_literals_as_one_node ... ok
test (integration-1)	UNKNOWN STEP	2026-10-07T03:27:50.2873365Z test the_merge_carries_every_sources_quads ... ok
test (integration-1)	UNKNOWN STEP	2026-10-07T03:27:50.2887187Z test the_service_export_case_is_federated_not_constructed ... ok
test (integration-1)	UNKNOWN STEP	2026-10-07T03:27:50.2899291Z test two_documents_that_embed_one_label_are_two_nodes ... ok
test (integration-1)	UNKNOWN STEP	2026-10-07T03:27:50.2899921Z test an_ordinary_case_declares_no_constructed_data ... ok
test (integration-1)	UNKNOWN STEP	2026-10-07T03:27:50.2985114Z test the_construct_data_file_action_is_modeled ... ok
test (integration-1)	UNKNOWN STEP	2026-10-07T03:27:50.2987010Z test a_constructed_data_file_round_trips_a_blank_through_every_declared_syntax ... ok
test (integration-1)	UNKNOWN STEP	2026-10-07T03:27:50.2987373Z 
test (integration-1)	UNKNOWN STEP	2026-10-07T03:27:50.2987698Z test result: ok. 11 passed; 0 failed; 0 ignored; 0 measured; 0 filtered out; finished in 0.02s
test (integration-1)	UNKNOWN STEP	2026-10-07T03:27:50.2988000Z 
test (integration-1)	UNKNOWN STEP	2026-10-07T03:27:50.2995391Z ^[[1m^[[92m     Running^[[0m tests/cdt_corpus.rs (target/debug/build/purrdf-sparql-conformance/307f85c3a576c9e5/out/cdt_corpus-307f85c3a576c9e5)
test (integration-1)	UNKNOWN STEP	2026-10-07T03:27:50.3007928Z 
test (integration-1)	UNKNOWN STEP	2026-10-07T03:27:50.3008034Z running 2 tests
test (integration-1)	UNKNOWN STEP	2026-10-07T03:27:50.3327147Z test the_aggregator_resolves_every_vendored_case ... ok
test (integration-1)	UNKNOWN STEP	2026-10-07T03:27:50.4172298Z test sparql_cdt_corpus ... ok
test (integration-1)	UNKNOWN STEP	2026-10-07T03:27:50.4172542Z 
test (integration-1)	UNKNOWN STEP	2026-10-07T03:27:50.4172867Z test result: ok. 2 passed; 0 failed; 0 ignored; 0 measured; 0 filtered out; finished in 0.12s
test (integration-1)	UNKNOWN STEP	2026-10-07T03:27:50.4173165Z 
test (integration-1)	UNKNOWN STEP	2026-10-07T03:27:50.4180746Z ^[[1m^[[92m     Running^[[0m tests/cdt_lexical_divergence.rs (target/debug/build/purrdf-sparql-conformance/852ce7891a9bc491/out/cdt_lexical_divergence-852ce7891a9bc491)
test (integration-1)	UNKNOWN STEP	2026-10-07T03:27:50.4190361Z 
test (integration-1)	UNKNOWN STEP	2026-10-07T03:27:50.4190566Z running 4 tests
test (integration-1)	UNKNOWN STEP	2026-10-07T03:27:50.4198819Z test the_grader_fires_on_each_extended_production ... ok
test (integration-1)	UNKNOWN STEP	2026-10-07T03:27:50.4199477Z test the_recovery_resolves_datatypes_the_way_the_parser_does ... ok
test (integration-1)	UNKNOWN STEP	2026-10-07T03:27:50.4733312Z test no_expected_results_file_carries_a_composite_literal ... ok
test (integration-1)	UNKNOWN STEP	2026-10-07T03:27:50.5097382Z test corpus_cdt_literals_are_all_inside_sep0009 ... ok
test (integration-1)	UNKNOWN STEP	2026-10-07T03:27:50.5097650Z 
test (integration-1)	UNKNOWN STEP	2026-10-07T03:27:50.5097999Z test result: ok. 4 passed; 0 failed; 0 ignored; 0 measured; 0 filtered out; finished in 0.09s
test (integration-1)	UNKNOWN STEP	2026-10-07T03:27:50.5098295Z 
test (integration-1)	UNKNOWN STEP	2026-10-07T03:27:50.5105319Z ^[[1m^[[92m     Running^[[0m tests/construct_corpus.rs (target/debug/build/purrdf-sparql-conformance/21b45d0db85d382b/out/construct_corpus-21b45d0db85d382b)
test (integration-1)	UNKNOWN STEP	2026-10-07T03:27:50.5118040Z 
test (integration-1)	UNKNOWN STEP	2026-10-07T03:27:50.5118135Z running 4 tests
test (integration-1)	UNKNOWN STEP	2026-10-07T03:27:50.5152062Z test the_corpus_measures_the_rdf_12_statement_layer ... ok
test (integration-1)	UNKNOWN STEP	2026-10-07T03:27:50.5153729Z test quad_form_expectations_actually_name_a_graph ... ok
test (integration-1)	UNKNOWN STEP	2026-10-07T03:27:50.5155466Z test construct_corpus_case_count_and_kinds ... ok
test (integration-1)	UNKNOWN STEP	2026-10-07T03:27:50.5205266Z test construct_corpus_is_green ... ok
test (integration-1)	UNKNOWN STEP	2026-10-07T03:27:50.5205467Z 
test (integration-1)	UNKNOWN STEP	2026-10-07T03:27:50.5205743Z test result: ok. 4 passed; 0 failed; 0 ignored; 0 measured; 0 filtered out; finished in 0.01s
test (integration-1)	UNKNOWN STEP	2026-10-07T03:27:50.5205934Z 
test (integration-1)	UNKNOWN STEP	2026-10-07T03:27:50.5212271Z ^[[1m^[[92m     Running^[[0m tests/corpus_conformance.rs (target/debug/build/purrdf-sparql-conformance/d5636f96b4eb32fd/out/corpus_conformance-d5636f96b4eb32fd)
test (integration-1)	UNKNOWN STEP	2026-10-07T03:27:50.5224564Z 
test (integration-1)	UNKNOWN STEP	2026-10-07T03:27:50.5224644Z running 2 tests
test (integration-1)	UNKNOWN STEP	2026-10-07T03:27:50.5234947Z test purrdf_regression_corpus ... ok
test (integration-1)	UNKNOWN STEP	2026-10-07T03:27:50.5235270Z test purrdf_substitution_goldens ... ok
test (integration-1)	UNKNOWN STEP	2026-10-07T03:27:50.5235439Z 
test (integration-1)	UNKNOWN STEP	2026-10-07T03:27:50.5235641Z test result: ok. 2 passed; 0 failed; 0 ignored; 0 measured; 0 filtered out; finished in 0.00s
test (integration-1)	UNKNOWN STEP	2026-10-07T03:27:50.5235833Z 
test (integration-1)	UNKNOWN STEP	2026-10-07T03:27:50.5238520Z ^[[1m^[[92m     Running^[[0m tests/cost_planner_corpus.rs (target/debug/build/purrdf-sparql-conformance/3bc98eadb241a4d5/out/cost_planner_corpus-3bc98eadb241a4d5)
test (integration-1)	UNKNOWN STEP	2026-10-07T03:27:50.5249575Z 
test (integration-1)	UNKNOWN STEP	2026-10-07T03:27:50.5249667Z running 1 test
test (integration-1)	UNKNOWN STEP	2026-10-07T03:27:50.8995621Z test cost_and_structural_planner_produce_identical_results ... ok
test (integration-1)	UNKNOWN STEP	2026-10-07T03:27:50.8995836Z 
test (integration-1)	UNKNOWN STEP	2026-10-07T03:27:50.8996049Z test result: ok. 1 passed; 0 failed; 0 ignored; 0 measured; 0 filtered out; finished in 0.37s
test (integration-1)	UNKNOWN STEP	2026-10-07T03:27:50.8996239Z 
test (integration-1)	UNKNOWN STEP	2026-10-07T03:27:50.9005106Z ^[[1m^[[92m     Running^[[0m tests/data_r2_harness.rs (target/debug/build/purrdf-sparql-conformance/6b9540dedff4a0cf/out/data_r2_harness-6b9540dedff4a0cf)
test (integration-1)	UNKNOWN STEP	2026-10-07T03:27:50.9017733Z 
test (integration-1)	UNKNOWN STEP	2026-10-07T03:27:50.9017824Z running 10 tests
test (integration-1)	UNKNOWN STEP	2026-10-07T03:27:50.9047572Z test a_known_datetime_value_is_unequal_to_a_date_value ... ok
test (integration-1)	UNKNOWN STEP	2026-10-07T03:27:50.9075076Z test both_outer_and_inner_optional_filters_constrain_the_joined_solution ... ok
test (integration-1)	UNKNOWN STEP	2026-10-07T03:27:50.9080254Z test named_graph_blank_scopes_survive_the_global_result_comparison ... ok
test (integration-1)	UNKNOWN STEP	2026-10-07T03:27:50.9171753Z test rdf_xml_solutions_and_explicit_indices_grade_the_frozen_order ... ok
test (integration-1)	UNKNOWN STEP	2026-10-07T03:27:50.9202603Z test the_manifest_lax_cardinality_grades_both_reduced_cases ... ok
test (integration-1)	UNKNOWN STEP	2026-10-07T03:27:50.9224257Z test query_dataset_sources_are_loaded_under_their_declared_iris ... ok
test (integration-1)	UNKNOWN STEP	2026-10-07T03:27:50.9226910Z test arithmetic_values_types_and_source_bindings_have_independent_literal_expectations ... ok
test (integration-1)	UNKNOWN STEP	2026-10-07T03:27:50.9227593Z test the_nested_optional_group_does_not_receive_the_outer_solution_as_context ... ok
test (integration-1)	UNKNOWN STEP	2026-10-07T03:27:50.9228206Z test open_world_comparisons_preserve_known_inequality_and_literal_type_errors ... ok
test (integration-1)	UNKNOWN STEP	2026-10-07T03:27:50.9255627Z test turtle_boolean_results_grade_true_and_false_ask_answers ... ok
test (integration-1)	UNKNOWN STEP	2026-10-07T03:27:50.9255889Z 
test (integration-1)	UNKNOWN STEP	2026-10-07T03:27:50.9256202Z test result: ok. 10 passed; 0 failed; 0 ignored; 0 measured; 0 filtered out; finished in 0.02s
test (integration-1)	UNKNOWN STEP	2026-10-07T03:27:50.9256395Z 
test (integration-1)	UNKNOWN STEP	2026-10-07T03:27:50.9262484Z ^[[1m^[[92m     Running^[[0m tests/describe_corpus.rs (target/debug/build/purrdf-sparql-conformance/366dd4b3a0d9a092/out/describe_corpus-366dd4b3a0d9a092)
test (integration-1)	UNKNOWN STEP	2026-10-07T03:27:50.9275144Z 
test (integration-1)	UNKNOWN STEP	2026-10-07T03:27:50.9275416Z running 5 tests
test (integration-1)	UNKNOWN STEP	2026-10-07T03:27:50.9308651Z test describe_corpus_case_count_and_kinds ... ok
test (integration-1)	UNKNOWN STEP	2026-10-07T03:27:50.9309271Z test the_corpus_measures_the_rdf_12_statement_layer ... ok
test (integration-1)	UNKNOWN STEP	2026-10-07T03:27:50.9313639Z test the_corpus_pins_both_non_empty_and_empty_descriptions ... ok
test (integration-1)	UNKNOWN STEP	2026-10-07T03:27:50.9342235Z test the_corpus_measures_the_statement_layers_graph_scope ... ok
test (integration-1)	UNKNOWN STEP	2026-10-07T03:27:50.9349348Z test describe_corpus_is_green ... ok
test (integration-1)	UNKNOWN STEP	2026-10-07T03:27:50.9349589Z 
test (integration-1)	UNKNOWN STEP	2026-10-07T03:27:50.9350165Z test result: ok. 5 passed; 0 failed; 0 ignored; 0 measured; 0 filtered out; finished in 0.01s
test (integration-1)	UNKNOWN STEP	2026-10-07T03:27:50.9350456Z 
test (integration-1)	UNKNOWN STEP	2026-10-07T03:27:50.9354720Z ^[[1m^[[92m     Running^[[0m tests/aggregate_function_e2e.rs (target/debug/build/purrdf-sparql-eval/d65b1236028dfbe9/out/aggregate_function_e2e-d65b1236028dfbe9)
test (integration-1)	UNKNOWN STEP	2026-10-07T03:27:50.9367559Z 
test (integration-1)	UNKNOWN STEP	2026-10-07T03:27:50.9367843Z running 28 tests
test (integration-1)	UNKNOWN STEP	2026-10-07T03:27:50.9373815Z test a_local_name_outside_the_closed_set_is_refused_at_prepare_time ... ok
test (integration-1)	UNKNOWN STEP	2026-10-07T03:27:50.9374834Z test custom_aggregate_arity_mismatch_is_refused_at_prepare_time_under_the_aggregate_code ... ok
test (integration-1)	UNKNOWN STEP	2026-10-07T03:27:50.9375651Z test a_plan_prepared_under_one_registry_refuses_to_execute_under_a_different_registry_with_identical_declarations ... ok
test (integration-1)	UNKNOWN STEP	2026-10-07T03:27:50.9376342Z test a_plan_prepared_and_executed_under_the_same_registry_instance_still_works ... ok
test (integration-1)	UNKNOWN STEP	2026-10-07T03:27:50.9376777Z test distinct_dedups_the_single_argument ... ok
test (integration-1)	UNKNOWN STEP	2026-10-07T03:27:50.9377236Z test distinct_dedups_the_full_argument_tuple_not_a_single_column ... ok
test (integration-1)	UNKNOWN STEP	2026-10-07T03:27:50.9380611Z test distinct_interacts_with_a_statistical_member ... ok
test (integration-1)	UNKNOWN STEP	2026-10-07T03:27:50.9381149Z test group_by_case_sums_per_group ... ok
test (integration-1)	UNKNOWN STEP	2026-10-07T03:27:50.9381633Z test empty_group_answers_finish_of_init_explicitly ... ok
test (integration-1)	UNKNOWN STEP	2026-10-07T03:27:50.9382237Z test group_by_query_computes_several_statistical_members_per_group ... ok
test (integration-1)	UNKNOWN STEP	2026-10-07T03:27:50.9382883Z test implicit_single_group_case_sums_everything ... ok
test (integration-1)	UNKNOWN STEP	2026-10-07T03:27:50.9383436Z test percentile_at_a_genuinely_interpolating_fraction ... ok
test (integration-1)	UNKNOWN STEP	2026-10-07T03:27:50.9384139Z test mode_finds_the_genuine_repeat_not_a_coincidental_stand_in ... ok
test (integration-1)	UNKNOWN STEP	2026-10-07T03:27:50.9384668Z test percentile_duplicate_scalarval_is_refused_at_prepare_time ... ok
test (integration-1)	UNKNOWN STEP	2026-10-07T03:27:50.9385165Z test percentile_missing_p_is_refused_at_prepare_time ... ok
test (integration-1)	UNKNOWN STEP	2026-10-07T03:27:50.9385769Z test moments_stddev_variance_and_var_pop_end_to_end ... ok
test (integration-1)	UNKNOWN STEP	2026-10-07T03:27:50.9386032Z test percentile_out_of_range_p_is_unbound_not_a_hard_error ... ok
test (integration-1)	UNKNOWN STEP	2026-10-07T03:27:50.9386292Z test percentile_named_scalarval_form_end_to_end ... ok
test (integration-1)	UNKNOWN STEP	2026-10-07T03:27:50.9400752Z test percentile_unknown_scalarval_name_is_refused_at_prepare_time ... ok
test (integration-1)	UNKNOWN STEP	2026-10-07T03:27:50.9401267Z test percentile_wrong_typed_scalarval_is_refused_at_prepare_time ... ok
test (integration-1)	UNKNOWN STEP	2026-10-07T03:27:50.9421014Z test the_canonical_empty_registry_and_a_freshly_built_empty_registry_answer_identically ... ok
test (integration-1)	UNKNOWN STEP	2026-10-07T03:27:50.9421855Z test unregistered_custom_aggregate_iri_is_refused_at_prepare_time_naming_the_iri ... ok
test (integration-1)	UNKNOWN STEP	2026-10-07T03:27:50.9422439Z test topk_end_to_end ... ok
test (integration-1)	UNKNOWN STEP	2026-10-07T03:27:50.9423024Z test unregistered_property_function_still_reports_the_property_function_code ... ok
test (integration-1)	UNKNOWN STEP	2026-10-07T03:27:50.9423842Z test zero_arity_custom_aggregate_cannot_be_constructed_and_therefore_never_row_counts ... ok
test (integration-1)	UNKNOWN STEP	2026-10-07T03:27:50.9585876Z test volatile_custom_aggregate_is_still_correct_and_deterministic_at_scale ... ok
test (integration-1)	UNKNOWN STEP	2026-10-07T03:27:50.9603874Z test stable_custom_aggregate_is_deterministic_at_parallel_scale ... ok
test (integration-1)	UNKNOWN STEP	2026-10-07T03:27:50.9619047Z test statistical_aggregates_are_deterministic_at_parallel_scale ... ok
test (integration-1)	UNKNOWN STEP	2026-10-07T03:27:50.9619330Z 
test (integration-1)	UNKNOWN STEP	2026-10-07T03:27:50.9619640Z test result: ok. 28 passed; 0 failed; 0 ignored; 0 measured; 0 filtered out; finished in 0.03s
test (integration-1)	UNKNOWN STEP	2026-10-07T03:27:50.9619858Z 
test (integration-1)	UNKNOWN STEP	2026-10-07T03:27:50.9627158Z ^[[1m^[[92m     Running^[[0m tests/aggregate_sort_admission.rs (target/debug/build/purrdf-sparql-eval/148ddd1e343aa620/out/aggregate_sort_admission-148ddd1e343aa620)
test (integration-1)	UNKNOWN STEP	2026-10-07T03:27:50.9639684Z 
test (integration-1)	UNKNOWN STEP	2026-10-07T03:27:50.9639763Z running 6 tests
test (integration-1)	UNKNOWN STEP	2026-10-07T03:27:50.9645835Z test aggregate_output_collisions_keep_their_error_when_the_child_would_truncate ... ok
test (integration-1)	UNKNOWN STEP	2026-10-07T03:27:50.9646497Z test calls_reachable_only_through_aggregate_sort_keys_require_admission ... ok
test (integration-1)	UNKNOWN STEP	2026-10-07T03:27:50.9647141Z test basic_profile_checks_aggregate_sort_keys_before_governor_work ... ok
test (integration-1)	UNKNOWN STEP	2026-10-07T03:27:50.9647905Z test exists_limit_zero_preserves_a_hard_error_in_an_aggregate_sort_key ... ok
test (integration-1)	UNKNOWN STEP	2026-10-07T03:27:50.9648654Z test explanation_accounts_for_the_pattern_reached_from_an_aggregate_sort_key ... ok
test (integration-1)	UNKNOWN STEP	2026-10-07T03:27:50.9649794Z test service_silent_cannot_hide_forwarding_hazards_in_aggregate_sort_keys ... ok
test (integration-1)	UNKNOWN STEP	2026-10-07T03:27:50.9650190Z 
test (integration-1)	UNKNOWN STEP	2026-10-07T03:27:50.9650567Z test result: ok. 6 passed; 0 failed; 0 ignored; 0 measured; 0 filtered out; finished in 0.00s
test (integration-1)	UNKNOWN STEP	2026-10-07T03:27:50.9650855Z 
test (integration-1)	UNKNOWN STEP	2026-10-07T03:27:50.9653483Z ^[[1m^[[92m     Running^[[0m tests/alternative_property_paths.rs (target/debug/build/purrdf-sparql-eval/cd4d0cca2c54ed9a/out/alternative_property_paths-cd4d0cca2c54ed9a)
test (integration-1)	UNKNOWN STEP	2026-10-07T03:27:50.9663269Z 
test (integration-1)	UNKNOWN STEP	2026-10-07T03:27:50.9663363Z running 10 tests
test (integration-1)	UNKNOWN STEP	2026-10-07T03:27:50.9674690Z test preparing_already_scoped_source_blanks_is_idempotent ... ok
test (integration-1)	UNKNOWN STEP	2026-10-07T03:27:50.9675120Z test public_raw_doors_refuse_hidden_observers_without_restricting_ordinary_names ... ok
test (integration-1)	UNKNOWN STEP	2026-10-07T03:27:50.9676605Z test hidden_witnesses_stay_out_of_star_and_distinct_solution_identity ... ok
test (integration-1)	UNKNOWN STEP	2026-10-07T03:27:50.9677516Z test raw_distinct_and_reduced_carriers_hide_witnesses_before_deduplication ... ok
test (integration-1)	UNKNOWN STEP	2026-10-07T03:27:50.9678074Z test named_graph_and_literal_or_quoted_endpoints_survive_service_roundtrips ... ok
test (integration-1)	UNKNOWN STEP	2026-10-07T03:27:50.9682181Z test alternatives_preserve_each_arm_and_each_sequence_witness ... ok
test (integration-1)	UNKNOWN STEP	2026-10-07T03:27:50.9686194Z test source_blank_endpoints_keep_their_bgp_identity_across_filters_and_alternatives ... ok
test (integration-1)	UNKNOWN STEP	2026-10-07T03:27:50.9692831Z test service_carriers_keep_zero_column_bags_and_distinct_star_counts ... ok
test (integration-1)	UNKNOWN STEP	2026-10-07T03:27:50.9693805Z test serialized_queries_keep_distinctness_and_stable_projection_names ... ok
test (integration-1)	UNKNOWN STEP	2026-10-07T03:27:50.9694228Z test serialized_updates_never_bind_template_only_variables_to_path_witnesses ... ok
test (integration-1)	UNKNOWN STEP	2026-10-07T03:27:50.9694412Z 
test (integration-1)	UNKNOWN STEP	2026-10-07T03:27:50.9694614Z test result: ok. 10 passed; 0 failed; 0 ignored; 0 measured; 0 filtered out; finished in 0.00s
test (integration-1)	UNKNOWN STEP	2026-10-07T03:27:50.9695007Z 
test (integration-1)	UNKNOWN STEP	2026-10-07T03:27:50.9698864Z ^[[1m^[[92m     Running^[[0m tests/binary_arithmetic.rs (target/debug/build/purrdf-sparql-eval/56612eb541661bc7/out/binary_arithmetic-56612eb541661bc7)
test (integration-1)	UNKNOWN STEP	2026-10-07T03:27:50.9708834Z 
test (integration-1)	UNKNOWN STEP	2026-10-07T03:27:50.9708911Z running 4 tests
test (integration-1)	UNKNOWN STEP	2026-10-07T03:27:50.9714811Z test float_arithmetic_on_double_rounding_witnesses_returns_the_ieee_lexical ... ok
test (integration-1)	UNKNOWN STEP	2026-10-07T03:27:50.9740634Z test integer_and_decimal_operands_promote_into_the_same_correctly_rounded_double ... ok
test (integration-1)	UNKNOWN STEP	2026-10-07T03:27:50.9741148Z test double_arithmetic_on_double_rounding_witnesses_returns_the_ieee_lexical ... ok
test (integration-1)	UNKNOWN STEP	2026-10-07T03:27:50.9932065Z test stddev_is_the_correctly_rounded_square_root_of_the_variance ... ok
test (integration-1)	UNKNOWN STEP	2026-10-07T03:27:50.9932297Z 
test (integration-1)	UNKNOWN STEP	2026-10-07T03:27:50.9941110Z test result: ok. 4 passed; 0 failed; 0 ignored; 0 measured; 0 filtered out; finished in 0.02s
test (integration-1)	UNKNOWN STEP	2026-10-07T03:27:50.9941397Z 
test (integration-1)	UNKNOWN STEP	2026-10-07T03:27:50.9943860Z ^[[1m^[[92m     Running^[[0m tests/boundary_join_scaling.rs (target/debug/build/purrdf-sparql-eval/1c0182c0ec0f23fa/out/boundary_join_scaling-1c0182c0ec0f23fa)
test (integration-1)	UNKNOWN STEP	2026-10-07T03:27:50.9953445Z 
test (integration-1)	UNKNOWN STEP	2026-10-07T03:27:50.9953533Z running 3 tests
test (integration-1)	UNKNOWN STEP	2026-10-07T03:27:51.1803754Z after_optional: rows=3510, measured fuel=[215026, 68024]
test (integration-1)	UNKNOWN STEP	2026-10-07T03:27:51.2032910Z after_bind: rows=4000, measured fuel=[126006, 50004]
test (integration-1)	UNKNOWN STEP	2026-10-07T03:27:51.2089092Z optional_body: rows=1000, measured fuel=[6053, 6063]
test (integration-1)	UNKNOWN STEP	2026-10-07T03:27:51.2306295Z test negative_exists_probes_the_selected_anchor_without_an_independent_product ... ok
test (integration-1)	UNKNOWN STEP	2026-10-07T03:27:51.2678278Z test explain_measures_the_full_optional_join_without_a_cartesian_reservation ... ok
test (integration-1)	UNKNOWN STEP	2026-10-07T03:27:51.2755981Z after_optional: rows=3510, measured fuel=[215026, 68024]
test (integration-1)	UNKNOWN STEP	2026-10-07T03:27:51.2963314Z after_bind: rows=4000, measured fuel=[126006, 50004]
test (integration-1)	UNKNOWN STEP	2026-10-07T03:27:51.3004367Z optional_body: rows=1000, measured fuel=[6053, 6063]
test (integration-1)	UNKNOWN STEP	2026-10-07T03:27:51.3019783Z test selective_patterns_across_boundaries_preserve_bags_with_bounded_work ... ok
test (integration-1)	UNKNOWN STEP	2026-10-07T03:27:51.3020403Z 
test (integration-1)	UNKNOWN STEP	2026-10-07T03:27:51.3020836Z test result: ok. 3 passed; 0 failed; 0 ignored; 0 measured; 0 filtered out; finished in 0.31s
test (integration-1)	UNKNOWN STEP	2026-10-07T03:27:51.3021134Z 
test (integration-1)	UNKNOWN STEP	2026-10-07T03:27:51.3045344Z ^[[1m^[[92m     Running^[[0m tests/call_cursor.rs (target/debug/build/purrdf-sparql-eval/d119a37927a11f50/out/call_cursor-d119a37927a11f50)
test (integration-1)	UNKNOWN STEP	2026-10-07T03:27:51.3057901Z 
test (integration-1)	UNKNOWN STEP	2026-10-07T03:27:51.3058009Z running 6 tests
test (integration-1)	UNKNOWN STEP	2026-10-07T03:27:51.3067762Z test a_shape_that_is_not_one_call_under_row_for_row_operators_is_refused_by_name ... ok
test (integration-1)	UNKNOWN STEP	2026-10-07T03:27:51.3068305Z test the_cursor_is_the_governed_answer_produced_one_row_per_pull ... ok
test (integration-1)	UNKNOWN STEP	2026-10-07T03:27:51.3068764Z test the_shape_names_the_calls_each_columns_values_come_from_before_and_after_planning ... ok
test (integration-1)	UNKNOWN STEP	2026-10-07T03:27:51.3069869Z test a_filter_over_the_call_is_applied_row_by_row_and_never_licenses_a_short_read ... ok
test (integration-1)	UNKNOWN STEP	2026-10-07T03:27:51.3071628Z test the_shape_predicate_agrees_with_the_open_and_opens_nothing ... ok
test (integration-1)	UNKNOWN STEP	2026-10-07T03:27:51.3073266Z test the_witness_is_taken_when_the_read_stops_and_shows_an_index_that_moved ... ok
test (integration-1)	UNKNOWN STEP	2026-10-07T03:27:51.3073571Z 
test (integration-1)	UNKNOWN STEP	2026-10-07T03:27:51.3073883Z test result: ok. 6 passed; 0 failed; 0 ignored; 0 measured; 0 filtered out; finished in 0.00s
test (integration-1)	UNKNOWN STEP	2026-10-07T03:27:51.3074173Z 
test (integration-1)	UNKNOWN STEP	2026-10-07T03:27:51.3076228Z ^[[1m^[[92m     Running^[[0m tests/cdt_fold_unfold_e2e.rs (target/debug/build/purrdf-sparql-eval/d71c351ecf420907/out/cdt_fold_unfold_e2e-d71c351ecf420907)
test (integration-1)	UNKNOWN STEP	2026-10-07T03:27:51.3086977Z 
test (integration-1)	UNKNOWN STEP	2026-10-07T03:27:51.3087067Z running 32 tests
test (integration-1)	UNKNOWN STEP	2026-10-07T03:27:51.3094966Z test a_later_filter_in_the_same_group_sees_the_targets ... ok
test (integration-1)	UNKNOWN STEP	2026-10-07T03:27:51.3095638Z test a_nested_composite_key_drops_its_entry_but_a_composite_value_is_kept ... ok
test (integration-1)	UNKNOWN STEP	2026-10-07T03:27:51.3098313Z test a_non_composite_row_passes_through_while_its_neighbours_expand ... ok
test (integration-1)	UNKNOWN STEP	2026-10-07T03:27:51.3098949Z test a_null_element_produces_a_row_with_an_unbound_column ... ok
test (integration-1)	UNKNOWN STEP	2026-10-07T03:27:51.3102459Z test a_raised_expression_is_a_retained_null_not_a_skipped_row ... ok
test (integration-1)	UNKNOWN STEP	2026-10-07T03:27:51.3105446Z test an_inner_fold_order_by_is_independent_of_the_outer_one ... ok
test (integration-1)	UNKNOWN STEP	2026-10-07T03:27:51.3106007Z test an_empty_composite_contributes_zero_rows ... ok
test (integration-1)	UNKNOWN STEP	2026-10-07T03:27:51.3109612Z test an_uncorrelated_optional_body_sees_no_left_binding ... ok
test (integration-1)	UNKNOWN STEP	2026-10-07T03:27:51.3110075Z test an_operand_that_denotes_no_composite_passes_the_row_through ... ok
test (integration-1)	UNKNOWN STEP	2026-10-07T03:27:51.3111759Z test blank_labels_are_scoped_to_the_literal_and_shared_within_it ... ok
test (integration-1)	UNKNOWN STEP	2026-10-07T03:27:51.3114738Z test an_ungrammatical_tag_makes_the_composite_ill_formed_without_dropping_the_row ... ok
test (integration-1)	UNKNOWN STEP	2026-10-07T03:27:51.3117542Z test distinct_ignores_the_sort_key_and_keeps_the_first_occurrence ... ok
test (integration-1)	UNKNOWN STEP	2026-10-07T03:27:51.3118039Z test distinct_over_the_map_form_deduplicates_the_whole_pair ... ok
test (integration-1)	UNKNOWN STEP	2026-10-07T03:27:51.3125352Z test fold_coexists_with_another_aggregate_over_one_group ... ok
test (integration-1)	UNKNOWN STEP	2026-10-07T03:27:51.3126338Z test fold_inverts_unfold_over_a_list ... ok
test (integration-1)	UNKNOWN STEP	2026-10-07T03:27:51.3126824Z test fold_is_usable_in_having ... ok
test (integration-1)	UNKNOWN STEP	2026-10-07T03:27:51.3127721Z test fold_under_group_by_folds_each_group_separately ... ok
test (integration-1)	UNKNOWN STEP	2026-10-07T03:27:51.3128314Z test fold_nests_inside_a_larger_expression ... ok
test (integration-1)	UNKNOWN STEP	2026-10-07T03:27:51.3129285Z test lateral_correlates_an_unfold_with_its_left_row ... ok
test (integration-1)	UNKNOWN STEP	2026-10-07T03:27:51.3130139Z test select_star_projects_the_unfold_targets ... ok
test (integration-1)	UNKNOWN STEP	2026-10-07T03:27:51.3130803Z test the_four_readings_in_composite_order ... ok
test (integration-1)	UNKNOWN STEP	2026-10-07T03:27:51.3131501Z test two_unfolds_in_one_group_compose ... ok
test (integration-1)	UNKNOWN STEP	2026-10-07T03:27:51.3132099Z test unfold_composes_with_graph ... ok
test (integration-1)	UNKNOWN STEP	2026-10-07T03:27:51.3171113Z test the_two_forms_the_empty_group_and_the_retained_null ... ok
test (integration-1)	UNKNOWN STEP	2026-10-07T03:27:51.3171666Z test unfold_composes_with_minus ... ok
test (integration-1)	UNKNOWN STEP	2026-10-07T03:27:51.3172162Z test unfold_composes_with_values ... ok
test (integration-1)	UNKNOWN STEP	2026-10-07T03:27:51.3192347Z test unfold_expands_a_nested_composite_again ... ok
test (integration-1)	UNKNOWN STEP	2026-10-07T03:27:51.3193714Z test a_fold_over_a_deeply_nested_list_mints_one_level_deeper ... ok
test (integration-1)	UNKNOWN STEP	2026-10-07T03:27:51.3194005Z test unfold_first_in_its_group_drives_off_the_identity_table ... ok
test (integration-1)	UNKNOWN STEP	2026-10-07T03:27:51.3194314Z test unfold_inside_optional_leaves_a_non_matching_left_row_intact ... ok
test (integration-1)	UNKNOWN STEP	2026-10-07T03:27:51.3194557Z test unfold_composes_with_union ... ok
test (integration-1)	UNKNOWN STEP	2026-10-07T03:27:53.7896826Z test a_fold_past_the_element_bound_is_a_hard_failure_and_one_inside_it_mints ... ok
test (integration-1)	UNKNOWN STEP	2026-10-07T03:27:53.7900478Z 
test (integration-1)	UNKNOWN STEP	2026-10-07T03:27:53.7900793Z test result: ok. 32 passed; 0 failed; 0 ignored; 0 measured; 0 filtered out; finished in 2.48s
test (integration-1)	UNKNOWN STEP	2026-10-07T03:27:53.7901075Z 
test (integration-1)	UNKNOWN STEP	2026-10-07T03:27:53.7908532Z ^[[1m^[[92m     Running^[[0m tests/cdt_order_by.rs (target/debug/build/purrdf-sparql-eval/fb42ef0600bd7a99/out/cdt_order_by-fb42ef0600bd7a99)
test (integration-1)	UNKNOWN STEP	2026-10-07T03:27:53.7920354Z 
test (integration-1)	UNKNOWN STEP	2026-10-07T03:27:53.7920456Z running 11 tests
test (integration-1)	UNKNOWN STEP	2026-10-07T03:27:53.7926320Z test a_composite_literal_sorts_after_every_plain_literal_and_before_a_triple_term ... ok
test (integration-1)	UNKNOWN STEP	2026-10-07T03:27:53.7926932Z test a_blank_node_still_ranks_below_a_composite_literal ... ok
test (integration-1)	UNKNOWN STEP	2026-10-07T03:27:53.7927912Z test list_iri_elements_order_by_their_string ... ok
test (integration-1)	UNKNOWN STEP	2026-10-07T03:27:53.7931963Z test an_unparsable_composite_literal_stays_an_ordinary_opaque_literal ... ok
test (integration-1)	UNKNOWN STEP	2026-10-07T03:27:53.7932471Z test map_keys_rank_iris_before_literals_and_datatype_before_lexical ... ok
test (integration-1)	UNKNOWN STEP	2026-10-07T03:27:53.7932973Z test list_order_is_elementwise_then_by_length ... ok
test (integration-1)	UNKNOWN STEP	2026-10-07T03:27:53.7933311Z test min_and_max_agree_with_the_composite_order ... ok
test (integration-1)	UNKNOWN STEP	2026-10-07T03:27:53.7933639Z test map_order_is_by_sorted_entries_key_before_value ... ok
test (integration-1)	UNKNOWN STEP	2026-10-07T03:27:53.7933865Z test null_sorts_below_every_other_element ... ok
test (integration-1)	UNKNOWN STEP	2026-10-07T03:27:53.7934118Z test value_equal_elements_are_separated_syntactically_not_tied ... ok
test (integration-1)	UNKNOWN STEP	2026-10-07T03:27:53.7934366Z test the_sort_is_not_over_the_lexical_form ... ok
test (integration-1)	UNKNOWN STEP	2026-10-07T03:27:53.7934494Z 
test (integration-1)	UNKNOWN STEP	2026-10-07T03:27:53.7934682Z test result: ok. 11 passed; 0 failed; 0 ignored; 0 measured; 0 filtered out; finished in 0.00s
test (integration-1)	UNKNOWN STEP	2026-10-07T03:27:53.7934866Z 
test (integration-1)	UNKNOWN STEP	2026-10-07T03:27:53.7937719Z ^[[1m^[[92m     Running^[[0m tests/cdt_query_blank_scope.rs (target/debug/build/purrdf-sparql-eval/a3a26f2e709b1b3b/out/cdt_query_blank_scope-a3a26f2e709b1b3b)
test (integration-1)	UNKNOWN STEP	2026-10-07T03:27:53.7948592Z 
test (integration-1)	UNKNOWN STEP	2026-10-07T03:27:53.7948663Z running 12 tests
test (integration-1)	UNKNOWN STEP	2026-10-07T03:27:53.7954205Z test a_blank_free_query_literal_keeps_its_lexical_form ... ok
test (integration-1)	UNKNOWN STEP	2026-10-07T03:27:53.7954779Z test a_composite_minted_from_a_dataset_blank_reads_back_as_that_blank ... ok
test (integration-1)	UNKNOWN STEP	2026-10-07T03:27:53.7955314Z test a_composite_minted_from_bnode_reads_back_as_that_bnode ... ok
test (integration-1)	UNKNOWN STEP	2026-10-07T03:27:53.7958330Z test a_query_authored_blank_differs_from_a_bare_blank_in_the_data ... ok
test (integration-1)	UNKNOWN STEP	2026-10-07T03:27:53.7961641Z test a_query_authored_list_blank_differs_from_the_datas_list_blank ... ok
test (integration-1)	UNKNOWN STEP	2026-10-07T03:27:53.7962172Z test a_query_authored_map_blank_differs_from_the_datas_map_blank ... ok
test (integration-1)	UNKNOWN STEP	2026-10-07T03:27:53.7962635Z test distinct_labels_in_one_query_stay_distinct ... ok
test (integration-1)	UNKNOWN STEP	2026-10-07T03:27:53.7963052Z test one_label_twice_in_one_query_literal_is_one_node ... ok
test (integration-1)	UNKNOWN STEP	2026-10-07T03:27:53.7963533Z test nesting_inside_a_query_literal_opens_no_new_scope ... ok
test (integration-1)	UNKNOWN STEP	2026-10-07T03:27:53.7963989Z test the_datas_own_bare_and_embedded_labels_still_agree ... ok
test (integration-1)	UNKNOWN STEP	2026-10-07T03:27:53.7964282Z test one_label_across_two_query_literals_is_one_node ... ok
test (integration-1)	UNKNOWN STEP	2026-10-07T03:27:53.7964539Z test the_separation_holds_under_sameterm ... ok
test (integration-1)	UNKNOWN STEP	2026-10-07T03:27:53.7964689Z 
test (integration-1)	UNKNOWN STEP	2026-10-07T03:27:53.7965228Z test result: ok. 12 passed; 0 failed; 0 ignored; 0 measured; 0 filtered out; finished in 0.00s
test (integration-1)	UNKNOWN STEP	2026-10-07T03:27:53.7965515Z 
test (integration-1)	UNKNOWN STEP	2026-10-07T03:27:53.7966131Z ^[[1m^[[92m     Running^[[0m tests/construct_builder.rs (target/debug/build/purrdf-sparql-eval/cd7e8e4abc774761/out/construct_builder-cd7e8e4abc774761)
test (integration-1)	UNKNOWN STEP	2026-10-07T03:27:53.7978064Z 
test (integration-1)	UNKNOWN STEP	2026-10-07T03:27:53.7978174Z running 8 tests
test (integration-1)	UNKNOWN STEP	2026-10-07T03:27:53.7984010Z test a_construct_template_with_a_malformed_literal_is_refused_at_admission ... ok
test (integration-1)	UNKNOWN STEP	2026-10-07T03:27:53.7984644Z test direct_append_matches_native_construct_and_keeps_fresh_blanks ... ok
test (integration-1)	UNKNOWN STEP	2026-10-07T03:27:53.7990683Z test configured_rdf12_projection_loss_is_identical ... ok
test (integration-1)	UNKNOWN STEP	2026-10-07T03:27:53.7991046Z test final_operational_failure_outranks_budget_and_publishes_nothing ... ok
test (integration-1)	UNKNOWN STEP	2026-10-07T03:27:53.7991373Z test governor_trip_and_cancellation_leave_existing_builder_untouched ... ok
test (integration-1)	UNKNOWN STEP	2026-10-07T03:27:53.7991715Z test successive_appends_keep_minted_blanks_fresh_against_destination_only_nodes ... ok
test (integration-1)	UNKNOWN STEP	2026-10-07T03:27:53.7992086Z test typed_publication_preserves_nested_directional_terms_and_named_statement_metadata ... ok
test (integration-1)	UNKNOWN STEP	2026-10-07T03:27:53.8581155Z test deeply_joined_construct_is_depth_admitted_before_survey_or_substitution ... ok
test (integration-1)	UNKNOWN STEP	2026-10-07T03:27:53.8581489Z 
test (integration-1)	UNKNOWN STEP	2026-10-07T03:27:53.8581902Z test result: ok. 8 passed; 0 failed; 0 ignored; 0 measured; 0 filtered out; finished in 0.06s
test (integration-1)	UNKNOWN STEP	2026-10-07T03:27:53.8582772Z 
test (integration-1)	UNKNOWN STEP	2026-10-07T03:27:53.8585520Z ^[[1m^[[92m     Running^[[0m tests/correlated_call_arguments.rs (target/debug/build/purrdf-sparql-eval/d26fadda389913c3/out/correlated_call_arguments-d26fadda389913c3)
test (integration-1)	UNKNOWN STEP	2026-10-07T03:27:53.8598653Z 
test (integration-1)	UNKNOWN STEP	2026-10-07T03:27:53.8599016Z running 6 tests
test (integration-1)	UNKNOWN STEP	2026-10-07T03:27:53.8617077Z test a_variable_nested_in_a_quoted_triple_argument_arrives_bound ... ok
test (integration-1)	UNKNOWN STEP	2026-10-07T03:27:53.8662360Z test an_exists_over_a_call_is_evaluated_with_each_rows_own_value ... ok
test (integration-1)	UNKNOWN STEP	2026-10-07T03:27:53.8680937Z test a_free_capable_relation_is_still_invoked_bound ... ok
test (integration-1)	UNKNOWN STEP	2026-10-07T03:27:53.8687745Z test a_prepared_parameter_reaches_the_correlated_call_on_every_run ... ok
test (integration-1)	UNKNOWN STEP	2026-10-07T03:27:53.8695653Z test every_value_kind_reaches_a_bound_only_call_through_correlated_substitution ... ok
test (integration-1)	UNKNOWN STEP	2026-10-07T03:27:53.8700711Z test every_shape_answers_the_bottom_up_evaluation ... ok
test (integration-1)	UNKNOWN STEP	2026-10-07T03:27:53.8700946Z 
test (integration-1)	UNKNOWN STEP	2026-10-07T03:27:53.8701254Z test result: ok. 6 passed; 0 failed; 0 ignored; 0 measured; 0 filtered out; finished in 0.01s
test (integration-1)	UNKNOWN STEP	2026-10-07T03:27:53.8701499Z 
test (integration-1)	UNKNOWN STEP	2026-10-07T03:27:53.8706812Z ^[[1m^[[92m     Running^[[0m tests/correlated_positive_regions.rs (target/debug/build/purrdf-sparql-eval/2bdbc5bc238c2a94/out/correlated_positive_regions-2bdbc5bc238c2a94)
test (integration-1)	UNKNOWN STEP	2026-10-07T03:27:53.8718938Z 
test (integration-1)	UNKNOWN STEP	2026-10-07T03:27:53.8719040Z running 3 tests
test (integration-1)	UNKNOWN STEP	2026-10-07T03:27:53.8734095Z test copied_positive_schedule_fuel_cuts_remain_complete_binding_lower_bounds ... ok
test (integration-1)	UNKNOWN STEP	2026-10-07T03:27:53.8737384Z test copied_lateral_union_keeps_native_bindings_and_source_columns ... ok
test (integration-1)	UNKNOWN STEP	2026-10-07T03:27:53.8737910Z test correlated_and_uncorrelated_exists_copies_preserve_their_row_scopes ... ok
test (integration-1)	UNKNOWN STEP	2026-10-07T03:27:53.8738188Z 
test (integration-1)	UNKNOWN STEP	2026-10-07T03:27:53.8738498Z test result: ok. 3 passed; 0 failed; 0 ignored; 0 measured; 0 filtered out; finished in 0.00s
test (integration-1)	UNKNOWN STEP	2026-10-07T03:27:53.8738784Z 
test (integration-1)	UNKNOWN STEP	2026-10-07T03:27:53.8739550Z ^[[1m^[[92m     Running^[[0m tests/cost_planner_corpus.rs (target/debug/build/purrdf-sparql-eval/6c0d79f7c761870c/out/cost_planner_corpus-6c0d79f7c761870c)
test (integration-1)	UNKNOWN STEP	2026-10-07T03:27:53.8749473Z 
test (integration-1)	UNKNOWN STEP	2026-10-07T03:27:53.8749555Z running 3 tests
test (integration-1)	UNKNOWN STEP	2026-10-07T03:27:53.8755639Z test six_pattern_chain_evaluates_end_to_end ... ok
test (integration-1)	UNKNOWN STEP	2026-10-07T03:27:53.8758514Z test repeated_runs_are_stable_under_the_order_cache ... ok
test (integration-1)	UNKNOWN STEP	2026-10-07T03:27:53.8761907Z test skewed_star_join_evaluates_exactly ... ok
test (integration-1)	UNKNOWN STEP	2026-10-07T03:27:53.8762094Z 
test (integration-1)	UNKNOWN STEP	2026-10-07T03:27:53.8762418Z test result: ok. 3 passed; 0 failed; 0 ignored; 0 measured; 0 filtered out; finished in 0.00s
test (integration-1)	UNKNOWN STEP	2026-10-07T03:27:53.8762705Z 
test (integration-1)	UNKNOWN STEP	2026-10-07T03:27:53.8765929Z ^[[1m^[[92m     Running^[[0m tests/deep_triple_terms.rs (target/debug/build/purrdf-sparql-eval/b40bad1e3af60856/out/deep_triple_terms-b40bad1e3af60856)
test (integration-1)	UNKNOWN STEP	2026-10-07T03:27:53.8776185Z 
test (integration-1)	UNKNOWN STEP	2026-10-07T03:27:53.8776257Z running 11 tests
test (integration-1)	UNKNOWN STEP	2026-10-07T03:27:53.8802038Z test a_constructed_graph_is_held_to_the_dataset_limit ... ok
test (integration-1)	UNKNOWN STEP	2026-10-07T03:27:53.8802709Z test a_pattern_nested_past_the_dataset_matches_nothing_and_its_neighbour_matches ... ok
test (integration-1)	UNKNOWN STEP	2026-10-07T03:27:53.8820625Z test a_deep_triple_term_written_as_a_value_is_returned_whole ... ok
test (integration-1)	UNKNOWN STEP	2026-10-07T03:27:54.2661609Z test a_term_built_a_hundred_thousand_deep_answers_whole_or_is_the_typed_refusal ... ok
test (integration-1)	UNKNOWN STEP	2026-10-07T03:27:54.2691156Z test ask_and_count_answer_a_pattern_nested_past_the_dataset ... ok
test (integration-1)	UNKNOWN STEP	2026-10-07T03:27:54.2720906Z test inserting_a_triple_term_is_held_to_the_dataset_limit ... ok
test (integration-1)	UNKNOWN STEP	2026-10-07T03:27:57.2381114Z test a_term_built_on_a_worker_answers_every_row ... ok
test (integration-1)	UNKNOWN STEP	2026-10-07T03:27:57.6611053Z test triple_terms_nested_a_hundred_thousand_deep_answer_or_are_the_typed_refusal ... ok
test (integration-1)	UNKNOWN STEP	2026-10-07T03:27:58.0936221Z test triple_calls_chained_at_run_time_answer_the_whole_term ... ok
test (integration-1)	UNKNOWN STEP	2026-10-07T03:28:12.8768408Z test a_deep_term_walked_at_the_deepest_evaluation_fits_the_stack_left ... ok
test (integration-1)	UNKNOWN STEP	2026-10-07T03:28:23.2603209Z test a_term_built_at_run_time_answers_whole_or_is_refused_never_aborts ... ok
test (integration-1)	UNKNOWN STEP	2026-10-07T03:28:23.2603433Z 
test (integration-1)	UNKNOWN STEP	2026-10-07T03:28:23.2603641Z test result: ok. 11 passed; 0 failed; 0 ignored; 0 measured; 0 filtered out; finished in 29.38s
test (integration-1)	UNKNOWN STEP	2026-10-07T03:28:23.2603833Z 
test (integration-1)	UNKNOWN STEP	2026-10-07T03:28:23.2721663Z ^[[1m^[[92m     Running^[[0m tests/delta_view.rs (target/debug/build/purrdf-sparql-eval/fdbb385025f4546b/out/delta_view-fdbb385025f4546b)
test (integration-1)	UNKNOWN STEP	2026-10-07T03:28:23.2736461Z 
test (integration-1)	UNKNOWN STEP	2026-10-07T03:28:23.2736626Z running 1 test
test (integration-1)	UNKNOWN STEP	2026-10-07T03:28:23.2745645Z test prepared_joins_and_computed_terms_share_values_across_snapshot_layers ... ok
test (integration-1)	UNKNOWN STEP	2026-10-07T03:28:23.2745869Z 
test (integration-1)	UNKNOWN STEP	2026-10-07T03:28:23.2746227Z test result: ok. 1 passed; 0 failed; 0 ignored; 0 measured; 0 filtered out; finished in 0.00s
test (integration-1)	UNKNOWN STEP	2026-10-07T03:28:23.2746514Z 
test (integration-1)	UNKNOWN STEP	2026-10-07T03:28:23.2751172Z ^[[1m^[[92m     Running^[[0m tests/directional_literal_identity.rs (target/debug/build/purrdf-sparql-eval/feb93dd72cf90e6f/out/directional_literal_identity-feb93dd72cf90e6f)
test (integration-1)	UNKNOWN STEP	2026-10-07T03:28:23.2760972Z 
test (integration-1)	UNKNOWN STEP	2026-10-07T03:28:23.2761133Z running 1 test
test (integration-1)	UNKNOWN STEP	2026-10-07T03:28:23.2767505Z test directional_constants_datatype_and_substitutions_agree_with_the_store ... ok
test (integration-1)	UNKNOWN STEP	2026-10-07T03:28:23.2767831Z 
test (integration-1)	UNKNOWN STEP	2026-10-07T03:28:23.2768128Z test result: ok. 1 passed; 0 failed; 0 ignored; 0 measured; 0 filtered out; finished in 0.00s
test (integration-1)	UNKNOWN STEP	2026-10-07T03:28:23.2768447Z 
test (integration-1)	UNKNOWN STEP	2026-10-07T03:28:23.2770377Z ^[[1m^[[92m     Running^[[0m tests/blank_label_egress.rs (target/debug/build/purrdf-sparql-results/b84debaf202ecdcd/out/blank_label_egress-b84debaf202ecdcd)
test (integration-1)	UNKNOWN STEP	2026-10-07T03:28:23.2777438Z 
test (integration-1)	UNKNOWN STEP	2026-10-07T03:28:23.2777590Z running 5 tests
test (integration-1)	UNKNOWN STEP	2026-10-07T03:28:23.2780450Z test distinct_blank_nodes_stay_distinct_in_every_writer ... ok
test (integration-1)	UNKNOWN STEP	2026-10-07T03:28:23.2780891Z test construct_graph_writer_escapes_every_label ... ok
test (integration-1)	UNKNOWN STEP	2026-10-07T03:28:23.2781322Z test the_hostile_label_reaches_json_and_xml_escaped_not_raw ... ok
test (integration-1)	UNKNOWN STEP	2026-10-07T03:28:23.2781734Z test every_writer_emits_a_legal_blank_node_label ... ok
test (integration-1)	UNKNOWN STEP	2026-10-07T03:28:23.2782170Z test writers_are_byte_deterministic_for_escaped_labels ... ok
test (integration-1)	UNKNOWN STEP	2026-10-07T03:28:23.2782988Z ^[[1m^[[92m     Running^[[0m tests/bench.rs (target/debug/build/purrdf-testkit/a80b6a39891d85d6/out/bench-a80b6a39891d85d6)
test (integration-1)	UNKNOWN STEP	2026-10-07T03:28:23.2783348Z 
test (integration-1)	UNKNOWN STEP	2026-10-07T03:28:23.2783577Z test result: ok. 5 passed; 0 failed; 0 ignored; 0 measured; 0 filtered out; finished in 0.00s
test (integration-1)	UNKNOWN STEP	2026-10-07T03:28:23.2783798Z 
test (integration-1)	UNKNOWN STEP	2026-10-07T03:28:23.2788960Z 
test (integration-1)	UNKNOWN STEP	2026-10-07T03:28:23.2797654Z running 29 tests
test (integration-1)	UNKNOWN STEP	2026-10-07T03:28:23.2798099Z test type_seven_quantiles_interpolate_between_order_statistics ... ok
test (integration-1)	UNKNOWN STEP	2026-10-07T03:28:23.2798805Z test the_median_is_the_middle_value_or_the_mean_of_the_middle_two ... ok
test (integration-1)	UNKNOWN STEP	2026-10-07T03:28:23.2799521Z test the_mad_is_the_median_absolute_deviation_from_the_median ... ok
test (integration-1)	UNKNOWN STEP	2026-10-07T03:28:23.2800214Z test tukey_fences_classify_by_side_and_severity ... ok
test (integration-1)	UNKNOWN STEP	2026-10-07T03:28:23.2800744Z test a_bootstrap_of_identical_samples_is_a_point ... ok
test (integration-1)	UNKNOWN STEP	2026-10-07T03:28:23.2801306Z test verdicts_read_the_interval_against_the_noise_band ... ok
test (integration-1)	UNKNOWN STEP	2026-10-07T03:28:23.2801887Z test times_and_rates_print_with_four_significant_digits ... ok
test (integration-1)	UNKNOWN STEP	2026-10-07T03:28:23.2820424Z test the_mode_follows_bench_test_list_and_help ... ok
test (integration-1)	UNKNOWN STEP	2026-10-07T03:28:23.2820875Z test filters_exact_quick_and_noplot_parse ... ok
test (integration-1)	UNKNOWN STEP	2026-10-07T03:28:23.2821303Z test baseline_options_take_a_name_in_either_spelling ... ok
test (integration-1)	UNKNOWN STEP	2026-10-07T03:28:23.2821755Z test a_malformed_or_reserved_baseline_name_is_refused ... ok
test (integration-1)	UNKNOWN STEP	2026-10-07T03:28:23.2822163Z test saving_and_comparing_in_one_run_is_refused ... ok
test (integration-1)	UNKNOWN STEP	2026-10-07T03:28:23.2822534Z test an_unknown_option_is_refused_by_name ... ok
test (integration-1)	UNKNOWN STEP	2026-10-07T03:28:23.2822914Z test the_estimates_file_has_its_documented_text ... ok
test (integration-1)	UNKNOWN STEP	2026-10-07T03:28:23.2835280Z test the_estimates_file_round_trips_bit_for_bit ... ok
test (integration-1)	UNKNOWN STEP	2026-10-07T03:28:23.2835730Z test a_change_between_constant_samples_is_exact ... ok
test (integration-1)	UNKNOWN STEP	2026-10-07T03:28:23.2836176Z test a_malformed_estimates_file_is_refused_by_what_is_wrong ... ok
test (integration-1)	UNKNOWN STEP	2026-10-07T03:28:23.2836667Z test a_non_finite_estimate_is_refused_and_a_finite_one_written ... ok
test (integration-1)	UNKNOWN STEP	2026-10-07T03:28:23.2837111Z test id_components_become_single_path_components ... ok
test (integration-1)	UNKNOWN STEP	2026-10-07T03:28:23.2837532Z test list_mode_names_the_selected_benchmarks_and_runs_none ... ok
test (integration-1)	UNKNOWN STEP	2026-10-07T03:28:23.2837964Z test test_mode_runs_each_routine_exactly_once ... ok
test (integration-1)	UNKNOWN STEP	2026-10-07T03:28:23.2838557Z test a_bootstrap_of_two_values_spans_both ... ok
test (integration-1)	UNKNOWN STEP	2026-10-07T03:28:23.2839007Z test a_corrupt_record_fails_the_benchmark_rather_than_vanishing ... ok
test (integration-1)	UNKNOWN STEP	2026-10-07T03:28:23.2839518Z test a_failing_routine_fails_its_benchmark_and_the_rest_still_run ... ok
test (integration-1)	UNKNOWN STEP	2026-10-07T03:28:23.2840107Z test a_duplicate_id_is_refused_and_distinct_ids_are_not ... ok
test (integration-1)	UNKNOWN STEP	2026-10-07T03:28:23.2840551Z test a_sample_size_below_ten_is_refused_and_ten_is_not ... ok
test (integration-1)	UNKNOWN STEP	2026-10-07T03:28:23.2890466Z test a_seeded_bootstrap_is_reproducible ... ok
test (integration-1)	UNKNOWN STEP	2026-10-07T03:28:23.3450359Z test a_measured_run_reports_its_estimates ... ok
test (integration-1)	UNKNOWN STEP	2026-10-07T03:28:23.3752854Z test baselines_are_saved_and_compared ... ok
test (integration-1)	UNKNOWN STEP	2026-10-07T03:28:23.3753037Z 
test (integration-1)	UNKNOWN STEP	2026-10-07T03:28:23.3753252Z test result: ok. 29 passed; 0 failed; 0 ignored; 0 measured; 0 filtered out; finished in 0.10s
test (integration-1)	UNKNOWN STEP	2026-10-07T03:28:23.3753449Z 
test (integration-1)	UNKNOWN STEP	2026-10-07T03:28:23.3756117Z ^[[1m^[[92m     Running^[[0m tests/analysis.rs (target/debug/build/purrdf-text/ecd189980d253ac4/out/analysis-ecd189980d253ac4)
test (integration-1)	UNKNOWN STEP	2026-10-07T03:28:23.3766933Z 
test (integration-1)	UNKNOWN STEP	2026-10-07T03:28:23.3767029Z running 13 tests
test (integration-1)	UNKNOWN STEP	2026-10-07T03:28:23.3769874Z test an_empty_or_punctuation_only_input_yields_no_tokens ... ok
test (integration-1)	UNKNOWN STEP	2026-10-07T03:28:23.3770483Z test analyze_reuses_the_caller_buffer ... ok
test (integration-1)	UNKNOWN STEP	2026-10-07T03:28:23.3771047Z test compatibility_fold_matches_fullwidth_and_ligatures ... ok
test (integration-1)	UNKNOWN STEP	2026-10-07T03:28:23.3771603Z test full_case_fold_matches_sharp_s ... ok
test (integration-1)	UNKNOWN STEP	2026-10-07T03:28:23.3772331Z test nfkc_composed_and_decomposed_forms_fold_identically ... ok
test (integration-1)	UNKNOWN STEP	2026-10-07T03:28:23.3772755Z test greek_final_sigma_folds_with_medial_sigma ... ok
test (integration-1)	UNKNOWN STEP	2026-10-07T03:28:23.3772999Z test golden_token_vectors_pin_the_unicode_tables ... ok
test (integration-1)	UNKNOWN STEP	2026-10-07T03:28:23.3773229Z test positions_are_consecutive_and_zero_based ... ok
test (integration-1)	UNKNOWN STEP	2026-10-07T03:28:23.3774498Z test the_reported_unicode_versions_are_the_pinned_tables ... ok
test (integration-1)	UNKNOWN STEP	2026-10-07T03:28:23.3774970Z test the_scratch_form_agrees_and_borrows_every_token ... ok
test (integration-1)	UNKNOWN STEP	2026-10-07T03:28:23.3775422Z test uax29_word_boundaries_over_apostrophes_and_numerals ... ok
test (integration-1)	UNKNOWN STEP	2026-10-07T03:28:23.3775873Z test unchanged_text_is_borrowed_rather_than_copied ... ok
test (integration-1)	UNKNOWN STEP	2026-10-07T03:28:23.3776313Z test unspaced_script_fallback_emits_complete_graphemes ... ok
test (integration-1)	UNKNOWN STEP	2026-10-07T03:28:23.3776607Z 
test (integration-1)	UNKNOWN STEP	2026-10-07T03:28:23.3776999Z test result: ok. 13 passed; 0 failed; 0 ignored; 0 measured; 0 filtered out; finished in 0.00s
test (integration-1)	UNKNOWN STEP	2026-10-07T03:28:23.3777212Z 
test (integration-1)	UNKNOWN STEP	2026-10-07T03:28:23.3778498Z ^[[1m^[[92m     Running^[[0m tests/analysis_allocations.rs (target/debug/build/purrdf-text/756eab703af70e59/out/analysis_allocations-756eab703af70e59)
test (integration-1)	UNKNOWN STEP	2026-10-07T03:28:23.3787997Z 
test (integration-1)	UNKNOWN STEP	2026-10-07T03:28:23.3788140Z running 2 tests
test (integration-1)	UNKNOWN STEP	2026-10-07T03:28:23.3875375Z test repeated_emoji_metadata_grows_linearly ... ok
test (integration-1)	UNKNOWN STEP	2026-10-07T03:28:23.4022620Z test incomplete_tag_runs_and_lexical_cleanup_use_linear_storage ... ok
test (integration-1)	UNKNOWN STEP	2026-10-07T03:28:23.4022821Z 
test (integration-1)	UNKNOWN STEP	2026-10-07T03:28:23.4023016Z test result: ok. 2 passed; 0 failed; 0 ignored; 0 measured; 0 filtered out; finished in 0.02s
test (integration-1)	UNKNOWN STEP	2026-10-07T03:28:23.4023207Z 
test (integration-1)	UNKNOWN STEP	2026-10-07T03:28:23.4026378Z ^[[1m^[[92m     Running^[[0m tests/analysis_conformance.rs (target/debug/build/purrdf-text/07c1082e3c638ae4/out/analysis_conformance-07c1082e3c638ae4)
test (integration-1)	UNKNOWN STEP	2026-10-07T03:28:23.4036027Z 
test (integration-1)	UNKNOWN STEP	2026-10-07T03:28:23.4036121Z running 2 tests
test (integration-1)	UNKNOWN STEP	2026-10-07T03:28:23.4039574Z test ordered_laws_and_source_alignment ... ok
test (integration-1)	UNKNOWN STEP	2026-10-07T03:28:23.4315434Z test unicode17_grapheme_and_all_emoji ... ok
test (integration-1)	UNKNOWN STEP	2026-10-07T03:28:23.4315603Z 
test (integration-1)	UNKNOWN STEP	2026-10-07T03:28:23.4315821Z test result: ok. 2 passed; 0 failed; 0 ignored; 0 measured; 0 filtered out; finished in 0.03s
test (integration-1)	UNKNOWN STEP	2026-10-07T03:28:23.4316008Z 
test (integration-1)	UNKNOWN STEP	2026-10-07T03:28:23.4319073Z ^[[1m^[[92m     Running^[[0m tests/analysis_integration.rs (target/debug/build/purrdf-text/d81e797e957ba225/out/analysis_integration-d81e797e957ba225)
test (integration-1)	UNKNOWN STEP	2026-10-07T03:28:23.4328556Z 
test (integration-1)	UNKNOWN STEP	2026-10-07T03:28:23.4328650Z running 6 tests
test (integration-1)	UNKNOWN STEP	2026-10-07T03:28:23.4331660Z test fast_and_expanding_normalization_keep_original_utf8_contributors ... ok
test (integration-1)	UNKNOWN STEP	2026-10-07T03:28:23.4333457Z test refusals_never_call_a_sink_and_scratch_remains_reusable ... ok
test (integration-1)	UNKNOWN STEP	2026-10-07T03:28:23.4350770Z test removed_controls_do_not_destroy_meaningful_orthographic_joiners ... ok
test (integration-1)	UNKNOWN STEP	2026-10-07T03:28:23.4351683Z test html_streaming_agrees_after_decode_cleanup_and_joining ... ok
test (integration-1)	UNKNOWN STEP	2026-10-07T03:28:23.4557343Z test long_control_runs_preserve_joining_context_without_rescanning ... ok
test (integration-1)	UNKNOWN STEP	2026-10-07T03:28:23.4748638Z test every_lexical_entry_point_agrees_across_reused_scratch ... ok
test (integration-1)	UNKNOWN STEP	2026-10-07T03:28:23.4748892Z 
test (integration-1)	UNKNOWN STEP	2026-10-07T03:28:23.4749215Z test result: ok. 6 passed; 0 failed; 0 ignored; 0 measured; 0 filtered out; finished in 0.04s
test (integration-1)	UNKNOWN STEP	2026-10-07T03:28:23.4749516Z 
test (integration-1)	UNKNOWN STEP	2026-10-07T03:28:23.4753565Z ^[[1m^[[92m     Running^[[0m tests/bm25f.rs (target/debug/build/purrdf-text/23d30d4b5998a3fd/out/bm25f-23d30d4b5998a3fd)
test (integration-1)	UNKNOWN STEP	2026-10-07T03:28:23.4763968Z 
test (integration-1)	UNKNOWN STEP	2026-10-07T03:28:23.4764057Z running 8 tests
test (integration-1)	UNKNOWN STEP	2026-10-07T03:28:23.4767425Z test canonical_ranking_identity_binds_the_index_corpus_construction_law ... ok
test (integration-1)	UNKNOWN STEP	2026-10-07T03:28:23.4769889Z test invalid_inputs_fail_before_zero_contribution_shortcuts ... ok
test (integration-1)	UNKNOWN STEP	2026-10-07T03:28:23.4770483Z test score_bound_is_exact_and_width_is_derived ... ok
test (integration-1)	UNKNOWN STEP	2026-10-07T03:28:23.4770966Z test profiles_refuse_bad_fields_and_incomplete_or_ambiguous_mapping ... ok
test (integration-1)	UNKNOWN STEP	2026-10-07T03:28:23.4771403Z test the_ranking_profile_fingerprint_is_frozen ... ok
test (integration-1)	UNKNOWN STEP	2026-10-07T03:28:23.4771824Z test zero_weight_matching_rows_keep_the_canonical_tie_order ... ok
test (integration-1)	UNKNOWN STEP	2026-10-07T03:28:23.4772686Z test reweight_and_remap_reuse_predicate_facts_but_change_ranking_identity ... ok
test (integration-1)	UNKNOWN STEP	2026-10-07T03:28:23.4779918Z test independent_integer_reference_corpus_matches_every_raw_unit ... ok
test (integration-1)	UNKNOWN STEP	2026-10-07T03:28:23.4780276Z 
test (integration-1)	UNKNOWN STEP	2026-10-07T03:28:23.4780576Z test result: ok. 8 passed; 0 failed; 0 ignored; 0 measured; 0 filtered out; finished in 0.00s
test (integration-1)	UNKNOWN STEP	2026-10-07T03:28:23.4780856Z 
test (integration-1)	UNKNOWN STEP	2026-10-07T03:28:23.4783104Z ^[[1m^[[92m     Running^[[0m tests/ceiling_pushdown.rs (target/debug/build/purrdf-text/ee33bf8f4ef65a0c/out/ceiling_pushdown-ee33bf8f4ef65a0c)
test (integration-1)	UNKNOWN STEP	2026-10-07T03:28:23.4793810Z 
test (integration-1)	UNKNOWN STEP	2026-10-07T03:28:23.4793908Z running 5 tests
test (integration-1)	UNKNOWN STEP	2026-10-07T03:28:23.4803979Z test a_repeated_variable_withholds_the_ceiling ... ok
test (integration-1)	UNKNOWN STEP	2026-10-07T03:28:23.4804370Z test a_bare_limit_offers_a_ceiling ... ok
test (integration-1)	UNKNOWN STEP	2026-10-07T03:28:23.4804740Z test a_ceiling_shrinks_across_invocations ... ok
test (integration-1)	UNKNOWN STEP	2026-10-07T03:28:23.4807466Z test order_by_limit_offers_no_ceiling ... ok
test (integration-1)	UNKNOWN STEP	2026-10-07T03:28:23.4813341Z test limit_k_equals_the_prefix_of_the_unlimited_answer ... ok
test (integration-1)	UNKNOWN STEP	2026-10-07T03:28:23.4813608Z 
test (integration-1)	UNKNOWN STEP	2026-10-07T03:28:23.4813931Z test result: ok. 5 passed; 0 failed; 0 ignored; 0 measured; 0 filtered out; finished in 0.00s
test (integration-1)	UNKNOWN STEP	2026-10-07T03:28:23.4814147Z 
test (integration-1)	UNKNOWN STEP	2026-10-07T03:28:23.4817223Z ^[[1m^[[92m     Running^[[0m tests/character.rs (target/debug/build/purrdf-text/fbb928818ed06c7e/out/character-fbb928818ed06c7e)
test (integration-1)	UNKNOWN STEP	2026-10-07T03:28:23.4825748Z 
test (integration-1)	UNKNOWN STEP	2026-10-07T03:28:23.4825832Z running 9 tests
test (integration-1)	UNKNOWN STEP	2026-10-07T03:28:23.4830348Z test auxiliary_only_documents_remain_addressable_without_changing_lexical_scores ... ok
test (integration-1)	UNKNOWN STEP	2026-10-07T03:28:23.4831028Z test auxiliary_only_graph_and_language_partitions_allow_ranked_declaration ... ok
test (integration-1)	UNKNOWN STEP	2026-10-07T03:28:23.4831706Z test evidence_generation_distinguishes_original_forms_with_identical_character_keys ... ok
test (integration-1)	UNKNOWN STEP	2026-10-07T03:28:23.4832394Z test character_recall_is_independent_of_dictionary_boundaries_and_lexical_statistics ... ok
test (integration-1)	UNKNOWN STEP	2026-10-07T03:28:23.4834110Z test html_references_keep_original_contributors_in_character_evidence ... ok
test (integration-1)	UNKNOWN STEP	2026-10-07T03:28:23.4834852Z test prepend_scalars_do_not_hide_han_bases ... ok
test (integration-1)	UNKNOWN STEP	2026-10-07T03:28:23.4835713Z test supplementary_han_and_controls_have_exact_contributors_and_whole_cluster_highlight ... ok
test (integration-1)	UNKNOWN STEP	2026-10-07T03:28:23.4836566Z test repeated_grams_and_boundaries_preserve_counts_without_crossing_literals ... ok
test (integration-1)	UNKNOWN STEP	2026-10-07T03:28:23.4839121Z test long_han_runs_have_bounded_keys_without_losing_later_characters ... ok
test (integration-1)	UNKNOWN STEP	2026-10-07T03:28:23.4839354Z 
test (integration-1)	UNKNOWN STEP	2026-10-07T03:28:23.4839647Z test result: ok. 9 passed; 0 failed; 0 ignored; 0 measured; 0 filtered out; finished in 0.00s
test (integration-1)	UNKNOWN STEP	2026-10-07T03:28:23.4839884Z 
test (integration-1)	UNKNOWN STEP	2026-10-07T03:28:23.4842374Z ^[[1m^[[92m     Running^[[0m tests/chinese_retrieval.rs (target/debug/build/purrdf-text/4e3cc9a731eba8c8/out/chinese_retrieval-4e3cc9a731eba8c8)
test (integration-1)	UNKNOWN STEP	2026-10-07T03:28:23.4853435Z 
test (integration-1)	UNKNOWN STEP	2026-10-07T03:28:23.4853524Z running 7 tests
test (integration-1)	UNKNOWN STEP	2026-10-07T03:28:23.4867428Z test chinese_phrase_adjacency_is_a_real_sparql_occurrence_join ... ok
test (integration-1)	UNKNOWN STEP	2026-10-07T03:28:23.4868283Z test dictionary_and_rdf_insertion_order_preserve_ranked_answers_and_identities ... ok
test (integration-1)	UNKNOWN STEP	2026-10-07T03:28:23.4877813Z test mixed_identifiers_and_declared_english_stemming_keep_script_boundaries ... ok
test (integration-1)	UNKNOWN STEP	2026-10-07T03:28:23.4878307Z test lexical_costs_resolve_real_chinese_word_ambiguity ... ok
test (integration-1)	UNKNOWN STEP	2026-10-07T03:28:23.4878818Z test ranked_chinese_technical_queries_meet_explicit_precision_and_recall ... ok
test (integration-1)	UNKNOWN STEP	2026-10-07T03:28:23.4879144Z test rdf12_annotation_identity_survives_search_normalization ... ok
test (integration-1)	UNKNOWN STEP	2026-10-07T03:28:23.4880863Z test supplementary_han_and_unknown_units_remain_searchable ... ok
test (integration-1)	UNKNOWN STEP	2026-10-07T03:28:23.4881094Z 
test (integration-1)	UNKNOWN STEP	2026-10-07T03:28:23.4881300Z test result: ok. 7 passed; 0 failed; 0 ignored; 0 measured; 0 filtered out; finished in 0.00s
test (integration-1)	UNKNOWN STEP	2026-10-07T03:28:23.4881497Z 
test (integration-1)	UNKNOWN STEP	2026-10-07T03:28:23.4885600Z ^[[1m^[[92m     Running^[[0m tests/cleanup.rs (target/debug/build/purrdf-text/371977d7f7cb9646/out/cleanup-371977d7f7cb9646)
test (integration-1)	UNKNOWN STEP	2026-10-07T03:28:23.4894365Z 
test (integration-1)	UNKNOWN STEP	2026-10-07T03:28:23.4894465Z running 7 tests
test (integration-1)	UNKNOWN STEP	2026-10-07T03:28:23.4899613Z test joins_require_complete_elements_in_the_admitted_grapheme ... ok
test (integration-1)	UNKNOWN STEP	2026-10-07T03:28:23.4900859Z test pictographic_boundary_reservations_do_not_protect_controls ... ok
test (integration-1)	UNKNOWN STEP	2026-10-07T03:28:23.4901479Z test emoji_controls_require_complete_elements_in_every_projection ... ok
test (integration-1)	UNKNOWN STEP	2026-10-07T03:28:23.4902058Z test removed_and_lexical_controls_have_distinct_source_evidence ... ok
test (integration-1)	UNKNOWN STEP	2026-10-07T03:28:23.4902632Z test index_queries_and_substring_evidence_share_corrected_cleanup ... ok
test (integration-1)	UNKNOWN STEP	2026-10-07T03:28:23.4903186Z test reusable_streaming_storage_obeys_the_same_control_law ... ok
test (integration-1)	UNKNOWN STEP	2026-10-07T03:28:23.4910463Z test every_standardized_emoji_presentation_keeps_its_control ... ok
test (integration-1)	UNKNOWN STEP	2026-10-07T03:28:23.4910628Z 
test (integration-1)	UNKNOWN STEP	2026-10-07T03:28:23.4910852Z test result: ok. 7 passed; 0 failed; 0 ignored; 0 measured; 0 filtered out; finished in 0.00s
test (integration-1)	UNKNOWN STEP	2026-10-07T03:28:23.4911058Z 
test (integration-1)	UNKNOWN STEP	2026-10-07T03:28:23.4913244Z ^[[1m^[[92m     Running^[[0m tests/determinism.rs (target/debug/build/purrdf-text/3bce41fe946bcd12/out/determinism-3bce41fe946bcd12)
test (integration-1)	UNKNOWN STEP	2026-10-07T03:28:23.4924147Z 
test (integration-1)	UNKNOWN STEP	2026-10-07T03:28:23.4924246Z running 7 tests
test (integration-1)	UNKNOWN STEP	2026-10-07T03:28:23.4934235Z test golden_scores_are_exact_decimals ... ok
test (integration-1)	UNKNOWN STEP	2026-10-07T03:28:23.4939881Z test byte_identical_json_across_two_independently_built_datasets ... ok
test (integration-1)	UNKNOWN STEP	2026-10-07T03:28:23.4940506Z test blank_node_labels_are_the_documented_limit ... ok
test (integration-1)	UNKNOWN STEP	2026-10-07T03:28:23.4940837Z test the_float_scan_refuses_floats_and_admits_their_neighbours ... ok
test (integration-1)	UNKNOWN STEP	2026-10-07T03:28:23.4941183Z test the_source_walk_descends_into_subdirectories ... ok
test (integration-1)	UNKNOWN STEP	2026-10-07T03:28:23.4941482Z test byte_identical_json_across_repeated_runs ... ok
test (integration-1)	UNKNOWN STEP	2026-10-07T03:28:23.4976597Z test no_source_file_mentions_a_float_width ... ok
test (integration-1)	UNKNOWN STEP	2026-10-07T03:28:23.4976814Z 
test (integration-1)	UNKNOWN STEP	2026-10-07T03:28:23.4977138Z test result: ok. 7 passed; 0 failed; 0 ignored; 0 measured; 0 filtered out; finished in 0.01s
test (integration-1)	UNKNOWN STEP	2026-10-07T03:28:23.4977434Z 
test (integration-1)	UNKNOWN STEP	2026-10-07T03:28:23.4980999Z ^[[1m^[[92m     Running^[[0m tests/dl_consistency_search_budget.rs (target/debug/build/purrdf-validate/7f2782c54d11a9e3/out/dl_consistency_search_budget-7f2782c54d11a9e3)
test (integration-1)	UNKNOWN STEP	2026-10-07T03:28:23.4988536Z 
test (integration-1)	UNKNOWN STEP	2026-10-07T03:28:23.4988678Z running 1 test
test (integration-1)	UNKNOWN STEP	2026-10-07T03:28:23.4995844Z test an_ordinary_ontology_decides_far_inside_its_step_budget ... ok
test (integration-1)	UNKNOWN STEP	2026-10-07T03:28:23.4996130Z 
test (integration-1)	UNKNOWN STEP	2026-10-07T03:28:23.4996458Z test result: ok. 1 passed; 0 failed; 0 ignored; 0 measured; 0 filtered out; finished in 0.00s
test (integration-1)	UNKNOWN STEP	2026-10-07T03:28:23.4996752Z 
test (integration-1)	UNKNOWN STEP	2026-10-07T03:28:23.4998441Z ^[[1m^[[92m     Running^[[0m tests/dl_nominal_witnesses.rs (target/debug/build/purrdf-validate/d4dd01e5814ee6b9/out/dl_nominal_witnesses-d4dd01e5814ee6b9)
test (integration-1)	UNKNOWN STEP	2026-10-07T03:28:23.5006686Z 
test (integration-1)	UNKNOWN STEP	2026-10-07T03:28:23.5006801Z running 2 tests
test (integration-1)	UNKNOWN STEP	2026-10-07T03:28:23.5054714Z test every_absorbed_witness_shape_decides_consistent ... ok
test (integration-1)	UNKNOWN STEP	2026-10-07T03:28:24.3794742Z test every_other_witness_order_loses_one_of_these ... ok
test (integration-1)	UNKNOWN STEP	2026-10-07T03:28:24.3795347Z 
test (integration-1)	UNKNOWN STEP	2026-10-07T03:28:24.3795553Z test result: ok. 2 passed; 0 failed; 0 ignored; 0 measured; 0 filtered out; finished in 0.88s
test (integration-1)	UNKNOWN STEP	2026-10-07T03:28:24.3795750Z 
test (integration-1)	UNKNOWN STEP	2026-10-07T03:28:24.3798066Z ^[[1m^[[92m     Running^[[0m tests/dl_step_ledger.rs (target/debug/build/purrdf-validate/cf7a5bda59af2fdb/out/dl_step_ledger-cf7a5bda59af2fdb)
test (integration-1)	UNKNOWN STEP	2026-10-07T03:28:24.3809117Z 
test (integration-1)	UNKNOWN STEP	2026-10-07T03:28:24.3809278Z running 4 tests
test (integration-1)	UNKNOWN STEP	2026-10-07T03:28:24.3830938Z test the_cardinality_only_control_is_a_distinct_ontology_from_the_both_moved_variant ... ok
test (integration-1)	UNKNOWN STEP	2026-10-07T03:28:24.3835153Z test every_ledgered_search_costs_exactly_what_it_is_pinned_to ... ok
test (integration-1)	UNKNOWN STEP	2026-10-07T03:28:24.3837174Z test every_decided_ledgered_search_stays_far_inside_its_budget ... ok
test (integration-1)	UNKNOWN STEP	2026-10-07T03:28:24.3855281Z test every_ledgered_search_renders_identically_twice ... ok
test (integration-1)	UNKNOWN STEP	2026-10-07T03:28:24.3855526Z 
test (integration-1)	UNKNOWN STEP	2026-10-07T03:28:24.3855836Z test result: ok. 4 passed; 0 failed; 0 ignored; 0 measured; 0 filtered out; finished in 0.00s
test (integration-1)	UNKNOWN STEP	2026-10-07T03:28:24.3856151Z 
test (integration-1)	UNKNOWN STEP	2026-10-07T03:28:24.3858903Z ^[[1m^[[92m     Running^[[0m tests/dl_work_budget.rs (target/debug/build/purrdf-validate/7e095c3d2a70aeb0/out/dl_work_budget-7e095c3d2a70aeb0)
test (integration-1)	UNKNOWN STEP	2026-10-07T03:28:24.3867663Z 
test (integration-1)	UNKNOWN STEP	2026-10-07T03:28:24.3884222Z running 4 tests
test (integration-1)	UNKNOWN STEP	2026-10-07T03:28:24.3884595Z test two_co_typed_copies_decide_inside_both_budgets ... ok
test (integration-1)	UNKNOWN STEP	2026-10-07T03:28:24.5743203Z test ten_co_typed_copies_answer_unknown_at_a_narrowed_work_cap ... ok
test (integration-1)	UNKNOWN STEP	2026-10-07T03:28:24.8120538Z test the_exhausted_answer_is_identical_twice ... ok
test (integration-1)	UNKNOWN STEP	2026-10-07T03:28:25.0831957Z test ten_co_typed_copies_decide_inside_the_derived_work_cap ... ok
test (integration-1)	UNKNOWN STEP	2026-10-07T03:28:25.0832249Z 
test (integration-1)	UNKNOWN STEP	2026-10-07T03:28:25.0832559Z test result: ok. 4 passed; 0 failed; 0 ignored; 0 measured; 0 filtered out; finished in 0.70s
test (integration-1)	UNKNOWN STEP	2026-10-07T03:28:25.0832858Z 
test (integration-1)	UNKNOWN STEP	2026-10-07T03:28:25.0988703Z ^[[1m^[[92m     Running^[[0m tests/data_range.rs (target/debug/build/purrdf-xsd/d63b335cb9687875/out/data_range-d63b335cb9687875)
test (integration-1)	UNKNOWN STEP	2026-10-07T03:28:25.0998486Z 
test (integration-1)	UNKNOWN STEP	2026-10-07T03:28:25.0998573Z running 30 tests
test (integration-1)	UNKNOWN STEP	2026-10-07T03:28:25.1001878Z test a_bound_facet_excludes_the_nan_of_its_space ... ok
test (integration-1)	UNKNOWN STEP	2026-10-07T03:28:25.1002335Z test a_datatype_and_its_complement_are_empty ... ok
test (integration-1)	UNKNOWN STEP	2026-10-07T03:28:25.1002677Z test a_bound_outside_a_subtypes_own_range_is_empty ... ok
test (integration-1)	UNKNOWN STEP	2026-10-07T03:28:25.1002943Z test a_facet_on_the_boolean_space_is_not_decided ... ok
test (integration-1)	UNKNOWN STEP	2026-10-07T03:28:25.1003591Z test a_length_zero_space_holds_exactly_one_value ... ok
test (integration-1)	UNKNOWN STEP	2026-10-07T03:28:25.1004050Z test a_timezone_shifted_temporal_literal_is_the_same_value ... ok
test (integration-1)	UNKNOWN STEP	2026-10-07T03:28:25.1004558Z test a_lower_bound_above_the_upper_bound_is_empty_in_every_numeric_space ... ok
test (integration-1)	UNKNOWN STEP	2026-10-07T03:28:25.1005099Z test a_temporal_enumeration_and_its_complement_are_decided_exactly ... ok
test (integration-1)	UNKNOWN STEP	2026-10-07T03:28:25.1005559Z test adjacent_float_values_leave_no_room_between_them ... ok
test (integration-1)	UNKNOWN STEP	2026-10-07T03:28:25.1006005Z test an_enumerated_float_zero_is_exhibited_rather_than_exact ... ok
test (integration-1)	UNKNOWN STEP	2026-10-07T03:28:25.1006416Z test an_enumeration_counts_distinct_values ... ok
test (integration-1)	UNKNOWN STEP	2026-10-07T03:28:25.1006875Z test an_exclusive_temporal_bound_meeting_its_inclusive_twin_is_empty ... ok
test (integration-1)	UNKNOWN STEP	2026-10-07T03:28:25.1007366Z test an_opaque_range_is_undecided_but_cannot_defeat_a_witness ... ok
test (integration-1)	UNKNOWN STEP	2026-10-07T03:28:25.1007818Z test binary_length_counts_octets_not_lexical_characters ... ok
test (integration-1)	UNKNOWN STEP	2026-10-07T03:28:25.1008359Z test contradictory_date_bounds_are_empty_and_satisfiable_ones_are_witnessed ... ok
test (integration-1)	UNKNOWN STEP	2026-10-07T03:28:25.1008854Z test contradictory_length_facets_are_empty ... ok
test (integration-1)	UNKNOWN STEP	2026-10-07T03:28:25.1021227Z test derived_integer_datatypes_carry_their_own_value_space ... ok
test (integration-1)	UNKNOWN STEP	2026-10-07T03:28:25.1021763Z test disjoint_value_spaces_intersect_to_nothing ... ok
test (integration-1)	UNKNOWN STEP	2026-10-07T03:28:25.1022229Z test an_inapplicable_facet_is_not_silently_ignored ... ok
test (integration-1)	UNKNOWN STEP	2026-10-07T03:28:25.1022843Z test removing_one_value_from_a_populous_length_leaves_the_rest ... ok
test (integration-1)	UNKNOWN STEP	2026-10-07T03:28:25.1023247Z test the_boolean_space_is_exhaustible ... ok
test (integration-1)	UNKNOWN STEP	2026-10-07T03:28:25.1023712Z test ranges_over_the_non_temporal_spaces_with_applicable_facets_are_exact ... ok
test (integration-1)	UNKNOWN STEP	2026-10-07T03:28:25.1024728Z test the_complement_of_one_datatype_is_witnessed_by_another ... ok
test (integration-1)	UNKNOWN STEP	2026-10-07T03:28:25.1025540Z test the_complement_of_the_whole_domain_is_empty ... ok
test (integration-1)	UNKNOWN STEP	2026-10-07T03:28:25.1025997Z test the_integers_are_discrete_and_the_decimals_are_dense ... ok
test (integration-1)	UNKNOWN STEP	2026-10-07T03:28:25.1026358Z test the_non_integral_decimals_are_inhabited_and_a_pinned_integer_is_not ... ok
test (integration-1)	UNKNOWN STEP	2026-10-07T03:28:25.1026731Z test value_space_identity_differs_from_sparql_equality_in_exactly_two_places ... ok
test (integration-1)	UNKNOWN STEP	2026-10-07T03:28:25.1027054Z test the_duration_subtypes_are_inhabited_but_not_exact ... ok
test (integration-1)	UNKNOWN STEP	2026-10-07T03:28:25.1027317Z test the_integers_are_a_subset_of_the_decimals ... ok
test (integration-1)	UNKNOWN STEP	2026-10-07T03:28:25.1217873Z test prop::emptiness_and_membership_never_contradict ... ok
test (integration-1)	UNKNOWN STEP	2026-10-07T03:28:25.1218105Z 
test (integration-1)	UNKNOWN STEP	2026-10-07T03:28:25.1218412Z test result: ok. 30 passed; 0 failed; 0 ignored; 0 measured; 0 filtered out; finished in 0.02s
test (integration-1)	UNKNOWN STEP	2026-10-07T03:28:25.1218728Z 
test (integration-1)	UNKNOWN STEP	2026-10-07T03:28:25.1335640Z Post job cleanup.
test (integration-1)	UNKNOWN STEP	2026-10-07T03:28:25.2210601Z Post job cleanup.
test (integration-1)	UNKNOWN STEP	2026-10-07T03:28:25.4010602Z (node:10145) [DEP0040] DeprecationWarning: The `punycode` module is deprecated. Please use a userland alternative instead.
test (integration-1)	UNKNOWN STEP	2026-10-07T03:28:25.4011365Z (Use `node --trace-deprecation ...` to show where the warning was created)
test (integration-1)	UNKNOWN STEP	2026-10-07T03:28:25.4169705Z Post job cleanup.
test (integration-1)	UNKNOWN STEP	2026-10-07T03:28:25.4714684Z [command]/usr/bin/git version
test (integration-1)	UNKNOWN STEP	2026-10-07T03:28:25.4743145Z git version 2.55.0
test (integration-1)	UNKNOWN STEP	2026-10-07T03:28:25.4763612Z Temporarily overriding HOME='/home/runner/work/_temp/8e67dd2b-7277-44d1-a838-57e60234ae49' before making global git config changes
test (integration-1)	UNKNOWN STEP	2026-10-07T03:28:25.4764131Z Adding repository directory to the temporary git global config as a safe directory
test (integration-1)	UNKNOWN STEP	2026-10-07T03:28:25.4766583Z [command]/usr/bin/git config --global --add safe.directory /home/runner/work/purrdf/purrdf
test (integration-1)	UNKNOWN STEP	2026-10-07T03:28:25.4791314Z Removing SSH command configuration
test (integration-1)	UNKNOWN STEP	2026-10-07T03:28:25.4795241Z [command]/usr/bin/git config --local --name-only --get-regexp core\.sshCommand
test (integration-1)	UNKNOWN STEP	2026-10-07T03:28:25.4822251Z [command]/usr/bin/git submodule foreach --recursive sh -c "git config --local --name-only --get-regexp 'core\.sshCommand' && git config --local --unset-all 'core.sshCommand' || :"
test (integration-1)	UNKNOWN STEP	2026-10-07T03:28:25.5000300Z Removing HTTP extra header
test (integration-1)	UNKNOWN STEP	2026-10-07T03:28:25.5003852Z [command]/usr/bin/git config --local --name-only --get-regexp http\.https\:\/\/github\.com\/\.extraheader
test (integration-1)	UNKNOWN STEP	2026-10-07T03:28:25.5028577Z [command]/usr/bin/git submodule foreach --recursive sh -c "git config --local --name-only --get-regexp 'http\.https\:\/\/github\.com\/\.extraheader' && git config --local --unset-all 'http.https://github.com/.extraheader' || :"
test (integration-1)	UNKNOWN STEP	2026-10-07T03:28:25.5202380Z Removing includeIf entries pointing to credentials config files
test (integration-1)	UNKNOWN STEP	2026-10-07T03:28:25.5206907Z [command]/usr/bin/git config --local --name-only --get-regexp ^includeIf\.gitdir:
test (integration-1)	UNKNOWN STEP	2026-10-07T03:28:25.5229466Z [command]/usr/bin/git submodule foreach --recursive git config --local --show-origin --name-only --get-regexp remote.origin.url
test (integration-1)	UNKNOWN STEP	2026-10-07T03:28:25.5519587Z Cleaning up orphan processes
